scenario_id,total_input_mean,total_output_mean,fee_ratio_mean,fee_ratio_std,amount_decay_slope,output_amount_gini,denomination_entropy,round_number_ratio,io_amount_similarity,num_txns,mean_num_inputs,mean_num_outputs,io_count_ratio,unique_input_addrs,unique_output_addrs,fanout_ratio,fanin_ratio,address_reuse_ratio,change_output_ratio,script_type_entropy,time_span_hours,inter_tx_delta_mean,inter_tx_delta_std,inter_tx_delta_min,burstiness_B,hour_of_day_entropy,prop_delta_mean,prop_delta_std,prop_delta_cv,suspicious_infra_ratio,unique_asn_count,asn_concentration,unique_country_count,country_concentration,unique_ip_count,ip_to_addr_ratio,alt_port_ratio,unique_user_agents,script_type_mode,max_chain_length,graph_density,avg_clustering,max_in_degree,max_out_degree,degree_assortativity,edge_to_node_ratio
layering_01503,0.31814314765624996,0.31789924265624997,0.10129786857961415,0.22579557360148056,0.006271710246565936,0.8343439740345908,4.056763166619992,0.02054794520547945,0.8987021314203858,64,2.015625,2.28125,0.8835616438356164,129,146,2.28125,2.015625,0.863013698630137,0.046875,1.5065514116864056,34.808773593333335,1989.0727767727778,1500.0972853076028,11.865442691,-0.14014091682697422,4.2906235872142355,289.453125,129.51238583748452,0.44743820208361723,0.390625,14,0.15625,12,0.125,64,0.49612403100775193,0.03125,5,0,11,0.006089999114181947,0.6385000532651542,1,1,-0.5132672019590628,1.2910798122065728
layering_01505,0.16661593241935488,0.1664119648387097,0.1584498687272714,0.3034947904333209,0.0008415988824255243,0.8397477577893087,3.9928553113279555,0.007575757575757576,0.8415501312727285,62,1.9516129032258065,2.129032258064516,0.9166666666666667,121,132,2.129032258064516,1.9516129032258065,0.8939393939393939,0.024193548387096774,1.5073422183288803,42.65572230916667,2517.3868903830817,2597.8133634125106,0.503200431,0.01572303507956521,4.179113851514291,260.69354838709677,129.21244277363695,0.49564879366240744,0.4838709677419355,14,0.16129032258064516,12,0.14516129032258066,62,0.512396694214876,0.14516129032258066,5,0,12,0.006552367139749301,0.6126984126984125,1,1,-0.4789074817809204,1.284263959390863
layering_01508,1.454105987317073,1.453831683414634,0.09173383787690834,0.21494029272307938,-0.04818424035888502,0.815197277377405,4.059507585852149,0.02040816326530612,0.9082661621230917,41,2.097560975609756,2.3902439024390243,0.8775510204081634,86,98,2.3902439024390243,2.097560975609756,0.8367346938775511,0.012195121951219513,1.8563599309139063,22.63677853388889,2037.3100680736748,1680.2220968888842,50.594745387,-0.09605511273051406,4.104281809826933,312.8292682926829,135.88412387748326,0.4343715171508509,0.5365853658536586,13,0.14634146341463414,11,0.17073170731707318,41,0.47674418604651164,0.24390243902439024,5,2,14,0.009061361174037231,0.6403283535636477,1,1,-0.5538853364586671,1.2867132867132867
layering_01509,0.448357932,0.44814400266666676,0.1100155688309364,0.2616194092267042,-0.00949534019487909,0.7605441746755164,3.8391736115286346,0.006097560975609756,0.8899844311690637,75,1.9333333333333333,2.1866666666666665,0.8841463414634146,145,164,2.1866666666666665,1.9333333333333333,0.8719512195121951,0.05333333333333334,1.718369613253703,55.10592649388889,2680.8288564687027,1967.8555422334985,93.508628188,-0.1533709869472423,4.356770317210591,276.85333333333335,128.75303127718223,0.4650586277108778,0.4266666666666667,13,0.14666666666666667,12,0.16,75,0.5172413793103449,0.21333333333333335,5,0,21,0.005342323651452282,0.6202333142092182,1,1,-0.4977672610804354,1.2821576763485478
layering_01510,1.1268636059183674,1.1266612938775509,0.055156800872728194,0.19653650017328922,0.02494064964081633,0.7294396683784248,3.665780656054971,0.009615384615384616,0.9448431991272718,49,2.061224489795918,2.122448979591837,0.971153846153846,101,104,2.122448979591837,2.061224489795918,0.9326923076923077,0.10204081632653061,1.8229694642816012,36.95330725666667,2771.49804425625,2620.250109770438,5.986798434,-0.02805174317588562,4.015960937401319,277.6326530612245,135.24186572544005,0.4871252146829287,0.5510204081632653,13,0.14285714285714285,12,0.20408163265306123,49,0.48514851485148514,0.24489795918367346,5,0,25,0.008370080026130981,0.6625440917107581,1,1,-0.5002984446982481,1.305732484076433
layering_01514,0.25184279090909095,0.25157555666666664,0.12008252552315368,0.2619199210652928,0.0027647054344919785,0.718666425630007,3.6641598635170443,0.0,0.8799174744768463,33,2.0303030303030303,2.212121212121212,0.9178082191780823,67,73,2.212121212121212,2.0303030303030303,0.863013698630137,0.09090909090909091,1.491114850049415,17.146492633333335,1928.9804212589688,2243.0717546782157,13.421002181,0.07528461298514115,3.740771391801846,271.27272727272725,120.51588918252457,0.44426098559241634,0.5151515151515151,12,0.18181818181818182,11,0.18181818181818182,33,0.4925373134328358,0.0,5,0,10,0.011676396997497914,0.630849309420738,1,1,-0.5190053132029314,1.2727272727272727
layering_01517,0.18457255471428574,0.18435493642857145,0.12021035421045309,0.27561006332326465,-0.0009384467204968947,0.7625773784113967,3.8829601154070357,0.018633540372670808,0.879789645789547,70,1.9142857142857144,2.3,0.8322981366459629,134,161,2.3,1.9142857142857144,0.8074534161490683,0.02857142857142857,1.778166732978,56.815253374166666,2964.274089091348,2360.8205979169225,102.938924607,-0.11332258422496821,4.443379181648273,300.25714285714287,113.36150788508105,0.3775480803100045,0.4714285714285714,14,0.15714285714285714,12,0.12857142857142856,70,0.5223880597014925,0.15714285714285714,5,0,10,0.005364611747590471,0.6300336700336704,1,1,-0.5030400292461996,1.2553191489361701
layering_01519,0.32446132870967737,0.32421045806451615,0.12634031560477665,0.26570144716018357,-0.003145580439516128,0.7990479916922936,3.9602564403044833,0.0,0.8736596843952233,31,1.967741935483871,2.2903225806451615,0.8591549295774648,61,71,2.2903225806451615,1.967741935483871,0.8169014084507042,0.03225806451612903,1.6968904478291351,20.392212970277775,2447.0655564550993,1559.1657624185414,13.257509429,-0.2216296871959437,4.10694913273074,262.7741935483871,132.43406149915242,0.5039842752852597,0.4838709677419355,12,0.16129032258064516,10,0.1935483870967742,31,0.5081967213114754,0.06451612903225806,5,0,12,0.012087912087912088,0.6255362505362505,1,1,-0.5050482055485642,1.2571428571428571
layering_01522,0.33242319189655173,0.3322197541379311,0.1589441529438631,0.3127510629811856,0.003281597275831308,0.8062991392713243,3.8966040328598646,0.007575757575757576,0.8410558470561369,58,1.9482758620689655,2.2758620689655173,0.8560606060606061,113,132,2.2758620689655173,1.9482758620689655,0.8409090909090909,0.04310344827586207,1.7230634301823786,43.266182074444444,2732.6009731249474,2819.665823805521,2.313473493,0.015680955880705682,4.414039512992009,286.05172413793105,116.0622069158095,0.40573853300686824,0.4482758620689655,14,0.1206896551724138,12,0.13793103448275862,58,0.5132743362831859,0.15517241379310345,5,0,18,0.006680846422338569,0.6371120587538495,1,1,-0.5006063301636249,1.2760416666666667
layering_01524,0.36629604653846154,0.36608875064102564,0.087544603471571,0.23178678926892102,0.011490570144412546,0.8467734230678006,3.9651699690523627,0.0,0.912455396528429,78,2.08974358974359,2.1923076923076925,0.9532163742690059,163,171,2.1923076923076925,2.08974358974359,0.9415204678362573,0.0641025641025641,1.6571602433473185,62.1437745,2905.423223387234,2888.4215652088105,3.644211108,-0.0029344345247024222,4.284282957426767,287.8333333333333,129.5521172434132,0.4500942116157957,0.3717948717948718,14,0.11538461538461539,12,0.14102564102564102,78,0.4785276073619632,0.0641025641025641,5,0,23,0.005322709163346613,0.6177630975318841,1,1,-0.5155454810085267,1.3306772908366533
layering_01526,0.294668091875,0.2944425040625,0.07968775193653233,0.2245164637133355,-0.0074889487371700885,0.7226233162577396,3.6866890674304633,0.0136986301369863,0.9203122480634676,32,1.96875,2.28125,0.863013698630137,63,73,2.28125,1.96875,0.8082191780821918,0.0625,1.7028195311090124,20.29601541111111,2356.956628416903,2381.6910663336707,199.824723206,0.005219725016520664,3.866729296649092,290.625,138.1142000594599,0.4752316561185717,0.5625,12,0.125,11,0.15625,32,0.5079365079365079,0.1875,5,0,9,0.011552837240910635,0.6857245928674502,1,1,-0.5101693918657996,1.2477064220183487
layering_01527,0.4667171183561643,0.46650563863013694,0.1306892468526477,0.2530341112740397,-0.014273807441071209,0.8432410614202828,4.00456580460938,0.0,0.8693107531473522,73,1.9863013698630136,2.410958904109589,0.8238636363636364,145,176,2.410958904109589,1.9863013698630136,0.8011363636363636,0.03424657534246575,1.7557481036411826,50.242835276111116,2512.141763815556,2135.0013391441316,9.647788672,-0.08115532840622655,4.2928702860378625,272.986301369863,136.7913550256055,0.5010923784057207,0.4657534246575342,14,0.136986301369863,12,0.1232876712328767,73,0.503448275862069,0.0684931506849315,5,0,16,0.005034820252211557,0.649704585537919,1,1,-0.5299137465676371,1.2687747035573123
layering_01528,0.04893123547169811,0.04872653490566038,0.18926678599493524,0.3232961504241888,-0.00027228649250120947,0.8113944129076478,3.9821742716287005,0.0,0.8107332140050647,53,2.0943396226415096,2.30188679245283,0.9098360655737706,111,122,2.30188679245283,2.0943396226415096,0.8934426229508197,0.009433962264150943,1.7808320956579267,29.241389815555554,2024.4039103261155,1956.877942221709,22.098927911,-0.016960861000381876,4.2120959936326425,293.7169811320755,130.80113757422438,0.4453305255626577,0.4528301886792453,14,0.1320754716981132,12,0.1320754716981132,53,0.4774774774774775,0.03773584905660377,5,0,17,0.007479455572675911,0.6347414234511009,1,1,-0.5372189242650598,1.3163841807909604
layering_01529,0.1635138455714286,0.16333144771428568,0.20580057282558697,0.3298329450234605,-0.0007668791122386498,0.8308620383476143,4.1023557334655045,0.0,0.794199427174413,70,1.8285714285714285,2.242857142857143,0.8152866242038216,128,157,2.242857142857143,1.8285714285714285,0.802547770700637,0.06428571428571428,1.6443191140102946,38.18418448194444,1992.218320802783,1936.9835746815236,10.57580484,-0.014057497575967966,4.389089623651412,312.57142857142856,110.09436945791279,0.352221474499721,0.4857142857142857,14,0.12857142857142856,12,0.18571428571428572,70,0.546875,0.08571428571428572,5,0,13,0.0054585152838427945,0.6614804831785961,1,1,-0.4893915007934335,1.244541484716157
layering_01530,1.0609924872727277,1.060742210909091,0.0009218599433333225,0.002603072773714041,-0.015187194150197633,0.47240858120070645,3.3633990708624197,0.023255813953488372,0.9990781400566667,22,2.0,1.9545454545454546,1.0232558139534884,44,43,1.9545454545454546,2.0,0.9767441860465116,0.22727272727272727,1.5285040787368935,15.200896885555556,2605.868037537285,1972.6525764938356,32.085225894,-0.1383013235984844,3.6292196865039,249.22727272727272,106.3744204027327,0.4268169339522377,0.6363636363636364,9,0.18181818181818182,9,0.22727272727272727,22,0.5,0.18181818181818182,4,0,19,0.01967435549525102,0.6923280423280423,1,1,-0.45692552615258036,1.2985074626865671
layering_01531,0.15148983714285716,0.15126872942857142,0.10952250547402421,0.26656087021597197,0.009164202605042018,0.7229524575309492,3.7702931857538218,0.0,0.8904774945259758,35,1.9142857142857144,2.1714285714285713,0.8815789473684211,67,76,2.1714285714285713,1.9142857142857144,0.8552631578947368,0.10476190476190476,1.8356505209436655,20.505959284166668,2171.219218340412,1481.2242814766016,151.847858165,-0.18891324038233012,4.171860873935343,272.2857142857143,136.20908914748148,0.5002432445080642,0.6,12,0.14285714285714285,12,0.14285714285714285,35,0.5223880597014925,0.02857142857142857,5,0,12,0.011298988621997472,0.6648758648758647,1,1,-0.47873826398774205,1.2654867256637168
layering_01534,1.0116082131666668,1.0113941923333332,0.03636781271224657,0.1572332515119881,0.0010330567946651842,0.7003008600566286,3.660109218501444,0.024193548387096774,0.9636321872877534,60,2.0166666666666666,2.066666666666667,0.9758064516129031,121,124,2.066666666666667,2.0166666666666666,0.9435483870967742,0.1,1.6853784452014458,37.191624884166664,2269.3194844615764,2465.460157873108,18.640126091,0.041425512532367016,4.216458562824546,297.01666666666665,136.7783672640247,0.460507380946158,0.45,14,0.11666666666666667,12,0.13333333333333333,60,0.49586776859504134,0.13333333333333333,5,0,28,0.006968938445784503,0.6259238591269837,1,1,-0.47839885493101075,1.303191489361702
layering_01536,0.22081052100000004,0.22056111879999996,0.011890602595420215,0.03533107239420252,-0.005850462729411764,0.6711316328666672,4.048514809039681,0.0,0.9881093974045798,50,2.08,2.24,0.9285714285714285,104,112,2.24,2.08,0.9107142857142857,0.1,1.626926709359286,34.19692942305556,2512.427467833816,2728.436117737922,16.000512343,0.04121623209174618,4.283074189396831,267.54,121.94716319884157,0.45580908723496133,0.5,14,0.1,12,0.14,50,0.4807692307692308,0.18,5,0,16,0.008080203501421516,0.7116471734892784,1,1,-0.5196279726955203,1.3170731707317074
layering_01540,0.1867826230952381,0.1865767426190476,0.1327929116562295,0.24130012107432022,-0.0046980034640628785,0.8814083681389928,3.993846322659489,0.0,0.8672070883437704,42,1.9761904761904763,2.2857142857142856,0.8645833333333334,83,96,2.2857142857142856,1.9761904761904763,0.84375,0.047619047619047616,1.5135111032352608,29.906350437500002,2625.9234530643903,2104.180186577787,57.350553165,-0.11030271347840322,4.386015934495807,273.0238095238095,131.35828645075998,0.481123923513728,0.40476190476190477,14,0.16666666666666666,12,0.2619047619047619,42,0.5060240963855421,0.14285714285714285,5,0,10,0.0091983556012333,0.6004292193067705,1,1,-0.5113600527618201,1.2785714285714285
layering_01542,0.0646331430952381,0.0644231842857143,0.13601776180674768,0.2784672323269622,-0.0007398009059233449,0.8018656974144143,3.888972418355671,0.0,0.8639822381932524,42,1.880952380952381,2.357142857142857,0.7979797979797979,79,99,2.357142857142857,1.880952380952381,0.7777777777777778,0.03571428571428571,1.5135111032352608,24.305967645833334,2134.1825250002926,1678.7686774917538,117.921169527,-0.11943867710945055,4.189238255774173,254.85714285714286,135.2665970031344,0.5307545846535542,0.5476190476190477,14,0.21428571428571427,12,0.14285714285714285,42,0.5316455696202531,0.23809523809523808,5,0,12,0.008765882005318625,0.6874744617318875,1,1,-0.5003294807968677,1.2447552447552448
layering_01543,0.2867285062337662,0.2865224263636364,0.11717541476840054,0.2731072706191594,0.0011311748816972512,0.7767865209250562,3.9006092740525125,0.021621621621621623,0.8828245852315993,77,1.9350649350649352,2.4025974025974026,0.8054054054054054,149,185,2.4025974025974026,1.9350649350649352,0.7945945945945946,0.05194805194805195,1.6147410274321186,60.097554682500004,2846.7262744421055,2606.1612491187084,20.68698015,-0.04411699751442969,4.287310690988986,271.57142857142856,135.11636588817458,0.49753527681074283,0.5194805194805194,14,0.14285714285714285,12,0.12987012987012986,77,0.5167785234899329,0.07792207792207792,5,0,15,0.004810462034796636,0.6709617180205414,1,1,-0.5134359731324476,1.2651515151515151
layering_01547,1.2464805825925926,1.2463139714814817,0.13150950363256197,0.28511706694643607,-0.02047618372405372,0.737002500080555,3.755497146535098,0.017241379310344827,0.8684904963674381,27,2.0,2.1481481481481484,0.9310344827586206,54,58,2.1481481481481484,2.0,0.896551724137931,0.05555555555555555,1.5479548568261892,19.223668809444444,2661.738758263885,2342.3027242003473,191.54459611,-0.06383560871406523,3.9582291686453526,273.5925925925926,147.27479790129098,0.538299653896691,0.37037037037037035,12,0.18518518518518517,10,0.14814814814814814,27,0.5,0.07407407407407407,5,0,12,0.014969259556268377,0.6154629629629629,1,1,-0.5122249703543903,1.2873563218390804
layering_01549,0.11061058222222223,0.11041126296296298,0.1020167240958915,0.2745834308743806,-0.002544168504273504,0.7870394535014441,3.6261568807422546,0.01694915254237288,0.8979832759041085,27,1.8888888888888888,2.185185185185185,0.864406779661017,51,59,2.185185185185185,1.8888888888888888,0.7966101694915254,0.018518518518518517,1.7413007886512446,19.0613991375,2639.2706498256916,2549.482748575784,37.981507964,-0.017304330029939148,3.717850465104791,238.03703703703704,120.68760738161386,0.5070118872418817,0.5185185185185185,11,0.18518518518518517,11,0.2222222222222222,27,0.5294117647058824,0.07407407407407407,5,0,8,0.01373283395755306,0.6966238347190727,1,1,-0.4808497779452013,1.2222222222222223
layering_01550,0.5123933043333333,0.512183606,0.14751048241402667,0.2915180683291214,-0.011202885347596551,0.879949619816492,3.9419595160586707,0.0,0.8524895175859734,60,1.95,2.216666666666667,0.8796992481203006,117,133,2.216666666666667,1.95,0.8571428571428571,0.008333333333333333,1.5763400991103527,41.754957303055555,2547.760106635271,2268.993065366143,29.111819961,-0.05787447089660543,4.331832371176482,244.2,132.33135093649565,0.5418974239823737,0.43333333333333335,13,0.11666666666666667,12,0.15,60,0.5128205128205128,0.13333333333333333,5,2,11,0.006541077969649398,0.6598739495798317,1,1,-0.49453593293256604,1.2755102040816326
layering_01552,0.16483195430555556,0.16460548958333332,0.0931125638549694,0.24177142261236922,0.0011653431968293784,0.7994216269773683,3.938138945502688,0.0064516129032258064,0.9068874361450305,72,2.0,2.1527777777777777,0.9290322580645162,144,155,2.1527777777777777,2.0,0.9032258064516129,0.0763888888888889,1.7089956326426081,51.229953575277776,2597.575110869352,2235.2029272529962,11.678966825,-0.07498216983231167,4.2179445363936034,267.75,129.78147939658493,0.4847114076436412,0.4166666666666667,14,0.125,12,0.1388888888888889,72,0.5,0.1388888888888889,5,0,15,0.005627705627705628,0.6140061894778875,1,1,-0.49199494763933377,1.2943722943722944
layering_01554,0.4318557329850746,0.4316513779104478,0.11858510584672603,0.27398218622700166,-0.004919791286615053,0.7912401028680097,4.034217565114181,0.006493506493506494,0.8814148941532741,67,2.0597014925373136,2.298507462686567,0.8961038961038962,138,154,2.298507462686567,2.0597014925373136,0.8701298701298701,0.03731343283582089,1.6767439004000102,42.776527197777774,2333.26511989097,2595.0182176824546,14.165902128,0.053112428783440475,4.0276186324428265,317.3134328358209,144.44567070882374,0.4552144843598867,0.417910447761194,14,0.13432835820895522,12,0.14925373134328357,67,0.4855072463768116,0.1044776119402985,5,0,20,0.0057936507936507935,0.6282700421940933,1,1,-0.5333818384499664,1.2977777777777777
layering_01555,0.19493836242857143,0.19473549114285713,0.12455336345969593,0.27815631495313986,0.0028275723922666436,0.8122084321713003,3.9106820435853935,0.006578947368421052,0.8754466365403041,70,2.0714285714285716,2.1714285714285713,0.9539473684210528,145,152,2.1714285714285713,2.0714285714285716,0.9276315789473685,0.05,1.6020891907023924,41.82120700583333,2181.9760177099997,2181.26979837811,6.32150559,-0.00016185641645167137,4.1865661471712325,263.98571428571427,135.81343692003793,0.5144726762488585,0.37142857142857144,14,0.12857142857142856,12,0.14285714285714285,70,0.4827586206896552,0.08571428571428572,5,0,23,0.00584070796460177,0.6284951159951162,1,1,-0.5181948371248517,1.3141592920353982
layering_01556,0.6143320529032257,0.6141213054838708,0.05714488418209876,0.1742247572062102,-0.020606612504032253,0.7766387905720731,3.8756837612922013,0.0,0.9428551158179014,31,2.064516129032258,2.3870967741935485,0.8648648648648648,64,74,2.3870967741935485,2.064516129032258,0.8378378378378378,0.0,1.7659778494444995,18.601391907500002,2232.167028903667,2247.712083579748,74.699585342,0.0034699719090106997,3.756795811050274,269.16129032258067,138.22134344936111,0.5135260842437912,0.5483870967741935,12,0.16129032258064516,11,0.1935483870967742,31,0.484375,0.06451612903225806,5,0,10,0.01216716628460589,0.6685985797827904,1,1,-0.5604249353321594,1.2897196261682242
layering_01557,0.5434447098591548,0.5432207835211268,0.10926084462886966,0.25862496614873415,-0.010146339442320589,0.7976375756975408,3.9995643919701447,0.006097560975609756,0.8907391553711304,71,2.0422535211267605,2.3098591549295775,0.8841463414634146,145,164,2.3098591549295775,2.0422535211267605,0.8719512195121951,0.06572769953051642,1.690697923798373,40.525647730555555,2084.176169011328,2130.012120468016,33.884265547,0.010876578906338032,4.130616887977326,294.1267605633803,134.75818868068464,0.45816364489434513,0.49295774647887325,14,0.11267605633802817,12,0.14084507042253522,71,0.4896551724137931,0.09859154929577464,5,0,19,0.005524565543874705,0.6441480206540446,1,1,-0.5240153174283186,1.3037974683544304
layering_01558,0.20879778327586204,0.20860114931034485,0.1639610025540665,0.32264920013631454,0.00831554364760528,0.8321617294785633,3.8061780672920706,0.0,0.8360389974459336,58,1.9482758620689655,2.1379310344827585,0.9112903225806452,113,124,2.1379310344827585,1.9482758620689655,0.8870967741935484,0.07758620689655173,1.9089133767395592,41.338367837777774,2610.8442845071754,2496.4930106067495,19.074609565,-0.022389606813284724,4.413594141459608,265.87931034482756,135.81179929441404,0.5108024355797948,0.4827586206896552,14,0.1724137931034483,12,0.15517241379310345,58,0.5132743362831859,0.1896551724137931,5,0,27,0.006962397179788484,0.6416885389326334,1,1,-0.4888813992078891,1.281081081081081
layering_01559,0.2686239073469388,0.2684153306122449,0.10564334237633864,0.23714610814821943,0.013793577460204081,0.9363849851258998,3.7937146177804224,0.017391304347826087,0.8943566576236615,49,1.9795918367346939,2.3469387755102042,0.8434782608695651,97,115,2.3469387755102042,1.9795918367346939,0.8173913043478261,0.04081632653061224,1.6922325149225852,27.08719197638889,2031.5393982365629,1899.272019146453,15.357181174,-0.03364887425155808,4.076786447427349,261.55102040816325,118.8407655269033,0.45436934385286065,0.3877551020408163,14,0.12244897959183673,12,0.14285714285714285,49,0.5051546391752577,0.12244897959183673,5,0,10,0.007647355890628382,0.6779122948614478,1,1,-0.5136699776613777,1.2694610778443114
layering_01560,0.1117992775,0.11159233338235293,0.12372416473454984,0.2716862284962372,-0.0004939176457227926,0.768190313914905,3.961588523933684,0.0,0.8762758352654502,68,1.9705882352941178,2.176470588235294,0.9054054054054055,134,148,2.176470588235294,1.9705882352941178,0.8783783783783784,0.022058823529411766,1.8976368895151696,47.6071963725,2557.9986110645514,2615.9830951346153,47.258424532,0.011206936429750076,4.3336631211262535,290.3382352941176,119.82009029637048,0.4126913913869824,0.4264705882352941,14,0.10294117647058823,12,0.17647058823529413,68,0.5074626865671642,0.14705882352941177,5,0,10,0.005853051058530511,0.6045060568086883,1,1,-0.509674191856408,1.2818181818181817
layering_01561,0.41507078153846155,0.41484348692307704,0.1323818063575403,0.2730488336252336,-0.011401072532024938,0.9052305154122301,3.885625307108163,0.005714285714285714,0.8676181936424597,78,1.8974358974358974,2.2435897435897436,0.8457142857142856,148,175,2.2435897435897436,1.8974358974358974,0.8285714285714286,0.07051282051282051,1.7984698659007425,51.64330174472222,2414.4920296344158,2591.838444493367,40.430623247,0.035424432281380556,4.294704867581663,279.8076923076923,127.47559559589229,0.4555828846038762,0.41025641025641024,14,0.15384615384615385,12,0.16666666666666666,78,0.527027027027027,0.07692307692307693,5,0,13,0.0049479166666666664,0.6407214196540043,1,1,-0.49608402457417605,1.26171875
layering_01562,0.125831228125,0.12567289187500003,0.1464141408643669,0.33607779545462746,-0.01046392763235294,0.6847318258396783,3.6165330442227597,0.0,0.853585859135633,16,1.8125,2.0625,0.8787878787878788,29,33,2.0625,1.8125,0.8181818181818182,0.09375,1.3294340029206368,15.496164464444444,3719.0794715028,3183.0934399052157,149.402323896,-0.0776546804140039,3.499999999982687,201.9375,86.74365971066703,0.4295569654505331,0.5625,9,0.25,10,0.25,16,0.5517241379310345,0.0625,4,0,9,0.02431372549019608,0.6959637188208619,1,1,-0.43864455953985504,1.2156862745098038
layering_01563,0.285497561,0.28527865124999996,0.07036228994450217,0.19330810120848307,-0.010532638910881801,0.6904486095612982,3.7653356149446466,0.010638297872340425,0.9296377100554978,40,2.025,2.35,0.8617021276595744,81,94,2.35,2.025,0.8297872340425532,0.08333333333333333,1.7499999999942293,32.6493618325,3013.787246077539,3086.112746616178,82.616507058,0.011856833821090255,4.034829508475851,282.1,134.6291773153776,0.47723919643877205,0.4,14,0.125,12,0.15,40,0.49382716049382713,0.05,5,0,11,0.009392443108630313,0.6872524954999183,1,1,-0.5298005975262375,1.2773722627737227
layering_01565,1.0397935797674416,1.0395461106976747,0.006945486204101348,0.02393118869503407,-0.026321450984596796,0.662485509052927,3.866287624390594,0.010638297872340425,0.9930545137958987,43,1.9767441860465116,2.186046511627907,0.9042553191489362,85,94,2.186046511627907,1.9767441860465116,0.8829787234042553,0.12015503875968991,1.828242355856607,30.90947772638889,2649.3838051423095,3227.0142700254764,5.116155271,0.09829668744261749,4.042917232456919,253.90697674418604,130.79005604284265,0.5151101309619193,0.46511627906976744,13,0.11627906976744186,12,0.23255813953488372,43,0.5058823529411764,0.13953488372093023,5,0,27,0.009331665102700448,0.6882109788359787,1,1,-0.48786628831661255,1.2877697841726619
layering_01568,0.40880501208333336,0.4085842816666667,0.1043688488333361,0.25754908835334467,-0.012674558200000003,0.7993709858294548,3.7651078409622953,0.0,0.8956311511666639,24,2.0833333333333335,2.2916666666666665,0.9090909090909092,50,55,2.2916666666666665,2.0833333333333335,0.8363636363636363,0.0,1.4135819199464388,19.964371966944448,3124.8582209466085,2241.8448455597713,51.048297284,-0.16453553782353417,3.9701755214398187,237.33333333333334,113.42749711357152,0.47792484738864405,0.6666666666666666,12,0.125,11,0.16666666666666666,24,0.48,0.16666666666666666,4,0,9,0.015427563914193358,0.651089588377724,1,1,-0.5273668639053254,1.2650602409638554
layering_01572,0.17181307157142858,0.1716018935714286,0.12047469839630173,0.2633187692910271,-0.0038884991774997815,0.8442434830834102,4.001564544034759,0.006172839506172839,0.8795253016036982,70,1.9714285714285715,2.3142857142857145,0.8518518518518519,138,162,2.3142857142857145,1.9714285714285715,0.8333333333333334,0.02142857142857143,1.449665336134448,50.86840283472222,2654.0036261708265,2584.996655206226,14.675186821,-0.013171782259660847,4.129093467366887,266.35714285714283,135.6061043166948,0.5091138268795192,0.4,14,0.11428571428571428,12,0.17142857142857143,70,0.5072463768115942,0.1,5,0,12,0.005455537370430988,0.6825348725348721,1,1,-0.5110881218458188,1.2765957446808511
layering_01573,0.19744276903225808,0.19723500516129028,0.05157941749815691,0.17576392458316464,-0.00698946275,0.7318481806204875,3.8593334382811237,0.028169014084507043,0.9484205825018432,31,1.935483870967742,2.2903225806451615,0.8450704225352113,60,71,2.2903225806451615,1.935483870967742,0.7887323943661971,0.016129032258064516,1.7040386490209924,19.489191805833332,2338.7030167309667,2116.3537477450263,32.453598973,-0.04990941322205426,3.7969607303338813,294.0967741935484,118.23827773855912,0.40203867608811367,0.3225806451612903,13,0.16129032258064516,10,0.1935483870967742,31,0.5166666666666667,0.03225806451612903,5,0,9,0.011769991015274034,0.6612592592592595,1,1,-0.5144896790907713,1.2358490566037736
layering_01574,0.38331812095238094,0.3831078422222223,0.11884179934577313,0.27774095554346906,-0.003528880236175116,0.849357572494142,3.989945626579939,0.006711409395973154,0.8811582006542269,63,1.9682539682539681,2.365079365079365,0.832214765100671,124,149,2.365079365079365,1.9682539682539681,0.8120805369127517,0.07936507936507936,1.8206961550877514,46.578970258333335,2704.5853698398387,3078.8414655362976,9.577292311,0.0647118233444581,4.252752893084287,270.95238095238096,125.86173014545516,0.4645160515034373,0.3492063492063492,14,0.15873015873015872,12,0.14285714285714285,63,0.5080645161290323,0.047619047619047616,5,0,14,0.005933492718974136,0.6406589390142019,1,1,-0.5207623090941129,1.2697674418604652
layering_01575,1.0590180945283019,1.0587849611320754,0.08030449584568736,0.2038950515730455,-0.02096450300838574,0.7889900530369661,3.9363655125589663,0.01680672268907563,0.9196955041543126,53,1.9622641509433962,2.2452830188679247,0.8739495798319327,104,119,2.2452830188679247,1.9622641509433962,0.8403361344537815,0.04716981132075472,1.6998342275477691,41.014886224166666,2839.4921232269426,3343.168019884248,78.919606362,0.08146588765978163,4.149642332047157,279.41509433962267,124.22086935440439,0.44457465566773124,0.3584905660377358,14,0.20754716981132076,12,0.1509433962264151,53,0.5096153846153846,0.11320754716981132,5,0,12,0.00724025974025974,0.6546264034068913,1,1,-0.5069074127732096,1.2670454545454546
layering_01576,0.540212703939394,0.5400044369696971,0.02808083644478331,0.08284690129702772,-0.004903813653074868,0.8213113811366021,3.713930325105053,0.02666666666666667,0.9719191635552168,33,2.0,2.272727272727273,0.8799999999999999,66,75,2.272727272727273,2.0,0.8266666666666667,0.06060606060606061,1.7921214743615368,25.938235455555553,2918.0514887795935,2258.8497930318463,60.264972643,-0.1273351875694039,4.150158513139317,272.8484848484849,125.4295422767602,0.4597040087886591,0.42424242424242425,14,0.15151515151515152,12,0.18181818181818182,33,0.5,0.12121212121212122,5,0,11,0.011341698841698842,0.6578862768736187,1,1,-0.5018278624206147,1.2589285714285714
layering_01578,0.7756856216666667,0.7754855488888889,0.08358503313445856,0.2413788969561389,-0.006534349473684216,0.7469315035129291,3.621543018832841,0.0,0.9164149668655415,18,1.9444444444444444,1.9444444444444444,1.0,35,35,1.9444444444444444,1.9444444444444444,0.8857142857142857,0.1388888888888889,1.4955380299147831,7.018972668888889,1486.3706828624706,1174.0149846799434,13.230035693,-0.11740993119658183,2.821888195514637,267.05555555555554,140.49428383692225,0.5260863551205743,0.3888888888888889,11,0.2222222222222222,9,0.2777777777777778,18,0.5142857142857142,0.1111111111111111,4,0,8,0.021929824561403508,0.6506105006105007,1,1,-0.43104433295799655,1.2280701754385965
layering_01580,0.29554922642857145,0.29532507328571433,0.07319691254820891,0.2229389696135803,-0.0006381556226051965,0.7748866018986957,3.9738273187764666,0.006622516556291391,0.9268030874517911,70,1.9285714285714286,2.157142857142857,0.8940397350993378,135,151,2.157142857142857,1.9285714285714286,0.8675496688741722,0.07857142857142857,1.8386391508832736,52.89182794194445,2759.5736317653195,2631.749524117513,27.834056167,-0.02370922757771053,4.4194175244573275,273.57142857142856,130.44889847703445,0.47683670461579175,0.4714285714285714,14,0.11428571428571428,12,0.15714285714285714,70,0.5185185185185185,0.04285714285714286,5,0,14,0.005674603174603174,0.6441321044546853,1,1,-0.4803595445756768,1.271111111111111
layering_01582,0.2594669834210526,0.25925334578947373,0.07096044746350567,0.20916493711859674,-0.004644066079439764,0.7356788524631477,3.6882065144951786,0.0,0.9290395525364943,38,1.868421052631579,2.1052631578947367,0.8875000000000001,71,80,2.1052631578947367,1.868421052631579,0.85,0.05263157894736842,1.513662930337787,24.672550575,2400.572488385541,2818.0528337057603,50.013153581,0.07999814501971549,3.7871439606736135,263.7368421052632,127.8385138876443,0.4847199688415968,0.5526315789473685,14,0.18421052631578946,10,0.18421052631578946,38,0.5352112676056338,0.15789473684210525,5,0,10,0.010399449035812672,0.6432683113406008,1,1,-0.4604609777373733,1.2479338842975207
layering_01583,0.12478917328767122,0.12457347383561641,0.10602408484651364,0.26270220505641434,-0.0014442604100333206,0.7495327540050051,3.948750213250015,0.012195121951219513,0.8939759151534864,73,2.0273972602739727,2.2465753424657535,0.9024390243902439,148,164,2.2465753424657535,2.0273972602739727,0.8841463414634146,0.045662100456621,1.6423797987260125,47.44576024444445,2372.288012233486,2314.1313746960454,94.020189254,-0.012409610138529193,4.318326320969767,272.32876712328766,131.39984090072818,0.4825044459634385,0.3972602739726027,14,0.136986301369863,12,0.136986301369863,73,0.49324324324324326,0.0684931506849315,5,0,13,0.005439330543933054,0.6153977758768178,1,1,-0.516308606428755,1.3
layering_01585,0.47744477916666667,0.4772107825,0.05900111020099941,0.1891963530349825,-0.0031397859304347834,0.7208352968311686,3.9543374678383976,0.0,0.9409988897990006,24,2.0,2.0416666666666665,0.979591836734694,48,49,2.0416666666666665,2.0,0.9183673469387755,0.10416666666666667,1.4618602772483151,13.3621152875,2091.4615232655647,2473.842647363105,188.678660862,0.08375808266131016,3.344360937754564,274.6666666666667,108.19815423430357,0.393925318814212,0.4583333333333333,11,0.25,11,0.16666666666666666,24,0.5,0.125,4,0,9,0.017017543859649122,0.6350732600732598,1,1,-0.4827026732443761,1.2763157894736843
layering_01590,0.4947321586666667,0.49452425199999994,0.03361095575022774,0.1690884107195717,-0.0030717829410456055,0.7058030364017365,3.3016334234022926,0.0,0.9663890442497723,30,1.8666666666666667,2.1666666666666665,0.8615384615384616,56,65,2.1666666666666665,1.8666666666666667,0.8,0.07777777777777777,1.6433463341716066,17.200364833888887,2135.2177035325176,1817.0409798208375,40.860023001,-0.08050503502005545,3.948394345511877,276.3,136.61250258328835,0.49443540565793825,0.4666666666666667,10,0.16666666666666666,10,0.2,30,0.5357142857142857,0.16666666666666666,5,0,7,0.012471655328798186,0.6751437773176903,1,1,-0.4671838604804179,1.2222222222222223
layering_01591,0.3599499018055556,0.35976465611111114,0.12964129141247208,0.2828093047015724,0.005128268276738054,0.7960763532875595,3.897847158817636,0.0,0.870358708587528,72,2.0555555555555554,2.2083333333333335,0.9308176100628929,148,159,2.2083333333333335,2.0555555555555554,0.9182389937106918,0.057870370370370364,1.65762251229319,37.20893361305555,1886.6501550374783,1494.6553102125001,74.557625192,-0.11593003023641288,4.40925616848396,292.4583333333333,128.22284051987742,0.43843114011640666,0.3472222222222222,14,0.09722222222222222,12,0.1527777777777778,72,0.4864864864864865,0.1527777777777778,5,0,30,0.005679295545360367,0.6430395346544414,1,1,-0.5137719818546808,1.3175965665236051
layering_01592,0.1412305776,0.14100055,0.004442436768941138,0.008662189044890644,-0.005737567015384614,0.5951300572194479,3.621520938827127,0.0,0.9955575632310588,25,1.88,2.28,0.8245614035087719,47,57,2.28,1.88,0.7719298245614035,0.05333333333333333,1.7346939516409314,11.49096670111111,1723.64500518725,1635.6852876530527,37.757340824,-0.0261837062350388,3.0946939516322756,246.88,123.4994331970799,0.5002407371884312,0.36,13,0.16,12,0.28,25,0.5319148936170213,0.08,5,0,15,0.014565826330532213,0.7094708994708994,1,1,-0.5045109257495115,1.223529411764706
layering_01594,0.5005213006060606,0.5002894481818182,0.10058888201740196,0.264901821429363,-0.011487924324866308,0.8374579080335529,3.894267665745448,0.0125,0.8994111179825981,33,2.0303030303030303,2.4242424242424243,0.8374999999999999,67,80,2.4242424242424243,2.0303030303030303,0.7875,0.015151515151515152,1.8016750014528502,18.21562664111111,2049.2579971539376,2095.111730391901,6.221483008,0.011064102928171034,3.861983513012526,325.969696969697,130.0517889266822,0.3989689536655678,0.42424242424242425,12,0.15151515151515152,12,0.12121212121212122,33,0.4925373134328358,0.18181818181818182,5,0,7,0.010831122900088417,0.6685846560846561,1,1,-0.5384025970326305,1.2564102564102564
layering_01599,0.1845266127027027,0.1843021035135135,0.12980292761463794,0.25850171120073256,-0.007100599357515412,0.8253889138007195,3.9463869667665987,0.023529411764705882,0.870197072385362,37,1.864864864864865,2.2972972972972974,0.8117647058823529,69,85,2.2972972972972974,1.864864864864865,0.7647058823529411,0.06756756756756757,1.8672369072423844,34.74209439777778,3474.2094397853334,3759.338651150119,12.024987342,0.039417614672678875,3.8179954343783686,248.56756756756758,127.90025205008189,0.5145492362567173,0.3783783783783784,13,0.21621621621621623,11,0.13513513513513514,37,0.5362318840579711,0.13513513513513514,5,0,7,0.009777777777777778,0.7165953272694846,1,1,-0.4912528458465778,1.2222222222222223
layering_01600,1.2991393715555557,1.2989015277777776,0.10399032456101685,0.21798088989833536,-0.03945646393017127,0.8754687399744392,4.107070981266574,0.0,0.8960096754389831,45,2.066666666666667,2.4,0.8611111111111113,93,108,2.4,2.066666666666667,0.8425925925925926,0.0,1.7166990269719509,33.96288802055555,2778.7817471451135,2441.736320057923,171.486979026,-0.06456168195348612,4.18898219667514,273.73333333333335,129.23787089211612,0.47213055610855864,0.4222222222222222,14,0.1111111111111111,10,0.17777777777777778,45,0.4838709677419355,0.08888888888888889,5,0,11,0.008420611646418098,0.6952308802308803,1,1,-0.5387039515702673,1.2967741935483872
layering_01605,0.3142931380487805,0.3141028973170732,0.12500945615497122,0.2680296900404291,-0.014858924668989545,0.8307159349971193,3.965709054625387,0.010101010101010102,0.874990543845029,41,1.829268292682927,2.4146341463414633,0.7575757575757577,75,99,2.4146341463414633,1.829268292682927,0.7272727272727273,0.0,1.7646415826361155,20.63078537722222,1856.7706839676,2178.3427596430743,6.908534984,0.07969344113104469,4.015611760478606,297.8780487804878,114.12563145979767,0.3831287062844268,0.5121951219512195,14,0.14634146341463414,12,0.2682926829268293,41,0.5466666666666666,0.024390243902439025,5,0,9,0.008568895892839554,0.7043962029256144,1,1,-0.5017512926812637,1.2167832167832169
layering_01607,0.8653072422413793,0.8651059224137931,0.12845027483970636,0.3006123172452286,-0.019922581304869427,0.8093439318122276,3.915421239012869,0.007874015748031496,0.8715497251602937,58,2.0172413793103448,2.189655172413793,0.921259842519685,117,127,2.189655172413793,2.0172413793103448,0.905511811023622,0.10057471264367815,1.7030890250776973,31.91922223111111,2015.950877771702,1934.890413063339,32.485924378,-0.020517266764524995,4.104695055931288,268.2758620689655,136.39851224987993,0.5084263310085498,0.3620689655172414,14,0.13793103448275862,12,0.15517241379310345,58,0.49572649572649574,0.08620689655172414,5,0,16,0.0070151227646483814,0.6209794512120093,1,1,-0.5075224058377773,1.304812834224599
layering_01611,0.5464783575806451,0.5462663161290321,0.18433194283598442,0.30749052030606444,-0.012189617082924126,0.8987682083039186,3.7842435422736465,0.0,0.8156680571640156,62,1.967741935483871,2.274193548387097,0.8652482269503545,122,141,2.274193548387097,1.967741935483871,0.8368794326241135,0.016129032258064516,1.650831224781528,37.887254872777774,2235.9691400488364,2211.223074965802,86.136798867,-0.005564424447292066,4.205075794647484,288.2741935483871,133.02658052580375,0.4614585124265559,0.45161290322580644,14,0.16129032258064516,12,0.16129032258064516,62,0.5081967213114754,0.016129032258064516,5,0,13,0.0061676281600300175,0.6250793650793649,1,1,-0.5075941805456036,1.2705314009661837
layering_01612,0.08593485880952381,0.08572941214285713,0.1454384786355416,0.29669237874242266,0.005273808993598574,0.8046770039824472,3.7585798006078908,0.0,0.8545615213644583,42,1.9047619047619047,2.261904761904762,0.8421052631578947,80,95,2.261904761904762,1.9047619047619047,0.8210526315789474,0.047619047619047616,1.701326120017315,23.48559474944444,2062.1497828887564,1758.1604916954022,203.281861983,-0.07957188535594623,4.115897411453791,268.85714285714283,140.44903101690966,0.5223927827408967,0.40476190476190477,14,0.16666666666666666,12,0.14285714285714285,42,0.525,0.09523809523809523,5,0,10,0.009123136273589823,0.6597692685321552,1,1,-0.48545218618452707,1.2589928057553956
layering_01613,1.2253021928571433,1.2250653733333332,0.0009560162963743302,0.0015404634417216863,-0.03527224733766235,0.6495500669110257,3.992949440867627,0.02,0.9990439837036256,21,2.0476190476190474,2.380952380952381,0.86,43,50,2.380952380952381,2.0476190476190474,0.78,0.07142857142857142,1.6464417904183664,8.55931321611111,1540.6763789309002,1698.539559095575,67.932746055,0.048734997352740395,3.0463811129328997,253.28571428571428,133.63575227353752,0.5276087230201707,0.5238095238095238,12,0.23809523809523808,9,0.19047619047619047,21,0.4883720930232558,0.19047619047619047,5,0,5,0.016756756756756756,0.7265432098765432,1,1,-0.5257767898414646,1.24
layering_01615,0.4013681536666666,0.4011629726666667,0.1336049572203078,0.26290641203946696,-0.013127410593993322,0.7805210206979709,3.9239825997681397,0.0,0.8663950427796921,30,2.2,2.3666666666666667,0.9295774647887325,66,71,2.3666666666666667,2.2,0.8732394366197183,0.0,1.4036736364144378,14.51305956,1801.6211867834136,1813.1256868277549,84.170313888,0.00318265716704201,3.6192509128186305,298.4,110.42288618354188,0.37004988667406796,0.36666666666666664,14,0.16666666666666666,11,0.23333333333333334,30,0.45454545454545453,0.2,5,0,11,0.012545787545787546,0.6752169312169312,1,1,-0.5850569095369439,1.3047619047619048
layering_01617,0.28746587529411766,0.28727609705882345,0.13785701625510804,0.3129042398675426,-0.010002261078431373,0.8105249359932567,3.1426424389669725,0.02564102564102564,0.8621429837448918,17,1.8235294117647058,2.2941176470588234,0.7948717948717949,31,39,2.2941176470588234,1.8235294117647058,0.7435897435897436,0.058823529411764705,1.5221898721614933,10.417476410833332,2343.9321924452497,2025.9590151273933,9.956716097,-0.07276455229980015,3.0574760762769473,248.76470588235293,123.98060806622375,0.49838504070130146,0.5294117647058824,10,0.17647058823529413,11,0.17647058823529413,17,0.5483870967741935,0.0,5,0,8,0.02117362371445856,0.6991869918699186,1,1,-0.46771315057424323,1.206896551724138
layering_01618,1.4302150738461537,1.4299841373846154,0.10278083879973399,0.26238129398864146,-0.02928242135358393,0.8603794201872913,4.005423266403338,0.0,0.8972191612002659,65,1.9538461538461538,2.3076923076923075,0.8466666666666667,127,150,2.3076923076923075,1.9538461538461538,0.82,0.06153846153846154,1.7624515302948702,36.567722401666664,2056.9343851033127,1863.4250745177842,20.200811768,-0.04936009378186744,4.299086759636123,251.36923076923077,131.83602139954596,0.5244715950162486,0.4461538461538462,14,0.13846153846153847,12,0.18461538461538463,65,0.5118110236220472,0.09230769230769231,5,0,10,0.005802019186460559,0.6336580086580086,1,1,-0.5119408634787161,1.264840182648402
layering_01619,0.11152839279999999,0.111306948,0.11771400503109404,0.27781145437898275,-0.0006115675851140457,0.7304203704254912,3.793207670529291,0.0,0.8822859949689061,50,1.98,2.2,0.8999999999999999,99,110,2.2,1.98,0.8818181818181818,0.06,1.7005123630929666,36.789453057500005,2702.898591985408,2421.325738614377,1.555167239,-0.054949361152983205,4.185979129952806,292.02,123.81758966400567,0.42400379995892634,0.34,13,0.16,12,0.16,50,0.5050505050505051,0.1,4,0,14,0.008013189172609462,0.6347789115646256,1,1,-0.5007485241805624,1.2901234567901234
layering_01621,0.25488180985714276,0.2546777518571429,0.11508495735858641,0.25008299040955995,-0.0053393252487096525,0.8492060669864261,4.064866509894869,0.006211180124223602,0.8849150426414136,70,1.9714285714285715,2.3,0.8571428571428572,138,161,2.3,1.9714285714285715,0.8322981366459627,0.02857142857142857,1.7140835335406943,49.585876508055556,2587.0892091182027,2342.005171257694,156.833447643,-0.049721920285449715,4.386236324506858,254.14285714285714,121.63264790012872,0.4785995139409224,0.5142857142857142,14,0.12857142857142856,12,0.11428571428571428,70,0.5072463768115942,0.14285714285714285,5,0,12,0.005437352245862884,0.6572294372294368,1,1,-0.5056588845551369,1.2723404255319148
layering_01623,0.4648097497619047,0.46464435000000004,0.15032355916737464,0.32015927572640596,0.007116028278097398,0.8433252460482744,3.9570801393904076,0.010416666666666666,0.8496764408326253,42,2.0476190476190474,2.2857142857142856,0.8958333333333333,86,96,2.2857142857142856,2.0476190476190474,0.8645833333333334,0.047619047619047616,1.5566567074584952,24.290728149722224,2132.8444229043657,2286.4421586361464,78.01905811,0.03475622883869148,3.9477689831561937,299.8333333333333,114.5953467464319,0.3821968207218407,0.5952380952380952,14,0.11904761904761904,12,0.16666666666666666,42,0.4883720930232558,0.07142857142857142,5,0,11,0.009219858156028368,0.63658810325477,1,1,-0.5353852628277299,1.2907801418439717
layering_01624,0.17245916035714284,0.17220209749999998,0.17604273417430646,0.30369500697074014,-0.011293403117131907,0.8455724862721027,4.092996684275182,0.014084507042253521,0.8239572658256934,28,1.9285714285714286,2.5357142857142856,0.7605633802816902,54,71,2.5357142857142856,1.9285714285714286,0.7183098591549296,0.0,1.2987207862168748,17.396377066666666,2319.5169422276667,2614.184683764497,32.216916073,0.05972548886710856,3.7439821537924862,261.60714285714283,114.41617966578053,0.43735877551424646,0.5,12,0.14285714285714285,12,0.14285714285714285,28,0.5185185185185185,0.07142857142857142,5,0,6,0.012133566297806252,0.6953989703989703,1,1,-0.5530557105713129,1.2254901960784315
layering_01625,0.13804675119999998,0.13785982819999998,0.08877577683590897,0.23353161296671285,-0.004552018211284514,0.7750518122795431,3.925632897458237,0.0,0.911224223164091,50,2.0,2.3,0.8695652173913044,100,115,2.3,2.0,0.8521739130434782,0.02,1.846108062366983,34.923500955,2565.808233430408,2368.291404290677,44.564186223,-0.04003097700535258,4.1170822611916815,283.4,135.00143612236886,0.4763635713562769,0.48,14,0.14,12,0.12,50,0.5,0.12,5,0,16,0.007755573190967462,0.6500271333604664,1,1,-0.5212004751728021,1.2874251497005988
layering_01626,0.10088895230769233,0.10068247884615385,0.13803352514599804,0.30375255153292025,-0.004754131770940173,0.7809584141774951,4.056617084166915,0.0,0.8619664748540019,26,1.8846153846153846,2.5384615384615383,0.7424242424242424,49,66,2.5384615384615383,1.8846153846153846,0.7121212121212122,0.019230769230769232,1.3829457416548023,16.290025126944442,2345.7636182898,2332.5618004739727,9.895414468,-0.0028219109690141757,3.5843031793250733,272.38461538461536,123.8932046314331,0.45484655752855985,0.5,12,0.15384615384615385,11,0.15384615384615385,26,0.5306122448979592,0.11538461538461539,5,0,6,0.0131548844657973,0.7184757236227826,1,1,-0.5226333326287994,1.2234042553191489
layering_01627,0.0775152087804878,0.07733999170731708,0.18996200899114915,0.3112931979654491,-0.0027738011271777,0.8533979344390192,3.9482756705699633,0.009345794392523364,0.8100379910088509,41,1.7804878048780488,2.6097560975609757,0.6822429906542056,73,107,2.6097560975609757,1.7804878048780488,0.6635514018691588,0.0,1.786131632580739,33.723752941111115,3035.1377647092,2257.277209072405,127.29700131,-0.146976486063599,4.161953223890355,319.2439024390244,114.62826450919617,0.35906171937329384,0.5121951219512195,14,0.12195121951219512,12,0.12195121951219512,41,0.5616438356164384,0.0975609756097561,5,2,9,0.008053691275167786,0.7187126838502984,1,1,-0.5068489927564676,1.2
layering_01628,0.45344648352941175,0.45322152764705886,0.05823126600188488,0.18807204358010263,0.005261139175096386,0.7343534794434962,3.7443820574797813,0.02040816326530612,0.941768733998115,68,2.0294117647058822,2.161764705882353,0.9387755102040817,138,147,2.161764705882353,2.0294117647058822,0.9183673469387755,0.08823529411764706,1.7188104166422635,44.18299397027778,2374.011616321567,2693.651750626762,7.401734779,0.06307446078401954,4.243343864508929,280.8382352941176,141.75916199237224,0.5047715879709542,0.4852941176470588,14,0.11764705882352941,12,0.14705882352941177,68,0.4927536231884058,0.07352941176470588,5,0,21,0.006024605758254767,0.6299259259259262,1,1,-0.5110791866147234,1.3073394495412844
layering_01629,0.06357007337662338,0.06335342402597403,0.1865839825058647,0.3218263749441373,-8.005866133866157e-05,0.8479927271035255,3.858036534365124,0.011428571428571429,0.8134160174941352,77,1.922077922077922,2.272727272727273,0.8457142857142856,148,175,2.272727272727273,1.922077922077922,0.8228571428571428,0.01948051948051948,1.484472486850986,45.99891103416667,2178.8957858343942,2025.9024384173392,6.719938456,-0.03638541952730229,4.424090807552847,265.14285714285717,130.55617003357057,0.4923993481869579,0.4675324675324675,14,0.14285714285714285,12,0.15584415584415584,77,0.5202702702702703,0.11688311688311688,5,0,10,0.0049479166666666664,0.6325973219827971,1,1,-0.5103247855284055,1.26171875
layering_01633,0.28971870015625,0.28949176125,0.15072681124926235,0.299567613615218,-0.005073614938186811,0.8867340174522865,3.9842946193653503,0.0,0.8492731887507377,64,1.96875,2.3125,0.8513513513513513,126,148,2.3125,1.96875,0.8243243243243243,0.0234375,1.681745044369927,42.07274910722222,2404.157091855603,1930.2688778274803,70.71439772,-0.10933125109131156,4.244054056098009,271.984375,136.32727803382238,0.5012320212652744,0.515625,14,0.125,12,0.125,64,0.5079365079365079,0.125,5,0,10,0.005900086132644272,0.6332550125313283,1,1,-0.5094872770854223,1.2685185185185186
layering_01639,2.8359875144680853,2.8357373131914887,0.0018194149294220496,0.00798967124997211,0.031549307526595745,0.5468157808492529,3.6522465381694467,0.01098901098901099,0.9981805850705777,47,1.8936170212765957,1.9361702127659575,0.978021978021978,89,91,1.9361702127659575,1.8936170212765957,0.945054945054945,0.20212765957446807,1.6029817414674041,39.16269855083333,3064.906843117891,2771.5410157324395,82.672785528,-0.05026444756815478,4.033653884514821,258.4468085106383,138.27993166205476,0.5350421328819112,0.425531914893617,14,0.1276595744680851,12,0.1702127659574468,47,0.5280898876404494,0.0,5,0,34,0.00911854103343465,0.6464201283350217,1,1,-0.45472582576474535,1.2765957446808511
layering_01640,0.6622380588135593,0.6620268937288135,0.15387146733132265,0.2790899114323875,-0.0056054047913500875,0.7825413849655917,3.929338803239362,0.0,0.8461285326686774,59,2.0338983050847457,2.2203389830508473,0.916030534351145,120,131,2.2203389830508473,2.0338983050847457,0.8931297709923665,0.01694915254237288,1.8168954147745755,32.65847998722222,2027.0780681849483,1773.7104535817834,8.329689868,-0.06666185533663715,4.266401584309659,306.0169491525424,126.61487785398734,0.4137511932088204,0.4745762711864407,14,0.13559322033898305,12,0.13559322033898305,59,0.49166666666666664,0.0847457627118644,5,0,27,0.00677353195164076,0.6663468372423597,1,1,-0.5155670946375527,1.3005181347150259
layering_01645,0.480776048292683,0.4805672753658536,0.04150741260125865,0.14146267726901038,-0.016082894848432054,0.7218240888912605,3.770029622336455,0.021052631578947368,0.9584925873987414,41,2.024390243902439,2.317073170731707,0.8736842105263158,83,95,2.317073170731707,2.024390243902439,0.8315789473684211,0.08536585365853659,1.7951652628813393,21.310095496944445,1917.9085947395251,1657.2004508651505,19.485459527,-0.07292313060909161,4.265969382585243,258.7317073170732,129.16985414372888,0.49924246039714215,0.3902439024390244,12,0.21951219512195122,11,0.17073170731707318,41,0.4939759036144578,0.024390243902439025,5,0,13,0.009146968139773896,0.6801106301106302,1,1,-0.5241815565237982,1.2714285714285714
layering_01647,0.28674642695652175,0.28654758565217386,0.070605694776545,0.213402459127517,-0.007961090901017575,0.8237776470748475,3.801550463189021,0.027522935779816515,0.929394305223455,46,2.0217391304347827,2.369565217391304,0.853211009174312,93,109,2.369565217391304,2.0217391304347827,0.8165137614678899,0.06521739130434782,1.6418983798350446,31.968246253055558,2557.4597002594446,2386.083371793944,34.748642299,-0.034666700778702104,4.085758358477045,276.8478260869565,126.03596795118172,0.4552535944840486,0.41304347826086957,13,0.15217391304347827,11,0.15217391304347827,46,0.4946236559139785,0.06521739130434782,5,0,11,0.008040761085900804,0.6914594746453154,1,1,-0.5356135312630492,1.270440251572327
layering_01648,0.1938470708474576,0.19363213864406778,0.18285037284819347,0.3213244844954299,-0.00394273965634132,0.8836172840678013,3.9372510652532564,0.014084507042253521,0.8171496271518064,59,1.8644067796610169,2.406779661016949,0.7746478873239437,110,142,2.406779661016949,1.8644067796610169,0.7605633802816901,0.03389830508474576,1.8292670382853013,37.03466778583333,2298.7035177462244,1864.9195928095826,153.799373785,-0.10418424372679003,4.259076101162205,275.0,136.1677464468506,0.49515544162491126,0.4745762711864407,14,0.13559322033898305,12,0.11864406779661017,59,0.5363636363636364,0.05084745762711865,5,0,12,0.006145442130419939,0.654783950617284,1,1,-0.5013748823267884,1.2413793103448276
layering_01649,1.19070566,1.1905009078723403,0.10164739323732687,0.2573455736885723,0.0482519450474098,0.8650762747008449,4.0465028900577416,0.0,0.8983526067626733,47,1.9787234042553192,2.0638297872340425,0.9587628865979382,93,97,2.0638297872340425,1.9787234042553192,0.9175257731958762,0.11702127659574468,1.6970788748887506,40.84922375,3196.8957717581734,3400.355109371726,20.81170653,0.030840018256014318,4.198235533310011,297.51063829787233,127.42548928353752,0.4283056566063265,0.3829787234042553,14,0.1276595744680851,12,0.14893617021276595,47,0.5053763440860215,0.06382978723404255,5,0,13,0.008733223018937305,0.6222850856514224,1,1,-0.48571584336054957,1.2837837837837838
layering_01650,0.9791408805063289,0.9789044084810127,0.05871053539049688,0.18438591815326172,-0.027760848230769228,0.7792353285938293,3.8834875550089087,0.0,0.941289464609503,79,2.050632911392405,2.329113924050633,0.8804347826086956,162,184,2.329113924050633,2.050632911392405,0.8695652173913043,0.06962025316455696,1.7572431398571304,52.309779561666666,2414.2975182319874,2387.843684961672,12.241292618,-0.0055087578958991044,4.425378104143128,270.9873417721519,126.75976609024445,0.467770063580405,0.45569620253164556,14,0.11392405063291139,12,0.13924050632911392,79,0.4876543209876543,0.10126582278481013,5,0,28,0.00494568324757004,0.6938940092165897,1,1,-0.5338612521969021,1.3056603773584905
layering_01651,0.17903906690140847,0.17882981591549296,0.16333790524504982,0.3028180667712122,-0.0017914561820925555,0.8604730947305745,4.001149710573381,0.041176470588235294,0.8366620947549503,71,1.943661971830986,2.3943661971830985,0.811764705882353,138,170,2.3943661971830985,1.943661971830986,0.7941176470588235,0.04225352112676056,1.542012124385208,37.7781253025,1942.875015563043,2039.3002555067285,18.034650819,0.02421421293136146,4.216304958947769,275.4366197183099,119.53394406065658,0.43397985417808427,0.5211267605633803,14,0.14084507042253522,12,0.1267605633802817,71,0.5144927536231884,0.04225352112676056,5,0,11,0.005194629966943264,0.676259289843105,1,1,-0.5233991746096471,1.2622950819672132
layering_01653,0.13412724666666667,0.13388593333333332,0.07324962268290822,0.20297693679606224,-0.0023087169314230075,0.7172088376740744,3.910852670158012,0.0,0.9267503773170919,78,2.0256410256410255,2.282051282051282,0.8876404494382023,158,178,2.282051282051282,2.0256410256410255,0.8707865168539326,0.03205128205128205,1.7473816239242463,48.91004404861111,2286.7033581250907,2280.6863655944207,5.737261007,-0.001317381019496182,4.307570733963239,291.97435897435895,126.8070396627305,0.43430882118613245,0.4358974358974359,14,0.11538461538461539,12,0.1282051282051282,78,0.4936708860759494,0.14102564102564102,5,0,35,0.00502828409805154,0.6831316320266594,1,1,-0.5266135722279122,1.2972972972972974
layering_01654,0.33932137742857144,0.33910499000000005,0.12371357412402689,0.28579128296654616,0.008196899994397757,0.8413488282261576,4.013462747658687,0.0125,0.876286425875973,35,2.0285714285714285,2.2857142857142856,0.8875,71,80,2.2857142857142856,2.0285714285714285,0.8375,0.05714285714285714,1.68193711010668,18.544876104722224,1963.5751169787943,1868.1777453336092,51.831745904,-0.024896535625633816,3.8897379316274643,277.54285714285714,141.3105347342892,0.5091485192196955,0.45714285714285713,13,0.17142857142857143,12,0.17142857142857143,35,0.49295774647887325,0.08571428571428572,5,0,10,0.010753453923942459,0.6541288737717308,1,1,-0.5154220142122005,1.26890756302521
layering_01655,0.18015421920000002,0.1799325324,0.09272992717282667,0.22960315159789466,-0.005325015734933973,0.8151406387335082,3.8836668127296403,0.017543859649122806,0.9072700728271734,50,1.9,2.28,0.8333333333333334,95,114,2.28,1.9,0.7982456140350878,0.06,1.6973206585910705,35.83347988916667,2632.6638286088573,2815.8843532952224,80.881915453,0.03362740285474281,3.9985629396175058,290.92,126.22426429953627,0.4338796380432293,0.44,14,0.14,12,0.14,50,0.5263157894736842,0.2,5,0,9,0.007449386940404905,0.6657250470809797,1,1,-0.48998692199788224,1.244047619047619
layering_01658,0.37576165301886794,0.37554094264150945,0.1670867231410014,0.31817088823576334,-0.008652629435574904,0.9067403806214496,4.0395503954318075,0.007352941176470588,0.8329132768589987,53,1.9811320754716981,2.5660377358490565,0.7720588235294118,105,136,2.5660377358490565,1.9811320754716981,0.7426470588235294,0.018867924528301886,1.6822803854663257,43.10745550944445,2984.362304503384,2963.0416212246528,5.122694106,-0.003584872247620457,4.140392803829795,271.07547169811323,135.19470987838298,0.49873457392317794,0.4339622641509434,13,0.11320754716981132,12,0.1320754716981132,53,0.5047619047619047,0.1509433962264151,5,0,7,0.0065036701208981,0.7285260770975055,1,1,-0.5452740581889506,1.2487046632124352
layering_01660,0.1198480352112676,0.11965450746478873,0.17331171659961608,0.30754800643564906,0.00029947798792756547,0.8610667206324566,4.052710067727209,0.0,0.826688283400384,71,1.9014084507042253,2.3098591549295775,0.823170731707317,135,164,2.3098591549295775,1.9014084507042253,0.8109756097560976,0.056338028169014086,1.6615429364635188,34.28160402555555,1763.0539213199434,2027.1937866174821,5.803809723,0.06968934108036919,4.2994054452842505,277.32394366197184,134.9016334379438,0.4864406284456073,0.36619718309859156,14,0.14084507042253522,12,0.15492957746478872,71,0.5259259259259259,0.056338028169014086,5,0,13,0.005345777014946721,0.6548862115127172,1,1,-0.5095914137608617,1.261603375527426
layering_01662,0.07233934554054053,0.07213014256756757,0.19700740713238535,0.32535493219161316,2.1965190522028964e-05,0.8175148985064291,3.8251316084671227,0.0055248618784530384,0.8029925928676146,74,1.9594594594594594,2.445945945945946,0.8011049723756906,145,181,2.445945945945946,1.9594594594594594,0.7845303867403315,0.02702702702702703,1.68562409275148,44.77790739527777,2208.225570188959,2238.951579871507,14.712570269,0.006909104055396183,4.428850414339488,254.95945945945945,121.37775734369953,0.47606689157967697,0.5135135135135135,14,0.1891891891891892,12,0.12162162162162163,74,0.5103448275862069,0.05405405405405406,5,0,13,0.004916598799505323,0.6970281228433398,1,1,-0.5284332776988078,1.2635658914728682
layering_01663,0.9608138640000001,0.9606006424,0.0002764455416094399,0.0002194317365559184,0.02815049833846153,0.5335248043712785,3.547977203003826,0.038461538461538464,0.9997235544583906,25,2.0,2.08,0.9615384615384615,50,52,2.08,2.0,0.9038461538461539,0.22,1.6027395395270596,16.582989158055558,2487.448373725,1854.8831318423813,220.148322105,-0.14567410182101373,3.8936606896651025,282.48,122.47180627937736,0.43355921226061084,0.36,11,0.16,11,0.16,25,0.5,0.16,5,0,19,0.016139240506329113,0.6744588744588745,1,1,-0.46895341213651043,1.275
layering_01665,0.1277594701666667,0.1275419468333333,0.12632010561316384,0.2518186179148517,-0.001657603579049736,0.8260566407859832,4.032227989389211,0.014925373134328358,0.8736798943868361,60,1.9166666666666667,2.2333333333333334,0.8582089552238806,115,134,2.2333333333333334,1.9166666666666667,0.8283582089552238,0.03333333333333333,1.8118250297794027,36.41412447666667,2221.8787816388476,2096.4352347647305,16.4244566,-0.029049195217764716,4.098499037847476,274.15,129.44167261809272,0.47215638379752956,0.45,14,0.18333333333333332,12,0.13333333333333333,60,0.5217391304347826,0.13333333333333333,5,0,11,0.006383633287186587,0.6583965953531171,1,1,-0.4986081193846723,1.2575757575757576
layering_01666,0.058372640597014934,0.0581676604477612,0.23377388392597886,0.3319328815430557,-0.001495271603879001,0.8500241198305467,4.0245140349441595,0.006211180124223602,0.7662261160740212,67,1.9402985074626866,2.4029850746268657,0.8074534161490683,130,161,2.4029850746268657,1.9402985074626866,0.7950310559006211,0.029850746268656716,1.5388650423896315,53.09182133861111,2895.9175275751363,3023.922526785725,8.624711888,0.021623050291078996,4.112835139074966,284.7164179104478,117.36821184038965,0.41222846473611374,0.4626865671641791,14,0.1044776119402985,12,0.14925373134328357,67,0.5153846153846153,0.08955223880597014,5,0,11,0.005524966774254794,0.6908462362450087,1,1,-0.5193642865739941,1.2652173913043478
layering_01668,0.2804485969565217,0.28023758086956524,0.06111333923326708,0.18319277993695987,-0.006982704052246986,0.721822903489842,3.816390843359863,0.006622516556291391,0.938886660766733,69,1.9275362318840579,2.1884057971014492,0.8807947019867549,133,151,2.1884057971014492,1.9275362318840579,0.8609271523178808,0.08695652173913043,1.8550392327523246,45.76794256972222,2423.0087242828386,2019.1383858884576,22.441029212,-0.09091782157993572,4.344051906574626,292.0869565217391,133.41407668150126,0.4567615009935292,0.43478260869565216,14,0.11594202898550725,12,0.15942028985507245,69,0.518796992481203,0.14492753623188406,5,0,18,0.005736678382418293,0.6852143887858171,1,1,-0.48368049797437657,1.2735426008968609
layering_01669,0.4116770279545454,0.4114400347727272,0.05147670536830926,0.20396311182550464,-0.00888919693516561,0.7362638311916744,3.6010780411808088,0.030927835051546393,0.9485232946316906,44,2.022727272727273,2.2045454545454546,0.9175257731958764,89,97,2.2045454545454546,2.022727272727273,0.8865979381443299,0.056818181818181816,1.8166848954331862,25.344523124166667,2121.8670522585116,2129.079857587232,31.211332125,0.001696752625165551,4.08809760888797,298.72727272727275,141.63979266720074,0.47414416291515765,0.5,14,0.18181818181818182,12,0.13636363636363635,44,0.4943820224719101,0.06818181818181818,5,1,18,0.009032634032634032,0.6525555555555556,1,1,-0.5097273016544102,1.2916666666666667
layering_01671,1.9557068679661018,1.955516571016949,0.14205700246110703,0.30830016627870954,-0.053413045894213924,0.8608668774299993,4.090089730035192,0.045454545454545456,0.8579429975388931,59,1.8983050847457628,2.23728813559322,0.8484848484848486,112,132,2.23728813559322,1.8983050847457628,0.8333333333333334,0.059322033898305086,1.7298352257658531,43.7304260425,2714.3023061006033,2443.8775083221312,60.792913591,-0.052426399913849474,4.272580024589578,319.3898305084746,133.10146725131744,0.4167367102434584,0.3898305084745763,14,0.1694915254237288,12,0.13559322033898305,59,0.5267857142857143,0.1016949152542373,5,0,11,0.006584628670120898,0.6397003079838902,1,1,-0.4798761809762294,1.2642487046632125
layering_01672,0.10317655774999998,0.10296911949999998,0.163203986249421,0.29563337346039337,-0.0036482947317073165,0.7482545072523828,3.880271604176656,0.031578947368421054,0.836796013750579,40,1.95,2.375,0.8210526315789474,78,95,2.375,1.95,0.8,0.05,1.6937878750863953,25.16230148611111,2322.6739833441793,2008.2159125374212,84.281111775,-0.0726081887017695,4.065311532197691,277.625,137.62186906939553,0.4957113699032707,0.5,14,0.125,12,0.175,40,0.5128205128205128,0.1,5,1,9,0.009285100901674538,0.6577401407298313,1,1,-0.5263744113328722,1.2627737226277371
layering_01678,0.06268445285714286,0.06248834047619047,0.22418443578672614,0.34840323584153143,0.00030438627501823195,0.7925368390679046,3.732825305744514,0.0,0.7758155642132739,42,1.8333333333333333,2.261904761904762,0.8105263157894737,77,95,2.261904761904762,1.8333333333333333,0.7789473684210526,0.023809523809523808,1.5527649004352533,22.821480373611113,2003.8373011084147,1706.8940562891578,50.489438682,-0.08002283545190687,4.2165060421471745,272.7142857142857,137.99598539835395,0.5060093754785111,0.4523809523809524,13,0.14285714285714285,12,0.19047619047619047,42,0.5454545454545454,0.14285714285714285,5,0,7,0.008838643371017472,0.6680110139293812,1,1,-0.49493476450595575,1.2285714285714286
layering_01681,0.7025662403749999,0.7023678145,0.12702364620407294,0.26527126628238357,-0.002955760718237225,0.8557927514819965,3.9325901669377266,0.0,0.872976353795927,80,2.0125,2.275,0.8846153846153847,161,182,2.275,2.0125,0.8681318681318682,0.06875,1.6040667827474517,54.04682960583334,2462.893501028961,2162.5193000944078,17.696473629,-0.06493997700304754,4.38712598983384,276.9625,119.63080799492658,0.43193864871571636,0.4625,14,0.15,12,0.1625,80,0.4968944099378882,0.0625,5,0,16,0.004902801600914808,0.6207722007722005,1,1,-0.5119397053421572,1.2943396226415094
layering_01683,1.4665922268421054,1.4663664589473684,0.18019775823571596,0.29727882279478435,-0.06116663132071343,0.8755364224525398,4.100035329461787,0.011904761904761904,0.819802241764284,38,2.026315789473684,2.210526315789474,0.9166666666666665,77,84,2.210526315789474,2.026315789473684,0.8809523809523809,0.09210526315789473,1.438243542614658,28.08446701361111,2732.542736482162,2797.1571692788684,70.567027967,0.011684979998532791,3.8290815407639633,256.86842105263156,109.36009723710845,0.42574364255815195,0.3157894736842105,12,0.13157894736842105,12,0.21052631578947367,38,0.4935064935064935,0.10526315789473684,5,0,10,0.010387096774193548,0.6308976464148877,1,1,-0.49978983213528083,1.288
layering_01684,0.2150484405882353,0.2147998691176471,0.14606849525214627,0.27580343935446444,0.0006560754658930413,0.7917506720050295,3.9752245577387724,0.020134228187919462,0.8539315047478537,68,2.014705882352941,2.1911764705882355,0.919463087248322,137,149,2.1911764705882355,2.014705882352941,0.8993288590604027,0.0661764705882353,1.6266487892257508,46.84062841388889,2516.8098849322832,3023.9049957955344,23.91052172,0.09152160357990487,4.143052407621634,277.5735294117647,126.58703762558004,0.4560486653530831,0.39705882352941174,14,0.11764705882352941,12,0.1323529411764706,68,0.49635036496350365,0.19117647058823528,5,0,16,0.005936073059360731,0.6271146616541357,1,1,-0.49821837570286237,1.3
layering_01691,1.4256234710000002,1.425415846142857,0.09505555246331328,0.2411887078683778,-0.02545000415554196,0.8427102535398875,3.929733812853323,0.05732484076433121,0.9049444475366868,70,2.085714285714286,2.242857142857143,0.9299363057324841,146,157,2.242857142857143,2.085714285714286,0.9044585987261147,0.04285714285714286,1.6473129454872182,47.87070770472222,2497.6021411288407,2484.2938888797303,11.983703596,-0.002671322759236209,4.319507260748899,285.48571428571427,132.51991842160146,0.46419106732946874,0.5571428571428572,14,0.12857142857142856,12,0.12857142857142856,70,0.4794520547945205,0.15714285714285714,5,0,21,0.005702992659514398,0.620930691117026,1,1,-0.525647455565671,1.3116883116883118
layering_01693,0.10760408600000002,0.10739719399999999,0.09301154443606335,0.21862132850849592,-0.0062882115037594,0.7499243474182391,3.8006137404548364,0.020833333333333332,0.9069884555639366,20,2.05,2.4,0.8541666666666666,41,48,2.4,2.05,0.8125,0.025,1.8149798205107104,11.781594618611111,2232.302138271316,2264.4252750107053,30.72931849,0.007143670004213945,3.003701696042921,257.2,132.94977286653466,0.5169120251420477,0.25,11,0.2,10,0.15,20,0.4878048780487805,0.1,5,0,8,0.018426501035196687,0.7134126984126984,1,1,-0.5342546502665668,1.2714285714285714
layering_01697,0.9226862373333333,0.9224391253333334,0.0062460124830026,0.012683385606179015,-0.0348516142142857,0.7392384545351204,4.066677073679818,0.0,0.9937539875169974,15,2.066666666666667,2.2,0.9393939393939394,31,33,2.2,2.066666666666667,0.8181818181818182,0.16666666666666666,1.8256051990111728,11.397252827500001,2930.722155666858,2120.190333745617,199.288115881,-0.16047235496957155,3.3232314287817517,338.26666666666665,131.20402142501288,0.3878715651113901,0.3333333333333333,8,0.2,7,0.26666666666666666,15,0.4838709677419355,0.13333333333333333,5,0,7,0.024132730015082957,0.7257185757185757,1,1,-0.4977760288829355,1.2307692307692308
layering_01698,0.19175194261904757,0.19154988738095236,0.038100455351562916,0.15779883981280535,0.0013144709059233451,0.6338694209278355,3.484760882767933,0.0,0.9618995446484372,42,1.9761904761904763,2.2857142857142856,0.8645833333333334,83,96,2.2857142857142856,1.9761904761904763,0.8229166666666666,0.07539682539682539,1.3395655586765673,18.49111502638889,1623.6100998837803,1381.4532409480041,14.710100813,-0.08058294667051795,3.947768983154751,287.0952380952381,146.1862843527694,0.509190905856387,0.4523809523809524,14,0.14285714285714285,12,0.14285714285714285,42,0.5060240963855421,0.07142857142857142,5,0,12,0.00894016581760064,0.6573730158730159,1,1,-0.5113600527618201,1.2605633802816902
layering_01699,0.2956984442105263,0.29549390342105264,0.12539359154325816,0.2965745867716402,-0.0018183185742422577,0.8289862378899389,3.8252857673995044,0.012195121951219513,0.8746064084567419,38,2.0,2.1578947368421053,0.9268292682926829,76,82,2.1578947368421053,2.0,0.8780487804878049,0.06578947368421052,1.8055950053542953,18.06249325611111,1757.4317762713783,1720.4434566421367,22.955099617,-0.01063532103716542,3.948346513807108,301.57894736842104,134.66106232675477,0.44652010195608044,0.3157894736842105,11,0.15789473684210525,12,0.21052631578947367,38,0.5,0.13157894736842105,4,0,10,0.01035929714135851,0.6472683647102255,1,1,-0.49068015671952037,1.2741935483870968
layering_01701,0.10690184645161288,0.10668285161290327,0.11442619211792546,0.2440933892889156,-0.0009323428657047164,0.7833597225639604,3.9803909280570524,0.014814814814814815,0.8855738078820746,62,1.8709677419354838,2.1774193548387095,0.8592592592592593,116,135,2.1774193548387095,1.8709677419354838,0.8444444444444444,0.04838709677419355,1.591653804691827,38.51427580694444,2272.9736541957054,1999.843392254299,74.618448866,-0.06392276078572845,4.31777515057303,255.93548387096774,121.2963950064688,0.4739334818755398,0.3387096774193548,13,0.11290322580645161,12,0.14516129032258066,62,0.5344827586206896,0.08064516129032258,5,0,16,0.006370235013451094,0.615612327656123,1,1,-0.48690343757791127,1.2613065326633166
layering_01702,1.3516217907407408,1.3513744214814811,0.03593461563745166,0.12336622079765254,-0.08382754009768008,0.7110677448736032,3.589018557923844,0.0,0.9640653843625484,27,1.962962962962963,2.1481481481481484,0.9137931034482758,53,58,2.1481481481481484,1.962962962962963,0.8448275862068966,0.10493827160493828,1.6749424837846794,18.92356027888889,2620.185269406385,3268.523980644098,1.655634411,0.1100986113777234,3.6619328723533844,287.0740740740741,146.27211888645343,0.5095274429021084,0.5185185185185185,13,0.14814814814814814,11,0.14814814814814814,27,0.5094339622641509,0.14814814814814814,5,0,14,0.014172625127681308,0.6623271889400921,1,1,-0.48648705905781875,1.247191011235955
layering_01706,0.329016976056338,0.32878043464788725,0.07758130807646713,0.22409974838588484,-0.002237460752850436,0.6921229433030875,3.74820762011316,0.006802721088435374,0.9224186919235328,71,1.9859154929577465,2.0704225352112675,0.9591836734693878,141,147,2.0704225352112675,1.9859154929577465,0.9387755102040817,0.06338028169014084,1.6585895483145914,52.961324653333335,2723.7252678985997,3081.2517216205115,5.305207364,0.061589641848266756,4.134936205803106,277.11267605633805,129.01434574670643,0.46556638109357845,0.4507042253521127,14,0.1267605633802817,12,0.16901408450704225,71,0.5035460992907801,0.1267605633802817,5,0,37,0.005923488276429453,0.603005291005291,1,1,-0.48038904484451694,1.3031674208144797
layering_01707,0.627149549857143,0.6269574747142858,0.10145009979759029,0.26328568373597716,0.011830106832473096,0.8348169636501013,4.0582186505779205,0.013422818791946308,0.8985499002024097,70,1.9,2.1285714285714286,0.8926174496644295,133,149,2.1285714285714286,1.9,0.8791946308724832,0.07857142857142857,1.7224459083240022,55.92969440527778,2918.071012458942,2669.287451927446,32.935455644,-0.04452614990021365,4.252138868108103,278.8857142857143,132.3030713608395,0.47439888306826994,0.44285714285714284,14,0.12857142857142856,12,0.12857142857142856,70,0.5263157894736842,0.11428571428571428,5,0,16,0.005800082270670506,0.5917901818564073,1,1,-0.47326377920098744,1.2760180995475112
layering_01708,0.27151757322580644,0.2712872451612903,0.10547184892272027,0.266997723369645,-0.007594086814516128,0.7353823011727508,3.8291854220118333,0.0,0.8945281510772795,31,1.8709677419354838,2.225806451612903,0.8405797101449276,58,69,2.225806451612903,1.8709677419354838,0.782608695652174,0.08064516129032258,1.8411803921869785,19.94159380055556,2392.9912560950665,2002.6683701964837,2.934591534,-0.08879734080499845,4.002268084414876,246.5483870967742,115.0127061704278,0.46649141584237364,0.2903225806451613,12,0.16129032258064516,12,0.16129032258064516,31,0.5344827586206896,0.12903225806451613,5,0,7,0.011855862584017924,0.6828984561861275,1,1,-0.49042942034493353,1.2211538461538463
layering_01709,0.12039313636363637,0.12015696969696969,0.12679767893900534,0.2679424965876849,-0.003918398927460597,0.8134641102509674,3.9544438310791774,0.02054794520547945,0.8732023210609947,66,1.8636363636363635,2.212121212121212,0.8424657534246576,123,146,2.212121212121212,1.8636363636363635,0.815068493150685,0.03787878787878788,1.513202452294101,54.750547491944445,3032.338014952939,3171.041741333676,12.289875973,0.02235938018145224,4.306857863942319,283.24242424242425,131.39711513120014,0.4639033699935385,0.45454545454545453,14,0.15151515151515152,12,0.12121212121212122,66,0.5365853658536586,0.13636363636363635,5,0,14,0.005792420327304048,0.6466137566137569,1,1,-0.4779435545381707,1.2453703703703705
layering_01710,0.161882464375,0.16163600625000002,0.008154027818867366,0.014655611476305607,-0.008515768147058822,0.7356568025328282,3.894000616108642,0.05128205128205128,0.9918459721811326,16,1.8125,2.4375,0.7435897435897436,29,39,2.4375,1.8125,0.6666666666666666,0.0,1.5461796919431696,10.208956533055556,2450.149567966667,1556.9391316082872,283.534732563,-0.22290757787645818,3.1249999999870157,329.0625,103.42241455957858,0.31429413731305933,0.4375,10,0.125,9,0.25,16,0.5517241379310345,0.0,5,0,4,0.0205686630369026,0.7245086923658353,1,1,-0.5092943706176115,1.1724137931034482
layering_01711,0.515741157735849,0.515537642264151,0.15324467486645998,0.31822295929643574,0.003258065695855506,0.7566263239653253,3.890489732715419,0.016129032258064516,0.8467553251335399,53,2.018867924528302,2.339622641509434,0.8629032258064517,107,124,2.339622641509434,2.018867924528302,0.8467741935483871,0.05660377358490566,1.7006037515017982,33.97308774111111,2351.9829974616728,2153.432465205934,4.60488232,-0.044069305905515575,4.0430105498886055,273.07547169811323,123.57726469027753,0.45253886744867744,0.4339622641509434,14,0.11320754716981132,12,0.18867924528301888,53,0.4953271028037383,0.05660377358490566,5,0,13,0.007250015692674659,0.6854434366339128,1,1,-0.5371916196407629,1.2905027932960893
layering_01717,0.11931798754098359,0.11909355885245901,0.12775312875023254,0.283508183682344,-0.0016880992945531466,0.7736850542914637,4.060233475894414,0.0,0.8722468712497674,61,2.0,2.2295081967213113,0.8970588235294118,122,136,2.2295081967213113,2.0,0.8823529411764706,0.03278688524590164,1.6748415920745447,34.45295005083334,2067.1770030621333,2242.7753739570867,9.58870517,0.0407425315953022,4.196089181332375,292.95081967213116,118.97960976984083,0.406141924787929,0.3770491803278688,14,0.11475409836065574,12,0.16393442622950818,61,0.5,0.08196721311475409,5,0,25,0.0065478909700015225,0.6745169082125602,1,1,-0.5012623572048289,1.2964824120603016
layering_01718,0.1225723852173913,0.12233925594202899,0.10670897610348973,0.25418443505890437,-0.0012525432056996707,0.7174676396461711,3.8183418582272943,0.013157894736842105,0.8932910238965102,69,1.9275362318840579,2.2028985507246377,0.875,133,152,2.2028985507246377,1.9275362318840579,0.8618421052631579,0.07246376811594203,1.7514413314397206,38.568050480277776,2041.8379666089115,1511.3049807879484,152.957147507,-0.1493137184952403,4.4271727398110094,252.81159420289856,132.81569221628794,0.5253544349302837,0.4782608695652174,14,0.14492753623188406,12,0.13043478260869565,69,0.518796992481203,0.13043478260869565,5,0,16,0.005756877954187371,0.6291383219954648,1,1,-0.48324791440495174,1.2780269058295963
layering_01720,0.22230425615384616,0.2220645638461538,0.19539700794212214,0.3416426122560032,-0.003765386405703063,0.8389348135283994,3.8538650856858037,0.008264462809917356,0.8046029920578779,52,1.8846153846153846,2.326923076923077,0.8099173553719008,98,121,2.326923076923077,1.8846153846153846,0.7768595041322314,0.019230769230769232,1.5262349099451944,36.77177270138889,2595.6545436305487,2603.5978168661736,57.433431039,0.0015277722035531374,4.20844339261947,218.01923076923077,128.81229547703646,0.5908299695515477,0.5576923076923077,14,0.1346153846153846,12,0.17307692307692307,52,0.5306122448979592,0.11538461538461539,5,0,8,0.007030046224961479,0.6697650793650792,1,1,-0.5010066078695199,1.2372881355932204
layering_01722,0.22612956492753622,0.22592003159420287,0.08629447840250648,0.2311825465967993,-0.002598097074534161,0.7894859806289833,3.725734139546302,0.0,0.9137055215974935,69,1.9565217391304348,2.2028985507246377,0.8881578947368421,135,152,2.2028985507246377,1.9565217391304348,0.8618421052631579,0.036231884057971016,1.686531844741039,47.080195519722224,2492.4809392938823,2182.659551629853,7.714805549,-0.06626996306646037,4.4490535369751685,268.40579710144925,123.88506519215345,0.4615588281997078,0.463768115942029,14,0.14492753623188406,11,0.18840579710144928,69,0.5111111111111111,0.08695652173913043,5,0,15,0.005694444444444445,0.618956043956044,1,1,-0.4884648180704876,1.2755555555555556
layering_01728,0.15090807088235292,0.15067509382352937,0.08332157967063965,0.2202657757101034,6.306261327632919e-05,0.7783128523295881,3.961758607454855,0.0,0.9166784203293604,68,2.0,2.161764705882353,0.9251700680272109,136,147,2.161764705882353,2.0,0.9047619047619048,0.08823529411764706,1.631966714737046,42.9720518225,2308.9460680813886,2245.769887402449,22.216340647,-0.013870498467171368,4.166250209581285,266.1617647058824,129.17009615279736,0.4853067317746958,0.45588235294117646,14,0.1323529411764706,12,0.22058823529411764,68,0.5,0.08823529411764706,5,0,28,0.005982327823109119,0.6346772486772484,1,1,-0.48544697378424584,1.298165137614679
layering_01730,0.6028681039999999,0.6026259973333332,0.008123311366341748,0.022094884797554264,-0.05334064971428572,0.6820044133233287,3.5114684610691445,0.0,0.9918766886336581,15,1.6666666666666667,2.2666666666666666,0.7352941176470589,25,34,2.2666666666666666,1.6666666666666667,0.6176470588235294,0.06666666666666667,1.8256051990111728,12.421460928055554,3194.0899529592134,2736.8788522390523,70.529055602,-0.07708877179044225,3.240223928927425,258.6,127.275741151699,0.49217223956573464,0.4,9,0.2,10,0.2,15,0.6,0.06666666666666667,4,0,3,0.021407837445573296,0.7451545530492898,1,1,-0.43890992629908054,1.1132075471698113
layering_01731,0.43268035346153844,0.43245110403846154,0.09290460051098214,0.2194744190248057,-0.010269561356185435,0.8130628985934758,3.926497127452382,0.0,0.9070953994890179,52,1.9807692307692308,2.1923076923076925,0.9035087719298245,103,114,2.1923076923076925,1.9807692307692308,0.868421052631579,0.019230769230769232,1.7068852194412263,36.20390489472222,2555.5697572889803,2261.3240334823186,51.627714753,-0.06108619716100198,4.329589477434944,284.1730769230769,120.1356620664773,0.42275525664592406,0.46153846153846156,14,0.15384615384615385,12,0.15384615384615385,52,0.5048543689320388,0.1346153846153846,5,0,19,0.007553080403759137,0.6687516814635458,1,1,-0.5048997410293714,1.276470588235294
layering_01732,0.2359012652777778,0.23567172027777777,0.13205851456547713,0.28243064048977307,0.0030548269914463942,0.8157871632511412,3.9763797245983934,0.023391812865497075,0.8679414854345228,72,2.0694444444444446,2.375,0.8713450292397662,149,171,2.375,2.0694444444444446,0.8596491228070176,0.020833333333333332,1.7601261705893732,45.82647934916667,2323.596136026704,2281.258336477909,21.196382964,-0.00919416667814197,4.211456516817594,271.4166666666667,123.08896931162103,0.4535055670062795,0.4305555555555556,14,0.125,12,0.1388888888888889,72,0.48322147651006714,0.06944444444444445,5,0,15,0.005352960856473737,0.6919350399119185,1,1,-0.5360535065197899,1.3061224489795917
layering_01733,0.28257921159999994,0.282391082,0.11318817066633477,0.2814472931145316,-0.01378729915384615,0.8526532784535075,3.8744210652008726,0.03333333333333333,0.8868118293336653,25,2.08,2.4,0.8666666666666667,52,60,2.4,2.08,0.8166666666666667,0.06,1.6726291922691972,11.633407135277778,1745.0110702975417,1235.6526867946218,42.368163335,-0.17088756901577956,3.42268318923818,284.44,130.51822350410177,0.45886029919878274,0.56,12,0.16,10,0.2,25,0.4807692307692308,0.12,5,0,7,0.014629049111807733,0.6749559082892419,1,1,-0.5362853334642836,1.2727272727272727
layering_01735,0.43795934384615387,0.43772779923076927,0.008923877953112126,0.029027796687481077,0.008547061976068372,0.6222278015571341,3.8052315881506917,0.01818181818181818,0.9910761220468878,26,2.1153846153846154,2.1153846153846154,1.0,55,55,2.1153846153846154,2.1153846153846154,0.9454545454545454,0.11538461538461539,1.6673395705200265,16.684085208055556,2402.50826998876,1911.0294530963547,62.304084326,-0.11393868523790056,3.6423714487237056,303.34615384615387,120.85989982047555,0.3984223906849707,0.5769230769230769,10,0.3076923076923077,12,0.15384615384615385,26,0.4727272727272727,0.0,5,0,19,0.015777395295467584,0.6719896004378764,1,1,-0.5150931223578242,1.3095238095238095
layering_01737,0.5022319683928572,0.5020068732142857,0.030289299740426177,0.08715833246098875,-0.014286272744360902,0.7302663064702093,4.021119460167455,0.016260162601626018,0.9697107002595738,56,1.8928571428571428,2.1964285714285716,0.8617886178861788,106,123,2.1964285714285716,1.8928571428571428,0.8373983739837398,0.08928571428571429,1.6293203220990462,41.871426659166666,2740.675199515381,2408.0473672074595,73.676594574,-0.0646039533102361,4.193004422137536,284.07142857142856,135.91920824089277,0.478468422271184,0.44642857142857145,13,0.125,12,0.14285714285714285,56,0.5283018867924528,0.14285714285714285,5,0,19,0.006951611923987615,0.6573066263542457,1,1,-0.5049958105214173,1.2582417582417582
layering_01739,0.2766191405263158,0.2764646652631579,0.17291343068183399,0.3088492470993529,-0.01369024847368421,0.798662922719418,3.6700427723461218,0.0,0.8270865693181659,19,1.894736842105263,2.526315789473684,0.75,36,48,2.526315789473684,1.894736842105263,0.6666666666666666,0.0,1.3838077354597549,12.215862809722223,2443.1725619695553,2154.1527765998353,149.092618499,-0.06286694199015684,3.1158340921487935,302.42105263157896,125.61418700373054,0.4153619131693143,0.42105263157894735,11,0.15789473684210525,10,0.15789473684210525,19,0.5277777777777778,0.0,4,0,4,0.016901408450704224,0.7372557997557998,1,1,-0.5191519205180115,1.1830985915492958
layering_01744,0.16635480823529414,0.16612242058823531,0.11024306486460263,0.2506302627313584,8.825730769230719e-05,0.7665493408706967,3.938114031952288,0.009174311926605505,0.8897569351353973,51,1.803921568627451,2.1372549019607843,0.8440366972477065,92,109,2.1372549019607843,1.803921568627451,0.8073394495412844,0.0784313725490196,1.8866684155625433,33.522860011388886,2413.6459208359397,2215.7948652507976,120.798465399,-0.04273757128069575,4.179504450029606,234.5686274509804,134.13295715847926,0.5718282048886101,0.4117647058823529,14,0.1568627450980392,12,0.1568627450980392,51,0.5543478260869565,0.19607843137254902,5,0,11,0.0075190782582672455,0.6342955471274059,1,1,-0.4517676826881406,1.225609756097561
layering_01746,1.4643836546,1.4641779472000003,0.11855145742450629,0.26491605517938294,-0.023573534466266505,0.8134365022187937,4.016804455302183,0.0,0.8814485425754937,50,2.0,2.14,0.9345794392523364,100,107,2.14,2.0,0.897196261682243,0.06,1.634850917185036,26.985373824722224,1982.5988932560613,1710.9589083010164,61.8243947,-0.07354426261869537,4.11326968948337,285.58,116.74026463802069,0.4087830542685787,0.58,14,0.14,12,0.16,50,0.5,0.1,5,0,17,0.008035714285714285,0.6418775918775919,1,1,-0.49862029056909396,1.2857142857142858
layering_01748,1.6664390175999997,1.6662034393999996,0.11696992796918668,0.26618930729255047,0.009002990234333739,0.7559076592974961,3.8387515193608963,0.009708737864077669,0.8830300720308134,50,2.04,2.06,0.9902912621359223,102,103,2.06,2.04,0.9514563106796117,0.13666666666666666,1.7252662609972869,31.28055951361111,2298.16355610851,2068.9503130568114,51.417493381,-0.05248620711955644,4.183465189571351,263.8,124.29392419517832,0.47116726381796176,0.48,13,0.14,12,0.18,50,0.49019607843137253,0.14,5,0,25,0.008370080026130981,0.6254932502596057,1,1,-0.4841065129706906,1.305732484076433
layering_01749,0.13987803880597013,0.1396917295522388,0.12936488637916166,0.2625214141178764,-0.002196204612499002,0.6818207429780485,3.726818610207136,0.007042253521126761,0.8706351136208385,67,1.8656716417910448,2.1194029850746268,0.8802816901408451,125,142,2.1194029850746268,1.8656716417910448,0.8661971830985915,0.09203980099502487,1.6091163190030082,45.287473845,2470.2258460943185,2421.3574024432123,23.54597112,-0.009990312168502236,4.271240781641989,255.4179104477612,132.05544625829222,0.5170171740376076,0.40298507462686567,14,0.11940298507462686,12,0.14925373134328357,67,0.536,0.04477611940298507,5,0,39,0.006025727826675694,0.6649581128747792,1,1,-0.4569195242902845,1.2654028436018958
mixing_01751,0.9184626633333332,0.9178845537037036,0.00408504028121435,0.009096490026507795,0.02735792634310134,0.7470465378874193,3.229935925042704,0.4878048780487805,0.9959149597187857,27,4.37037037037037,4.555555555555555,0.959349593495935,118,123,4.555555555555555,4.37037037037037,0.0,0.0,1.7197639131919875,26.389311537222223,3653.904674406077,3632.9329423358754,304.339260255,-0.0028780292869457894,3.6023165584853545,275.037037037037,134.19144804846817,0.4879031911269379,0.4074074074074074,12,0.14814814814814814,10,0.14814814814814814,27,0.2288135593220339,0.18518518518518517,5,0,1,0.0033679915031583655,1.0,1,1,-0.7430322264747542,0.8992537313432836
mixing_01752,1.2428549983928572,1.2419758516071429,0.006064528257788395,0.009643855357614582,0.004110727074162678,0.7160088502660112,3.1003827369360155,0.4574898785425101,0.9939354717422114,56,4.160714285714286,4.410714285714286,0.9433198380566802,233,247,4.410714285714286,4.160714285714286,0.0,0.0,1.8280330504003741,52.23357926305555,3418.9251881440364,3029.5234581170353,21.27367094,-0.06038688549575151,4.306656707432527,272.1607142857143,124.76986477448854,0.45844186256619374,0.32142857142857145,14,0.14285714285714285,12,0.16071428571428573,56,0.24034334763948498,0.10714285714285714,5,0,1,0.0016738736225414982,1.0,1,1,-0.7307510656262243,0.8955223880597015
mixing_01753,1.0950202665217392,1.094379835652174,0.004498810210884588,0.008872126981656762,0.001952292717391311,0.7163594662866001,3.5858003492907673,0.35,0.9955011897891154,23,3.6956521739130435,4.3478260869565215,0.8500000000000001,85,100,4.3478260869565215,3.6956521739130435,0.0,0.0,1.3377780971881679,27.688206824166667,4530.79748033409,3804.6754610525454,121.851442283,-0.08711227597851838,3.5511911744454983,268.69565217391306,119.52460179721416,0.4448326604103439,0.5652173913043478,12,0.17391304347826086,11,0.17391304347826086,23,0.27058823529411763,0.08695652173913043,5,1,1,0.004296729840208101,1.0,1,1,-0.7003278978085726,0.8894230769230769
mixing_01754,0.6528946896551724,0.6520835765517241,0.005849802286084439,0.00907752884396114,0.004712070216748767,0.6731442810758294,2.944293452190289,0.5080645161290323,0.9941501977139154,29,4.137931034482759,4.275862068965517,0.9677419354838711,120,124,4.275862068965517,4.137931034482759,0.0,0.0,1.572704141541041,27.398472670833332,3522.660771979464,3396.2992617510467,46.456027379,-0.018263078499137744,3.762310736112229,258.0344827586207,115.85072993130325,0.44897382974846906,0.4482758620689655,12,0.1724137931034483,12,0.13793103448275862,29,0.24166666666666667,0.10344827586206896,5,0,1,0.003285929756517992,1.0,1,1,-0.7534974930920714,0.8937728937728938
mixing_01758,1.2661229773846157,1.2652077069230772,0.0059051902218996205,0.010219243177154117,0.0010150388745629373,0.7559958075018317,3.2893924230665084,0.3469387755102041,0.9940948097781005,65,3.769230769230769,4.523076923076923,0.8333333333333334,245,294,4.523076923076923,3.769230769230769,0.0,0.0,1.5995961989854348,56.74745234027778,3192.044194144937,2881.0235338148223,146.786271065,-0.051213105840761296,4.1659325745304905,252.53846153846155,126.87580996331079,0.5024019279692477,0.4461538461538462,14,0.12307692307692308,12,0.15384615384615385,65,0.2653061224489796,0.13846153846153847,5,0,1,0.0014799073067334409,1.0,1,1,-0.7010699406364124,0.8923841059602649
mixing_01759,0.9577881048571427,0.9569924501428572,0.0050430336623275,0.008422827833175129,-0.01615023780054239,0.6782674552078812,3.0406117441810068,0.5531914893617021,0.9949569663376725,70,4.0,4.7,0.851063829787234,280,329,4.7,4.0,0.0,0.0,1.6577040988528193,68.17566373444444,3556.9911513745938,3785.7240520017704,3.813185093,0.031150997184529162,4.321032625696586,280.8,136.01061339660865,0.48436828132695386,0.4142857142857143,13,0.12857142857142856,12,0.14285714285714285,70,0.25,0.07142857142857142,5,0,1,0.0013228720007298605,1.0,1,1,-0.728686980866282,0.8969072164948454
mixing_01760,0.639486161025641,0.6384435802564103,0.007597031621795825,0.009750589212687965,0.012941831269230776,0.685473290830741,2.936620231041708,0.5135135135135135,0.9924029683782043,39,4.589743589743589,4.743589743589744,0.9675675675675675,179,185,4.743589743589744,4.589743589743589,0.0,0.0,1.6761740892375119,31.74705728111111,3007.6159529484994,2408.4073476799904,224.060050849,-0.11063626797893858,4.201692923793737,271.64102564102564,127.79207766802233,0.47044468841352377,0.41025641025641024,13,0.10256410256410256,12,0.1282051282051282,39,0.21787709497206703,0.15384615384615385,5,0,1,0.0022468303643074948,1.0,1,1,-0.7372116705387596,0.9032258064516129
mixing_01761,0.7193226317391305,0.7186931410869564,0.004288970246625769,0.006620786028283138,-0.0003534470878815933,0.6769089240541952,3.346334313942448,0.38341968911917096,0.9957110297533742,46,3.4347826086956523,4.195652173913044,0.8186528497409326,158,193,4.195652173913044,3.4347826086956523,0.0,0.0,1.764962965923059,56.76493483833333,4541.194787086712,4125.497418363203,26.687898207,-0.04796493966430511,4.170543891734083,276.39130434782606,149.06098353222484,0.5393114080920516,0.43478260869565216,14,0.15217391304347827,12,0.15217391304347827,46,0.2911392405063291,0.08695652173913043,5,0,1,0.002232653995878177,1.0,1,1,-0.6769831609808048,0.8841309823677582
mixing_01762,0.6208614625581396,0.6200122679069767,0.006313456652041656,0.00828123616306735,-0.02028090862428269,0.7000964659407254,2.761574119118092,0.5843373493975904,0.9936865433479584,43,4.0,3.86046511627907,1.036144578313253,172,166,3.86046511627907,4.0,0.0,0.0,1.6403580681969965,44.23377813722222,3791.466697476952,3088.178849479708,122.777177618,-0.10222733761456021,4.158140917160619,288.90697674418607,140.89236248749953,0.48767379754990575,0.3953488372093023,12,0.16279069767441862,11,0.20930232558139536,43,0.25,0.11627906976744186,5,0,1,0.0023345765989777594,1.0,1,1,-0.6650351216128562,0.8871391076115486
mixing_01763,0.940758516590909,0.9398630093181819,0.0030402099052240605,0.004801478327873474,0.006282831212825938,0.6538164005551742,3.178562168987061,0.5330188679245284,0.9969597900947759,44,4.090909090909091,4.818181818181818,0.8490566037735848,180,212,4.818181818181818,4.090909090909091,0.0,0.0,1.7198198759675403,34.81143683138889,2914.4458742625347,3231.3670044074033,63.741560422,0.0515669995819098,4.178419619138813,281.04545454545456,114.79080154086057,0.408442120960526,0.4772727272727273,13,0.13636363636363635,12,0.13636363636363635,44,0.24444444444444444,0.09090909090909091,5,0,1,0.0020668564800168723,1.0,1,1,-0.7310157678604863,0.8990825688073395
mixing_01764,1.117796081016949,1.117094145762712,0.003099254001756309,0.004811861716332621,-0.013241598997662182,0.7359865727135276,3.013443243836657,0.5902255639097744,0.9969007459982437,59,4.372881355932203,4.508474576271187,0.9699248120300751,258,266,4.508474576271187,4.372881355932203,0.0,0.0,1.578985538538824,64.3250751861111,3992.590873622397,3915.6056891409007,6.475741267,-0.009734859758543463,4.292974406246951,261.0508474576271,127.1905201044553,0.48722508025989236,0.4745762711864407,14,0.11864406779661017,12,0.13559322033898305,59,0.22868217054263565,0.13559322033898305,5,0,1,0.0015443287180303324,1.0,1,1,-0.7471038134440446,0.8987993138936535
mixing_01765,0.7989812572857142,0.7981455515714285,0.0065879559862798325,0.010855399468787183,0.004424884767561895,0.7087896277594394,3.1914052091681406,0.4217252396166134,0.9934120440137203,70,4.071428571428571,4.4714285714285715,0.9105431309904153,285,313,4.4714285714285715,4.071428571428571,0.0,0.0,1.7299705277951278,81.46715366305556,4250.460191125609,3953.618895202319,6.088942054,-0.03618215924051424,4.288311282047252,251.38571428571427,124.03707870798127,0.49341339487177865,0.44285714285714284,14,0.11428571428571428,12,0.18571428571428572,70,0.24561403508771928,0.1,5,0,1,0.0013421432996076812,1.0,1,1,-0.7063036169558596,0.8952095808383234
mixing_01771,0.8721609724,0.8713553031999999,0.006218090681692654,0.00925441811161757,0.005431798438461538,0.7713289421289594,3.0314920095803015,0.33035714285714285,0.9937819093183073,25,4.04,4.48,0.9017857142857142,101,112,4.48,4.04,0.0,0.0,1.4986885704467692,16.86564022861111,2529.8460343263755,2659.4884985054127,124.615472375,0.02498248346850981,3.6430741894083725,258.92,110.4022644695298,0.42639527448451175,0.44,12,0.16,9,0.2,25,0.24752475247524752,0.08,5,0,1,0.0037761940219125626,1.0,1,1,-0.7289796006742105,0.8949579831932774
mixing_01773,0.6634727604081633,0.6626593814285714,0.005622390492688583,0.00882732727701994,-0.006038536332653063,0.6987684640753115,3.1443587569007914,0.3930131004366812,0.9943776095073114,49,4.0,4.673469387755102,0.8558951965065503,196,229,4.673469387755102,4.0,0.0,0.0,1.7732442663597303,53.48417996277778,4011.3134972175417,3804.9637889749297,96.997979217,-0.026399998450302005,4.323195302958076,256.51020408163265,112.83840260319539,0.4398982995907848,0.5102040816326531,14,0.12244897959183673,12,0.14285714285714285,49,0.25,0.12244897959183673,5,0,1,0.001895611992756532,1.0,1,1,-0.7394954946865061,0.8966244725738397
mixing_01774,0.8453347406666666,0.8443288146666666,0.005836123738110062,0.008501236334282479,-0.030540269575083424,0.6532872764798381,2.901186405612318,0.5208333333333334,0.9941638762618898,30,4.466666666666667,4.8,0.9305555555555556,134,144,4.8,4.466666666666667,0.0,0.0,1.6015152803117423,38.323408739444446,4757.3886711314135,5293.429239593072,232.863017826,0.05333302953281937,3.906890595583992,224.43333333333334,123.11101895649206,0.5485415964198369,0.6,14,0.13333333333333333,12,0.2,30,0.22388059701492538,0.06666666666666667,5,0,1,0.0029400566859850248,1.0,1,1,-0.7680440247163883,0.9025974025974026
mixing_01779,1.0111950376470589,1.0103259461764709,0.006410339544805096,0.010160154679105375,-0.0335362078212376,0.6407083237746853,2.867982452533972,0.3974358974358974,0.9935896604551949,34,4.470588235294118,4.588235294117647,0.9743589743589745,152,156,4.588235294117647,4.470588235294118,0.0,0.0,1.8112884632746133,34.6019266025,3774.755629376303,3181.952330212952,128.668355071,-0.08521319316649195,3.716016062311381,253.55882352941177,120.17239918486567,0.4739428804414143,0.5,12,0.17647058823529413,11,0.14705882352941177,34,0.2236842105263158,0.14705882352941177,5,0,1,0.0026410111299754765,1.0,1,1,-0.7726266636034373,0.9005847953216374
mixing_01780,0.6157777920833333,0.6149908554166666,0.004656122693602029,0.008045680502096074,-0.012885236926086957,0.6688678284375404,3.1326927281104435,0.4649122807017544,0.995343877306398,24,3.9583333333333335,4.75,0.8333333333333334,95,114,4.75,3.9583333333333335,0.0,0.0,1.4833557549773595,30.613274693333334,4791.642995509391,5598.764441755234,246.689030902,0.07767947995486166,3.490601562931967,273.25,117.2634529224871,0.42914346906674145,0.4583333333333333,11,0.20833333333333334,10,0.20833333333333334,24,0.25263157894736843,0.16666666666666666,5,0,1,0.0038663608110108038,1.0,1,1,-0.7347863810090435,0.8969957081545065
mixing_01781,0.8632372918918918,0.8624428774324323,0.00477236436487052,0.007036781299003175,-0.004061432296927063,0.7097703241582974,3.1210518802311724,0.4605263157894737,0.9952276356351296,74,4.013513513513513,4.108108108108108,0.9769736842105263,297,304,4.108108108108108,4.013513513513513,0.0,0.0,1.7255358002590344,77.2865950063889,3811.3937263516436,3533.568034821452,51.604246223,-0.03782534212755643,4.119436942017694,278.5135135135135,131.78128863409046,0.4731594060612661,0.35135135135135137,14,0.10810810810810811,12,0.14864864864864866,74,0.24915824915824916,0.10810810810810811,5,0,1,0.0013210242883833388,1.0,1,1,-0.6971477104246037,0.8903703703703704
mixing_01782,1.387512207586207,1.386735360689655,0.005346110663120938,0.00859664784797147,0.01743950830049261,0.7837346940326069,3.0472315768501703,0.43703703703703706,0.9946538893368791,29,3.793103448275862,4.655172413793103,0.8148148148148149,110,135,4.655172413793103,3.793103448275862,0.0,0.0,1.8072829153826813,34.09506122222222,4383.6507285868565,4022.340686606059,219.0885562,-0.0429824424193164,3.6040317545335077,276.0,145.47410176974554,0.5270800788758897,0.3103448275862069,12,0.13793103448275862,12,0.1724137931034483,29,0.2636363636363636,0.10344827586206896,5,0,1,0.0032753134942915966,1.0,1,1,-0.7039378010319155,0.8941605839416058
mixing_01783,0.7679594378571428,0.7670942502380951,0.007288724939174477,0.011029594355365388,0.02348202979256138,0.7111127605430498,3.4472373211103085,0.3924731182795699,0.9927112750608255,42,3.761904761904762,4.428571428571429,0.8494623655913978,158,186,4.428571428571429,3.761904761904762,0.0,0.0,1.7463011383180231,37.91107913416666,3328.7776800802685,3124.4369257878584,10.632973977,-0.031664955649637956,3.8199578985326212,252.28571428571428,143.46841000369923,0.5686743318379924,0.47619047619047616,14,0.11904761904761904,11,0.16666666666666666,42,0.26582278481012656,0.09523809523809523,5,1,1,0.002314783661933921,1.0,1,1,-0.7531480723088829,0.8911917098445595
mixing_01786,0.9222849419999999,0.9215820964285714,0.004033415979605239,0.007920153760333367,-0.006521455565217392,0.694145791044067,3.184438647801954,0.4582043343653251,0.9959665840203945,70,3.9,4.614285714285714,0.845201238390093,273,323,4.614285714285714,3.9,0.0,0.0,1.7382370985533304,69.20741656861111,3610.8217340159854,3684.9865432413862,1.014614964,0.010165399967620966,4.418957668154748,259.1142857142857,130.25666333698746,0.5026996600280694,0.38571428571428573,14,0.11428571428571428,12,0.12857142857142856,70,0.2564102564102564,0.07142857142857142,5,0,1,0.0013457066088645036,1.0,1,1,-0.7251376338745139,0.8948948948948949
mixing_01787,0.8607765239999999,0.8601305627142858,0.006934154620766815,0.01129206320653022,0.0010110232114425694,0.7721698632552899,3.186594914052447,0.4074074074074074,0.9930658453792333,70,3.7142857142857144,4.242857142857143,0.8754208754208754,260,297,4.242857142857143,3.7142857142857144,0.0,0.0,1.7083471561164587,57.042435115,2976.127049481826,3329.6981010214417,15.42834554,0.05607054479006563,4.178635339143465,249.12857142857143,137.69015009328814,0.5526871097270583,0.44285714285714284,13,0.15714285714285714,12,0.12857142857142856,70,0.2692307692307692,0.12857142857142856,5,0,1,0.0014191010491666285,1.0,1,1,-0.7030485393283545,0.8883572567783095
mixing_01788,0.7729203955555555,0.7720356222222222,0.007260308025355018,0.011848016959543486,-0.0191028192826377,0.7042637037350218,3.083128106281517,0.4406779661016949,0.9927396919746451,54,3.962962962962963,4.37037037037037,0.9067796610169492,214,236,4.37037037037037,3.962962962962963,0.0,0.0,1.8337480427770738,37.256669885,2530.641728054981,2289.0868449622185,6.759990433,-0.05011794324790089,4.166950354691423,258.0740740740741,134.93378555786367,0.5228490542569344,0.4074074074074074,14,0.12962962962962962,12,0.14814814814814814,54,0.2523364485981308,0.07407407407407407,5,0,1,0.0017750639023004827,1.0,1,1,-0.7141311820034297,0.8928571428571429
mixing_01789,0.8931558329411766,0.8924534004411765,0.005925686413110227,0.010210505563695326,0.0039787506017864615,0.7173067929328342,3.299827102843726,0.45084745762711864,0.9940743135868899,68,3.8088235294117645,4.338235294117647,0.8779661016949153,259,295,4.338235294117647,3.8088235294117645,0.0,0.0,1.7479455063309246,50.683766376111116,2723.3068500597765,3126.9985382682503,54.807340794,0.0690035239893427,4.2149273281696535,264.2352941176471,113.2399536115326,0.4285572598833602,0.4264705882352941,14,0.16176470588235295,12,0.16176470588235295,68,0.2625482625482625,0.08823529411764706,5,0,1,0.001434259647596709,1.0,1,1,-0.7036543700458138,0.8906752411575563
mixing_01791,1.2961672303846155,1.29527846,0.007020993183821805,0.00993421534271729,-0.0853405949059829,0.7121704443961159,3.276262995869659,0.28695652173913044,0.992979006816178,26,3.423076923076923,4.423076923076923,0.7739130434782607,89,115,4.423076923076923,3.423076923076923,0.0,0.0,1.7549369174433567,32.57214965638889,4690.38955054692,3643.632687885901,241.576980419,-0.1256004403052634,4.008132025808874,312.3076923076923,135.92373427205985,0.43522377968886156,0.5,10,0.15384615384615385,11,0.19230769230769232,26,0.29213483146067415,0.15384615384615385,5,2,1,0.00387317258401367,1.0,1,1,-0.7018378168011088,0.8869565217391304
mixing_01794,0.8491749168571427,0.848410142,0.003619304796711336,0.004872859845792672,0.03284564087114846,0.7316733428056222,3.3224411124895896,0.4755244755244755,0.9963806952032886,35,3.4285714285714284,4.085714285714285,0.8391608391608392,120,143,4.085714285714285,3.4285714285714284,0.0,0.0,1.4952230009215166,46.93302947694445,4969.379591699588,4307.56211600726,688.704088651,-0.07134004896705574,4.02844515940526,242.05714285714285,131.62914545332697,0.5437936840021771,0.5714285714285714,11,0.17142857142857143,12,0.11428571428571428,35,0.2916666666666667,0.05714285714285714,5,0,1,0.002971549951415723,1.0,1,1,-0.6600352981313327,0.8825503355704698
mixing_01801,0.99314658921875,0.9924827199999999,0.0057503183719447015,0.008979422260247363,0.0013430481089743579,0.8232452689816685,2.8933017018056115,0.46853146853146854,0.9942496816280553,64,4.0625,4.46875,0.9090909090909091,260,286,4.46875,4.0625,0.0,0.0,1.682070802741626,71.66882343055556,4095.3613388919207,4823.677119390681,40.428055478,0.0816585536552334,4.368693312562006,254.25,128.00136408003317,0.5034468597051452,0.453125,14,0.140625,12,0.203125,64,0.24615384615384617,0.078125,5,0,1,0.0014697569248162804,1.0,1,1,-0.722749499705415,0.8950819672131147
mixing_01805,1.424036743611111,1.4233195469444444,0.003948173182622704,0.008542101013376853,-0.016503196718760067,0.7517392314761362,3.1941897655414664,0.4148606811145511,0.9960518268173773,72,3.7916666666666665,4.486111111111111,0.8452012383900929,273,323,4.486111111111111,3.7916666666666665,0.0,0.0,1.593136930313253,69.32345835416666,3514.992254581887,3345.043257696896,25.40247172,-0.0247737780046181,4.369606821648273,287.8333333333333,127.41569983083043,0.4426718002229199,0.4444444444444444,14,0.1111111111111111,12,0.1388888888888889,72,0.26373626373626374,0.09722222222222222,5,0,1,0.001337654526030398,1.0,1,1,-0.7110111852838121,0.8922155688622755
mixing_01807,0.8193568522368423,0.818299274868421,0.007676652320100693,0.010871204513735154,-0.0032234378114832547,0.7166533645211196,2.9932807127546956,0.4297520661157025,0.9923233476798995,76,4.592105263157895,4.776315789473684,0.9614325068870524,349,363,4.776315789473684,4.592105263157895,0.0,0.0,1.7290838913553848,79.22132146805555,3802.623430472534,3854.7176917002366,21.08495073,0.006803178857587697,4.168807731976825,271.10526315789474,124.09024446720147,0.4577197912787474,0.4868421052631579,14,0.13157894736842105,12,0.14473684210526316,76,0.2177650429799427,0.09210526315789473,5,0,1,0.0011480982204477583,1.0,1,1,-0.7796211275418734,0.9035532994923858
mixing_01809,1.3803117834210525,1.3793943221052631,0.004214919225759677,0.007763062011967814,-0.020770970369104583,0.6510575145900045,3.1253353439633793,0.5757575757575758,0.9957850807742403,76,4.0394736842105265,4.776315789473684,0.8457300275482095,307,363,4.776315789473684,4.0394736842105265,0.0,0.0,1.5610339552414612,64.28110168388889,3085.4928808336667,3087.165248967543,11.164043915,0.00027093159846358123,4.430989324074985,275.25,110.73260585753411,0.40229829557687236,0.4473684210526316,14,0.10526315789473684,12,0.15789473684210525,76,0.247557003257329,0.11842105263157894,5,0,1,0.0012055346636198427,1.0,1,1,-0.7391680453714375,0.8981233243967829
mixing_01810,0.883364203653846,0.8827006980769231,0.004165481424314918,0.008444120933996388,-0.012556287395201912,0.6970004907706018,3.199341862342993,0.47783251231527096,0.9958345185756852,52,3.576923076923077,3.9038461538461537,0.9162561576354681,186,203,3.9038461538461537,3.576923076923077,0.0,0.0,1.8397791100139087,58.95599998777777,4161.599999143334,3620.5471047883307,19.142540038,-0.0695248865292786,4.468918563927472,292.21153846153845,134.26376389639142,0.459474545746124,0.46153846153846156,13,0.15384615384615385,11,0.15384615384615385,52,0.27956989247311825,0.11538461538461539,5,0,1,0.0020047412904555762,1.0,1,1,-0.6859588588153634,0.8820861678004536
mixing_01812,0.9358145251948052,0.9351489232467532,0.0031573261400119103,0.0074007248574789,0.0031433984644303084,0.647429268410586,3.3260353504003253,0.4672897196261682,0.9968426738599877,77,3.883116883116883,4.1688311688311686,0.9314641744548287,299,321,4.1688311688311686,3.883116883116883,0.0,0.0,1.7084715051832968,85.37376029222222,4044.02022438071,3983.7503084735495,76.747430824,-0.00750767796120992,4.290539912747113,259.9220779220779,128.7132437296757,0.49519934881508093,0.45454545454545453,14,0.11688311688311688,12,0.12987012987012986,77,0.25752508361204013,0.1038961038961039,5,0,1,0.0012780553769026533,1.0,1,1,-0.69560814575549,0.8895265423242468
mixing_01815,0.8611008178571428,0.8602894898571428,0.006258313243812948,0.010203648933858929,0.004187176746216431,0.6792042911432602,3.1125674579007936,0.4422535211267606,0.9937416867561871,70,4.1571428571428575,5.071428571428571,0.8197183098591551,291,355,5.071428571428571,4.1571428571428575,0.0,0.0,1.7932261060854726,75.59077116833333,3943.8663218297397,4084.6449761788344,94.200771607,0.01753483916551429,4.371671324381788,283.87142857142857,143.01240661986276,0.5037928872925567,0.4,14,0.12857142857142856,12,0.12857142857142856,70,0.24054982817869416,0.11428571428571428,5,0,1,0.0012618666249951166,1.0,1,1,-0.753767129741271,0.9022346368715084
mixing_01819,1.1311327476923076,1.1301886821153846,0.005704458421742642,0.009630606039932483,0.018593547848971225,0.6113207902601006,3.108948539442027,0.4889867841409692,0.9942955415782575,52,4.346153846153846,4.365384615384615,0.9955947136563876,226,227,4.365384615384615,4.346153846153846,0.0,0.0,1.5471928211668418,45.911215205000005,3240.7916615390195,3354.1361833309115,28.488650256,0.01718662045409042,3.989022055428759,289.96153846153845,131.77579913171618,0.45445958050465857,0.36538461538461536,14,0.1346153846153846,12,0.15384615384615385,52,0.23008849557522124,0.07692307692307693,5,0,1,0.0017798208392267797,1.0,1,1,-0.7317415769490926,0.897029702970297
mixing_01822,1.1401963128947368,1.1393607805263157,0.005453291457930616,0.010620719325922316,-0.009299909274537693,0.7328535227655927,3.151782660412518,0.5490196078431373,0.9945467085420693,38,4.394736842105263,4.026315789473684,1.091503267973856,167,153,4.026315789473684,4.394736842105263,0.0,0.0,1.5090275125283235,47.94592217694444,4665.008644245973,5213.545743154369,438.107940616,0.0555280739870229,3.9907054736592653,268.2894736842105,125.44771881733146,0.4675834541499358,0.39473684210526316,13,0.15789473684210525,12,0.18421052631578946,38,0.2275449101796407,0.21052631578947367,5,0,1,0.0025037948140149914,1.0,1,1,-0.733659406363695,0.8938547486033519
mixing_01823,1.18127659775,1.1805244422499999,0.003351506202114969,0.006712380350194328,-0.04156492739681051,0.6882192746250555,3.014868282746019,0.6136363636363636,0.9966484937978851,40,4.15,4.4,0.9431818181818182,166,176,4.4,4.15,0.0,0.0,1.7737191894107018,44.31415319027778,4090.537217566025,3884.0545719174374,53.88627502,-0.025892566177605193,4.0586949695354315,265.525,135.34892940953648,0.5097408131420261,0.45,11,0.175,10,0.15,40,0.24096385542168675,0.15,5,0,1,0.002349837160407305,1.0,1,1,-0.7140564973772998,0.8952879581151832
mixing_01824,0.7239650575409836,0.7231359303278687,0.006500963250991101,0.008913607327363644,-0.009906236800634582,0.7508909950116849,3.1793184176511304,0.31086142322097376,0.9934990367490089,61,3.901639344262295,4.377049180327869,0.8913857677902622,238,267,4.377049180327869,3.901639344262295,0.0,0.0,1.8591301394439916,51.198709378333334,3071.9225627054993,2826.4340880564578,36.184682661,-0.04161980856436158,4.351987132221538,267.8032786885246,134.9246480660139,0.5038200007362175,0.45901639344262296,14,0.13114754098360656,12,0.14754098360655737,61,0.25630252100840334,0.14754098360655737,5,0,1,0.0015791613246192815,1.0,1,1,-0.7132478576381341,0.892226148409894
mixing_01825,1.4762164760869567,1.4754494565217389,0.0034758888093572586,0.00571459736906688,0.02530948896245058,0.5603893460830234,2.5250361468358675,0.6747967479674797,0.9965241111906427,23,5.130434782608695,5.3478260869565215,0.959349593495935,118,123,5.3478260869565215,5.130434782608695,0.0,0.0,1.9246733686244013,20.701742876388888,3387.557925227409,2909.260725138464,177.022168463,-0.07595854774397134,3.740953260383198,252.95652173913044,120.71848478658917,0.47723017361491077,0.391304347826087,11,0.21739130434782608,9,0.17391304347826086,23,0.19491525423728814,0.13043478260869565,5,0,1,0.00347102200714368,1.0,1,1,-0.8476405454307173,0.9128787878787878
mixing_01826,0.841641536875,0.840597715,0.005276151872700939,0.0061646356281762574,-0.05085811929411765,0.7205305558106155,2.895898411644933,0.375,0.9947238481272991,16,5.0,6.0,0.8333333333333334,80,96,6.0,5.0,0.0,0.0,1.5461796919431696,10.758793149166666,2582.1103558137333,2813.7010608227442,275.824373781,0.04292045943172988,3.024397470333272,293.3125,163.69268717121523,0.5580828882888225,0.25,10,0.1875,9,0.1875,16,0.2,0.0625,5,0,1,0.004799301919720768,1.0,1,1,-0.8405603264666519,0.9166666666666666
mixing_01830,0.9197255580952379,0.9190218552380952,0.005144625068102639,0.00945182746604887,-0.0023147750846770907,0.7198885389404495,3.275575604528084,0.3388888888888889,0.9948553749318974,42,3.761904761904762,4.285714285714286,0.8777777777777778,158,180,4.285714285714286,3.761904761904762,0.0,0.0,1.6030013451159124,39.809281364722224,3495.4490954617318,3262.776219788883,17.149584031,-0.03442810276653535,4.139241458866795,255.21428571428572,140.14322564212583,0.5491198317911451,0.4523809523809524,14,0.11904761904761904,12,0.14285714285714285,42,0.26582278481012656,0.09523809523809523,5,0,1,0.002346896264407721,1.0,1,1,-0.6887781980380574,0.8894736842105263
mixing_01832,0.7605849104000001,0.7597470344000001,0.008069949825816823,0.011015566094545909,-0.026478629015384607,0.7984509642646151,2.795395082722852,0.31683168316831684,0.9919300501741833,25,3.88,4.04,0.9603960396039604,97,101,4.04,3.88,0.0,0.0,1.6027395395270596,29.574786180277776,4436.217927078834,5743.605457198524,80.914094379,0.12842929398352215,3.4936606896694316,241.96,146.51549406120841,0.6055360144701951,0.6,12,0.16,10,0.16,25,0.25773195876288657,0.2,4,0,1,0.003999515210277542,1.0,1,1,-0.6834473577436169,0.8878923766816144
mixing_01834,1.2161540546666667,1.2151220683333332,0.006346957997966208,0.010451697861643988,0.021815750440489425,0.7319430648535893,3.1411581180495958,0.4195804195804196,0.9936530420020337,30,4.166666666666667,4.766666666666667,0.8741258741258742,125,143,4.766666666666667,4.166666666666667,0.0,0.0,1.6997906153172615,32.424133571666665,4025.064857183449,4063.547065872229,1.838788597,0.004757578810165263,3.906890595583992,256.8,150.02905465735398,0.5842252907217834,0.3333333333333333,13,0.16666666666666666,10,0.13333333333333333,30,0.24,0.06666666666666667,5,0,1,0.0030280432964996723,1.0,1,1,-0.7561734495950029,0.8993288590604027
mixing_01837,0.6955104005263157,0.6948524973684211,0.004258176015210226,0.007205619915326201,0.03527531401754385,0.6119121894326177,3.1458636595017935,0.5487804878048781,0.99574182398479,19,4.105263157894737,4.315789473684211,0.951219512195122,78,82,4.315789473684211,4.105263157894737,0.0,0.03508771929824561,1.779829987670389,20.602343200555556,4120.468640138166,4917.4286155822965,80.735744195,0.08817980033350141,3.5110854081631153,282.8421052631579,156.57595358089338,0.5535807811754697,0.5263157894736842,12,0.15789473684210525,8,0.21052631578947367,19,0.24358974358974358,0.10526315789473684,5,1,1,0.005021655891030067,1.0,1,1,-0.7497116018527274,0.8938547486033519
mixing_01841,0.8600537702564103,0.8592045865384617,0.004324193777660144,0.0070145966170794185,-0.0014616766700388231,0.7219722012393806,3.140102408337256,0.45375722543352603,0.9956758062223398,78,4.076923076923077,4.435897435897436,0.9190751445086704,318,346,4.435897435897436,4.076923076923077,0.0,0.0,1.6530734861714667,79.86502904194444,3733.949409755532,3235.467045491161,16.42119691,-0.07152426138763814,4.388959842505685,288.5897435897436,133.76840190413185,0.4635244490680713,0.34615384615384615,14,0.14102564102564102,12,0.11538461538461539,78,0.24528301886792453,0.0641025641025641,5,0,1,0.0012076635711193804,1.0,1,1,-0.7192498059611464,0.894878706199461
mixing_01842,0.8190392376388889,0.8181843652777777,0.005557707912595125,0.010015080470284833,-0.016794546247025536,0.726482957812715,2.9665900455232115,0.47096774193548385,0.9944422920874049,72,4.361111111111111,4.305555555555555,1.0129032258064516,314,310,4.305555555555555,4.361111111111111,0.0,0.0,1.6472306041665552,69.50991020194445,3524.446151091154,3689.0951390767,53.609401941,0.02282498725140236,4.391604167833968,263.30555555555554,109.7026247826097,0.41663619497562504,0.4722222222222222,14,0.125,12,0.1527777777777778,72,0.22929936305732485,0.1111111111111111,5,0,1,0.0012900024807740015,1.0,1,1,-0.7426740528141424,0.896551724137931
mixing_01844,0.6456134257142857,0.6446870982142857,0.006406892154485063,0.010559852432192995,0.020919489980842913,0.6802277586709967,3.0710194905029873,0.48360655737704916,0.9935931078455148,28,4.107142857142857,4.357142857142857,0.9426229508196722,115,122,4.357142857142857,4.107142857142857,0.0,0.0,1.4426049431759693,27.340751608055555,3645.4335477517043,3184.0740756066275,153.208246276,-0.06755384100709277,4.02164063631735,287.14285714285717,132.2970043292642,0.4607358359725619,0.5714285714285714,14,0.14285714285714285,11,0.17857142857142858,28,0.24347826086956523,0.07142857142857142,5,0,1,0.0033876500857632935,1.0,1,1,-0.6850047066471852,0.8943396226415095
mixing_01847,0.8195980196551724,0.8187168308620689,0.005181110591906921,0.0087226413346818,-0.00017195002091728497,0.6555208023402083,3.1964848384281743,0.45161290322580644,0.9948188894080932,58,4.0,4.810344827586207,0.8315412186379928,232,279,4.810344827586207,4.0,0.0,0.0,1.7112717693777937,59.11115962666666,3733.3363974750355,3972.679161905071,19.794744111,0.031059211155977585,4.267656323412881,260.36206896551727,127.6484616596116,0.4902728810183082,0.4482758620689655,14,0.1206896551724138,12,0.1896551724137931,58,0.25,0.06896551724137931,5,0,1,0.0015811034926607095,1.0,1,1,-0.7260070136534595,0.8980667838312829
mixing_01851,0.7706901140350878,0.7699958942105264,0.0039000698802196003,0.006156937787452478,-0.0022023889227378783,0.7004505563781303,3.209386227444105,0.4696969696969697,0.9960999301197803,57,3.807017543859649,4.631578947368421,0.8219696969696969,217,264,4.631578947368421,3.807017543859649,0.0,0.0,1.7459249513104484,65.64132707611111,4219.799597766624,3631.102138012009,146.697690911,-0.07498469342340194,4.2100217077496085,272.7719298245614,135.3647212881686,0.4962560530888609,0.40350877192982454,14,0.12280701754385964,12,0.14035087719298245,57,0.2626728110599078,0.08771929824561403,5,0,1,0.0016649013866101778,1.0,1,1,-0.7024697492248906,0.8940520446096655
mixing_01853,0.8102523995,0.8092637655000001,0.008441590074796971,0.011302791689580946,0.022382631637898692,0.7103056469757381,2.832122253843697,0.47,0.9915584099252029,40,4.7,5.0,0.9400000000000001,188,200,5.0,4.7,0.0,0.0,1.7719541800401748,42.318418192222225,3906.315525446334,3174.5997409980673,337.093505132,-0.10333632827323597,3.9586949695354314,274.25,132.7816310280211,0.4841627384795665,0.55,13,0.15,12,0.15,40,0.2127659574468085,0.15,5,0,1,0.0021230493116505067,1.0,1,1,-0.7958361650314189,0.9065420560747663
mixing_01855,1.024487423888889,1.0236213481944445,0.005876683468489872,0.01043377287609103,0.004332830442311404,0.6454452717841151,3.1456690102691978,0.4955223880597015,0.99412331653151,72,4.166666666666667,4.652777777777778,0.8955223880597015,300,335,4.652777777777778,4.166666666666667,0.0,0.0,1.7432566249615278,80.93803317999999,4103.900273927775,3652.3819170098936,72.283804498,-0.058213245186647396,4.362798141152815,258.625,134.106583373917,0.5185368134322552,0.4722222222222222,14,0.1111111111111111,12,0.18055555555555555,72,0.24,0.1388888888888889,5,0,1,0.0012721830661414988,1.0,1,1,-0.7703942792790563,0.8981612446958982
mixing_01858,0.8728131395652173,0.8719162476811594,0.006399340250518462,0.010167224662461493,0.0013224824592619662,0.7008685881562701,3.0155304433977896,0.476878612716763,0.9936006597494815,69,4.27536231884058,5.0144927536231885,0.8526011560693643,295,346,5.0144927536231885,4.27536231884058,0.0,0.0,1.7613959457317532,59.32643410777777,3140.8112174753087,3818.4735016457576,5.313763709,0.09737527799495396,4.295007298089796,274.8985507246377,130.19884621874436,0.47362507323351755,0.391304347826087,14,0.13043478260869565,12,0.13043478260869565,69,0.23389830508474577,0.13043478260869565,5,0,1,0.001273366574624049,1.0,1,1,-0.759099373111366,0.9028169014084507
mixing_01861,0.9799362618749998,0.9790942062499999,0.006805364570628657,0.01166485559061609,-0.0868757430588235,0.7407390001000188,3.1472059494558313,0.34615384615384615,0.9931946354293713,16,3.625,3.25,1.1153846153846154,58,52,3.25,3.625,0.0,0.0,1.7489992230565101,17.512609204444445,4203.0262090974,3537.1383351707955,146.944017923,-0.08603019614353198,3.499999999982687,243.0,103.09025172148917,0.42423971901847396,0.375,10,0.25,9,0.1875,16,0.27586206896551724,0.0625,5,0,1,0.006984126984126984,1.0,1,1,-0.621200133261495,0.873015873015873
mixing_01862,0.8822571996202534,0.8814303589873416,0.004715693921793419,0.007915598677876383,0.006238557240506329,0.7370930876139579,3.1764817359108664,0.45874587458745875,0.9952843060782067,79,3.9873417721518987,3.8354430379746836,1.0396039603960396,315,303,3.8354430379746836,3.9873417721518987,0.0,0.0,1.8110710066911044,76.70025550222222,3540.01179241186,2816.598394712849,96.953480061,-0.11380490173273207,4.44595598902212,272.1898734177215,138.7320860183736,0.5096886385830588,0.4810126582278481,14,0.12658227848101267,12,0.1518987341772152,79,0.2507936507936508,0.08860759493670886,5,0,1,0.0012739326176223222,1.0,1,1,-0.6867185680999329,0.8866571018651362
mixing_01864,1.0080207935526315,1.007073511710526,0.0049887908131939105,0.008939325396071344,0.009147017460150373,0.763352581803911,3.0088362727290567,0.525679758308157,0.9950112091868059,76,4.2105263157894735,4.355263157894737,0.9667673716012083,320,331,4.355263157894737,4.2105263157894735,0.0,0.0,1.6889815195323166,69.56837112416667,3339.2818139654537,3240.541871104649,9.28394464,-0.01500647245075118,4.402165263741519,270.86842105263156,126.76059767454164,0.4679785010815683,0.4605263157894737,14,0.13157894736842105,12,0.13157894736842105,76,0.2375,0.15789473684210525,5,0,1,0.0012334170768583674,1.0,1,1,-0.7225662687070024,0.8954607977991746
mixing_01865,1.0756450593939395,1.074765341818182,0.003971503316468354,0.00492489651237692,-0.04434939914438503,0.7015393771980574,2.8135699421030815,0.5705521472392638,0.9960284966835314,33,4.575757575757576,4.9393939393939394,0.9263803680981596,151,163,4.9393939393939394,4.575757575757576,0.0,0.0,1.6504547254132889,25.87739365138889,2911.206785803469,3489.60542640343,108.500659942,0.09036331975134426,3.8013774524050223,276.75757575757575,131.84816795822152,0.47640310331997265,0.3333333333333333,12,0.15151515151515152,12,0.18181818181818182,33,0.2185430463576159,0.09090909090909091,5,0,1,0.0026153154203661442,1.0,1,1,-0.761501678311704,0.9048991354466859
mixing_01868,0.8109764733749998,0.8101930908749999,0.004491150960225475,0.008339000346036214,-0.004296536995428974,0.6576462927731594,3.2257549355539235,0.49122807017543857,0.9955088490397743,80,3.675,4.275,0.8596491228070174,294,342,4.275,3.675,0.0,0.0,1.6785099834149004,85.79758394444444,3909.763318992771,3572.066172942031,153.205383179,-0.045135637802862,4.461077826845011,284.375,141.68733405958133,0.4982411747150113,0.4625,14,0.1125,12,0.1375,80,0.272108843537415,0.0875,5,0,1,0.001242333085908505,1.0,1,1,-0.6961764366295691,0.888268156424581
mixing_01871,1.385648763272727,1.384782066,0.00487982445868352,0.008942421882602835,-0.02411000999350651,0.7339273868028039,3.197965127976634,0.53125,0.9951201755413164,55,4.4,4.654545454545454,0.9453125000000001,242,256,4.654545454545454,4.4,0.0,0.0,1.626829203056427,49.716841255000006,3314.4560836791293,3020.8075554220127,48.85863152,-0.046351429867057585,4.398830622267701,297.3818181818182,123.12361913632003,0.4140253761615066,0.43636363636363634,14,0.16363636363636364,12,0.12727272727272726,55,0.22727272727272727,0.05454545454545454,5,0,1,0.0016314175642739208,1.0,1,1,-0.7589459658716845,0.9005424954792043
mixing_01874,0.8866283774999999,0.88569303125,0.004162729428841866,0.004976419460025037,-0.00558336344117647,0.6564563971819908,2.8379774725108016,0.4857142857142857,0.9958372705711581,16,3.9375,4.375,0.9,63,70,4.375,3.9375,0.0,0.0,1.50524081493982,19.48140993166667,4675.538383616933,5459.847848504908,216.891191263,0.0773832833722983,3.124999999985573,303.5,133.2191177471662,0.4389427273382741,0.4375,9,0.25,11,0.1875,16,0.25396825396825395,0.0625,5,0,1,0.006031198984219118,1.0,1,1,-0.7226705201739693,0.8926174496644296
mixing_01875,1.2738785841269842,1.27297191,0.005286922060625322,0.009865790591404525,-0.006862145140649005,0.7453399102533061,3.1909073098097953,0.5160142348754448,0.9947130779393748,63,4.126984126984127,4.4603174603174605,0.9252669039145908,260,281,4.4603174603174605,4.126984126984127,0.0,0.0,1.8015633941785956,68.28463806027777,3964.9144680291456,3941.640854662927,102.142864174,-0.0029435844582561465,4.345375162348088,300.06349206349205,119.228686878224,0.39734486211003556,0.49206349206349204,14,0.1111111111111111,12,0.12698412698412698,63,0.2423076923076923,0.15873015873015872,5,0,1,0.0014853986139940474,1.0,1,1,-0.7324543038408361,0.8956953642384106
mixing_01876,1.009747683653846,1.008996933653846,0.003412365785920759,0.006200777687996346,0.0009634680752155708,0.6824007477619293,3.014912912238292,0.5555555555555556,0.9965876342140791,52,4.134615384615385,4.673076923076923,0.8847736625514404,215,243,4.673076923076923,4.134615384615385,0.0,0.0,1.8422666833795065,41.19609320916666,2907.9595206582944,2849.739335780658,26.610982581,-0.010111710655469144,4.12835114192273,261.25,122.11676748899303,0.4674326028286815,0.5769230769230769,13,0.15384615384615385,12,0.15384615384615385,52,0.24186046511627907,0.057692307692307696,5,0,1,0.0017643206595015215,1.0,1,1,-0.7367689815102261,0.8980392156862745
mixing_01878,0.5934769426785714,0.5926073641071429,0.0061319175697583175,0.009602567699959439,0.0008499382969924807,0.6749966461716345,2.9259758732029275,0.38362068965517243,0.9938680824302418,56,3.767857142857143,4.142857142857143,0.9094827586206895,211,232,4.142857142857143,3.767857142857143,0.0,0.0,1.881387828864064,53.36561839861111,3493.0222951921455,3549.4076822302786,103.32240174,0.008006524341583944,4.122735342963798,316.0,128.93423270658715,0.40801972375502266,0.48214285714285715,14,0.16071428571428573,12,0.16071428571428573,56,0.26540284360189575,0.05357142857142857,5,0,1,0.0017826818295224988,1.0,1,1,-0.7106079766680057,0.8877755511022044
mixing_01880,3.8292074819999997,3.828734165,0.0016450417444588705,0.0024920774266775406,-0.6638747556090225,0.8708868671457917,3.402016898678081,0.18181818181818182,0.9983549582555412,20,3.0,3.85,0.7792207792207793,60,77,3.85,3.0,0.0,0.0,1.7762976257194283,30.7649384375,5829.14623030342,5747.915697352735,146.422018154,-0.007016506731870865,3.508694969544086,286.75,159.98416862466834,0.5579221224923046,0.5,12,0.15,10,0.25,20,0.3333333333333333,0.15,5,0,1,0.005593663236975339,1.0,1,1,-0.6371288518670672,0.8726114649681529
mixing_01882,1.48103375703125,1.48033675078125,0.0026844236551622344,0.006214498058193039,-0.024917912032738094,0.718833179381069,3.015401171881499,0.6021897810218978,0.9973155763448378,64,3.953125,4.28125,0.9233576642335767,253,274,4.28125,3.953125,0.0,0.005208333333333333,1.846065189263889,62.25360129194444,3557.348645254857,4022.808615285645,43.962025914,0.061405054543366894,4.202569336847172,284.125,122.61172423807977,0.43154148433992,0.515625,14,0.140625,11,0.15625,64,0.25296442687747034,0.109375,5,0,1,0.0015113711319510166,1.0,1,1,-0.6992482366267654,0.8917089678510999
mixing_01883,0.59010105,0.5891849780000001,0.006045588841262453,0.008604782513852577,-0.030968373892857143,0.6321988266969812,3.1791309859273253,0.3972602739726027,0.9939544111587376,15,3.3333333333333335,4.866666666666666,0.6849315068493151,50,73,4.866666666666666,3.3333333333333335,0.0,0.0,1.9329145639736272,7.0231586875000005,1805.9550911142144,2872.0283303525302,81.974016132,0.22789162405882513,2.3898980954556315,318.73333333333335,123.03278695805709,0.3860053972748078,0.4666666666666667,8,0.26666666666666666,8,0.13333333333333333,15,0.3,0.0,5,1,1,0.006505871152015234,1.0,1,1,-0.6728345189765247,0.8913043478260869
mixing_01884,0.840819573670886,0.8399560086075949,0.005951547703409609,0.01101679811944915,0.0005051635922590064,0.7089984552638864,3.1524621670645385,0.48857142857142855,0.9940484522965906,79,4.151898734177215,4.430379746835443,0.9371428571428572,328,350,4.430379746835443,4.151898734177215,0.0,0.004219409282700422,1.7392480787908016,82.7881268925,3820.990471961781,3654.0907472087692,48.564367592,-0.022327479777073438,4.425051122510686,259.253164556962,137.17875932187152,0.5291305105428373,0.43037974683544306,14,0.11392405063291139,12,0.13924050632911392,79,0.24085365853658536,0.11392405063291139,5,0,1,0.0011847099033360593,1.0,1,1,-0.724972841067965,0.8956406869220608
mixing_01885,0.723687287272727,0.7229339803896104,0.0061789416471755565,0.010075489335688383,-0.014582894017561389,0.7558463673075628,2.963329945119535,0.4380664652567976,0.9938210583528243,77,3.792207792207792,4.298701298701299,0.8821752265861027,292,331,4.298701298701299,3.792207792207792,0.0,0.004329004329004329,1.6632255767039887,87.81164060861111,4159.498765677132,4133.824356200344,18.83014767,-0.0030957927358527867,4.280100865509198,270.31168831168833,130.06741771504295,0.4811757069308305,0.4675324675324675,14,0.11688311688311688,12,0.11688311688311688,77,0.2636986301369863,0.1038961038961039,5,0,1,0.0012732474964234622,1.0,1,1,-0.714835602866213,0.89
mixing_01887,1.0604217874,1.0597015094,0.0031791481035145603,0.006895081504122384,-0.014564219501080432,0.588248478637751,3.1099658494642184,0.5045871559633027,0.9968208518964853,50,4.0,4.36,0.9174311926605504,200,218,4.36,4.0,0.0,0.0,1.674946750291465,46.73789311638888,3433.8043922352044,3781.268721543197,3.254363247,0.04815811618657761,4.143981820550609,297.68,122.95883498976727,0.4130570914732843,0.38,14,0.14,12,0.14,50,0.25,0.02,5,0,1,0.0019125533044162593,1.0,1,1,-0.7235851610329879,0.8931623931623932
mixing_01890,1.1969059463636365,1.1960823290909093,0.005899431528674818,0.01055901621533012,-0.0031283270035236095,0.7271290709125311,3.252767176225255,0.47029702970297027,0.9941005684713253,44,3.977272727272727,4.590909090909091,0.8663366336633663,175,202,4.590909090909091,3.977272727272727,0.0,0.0,1.6460104606504873,37.68991055888888,3155.434372377582,2950.627008224205,65.871165216,-0.03354164843544237,3.9734298462191884,257.34090909090907,122.46213333712554,0.4758751096735427,0.4090909090909091,14,0.11363636363636363,12,0.13636363636363635,44,0.25142857142857145,0.06818181818181818,5,0,1,0.0021321117520642463,1.0,1,1,-0.7315533812142313,0.8954869358669834
mixing_01891,0.8303824988749999,0.8296467780000001,0.005249069639425284,0.008131059217858607,0.0016397234198312239,0.7103447040900478,3.1509463797861126,0.5575916230366492,0.9947509303605748,80,4.2875,4.775,0.8979057591623035,343,382,4.775,4.2875,0.0,0.0,1.6524600761733295,72.83368152222222,3319.0032086187334,3333.7988993034874,18.730705893,0.0022239787753697174,4.402689896056796,272.8125,125.1158545387515,0.4586148161786997,0.425,14,0.1,12,0.1375,80,0.23323615160349853,0.2,5,0,1,0.0011201755199159481,1.0,1,1,-0.7631502229516032,0.9006211180124224
mixing_01892,0.4966329690476191,0.49590540333333333,0.004804851992635276,0.008295648334044193,-0.0053800207922077925,0.5785130138115955,2.9825530357994854,0.5851063829787234,0.9951951480073646,21,4.095238095238095,4.476190476190476,0.9148936170212765,86,94,4.476190476190476,4.095238095238095,0.0,0.0,1.8328599960180165,15.638560156666667,2814.9408282167,2807.597903323206,98.02652494,-0.001305980313181927,3.363286923978743,296.0,121.36927123452625,0.41003132173826434,0.47619047619047616,9,0.19047619047619047,10,0.19047619047619047,21,0.2441860465116279,0.047619047619047616,5,0,1,0.004477611940298508,1.0,1,1,-0.7598440760924833,0.8955223880597015
mixing_01893,0.913800986388889,0.9130480825000001,0.004097174706551899,0.009945732630040645,0.014114386485199488,0.6927240664366952,3.2833342492775643,0.3989071038251366,0.995902825293448,36,3.888888888888889,5.083333333333333,0.7650273224043717,140,183,5.083333333333333,3.888888888888889,0.0,0.0,1.7155462874217469,36.68686212694445,3773.5058187978857,2896.8229608075094,161.518705001,-0.13143023184566913,4.0724312512947085,255.83333333333334,119.17226427079655,0.4658199254884555,0.3888888888888889,13,0.16666666666666666,11,0.16666666666666666,36,0.2571428571428571,0.05555555555555555,5,0,1,0.0025131884035418063,1.0,1,1,-0.7322052074832137,0.8997214484679665
mixing_01896,0.9553275750000001,0.9544964118181819,0.0037997450402640423,0.005690424846366019,-0.0020740305567300927,0.6801759095889064,3.160274561554819,0.520618556701031,0.9962002549597359,44,3.6136363636363638,4.409090909090909,0.8195876288659794,159,194,4.409090909090909,3.6136363636363638,0.0,0.0,1.5482305317606624,36.97008763916667,3095.170127942698,2647.0047466167694,216.268162417,-0.0780480203261506,4.146376220636765,277.54545454545456,112.34673374651135,0.4047867904394447,0.4318181818181818,13,0.1590909090909091,12,0.13636363636363635,44,0.27672955974842767,0.06818181818181818,5,0,1,0.002245375671068366,1.0,1,1,-0.7390729809363419,0.889168765743073
mixing_01898,1.0253219523076924,1.02445732,0.007401729258029122,0.010971202773890968,-0.006514766331623931,0.6689661334864224,2.84572473897448,0.3884297520661157,0.9925982707419709,26,4.153846153846154,4.653846153846154,0.8925619834710744,108,121,4.653846153846154,4.153846153846154,0.0,0.0,1.8075548233760736,17.090865823055555,2461.08467855108,2605.120157072999,6.860590815,0.028430646449409947,3.517559429577589,238.19230769230768,131.07830308049284,0.5503045180191852,0.3076923076923077,12,0.19230769230769232,11,0.19230769230769232,26,0.24074074074074073,0.15384615384615385,4,0,1,0.0035355874633317894,1.0,1,1,-0.7837148784831576,0.8980392156862745
mixing_01900,0.8425705443076923,0.8417156272307693,0.00628961515039004,0.010977403614399407,-9.257998120629378e-05,0.7033666892191207,3.1224093682922303,0.48013245033112584,0.99371038484961,65,4.2615384615384615,4.6461538461538465,0.9172185430463575,277,302,4.6461538461538465,4.2615384615384615,0.0,0.0,1.781514648485265,56.918526532499996,3201.667117454219,3040.830774212736,86.370049621,-0.025764741299501567,4.287473105758127,324.7846153846154,124.14010385292653,0.38222285777273574,0.49230769230769234,14,0.16923076923076924,12,0.18461538461538463,65,0.23465703971119134,0.06153846153846154,5,0,1,0.0013982400046366507,1.0,1,1,-0.7495366253298394,0.8990683229813664
mixing_01901,0.7518527194444444,0.7511064316666668,0.005416554064050919,0.009080290418699075,0.06629502213622293,0.7052471229806586,3.424209523628453,0.17333333333333334,0.9945834459359492,18,3.2777777777777777,4.166666666666667,0.7866666666666666,59,75,4.166666666666667,3.2777777777777777,0.0,0.0,1.4591479170229167,17.573461868333332,3721.438983917823,5534.552433241183,21.655004223,0.1958853857580466,3.239097917972916,262.55555555555554,105.3655944639047,0.4013078079454686,0.4444444444444444,11,0.16666666666666666,11,0.16666666666666666,18,0.3050847457627119,0.05555555555555555,5,0,1,0.005838271174625305,1.0,1,1,-0.6787233810409125,0.881578947368421
mixing_01903,1.1246730931707318,1.1239254846341464,0.004832552154869449,0.008939626508232584,-0.008725327479094075,0.6338151862945866,2.882598395392146,0.4759036144578313,0.9951674478451304,41,4.146341463414634,4.048780487804878,1.0240963855421688,170,166,4.048780487804878,4.146341463414634,0.0,0.0,1.7642593879121222,44.023936137777774,3962.1542524038246,4262.179857447441,39.170145437,0.03648023062246943,3.9739164935369997,273.1707317073171,123.57971161137745,0.452390015720221,0.3902439024390244,12,0.17073170731707318,12,0.12195121951219512,41,0.2411764705882353,0.0975609756097561,5,0,1,0.0023703369264631187,1.0,1,1,-0.6985726209780843,0.8912466843501327
mixing_01904,0.6992669221052632,0.69844533,0.008271043086440747,0.01155666464173488,-0.07149843750877193,0.7882549085030571,3.0795927159481677,0.189873417721519,0.9917289569135592,19,3.6842105263157894,4.157894736842105,0.8860759493670886,70,79,4.157894736842105,3.6842105263157894,0.0,0.0,1.747413039525871,16.183981245555554,3236.7962491595554,2792.184467403325,88.334309212,-0.073745762784543,3.511085408161673,249.3684210526316,119.59478366844331,0.47959073231330157,0.5263157894736842,11,0.15789473684210525,9,0.21052631578947367,19,0.2714285714285714,0.05263157894736842,5,2,1,0.0053108069575135445,1.0,1,1,-0.7016532351308852,0.8869047619047619
mixing_01905,0.706679182463768,0.705829818115942,0.006362818863125234,0.010165308382615602,0.00437907674388016,0.6585047112601287,3.165046686457891,0.4143835616438356,0.9936371811368746,69,3.9855072463768115,4.231884057971015,0.9417808219178082,275,292,4.231884057971015,3.9855072463768115,0.0,0.0,1.8287823976192448,65.69506009694445,3477.9737698412937,3294.8122533438036,110.593451473,-0.02704374770891597,4.257095384835496,272.7391304347826,130.61873707743206,0.4789145469123126,0.37681159420289856,14,0.11594202898550725,12,0.18840579710144928,69,0.2509090909090909,0.13043478260869565,5,0,1,0.0014039518645075025,1.0,1,1,-0.7022542454985263,0.8915094339622641
mixing_01909,0.6355891890625001,0.6348247684375001,0.005588689815335871,0.009622128311994787,-0.01920122659640762,0.7133521442514066,3.2083549388788914,0.4068965517241379,0.9944113101846641,32,4.0625,4.53125,0.896551724137931,130,145,4.53125,4.0625,0.0,0.0,1.682070802741626,25.621765174166665,2975.4307944235798,3257.9339438012057,22.533773085,0.04532113252498051,3.741729296649092,267.59375,131.0869840183695,0.48987311556555224,0.5,11,0.1875,11,0.21875,32,0.24615384615384617,0.125,4,2,1,0.0029273381448127567,1.0,1,1,-0.7226870130477313,0.8957654723127035
mixing_01910,0.814564904864865,0.8137521609459458,0.005251222367939843,0.008685199160430312,-0.0047385173110699765,0.722605691588211,2.886653266855374,0.5863095238095238,0.99474877763206,74,4.1891891891891895,4.54054054054054,0.9226190476190477,310,336,4.54054054054054,4.1891891891891895,0.0,0.0,1.633349208202787,75.60360642916667,3728.3970293835755,3864.118390350104,29.718065766,0.017875678014927142,4.0510374951570585,274.2972972972973,130.89342415013073,0.47719545704550564,0.43243243243243246,14,0.12162162162162163,12,0.13513513513513514,74,0.23870967741935484,0.16216216216216217,5,0,1,0.001247875135218668,1.0,1,1,-0.7555704675391177,0.8972222222222223
mixing_01911,1.1307722606944446,1.1299312990277777,0.005036228483102618,0.00951203332132564,0.006988169381793041,0.7271299526043259,3.2770353478235066,0.48494983277591974,0.9949637715168973,72,4.152777777777778,4.152777777777778,1.0,299,299,4.152777777777778,4.152777777777778,0.0,0.0,1.8207812131635002,78.16535007833333,3963.313525103858,3516.893806360922,139.440330503,-0.05968012636028333,4.257555772635366,273.0138888888889,128.0449407303364,0.46900522625956254,0.4166666666666667,14,0.1111111111111111,12,0.1388888888888889,72,0.2408026755852843,0.08333333333333333,5,0,1,0.0013341364924257637,1.0,1,1,-0.7087554785984909,0.8925373134328358
mixing_01912,0.6846929372058824,0.6837879091176471,0.008026786687604133,0.011652697017714578,-0.0022243272603733283,0.7555419393503787,3.321732057388218,0.2692307692307692,0.9919732133123957,68,4.0,4.588235294117647,0.8717948717948718,272,312,4.588235294117647,4.0,0.0,0.0,1.7985004919793572,74.30635627416666,3992.5803371295074,4066.8713039025447,29.967524225,0.009217868669229214,4.281668907107286,249.02941176470588,126.17471546839093,0.5066659177896884,0.3382352941176471,14,0.1323529411764706,12,0.1323529411764706,68,0.25,0.058823529411764705,5,0,1,0.0013758917380528304,1.0,1,1,-0.7252370669089014,0.8957055214723927
mixing_01913,1.052057435357143,1.0513940885714288,0.0043596246664998955,0.007067526638760958,0.010905030935748461,0.7643871640850419,3.1852652658461005,0.36637931034482757,0.9956403753335,56,3.4464285714285716,4.142857142857143,0.8318965517241379,193,232,4.142857142857143,3.4464285714285716,0.0,0.0,1.755574496064237,61.814486891111116,4046.039141976636,4605.134826082399,82.501072323,0.06462656815941949,4.043637851128258,263.19642857142856,123.23892827170496,0.4682393638113494,0.44642857142857145,13,0.10714285714285714,12,0.19642857142857142,56,0.29015544041450775,0.08928571428571429,5,0,1,0.0018407830907830908,1.0,1,1,-0.6689880507968509,0.8835758835758836
mixing_01915,0.669132403888889,0.6685780544444444,0.005367327137659931,0.009571818879709912,0.031860197254901974,0.7227652892966803,2.9332595955719265,0.5454545454545454,0.9946326728623399,18,3.8333333333333335,4.277777777777778,0.8961038961038962,69,77,4.277777777777778,3.8333333333333335,0.0,0.0,1.4355205042783385,17.200058778611112,3642.3653884462356,3385.14126933873,68.643955104,-0.0366024724889526,3.503258334758333,294.05555555555554,147.73564316520878,0.5024072505145963,0.5,10,0.16666666666666666,8,0.2777777777777778,18,0.2608695652173913,0.16666666666666666,5,0,1,0.005461619033368247,1.0,1,1,-0.7360377143501927,0.8902439024390244
mixing_01916,0.5602327662962963,0.5595055255555555,0.004414552575905091,0.006663713384362713,-0.0056006006898656905,0.7150022487058124,3.34584439236563,0.4094488188976378,0.9955854474240949,27,3.7037037037037037,4.703703703703703,0.7874015748031497,100,127,4.703703703703703,3.7037037037037037,0.0,0.0,1.7852278922545852,25.561300251944445,3539.256957998038,4537.792965335242,300.080634752,0.1236263260491428,3.680089353674609,249.22222222222223,135.79348951577833,0.5448691063941172,0.6296296296296297,12,0.14814814814814814,12,0.25925925925925924,27,0.27,0.037037037037037035,5,0,1,0.0035324141794528647,1.0,1,1,-0.7172309887090694,0.8937007874015748
mixing_01917,1.1250473825641023,1.1242120235897435,0.004520283043301612,0.009049952607985431,-0.02728677948785425,0.6629018700752232,2.9942426854632807,0.601063829787234,0.9954797169566982,39,4.282051282051282,4.82051282051282,0.8882978723404256,167,188,4.82051282051282,4.282051282051282,0.0,0.0,1.684488043063784,41.278253559444444,3910.5713898567105,3129.072436719136,50.746856689,-0.11101399053561258,4.1116986929150015,263.4871794871795,123.31429075737024,0.46800869399936157,0.5384615384615384,14,0.1282051282051282,11,0.1794871794871795,39,0.23353293413173654,0.05128205128205128,5,1,1,0.002292659614316529,1.0,1,1,-0.7712440453519261,0.9010152284263959
mixing_01918,1.5299492453731345,1.5291135280597015,0.0059774577366796255,0.010776932860403198,0.0008464419151568323,0.7375979296089135,3.100727566277793,0.4416058394160584,0.9940225422633203,67,3.6865671641791047,4.08955223880597,0.9014598540145986,247,274,4.08955223880597,3.6865671641791047,0.0,0.0,1.5708242883670063,75.75405481111112,4132.039353339575,4169.223914497876,93.118974697,0.0044793858426787625,4.237439848710739,285.92537313432837,122.21073620357282,0.4274217949386323,0.417910447761194,14,0.14925373134328357,12,0.13432835820895522,67,0.27125506072874495,0.07462686567164178,5,0,1,0.0015094623880216483,1.0,1,1,-0.6577473725919376,0.8860544217687075
mixing_01920,0.8578623570588234,0.8571230629411764,0.004750668573025365,0.00880907412434064,0.003729654059587469,0.7267272342522361,3.0012404971029825,0.46710526315789475,0.9952493314269747,34,4.0588235294117645,4.470588235294118,0.9078947368421052,138,152,4.470588235294118,4.0588235294117645,0.0,0.0,1.7292037392626851,29.432522405833332,3210.8206261063337,3041.408850338756,55.704973388,-0.027096218461882537,4.0430576940368415,252.2941176470588,134.69213592300366,0.5338695058734116,0.5294117647058824,13,0.20588235294117646,11,0.14705882352941177,34,0.2463768115942029,0.08823529411764706,4,0,1,0.002771088942399572,1.0,1,1,-0.7353970824061669,0.8950617283950617
mixing_01921,0.6032955770270271,0.602413804054054,0.005672474399531428,0.00896211884878712,-0.0254986059032717,0.6515201113733622,2.9083254268582324,0.5748502994011976,0.9943275256004688,37,4.513513513513513,4.513513513513513,1.0,167,167,4.513513513513513,4.513513513513513,0.0,0.0,1.7402490487484439,29.417674366666667,2941.7674366747506,2774.524939345353,4.024905337,-0.029257162917520025,3.851647123509086,248.0,124.54606465971625,0.5022018736278882,0.5135135135135135,13,0.1891891891891892,12,0.16216216216216217,37,0.2215568862275449,0.08108108108108109,5,0,1,0.0024331609237269614,1.0,1,1,-0.7513463276892,0.9002695417789758
mixing_01922,1.006666005526316,1.0059605160526317,0.005053571270620893,0.009436411794394294,0.0025523994531783992,0.7277659867991451,3.2556404576788367,0.4969512195121951,0.994946428729379,76,3.8289473684210527,4.315789473684211,0.8871951219512195,291,328,4.315789473684211,3.8289473684210527,0.0,0.0,1.6052787069765542,70.68705327111111,3392.9785570241734,2502.1634255883405,66.27246003,-0.1511100384118409,4.273307449210337,259.7631578947368,133.35005246053737,0.5133524459021802,0.47368421052631576,14,0.09210526315789473,12,0.10526315789473684,76,0.2611683848797251,0.10526315789473684,5,0,1,0.0012833537204818277,1.0,1,1,-0.7053138880500048,0.8906474820143885
mixing_01923,1.085940285,1.0851608975,0.0031364218670224212,0.006052420122632368,0.05232382429618768,0.6033013604445058,3.280169320025362,0.47586206896551725,0.9968635781329775,32,3.4375,4.53125,0.7586206896551724,110,145,4.53125,3.4375,0.0,0.0,1.908608962235257,35.73514947555555,4149.888326195516,5493.873667770935,136.52746057,0.13936318030414618,3.6945488277653165,246.6875,101.91408066950159,0.41313029914163296,0.40625,13,0.15625,11,0.125,32,0.2909090909090909,0.09375,5,0,1,0.0031066494481128627,1.0,1,1,-0.6916776416598331,0.8885017421602788
mixing_01924,1.1000504549999999,1.0992851655555556,0.0029820573949249168,0.006680159400765799,0.015823770607464607,0.6164180953178857,3.180100656221172,0.5897435897435898,0.997017942605075,36,3.8333333333333335,4.333333333333333,0.8846153846153847,138,156,4.333333333333333,3.8333333333333335,0.0,0.009259259259259259,1.7627831475715958,33.614382416666665,3457.4793342985145,4009.0723756317925,11.690501051,0.07387520541773984,3.8820214465122236,264.72222222222223,127.82702846561523,0.48287230060463254,0.4722222222222222,14,0.16666666666666666,12,0.2222222222222222,36,0.2608695652173913,0.08333333333333333,5,0,1,0.0027079303675048355,1.0,1,1,-0.6956858837594398,0.8909090909090909
mixing_01927,0.5779065575,0.57705149875,0.003514606848933751,0.00391389626661752,-0.03193960970588235,0.652897776331966,2.8542462634677674,0.532258064516129,0.9964853931510662,16,3.5,3.875,0.9032258064516129,56,62,3.875,3.5,0.0,0.0,1.6493974703419287,21.585356099166667,5180.485463808866,5057.610861640614,274.237366127,-0.012001704053400593,3.327819531098913,234.875,114.63674512708974,0.48807555136600206,0.4375,9,0.1875,9,0.3125,16,0.2857142857142857,0.0625,4,0,1,0.00662103018740882,1.0,1,1,-0.706334787344106,0.8805970149253731
mixing_01931,0.9159323304761904,0.9151952847619048,0.005137752922199367,0.008504560119416905,-0.002370590008913381,0.7486186565614213,3.2296633286492473,0.4090909090909091,0.9948622470778007,42,3.4761904761904763,4.190476190476191,0.8295454545454545,146,176,4.190476190476191,3.4761904761904763,0.0,0.0,1.819026945758335,31.051051524444443,2726.4337923944145,2599.75536322924,9.825858457,-0.023784065016057666,3.9511430176818196,283.1190476190476,137.0252250910976,0.48398448018048107,0.4523809523809524,13,0.09523809523809523,12,0.16666666666666666,42,0.2876712328767123,0.0,5,0,1,0.0024369569824115277,1.0,1,1,-0.6804994950149981,0.8846153846153846
mixing_01934,1.175760871764706,1.1751340611764707,0.0028008006359149422,0.005354017456135502,-0.01356894345588234,0.6716359754508253,3.4615479287785456,0.36046511627906974,0.9971991993640851,17,3.2941176470588234,5.0588235294117645,0.6511627906976745,56,86,5.0588235294117645,3.2941176470588234,0.0,0.0,1.6589797521184344,14.54707893027778,3273.0927593305623,3128.3522221033086,543.759397354,-0.022610603956926153,3.0574760762769473,258.3529411764706,162.16655834992252,0.6276938733945088,0.5882352941176471,9,0.17647058823529413,10,0.17647058823529413,17,0.30357142857142855,0.11764705882352941,4,0,1,0.005652416208900566,1.0,1,1,-0.7123574118808927,0.8930817610062893
mixing_01939,1.926503034237288,1.9256078594915256,0.004389548963342333,0.00877785394862239,0.011119285493863242,0.7400414511563734,3.0270096712504797,0.45774647887323944,0.9956104510366577,59,4.423728813559322,4.813559322033898,0.9190140845070423,261,284,4.813559322033898,4.423728813559322,0.0,0.0,1.7551191881673398,51.80146859888889,3215.2635682072587,3234.7660801176626,82.279900973,0.0030236313588835524,4.290890456141122,314.89830508474574,137.5563451845316,0.4368278360453935,0.4915254237288136,14,0.13559322033898305,12,0.15254237288135594,59,0.2260536398467433,0.13559322033898305,5,0,1,0.0014963812285152603,1.0,1,1,-0.7656060976754162,0.902317880794702
mixing_01942,0.8293967983018868,0.8282773032075472,0.007730104764676448,0.011203982672336292,0.016681389766166746,0.7244067199931769,2.9210726174324377,0.33584905660377357,0.9922698952353236,53,4.415094339622642,5.0,0.8830188679245283,234,265,5.0,4.415094339622642,0.0,0.0,1.6822803854663257,41.845971625833336,2897.0288048695,3082.433375757287,76.334819914,0.031006897491297834,4.168089615605855,289.9433962264151,138.10439405563676,0.47631501821752775,0.5094339622641509,14,0.11320754716981132,12,0.11320754716981132,53,0.2264957264957265,0.018867924528301886,5,0,1,0.001640627054893606,1.0,1,1,-0.7628478555030729,0.9039855072463768
mixing_01943,0.9029586822580644,0.9021202367741936,0.005432417728599431,0.010166134624548148,-0.0029006768023973196,0.6772257833148125,3.094019572417033,0.4633333333333333,0.9945675822714005,62,3.774193548387097,4.838709677419355,0.78,234,300,4.838709677419355,3.774193548387097,0.0,0.0,1.7238641996123099,58.772839428055555,3468.561015431246,3186.6794882218305,13.008154008,-0.042354822046579664,4.331561488836945,283.1290322580645,130.1924784248014,0.459834434450136,0.3870967741935484,14,0.11290322580645161,12,0.11290322580645161,62,0.26495726495726496,0.11290322580645161,5,0,1,0.0015058372342225481,1.0,1,1,-0.7331589280812627,0.8959731543624161
mixing_01945,0.7831653919642856,0.7821484805357143,0.006701886396404681,0.010101253827758675,-0.013218949407040333,0.7184580210868562,2.845998596165191,0.5454545454545454,0.9932981136035953,56,4.535714285714286,4.714285714285714,0.962121212121212,254,264,4.714285714285714,4.535714285714286,0.0,0.0,1.744904709128461,51.98368391583333,3402.5684017736185,2664.688826017875,94.062207723,-0.12161666269493816,4.320598119056898,272.39285714285717,125.41055176302548,0.460403231855869,0.39285714285714285,12,0.125,12,0.16071428571428573,56,0.2204724409448819,0.10714285714285714,5,0,1,0.0015749372153407398,1.0,1,1,-0.768978280849207,0.9024390243902439
mixing_01946,1.0025229859259257,1.0017531507407407,0.006800872674906033,0.009949757307219306,0.07766470721001223,0.7066621014348478,3.147720605745069,0.3511450381679389,0.9931991273250941,27,4.0,4.851851851851852,0.8244274809160305,108,131,4.851851851851852,4.0,0.0,0.0,1.5610150105889808,18.7664149725,2598.426688533461,2036.096376338424,8.860715758,-0.12133509841763657,3.9400726873241285,250.03703703703704,143.50408235455063,0.5739313025585642,0.4074074074074074,10,0.14814814814814814,12,0.1111111111111111,27,0.25,0.18518518518518517,5,1,1,0.0033905518513264294,1.0,1,1,-0.7514765952683881,0.8984962406015038
mixing_01947,1.0965464515789474,1.0955489092982456,0.005738770748944629,0.010270827712745942,0.03148832445164636,0.7218197895867311,3.102344627629594,0.47202797202797203,0.9942612292510552,57,4.298245614035087,5.017543859649122,0.8566433566433567,245,286,5.017543859649122,4.298245614035087,0.0,0.0,1.860787885966828,51.149154054722224,3288.1599035255895,3450.009399890958,24.813078903,0.02401980257208788,4.2228121630674735,266.10526315789474,129.00023314078135,0.4847714457426514,0.43859649122807015,14,0.15789473684210525,12,0.12280701754385964,57,0.23265306122448978,0.07017543859649122,5,0,1,0.0015384347947015264,1.0,1,1,-0.764124822840336,0.9030612244897959
mixing_01949,2.530326805192308,2.529413675384615,0.006953433940873607,0.01009096039754018,0.04018409359600445,0.8807279308950537,3.074528278061944,0.4711111111111111,0.9930465660591266,52,4.25,4.326923076923077,0.9822222222222223,221,225,4.326923076923077,4.25,0.0,0.0,1.6934855078513196,61.05555504805555,4309.803885751392,4501.182696265712,119.41753659,0.02172047462935846,4.1420635173467115,273.5,125.08906630798681,0.4573640450017799,0.4230769230769231,14,0.11538461538461539,12,0.17307692307692307,52,0.23529411764705882,0.038461538461538464,5,0,1,0.001801976517740984,1.0,1,1,-0.7407234066003884,0.8955823293172691
mixing_01951,0.5696758867647059,0.568642921764706,0.00722055778968658,0.011416939368768567,-0.007202809558441554,0.6450883893104142,2.71367356310874,0.6026490066225165,0.9927794422103133,34,4.823529411764706,4.4411764705882355,1.086092715231788,164,151,4.4411764705882355,4.823529411764706,0.0,0.0,1.468333690934453,34.07063691583333,3716.7967544823027,3875.0953369629647,59.86964487,0.02085100533225923,3.8221819586183465,285.3529411764706,118.41219284908867,0.41496748679334305,0.4411764705882353,13,0.11764705882352941,11,0.14705882352941177,34,0.2073170731707317,0.08823529411764706,5,0,1,0.002593617231498864,1.0,1,1,-0.7836652523611951,0.9025787965616046
mixing_01953,0.9420423195774649,0.941123915633803,0.00518413282087032,0.008149434121215592,-0.005552762869885981,0.6849899564969706,3.0574504261119726,0.4876543209876543,0.9948158671791296,71,4.28169014084507,4.563380281690141,0.9382716049382714,304,324,4.563380281690141,4.28169014084507,0.0,0.0,1.8043832205608676,72.1856953825,3712.4071911085284,3375.7880378297523,75.980820961,-0.047490107482437004,4.27604545078282,248.90140845070422,131.84039646802142,0.5296892343384745,0.5492957746478874,14,0.14084507042253522,12,0.16901408450704225,71,0.23355263157894737,0.1267605633802817,5,2,1,0.00128714372968342,1.0,1,1,-0.7557299842640288,0.8984263233190272
mixing_01957,0.8660037490000001,0.8651790923999999,0.005485813403450992,0.009831717557360928,0.02992860446098439,0.7718807560283473,3.2444480878671405,0.43776824034334766,0.994514186596549,50,4.32,4.66,0.9270386266094421,216,233,4.66,4.32,0.0,0.0,1.7374749427858571,59.93864455666666,4403.655518467674,5046.853864271405,13.176818058,0.06805964840143998,4.193269689486255,279.06,135.18851690155054,0.4844424743838262,0.46,14,0.16,11,0.14,50,0.23148148148148148,0.04,5,0,1,0.0018068265044144515,1.0,1,1,-0.7393025585064315,0.8997995991983968
mixing_01961,0.8420384270833333,0.8413343606944443,0.0041096543817725865,0.006759005474820326,-0.003428221364557206,0.7216391908879096,3.0268679319817577,0.5457413249211357,0.9958903456182274,72,4.138888888888889,4.402777777777778,0.94006309148265,298,317,4.402777777777778,4.138888888888889,0.0,0.0,1.685516646904476,77.29521039444444,3919.1937664923666,3281.623453374428,48.868354618,-0.08854138268624637,4.304731342994703,269.27777777777777,137.51417056016928,0.5106777532665663,0.4583333333333333,14,0.1388888888888889,12,0.1527777777777778,72,0.24161073825503357,0.05555555555555555,5,0,1,0.0013049511757291811,1.0,1,1,-0.7275280824289099,0.8951965065502183
mixing_01962,1.0030226666666668,1.0018402206666666,0.0076519040218934065,0.010271127910337676,0.013862974071428573,0.6089245781074083,3.019312769018258,0.42028985507246375,0.9923480959781065,15,4.266666666666667,4.6,0.927536231884058,64,69,4.6,4.266666666666667,0.0,0.0,1.5301249653106421,11.945240167222222,3071.633185890643,2881.3469396885585,32.91525672,-0.0319648717428853,3.05656476211797,311.8,110.72114264480578,0.3551030873791077,0.4666666666666667,9,0.2,9,0.2,15,0.234375,0.26666666666666666,5,0,1,0.006113256113256113,1.0,1,1,-0.774993101191859,0.8986486486486487
mixing_01963,0.9911519506756755,0.990312412837838,0.004251142649250394,0.008054029560375521,-0.0046634652977415765,0.6864819492620502,3.183657354814275,0.47352941176470587,0.9957488573507495,74,4.013513513513513,4.594594594594595,0.8735294117647058,297,340,4.594594594594595,4.013513513513513,0.0,0.0,1.8437101027080174,73.79396373,3639.1543757293975,3713.4360952162656,2.266416925,0.010102795712667267,4.250427866803587,266.7162162162162,119.5836980082255,0.44835555822104106,0.43243243243243246,14,0.12162162162162163,12,0.14864864864864866,74,0.24915824915824916,0.13513513513513514,5,0,1,0.0012618608981597036,1.0,1,1,-0.733872152632471,0.8959212376933896
mixing_01965,0.7637101678125,0.762806745625,0.005934797158601019,0.010552949745886704,-0.007510765549450552,0.6773620825507111,3.237796030786856,0.46474358974358976,0.994065202841399,64,3.953125,4.875,0.8108974358974359,253,312,4.875,3.953125,0.0,0.0,1.8112214020530728,64.55021825861111,3688.5839005052217,3376.855084376272,12.225283207,-0.044120233264483895,4.121268266258337,268.5,116.8284592421251,0.4351153044399445,0.484375,14,0.125,12,0.15625,64,0.25296442687747034,0.0625,5,0,1,0.0014303362935809544,1.0,1,1,-0.7324443164431949,0.8982511923688394
mixing_01967,0.9644092513157896,0.963541015,0.00616175918828797,0.010853704138263101,-0.017791459312645256,0.7586411697069846,3.0840110267048364,0.3988439306358382,0.9938382408117123,76,4.026315789473684,4.552631578947368,0.8843930635838151,306,346,4.552631578947368,4.026315789473684,0.0,0.0,1.6809522081212478,71.64481864666666,3438.95129504088,3614.4993444503752,75.061831235,0.024888250925954904,4.384128296412322,282.4605263157895,130.4494222079422,0.4618323979970936,0.5131578947368421,14,0.15789473684210525,12,0.14473684210526316,76,0.24836601307189543,0.13157894736842105,5,0,1,0.001231918013210998,1.0,1,1,-0.7271131965971712,0.8956043956043956
mixing_01968,1.1271212120512821,1.126308958205128,0.005320052393201602,0.009794681805985257,0.0019793964716296355,0.7090482678923568,3.0988603894199653,0.43613707165109034,0.9946799476067983,78,3.8205128205128207,4.115384615384615,0.928348909657321,298,321,4.115384615384615,3.8205128205128207,0.0,0.0,1.8674075552617255,70.49032095333334,3295.651369253585,3115.153053767073,86.060407627,-0.028155330216962784,4.377912880346703,282.4102564102564,131.0884935461276,0.464177523905845,0.41025641025641024,14,0.11538461538461539,12,0.16666666666666666,78,0.26174496644295303,0.1282051282051282,5,0,1,0.0012759939972624879,1.0,1,1,-0.7112974100007108,0.8880918220946915
mixing_01969,0.7724256874137931,0.7716311451724138,0.0036682634816196935,0.005245152822963506,-0.007137203000399892,0.6814169578133624,3.2357668381460796,0.43656716417910446,0.9963317365183803,58,3.8793103448275863,4.620689655172414,0.8395522388059702,225,268,4.620689655172414,3.8793103448275863,0.0,0.017241379310344827,1.589178854972464,57.96345777333333,3660.849964645702,3353.4433833291587,28.960178405,-0.04382573782793055,4.150471297861803,259.94827586206895,131.92374490841064,0.5074999804130674,0.5172413793103449,14,0.13793103448275862,12,0.1896551724137931,58,0.2577777777777778,0.10344827586206896,5,0,1,0.0016267942583732058,1.0,1,1,-0.7283448838430582,0.8947368421052632
mixing_01972,1.2309805520779222,1.2301028137662338,0.004679731335442632,0.009007766009730946,-0.009654549100373309,0.6677807267308101,3.2415855751771585,0.49008498583569404,0.9953202686645574,77,3.961038961038961,4.584415584415584,0.8640226628895185,305,353,4.584415584415584,3.961038961038961,0.0,0.0,1.6614008924973518,85.99497635861111,4073.446248574855,4204.270899636242,120.340034124,0.015804436020099975,4.353796606294721,258.1168831168831,133.75743698221774,0.5182049130883404,0.44155844155844154,14,0.12987012987012986,12,0.16883116883116883,77,0.25245901639344265,0.12987012987012986,5,0,1,0.0012196704294796937,1.0,1,1,-0.7374890570456168,0.8952380952380953
mixing_01973,0.45086987023255815,0.4499692613953488,0.006897722326610989,0.010908932080568659,-0.0047590307157958315,0.6649636922242617,3.01311724370186,0.4722222222222222,0.993102277673389,43,4.372093023255814,5.023255813953488,0.8703703703703703,188,216,5.023255813953488,4.372093023255814,0.0,0.015503875968992248,1.6183221777997296,37.08178460777778,3178.438680668762,3489.943503250329,183.281887031,0.0467137026628086,3.8858268254327464,266.2325581395349,115.09247569823029,0.4323005289154352,0.4186046511627907,12,0.18604651162790697,11,0.13953488372093023,43,0.22872340425531915,0.06976744186046512,5,0,1,0.0020264644215046,1.0,1,1,-0.7774992503593702,0.9038031319910514
mixing_01974,0.9458892463265306,0.9450304199999999,0.0056768660637250045,0.009554814245379552,-0.015545074146938776,0.7106612894960409,3.128067716742666,0.4714285714285714,0.994323133936275,49,4.061224489795919,4.285714285714286,0.9476190476190477,199,210,4.285714285714286,4.061224489795919,0.0,0.0,1.7455674963759185,47.27309616361111,3545.482212276292,3037.991983763693,87.634050427,-0.07708547393074901,4.01003248729147,294.9183673469388,122.81266844512518,0.4164293650135723,0.3877551020408163,14,0.14285714285714285,12,0.16326530612244897,49,0.24623115577889448,0.10204081632653061,5,0,1,0.00195407680620718,1.0,1,1,-0.6953733814134924,0.8930131004366813
mixing_01977,0.7746256087671233,0.7737936489041095,0.006556565760769197,0.009486898349055467,0.006708828643095149,0.7626991326027978,3.134519132147883,0.375,0.9934434342392308,73,4.095890410958904,4.273972602739726,0.9583333333333333,299,312,4.273972602739726,4.095890410958904,0.0,0.0,1.7651487899311047,77.2565847325,3862.8292366360274,3936.779586993921,11.949938584,0.009481289642866592,4.15814147831849,277.94520547945206,135.22973152821572,0.4865337802641571,0.3424657534246575,13,0.136986301369863,12,0.1095890410958904,73,0.24414715719063546,0.1232876712328767,5,0,1,0.0013078694784790185,1.0,1,1,-0.7321378011337318,0.8932748538011696
mixing_01984,0.815476884,0.8145556517500001,0.0066734267462940896,0.010129234909310909,0.0002467202504690453,0.6622565753475227,3.1765500636358843,0.4371584699453552,0.9933265732537059,40,4.2,4.575,0.9180327868852459,168,183,4.575,4.2,0.0,0.0,1.7058666210957034,45.06354682111111,4159.712014278872,3394.101438749849,135.957914054,-0.10135418094314326,4.396439344637834,280.325,147.06241261834447,0.5246139752727886,0.475,12,0.15,12,0.15,40,0.23809523809523808,0.05,5,0,1,0.002301790281329923,1.0,1,1,-0.7213776175409894,0.8976982097186701
mixing_01985,0.6868996426470588,0.6859357997058823,0.0068543459477160215,0.01040697384744663,-0.00249291600679467,0.7111350959812689,3.1021185081716394,0.4820359281437126,0.993145654052284,68,4.529411764705882,4.911764705882353,0.9221556886227544,308,334,4.911764705882353,4.529411764705882,0.0,0.0,1.7369653792218194,49.04989206777778,2635.516588725164,2275.967612003516,53.668636831,-0.07320576877113939,4.310845194888088,269.02941176470586,130.99515435816875,0.48691759573387317,0.5294117647058824,13,0.10294117647058823,12,0.1323529411764706,68,0.22077922077922077,0.08823529411764706,5,0,1,0.0012753531059417152,1.0,1,1,-0.7595002861591091,0.9042253521126761
mixing_01986,2.10756218859375,2.10674865640625,0.00462591231518941,0.008306276567976865,-0.003928859853708802,0.8515466610787966,3.1826197306954978,0.5089605734767025,0.9953740876848105,64,3.96875,4.359375,0.910394265232975,254,279,4.359375,3.96875,0.0,0.010416666666666666,1.7947136628654303,63.59111459333333,3633.777976762555,4168.182648618729,5.874664843,0.06849620211074284,4.130892047740184,266.125,132.46928365138504,0.4977709108553689,0.390625,14,0.15625,12,0.140625,64,0.25196850393700787,0.03125,5,0,1,0.0014979820804244938,1.0,1,1,-0.7252382262192563,0.8927973199329984
mixing_01988,1.0312009606896553,1.0304682379310344,0.005558334649715476,0.00854051586540699,0.0016928876108374383,0.6896001829097715,2.816475232871095,0.5087719298245614,0.9944416653502846,29,4.0344827586206895,3.9310344827586206,1.0263157894736843,117,114,3.9310344827586206,4.0344827586206895,0.0,0.0,1.572704141541041,25.63900101861111,3296.442988112,3748.007578432112,28.116851742,0.06410217320066199,3.771437029438043,262.6896551724138,139.80984623211725,0.5322244080771069,0.3448275862068966,13,0.13793103448275862,10,0.20689655172413793,29,0.24786324786324787,0.10344827586206896,5,0,1,0.0034303534303534305,1.0,1,1,-0.6582578120333709,0.8884615384615384
mixing_01989,0.8104818867741936,0.8095459761290321,0.006715169327680609,0.010997107759832708,0.05044056864919355,0.6644196626360516,3.3043828093001504,0.4507042253521127,0.9932848306723193,31,4.0,4.580645161290323,0.8732394366197183,124,142,4.580645161290323,4.0,0.0,0.0,1.8006808244319508,26.045858724166667,3125.5030469002327,3500.9241460966546,60.380824478,0.05665513077593068,3.4532503422060046,267.38709677419354,121.39046569352274,0.4539877471949819,0.45161290322580644,13,0.1935483870967742,11,0.1935483870967742,31,0.25,0.1935483870967742,5,0,1,0.003025753025753026,1.0,1,1,-0.7635274612271791,0.8956228956228957
mixing_01991,1.5034446538461537,1.5025122530769228,0.0051829903688778035,0.010985434037282157,-0.07701880326153845,0.702190567689356,3.344357087383933,0.4344262295081967,0.9948170096311222,26,4.0,4.6923076923076925,0.8524590163934426,104,122,4.6923076923076925,4.0,0.0,0.0,1.5868068964734103,20.764885255277775,2990.1434767833202,2870.919356908921,54.704914022,-0.02034172355038421,3.825251737265568,259.5,123.42746857972904,0.47563571707024677,0.5,11,0.19230769230769232,9,0.15384615384615385,26,0.25,0.11538461538461539,5,0,1,0.0035730095491051665,1.0,1,1,-0.7482145191950764,0.8968253968253969
mixing_01992,0.7474565526470589,0.7467082994117648,0.005084207778633239,0.008257801976382156,0.008180595679144384,0.7144467585831593,3.2533057092374924,0.49640287769784175,0.9949157922213667,34,3.6470588235294117,4.088235294117647,0.8920863309352518,124,139,4.088235294117647,3.6470588235294117,0.0,0.0,1.6500873882070144,45.54250978333333,4968.273794559122,4833.661785631769,44.149228838,-0.01373320685757161,3.8443845322128327,270.1764705882353,127.28576072811708,0.4711208213320249,0.35294117647058826,12,0.14705882352941177,12,0.14705882352941177,34,0.27419354838709675,0.11764705882352941,5,0,1,0.0029916279916279917,1.0,1,1,-0.6858462287922047,0.8855218855218855
mixing_01994,1.0471591804761904,1.0462433042857142,0.0034381754671799444,0.0048748221128234,-0.036602529415584395,0.6002041936562352,2.631418434035039,0.6,0.99656182453282,21,4.619047619047619,4.523809523809524,1.0210526315789472,97,95,4.523809523809524,4.619047619047619,0.0,0.0,1.4411665441536183,13.756813177777778,2476.2263720175,1951.742526346695,4.713198265,-0.11844795157991349,3.558518613030152,242.52380952380952,101.79863410066906,0.41974696958846464,0.38095238095238093,10,0.19047619047619047,8,0.23809523809523808,21,0.21649484536082475,0.19047619047619047,4,0,1,0.004251926654265214,1.0,1,1,-0.7437877965251558,0.9014084507042254
mixing_01995,1.0993961657894737,1.0984854056140352,0.005083508034153003,0.010013380549186556,0.002679983669950738,0.632197946440542,2.9272040449938848,0.5736434108527132,0.994916491965847,57,4.2105263157894735,4.526315789473684,0.9302325581395349,240,258,4.526315789473684,4.2105263157894735,0.0,0.0,1.5551304716714751,52.315073785277775,3363.1118862004996,3166.0655871864255,275.771081778,-0.03017934492012803,4.314831680571936,284.4736842105263,115.93765339045038,0.40755141802378486,0.49122807017543857,13,0.15789473684210525,12,0.14035087719298245,57,0.2375,0.10526315789473684,5,0,1,0.0016196702117279734,1.0,1,1,-0.7370626052518665,0.8972972972972973
mixing_01996,0.7651913819047619,0.7643231861904761,0.007284352450527326,0.009858211769087345,0.05315003974025973,0.7540440383942975,2.8918955711992185,0.38636363636363635,0.9927156475494727,21,4.0476190476190474,4.190476190476191,0.9659090909090908,85,88,4.190476190476191,4.0476190476190474,0.0,0.0,1.5566567074584952,18.590949196388888,3346.37085537955,2613.4537460502493,93.513205816,-0.12297628845544704,3.6897037321793507,291.23809523809524,132.71959341480243,0.45570821806913847,0.5238095238095238,9,0.19047619047619047,8,0.23809523809523808,21,0.24705882352941178,0.047619047619047616,5,0,1,0.004620479675231024,1.0,1,1,-0.7172341792194835,0.8917525773195877
normal_00006,0.1610600597826087,0.16085325152173913,0.15157217992295594,0.30711770013015216,-0.005976069995066296,0.8365994635980801,3.992814725590202,0.0,0.848427820077044,46,1.434782608695652,2.0217391304347827,0.7096774193548386,66,93,2.0217391304347827,1.434782608695652,0.6989247311827957,0.03260869565217391,1.5938350167593893,42.634284451388886,3410.7427561180666,2767.7075991930083,17.851236715,-0.10407709376062188,4.194879010836201,288.2173913043478,119.90661422651256,0.41602837942522086,0.10869565217391304,14,0.17391304347826086,12,0.15217391304347827,46,0.696969696969697,0.06521739130434782,5,0,7,0.008170606372045221,0.6283664916643642,1,1,-0.3089191205446798,1.1357142857142857
normal_00007,0.22593976298701296,0.22573638155844164,0.09811027961060083,0.22940169098834945,-0.008627562108943684,0.8417633797228984,3.6307811042291953,0.02962962962962963,0.9018897203893993,77,1.4285714285714286,1.7532467532467533,0.8148148148148148,110,135,1.7532467532467533,1.4285714285714286,0.7851851851851852,0.0,1.7201691898936151,68.12371930222221,3226.913019588671,2903.166677836813,24.612127175,-0.052812745956276094,4.31985922899633,278.24675324675326,128.07976090621648,0.46030999252175814,0.12987012987012986,14,0.14285714285714285,12,0.15584415584415584,77,0.7,0.09090909090909091,5,0,16,0.005275624461670974,0.5376955578394428,1,1,-0.29932477040346217,1.1342592592592593
normal_00008,1.2678817817948718,1.267653558974359,0.03225130086610607,0.15679153087520467,-0.07286667269433197,0.7599571853281379,3.5845070818937166,0.012987012987012988,0.9677486991338938,39,1.5384615384615385,1.9743589743589745,0.7792207792207793,60,77,1.9743589743589745,1.5384615384615385,0.7402597402597403,0.05128205128205128,1.6793755176048106,39.105571777222224,3704.7383789169744,3406.949823881106,29.603441665,-0.041873117401112145,4.284900936557334,233.53846153846155,142.8449373039182,0.6116548698784375,0.23076923076923078,12,0.1282051282051282,11,0.1794871794871795,39,0.65,0.05128205128205128,4,0,12,0.009756444950861701,0.629312770562771,1,1,-0.340671910478877,1.1512605042016806
normal_00009,0.3492593903571429,0.34906855071428566,0.11035313278142342,0.22734884321162346,-0.029628007651888347,0.7025648963658018,3.5398490002337684,0.0,0.8896468672185766,28,1.4285714285714286,1.7857142857142858,0.7999999999999999,40,50,1.7857142857142858,1.4285714285714286,0.72,0.047619047619047616,1.6616447510921446,35.63209390666667,4750.945854247074,3888.0201288031426,4.42017281,-0.099887617006133,3.5530900835101287,275.10714285714283,133.56738881365226,0.48551043577596564,0.07142857142857142,12,0.17857142857142858,11,0.17857142857142858,28,0.7,0.14285714285714285,5,0,6,0.013550135501355014,0.5790270429159317,1,1,-0.2987112746057008,1.0975609756097562
normal_00010,0.18840958693333337,0.18818117213333332,0.13052413876379465,0.270523668502795,-0.007638434561593177,0.8809260191296577,3.7981822615494916,0.006024096385542169,0.8694758612362055,75,1.4,2.2133333333333334,0.6325301204819277,105,166,2.2133333333333334,1.4,0.6144578313253012,0.013333333333333334,1.758110388988461,58.05879386944444,2824.4818639300133,3051.32247873979,39.056219154,0.0386058829703486,4.392170610971307,286.96,146.47963053667962,0.5104531312262324,0.12,14,0.12,12,0.16,75,0.7142857142857143,0.08,5,0,9,0.004570599743641638,0.6636961329269019,1,1,-0.33444771845050414,1.110655737704918
normal_00012,0.15810733196969698,0.15787132954545455,0.05479750394402328,0.12667251510447483,-0.006156979501722158,0.7938072544073688,4.152854702350935,0.012658227848101266,0.9452024960559767,66,1.3484848484848484,2.393939393939394,0.5632911392405062,89,158,2.393939393939394,1.3484848484848484,0.5569620253164557,0.045454545454545456,1.681918821010643,72.94832810361112,4040.215094973676,3994.705160405579,20.924718053,-0.005664018200756719,4.318433467838305,236.33333333333334,122.44249304291424,0.5180923542013296,0.07575757575757576,14,0.13636363636363635,12,0.16666666666666666,66,0.7415730337078652,0.12121212121212122,5,0,13,0.00490079365079365,0.6639403922422791,1,1,-0.3427726061401752,1.0977777777777777
normal_00014,0.4302010446296297,0.4299546425925926,0.0049802024329037645,0.010985161184208853,-0.020308215230036206,0.6680776155593496,3.575029018594809,0.029411764705882353,0.9950197975670962,54,1.4814814814814814,1.8888888888888888,0.7843137254901961,80,102,1.8888888888888888,1.4814814814814814,0.7156862745098039,0.06481481481481481,1.6938446465758166,51.77843556305555,3517.0258118357165,3775.5145740216444,72.805492471,0.03544564013484558,4.026031086649182,265.9074074074074,126.81858510881086,0.47692761305632614,0.2037037037037037,14,0.16666666666666666,12,0.14814814814814814,54,0.675,0.07407407407407407,5,0,16,0.00689237294554268,0.6128076306975391,1,1,-0.31730000512554185,1.116564417177914
normal_00015,0.1483693475675676,0.14812406432432434,0.03188267714480165,0.11449985230609867,-0.009996263587008064,0.766536952746285,3.8837772833204878,0.04938271604938271,0.9681173228551987,37,1.4054054054054055,2.189189189189189,0.6419753086419754,52,81,2.189189189189189,1.4054054054054055,0.6172839506172839,0.04054054054054054,1.6795631543363436,32.56344493805556,3256.344493815917,2504.4187126150077,222.432727727,-0.13052537558938548,4.060012149034489,274.86486486486484,137.6949450702454,0.5009550607275399,0.13513513513513514,12,0.16216216216216217,11,0.1891891891891892,37,0.7115384615384616,0.08108108108108109,5,0,9,0.009313725490196078,0.6690806516107722,1,1,-0.3555090715437514,1.1083333333333334
normal_00017,0.031107276097560973,0.030926031463414636,0.2801955437902103,0.38394522605807374,-0.002077049555749128,0.8051261405254425,3.9301092749939017,0.0,0.7198044562097896,41,1.5609756097560976,2.3902439024390243,0.653061224489796,64,98,2.3902439024390243,1.5609756097560976,0.6326530612244898,0.08943089430894309,1.5758103023809138,36.35125766861111,3271.613190175775,4044.568905074048,40.648549468,0.10565014714438696,4.094760845790249,280.7560975609756,140.29839280758083,0.4997162805239175,0.07317073170731707,14,0.14634146341463414,11,0.1951219512195122,41,0.640625,0.0975609756097561,5,0,8,0.008206686930091186,0.660616883116883,1,1,-0.40184247169160375,1.148936170212766
normal_00021,0.3874118913846154,0.38718758953846155,0.1767431962124821,0.32700189524165457,-0.016084018408216792,0.831184331041841,3.789875041942511,0.007194244604316547,0.823256803787518,65,1.4923076923076923,2.1384615384615384,0.697841726618705,97,139,2.1384615384615384,1.4923076923076923,0.6618705035971223,0.023076923076923078,1.7402207243288268,67.62219742527778,3803.7486051751875,2912.067159191313,28.752818965,-0.132773363247255,4.341469644284792,274.66153846153844,125.74257892156561,0.45780919900866884,0.12307692307692308,14,0.1076923076923077,12,0.13846153846153847,65,0.6701030927835051,0.046153846153846156,5,0,13,0.005428781744571219,0.6614197530864195,1,1,-0.35660914047031894,1.1291866028708133
normal_00023,0.17966950627906975,0.1795098318604651,0.15210411206904959,0.29753857871488293,-0.009268275747508308,0.8209247536406351,3.6145416590409702,0.0,0.8478958879309504,43,1.441860465116279,2.0232558139534884,0.7126436781609194,62,87,2.0232558139534884,1.441860465116279,0.6781609195402298,0.06976744186046512,1.7668062264680313,45.74332416777778,3920.8563572539997,3898.086693572533,27.66582162,-0.0029121152991464397,4.216053126360876,276.6744186046512,120.4973267694454,0.43552030352913773,0.06976744186046512,14,0.13953488372093023,12,0.18604651162790697,43,0.6935483870967742,0.06976744186046512,5,0,9,0.00848712690817954,0.6106188872855541,1,1,-0.3472541941717459,1.1203007518796992
normal_00024,0.45462640709677415,0.45439798225806455,0.06138721196460795,0.20024481423375123,-0.032405843435483875,0.8534844738692572,3.4762606442739767,0.03225806451612903,0.938612788035392,31,1.3548387096774193,2.0,0.6774193548387096,42,62,2.0,1.3548387096774193,0.6451612903225806,0.0,1.7050097856047375,34.65906184166666,4159.0874210005995,3657.915198124787,5.555829796,-0.06411309389223242,3.8890495358896433,257.1290322580645,152.44840480973312,0.5928867832269135,0.12903225806451613,12,0.1935483870967742,12,0.1935483870967742,31,0.7380952380952381,0.06451612903225806,5,2,6,0.011646136618141097,0.5714657738095239,1,1,-0.2836512861717287,1.0947368421052632
normal_00026,0.22198499578947375,0.2217710392105263,0.015088972741911852,0.04585860995135522,-0.011890575022431338,0.7147374127387449,3.3732014058917175,0.04285714285714286,0.9849110272580883,38,1.5263157894736843,1.8421052631578947,0.8285714285714286,58,70,1.8421052631578947,1.5263157894736843,0.8142857142857143,0.02631578947368421,1.6224203349801898,35.414216905833335,3445.7075908440543,2957.2953062283923,275.840645393,-0.0762786293348347,3.8000446184544834,295.1578947368421,119.81484055437248,0.405934730836854,0.05263157894736842,12,0.18421052631578946,12,0.15789473684210525,38,0.6551724137931034,0.13157894736842105,5,0,6,0.010873258579680599,0.5971770014023537,1,1,-0.3157383309261588,1.1743119266055047
normal_00028,0.05301895476190476,0.05280632595238094,0.11253804278058764,0.24876421507148108,-0.002071329282067903,0.6832615777781168,3.5283100660632476,0.0,0.8874619572194123,42,1.5,1.8333333333333333,0.8181818181818182,63,77,1.8333333333333333,1.5,0.8051948051948052,0.047619047619047616,1.2677702161000923,44.08537536666666,3870.9110078279514,3925.439494724318,72.357401969,0.006994104084791457,4.0260298516738695,281.3333333333333,140.1091328418353,0.4980182446984667,0.16666666666666666,14,0.14285714285714285,12,0.19047619047619047,42,0.6666666666666666,0.09523809523809523,5,0,7,0.00980392156862745,0.5793040293040294,1,1,-0.3246854735323117,1.1666666666666667
normal_00029,0.05752214149253731,0.057297593432835824,0.17725515934194275,0.3168903433435667,-0.0019855858659909007,0.8153143756766703,4.013729199572306,0.0,0.8227448406580572,67,1.3582089552238805,2.014925373134328,0.674074074074074,91,135,2.014925373134328,1.3582089552238805,0.6592592592592592,0.014925373134328358,1.6858719248350087,61.79394539,3370.578839463137,3616.3721290325525,46.789122581,0.035178905745539495,4.219480617100737,312.56716417910445,117.08443261176137,0.37458967553185046,0.11940298507462686,14,0.13432835820895522,12,0.13432835820895522,67,0.7362637362637363,0.08955223880597014,5,0,9,0.005457355355935478,0.6106371325349426,1,1,-0.30298174096685265,1.107843137254902
normal_00032,0.8296502017333335,0.8294291221333333,0.04277936759371652,0.16775381252923918,-0.03057782359772405,0.7604442007798909,3.679007907183096,0.016483516483516484,0.9572206324062834,75,1.4933333333333334,2.4266666666666667,0.6153846153846154,112,182,2.4266666666666667,1.4933333333333334,0.6098901098901099,0.02666666666666667,1.6833771729952833,66.164743145,3218.8253421994054,3043.2267385018195,50.781472836,-0.028041702853088126,4.349033365906276,274.64,135.22140403097472,0.49235873882527936,0.08,14,0.13333333333333333,12,0.12,75,0.6696428571428571,0.09333333333333334,5,0,10,0.004433987874400506,0.6878105804335307,1,1,-0.3874057394431108,1.1395348837209303
normal_00034,0.5057890922727273,0.5055610118181818,0.10760827925904737,0.27852498869689746,-0.06767832702428007,0.7693588097931189,3.741435355483536,0.0,0.8923917207409527,22,1.4090909090909092,2.227272727272727,0.6326530612244899,31,49,2.227272727272727,1.4090909090909092,0.5918367346938775,0.045454545454545456,1.6742939480004404,17.574068318888887,3012.697426124714,2777.588726373288,304.51093757,-0.04060398632457869,3.4817145729687606,251.0,112.02933289353922,0.4463320035599172,0.13636363636363635,12,0.18181818181818182,11,0.18181818181818182,22,0.7096774193548387,0.045454545454545456,5,0,9,0.015220700152207,0.7039173245055599,1,1,-0.33464045234485207,1.095890410958904
normal_00036,0.7448000228000001,0.7445634590666669,0.07732702749178189,0.24056037596741134,-0.016809521345092466,0.778252925175451,3.7262103747801483,0.013071895424836602,0.922672972508218,75,1.5333333333333334,2.04,0.7516339869281046,115,153,2.04,1.5333333333333334,0.7254901960784313,0.013333333333333334,1.6371861259694844,84.24415478916667,4098.364287053513,3807.4020676414134,148.977237005,-0.036803796919612816,4.430020484853461,283.06666666666666,124.4300881895004,0.4395787383048766,0.05333333333333334,14,0.12,12,0.16,75,0.6521739130434783,0.09333333333333334,5,0,20,0.005000746380056725,0.6359224639479415,1,1,-0.35701773490122013,1.1551724137931034
normal_00038,0.02672121758064516,0.026528974193548386,0.19817518471931367,0.3263740948841832,0.0004199990697791544,0.7762499686987084,3.9441117054312618,0.007874015748031496,0.8018248152806863,62,1.564516129032258,2.0483870967741935,0.7637795275590551,97,127,2.0483870967741935,1.564516129032258,0.7559055118110236,0.008064516129032258,1.7659778494444995,65.28650119055555,3852.973840768426,3094.442214152429,16.206761712,-0.10918183402572078,4.193947473100825,277.9516129032258,109.38717930980712,0.39354756091267,0.04838709677419355,14,0.12903225806451613,12,0.14516129032258066,62,0.6391752577319587,0.0,5,0,11,0.006237816764132553,0.589577132936508,1,1,-0.3682200584734807,1.1789473684210525
normal_00040,0.5800323783333332,0.5797805933333333,0.05928656941110071,0.18444701162708546,-0.023957030759855936,0.7966931424530934,3.766327285418055,0.027972027972027972,0.9407134305888994,72,1.4861111111111112,1.9861111111111112,0.7482517482517482,107,143,1.9861111111111112,1.4861111111111112,0.6853146853146853,0.027777777777777776,1.8115849544678166,57.773814555,2929.3765126604085,3376.714507585181,7.621163767,0.07093744658752973,4.275207773285358,258.18055555555554,133.1227672709826,0.5156188737162164,0.041666666666666664,14,0.1111111111111111,11,0.1388888888888889,72,0.6728971962616822,0.09722222222222222,5,0,20,0.005004804612427931,0.6401913875598086,1,1,-0.3308611113236437,1.1160714285714286
normal_00041,0.07488677733333333,0.07465710983333335,0.1340999585280831,0.27469058054953005,-0.002966164574326201,0.7211788250334962,3.8722816406104434,0.025423728813559324,0.865900041471917,60,1.4666666666666666,1.9666666666666666,0.7457627118644068,88,118,1.9666666666666666,1.4666666666666666,0.7288135593220338,0.03333333333333333,1.4839946195799052,56.07191261083333,3421.3370406757967,3275.0044538422476,2.986255451,-0.021852617127329037,4.226990803588478,300.53333333333336,136.97215684734044,0.455763609740485,0.13333333333333333,14,0.11666666666666667,12,0.16666666666666666,60,0.6818181818181818,0.016666666666666666,5,0,16,0.006393544382371198,0.5993831168831169,1,1,-0.3328810077953865,1.1444444444444444
normal_00053,0.36355489315789474,0.3633443463157895,0.021495329138050842,0.06257621717935768,-0.031092093122807016,0.5599942242805723,3.316428031828712,0.0,0.9785046708619491,19,1.5789473684210527,1.6842105263157894,0.9375000000000001,30,32,1.6842105263157894,1.5789473684210527,0.875,0.10526315789473684,1.7863012011658688,25.454946297222225,5090.989259472446,6792.539575418936,213.137957192,0.14318560922329282,3.260828171208586,287.57894736842104,89.43980954901313,0.3110095866455435,0.15789473684210525,10,0.21052631578947367,8,0.21052631578947367,19,0.6333333333333333,0.15789473684210525,5,0,10,0.022496371552975326,0.5498599439775911,1,1,-0.34975168496342013,1.169811320754717
normal_00055,0.5337783222368422,0.533562725,0.1600049722533642,0.306107956327223,-0.02144587888503076,0.8894785825723948,3.8661351033815667,0.006134969325153374,0.8399950277466356,76,1.4078947368421053,2.1447368421052633,0.656441717791411,107,163,2.1447368421052633,1.4078947368421053,0.6257668711656442,0.03289473684210526,1.801692259951316,78.13096454027779,3750.286297943987,3034.1199021165385,33.92567436,-0.10556065994707972,4.449660533140561,280.60526315789474,133.80952421980217,0.4768603507786254,0.039473684210526314,14,0.13157894736842105,12,0.14473684210526316,76,0.7102803738317757,0.11842105263157894,5,0,16,0.004553734061930784,0.660192056620628,1,1,-0.3311106359618122,1.1065573770491803
normal_00057,5.512815802142857,5.51257408452381,0.0007650421561887185,0.001975867310738119,-0.24734783740944818,0.6793668236858326,3.6167849032386234,0.013513513513513514,0.9992349578438112,42,1.4761904761904763,1.7619047619047619,0.8378378378378379,62,74,1.7619047619047619,1.4761904761904763,0.8243243243243243,0.027777777777777773,1.7549843063126376,37.97732704083333,3334.594569439585,3688.529529669855,0.364177021,0.05039565800569441,3.835553661202007,264.6904761904762,138.16647577844637,0.5219926223526803,0.09523809523809523,14,0.16666666666666666,12,0.16666666666666666,42,0.6774193548387096,0.09523809523809523,5,0,13,0.010020630710285883,0.560888888888889,1,1,-0.3019079306888699,1.1623931623931625
normal_00058,0.2526797544444445,0.25247750555555554,0.0076364486100282914,0.01672750056716826,-0.012712216028314028,0.6918615237328668,3.7250962496803073,0.0,0.9923635513899717,36,1.5555555555555556,1.75,0.888888888888889,56,63,1.75,1.5555555555555556,0.873015873015873,0.05555555555555555,1.790630797062406,30.26964242888889,3113.4489355430856,4140.062222828295,32.699939712,0.14153328848200364,3.697159723403951,274.6666666666667,138.50569869658278,0.5042683204972673,0.1388888888888889,12,0.1388888888888889,9,0.19444444444444445,36,0.6428571428571429,0.027777777777777776,5,2,12,0.01202020202020202,0.5318452380952382,1,1,-0.33660155249081064,1.19
normal_00064,0.10283093666666665,0.10260189722222222,0.028186148340400057,0.060562251211962834,-0.009271532972136225,0.5976295934247805,3.2247301466320653,0.0,0.9718138516596001,18,1.3888888888888888,1.7777777777777777,0.78125,25,32,1.7777777777777777,1.3888888888888888,0.71875,0.018518518518518517,1.8910611120668819,15.248752740833334,3229.147639265588,2653.3265504750907,120.671475965,-0.09788756741079417,3.239097917972916,317.44444444444446,132.25208648291704,0.416614903166347,0.1111111111111111,11,0.16666666666666666,10,0.2222222222222222,18,0.72,0.1111111111111111,5,0,12,0.021493212669683258,0.5677637721755371,1,1,-0.2841517038920426,1.0961538461538463
normal_00065,0.1994626961290323,0.1992578074193549,0.006884763546482934,0.013551011040353958,-0.016041609608870962,0.680449461117867,3.94698186241459,0.02857142857142857,0.9931152364535171,31,1.4193548387096775,2.2580645161290325,0.6285714285714286,44,70,2.2580645161290325,1.4193548387096775,0.6142857142857143,0.04838709677419355,1.8409031396584947,30.13059665222222,3615.6715982868336,3403.722541641551,194.299663677,-0.030194779267295167,4.002268084414876,290.0,138.9280389266328,0.47906220319528553,0.16129032258064516,13,0.16129032258064516,11,0.16129032258064516,31,0.7045454545454546,0.06451612903225806,5,1,5,0.0110658124635993,0.6823547344674108,1,1,-0.33333737166330923,1.1176470588235294
normal_00068,0.12331939288888888,0.12306694266666668,0.034798391056138786,0.08162937552200142,-0.0044232879907773375,0.6871401500950856,3.774715493320322,0.0,0.9652016089438612,45,1.5333333333333334,1.5333333333333334,1.0,69,69,1.5333333333333334,1.5333333333333334,0.927536231884058,0.08888888888888889,1.6174902837117253,44.47558129638889,3638.911196981273,3757.737476196215,39.205067938,0.016064880794709448,4.083318029963282,304.8222222222222,131.72514236588677,0.4321375961554936,0.06666666666666667,14,0.17777777777777778,12,0.17777777777777778,45,0.6521739130434783,0.06666666666666667,5,0,18,0.009827659877510326,0.5063063063063065,1,1,-0.2814425722004284,1.1596638655462186
normal_00073,0.40842002270270267,0.4082016594594594,0.11450474779691558,0.26664272020324614,-0.011435734258126625,0.8427015709910307,4.02792779677835,0.006289308176100629,0.8854952522030846,74,1.7027027027027026,2.1486486486486487,0.7924528301886792,126,159,2.1486486486486487,1.7027027027027026,0.7735849056603774,0.0,1.6450807781714523,80.91036868972222,3990.1003737444926,4314.392767302085,110.611633978,0.03905023317494409,4.396331874385885,272.0945945945946,127.98717496953634,0.47037749926723066,0.0945945945945946,14,0.10810810810810811,12,0.12162162162162163,74,0.5873015873015873,0.08108108108108109,5,0,15,0.005138838802740714,0.6529274223718666,1,1,-0.41427568607195353,1.2076271186440677
normal_00075,0.011852931176470589,0.011607570196078432,0.13067366904663116,0.1958252404754862,-0.0007106785728506786,0.73319934073272,3.7790903477789195,0.010526315789473684,0.869326330953369,51,1.411764705882353,1.8627450980392157,0.7578947368421053,72,95,1.8627450980392157,1.411764705882353,0.7473684210526316,0.029411764705882353,1.815075081624308,59.21324260777778,4263.35346776134,3932.0627974328854,66.604064587,-0.04042389789710127,4.237944645939796,256.4313725490196,120.12614285024901,0.4684533786024392,0.09803921568627451,14,0.11764705882352941,12,0.1568627450980392,51,0.7083333333333334,0.0392156862745098,5,0,8,0.007781194669648681,0.5182539682539682,1,1,-0.302170478226002,1.1360544217687074
normal_00076,1.2126984430303032,1.2124868809090907,0.05545584360218336,0.14901859353532174,-0.040304699088612894,0.8052139377122013,3.9424776278757503,0.0,0.9445441563978164,66,1.5757575757575757,2.0,0.7878787878787878,104,132,2.0,1.5757575757575757,0.75,0.06060606060606061,1.803824615532393,67.35403252444445,3730.3771859843387,3761.006484588906,94.408065493,0.004088603648065935,4.3556348480161615,275.1515151515151,128.43438820889082,0.46677696155213627,0.13636363636363635,14,0.13636363636363635,12,0.13636363636363635,66,0.6346153846153846,0.06060606060606061,5,0,21,0.005755255328488514,0.6590356115903561,1,1,-0.3548805779448252,1.1625615763546797
normal_00077,0.03027203918918919,0.0300432581081081,0.257346178248876,0.3495227653006338,0.0001787823328591749,0.8524944278647246,3.7302470005813397,0.0,0.742653821751124,37,1.4594594594594594,2.3783783783783785,0.6136363636363635,54,88,2.3783783783783785,1.4594594594594594,0.6022727272727273,0.0,1.5363093698696424,31.244863414444445,3124.4863414618612,3408.1261277798035,75.497846265,0.04341904370624153,4.141621608727838,264.43243243243245,124.87628111689419,0.47224268206511494,0.21621621621621623,13,0.16216216216216217,12,0.21621621621621623,37,0.6851851851851852,0.1891891891891892,5,0,7,0.009015873015873015,0.697640935843183,1,1,-0.36964670821327883,1.126984126984127
normal_00085,0.8514549084375,0.85124410765625,0.16763090981631,0.3321665245735796,-0.03790737031982601,0.879286140364528,3.987002218533833,0.020134228187919462,0.83236909018369,64,1.625,2.328125,0.697986577181208,104,149,2.328125,1.625,0.6375838926174496,0.0703125,1.619433608981568,52.81138568194445,3017.7934675487622,2851.6490353494246,27.641417493,-0.028306680254095613,4.300093944976524,274.1875,136.05692961124066,0.49621857163889915,0.1875,14,0.109375,12,0.125,64,0.6153846153846154,0.09375,5,0,12,0.005156740450858098,0.6838653259539333,1,1,-0.41545944310000643,1.1396396396396395
normal_00088,0.0729332711764706,0.07272405205882353,0.16348074886760375,0.3056882531218186,-0.0022870965312822068,0.8247814692549008,4.096770220459215,0.007246376811594203,0.8365192511323962,68,1.3823529411764706,2.0294117647058822,0.6811594202898551,94,138,2.0294117647058822,1.3823529411764706,0.6739130434782609,0.0,1.6180867763562763,69.95750236333333,3758.9105747553435,3165.9108664948767,11.97029216,-0.08563393486625491,4.303871480700329,286.94117647058823,120.74901592293187,0.42081452863670393,0.08823529411764706,14,0.1323529411764706,12,0.14705882352941177,68,0.723404255319149,0.08823529411764706,5,0,7,0.005440645373106327,0.6177068734622692,1,1,-0.30564974569810616,1.1207729468599035
normal_00094,0.09854485394736841,0.0983363102631579,0.13050026802937875,0.273933385936478,-0.004385430282706766,0.8400319923101978,3.95408220273357,0.024242424242424242,0.8694997319706211,76,1.4342105263157894,2.1710526315789473,0.6606060606060605,109,165,2.1710526315789473,1.4342105263157894,0.6484848484848484,0.019736842105263157,1.7627022003392032,83.02004062777777,3984.961950146147,4049.466789226023,110.650093987,0.008028553264001774,4.283450869382144,266.80263157894734,135.4793976698393,0.5077888357699752,0.13157894736842105,14,0.13157894736842105,12,0.14473684210526316,76,0.6972477064220184,0.13157894736842105,5,0,15,0.004659388497772336,0.6507245249760216,1,1,-0.34135945804216794,1.1275720164609053
normal_00097,0.25493492628205133,0.25472317448717946,0.17553508194350342,0.31461660575238654,-0.009996071860923885,0.9011606220669248,4.002427566409338,0.0,0.8244649180564966,78,1.3846153846153846,2.2564102564102564,0.6136363636363636,108,176,2.2564102564102564,1.3846153846153846,0.5795454545454546,0.019230769230769232,1.5805386062862279,73.21062710055556,3422.834513800429,2965.3357511441595,19.226245073,-0.07161655743066479,4.446438238910119,290.4230769230769,122.41472189187108,0.42150480322985673,0.038461538461538464,14,0.14102564102564102,12,0.1282051282051282,78,0.7222222222222222,0.0641025641025641,5,0,10,0.004217404217404217,0.6316017316017314,1,1,-0.32669715567767904,1.0923076923076922
normal_00098,2.351098335,2.3508604444642853,0.049137176245243885,0.1962808846915271,-0.14372045805980863,0.7809414935773981,3.7202065381166824,0.0,0.9508628237547561,56,1.5178571428571428,2.142857142857143,0.7083333333333334,85,120,2.142857142857143,1.5178571428571428,0.6083333333333333,0.07142857142857142,1.652858960558941,47.44912968444445,3105.7612157216545,2494.0971155520106,15.014371561,-0.10922849543419136,4.2356894136625645,299.05357142857144,138.56228263431274,0.46333599017862975,0.07142857142857142,14,0.14285714285714285,12,0.125,56,0.6588235294117647,0.08928571428571429,5,0,19,0.005831152577084993,0.7083207617298525,1,1,-0.3599984085143288,1.0904255319148937
normal_00099,1.6183593788888886,1.6181343077777777,0.005475448743582762,0.017887218353958338,-0.02801005525519344,0.6245854914502675,3.670544044013778,0.01098901098901099,0.9945245512564173,54,1.7037037037037037,1.6851851851851851,1.010989010989011,92,91,1.6851851851851851,1.7037037037037037,0.8901098901098901,0.037037037037037035,1.6134611901089173,52.28132165805555,3551.184112622812,2708.008152974073,277.005751922,-0.13471002708818894,4.295739585104484,296.22222222222223,138.19191832125415,0.46651435292246335,0.037037037037037035,14,0.14814814814814814,12,0.12962962962962962,54,0.5869565217391305,0.018518518518518517,5,0,27,0.0075682382133995035,0.6048163709928416,1,1,-0.34541112360147036,1.1730769230769231
normal_00106,0.5518007080952381,0.5515216219047618,0.001343416885285871,0.0024337629619743196,-0.01238053412987013,0.49467260049849326,3.8897379316274643,0.0,0.9986565831147141,21,1.7142857142857142,1.6666666666666667,1.0285714285714285,36,35,1.6666666666666667,1.7142857142857142,0.9142857142857143,0.0,1.6644977791946904,15.273103922222223,2749.1587060125503,3114.653140312483,106.811363059,0.062330518761272234,3.272804327318751,259.9047619047619,142.47452570965265,0.54817974347796,0.047619047619047616,11,0.14285714285714285,10,0.19047619047619047,21,0.5833333333333334,0.3333333333333333,5,1,14,0.02005649717514124,0.6199023199023201,1,1,-0.34299653701389465,1.1833333333333333
normal_00111,0.08934281976744188,0.0891214853488372,0.19754368122414082,0.29711606860150597,0.0022377941392328605,0.9338396191326678,3.6923984905310436,0.0,0.8024563187758591,43,1.441860465116279,2.302325581395349,0.6262626262626262,62,99,2.302325581395349,1.441860465116279,0.6161616161616161,0.023255813953488372,1.7374379582227375,43.61048389472223,3738.0414766975,3782.6540976817914,4.514803025,0.0059319806982046945,4.173373987673494,286.5348837209302,121.70912804465786,0.42476199220195504,0.046511627906976744,14,0.16279069767441862,11,0.18604651162790697,43,0.6935483870967742,0.046511627906976744,5,0,8,0.007928691027282577,0.675580808080808,1,1,-0.3508922978568775,1.1258741258741258
normal_00112,1.5648043900000002,1.5645780440789476,0.002215218810671367,0.007093393731775873,-0.03925907840205058,0.7012256878001192,3.549886383935359,0.013793103448275862,0.9977847811893286,76,1.5921052631578947,1.9078947368421053,0.8344827586206897,121,145,1.9078947368421053,1.5921052631578947,0.8275862068965517,0.07236842105263158,1.8102737538262292,60.740625443055556,2915.55002127576,2797.055554573799,8.002789119,-0.02074263050873055,4.324412146836698,289.69736842105266,133.20941105260715,0.4598226479537695,0.02631578947368421,14,0.11842105263157894,12,0.14473684210526316,76,0.628099173553719,0.039473684210526314,5,1,22,0.005421711304064245,0.6082325209037533,1,1,-0.3443476733387562,1.1981981981981982
normal_00113,1.7960922970212772,1.7958680236170217,0.004155810455630361,0.01224509024886355,-0.11299882420097129,0.738071126530486,4.094717692493821,0.01098901098901099,0.9958441895443697,47,1.4893617021276595,1.9361702127659575,0.7692307692307692,70,91,1.9361702127659575,1.4893617021276595,0.6813186813186813,0.05673758865248227,1.6968083050071487,36.68839904166667,2871.266011972826,2780.099135925208,64.022807644,-0.016131832515109513,4.123009861966305,294.74468085106383,119.5885097150817,0.40573593854102646,0.10638297872340426,13,0.19148936170212766,12,0.1702127659574468,47,0.6714285714285714,0.10638297872340426,5,0,15,0.007605101558809636,0.6771400877461483,1,1,-0.3378875843460868,1.1027397260273972
normal_00114,0.04091752,0.04071946652173913,0.0357096214136289,0.08039897809070867,-0.0019349949505928854,0.6943745376436925,4.065979129957134,0.02,0.964290378586371,23,1.434782608695652,2.1739130434782608,0.66,33,50,2.1739130434782608,1.434782608695652,0.64,0.0,1.6899461611045457,14.1886760225,2321.7833491579545,2339.6214726845546,129.75239225,0.003826769870536432,3.3772781309701227,246.56521739130434,132.16203074840178,0.5360124682090003,0.043478260869565216,11,0.17391304347826086,10,0.17391304347826086,23,0.696969696969697,0.08695652173913043,5,0,4,0.015364679748241392,0.6757703081232493,1,1,-0.35022465817688775,1.1216216216216217
normal_00117,1.0309992168965518,1.0307771351724138,0.007522973564246479,0.037760030122146675,-0.050706789891625616,0.5849892795582771,3.434265423441514,0.016666666666666666,0.9924770264357534,29,1.6206896551724137,2.0689655172413794,0.7833333333333332,47,60,2.0689655172413794,1.6206896551724137,0.65,0.06896551724137931,1.3839122630509748,24.69184446527778,3174.6657169724285,2334.615484595023,97.344281898,-0.15247909875037813,3.9488593407360764,227.89655172413794,133.32756247774185,0.5850354534505241,0.034482758620689655,12,0.1724137931034483,10,0.2413793103448276,29,0.6170212765957447,0.3103448275862069,5,0,15,0.011490549828178695,0.7013422035480861,1,1,-0.3679531302618781,1.1030927835051547
normal_00120,0.9462966757446807,0.946065856808511,0.001589421320054512,0.003953347639362499,-0.024258191921831637,0.6128217146943136,3.651648369812715,0.0,0.9984105786799454,47,1.446808510638298,1.7234042553191489,0.8395061728395062,68,81,1.7234042553191489,1.446808510638298,0.7654320987654321,0.031914893617021274,1.8463540999758759,48.52811205861111,3797.8522480653487,3901.462440923558,157.075364758,0.013457066900562763,4.110454745671608,259.48936170212767,132.3626231789062,0.5100888233362243,0.06382978723404255,14,0.1276595744680851,12,0.14893617021276595,47,0.6911764705882353,0.10638297872340426,5,0,25,0.008360453372236561,0.6452629745733193,1,1,-0.29665284665691866,1.1119402985074627
normal_00122,0.2397413061038961,0.2395116944155844,0.030169261331614287,0.11709560417274212,-0.006165615327830063,0.7005954496240671,3.6595934308143048,0.012738853503184714,0.9698307386683855,77,1.4025974025974026,2.038961038961039,0.6878980891719746,108,157,2.038961038961039,1.4025974025974026,0.6815286624203821,0.025974025974025976,1.7485867971842337,76.81701436750001,3638.7006805689866,3415.4185558333415,2.859412322,-0.0316527290300697,4.358658256873418,267.76623376623377,145.39618254091457,0.5429967046100699,0.15584415584415584,14,0.14285714285714285,12,0.12987012987012986,77,0.7129629629629629,0.14285714285714285,5,0,8,0.004819058010547372,0.615194439877984,1,1,-0.3212844171036633,1.127659574468085
normal_00126,0.7485740082432432,0.7483643606756758,0.013293087042000988,0.04545893200994065,-0.03178937410070344,0.8281943979640797,4.107919592193797,0.0,0.9867069129579992,74,1.5135135135135136,2.527027027027027,0.5989304812834224,112,187,2.527027027027027,1.5135135135135136,0.5454545454545454,0.08108108108108109,1.80451359540875,69.30259914472222,3417.6624235858217,3085.8650274515594,108.615790378,-0.051018066523473675,4.3957641843989474,266.3783783783784,133.24451750038222,0.5002077057136913,0.14864864864864866,14,0.13513513513513514,12,0.17567567567567569,74,0.6607142857142857,0.13513513513513514,5,0,22,0.004086374197075304,0.7393642736282331,1,1,-0.3899365654162684,1.103321033210332
normal_00127,0.7946089946666668,0.7943689926666667,0.018758458032606194,0.10569252760308302,-0.03507418215106685,0.7834190781896264,3.567671390822242,0.013071895424836602,0.9812415419673937,75,1.4133333333333333,2.04,0.6928104575163399,106,153,2.04,1.4133333333333333,0.6862745098039216,0.07777777777777778,1.5769424843603892,64.03845595722223,3115.384343868595,2999.6915930036175,24.21278729,-0.01891926642601152,4.350020484853461,262.44,132.09161849139284,0.5033212105296175,0.10666666666666667,14,0.10666666666666667,12,0.14666666666666667,75,0.7075471698113207,0.09333333333333334,5,0,10,0.00496054546847468,0.6364742040066718,1,1,-0.32119462516657604,1.1310043668122272
normal_00128,0.1279448773529412,0.12771504779411763,0.06609048734605324,0.18504447689209116,-0.005561142737527197,0.803543043617074,4.062267444565513,0.00684931506849315,0.9339095126539467,68,1.2941176470588236,2.1470588235294117,0.6027397260273973,88,146,2.1470588235294117,1.2941176470588236,0.5684931506849316,0.04411764705882353,1.6693651071493014,86.40540495583333,4642.678475248344,4275.525039686163,15.781110937,-0.04116899047519404,4.285325525865889,250.55882352941177,124.32544946096067,0.49619266130680395,0.10294117647058823,14,0.1323529411764706,12,0.14705882352941177,68,0.7727272727272727,0.08823529411764706,5,0,14,0.00490134472791253,0.6454913372131911,1,1,-0.28283893849737707,1.0684931506849316
normal_00131,12.868963002051283,12.868697300512821,0.0013680369574381878,0.003511221326913115,-0.8306413519291501,0.710489638220636,3.4055978691290187,0.0,0.9986319630425617,39,1.3846153846153846,1.6666666666666667,0.8307692307692307,54,65,1.6666666666666667,1.3846153846153846,0.6923076923076923,0.05128205128205128,1.6548231255977606,39.839835477777775,3774.3002031799206,3529.6192940810993,109.00788193,-0.03349994604822479,4.2210490135928005,282.8974358974359,136.0249193253313,0.48082768546070154,0.02564102564102564,13,0.15384615384615385,12,0.1794871794871795,39,0.7222222222222222,0.1794871794871795,5,0,18,0.009402654867256638,0.5948305448305446,1,1,-0.2662724806911375,1.0530973451327434
normal_00134,0.53299667765625,0.532761919375,0.012683341308448436,0.03799802794623093,-0.02800992190750916,0.8124706092980487,4.075640982888061,0.014705882352941176,0.9873166586915516,64,1.421875,2.125,0.6691176470588235,91,136,2.125,1.421875,0.6397058823529411,0.005208333333333333,1.483306798855723,54.66837908833334,3123.9073764809364,2394.2731238295723,20.921710862,-0.13222370174558576,4.288702445706322,280.046875,136.47133889313798,0.48731605697488317,0.140625,14,0.109375,12,0.15625,64,0.7032967032967034,0.09375,5,0,8,0.005481502946005989,0.6330385487528343,1,1,-0.3506548616741928,1.1127450980392157
normal_00136,0.30481263046511625,0.3045949939534883,0.06872741427681286,0.16538006083222515,-0.014297336999395949,0.8207152342252699,3.739293927624268,0.011627906976744186,0.9312725857231872,43,1.441860465116279,2.0,0.7209302325581395,62,86,2.0,1.441860465116279,0.686046511627907,0.023255813953488372,1.7064037619376067,46.75059717305556,4007.1940434073567,4260.513399582185,5.093330831,0.030639612966666622,4.138262941062682,282.5581395348837,137.0410613345298,0.485001287027554,0.13953488372093023,13,0.13953488372093023,12,0.13953488372093023,43,0.6935483870967742,0.09302325581395349,5,0,11,0.008558871154291001,0.6447249379833649,1,1,-0.3303474971196627,1.121212121212121
normal_00137,6.391303477999999,6.391064270000001,0.00012480826778958574,0.00030034066976881795,0.12463708260714278,0.37017924959085974,2.9104404952055973,0.0,0.9998751917322103,15,2.0,1.4,1.4285714285714286,30,21,1.4,2.0,0.8571428571428571,0.06666666666666667,1.7055872616924894,17.7097160075,4553.926973366572,4562.689763551941,211.783720238,0.000961188831146402,3.4565647621136426,249.73333333333332,131.4335609818929,0.526295625928562,0.2,10,0.2,8,0.3333333333333333,15,0.5,0.2,5,0,12,0.022606382978723406,0.6844155844155841,1,1,-0.3420292474232537,1.0625
normal_00140,0.37186047774193554,0.3716567012903226,0.07567750999967307,0.21212306265580919,-0.013321184446626883,0.8956648957742542,3.6391470573039575,0.008928571428571428,0.9243224900003271,62,1.403225806451613,1.8064516129032258,0.7767857142857143,87,112,1.8064516129032258,1.403225806451613,0.7589285714285714,0.0456989247311828,1.5957318642207208,54.466442870555554,3214.413021879983,3301.4567909939183,90.372766646,0.013358733617107642,4.310804126290294,307.8709677419355,123.91396855208379,0.402486695841848,0.12903225806451613,14,0.14516129032258066,12,0.12903225806451613,62,0.7126436781609196,0.06451612903225806,5,0,9,0.006461038961038961,0.582574491785018,1,1,-0.2855474442649979,1.1306818181818181
normal_00144,0.47997329111111103,0.4797104837037036,0.010895817303373282,0.018171554462689386,-0.05827684885836387,0.7853721283028255,3.9518868464800865,0.0,0.9891041826966267,27,1.3333333333333333,2.2222222222222223,0.6,36,60,2.2222222222222223,1.3333333333333333,0.55,0.018518518518518517,1.4865659531498137,33.8215208325,4682.979807600001,4341.392600764611,79.157671048,-0.037851630160871355,3.902311575892503,273.0740740740741,140.03953450747838,0.5128261808899927,0.037037037037037035,13,0.18518518518518517,11,0.2222222222222222,27,0.75,0.07407407407407407,5,0,8,0.01198501872659176,0.6619734762591906,1,1,-0.30558261209862325,1.0666666666666667
normal_00147,0.28464554812500004,0.28437168,0.02443760910081365,0.0812187780366657,-0.014305949662756596,0.6913070278476773,3.824016798278238,0.0,0.9755623908991863,32,1.625,2.09375,0.7761194029850746,52,67,2.09375,1.625,0.7611940298507462,0.0,1.8548374089287858,24.49511009,2844.5934298097095,2991.100591635701,75.728517802,0.025105353585639874,3.812499999976917,292.4375,112.09297336327266,0.3833057434948413,0.09375,14,0.15625,12,0.15625,32,0.6153846153846154,0.09375,5,0,13,0.01202020202020202,0.6257841015193958,1,1,-0.3829802176062195,1.19
normal_00148,0.048431481923076926,0.04821803903846155,0.14204283452954689,0.2895784614266319,0.0001387297528387261,0.7291458983911097,3.745424323309414,0.01818181818181818,0.8579571654704531,52,1.3653846153846154,2.1153846153846154,0.6454545454545455,71,110,2.1153846153846154,1.3653846153846154,0.6363636363636364,0.038461538461538464,1.5523612518461776,61.724188742222225,4357.001558275568,4463.826034794602,109.502525317,0.012110482309274181,4.243238996747481,286.11538461538464,128.43487002019378,0.4488918699455623,0.1346153846153846,14,0.11538461538461539,12,0.17307692307692307,52,0.7323943661971831,0.11538461538461539,5,0,8,0.006854502764523214,0.6194103194103195,1,1,-0.3084277237584182,1.1104294478527608
normal_00149,0.38290514048780494,0.38267429243902434,0.032056863061822795,0.08814129832147749,-0.02773032974390244,0.7794897588327081,3.8571941857899574,0.012048192771084338,0.9679431369381771,41,1.3170731707317074,2.024390243902439,0.6506024096385542,54,83,2.024390243902439,1.3170731707317074,0.5903614457831325,0.04878048780487805,1.4243518597799771,38.588545916111116,3472.96913247185,3325.8683304495326,2.212751955,-0.021636169834116026,3.9186808226498755,234.90243902439025,129.37519176373203,0.5507613811974886,0.1951219512195122,14,0.14634146341463414,12,0.14634146341463414,41,0.7592592592592593,0.024390243902439025,5,0,10,0.008296996124031009,0.6390528663255935,1,1,-0.30051553324363667,1.062015503875969
normal_00150,1.2801773113043478,1.2799342198550727,0.005413160606019823,0.008809698838945435,-0.05052973196529047,0.8242194208246583,4.119687144628873,0.006666666666666667,0.9945868393939805,69,1.463768115942029,2.1739130434782608,0.6733333333333335,101,150,2.1739130434782608,1.463768115942029,0.64,0.048309178743961345,1.8086088520168384,68.75685191583332,3640.0686308428085,3390.4383607653313,109.742621454,-0.03550672382168807,4.34826196534787,281.27536231884056,128.8948367580389,0.45825142911710043,0.15942028985507245,14,0.13043478260869565,12,0.14492753623188406,69,0.6831683168316832,0.057971014492753624,5,0,18,0.005024823830877642,0.6674570590699621,1,1,-0.35655817197971423,1.1205357142857142
normal_00152,2.9376959808695657,2.9374834743478258,0.00018404887376451468,0.0003051655827979889,-0.15386354097826085,0.4901542511181027,3.3151204074533185,0.03125,0.9998159511262356,23,1.3478260869565217,1.391304347826087,0.96875,31,32,1.391304347826087,1.3478260869565217,0.78125,0.08695652173913043,1.5504949818090417,21.240020793888892,3475.639766311818,3813.145085850914,81.231181305,0.04630474439631056,3.55553315140824,301.4347826086956,124.69520151406152,0.41367223926488034,0.0,11,0.17391304347826086,11,0.17391304347826086,23,0.7419354838709677,0.043478260869565216,5,0,14,0.01721311475409836,0.4798245614035088,1,1,-0.23815035429106862,1.0327868852459017
normal_00153,0.9173226877333336,0.9171230221333332,0.1477176619282755,0.2928896507468134,-0.026061578529729717,0.8153667642495899,3.8093073541915787,0.007936507936507936,0.8522823380717245,75,1.4,1.68,0.8333333333333333,105,126,1.68,1.4,0.8174603174603174,0.06,1.7963990189289074,76.46987820888889,3720.1562371955542,3963.818358315585,32.916381238,0.031710427733893674,4.348381110769381,287.28,123.20095208477326,0.4288532166693584,0.16,14,0.14666666666666667,12,0.12,75,0.7142857142857143,0.08,5,0,15,0.005633321952884944,0.4886453823953824,1,1,-0.27307223015686727,1.1379310344827587
normal_00154,0.051523819710144934,0.05132417463768116,0.18398907771899686,0.3088257117118253,-0.0014842026287906476,0.8077106223298722,3.8973903240145766,0.006802721088435374,0.816010922281003,69,1.463768115942029,2.130434782608696,0.6870748299319728,101,147,2.130434782608696,1.463768115942029,0.6802721088435374,0.007246376811594203,1.6446119080866115,74.94996072416666,3967.9390971708385,3762.1679401501174,111.350851565,-0.026619444727900666,4.334558833644871,293.30434782608694,134.62401939648615,0.45899087549943396,0.11594202898550725,14,0.11594202898550725,12,0.11594202898550725,69,0.6831683168316832,0.08695652173913043,5,0,7,0.005291005291005291,0.6271688896688896,1,1,-0.34629212749540866,1.1428571428571428
normal_00156,0.2505580934482759,0.25034908,0.058833988319712247,0.19295495500032225,-0.02175381630049261,0.7527352045292115,3.6298346176093177,0.0,0.9411660116802878,29,1.4827586206896552,2.206896551724138,0.671875,43,64,2.206896551724138,1.4827586206896552,0.65625,0.034482758620689655,1.3760746067797829,28.471857261388887,3660.6673622050725,2796.4797160419553,59.244076147,-0.1338342824920948,3.8664331502023,263.48275862068965,116.61095901992573,0.4425752927074789,0.06896551724137931,14,0.1724137931034483,10,0.2413793103448276,29,0.6744186046511628,0.034482758620689655,4,0,7,0.012239762068176618,0.6586080586080587,1,1,-0.34613473943059825,1.1382978723404256
normal_00157,0.5157426906896552,0.5155249744827586,0.002651899924747335,0.008391332150478046,-0.04214677886699507,0.595068380188041,3.8435538292688265,0.0,0.9973481000752528,29,1.3103448275862069,2.2413793103448274,0.5846153846153846,38,65,2.2413793103448274,1.3103448275862069,0.5692307692307692,0.06896551724137931,1.501357928705513,27.08072014833333,3481.806876236214,2773.0043719807486,124.973365012,-0.11332116607955538,3.8312762533521663,283.62068965517244,132.88486256721413,0.4685302145227002,0.06896551724137931,12,0.1724137931034483,11,0.1724137931034483,29,0.7631578947368421,0.13793103448275862,5,0,5,0.011534154535274356,0.6611592111592114,1,1,-0.30619183829500235,1.0842105263157895
normal_00158,1.220145888,1.2199331622222223,0.1030747964731702,0.22023703042064427,-0.08553863937417652,0.8564834112378136,3.9196389384273536,0.01,0.8969252035268296,45,1.4444444444444444,2.2222222222222223,0.6499999999999999,65,100,2.2222222222222223,1.4444444444444444,0.61,0.022222222222222223,1.8444764776655538,49.56636030277778,4055.429479321705,4003.9816410994786,84.369298799,-0.006383572875674045,4.2778710855625866,267.1333333333333,135.58033512544242,0.5075380651064727,0.15555555555555556,14,0.15555555555555556,12,0.15555555555555556,45,0.6923076923076923,0.08888888888888889,5,0,12,0.007482314529294395,0.7197968697968697,1,1,-0.3548037754189403,1.1073825503355705
normal_00159,0.28891257000000004,0.2886996102222223,0.01430609739553927,0.03441697422972072,-0.013800049375494073,0.7615611432371773,3.9833066112315874,0.0,0.9856939026044607,45,1.3777777777777778,2.1333333333333333,0.6458333333333334,62,96,2.1333333333333333,1.3777777777777778,0.6041666666666666,0.044444444444444446,1.55602203341486,36.755392640555556,3007.259397880409,2920.6374667589453,39.762766533,-0.014612590788846927,4.113206429249537,275.7111111111111,115.52658533511635,0.41901316515517334,0.06666666666666667,14,0.13333333333333333,12,0.15555555555555556,45,0.7258064516129032,0.1111111111111111,5,0,17,0.007567049808429119,0.6214920634920635,1,1,-0.32610011611492634,1.089655172413793
normal_00161,0.7399950164285715,0.7397397447619047,0.0026006718003276507,0.003120001849396306,0.009751992008751315,0.7543652456164275,3.856942457692125,0.012658227848101266,0.9973993281996724,42,1.5,1.880952380952381,0.7974683544303798,63,79,1.880952380952381,1.5,0.6962025316455697,0.05952380952380952,1.7273966735687085,45.95818951638889,4035.353225843122,3696.0915710386057,194.368861601,-0.04388075757086804,4.189238255772731,286.26190476190476,128.26193844948693,0.44805800672697754,0.11904761904761904,14,0.09523809523809523,10,0.23809523809523808,42,0.6666666666666666,0.14285714285714285,5,0,20,0.008599806201550387,0.6453749315818283,1,1,-0.3213277140241635,1.1007751937984496
normal_00162,0.18505733042253522,0.18488382661971833,0.3033220447080274,0.37120653649408536,-0.00444553021663313,0.9183461071608098,3.938933136153954,0.0,0.6966779552919726,71,1.408450704225352,2.056338028169014,0.684931506849315,100,146,2.056338028169014,1.408450704225352,0.678082191780822,0.0,1.7207245152204986,61.09196306472222,3141.872386197872,2732.5272593390773,167.593267058,-0.06968288702825878,4.346743338227207,324.77464788732397,114.73263294448638,0.35326843918029976,0.11267605633802817,14,0.15492957746478872,12,0.1267605633802817,71,0.71,0.14084507042253522,5,0,8,0.0052001860229146405,0.613435128741251,1,1,-0.32235907583945295,1.128440366972477
normal_00164,2.0653298603636365,2.065113888363636,0.0035397845782457068,0.006523654306239419,-0.07089151746392496,0.6982537288485471,3.7660727514474193,0.0,0.9964602154217542,55,1.7272727272727273,1.8,0.9595959595959596,95,99,1.8,1.7272727272727273,0.8484848484848485,0.08181818181818182,1.7676595047278676,54.18539759388889,3612.3598395971294,3718.937914235546,65.911789106,0.014537409094140183,4.368803632186198,275.8545454545455,133.78014276912177,0.48496624389017245,0.16363636363636364,13,0.12727272727272726,12,0.12727272727272726,55,0.5789473684210527,0.12727272727272726,5,0,31,0.007169253510716926,0.6401226551226551,1,1,-0.3733422414898809,1.1757575757575758
normal_00167,2.5244158550000004,2.5241904652272726,0.028460919543352847,0.15098282751694697,-0.13350362345665961,0.7458391412730598,3.594255619532917,0.02564102564102564,0.9715390804566474,44,1.4772727272727273,1.7727272727272727,0.8333333333333334,65,78,1.7727272727272727,1.4772727272727273,0.7051282051282052,0.0303030303030303,1.6213928180140498,47.61897180305555,3986.7046160820933,4421.4078315296965,80.645832968,0.051700452171173666,4.033771256037146,245.52272727272728,124.97618166309404,0.5090208269162397,0.045454545454545456,14,0.13636363636363635,12,0.1590909090909091,44,0.676923076923077,0.1590909090909091,5,0,15,0.00826972010178117,0.6218565525383707,1,1,-0.3038090466934628,1.0833333333333333
normal_00168,0.052773429655172406,0.05251764448275862,0.14354237365383626,0.30472692173447413,0.0009948076551724145,0.7584508873721256,3.526411690025582,0.017241379310344827,0.8564576263461638,29,1.5517241379310345,2.0,0.7758620689655172,45,58,2.0,1.5517241379310345,0.7241379310344828,0.017241379310344827,1.759757842295446,26.097743175555557,3355.4241225873566,2681.5292002227216,230.70486301,-0.1116283142058403,4.047299098400675,300.86206896551727,118.76619412524371,0.39475296614694183,0.10344827586206896,13,0.1724137931034483,12,0.13793103448275862,29,0.6444444444444445,0.2413793103448276,5,0,12,0.01285892634207241,0.6711257776831546,1,1,-0.35567685273631855,1.1444444444444444
normal_00170,0.5557520911428572,0.555524771142857,0.025432483960809937,0.062187583112899195,-0.051069361168067214,0.813529454462478,4.102669705539234,0.0,0.9745675160391899,35,1.4,2.9714285714285715,0.4711538461538461,49,104,2.9714285714285715,1.4,0.46153846153846156,0.05714285714285714,1.7039675390306945,37.16121496916667,3934.716879095765,3048.7732737609062,137.418675548,-0.12686258388614666,4.207435516730672,296.8285714285714,124.82940964614485,0.42054378069256615,0.02857142857142857,12,0.22857142857142856,12,0.17142857142857143,35,0.7142857142857143,0.02857142857142857,5,0,7,0.007862281603288798,0.7425747268604408,1,1,-0.39304041644663407,1.0928571428571427
normal_00172,0.6215680589473684,0.6213915805263158,0.009107568384034006,0.022924708225742416,-0.10347200338596488,0.7804252394258325,3.772080423745476,0.0,0.990892431615966,19,1.5789473684210527,2.0526315789473686,0.7692307692307692,30,39,2.0526315789473686,1.5789473684210527,0.6666666666666666,0.05263157894736842,1.7863012011658688,17.96886204888889,3593.7724097900004,4100.698311793378,340.952950888,0.06588184169463725,3.431623565830119,324.36842105263156,121.07170076093834,0.3732536612782458,0.05263157894736842,11,0.15789473684210525,10,0.21052631578947367,19,0.6333333333333333,0.10526315789473684,4,2,6,0.018244315177154944,0.6916842847075406,1,1,-0.39302866150194615,1.1129032258064515
normal_00174,0.2949281181690141,0.29471591140845077,0.13166037403474157,0.27945817105926574,-0.010670933922535212,0.8320272400150899,4.032777974977064,0.0,0.8683396259652583,71,1.408450704225352,1.9154929577464788,0.7352941176470588,100,136,1.9154929577464788,1.408450704225352,0.7279411764705882,0.028169014084507043,1.8112467248205768,56.641268975833334,2912.979547328657,2584.5504143884305,5.628908852,-0.05974121746080413,4.278366535799378,290.7323943661972,120.95713027426333,0.4160428373933096,0.09859154929577464,14,0.15492957746478872,12,0.1267605633802817,71,0.71,0.08450704225352113,5,0,8,0.005481233742103307,0.5693383259076691,1,1,-0.32194425572363233,1.1346153846153846
normal_00175,2.380215159705882,2.379989356470588,0.0015443519620391942,0.003708555330161941,-0.2203246799083269,0.6644265476196649,3.7599565979968124,0.014084507042253521,0.9984556480379607,34,1.2058823529411764,2.088235294117647,0.5774647887323943,41,71,2.088235294117647,1.2058823529411764,0.5633802816901409,0.058823529411764705,1.7345216647739803,34.60826566972222,3775.4471639772123,3683.5452625047114,94.553976175,-0.01232095385245577,4.138502179265885,293.3235294117647,132.27444394326182,0.45095067623291907,0.029411764705882353,13,0.17647058823529413,12,0.23529411764705882,34,0.8292682926829268,0.058823529411764705,5,0,8,0.010062893081761006,0.6097883597883598,1,1,-0.265321293790136,1.0566037735849056
normal_00176,0.6846087228571428,0.6843772296103897,0.08855506437222556,0.24057780934344225,-0.025908475043903458,0.8527916491976183,3.840595193178639,0.0,0.9114449356277744,77,1.5454545454545454,1.922077922077922,0.8040540540540541,119,148,1.922077922077922,1.5454545454545454,0.75,0.006493506493506494,1.7833601632028822,70.97532981194445,3361.9893068880133,2654.41276939077,56.652245379,-0.11760792056884735,4.428281508807833,267.6623376623377,124.11970139107972,0.4637174675940387,0.1038961038961039,14,0.14285714285714285,12,0.11688311688311688,77,0.6470588235294118,0.1038961038961039,5,0,14,0.004939322184401362,0.6274503274503274,1,1,-0.336874260621148,1.145922746781116
normal_00178,1.12044372,1.12022499,0.004528042122231805,0.017225986481477742,-0.043181477075630234,0.6280629314193644,3.7876999232378132,0.016666666666666666,0.9954719578777682,34,1.7058823529411764,1.7647058823529411,0.9666666666666667,58,60,1.7647058823529411,1.7058823529411764,0.8666666666666667,0.08823529411764706,1.6500873882070144,30.544908533055555,3332.171839980333,3104.1270787644225,33.284498705,-0.035431039498766026,3.741155855614981,304.5,131.6679133044167,0.43240694024438975,0.058823529411764705,13,0.14705882352941177,11,0.14705882352941177,34,0.5862068965517241,0.08823529411764706,5,0,16,0.01191919191919192,0.6022727272727275,1,1,-0.37081236391783395,1.18
normal_00181,0.34655961234375,0.346335363125,0.042146558776306534,0.13395302683581325,-0.017677339446886445,0.8605031805542352,3.821242878452537,0.0,0.9578534412236934,64,1.484375,2.484375,0.5974842767295597,95,159,2.484375,1.484375,0.559748427672956,0.0,1.8064992614708213,66.97266925694444,3827.009671834111,4021.508740098826,17.460399278,0.024781628589798207,4.417434179417689,280.875,116.15773348175767,0.41355668351315594,0.09375,14,0.15625,12,0.140625,64,0.6736842105263158,0.078125,5,0,12,0.004864782042442351,0.7306777734050456,1,1,-0.38726803538078214,1.1091703056768558
normal_00183,0.2790280356060606,0.27883791999999996,0.02658100063835794,0.12017953466069943,-0.004755632257593154,0.753239965085781,3.456959620396072,0.0,0.973418999361642,66,1.5606060606060606,1.7575757575757576,0.8879310344827586,103,116,1.7575757575757576,1.5606060606060606,0.8793103448275862,0.0,1.7456765919243342,62.307121198888886,3450.8559433241694,2863.2768232577523,0.749309767,-0.09305777084324691,4.36569733872578,272.3333333333333,145.2038708250028,0.5331843481946248,0.13636363636363635,14,0.12121212121212122,12,0.15151515151515152,66,0.6407766990291263,0.045454545454545456,5,0,13,0.006575391821293461,0.5729394062727398,1,1,-0.3254419760000605,1.1967213114754098
normal_00184,0.2685181051999999,0.26832795600000003,0.20423957572548726,0.35580514688156517,-0.015115459401680669,0.8514530257065613,3.8043861046807743,0.0,0.7957604242745127,50,1.46,2.24,0.6517857142857142,73,112,2.24,1.46,0.625,0.05,1.7360220272656575,38.170054486944444,2804.3305337397555,2358.0218677701782,122.074790106,-0.08645451361263844,4.212878689311735,284.92,124.59302565078161,0.4372912594790875,0.12,14,0.12,11,0.14,50,0.684931506849315,0.12,5,0,7,0.006836659275683666,0.696317836752619,1,1,-0.36434031160555225,1.121212121212121
normal_00187,2.327984281428572,2.327732712857143,0.002626507885645095,0.00487514393944308,-0.12759042242857138,0.7714287920777929,3.481071590706483,0.024390243902439025,0.9973734921143548,21,1.4761904761904763,1.9523809523809523,0.7560975609756099,31,41,1.9523809523809523,1.4761904761904763,0.7317073170731707,0.047619047619047616,1.4607210985202796,26.68838490027778,4803.909282088749,4709.7838794528625,183.557764254,-0.009893676518429394,3.8442328987401084,297.3333333333333,123.31680069371461,0.4147426032299819,0.09523809523809523,10,0.23809523809523808,9,0.23809523809523808,21,0.6774193548387096,0.0,5,0,6,0.018433179723502304,0.6010152545866833,1,1,-0.31940374676469396,1.1428571428571428
normal_00189,1.0044527925000002,1.00424024375,0.09798043125429183,0.2433453240752939,-0.04869452081524099,0.8290611817724657,3.966991760182723,0.0,0.9020195687457081,48,1.4583333333333333,1.9583333333333333,0.7446808510638298,70,94,1.9583333333333333,1.4583333333333333,0.723404255319149,0.0625,1.6670151915377,46.20357845111111,3538.997498400575,3572.9975234797375,108.881895276,0.004780659291037237,4.214661719214054,285.125,129.94559008669253,0.455749548747716,0.125,14,0.16666666666666666,12,0.16666666666666666,48,0.6857142857142857,0.10416666666666667,5,0,12,0.007964257964257964,0.5925347222222223,1,1,-0.31136956462190224,1.1388888888888888
normal_00190,4.4859351837209305,4.485680535813954,0.0005459680723475265,0.0016359481499954782,-0.06510814947749924,0.46692876342680406,3.2461055300328647,0.030303030303030304,0.9994540319276525,43,1.7674418604651163,1.5348837209302326,1.1515151515151514,76,66,1.5348837209302326,1.7674418604651163,0.9242424242424242,0.046511627906976744,1.7131348048457566,36.630882990555556,3139.789970625143,2732.073368025572,242.351621224,-0.06943564233108654,3.9522164294376605,292.93023255813955,132.93345907039662,0.45380587011964546,0.06976744186046512,12,0.16279069767441862,12,0.13953488372093023,43,0.5657894736842105,0.023255813953488372,5,0,28,0.009310254392866509,0.6264844209288656,1,1,-0.31211042584607784,1.1451612903225807
normal_00193,0.4659880139583333,0.46577349104166665,0.12587804414101555,0.2762732907179354,-0.021638187324685195,0.8676398072301097,3.8280106765741624,0.0,0.8741219558589846,48,1.5208333333333333,1.9375,0.7849462365591398,73,93,1.9375,1.5208333333333333,0.7741935483870968,0.020833333333333332,1.647044417822841,46.00572850166667,3523.843034175723,3339.9815305946377,158.05454813,-0.02678703423231166,4.381328385879279,289.75,133.519860663084,0.4608105631167696,0.22916666666666666,14,0.16666666666666666,12,0.16666666666666666,48,0.6575342465753424,0.08333333333333333,5,0,8,0.00829088003196484,0.5930597771023305,1,1,-0.34205787356926876,1.1690140845070423
normal_00195,0.992720934074074,0.9925061755555555,0.12296837528946408,0.2627662760976638,-0.07514293635531136,0.8832382444277376,4.002991620534854,0.0,0.8770316247105358,27,1.4444444444444444,2.6296296296296298,0.5492957746478873,39,71,2.6296296296296298,1.4444444444444444,0.5352112676056338,0.05555555555555555,1.7413007886512446,25.884108449166664,3583.953477584808,3709.0977744648217,13.65718315,0.01715938810176926,3.6898916687283667,330.7037037037037,127.39092312032005,0.38521166135610274,0.07407407407407407,12,0.14814814814814814,11,0.18518518518518517,27,0.6923076923076923,0.1111111111111111,5,0,6,0.011337868480725623,0.7230759980759981,1,1,-0.37938515632791,1.1111111111111112
normal_00196,3.2017264433333334,3.2014950486666667,0.0003780532910631294,0.0010483572297201973,-0.49047826578571424,0.6128287285576157,3.938073894711897,0.0,0.9996219467089368,15,1.3333333333333333,2.533333333333333,0.5263157894736842,20,38,2.533333333333333,1.3333333333333333,0.5,0.0,1.8322628970184978,14.815356379722221,3809.6630691275714,3218.8375187683687,93.258630251,-0.08406139303405435,3.506890595591207,329.2,127.34834117490499,0.38684186262121806,0.06666666666666667,11,0.26666666666666666,7,0.26666666666666666,15,0.75,0.06666666666666667,4,0,5,0.02026554856743536,0.7621286121286122,1,1,-0.3521845173376965,1.0740740740740742
normal_00205,0.8719409278571428,0.8717365245238095,0.004514855205881499,0.016488175719403288,-0.020458175733733083,0.6131741605323676,3.888607732129748,0.0,0.9954851447941183,42,1.6904761904761905,1.7142857142857142,0.9861111111111112,71,72,1.7142857142857142,1.6904761904761905,0.9444444444444444,0.047619047619047616,1.732943818611641,46.086400508888886,4046.6107763951713,3786.613402013456,37.253204544,-0.03319161669065568,4.150913482573296,289.76190476190476,139.79860244317138,0.4824602549394575,0.11904761904761904,14,0.14285714285714285,12,0.14285714285714285,42,0.5915492957746479,0.11904761904761904,5,0,20,0.01053639846743295,0.6192698412698413,1,1,-0.3425891894500428,1.2222222222222223
normal_00207,0.2549465092857143,0.25472052142857143,0.04187130367979995,0.13508133962381783,-0.013497555909569723,0.8265455453453591,3.7278109643297,0.0,0.9581286963201999,42,1.380952380952381,2.238095238095238,0.6170212765957447,58,94,2.238095238095238,1.380952380952381,0.6063829787234043,0.011904761904761904,1.7441576359199176,36.932140903333334,3242.822128105878,3085.475799878614,3.394262718,-0.024863925500640517,3.9394709939738752,281.0238095238095,139.4691133033453,0.49628931277984434,0.07142857142857142,13,0.14285714285714285,12,0.14285714285714285,42,0.7241379310344828,0.023809523809523808,5,0,7,0.008158007728638901,0.6560856687172477,1,1,-0.3262224841736017,1.1094890510948905
normal_00208,1.930586012692308,1.9303925823076922,0.001309990147371199,0.0031279380868990334,-0.1476677050871795,0.6512932228572114,3.4602683866356445,0.0,0.9986900098526288,26,1.3846153846153846,1.8846153846153846,0.7346938775510204,36,49,1.8846153846153846,1.3846153846153846,0.673469387755102,0.057692307692307696,1.5262349099451944,26.587656595,3828.6225497175196,3488.005460463227,106.213915537,-0.0465538344686022,3.7671834678698217,273.0,123.57799156807818,0.45266663578050614,0.0,13,0.19230769230769232,12,0.23076923076923078,26,0.7222222222222222,0.11538461538461539,4,1,16,0.014152514152514152,0.5968281718281719,1,1,-0.29061395133017,1.0897435897435896
normal_00210,0.19712144950000002,0.19691893300000002,0.01011287944962647,0.025010432075303783,-0.00910540335338346,0.5893520707802835,3.7865221495072814,0.0,0.9898871205503736,20,1.3,1.65,0.787878787878788,26,33,1.65,1.3,0.6363636363636364,0.05,1.7609640474379105,15.2620652775,2891.7597368016313,3687.4810965617853,39.861390205,0.12094425176306672,3.2086949695484144,266.8,145.07079941223617,0.5437436259828942,0.05,12,0.15,9,0.15,20,0.7692307692307693,0.05,5,0,12,0.017846339987900785,0.6006265664160402,1,1,-0.2233060861888438,1.0172413793103448
normal_00211,0.029435501874999995,0.029258488958333332,0.2727292578950382,0.3610461940881902,0.00020297282837603099,0.8709120174360795,3.6789948451812475,0.0,0.7272707421049618,48,1.3541666666666667,2.2916666666666665,0.5909090909090909,65,110,2.2916666666666665,1.3541666666666667,0.5818181818181818,0.0,1.7491435840472858,54.54578217305556,4177.974804753892,4291.711947357693,29.023556846,0.013428730711374282,4.056127542667616,293.25,121.2775083952222,0.413563540989675,0.125,12,0.16666666666666666,11,0.14583333333333334,48,0.7384615384615385,0.08333333333333333,5,0,7,0.0069660058912506964,0.6427238927238929,1,1,-0.3260126966791269,1.10062893081761
normal_00215,2.3431802396551724,2.34295637275862,0.034763453716996656,0.10259466772351389,-0.19778540974876851,0.734405173401053,3.946577493031119,0.0,0.9652365462830033,29,1.5862068965517242,1.8620689655172413,0.8518518518518519,46,54,1.8620689655172413,1.5862068965517242,0.7222222222222222,0.0,1.4590697871808165,25.719860553333334,3306.83921402175,3543.036564997957,26.554229008,0.03448199041793564,3.479561393347474,289.0344827586207,139.14906774458532,0.48142722078179123,0.0,13,0.20689655172413793,11,0.20689655172413793,29,0.6304347826086957,0.13793103448275862,5,0,12,0.012484394506866416,0.6711387883519034,1,1,-0.3430211636515109,1.1111111111111112
normal_00216,0.1133374650877193,0.11310589263157897,0.1304322420182555,0.28228418532957966,-0.004856842816308013,0.8016684758742317,3.948592529377822,0.007246376811594203,0.8695677579817446,57,1.4736842105263157,2.4210526315789473,0.608695652173913,84,138,2.4210526315789473,1.4736842105263157,0.5942028985507246,0.03508771929824561,1.838034263528312,56.73992138833333,3647.566374966643,3172.64529368934,85.265295964,-0.06963436097737599,4.106510575646273,272.7719298245614,132.89429439862823,0.4871993041369828,0.12280701754385964,14,0.21052631578947367,12,0.15789473684210525,57,0.6785714285714286,0.07017543859649122,5,0,6,0.00574950792499741,0.7054019789734073,1,1,-0.36703257135990197,1.1269035532994924
normal_00217,2.282278297948718,2.2820594394871794,0.008825184394123615,0.03965417498153377,-0.09668811086639678,0.5622674024614843,3.5380792918607633,0.04411764705882353,0.9911748156058764,39,1.641025641025641,1.7435897435897436,0.9411764705882353,64,68,1.7435897435897436,1.641025641025641,0.8382352941176471,0.02564102564102564,1.5734024524119963,35.928173535,3403.7217033169472,2241.9057249480193,202.496041919,-0.20579040914961355,4.169766962312192,317.9230769230769,132.33617173009856,0.4162521733586454,0.05128205128205128,13,0.15384615384615385,12,0.20512820512820512,39,0.609375,0.07692307692307693,5,0,18,0.010246856078248719,0.6294814814814815,1,1,-0.32246012716210753,1.1578947368421053
normal_00219,0.3346913017241379,0.3344243096551724,0.008753549834206698,0.0194009467691517,-0.01743738491133005,0.6439303675897837,3.401198540500826,0.1282051282051282,0.9912464501657933,29,1.3793103448275863,1.3448275862068966,1.0256410256410258,40,39,1.3448275862068966,1.3793103448275863,0.9487179487179487,0.0,1.8359962802775194,29.096428374722223,3740.9693624882498,3478.668907267595,118.086304495,-0.03633152318994583,3.9093680639193584,269.41379310344826,153.7870785119523,0.5708211028857822,0.06896551724137931,13,0.13793103448275862,10,0.1724137931034483,29,0.725,0.06896551724137931,4,0,10,0.0158953722334004,0.4294028722600152,1,1,-0.22531289300693605,1.1126760563380282
normal_00220,0.36198795567567565,0.36177748864864867,0.019477614648401583,0.051141471138613705,-0.019203418029871976,0.7328670560757503,3.9525433128835896,0.0,0.9805223853515983,37,1.4864864864864864,1.837837837837838,0.8088235294117646,55,68,1.837837837837838,1.4864864864864864,0.7647058823529411,0.02702702702702703,1.4253154361861167,43.11019657166667,4311.019657169721,3577.7859117172593,63.778656939,-0.09294610433096429,4.0263604599037714,243.94594594594594,139.53751903778144,0.5720017953022284,0.05405405405405406,12,0.13513513513513514,12,0.1891891891891892,37,0.6727272727272727,0.10810810810810811,5,0,12,0.010643821391484943,0.5833445115135256,1,1,-0.30234388614895547,1.1388888888888888
normal_00221,0.9112497386363636,0.9110127486363635,0.0030317464625581273,0.005183245262070863,-0.13442432779785432,0.7583265618974743,3.544498451539966,0.0,0.996968253537442,22,1.3181818181818181,2.272727272727273,0.58,29,50,2.272727272727273,1.3181818181818181,0.54,0.045454545454545456,1.8230679822678901,14.2510762875,2443.041649317381,2569.3867121616086,12.971908968,0.025206357823525576,3.277613436803246,316.59090909090907,133.655797832987,0.4221719385966567,0.0,14,0.09090909090909091,10,0.22727272727272727,22,0.7586206896551724,0.045454545454545456,4,0,4,0.014624213254350241,0.6658078033078033,1,1,-0.33266729721189875,1.0675675675675675
normal_00223,1.3546528892,1.3544242255999999,0.0004031143848026159,0.0006469578815636171,-0.062063832223076924,0.5577152661939213,3.235368654836832,0.022222222222222223,0.9995968856151974,25,1.76,1.8,0.9777777777777777,44,45,1.8,1.76,0.8,0.0,0.8554508105572454,22.964834479999997,3444.7251720253334,2270.6654852578013,514.804900592,-0.2054207240009789,4.053660689662217,223.64,134.57057627876907,0.601728565009699,0.16,12,0.2,10,0.16,25,0.5681818181818182,0.12,5,0,16,0.014818514818514818,0.6209153529908247,1,1,-0.37215536775396113,1.141025641025641
normal_00224,1.0215512133333333,1.021305339047619,0.0057780413812392635,0.01549319055133291,-0.03496786761850743,0.742351664155644,3.8983815464194427,0.05063291139240506,0.9942219586187607,42,1.6904761904761905,1.880952380952381,0.8987341772151899,71,79,1.880952380952381,1.6904761904761905,0.8860759493670886,0.03571428571428571,1.7814164026153498,37.960023711944444,3333.0752527653417,2878.312554188272,11.151762484,-0.07321434640869881,4.032331339923641,271.42857142857144,131.41280014447545,0.48415242158490956,0.07142857142857142,13,0.11904761904761904,12,0.16666666666666666,42,0.5915492957746479,0.09523809523809523,5,0,12,0.01016122476629183,0.5841242784992785,1,1,-0.36018027359207827,1.2295081967213115
normal_00225,0.2716034864285714,0.27138071964285715,0.03095220467329682,0.058334390184928066,-0.011350034864661653,0.830854342016853,3.9057978703816922,0.0,0.9690477953267032,56,1.375,2.0714285714285716,0.6637931034482758,77,116,2.0714285714285716,1.375,0.646551724137931,0.06845238095238095,1.6475883705042018,46.849842271111115,3066.5351304786004,3700.376932136393,40.708644369,0.09366780531397238,4.249169547629769,283.2142857142857,140.58109458900992,0.4963771309574121,0.07142857142857142,12,0.125,12,0.14285714285714285,56,0.7272727272727273,0.08928571428571429,5,0,13,0.0064115341173343965,0.6287126715092816,1,1,-0.3206119850334164,1.1091954022988506
normal_00226,1.365437424117647,1.3652123482352942,0.000489948580248772,0.0007623874658582274,-0.1728980929166666,0.5556978616426512,3.3512334229494067,0.06060606060606061,0.9995100514197512,17,1.5294117647058822,1.9411764705882353,0.7878787878787878,26,33,1.9411764705882353,1.5294117647058822,0.7272727272727273,0.11764705882352941,1.383099991185006,22.722569300555556,5112.57809267825,4340.615402079419,30.091317832,-0.081661577225403,3.5724694587513803,293.8235294117647,118.45211864616313,0.40314034374069535,0.058823529411764705,8,0.29411764705882354,8,0.23529411764705882,17,0.6538461538461539,0.11764705882352941,5,0,6,0.0222473604826546,0.6663945578231291,1,1,-0.32526920895166733,1.1346153846153846
normal_00231,0.15096600830985915,0.15075444746478872,0.0639655578901634,0.1770357275795821,-0.007210317638833001,0.786587994481856,3.8703788041199507,0.0,0.9360344421098367,71,1.5211267605633803,2.140845070422535,0.7105263157894738,108,152,2.140845070422535,1.5211267605633803,0.6973684210526315,0.035211267605633804,1.7133058763053042,71.7805094775,3691.5690588515426,2845.843679463084,10.104806874,-0.12936698557088358,4.397947169542696,289.23943661971833,122.16691915907892,0.4223729674861026,0.09859154929577464,13,0.1267605633802817,12,0.14084507042253522,71,0.6574074074074074,0.1267605633802817,5,0,10,0.005158730158730159,0.649414834804445,1,1,-0.36042807401396515,1.1555555555555554
normal_00232,0.7635567520000003,0.7633100290909091,0.023210161198772575,0.09730728952643986,-0.026193777765512266,0.6472613944116159,3.8442074008115443,0.02247191011235955,0.9767898388012275,55,1.4181818181818182,1.6181818181818182,0.8764044943820225,78,89,1.6181818181818182,1.4181818181818182,0.8202247191011236,0.05454545454545454,1.7367869824689794,42.501817656111115,2833.4545104127224,2905.277300593445,48.698327231,0.012515446364469511,4.054201196046879,268.09090909090907,132.97483369911166,0.49600650074270203,0.09090909090909091,14,0.10909090909090909,12,0.14545454545454545,55,0.7051282051282052,0.12727272727272726,5,0,15,0.0075730092508616,0.5479038101378529,1,1,-0.2574409059172156,1.1208053691275168
normal_00233,1.8506102304347827,1.8503622526086954,0.0010522106002994983,0.003184117558783,0.028915221749011878,0.6435210547526325,3.447815968317617,0.0,0.9989477893997005,23,1.9565217391304348,1.8695652173913044,1.0465116279069766,45,43,1.8695652173913044,1.9565217391304348,0.7906976744186046,0.043478260869565216,1.7349112826852586,33.05147256083333,5408.422782692592,4154.52658619828,341.45919455,-0.13112023792297262,3.6424896731459273,269.60869565217394,130.86937940711402,0.48540489056017133,0.13043478260869565,12,0.17391304347826086,11,0.2608695652173913,23,0.5111111111111111,0.043478260869565216,5,2,13,0.015037593984962405,0.7350088183421517,1,1,-0.40191133120742834,1.1428571428571428
normal_00234,0.025543121780821923,0.02536928698630137,0.3677285021858949,0.4011688158950524,-0.001136219145378255,0.8798009166241917,3.956362247811763,0.013513513513513514,0.6322714978141051,73,1.5205479452054795,2.0273972602739727,0.75,111,148,2.0273972602739727,1.5205479452054795,0.7432432432432432,0.0,1.710520911992299,73.9092993011111,3695.464965061611,3413.599373479907,11.495173717,-0.03964876081562246,4.287522895278165,280.6849315068493,126.7708865885759,0.45164835143806936,0.136986301369863,14,0.1095890410958904,12,0.1506849315068493,73,0.6576576576576577,0.1095890410958904,5,0,10,0.005279034690799397,0.5819905672254663,1,1,-0.35032629064387155,1.1666666666666667
normal_00237,0.5127696500000001,0.5125129798000001,0.20086720079767087,0.32676946514923577,-0.03348676995390156,0.8758981318850965,4.091540427376848,0.0,0.799132799202329,50,1.42,2.28,0.6228070175438597,71,114,2.28,1.42,0.6140350877192983,0.03,1.7028390276173981,55.12640826472222,4050.1034643604485,3990.891913235388,19.2961202,-0.007363709136065186,4.321076879993191,257.42,119.25741152683815,0.46327951024333053,0.12,13,0.14,12,0.16,50,0.704225352112676,0.1,5,0,7,0.006836659275683666,0.644561139343748,1,1,-0.3505714391247318,1.121212121212121
normal_00242,1.3274185404761905,1.327169786190476,0.005630723471102563,0.017074835327093627,-0.07824158303896105,0.625989714542753,3.4037016960385937,0.0,0.9943692765288974,21,1.6666666666666667,1.9047619047619047,0.8750000000000001,35,40,1.9047619047619047,1.6666666666666667,0.7,0.023809523809523808,1.5566567074584952,19.884787707222223,3579.2617873063004,3302.114746196061,285.935166606,-0.04027494204988404,3.427333493880953,292.76190476190476,123.5175715280643,0.4219045221355482,0.09523809523809523,11,0.19047619047619047,9,0.23809523809523808,21,0.6,0.0,5,0,14,0.01646180860403863,0.727693346842283,1,1,-0.35139619539115263,1.1029411764705883
normal_00243,2.708674345217392,2.708467711014493,0.05006948782286481,0.19178031812346705,-0.11349613421519911,0.818856400303175,3.7295182443026627,0.022556390977443608,0.9499305121771351,69,1.5217391304347827,1.9275362318840579,0.7894736842105264,105,133,1.9275362318840579,1.5217391304347827,0.7142857142857143,0.07971014492753623,1.7165592990972574,50.68666241138889,2683.411539434088,2753.9283664169793,42.806936986,0.012968993699843733,4.3434454720809175,273.3478260869565,141.45585739301447,0.5174939907808705,0.08695652173913043,13,0.11594202898550725,12,0.13043478260869565,69,0.6571428571428571,0.08695652173913043,5,0,20,0.005320575874094608,0.6361068224704586,1,1,-0.33177884110929334,1.1226415094339623
normal_00245,0.5706565104545456,0.5704325986363636,0.00657977904411937,0.010782225863629818,-0.07565700252399775,0.8050438281434603,4.046761002922585,0.018518518518518517,0.9934202209558806,22,1.2727272727272727,2.4545454545454546,0.5185185185185185,28,54,2.4545454545454546,1.2727272727272727,0.46296296296296297,0.1590909090909091,1.7526645721935865,20.495054055555556,3513.4378381135707,2646.6215371067888,502.422701882,-0.14071557564747889,3.7321588913443726,251.9090909090909,130.62155772303183,0.5185265734223566,0.09090909090909091,10,0.18181818181818182,10,0.22727272727272727,22,0.7857142857142857,0.09090909090909091,5,0,6,0.013307367737747485,0.6750487329434697,1,1,-0.3154548013619014,1.0379746835443038
normal_00246,1.2855362839473683,1.2853145303947364,0.0505959376188065,0.1746624798432318,-0.04606280932399181,0.8254971936160752,3.8264169497873013,0.007042253521126761,0.9494040623811933,76,1.513157894736842,1.868421052631579,0.8098591549295774,115,142,1.868421052631579,1.513157894736842,0.7323943661971831,0.039473684210526314,1.7308988506159257,71.02241607194445,3409.0759714576934,2941.159758462756,32.580729817,-0.073684857207781,4.405987553943409,265.2894736842105,136.37583518003706,0.5140642532329539,0.06578947368421052,14,0.13157894736842105,12,0.13157894736842105,76,0.6608695652173913,0.07894736842105263,5,0,16,0.004922240098061748,0.5975332220430257,1,1,-0.32900299239707276,1.1222707423580787
normal_00247,0.42468015304347817,0.4244799347826087,0.0028123219929060473,0.006013456137085733,-0.0003609109683794466,0.6672578074188492,3.5768278375811917,0.0,0.997187678007094,23,1.6521739130434783,1.8695652173913044,0.8837209302325582,38,43,1.8695652173913044,1.6521739130434783,0.8604651162790697,0.043478260869565216,1.720066048324561,23.043307874722224,3770.723106793499,3773.9363243799344,190.334303995,0.0004258929930168619,3.8279097821223282,298.3478260869565,139.13812911036288,0.46636213487880307,0.08695652173913043,11,0.13043478260869565,11,0.17391304347826086,23,0.6052631578947368,0.17391304347826086,5,0,7,0.018317503392130258,0.5770923520923522,1,1,-0.37739143848291534,1.208955223880597
normal_00248,0.49477940806451615,0.4945723398387097,0.06725018911118005,0.21325250500688064,-0.02456786175644028,0.7781087826916816,3.7475243653096513,0.022556390977443608,0.9327498108888199,62,1.532258064516129,2.1451612903225805,0.7142857142857143,95,133,2.1451612903225805,1.532258064516129,0.6691729323308271,0.016129032258064516,1.7238641996123099,49.74296490138889,2935.650387629508,2755.15544358132,20.44051647,-0.03171693946370053,4.227816271005823,265.2096774193548,138.39005662859137,0.5218137511994566,0.08064516129032258,14,0.14516129032258066,12,0.11290322580645161,62,0.6526315789473685,0.03225806451612903,5,0,10,0.005671641791044776,0.6604529363522168,1,1,-0.3738816982276932,1.1343283582089552
normal_00249,10.263826713124999,10.26356183,0.0003543006039274315,0.0005390776865265616,-0.6029752399705882,0.6630223030356118,2.7509619827496925,0.0,0.9996456993960726,16,1.5,1.5,1.0,24,24,1.5,1.5,0.9166666666666666,0.0,1.7640976555681456,11.775815270833332,2826.195665031401,2766.564925178268,49.326731902,-0.010662129889400025,2.8993974703347147,281.6875,141.27359684904562,0.5015259706200865,0.0625,11,0.1875,11,0.125,16,0.6666666666666666,0.0625,5,0,9,0.027874564459930314,0.46153846153846156,1,1,-0.26334032657486156,1.1428571428571428
normal_00250,0.6361827036842106,0.6359454431578948,0.0018221785665930286,0.0023105550616781497,-0.03347233598245614,0.6815989657502639,3.4892171361021416,0.0,0.9981778214334072,19,1.5263157894736843,1.9473684210526316,0.7837837837837838,29,37,1.9473684210526316,1.5263157894736843,0.7567567567567568,0.0,1.639321049788488,14.71654026388889,2943.3080528189453,3610.672884069553,188.802650607,0.10182587311086068,3.260828171208586,274.89473684210526,127.64399047387059,0.46433770227906207,0.05263157894736842,10,0.21052631578947367,10,0.15789473684210525,19,0.6551724137931034,0.05263157894736842,4,0,5,0.020676691729323307,0.5927318295739347,1,1,-0.33573725486406525,1.1578947368421053
normal_00253,1.4609238676666672,1.4607064746666665,0.003026517740030808,0.0099766734419503,-0.017072077788654057,0.5809419529141597,3.7851437116075415,0.08163265306122448,0.9969734822599692,30,1.7,1.6333333333333333,1.0408163265306123,51,49,1.6333333333333333,1.7,0.8571428571428571,0.08333333333333333,1.5240979830645074,25.519802464166666,3167.975478320207,3184.356358830579,134.566321143,0.002578719268815706,3.7144093452277427,268.8,135.335954903548,0.5034819750876041,0.06666666666666667,13,0.16666666666666666,12,0.16666666666666666,30,0.5882352941176471,0.13333333333333333,5,0,17,0.013061650992685475,0.6121510673234809,1,1,-0.3309766469901946,1.1363636363636365
normal_00254,0.427620911948052,0.42741539337662326,0.15957383592926402,0.30145712168270894,-0.015915134686892055,0.8713843150544924,4.065599626972308,0.012195121951219513,0.840426164070736,77,1.5974025974025974,2.1298701298701297,0.75,123,164,2.1298701298701297,1.5974025974025974,0.725609756097561,0.05844155844155844,1.7692682126818828,87.14382194777778,4127.8652501682245,4496.79843402115,2.728079605,0.042776529887101435,4.241729197426299,259.0779220779221,136.66235440462344,0.5274951771595571,0.18181818181818182,13,0.11688311688311688,12,0.12987012987012986,77,0.6260162601626016,0.12987012987012986,5,0,12,0.004800936768149883,0.6593241084312508,1,1,-0.3775412640085751,1.1714285714285715
normal_00255,0.11538983169014085,0.11516910591549297,0.10802133610455011,0.2393855629958354,-0.0014817572126089877,0.789609949664889,3.988864556883312,0.0,0.8919786638954499,71,1.591549295774648,1.9014084507042253,0.8370370370370371,113,135,1.9014084507042253,1.591549295774648,0.8296296296296296,0.028169014084507043,1.8197877444565085,75.25333071944445,3870.1712941548,3858.592117042908,4.138053695,-0.0014981927244810856,4.249608169887245,284.61971830985914,125.92337422838692,0.44242674041050434,0.1267605633802817,14,0.1267605633802817,12,0.14084507042253522,71,0.6283185840707964,0.11267605633802817,5,0,18,0.005815862295389522,0.593239113827349,1,1,-0.3422194155804877,1.1980676328502415
normal_00257,0.4749278514285715,0.4746926168571428,0.018578414412169116,0.06505482479340094,-0.022027150521008405,0.7441724561439945,3.992971590255641,0.014285714285714285,0.9814215855878311,35,1.5142857142857142,2.0,0.7571428571428571,53,70,2.0,1.5142857142857142,0.7285714285714285,0.04285714285714286,1.6704644447688637,37.829980498333335,4005.527346885971,3695.8234270012185,68.633397632,-0.04021423370752817,4.128724445240287,279.8285714285714,132.26232528227996,0.4726548279436184,0.11428571428571428,13,0.14285714285714285,10,0.17142857142857143,35,0.660377358490566,0.14285714285714285,5,0,10,0.010844648210192206,0.6209896584896586,1,1,-0.35492560231196,1.1495327102803738
normal_00258,1.16246120984375,1.162233471875,0.01798609623962355,0.05430210919951613,-0.06437562993040295,0.7951599643800623,4.002896979111097,0.0,0.9820139037603763,64,1.421875,1.984375,0.7165354330708661,91,127,1.984375,1.421875,0.6692913385826772,0.0234375,1.7778428437078073,69.59853467722222,3977.059124420414,3790.4459693154745,12.216713738,-0.024024851332950355,4.319298633519346,255.09375,126.02049704156532,0.494016403936064,0.109375,13,0.140625,11,0.15625,64,0.7032967032967034,0.0625,5,0,12,0.00564591318761007,0.6307608848962232,1,1,-0.3079940722349291,1.1065989847715736
normal_00261,0.06377723404761905,0.06355319666666666,0.17887718209481548,0.3301245483112964,-0.004802804506928125,0.7999542864590938,3.8798657342918523,0.0,0.8211228179051846,42,1.5,2.5476190476190474,0.588785046728972,63,107,2.5476190476190474,1.5,0.5607476635514018,0.047619047619047616,1.7244078178568214,38.23577158166666,3357.287260841244,3745.6226956374335,68.2969872,0.0546727238801588,4.1712647438179005,257.6666666666667,128.4987741550463,0.4987015814555484,0.09523809523809523,14,0.14285714285714285,11,0.21428571428571427,42,0.6666666666666666,0.07142857142857142,5,0,11,0.007406761937957477,0.7128315623770168,1,1,-0.39568861738152616,1.118421052631579
normal_00263,0.10735476999999999,0.10710843499999999,0.07789845421327228,0.22275382609936795,-0.010750868644833425,0.6627041977954552,3.498507188220953,0.045454545454545456,0.9221015457867278,22,1.5,2.0,0.75,33,44,2.0,1.5,0.7045454545454546,0.11363636363636363,1.7796837384856319,29.81023837777778,5110.326579066428,5167.642203614574,536.934606742,0.005576551725349294,3.697845823064215,303.72727272727275,137.56909322684152,0.4529362542637703,0.18181818181818182,12,0.13636363636363635,11,0.22727272727272727,22,0.6666666666666666,0.09090909090909091,5,0,6,0.016900790166812993,0.6173913043478261,1,1,-0.3374855073273124,1.1323529411764706
normal_00265,1.1843927016,1.1841308768,0.0007941456506248253,0.0013481573503272225,-0.09983797330000001,0.6281303015132687,3.869196429446174,0.0,0.9992058543493753,25,1.56,1.8,0.8666666666666667,39,45,1.8,1.56,0.8222222222222222,0.04,1.541315277396908,26.144498331944444,3921.6747498230834,3025.602599531566,292.774941908,-0.12898177303584346,3.7638561897516416,287.4,141.849098222959,0.49355984072010783,0.0,10,0.16,9,0.28,25,0.6410256410256411,0.08,5,0,12,0.01643192488262911,0.5963986368241688,1,1,-0.32500157061859697,1.1666666666666667
normal_00266,2.350448074871795,2.3502337856410263,0.0019054990025226665,0.0072190675964292446,0.09685138854655874,0.6403228273503974,3.972067094048179,0.0,0.998094500997477,39,1.6153846153846154,1.641025641025641,0.984375,63,64,1.641025641025641,1.6153846153846154,0.890625,0.05128205128205128,1.6548231255977606,26.599701020277777,2519.9716756292105,2735.3065798454727,17.458018271,0.04097497672781402,3.938496449274112,275.87179487179486,113.87000424934693,0.4127642128194563,0.05128205128205128,14,0.15384615384615385,12,0.15384615384615385,39,0.6190476190476191,0.07692307692307693,5,0,16,0.010788311247026844,0.6077777777777781,1,1,-0.3057786747176425,1.165137614678899
normal_00267,2.6460141746511634,2.645784751162791,0.022442171046837156,0.13163750257444087,-0.04823877929024463,0.6128757362669338,3.1351667179939504,0.0,0.9775578289531629,43,1.5348837209302326,1.7209302325581395,0.891891891891892,66,74,1.7209302325581395,1.5348837209302326,0.7972972972972973,0.10465116279069768,1.7559708039288529,43.47382640611111,3726.327977668834,3211.196405602287,309.16612108,-0.07425293859992989,3.9964056045513843,251.2325581395349,140.11064287934025,0.5576930152560984,0.11627906976744186,13,0.13953488372093023,10,0.18604651162790697,43,0.6515151515151515,0.046511627906976744,5,0,24,0.00917912404930501,0.6000169240909983,1,1,-0.29703597605005766,1.1290322580645162
normal_00270,0.02622647641509434,0.02600670226415094,0.061747821343273585,0.15946543580446484,-0.0005359051757781,0.6406723809429357,3.5078248254693394,0.019417475728155338,0.9382521786567262,53,1.6226415094339623,1.9433962264150944,0.8349514563106797,86,103,1.9433962264150944,1.6226415094339623,0.8252427184466019,0.02830188679245283,1.6894789580607814,45.40593590722222,3143.487870504461,3020.894521730918,88.277060721,-0.0198873692404224,4.377941680536911,276.0377358490566,117.5701038438427,0.425920403535452,0.11320754716981132,14,0.11320754716981132,12,0.1509433962264151,53,0.6162790697674418,0.09433962264150944,5,0,10,0.007716805487506124,0.5970695970695971,1,1,-0.3695699055354201,1.2038216560509554
normal_00271,2.063006729523809,2.062786760952381,0.07021766353417994,0.2143393768101603,-0.1261713576355238,0.8337123581285271,3.8698410549330684,0.011764705882352941,0.9297823364658202,42,1.5,2.0238095238095237,0.7411764705882353,63,85,2.0238095238095237,1.5,0.7294117647058823,0.023809523809523808,1.6108474538123931,33.01980927138889,2899.300326286268,3163.3916745425627,33.89101313,0.04356007994801495,3.8900892339480095,228.54761904761904,114.4471765213323,0.5007585596307904,0.07142857142857142,13,0.14285714285714285,12,0.14285714285714285,42,0.6666666666666666,0.11904761904761904,5,0,10,0.009104330708661417,0.6072762508809024,1,1,-0.3425664577685888,1.15625
normal_00273,0.030360169374999996,0.030139504374999997,0.1606957951618785,0.3012394138383087,-0.001621983523122015,0.7768115621148266,3.759007094518844,0.0,0.8393042048381214,48,1.5625,1.9375,0.8064516129032258,75,93,1.9375,1.5625,0.7956989247311828,0.03125,1.6426132933297894,46.257219165,3543.106148815723,3278.743960430641,102.540688714,-0.03875227162009384,4.085500657962362,301.1458333333333,130.5780910206989,0.4336041763399203,0.125,14,0.14583333333333334,11,0.125,48,0.64,0.20833333333333334,5,0,9,0.008390770152831885,0.6279865524546377,1,1,-0.3577152812015917,1.1830985915492958
normal_00275,0.05556380323943661,0.0553837123943662,0.1955173474044637,0.3343366858254388,0.002521903538900067,0.8271142672124129,3.848548725878904,0.0,0.8044826525955363,71,1.3943661971830985,2.0422535211267605,0.6827586206896552,99,145,2.0422535211267605,1.3943661971830985,0.6758620689655173,0.007042253521126761,1.7235442557924379,71.74469277055556,3689.727056778957,4061.414641045045,18.911138316,0.047952624110901336,4.354562444733457,285.6901408450704,123.22761651852647,0.43133310850006806,0.14084507042253522,13,0.11267605633802817,12,0.11267605633802817,71,0.7171717171717171,0.08450704225352113,5,0,10,0.0052056664959890765,0.6470601316491723,1,1,-0.30854744940860723,1.1244239631336406
normal_00276,0.11323198920000001,0.11295161160000002,0.028035009011293976,0.08034007935441786,-0.012019202853846155,0.6664688949754652,3.6142648922572196,0.0,0.971964990988706,25,1.36,2.56,0.53125,34,64,2.56,1.36,0.515625,0.0,1.6430741894227987,21.74383150138889,3261.57472522375,2518.3298622946786,68.830561416,-0.12859119933122976,4.023465189575679,298.04,131.34987628467718,0.44071224092295386,0.12,13,0.16,11,0.16,25,0.7352941176470589,0.2,5,0,4,0.01223470661672909,0.7361749361749363,1,1,-0.3445260789957528,1.0888888888888888
normal_00278,0.4441781131081081,0.44396923689189177,0.10845271652077673,0.2513162245318185,-0.017742701824065163,0.8721681084115916,3.9668833313565344,0.0,0.8915472834792232,74,1.5675675675675675,2.1621621621621623,0.725,116,160,2.1621621621621623,1.5675675675675675,0.71875,0.018018018018018018,1.770085685744625,86.28544964194445,4255.1728590616995,4148.9625582324825,24.986271292,-0.012637861666371472,4.173744460848082,250.75675675675674,138.55208316095934,0.5525357918684518,0.06756756756756757,14,0.10810810810810811,12,0.13513513513513514,74,0.6379310344827587,0.14864864864864866,5,0,15,0.005019094380796508,0.6599499879002979,1,1,-0.36958706843428546,1.174468085106383
normal_00279,2.679220160625,2.6790366970833333,0.24685565467881967,0.38011527080374136,-0.17674156947894054,0.8509529799914968,3.809577112135534,0.009009009009009009,0.7531443453211804,48,1.5625,2.3125,0.6756756756756757,75,111,2.3125,1.5625,0.6216216216216216,0.020833333333333332,1.510310978931554,41.57541288555555,3184.4997103933624,3589.583200416129,64.53474624,0.05979901565367166,4.254247855253432,263.3125,127.94150196684387,0.4858922457796112,0.10416666666666667,14,0.14583333333333334,12,0.1875,48,0.64,0.16666666666666666,5,0,13,0.006873614190687362,0.6793231459898124,1,1,-0.3862835749125338,1.1272727272727272
normal_00280,0.31203319500000004,0.311800365,0.0077553925619153335,0.024896426247483696,-0.02113843987903226,0.6056154780756474,3.4238187512726785,0.0,0.9922446074380846,32,1.4375,1.71875,0.8363636363636363,46,55,1.71875,1.4375,0.7818181818181819,0.046875,1.7299231577618692,27.98127549638889,3249.4384447707744,2907.4942440762898,170.574540001,-0.055538076827426945,3.8387106418887136,273.28125,156.0351975129433,0.570969276205167,0.125,14,0.125,12,0.125,32,0.6956521739130435,0.09375,5,0,17,0.012609238451935081,0.6151477832512317,1,1,-0.29297355644609874,1.1222222222222222
normal_00282,0.4148888175438596,0.4146669029824561,0.04623331333331546,0.16339944071063509,-0.02164124050946331,0.780255055828167,3.8796074888188334,0.01639344262295082,0.9537666866666845,57,1.4385964912280702,2.1403508771929824,0.6721311475409836,82,122,2.1403508771929824,1.4385964912280702,0.6557377049180327,0.043859649122807015,1.673398122433083,54.58016873194445,3508.7251327701606,2986.839428638172,53.911715197,-0.08034493371563625,4.207535577043631,247.26315789473685,115.1448662579618,0.4656774071735364,0.05263157894736842,14,0.15789473684210525,12,0.15789473684210525,57,0.6951219512195121,0.12280701754385964,5,0,12,0.006261510128913444,0.6629363915654238,1,1,-0.3289197970709935,1.12707182320442
normal_00283,0.08336656529411765,0.0831528579411765,0.2068901019117843,0.3424322860933999,-0.0020859301198610527,0.783787676937724,4.104882886532758,0.0,0.7931098980882156,68,1.5,2.2205882352941178,0.6754966887417219,102,151,2.2205882352941178,1.5,0.6688741721854304,0.029411764705882353,1.7345216647739803,58.12668723861111,3123.2249859608655,3131.2089539520703,0.282055303,0.001276529269939955,4.237129901762697,268.4852941176471,133.3947673621934,0.4968419883129293,0.10294117647058823,14,0.17647058823529413,12,0.1323529411764706,68,0.6666666666666666,0.11764705882352941,5,0,7,0.005251141552511416,0.6216018265360369,1,1,-0.36014870488327605,1.15
normal_00286,0.04624860703703702,0.04606136203703702,0.13958903914906035,0.2869833140529678,-0.0032270386251191147,0.8449229457881191,3.8260691567258176,0.0,0.8604109608509396,54,1.3518518518518519,2.2037037037037037,0.6134453781512605,73,119,2.2037037037037037,1.3518518518518519,0.6050420168067226,0.037037037037037035,1.5426363677727615,41.08977263944444,2791.0034245745474,2608.7141256940063,135.290628844,-0.033759043354309334,4.113606196890752,276.0925925925926,136.67455747532594,0.4950315986094037,0.18518518518518517,14,0.1111111111111111,12,0.18518518518518517,54,0.7397260273972602,0.07407407407407407,5,0,9,0.006378313733306757,0.6380651755651754,1,1,-0.30943236102470334,1.103448275862069
normal_00288,0.0453831203125,0.045197214375,0.08446385325945771,0.1951676912027128,-0.002737450791788856,0.7113792933145784,4.024693118334788,0.0,0.9155361467405423,32,1.625,2.0,0.8125,52,64,2.0,1.625,0.796875,0.0,1.6676549578437605,23.719415398055556,2754.512755905,2549.9044683438315,56.191542307,-0.03857318889355346,4.116729296644763,296.96875,127.36371194719375,0.42887917313587287,0.09375,13,0.15625,12,0.15625,32,0.6153846153846154,0.09375,5,0,9,0.01245704467353952,0.6604029304029307,1,1,-0.3724595740929281,1.1958762886597938
normal_00290,0.08024322716417912,0.08003642597014925,0.08288054551103634,0.22404113531477354,0.0003781346132971506,0.7726882274744021,3.733098925222958,0.007518796992481203,0.9171194544889636,67,1.4477611940298507,1.9850746268656716,0.7293233082706767,97,133,1.9850746268656716,1.4477611940298507,0.7142857142857143,0.014925373134328358,1.7350167324209502,65.5311297413889,3574.425258623318,2391.6647423781515,162.494226418,-0.19824717965143468,4.4161587808114415,281.67164179104475,135.72324649142746,0.48184916887058293,0.19402985074626866,14,0.14925373134328357,12,0.11940298507462686,67,0.6907216494845361,0.11940298507462686,5,0,16,0.005664745579035515,0.618775586553364,1,1,-0.33083325994128343,1.1386138613861385
normal_00291,0.5337271173333334,0.5334726986666666,0.003208433095469606,0.003862893858755872,-0.07048013207142856,0.7250683101584932,3.6504103051537924,0.0,0.9967915669045305,15,1.6,1.9333333333333333,0.8275862068965517,24,29,1.9333333333333333,1.6,0.6551724137931034,0.0,1.9655962303518313,26.071744038055556,6704.16275270243,9346.04026055191,9.729843652,0.16460087798688927,2.739572261973738,277.46666666666664,111.92335813063374,0.40337587024495586,0.13333333333333333,10,0.2,9,0.2,15,0.625,0.06666666666666667,5,0,8,0.022534013605442178,0.6165499533146592,1,1,-0.3570853643755172,1.0816326530612246
normal_00292,4.864761657857143,4.864497220714286,0.0003146371647390823,0.0005897216085459704,-0.33168549465790914,0.6007530495176595,3.9108136223682504,0.03333333333333333,0.999685362835261,28,1.5714285714285714,2.142857142857143,0.7333333333333334,44,60,2.142857142857143,1.5714285714285714,0.6833333333333333,0.10714285714285714,1.6319045869360023,36.435697807222226,4858.093040981371,3250.0171758574415,478.225069748,-0.19832930511776953,4.039148671877102,277.75,147.49102295343894,0.5310207847108512,0.25,12,0.14285714285714285,12,0.21428571428571427,28,0.6363636363636364,0.07142857142857142,4,0,11,0.012698412698412698,0.6168144025286882,1,1,-0.38004996146439207,1.1428571428571428
normal_00295,0.14596736586206896,0.14576183965517242,0.16836109189726373,0.3143623163957786,-0.008204051558645297,0.8484227198215449,4.007919345050922,0.015267175572519083,0.8316389081027361,58,1.3103448275862069,2.2586206896551726,0.5801526717557252,76,131,2.2586206896551726,1.3103448275862069,0.5725190839694656,0.0603448275862069,1.7855306316700374,51.013739727499996,3221.9204038484913,3685.797297275674,197.687284775,0.06715342367735887,4.21387329791984,298.7758620689655,122.64025885225888,0.4104757927999893,0.08620689655172414,13,0.13793103448275862,12,0.13793103448275862,58,0.7631578947368421,0.05172413793103448,5,0,10,0.0057644110275689225,0.6612925794743975,1,1,-0.3065823406442627,1.0894736842105264
normal_00297,0.04632599531249999,0.04609470437499999,0.049910332203916066,0.12632573957881488,-0.0012791213563049853,0.6472752770281682,3.603790890876289,0.0,0.950089667796084,32,1.375,1.78125,0.7719298245614035,44,57,1.78125,1.375,0.7368421052631579,0.015625,1.7085938348471101,41.93479065527778,4869.846656760258,5704.723996358611,238.671013357,0.07895141722393366,3.976409765531423,273.71875,141.4186724849988,0.5166568694508462,0.0625,12,0.125,11,0.15625,32,0.7272727272727273,0.09375,5,1,12,0.012332112332112332,0.5516949152542373,1,1,-0.29569928086515185,1.10989010989011
normal_00300,0.1499529124,0.1497175444,0.02371093989520561,0.041487399460749544,-0.010188672469230768,0.6773326629692349,3.8640591895689678,0.0,0.9762890601047944,25,1.56,1.92,0.8125000000000001,39,48,1.92,1.56,0.7916666666666666,0.04,1.5993308322307653,25.16307271638889,3774.4609074857913,2599.646932100119,353.01923197,-0.18431033878805433,3.859470570772727,286.24,94.05595852115555,0.32859124692969377,0.0,14,0.2,10,0.16,25,0.6410256410256411,0.08,5,0,6,0.016105146242132544,0.5793974732750242,1,1,-0.3799947678176275,1.1756756756756757
normal_00301,0.6223662467741936,0.6221063358064515,0.004029092768053532,0.006069390765457092,-0.04496667593951612,0.7611690116074564,3.771882779477045,0.014492753623188406,0.9959709072319464,31,1.6129032258064515,2.225806451612903,0.7246376811594203,50,69,2.225806451612903,1.6129032258064515,0.6521739130434783,0.0,1.7347655437080498,29.575165461111112,3549.019855358167,3228.2193016293727,122.36047631,-0.04733499088608071,3.808719697322429,242.6451612903226,130.01398601358156,0.5358194052673528,0.12903225806451613,13,0.16129032258064516,11,0.1935483870967742,31,0.62,0.22580645161290322,5,0,10,0.010897435897435897,0.7105085605085605,1,1,-0.41236554830083316,1.1333333333333333
normal_00302,1.752955655,1.7527223932258065,0.02770185563155089,0.13180454660714758,-0.052948338779683204,0.7079637162454138,3.6109146675433896,0.0,0.9722981443684491,62,1.564516129032258,1.8548387096774193,0.8434782608695652,97,115,1.8548387096774193,1.564516129032258,0.7478260869565218,0.08064516129032258,1.6024208780845992,61.578418096666674,3634.136149973377,3319.8861774607567,10.140712243,-0.04518966976463118,4.22193678751227,256.241935483871,138.901862453006,0.542073108333,0.0967741935483871,14,0.12903225806451613,12,0.16129032258064516,62,0.6391752577319587,0.16129032258064516,5,0,28,0.006030265104107407,0.6243414874367256,1,1,-0.3378574304111305,1.127659574468085
normal_00305,0.09374533846153846,0.0935588130769231,0.05067857193794339,0.13790905500778936,-0.00589932164786325,0.5915995325845192,3.621168441475835,0.0,0.9493214280620568,26,1.6538461538461537,1.7307692307692308,0.9555555555555555,43,45,1.7307692307692308,1.6538461538461537,0.9111111111111111,0.057692307692307696,1.4806183023571098,28.081362230277776,4043.7161611794,4344.437843674878,303.441663048,0.035850758381575844,3.565448371802071,295.88461538461536,125.13714937557974,0.4229255015943161,0.11538461538461539,10,0.23076923076923078,10,0.19230769230769232,26,0.6046511627906976,0.07692307692307693,5,0,10,0.0167427701674277,0.5867274569402231,1,1,-0.33295654117172385,1.2054794520547945
normal_00308,0.9002558755555555,0.9000176011111112,0.06859123129233503,0.1684852347215747,-0.03490596557656443,0.8352960128552342,3.9448645371077595,0.0,0.931408768707665,72,1.4305555555555556,1.9583333333333333,0.7304964539007093,103,141,1.9583333333333333,1.4305555555555556,0.723404255319149,0.05555555555555555,1.7392232755192312,93.46792302638889,4739.2186323271835,4975.397752568999,22.575524217,0.024311728933426053,4.175841809639538,300.1388888888889,137.42258312838405,0.45786330334306574,0.1111111111111111,14,0.1111111111111111,12,0.1388888888888889,72,0.6990291262135923,0.125,5,0,8,0.0053529902154359175,0.6105577911915937,1,1,-0.31310343854374995,1.1401869158878504
normal_00310,2.3834507333333335,2.3832197328571425,0.001491536066403013,0.002471882821501548,-0.11905661717851064,0.7998045254807271,4.066847275984104,0.011363636363636364,0.9985084639335969,42,1.5476190476190477,2.0952380952380953,0.7386363636363636,65,88,2.0952380952380953,1.5476190476190477,0.6590909090909091,0.04365079365079365,1.6985471190668229,49.24918429611111,4324.318621126366,4000.0904450485186,137.786460622,-0.03894909218184692,4.059599126296642,305.5952380952381,132.75909955011207,0.43442790659171854,0.14285714285714285,14,0.14285714285714285,11,0.19047619047619047,42,0.6461538461538462,0.07142857142857142,5,0,15,0.008211678832116789,0.6748575985418095,1,1,-0.362301229436633,1.1167883211678833
normal_00311,2.8374484284210526,2.8372469834210525,0.00030658007473548704,0.0007240833487724618,-0.07764893127585075,0.5424996759728775,3.9133792106286016,0.0,0.9996934199252647,38,1.7105263157894737,1.8157894736842106,0.9420289855072463,65,69,1.8157894736842106,1.7105263157894737,0.8695652173913043,0.13157894736842105,1.7863012011658688,48.44003760861111,4713.084740301324,5055.468784575864,70.912015637,0.03504961542183339,3.8930868961726373,251.21052631578948,141.67724223488779,0.5639781274801734,0.15789473684210525,13,0.23684210526315788,12,0.15789473684210525,38,0.5846153846153846,0.10526315789473684,5,0,17,0.010778635778635779,0.6156585156585155,1,1,-0.3479737275486793,1.1964285714285714
normal_00313,0.08666992940000001,0.0864459492,0.07064958446518016,0.16934552523439905,-0.004572215312364948,0.6791283371660837,3.5521503437175337,0.03614457831325301,0.9293504155348199,50,1.5,1.66,0.9036144578313253,75,83,1.66,1.5,0.8433734939759037,0.09,1.6992365361625086,52.752629786111115,3875.7034128637342,3499.112905317107,56.83541436,-0.05106439147755226,4.214177320637147,244.62,130.61188651098792,0.5339378894243639,0.16,14,0.14,12,0.12,50,0.6666666666666666,0.06,5,0,14,0.008357135300962657,0.5278228715728717,1,1,-0.27937098937553245,1.144927536231884
normal_00314,0.5841464186666667,0.583931793,0.05962533291759213,0.21804886413321245,0.04374130001112347,0.7418169096585147,3.389767065845007,0.0,0.9403746670824078,30,1.6,1.7333333333333334,0.9230769230769231,48,52,1.7333333333333334,1.6,0.8461538461538461,0.0,1.879936085363623,25.502971304444443,3165.8860929917587,2920.615380339722,132.544478011,-0.040297486779016005,3.964735178699536,290.8,128.06986240006825,0.44040530398923056,0.03333333333333333,14,0.13333333333333333,10,0.16666666666666666,30,0.625,0.13333333333333333,5,2,13,0.013679890560875513,0.6345624613481757,1,1,-0.3210266535713997,1.1627906976744187
normal_00317,0.9196774830769232,0.9194197303846153,0.03185043114958068,0.13651039437920287,-0.047713543852130134,0.7513358986994122,3.6204080524959372,0.0,0.9681495688504194,52,1.4615384615384615,2.0576923076923075,0.7102803738317758,76,107,2.0576923076923075,1.4615384615384615,0.7009345794392523,0.05128205128205128,1.8380858252709862,61.99883191138889,4376.388134933471,3942.778929902193,44.619734618,-0.052121709018695284,4.000369948998623,307.84615384615387,135.86691651952984,0.44134680528582904,0.09615384615384616,13,0.15384615384615385,12,0.19230769230769232,52,0.6842105263157895,0.11538461538461539,5,0,12,0.0071933962264150945,0.6203850676072902,1,1,-0.346015786041369,1.14375
normal_00319,1.8744156294736845,1.8741811263157895,0.0005757185599181364,0.0010602057816239204,-0.10359020631360104,0.6534233272981615,3.656387333679233,0.014084507042253521,0.9994242814400819,38,1.631578947368421,1.868421052631579,0.8732394366197183,62,71,1.868421052631579,1.631578947368421,0.8169014084507042,0.06578947368421052,1.5908778578923397,29.350147866666667,2855.6900627163513,2599.5656960458577,30.579355012,-0.0469500199434477,4.2608281711941585,282.5,111.88332484502942,0.3960471675930245,0.13157894736842105,12,0.15789473684210525,11,0.21052631578947367,38,0.6129032258064516,0.07894736842105263,5,0,19,0.010508849557522125,0.626920634920635,1,1,-0.3589619987847389,1.176991150442478
normal_00320,0.020069721125,0.019906023624999998,0.322726698239468,0.379240273102798,0.000701369080754805,0.8972646123503999,3.7838189253601353,0.0,0.677273301760532,80,1.45,2.125,0.6823529411764706,116,170,2.125,1.45,0.6764705882352942,0.0,1.7927781386101374,85.71254385777779,3905.8880745435686,5651.728343209505,17.065233709,0.1826648185444097,4.2498703649449,277.8125,132.30211817912647,0.4762280969327387,0.075,14,0.1,12,0.1125,80,0.6896551724137931,0.125,5,0,7,0.004557768924302789,0.6115005527286227,1,1,-0.349706180009818,1.1394422310756973
normal_00322,0.44589033115384624,0.4456587223076924,0.004545468048065868,0.008323216638803423,-0.03140991333333334,0.6316204036754502,3.67155525190137,0.022222222222222223,0.9954545319519342,26,1.3846153846153846,1.7307692307692308,0.7999999999999999,36,45,1.7307692307692308,1.3846153846153846,0.7777777777777778,0.07692307692307693,1.8075548233760736,21.83678863638889,3144.4975636590802,2004.60170508261,20.71371741,-0.2213777204678037,4.132944044953548,296.7307692307692,138.24342521575707,0.46588840643028956,0.0,13,0.15384615384615385,11,0.15384615384615385,26,0.7222222222222222,0.11538461538461539,5,0,15,0.01584507042253521,0.5776915113871633,1,1,-0.26724655843896844,1.125
normal_00325,0.13386453507042254,0.13362417647887323,0.09300463937101265,0.22032849701613477,-0.00581316452481556,0.7652705451486026,3.698526027529165,0.022388059701492536,0.9069953606289873,71,1.380281690140845,1.8873239436619718,0.7313432835820896,98,134,1.8873239436619718,1.380281690140845,0.7164179104477612,0.04460093896713615,1.7303247585357442,65.36928728555556,3361.849060407,2807.8955445857773,0.453437931,-0.08978548567033773,4.283275205458557,268.5492957746479,144.30798302167034,0.5373612416498974,0.07042253521126761,14,0.1267605633802817,12,0.14084507042253522,71,0.7244897959183674,0.08450704225352113,5,0,16,0.005440645373106327,0.5843837535014004,1,1,-0.2974896035127907,1.1207729468599035
normal_00326,0.3408004502631579,0.3406049886842106,0.14004638238848582,0.2891082468925076,-0.013278282355434039,0.8499796682762932,3.98146338553797,0.01818181818181818,0.8599536176115143,76,1.3026315789473684,2.1710526315789473,0.6,99,165,2.1710526315789473,1.3026315789473684,0.593939393939394,0.02631578947368421,1.7471463311995876,79.58780129611111,3820.214462220027,3799.6793231757124,0.834780035,-0.002694937701582182,4.311724351031841,264.2631578947368,132.72602040002582,0.5022494299144574,0.05263157894736842,14,0.21052631578947367,11,0.13157894736842105,76,0.7676767676767676,0.05263157894736842,5,0,10,0.004526593738211996,0.6591973956431786,1,1,-0.29065954509823605,1.0909090909090908
normal_00331,0.32631555894736836,0.3260619805263158,0.035335186347029965,0.0988513143235337,-0.043319963543859655,0.660128082782493,3.571986461550382,0.027777777777777776,0.9646648136529701,19,1.4210526315789473,1.894736842105263,0.75,27,36,1.894736842105263,1.4210526315789473,0.6111111111111112,0.05263157894736842,1.5090275125283235,21.966259324722223,4393.251864996389,2631.444473144687,996.233956586,-0.2508019289440095,3.826874881842998,292.2105263157895,129.03168385554181,0.4415709642030429,0.0,10,0.2631578947368421,8,0.15789473684210525,19,0.7037037037037037,0.10526315789473684,5,0,9,0.017796610169491526,0.6527100271002712,1,1,-0.30193943161118497,1.05
normal_00334,0.8239401965853658,0.8237266831707318,0.015080157412807446,0.04114366593168679,-0.0650164812195122,0.8020495701772339,4.102638334379114,0.0,0.9849198425871927,41,1.3414634146341464,2.048780487804878,0.6547619047619048,55,84,2.048780487804878,1.3414634146341464,0.6190476190476191,0.04878048780487805,1.8016829600988027,37.966274165,3416.9646748717496,3728.7327812743506,91.624794995,0.04363018562092151,4.039525174900239,265.0731707317073,142.25090337918814,0.5366476848129108,0.04878048780487805,13,0.17073170731707318,12,0.1951219512195122,41,0.7454545454545455,0.0975609756097561,5,0,7,0.008550688976377953,0.6247466454363008,1,1,-0.2961665983609426,1.0859375
normal_00335,0.3345484033333333,0.33430562666666663,0.002746475255979375,0.006925945487427262,-0.003424622730434783,0.5062467731805381,3.6075860055268225,0.024390243902439025,0.9972535247440207,24,1.5416666666666667,1.7083333333333333,0.902439024390244,37,41,1.7083333333333333,1.5416666666666667,0.8780487804878049,0.041666666666666664,1.6787705856381172,24.644497066388887,3857.399540838174,3292.157854881297,246.873826297,-0.07905967525979914,4.001629167363296,274.375,140.18491282091912,0.5109245114202063,0.125,11,0.20833333333333334,11,0.125,24,0.6486486486486487,0.20833333333333334,5,0,15,0.01818181818181818,0.5929138321995466,1,1,-0.31694407528905305,1.1818181818181819
normal_00336,0.5614624796551724,0.5612230824137932,0.016470588129146747,0.034514908381888164,-0.03674572155172414,0.6993323373861872,3.8569532949385485,0.0,0.9835294118708533,29,1.6206896551724137,1.8275862068965518,0.8867924528301886,47,53,1.8275862068965518,1.6206896551724137,0.8301886792452831,0.0,1.5731146182652482,29.34949806861111,3773.50689456725,3371.2836896997724,78.635280338,-0.05629601037617277,3.6764409086766703,257.82758620689657,120.09343652979935,0.4657897096916117,0.034482758620689655,14,0.13793103448275862,10,0.13793103448275862,29,0.6170212765957447,0.13793103448275862,5,1,8,0.014005602240896359,0.6035005668934239,1,1,-0.36256148120471826,1.1764705882352942
normal_00337,0.9395071276363638,0.9392848565454546,0.004337470567422738,0.01038965268312722,-0.03577270218181818,0.7242549054869457,3.877442567236962,0.019417475728155338,0.9956625294325772,55,1.690909090909091,1.8727272727272728,0.9029126213592232,93,103,1.8727272727272728,1.690909090909091,0.8155339805825242,0.03636363636363636,1.8040687997139202,47.08574658888889,3139.0497725985924,3012.691288759023,43.520038153,-0.020540279992162697,4.344640622423601,273.25454545454545,132.03509889445056,0.48319451987456125,0.05454545454545454,13,0.12727272727272726,12,0.16363636363636364,55,0.5913978494623656,0.12727272727272726,5,0,21,0.007070196955486617,0.6205762987012988,1,1,-0.37200729141436834,1.1736526946107784
normal_00339,0.20482298022727272,0.20460132363636363,0.011983308716522551,0.019005723326433247,-0.014090158046511633,0.7542200881703769,3.5839010980130195,0.0,0.9880166912834777,44,1.25,2.477272727272727,0.5045871559633028,55,109,2.477272727272727,1.25,0.47706422018348627,0.022727272727272728,1.509394414000126,48.68316610138889,4075.799952684999,4982.846855195022,82.923609853,0.10013050754125796,3.942862165129498,283.95454545454544,149.7236142915765,0.5272802168104183,0.045454545454545456,14,0.11363636363636363,12,0.1590909090909091,44,0.8,0.09090909090909091,5,0,6,0.006782464846980976,0.7051316738816737,1,1,-0.3191932951202528,1.0512820512820513
normal_00341,0.037580262249999996,0.037359917,0.03625987100152638,0.08515337135663596,-0.001737340883677298,0.5957781361533878,3.7271623039338833,0.0,0.9637401289984737,40,1.45,1.9,0.7631578947368421,58,76,1.9,1.45,0.75,0.025,1.5219280948830343,40.140836998888894,3705.3080306706415,3107.4963921633057,222.329098009,-0.08774824600919072,4.158694969535431,300.1,134.47272147358666,0.44809304056510046,0.05,13,0.175,12,0.15,40,0.6896551724137931,0.025,5,0,9,0.00987326849395815,0.6152826971008792,1,1,-0.31332727332186633,1.1452991452991452
normal_00343,0.4070081092,0.40677961119999995,0.004633663693776015,0.009176877307496034,-0.023028122692307692,0.645325983223043,3.904989541207092,0.0,0.995366336306224,25,1.44,2.2,0.6545454545454544,36,55,2.2,1.44,0.6363636363636364,0.04,1.7813152773954655,29.645772662777777,4446.865899436,5133.232389302941,76.722555746,0.07164503632219926,3.62346518958145,267.4,114.83720361160547,0.4294585026612023,0.0,11,0.24,11,0.16,25,0.6944444444444444,0.0,5,1,5,0.01404320987654321,0.6902597402597405,1,1,-0.3460701678150288,1.123456790123457
normal_00344,0.20905560685714286,0.20881098757142857,0.051888465629433264,0.1370245323562886,-0.009572901494707376,0.8241553437933975,4.0106584549409705,0.0,0.9481115343705667,70,1.3142857142857143,2.2142857142857144,0.5935483870967742,92,155,2.2142857142857144,1.3142857142857143,0.5741935483870968,0.014285714285714285,1.6792042194963936,66.42853564361111,3465.836642285637,3207.873907549263,53.024572076,-0.03865356952628934,4.268169717272723,268.12857142857143,124.19047099067677,0.46317507428991284,0.12857142857142856,14,0.15714285714285714,12,0.12857142857142856,70,0.7608695652173914,0.07142857142857142,5,0,9,0.0047723935389133625,0.6224866202714302,1,1,-0.3046352364765366,1.0833333333333333
normal_00346,2.5364755263999994,2.536219474933333,0.012969794706524117,0.039107948229450726,-0.10868580560085349,0.8088104314410005,4.085465709427811,0.018633540372670808,0.987030205293476,75,1.5866666666666667,2.1466666666666665,0.7391304347826088,119,161,2.1466666666666665,1.5866666666666667,0.6583850931677019,0.03333333333333333,1.6531440170672769,76.67702536,3730.2336661711215,3661.6558624615955,108.352636157,-0.009277438934103082,4.268688945253438,260.92,131.97059049938647,0.5057894776153091,0.13333333333333333,14,0.13333333333333333,12,0.13333333333333333,75,0.6302521008403361,0.12,5,0,18,0.004534266096644643,0.6554618433928777,1,1,-0.3760367713239481,1.1244979919678715
normal_00349,0.3275520711538462,0.32736375153846153,0.007191055456458851,0.019854820687972098,-0.02862749633504274,0.7316090102851032,3.5397722400701084,0.0,0.9928089445435411,26,1.5769230769230769,2.0,0.7884615384615384,41,52,2.0,1.5769230769230769,0.6923076923076923,0.0,1.8843135277940282,31.583802765833333,4548.0675983008405,3726.5265552249507,18.660980417,-0.09928475376956493,3.738149333171227,249.07692307692307,125.73716175480439,0.5048125703559163,0.11538461538461539,13,0.19230769230769232,9,0.23076923076923078,26,0.6341463414634146,0.11538461538461539,5,0,9,0.01366441375257126,0.6875661375661375,1,1,-0.3697129547158896,1.1204819277108433
normal_00350,0.06964315109375,0.0694748865625,0.27348223037114466,0.3465229807008234,0.0025066149033882786,0.8826305964328917,3.948126315320681,0.013513513513513514,0.7265177696288554,64,1.328125,2.3125,0.5743243243243243,85,148,2.3125,1.328125,0.5675675675675675,0.015625,1.5814087935870071,54.08329146027778,3090.473797741286,3025.7070726744932,51.840157454,-0.010589406434998044,4.251964015889831,282.015625,128.34570035495219,0.4551013808364419,0.125,14,0.109375,12,0.140625,64,0.7529411764705882,0.0625,5,0,7,0.005159890158561432,0.6482112592850844,1,1,-0.323216297133053,1.0938967136150235
normal_00352,0.5802421954166667,0.5800233545833334,0.00175496248392561,0.0034820324670171714,-0.05007028013478261,0.6679150629286306,3.5059563731506116,0.0,0.9982450375160744,24,1.5,2.1666666666666665,0.6923076923076924,36,52,2.1666666666666665,1.5,0.5769230769230769,0.020833333333333332,1.7499999999942293,20.699159362222222,3239.8684219373476,3405.8964441554713,76.726031928,0.024982530312682414,3.720175521442704,257.9583333333333,136.2026875705809,0.5280026654327156,0.08333333333333333,8,0.25,9,0.20833333333333334,24,0.6666666666666666,0.08333333333333333,5,0,12,0.01324902137910268,0.7275824749962682,1,1,-0.34916326415863297,1.0731707317073171
normal_00357,0.4741045437837838,0.4738501927027026,0.05999175529026443,0.18894243981413944,-0.03484201844476056,0.6972069355244173,3.770093527352576,0.01282051282051282,0.9400082447097354,37,1.4594594594594594,2.108108108108108,0.6923076923076924,54,78,2.108108108108108,1.4594594594594594,0.6794871794871795,0.02702702702702703,1.5459702569317926,39.01216081555555,3901.2160815560283,3568.8327896713413,117.699638073,-0.04449546416823838,3.9590570816437807,292.1621621621622,133.8781605111971,0.45823237177745535,0.10810810810810811,13,0.13513513513513514,12,0.13513513513513514,37,0.6851851851851852,0.05405405405405406,5,0,8,0.009895052473763119,0.6420306135496011,1,1,-0.33324345962672364,1.1379310344827587
normal_00358,1.6197404959090915,1.6194942872727267,0.00905706424238643,0.04049217564267754,-0.1380725450931677,0.5616674915802629,3.1991475670825125,0.0,0.9909429357576136,22,1.5909090909090908,1.9090909090909092,0.8333333333333333,35,42,1.9090909090909092,1.5909090909090908,0.6428571428571429,0.09090909090909091,1.8770341680345541,16.268256931944443,2788.8440454794763,2010.4253942921885,234.517181791,-0.1621952384536932,3.572623663876409,279.8636363636364,125.93320052976894,0.4499805768482892,0.13636363636363635,12,0.13636363636363635,10,0.13636363636363635,22,0.6285714285714286,0.045454545454545456,5,0,11,0.015062597809076683,0.6986984126984127,1,1,-0.3564860630067268,1.0694444444444444
normal_00359,0.5425533548275863,0.5423356337931033,0.0044574479388134166,0.010596265974203557,-0.043878116320197044,0.6980169107691027,3.8269170642197023,0.07692307692307693,0.9955425520611867,29,1.3448275862068966,1.793103448275862,0.75,39,52,1.793103448275862,1.3448275862068966,0.6730769230769231,0.034482758620689655,1.6864579450860393,25.741534424999998,3309.625854676107,2691.2273223335646,287.978472808,-0.10305176849047669,4.116264615640611,291.51724137931035,141.34623666970995,0.48486407185019975,0.10344827586206896,11,0.2413793103448276,12,0.13793103448275862,29,0.7435897435897436,0.13793103448275862,5,0,7,0.012745098039215686,0.617687074829932,1,1,-0.2798914231876198,1.0705882352941176
normal_00360,1.8668479724999998,1.866619655,0.00043979978842436426,0.0008140947889913105,-0.04302679851304348,0.5247516271267071,3.902487990126631,0.0,0.9995602002115755,24,1.7083333333333333,1.9583333333333333,0.8723404255319149,41,47,1.9583333333333333,1.7083333333333333,0.851063829787234,0.0,1.8149455891439827,17.30407667861111,2708.464175814478,2910.467447474558,99.109146382,0.03595047692390987,3.4591479170099317,320.875,97.18127950874346,0.30286335647446344,0.041666666666666664,10,0.20833333333333334,11,0.20833333333333334,24,0.5853658536585366,0.08333333333333333,5,0,11,0.017214397496087636,0.6506283068783069,1,1,-0.38721163514982276,1.2222222222222223
normal_00362,3.2360224560000006,3.2358175688571427,0.0263807434196647,0.12699667969585665,0.017731358778711497,0.5666559760645173,3.2975926057377114,0.0,0.9736192565803354,35,1.7428571428571429,1.6857142857142857,1.0338983050847457,61,59,1.6857142857142857,1.7428571428571429,0.7796610169491526,0.0,1.7219007036197278,28.548674072222223,3022.800784137853,2439.5245496906,310.179441993,-0.10678167241980155,4.171860873935343,284.37142857142857,156.9550489629371,0.5519367742090624,0.02857142857142857,14,0.14285714285714285,12,0.11428571428571428,35,0.5737704918032787,0.05714285714285714,5,0,28,0.010193679918450561,0.7359716859716859,1,1,-0.36216683009087497,1.1009174311926606
normal_00363,0.7926978531578948,0.792482417368421,0.02049854652494671,0.04752670338790952,-0.052282557966954815,0.7208044982151597,3.752409976396849,0.037037037037037035,0.9795014534750532,38,1.3421052631578947,2.1315789473684212,0.6296296296296295,51,81,2.1315789473684212,1.3421052631578947,0.6172839506172839,0.09210526315789473,1.5356182402578693,47.41300649,4613.157388237027,4405.543897739157,39.891488539,-0.023020331189004203,4.08306797377169,295.0263157894737,122.68581865714252,0.41584703496310904,0.07894736842105263,13,0.13157894736842105,12,0.21052631578947367,38,0.7450980392156863,0.10526315789473684,5,0,10,0.009243697478991597,0.6637049941927992,1,1,-0.30671028322081595,1.1
normal_00366,0.028244724516129034,0.028064344193548387,0.2122888554910384,0.32973629038787844,0.0008516921261111532,0.7758731202192216,3.7476920133853584,0.016260162601626018,0.7877111445089616,62,1.403225806451613,1.9838709677419355,0.7073170731707318,87,123,1.9838709677419355,1.403225806451613,0.6991869918699187,0.016129032258064516,1.7382632372919218,60.30317317972222,3558.8757942250986,3298.708421904007,161.83314171,-0.03793863321564106,4.133069448734246,255.59677419354838,135.8378323985445,0.5314536258414689,0.11290322580645161,14,0.14516129032258066,12,0.16129032258064516,62,0.7126436781609196,0.16129032258064516,5,0,8,0.006102877070619006,0.5841490946329656,1,1,-0.3010603845134994,1.1290322580645162
normal_00371,0.24070773793650793,0.24048095301587297,0.06287930648929084,0.20225040866288108,-0.012137522436155916,0.7848099831125879,3.7267074822209754,0.006622516556291391,0.9371206935107091,63,1.4761904761904763,2.3968253968253967,0.6158940397350994,93,151,2.3968253968253967,1.4761904761904763,0.6026490066225165,0.031746031746031744,1.6450976872142882,61.494458836111114,3570.6459969489515,3397.1127563791547,19.629838805,-0.02490517348737279,4.279376956631223,289.12698412698415,130.91643383169824,0.4527990848968975,0.14285714285714285,14,0.1111111111111111,12,0.12698412698412698,63,0.6774193548387096,0.031746031746031744,5,0,12,0.005254091300602929,0.7069895971856754,1,1,-0.3784427998277556,1.1296296296296295
normal_00372,5.922109444464285,5.921878189821427,0.0015471876872012076,0.003198963972383008,-0.36051113790738215,0.7873920649025282,3.891204530019669,0.009708737864077669,0.9984528123127988,56,1.3928571428571428,1.8392857142857142,0.7572815533980582,78,103,1.8392857142857142,1.3928571428571428,0.6504854368932039,0.07142857142857142,1.5889826584733588,42.880461699444446,2806.721129421946,2793.671848098239,50.162540447,-0.0023300652965044417,4.2556789757847895,252.35714285714286,125.89280123421435,0.4988675961729411,0.08928571428571429,14,0.17857142857142858,12,0.14285714285714285,56,0.717948717948718,0.05357142857142857,5,0,16,0.006300034806822137,0.6113180678970154,1,1,-0.2824890118650555,1.0647058823529412
normal_00374,0.38675566342857143,0.38654096857142856,0.08247639697774797,0.22903676601320724,-0.02801259174509804,0.801725707124569,3.836170663310332,0.011904761904761904,0.9175236030222519,35,1.3428571428571427,2.4,0.5595238095238095,47,84,2.4,1.3428571428571427,0.5357142857142857,0.04285714285714286,1.4013498193676386,44.19267216027778,4679.22411111047,4167.466895066598,73.074844758,-0.05784730309745705,4.12872444524173,266.42857142857144,126.66056671144285,0.4754015908740482,0.0,12,0.14285714285714285,11,0.2571428571428571,35,0.7446808510638298,0.17142857142857143,5,0,9,0.009022038567493113,0.7082502768549283,1,1,-0.31697511882944235,1.0826446280991735
normal_00377,0.04520324942857142,0.04498684428571429,0.05864047126925264,0.08645051814775433,-0.0025887871204481783,0.7602729249264707,4.009685133730483,0.0,0.9413595287307475,35,1.542857142857143,2.2,0.7012987012987013,54,77,2.2,1.542857142857143,0.6883116883116883,0.04285714285714286,1.6946706548915271,27.561520087777776,2918.2785975364122,2728.0104156435577,11.525660664,-0.033697917596622655,3.886146588225385,240.8,134.04757715518946,0.5566759848637436,0.17142857142857143,12,0.14285714285714285,10,0.17142857142857143,35,0.6481481481481481,0.05714285714285714,5,0,5,0.010350821744627054,0.6649415399415399,1,1,-0.3750202102765746,1.1592920353982301
normal_00384,0.08507290775510204,0.08485463387755103,0.12039884730462137,0.2569081765307524,-0.0059317394612244875,0.8402690112525126,3.843786970568366,0.024793388429752067,0.8796011526953786,49,1.3061224489795917,2.4693877551020407,0.5289256198347108,64,121,2.4693877551020407,1.3061224489795917,0.5206611570247934,0.01020408163265306,1.6467503639567667,44.76574137138889,3357.430602857417,2745.639650603733,23.855600666,-0.10024314432669806,4.2877802520701245,307.3265306122449,128.31104586042434,0.4175072214065206,0.061224489795918366,14,0.12244897959183673,12,0.20408163265306123,49,0.765625,0.12244897959183673,5,0,8,0.006363949088407293,0.6989082866132045,1,1,-0.31760832589391697,1.0818713450292399
normal_00385,0.2889634001470588,0.28874497749999994,0.21188843924636921,0.33722180247835365,-0.01139165703114861,0.8635084901595955,3.8540817257243187,0.007633587786259542,0.7881115607536309,68,1.3823529411764706,1.9264705882352942,0.7175572519083969,94,131,1.9264705882352942,1.3823529411764706,0.6946564885496184,0.022058823529411766,1.7228797859203457,72.49836718666667,3895.434654820179,3886.21006953681,12.060540065,-0.0011854287377699793,4.139261930705971,279.02941176470586,141.90147628824425,0.5085538309054817,0.07352941176470588,14,0.11764705882352941,12,0.11764705882352941,68,0.723404255319149,0.19117647058823528,5,1,16,0.005541598936013004,0.5872418211970452,1,1,-0.2928850947382972,1.113861386138614
normal_00387,0.01781411285714286,0.017603608095238095,0.1723402323864749,0.2873482047143711,-0.0008649229803095374,0.7260706134759959,3.7901529016247926,0.0,0.8276597676135251,42,1.4047619047619047,2.142857142857143,0.6555555555555556,59,90,2.142857142857143,1.4047619047619047,0.6444444444444445,0.011904761904761904,1.7950182255822997,43.7974586475,3845.6305154099027,3747.1091449512114,216.588572363,-0.012975734038799584,4.0167355772571405,274.6904761904762,140.62846537219428,0.5119524612665476,0.023809523809523808,12,0.14285714285714285,12,0.21428571428571427,42,0.711864406779661,0.07142857142857142,5,0,6,0.00848712690817954,0.6463845678131394,1,1,-0.3358082334447345,1.1203007518796992
normal_00388,0.07515337851851853,0.07498345907407408,0.1784265637817077,0.34984196757716834,0.0017321023156089191,0.7291666050202075,3.6269281138691127,0.0,0.8215734362182923,54,1.4444444444444444,1.9444444444444444,0.7428571428571429,78,105,1.9444444444444444,1.4444444444444444,0.7333333333333333,0.05246913580246914,1.7450951108034238,39.35058748138889,2672.8700930783207,2495.3541836107156,44.997236689,-0.034347563101756226,4.231946188104884,288.3333333333333,144.74610171698632,0.5020096013305884,0.07407407407407407,14,0.12962962962962962,12,0.14814814814814814,54,0.6923076923076923,0.07407407407407407,5,0,10,0.0071933962264150945,0.5995146886656323,1,1,-0.30410004685913744,1.14375
normal_00389,0.14569884702702704,0.14546003459459458,0.0076116648040442875,0.014517675170374984,-0.007897252486960646,0.6227403720977954,3.7949937375980136,0.045454545454545456,0.9923883351959557,37,1.4054054054054055,1.7837837837837838,0.787878787878788,52,66,1.7837837837837838,1.4054054054054055,0.7727272727272727,0.07657657657657659,1.8470350180655482,40.290083770833334,4029.008377098833,4209.402057264398,52.58523243,0.021896660964246757,3.9696073390914344,233.02702702702703,151.73194318462603,0.6511345277002045,0.13513513513513514,13,0.16216216216216217,12,0.13513513513513514,37,0.7115384615384616,0.05405405405405406,5,0,11,0.011015683345780434,0.5427742241175078,1,1,-0.29767790395689037,1.1346153846153846
normal_00391,2.0880938014999995,2.0878802504999996,0.049790041798447114,0.18160426135475757,-0.06322919114003889,0.7038006055072495,3.6749873895431775,0.009009009009009009,0.9502099582015527,60,1.7166666666666666,1.85,0.9279279279279278,103,111,1.85,1.7166666666666666,0.8018018018018018,0.025,1.6504261427925941,53.78149399055555,3281.58268417278,3501.3953669445277,60.181424284,0.032406515414794806,4.206669454439142,285.55,115.31628209084022,0.4038391948549824,0.11666666666666667,14,0.15,11,0.16666666666666666,60,0.5825242718446602,0.11666666666666667,5,0,26,0.006286721504112808,0.6466701298701298,1,1,-0.37548195277647284,1.1567567567567567
normal_00393,0.04828909475409835,0.048056654918032786,0.12302840399790346,0.2538947901247306,0.0012687202273929145,0.7775266499391839,3.8498408684772056,0.035398230088495575,0.8769715960020966,61,1.540983606557377,1.8524590163934427,0.831858407079646,94,113,1.8524590163934427,1.540983606557377,0.8230088495575221,0.01639344262295082,1.6629322460539204,66.17472190055555,3970.483314049017,3375.9911112933337,123.393348978,-0.08092210880159423,4.102445740232091,313.62295081967216,127.53354642791392,0.40664608918000883,0.18032786885245902,14,0.13114754098360656,11,0.14754098360655737,61,0.648936170212766,0.13114754098360656,5,0,11,0.0067980295566502464,0.5670565302144254,1,1,-0.3401902658751722,1.1828571428571428
normal_00395,0.44987995760869565,0.4496162510869566,0.0016955209988531378,0.0029953982632185505,-0.003540731517113783,0.46452444056830666,3.547314483156339,0.0,0.9983044790011467,46,1.4130434782608696,1.434782608695652,0.984848484848485,65,66,1.434782608695652,1.4130434782608696,0.9242424242424242,0.08695652173913043,1.6584472036259381,43.12062369027778,3449.649895225577,2881.670753924277,150.716432606,-0.08970942600696839,4.224117662311854,286.9782608695652,135.37856208596605,0.4717380392360002,0.10869565217391304,14,0.10869565217391304,11,0.17391304347826086,46,0.7076923076923077,0.06521739130434782,5,0,26,0.009820089955022489,0.49129251700680265,1,1,-0.24562616310381755,1.1293103448275863
normal_00396,0.39865516432432435,0.3984509754054054,0.13279580588073858,0.3076537643201209,-0.012990086542465749,0.7938996161350818,3.8888830304078454,0.013422818791946308,0.8672041941192614,74,1.5945945945945945,2.0135135135135136,0.7919463087248322,118,149,2.0135135135135136,1.5945945945945945,0.7181208053691275,0.02027027027027027,1.6939549892736618,70.99794083138889,3501.2683149835752,3242.252022361926,43.124104685,-0.038409655441716636,4.229110967706973,282.81081081081084,132.13698534181862,0.46722749021858645,0.12162162162162163,14,0.10810810810810811,12,0.14864864864864866,74,0.6271186440677966,0.06756756756756757,5,0,19,0.004897105755474854,0.6573336038961037,1,1,-0.36901401725010063,1.141025641025641
normal_00398,1.4059056425925927,1.4056402448148149,0.0017990589434060066,0.003795477847794183,-0.10950240045787545,0.670620083271029,3.9049742123900777,0.017241379310344827,0.9982009410565941,27,1.3703703703703705,2.1481481481481484,0.6379310344827586,37,58,2.1481481481481484,1.3703703703703705,0.6206896551724138,0.18518518518518517,1.606378950650495,19.965271648888887,2764.4222283334234,2804.9283211169713,61.535756248,0.0072730370307800525,3.8841550945727215,273.8888888888889,152.70266063203536,0.5575350692447538,0.1111111111111111,11,0.14814814814814814,12,0.2222222222222222,27,0.7297297297297297,0.18518518518518517,4,0,11,0.012995896032831737,0.647736444346614,1,1,-0.3051140234013946,1.1046511627906976
normal_00404,0.04480627250000001,0.04463145571428572,0.14703912526654409,0.275618440356255,-0.0006808644061302682,0.747622819820533,3.81382986481232,0.03333333333333333,0.8529608747334559,28,1.5357142857142858,2.142857142857143,0.7166666666666668,43,60,2.142857142857143,1.5357142857142858,0.7,0.07142857142857142,1.8687593885699079,28.47862077111111,3797.1494361838145,4154.915602409615,147.03535925,0.044990347097196556,3.59755838700429,285.25,92.11531621549959,0.32292836534793895,0.14285714285714285,12,0.14285714285714285,11,0.17857142857142858,28,0.6511627906976745,0.14285714285714285,5,0,7,0.013151174668028601,0.6839282757315546,1,1,-0.3756348257924912,1.1573033707865168
normal_00406,0.3705199133333333,0.3702790051515152,0.01571691972052793,0.05469858094294805,-0.0061843859859625665,0.6544491475246291,3.9437621625950707,0.03333333333333333,0.9842830802794721,33,1.5454545454545454,1.8181818181818181,0.85,51,60,1.8181818181818181,1.5454545454545454,0.8166666666666667,0.030303030303030304,1.7098759370100236,31.462003411944444,3539.475383857125,3187.9959388390716,75.329296381,-0.052245402196257826,3.9831956342217607,245.1818181818182,121.12634275454249,0.49402661116053664,0.09090909090909091,14,0.12121212121212122,12,0.21212121212121213,33,0.6470588235294118,0.12121212121212122,5,0,17,0.012430011198208286,0.5696876600102407,1,1,-0.35775089260748794,1.168421052631579
normal_00407,0.7054765842857142,0.7052146390909091,0.01799334117152964,0.05960170253365384,-0.022050594158736,0.761097342904058,3.8650286875300317,0.013071895424836602,0.9820066588284703,77,1.7272727272727273,1.9870129870129871,0.8692810457516339,133,153,1.9870129870129871,1.7272727272727273,0.7647058823529411,0.03896103896103896,1.6255717081669012,66.52981456333333,3151.4122687917106,3020.6457063282246,32.300386744,-0.02118686554640553,4.260249808391013,269.23376623376623,124.94871538522642,0.46409006245055395,0.07792207792207792,14,0.15584415584415584,12,0.14285714285714285,77,0.5789473684210527,0.07792207792207792,5,0,22,0.004745312759250041,0.6575053151976226,1,1,-0.39400001011317176,1.1626016260162602
normal_00409,0.16552940757575757,0.16532329151515152,0.17519670053449002,0.3287495124068952,-0.009750747139037433,0.7916188434215342,3.776429462808821,0.0,0.8248032994655099,33,1.5151515151515151,2.1818181818181817,0.6944444444444445,50,72,2.1818181818181817,1.5151515151515151,0.6805555555555556,0.030303030303030304,1.6875228830226434,25.818016095555556,2904.526810759281,2127.1276483679558,707.05941952,-0.15450169893545684,4.309101316099731,276.27272727272725,136.16930471091692,0.4928800104705779,0.09090909090909091,12,0.15151515151515152,11,0.18181818181818182,33,0.66,0.030303030303030304,5,0,6,0.01096136567834681,0.6764158216213014,1,1,-0.3708906654732473,1.150943396226415
normal_00410,1.9179905533333332,1.9177735679166668,0.00045302201868121134,0.0006933370954892438,-0.16770947754347823,0.6358546817557896,3.397051019048016,0.07317073170731707,0.9995469779813188,24,1.5,1.7083333333333333,0.8780487804878049,36,41,1.7083333333333333,1.5,0.8292682926829268,0.13888888888888887,1.5156546557398665,19.380574850833334,3033.481281003522,2092.54901957265,590.156068206,-0.18355963704020822,3.918295834031406,272.0,144.69818664168292,0.5319786273591284,0.16666666666666666,13,0.16666666666666666,10,0.16666666666666666,24,0.6666666666666666,0.08333333333333333,5,0,9,0.017412935323383085,0.583388704318937,1,1,-0.33468109252400113,1.1492537313432836
normal_00412,0.21975988185714285,0.21954929742857146,0.11647068779643092,0.2694337636936493,-0.002235916261394454,0.8205239590589113,4.007586052944241,0.006802721088435374,0.8835293122035691,70,1.457142857142857,2.1,0.693877551020408,102,147,2.1,1.457142857142857,0.6802721088435374,0.02857142857142857,1.7771298506522053,71.06229144777778,3707.5978146774205,3500.350045075311,55.992779455,-0.02875267324828003,4.329093467364,260.84285714285716,135.46395164255685,0.5193316509654953,0.14285714285714285,14,0.12857142857142856,12,0.12857142857142856,70,0.6862745098039216,0.11428571428571428,5,0,11,0.005215533492522307,0.6406689134877054,1,1,-0.3304770914849826,1.1369863013698631
normal_00413,0.5946027520833334,0.5943483175000001,0.001785957331686505,0.002539523951389643,-0.04264878417391304,0.6648192294428309,3.6450440439555236,0.06382978723404255,0.9982140426683134,24,1.5,1.9583333333333333,0.7659574468085106,36,47,1.9583333333333333,1.5,0.6808510638297872,0.08333333333333333,1.3085024445162028,28.238555620833335,4419.9478363200005,4347.106483099516,115.637996613,-0.0083085322123689,3.803508854776037,257.125,114.39721511508466,0.4449089552361095,0.08333333333333333,12,0.20833333333333334,11,0.20833333333333334,24,0.6666666666666666,0.08333333333333333,5,0,14,0.014954954954954955,0.6299833064538948,1,1,-0.3219333298520648,1.1066666666666667
normal_00414,0.05189299272727273,0.05171623606060606,0.1535178007828316,0.26740110701625275,-0.00012038682559231817,0.8341446463970644,3.56288828621713,0.03125,0.8464821992171684,66,1.5,1.9393939393939394,0.7734375,99,128,1.9393939393939394,1.5,0.7578125,0.030303030303030304,1.8390343235522284,57.28601092361111,3172.7636819254462,3348.9825847930747,67.957235744,0.02702020220671582,4.460024043107335,301.3787878787879,133.2590034656646,0.44216450800532214,0.16666666666666666,14,0.12121212121212122,12,0.12121212121212122,66,0.6666666666666666,0.09090909090909091,5,0,9,0.005939298796441654,0.6397352647352643,1,1,-0.3278827837903356,1.1581632653061225
normal_00417,0.10475155318181817,0.10454291272727272,0.15844219991441158,0.2874999486300865,-0.004756181337647429,0.864379309221019,3.8869588729111655,0.0,0.8415578000855883,66,1.4090909090909092,2.1515151515151514,0.6549295774647889,93,142,2.1515151515151514,1.4090909090909092,0.6408450704225352,0.045454545454545456,1.774301858240761,73.69854266777779,4081.7654400764623,4336.974644950075,106.201060124,0.030314417869667327,4.157385127185416,268.59090909090907,135.075474887501,0.5029041204137794,0.07575757575757576,14,0.10606060606060606,12,0.16666666666666666,66,0.7096774193548387,0.06060606060606061,5,0,9,0.0053542948279790385,0.6256182860349525,1,1,-0.3307900599745033,1.119047619047619
normal_00418,4.173213115476191,4.1730089023809525,0.004852804998878903,0.02296171774479973,-0.28089903028765917,0.7323884673358687,3.8979802486534276,0.0,0.995147195001121,42,1.4047619047619047,2.0952380952380953,0.6704545454545454,59,88,2.0952380952380953,1.4047619047619047,0.6363636363636364,0.05952380952380952,1.556589446218872,42.42700296305556,3725.29782116961,3895.0161321675528,51.316648444,0.022271826598905167,4.266502839054553,296.73809523809524,128.44759005682178,0.43286518353418235,0.14285714285714285,14,0.14285714285714285,12,0.14285714285714285,42,0.711864406779661,0.23809523809523808,5,0,13,0.008373205741626795,0.6754991040705327,1,1,-0.32807872211391587,1.105263157894737
normal_00420,0.039246555,0.03904590368421052,0.1873742601468582,0.3333055439231687,-0.0008816901850991117,0.790542489019977,3.841153603439731,0.012903225806451613,0.8126257398531419,76,1.605263157894737,2.039473684210526,0.7870967741935485,122,155,2.039473684210526,1.605263157894737,0.7741935483870968,0.019736842105263157,1.6739543281436324,87.381383485,4194.3064072854,4127.37688073463,0.033860679,-0.008042787046116395,4.373221435580732,271.7763157894737,121.32805102247494,0.4464261378701571,0.07894736842105263,14,0.11842105263157894,12,0.14473684210526316,76,0.6229508196721312,0.09210526315789473,5,0,15,0.005124315524641113,0.6328250659460846,1,1,-0.3694816033978909,1.1888412017167382
normal_00422,0.774652233,0.7744196731666668,0.04437316534830826,0.13997990923129547,-0.018903531729091413,0.8528765384109497,3.710662985321264,0.009345794392523364,0.9556268346516917,60,1.6833333333333333,1.7833333333333334,0.9439252336448598,101,107,1.7833333333333334,1.6833333333333333,0.9252336448598131,0.016666666666666666,1.4988706080516554,63.23518936694445,3858.4183342660676,3762.3314259109666,145.276032612,-0.012608589886681822,4.439572261953542,322.7,127.25408987466967,0.39434177215577837,0.11666666666666667,14,0.15,12,0.15,60,0.594059405940594,0.13333333333333333,5,0,13,0.007326007326007326,0.5354084753167325,1,1,-0.35067301404304396,1.2307692307692308
normal_00424,0.05639930585714287,0.056187155571428574,0.1140921761916656,0.25328726771724847,-0.0011096868807628374,0.783799956371299,3.9559372966015833,0.0,0.8859078238083343,70,1.6,2.0285714285714285,0.7887323943661972,112,142,2.0285714285714285,1.6,0.7816901408450704,0.014285714285714285,1.741660898588168,78.36025656111111,4088.3612118915803,3992.040123198745,118.10513294,-0.011920334733195374,4.358493774366051,265.4714285714286,120.48569840304175,0.4538556147130669,0.08571428571428572,14,0.14285714285714285,12,0.12857142857142856,70,0.625,0.08571428571428572,5,0,8,0.0056249446363716895,0.6292192655829019,1,1,-0.36469989006659553,1.192488262910798
normal_00426,4.4320877612727285,4.431863905818183,0.003127694746843365,0.02028164788280599,0.13648953435858582,0.6327358340335892,3.5774476260491883,0.0,0.9968723052531567,55,1.8,1.6545454545454545,1.087912087912088,99,91,1.6545454545454545,1.8,0.978021978021978,0.11818181818181818,1.6883423543730345,49.29653722638889,3286.435815097333,3036.821736666259,64.34729913,-0.03947555138908669,4.033848187342084,287.6545454545454,135.31461531499514,0.47040666470670206,0.07272727272727272,14,0.12727272727272726,12,0.16363636363636364,55,0.5555555555555556,0.09090909090909091,5,0,30,0.007857733664185277,0.6139949709256639,1,1,-0.36431380729885676,1.2179487179487178
normal_00428,0.3226233647058823,0.32237286823529415,0.003465347488775455,0.004185036840379122,-0.04356420710784314,0.6666377534200766,3.6722879612937236,0.0,0.9965346525112245,17,1.2941176470588236,2.235294117647059,0.5789473684210527,22,38,2.235294117647059,1.2941176470588236,0.5263157894736842,0.0,1.7394541964861194,10.875631058888889,2447.0169882698747,945.1776169243651,803.710029734,-0.44273384818366374,3.49922754711538,236.23529411764707,145.54575286304507,0.6161050295497426,0.11764705882352941,10,0.17647058823529413,10,0.17647058823529413,17,0.7727272727272727,0.058823529411764705,5,0,7,0.018796992481203006,0.7005357142857143,1,1,-0.32040074288004833,1.0526315789473684
normal_00429,0.24443210969230772,0.2441940132307692,0.050653874469733316,0.16623407686806807,-0.00864046919187063,0.7372209998773471,3.4916667000942105,0.007042253521126761,0.9493461255302665,65,1.6307692307692307,2.1846153846153844,0.7464788732394367,106,142,2.1846153846153844,1.6307692307692307,0.7183098591549296,0.023076923076923078,1.673235718107125,59.92463649666667,3370.760802942609,3168.413280176252,140.099070331,-0.030943896001901106,4.29408017564845,293.7076923076923,129.12841513839564,0.4396494151168465,0.12307692307692308,14,0.13846153846153847,12,0.12307692307692308,65,0.6132075471698113,0.12307692307692308,5,0,10,0.005596930715414128,0.6597788056692165,1,1,-0.3879769466606094,1.1753554502369667
normal_00434,0.13161834324324326,0.13143523999999998,0.13444667128132473,0.2935057467445049,-0.010485022081555244,0.750367167740794,3.7607346068790957,0.0,0.8655533287186753,37,1.4864864864864864,2.0,0.7432432432432432,55,74,2.0,1.4864864864864864,0.7162162162162162,0.04054054054054054,1.5804224044133053,38.86379504166666,3886.3795041778617,3758.894363258396,120.796332528,-0.016675026052692107,4.098117812119994,292.7837837837838,132.09069593257487,0.451154412397791,0.08108108108108109,14,0.13513513513513514,10,0.21621621621621623,37,0.6727272727272727,0.0,5,0,12,0.010192793931731985,0.6099671527303105,1,1,-0.3248514035057805,1.1415929203539823
normal_00435,0.15644499304347823,0.15625490739130438,0.004819000823305365,0.0056343927461284015,-0.01361185672924901,0.6767312780804208,3.7135971524198483,0.0,0.9951809991766946,23,1.391304347826087,2.0,0.6956521739130435,32,46,2.0,1.391304347826087,0.6521739130434783,0.0,1.6899461611045457,25.427599755555555,4160.879960030183,2640.1704244248976,90.460251273,-0.22359921624476078,4.142914673326842,254.30434782608697,116.15171692176365,0.4567429456660222,0.13043478260869565,13,0.17391304347826086,10,0.21739130434782608,23,0.71875,0.043478260869565216,4,0,9,0.015694164989939637,0.7007936507936509,1,1,-0.3434417249403954,1.0985915492957747
normal_00436,0.25019017,0.24995651549019607,0.09168928748244566,0.2415547691496255,-0.011052565914932127,0.7786952412061189,3.8453711889865345,0.0,0.9083107125175545,51,1.4509803921568627,1.9019607843137254,0.7628865979381444,74,97,1.9019607843137254,1.4509803921568627,0.7216494845360825,0.0784313725490196,1.8495826386540413,49.55582338222222,3568.01928353748,3636.8120834291817,30.217271831,0.009548148511443148,4.070649175829218,303.1764705882353,129.53064593096923,0.42724504866637114,0.09803921568627451,14,0.13725490196078433,12,0.1568627450980392,51,0.6891891891891891,0.11764705882352941,5,0,10,0.0074503311258278145,0.6051783749803554,1,1,-0.3167961858347438,1.125
normal_00440,4.890794015777778,4.890546521555555,0.04275147120668633,0.15856109244591388,-0.27893815712121217,0.8042123673803973,3.6889361939354246,0.0,0.9572485287933137,45,1.3111111111111111,2.088888888888889,0.6276595744680851,59,94,2.088888888888889,1.3111111111111111,0.6170212765957447,0.0,1.754432732536133,50.308047593055555,4116.112984894796,4197.358359519619,3.405521683,0.009772737675869829,4.207976707171546,278.15555555555557,148.22019178413328,0.5328679899565388,0.1111111111111111,14,0.13333333333333333,12,0.13333333333333333,45,0.7627118644067796,0.022222222222222223,5,0,6,0.007862281603288798,0.6000394926710718,1,1,-0.28092193791549186,1.0928571428571427
normal_00441,0.5326960111864406,0.5324674583050847,0.0321345780494988,0.13265090000410637,-0.027009733484511998,0.8216301499135816,3.8340550210857853,0.014084507042253521,0.9678654219505011,59,1.5084745762711864,2.406779661016949,0.6267605633802817,89,142,2.406779661016949,1.5084745762711864,0.5985915492957746,0.025423728813559324,1.566974064954826,58.07529283583333,3604.6733484437077,3085.1403394259346,83.089060103,-0.07766031062416887,4.206913872370472,279.5593220338983,134.10447177949203,0.47969951709652175,0.1016949152542373,14,0.13559322033898305,12,0.15254237288135594,59,0.6629213483146067,0.11864406779661017,5,0,11,0.005523672883787661,0.6986706596295639,1,1,-0.3796164604373658,1.1268292682926828
normal_00442,0.4206379048780488,0.42039687219512195,0.033606498008966076,0.0926335147417247,-0.015821272677700348,0.7147741961277971,3.930423195464591,0.034482758620689655,0.9663935019910339,41,1.5609756097560976,2.1219512195121952,0.735632183908046,64,87,2.1219512195121952,1.5609756097560976,0.7011494252873564,0.06097560975609756,1.7762571866420944,41.142861405000005,3702.857526465251,3851.078900221951,42.895625549,0.019621739631412647,4.045980357983928,238.65853658536585,129.53505505385357,0.542763133082064,0.0975609756097561,12,0.17073170731707318,12,0.12195121951219512,41,0.640625,0.17073170731707318,5,0,13,0.008866705813270698,0.666384479717813,1,1,-0.39104001591038867,1.1526717557251909
normal_00443,0.27128983766666664,0.2710541276666667,0.02896174471515706,0.11036049721536441,-0.020973694444938813,0.7606377571153284,3.9070507109401182,0.013513513513513514,0.9710382552848429,30,1.5,2.466666666666667,0.6081081081081081,45,74,2.466666666666667,1.5,0.5945945945945946,0.016666666666666666,1.781937063540933,24.539271725833334,3046.254421169138,2689.041837799665,38.069682219,-0.062283196410450006,3.872905595296973,238.83333333333334,136.19967171294005,0.5702707817708585,0.13333333333333333,14,0.1,11,0.16666666666666666,30,0.6666666666666666,0.1,5,0,6,0.010897435897435897,0.742978354978355,1,1,-0.3876377154292266,1.1333333333333333
normal_00444,1.27329831075,1.27308167425,0.0033822459902729403,0.010157539070011599,-0.07703667576078799,0.6880324376074795,3.968265197318824,0.0,0.996617754009727,40,1.475,1.8,0.8194444444444444,59,72,1.8,1.475,0.8055555555555556,0.0125,1.8464393446652445,35.38808727972222,3266.5926719759746,3559.4737003871783,9.427236396,0.042906267304548586,4.006198332784128,294.2,135.7902228269201,0.4615575215055068,0.075,14,0.125,11,0.2,40,0.6779661016949152,0.125,5,0,10,0.010350821744627054,0.6065528079226709,1,1,-0.29346794382319663,1.1592920353982301
normal_00448,0.08185367029411765,0.08165038588235295,0.053073306587814756,0.13511015153244418,-0.004696228009167303,0.6641120697560047,3.7190474044520907,0.0,0.9469266934121853,34,1.3529411764705883,2.0588235294117645,0.6571428571428573,46,70,2.0588235294117645,1.3529411764705883,0.6428571428571429,0.08823529411764706,1.6087001655141202,38.27931104833333,4175.9248416635155,4677.670657381366,13.042140436,0.056671418495681074,3.7467625787118752,308.97058823529414,117.06990537750528,0.37890307309235405,0.08823529411764706,13,0.17647058823529413,11,0.14705882352941177,34,0.7391304347826086,0.029411764705882353,5,0,7,0.010622710622710623,0.6223787167449141,1,1,-0.3161822660862393,1.1047619047619048
normal_00449,0.41656526120000004,0.41634150360000005,0.13981133915885327,0.26893927024363,-0.05128894620769232,0.7575256344528328,3.651076359175649,0.0,0.8601886608411468,25,1.36,1.76,0.7727272727272728,34,44,1.76,1.36,0.7272727272727273,0.0,1.6430741894227987,21.149797151666668,3172.469572751583,3465.159362431805,89.89937196,0.044095533591640194,3.8332696894920253,215.12,117.02682028777278,0.5440071601328225,0.12,12,0.16,10,0.24,25,0.7352941176470589,0.04,5,0,10,0.015694164989939637,0.5400621118012421,1,1,-0.2615191310253533,1.0985915492957747
normal_00450,0.28117501898550723,0.28097244869565224,0.08879061861888113,0.24988710114549814,-0.009289229693094628,0.6910122158627493,3.7340840560543294,0.03333333333333333,0.9112093813811187,69,1.536231884057971,1.7391304347826086,0.8833333333333333,106,120,1.7391304347826086,1.536231884057971,0.8666666666666667,0.036231884057971016,1.7645533795258563,75.0335166136111,3972.3626442552204,3541.1527054093985,66.220442728,-0.057391236828320286,4.273693167844585,276.2463768115942,137.8307152011333,0.4989412595812496,0.08695652173913043,14,0.10144927536231885,12,0.11594202898550725,69,0.6509433962264151,0.13043478260869565,5,0,20,0.006227610912096997,0.5570109762732715,1,1,-0.3090734285074282,1.1832460732984293
normal_00451,0.09701595226415095,0.09684396452830188,0.2312370163982064,0.358796249713118,0.00022191676906950476,0.8674574876267611,4.034489431122701,0.0,0.7687629836017936,53,1.509433962264151,2.150943396226415,0.7017543859649124,80,114,2.150943396226415,1.509433962264151,0.6929824561403509,0.03773584905660377,1.540095045644905,46.64063617277778,3228.9671196585,3114.78110801822,69.66202724,-0.01799977041051304,4.190487559148676,315.52830188679246,135.35119614907003,0.42896689564675666,0.018867924528301886,13,0.1320754716981132,12,0.1509433962264151,53,0.6625,0.018867924528301886,5,0,10,0.006914741944682065,0.6479641131815042,1,1,-0.3718582529730261,1.1547619047619047
normal_00452,1.334861716769231,1.3346595173846154,0.030033339263425305,0.10325611457238704,-0.05288011280681817,0.7072454065503834,3.8074021045860986,0.01652892561983471,0.9699666607365747,65,1.523076923076923,1.8615384615384616,0.8181818181818181,99,121,1.8615384615384616,1.523076923076923,0.7520661157024794,0.0,1.646403207259038,58.14601718555556,3270.7134667016094,3393.957421617894,77.45718869,0.01849212916609008,4.259239214010135,293.8,129.11237837635863,0.43945669971531187,0.1076923076923077,14,0.13846153846153847,12,0.12307692307692308,65,0.6565656565656566,0.0,5,0,25,0.005875754500293788,0.6354094656420233,1,1,-0.3238627446661023,1.134020618556701
normal_00454,0.30326606800000006,0.3030369832857143,0.04370217368845495,0.15439516757098917,-0.01625986595625929,0.8106254594106566,3.7181200407399517,0.0,0.9562978263115448,70,1.3285714285714285,2.1142857142857143,0.6283783783783783,93,148,2.1142857142857143,1.3285714285714285,0.5945945945945946,0.05,1.5209171330441662,66.38508936333334,3463.5698798269423,2890.6026087308937,22.910195425,-0.0901718157836932,4.38480967493386,241.82857142857142,130.959997369323,0.541540631843845,0.14285714285714285,13,0.11428571428571428,12,0.11428571428571428,70,0.7526881720430108,0.11428571428571428,5,0,14,0.004868096796347917,0.6224938460232576,1,1,-0.30382215409577373,1.0807174887892377
normal_00457,0.12663513613636362,0.12644170704545457,0.19673641661510244,0.34157737392696863,-0.004891215539816774,0.8313264506535244,3.9187402956415696,0.0,0.8032635833848976,44,1.5227272727272727,2.1818181818181817,0.6979166666666667,67,96,2.1818181818181817,1.5227272727272727,0.6458333333333334,0.03409090909090909,1.7077588175732934,37.91053239694445,3173.9050378885586,3647.7926163771085,118.3118783,0.06946769008330704,3.9441808353600307,278.77272727272725,151.2339729946213,0.5424991693920869,0.13636363636363635,14,0.13636363636363635,11,0.13636363636363635,44,0.6567164179104478,0.09090909090909091,5,0,13,0.007806513409961685,0.6419413369908419,1,1,-0.3585142563866049,1.1241379310344828
normal_00462,1.285406207837838,1.2852030327027026,0.0029374456025250597,0.007969758343498414,-0.12014705106922717,0.7578951792137403,3.8369103006406773,0.0,0.9970625543974747,37,1.2702702702702702,2.108108108108108,0.6025641025641025,47,78,2.108108108108108,1.2702702702702702,0.5769230769230769,0.04054054054054054,1.7659753860382963,44.02693415305556,4402.693415306918,3701.187503284409,77.399050701,-0.08656419301685017,4.1140662030885435,339.6756756756757,135.57983586024835,0.39914496553383105,0.13513513513513514,13,0.16216216216216217,12,0.13513513513513514,37,0.7872340425531915,0.10810810810810811,4,2,6,0.009210138520483349,0.5646969696969697,1,1,-0.28699774371449344,1.0683760683760684
normal_00463,0.29157932823529414,0.2913709894117647,0.15340810503024302,0.2504900312822397,-0.02335429996638656,0.8408796206686715,4.0032958411268265,0.0,0.846591894969757,34,1.2941176470588236,2.0588235294117645,0.6285714285714287,44,70,2.0588235294117645,1.2941176470588236,0.6142857142857143,0.058823529411764705,1.6601297526274859,34.52137109861111,3765.9677562233333,3938.0724128168113,45.46979279,0.022339532611097578,3.7591905042043376,267.3235294117647,129.39104942774927,0.4840241699354687,0.23529411764705882,12,0.17647058823529413,12,0.17647058823529413,34,0.7727272727272727,0.11764705882352941,5,0,7,0.010439560439560439,0.6052618742759589,1,1,-0.2935254324576226,1.0857142857142856
normal_00464,2.1091184635555558,2.108900707777778,0.005516711489458179,0.029312505049586927,-0.14417432594729904,0.7698096215411253,3.692585880322579,0.02,0.9944832885105418,45,1.3555555555555556,2.2222222222222223,0.61,61,100,2.2222222222222223,1.3555555555555556,0.59,0.044444444444444446,1.6798394050735475,29.608478945277778,2422.511913713478,2039.963304771263,38.520793714,-0.08572565453307134,4.186762964004589,296.5777777777778,130.6021872448211,0.44036403611696007,0.08888888888888889,13,0.2222222222222222,12,0.13333333333333333,45,0.7377049180327869,0.1111111111111111,5,2,13,0.007501630789302022,0.6807323939676884,1,1,-0.3246802113030867,1.0952380952380953
normal_00466,0.34511313439024394,0.3448712963414634,0.03007145840914588,0.12671839088420292,-0.010302759853658538,0.7448644749357141,3.5085550672881083,0.027777777777777776,0.9699285415908541,41,1.3658536585365855,1.7560975609756098,0.7777777777777778,56,72,1.7560975609756098,1.3658536585365855,0.7638888888888888,0.0,1.7075157984073561,34.786854847499995,3130.816936285275,2626.8371025644556,170.776158869,-0.08753214943451257,4.094760845790249,301.5121951219512,148.672815597072,0.4930905548843191,0.17073170731707318,14,0.14634146341463414,12,0.14634146341463414,41,0.7321428571428571,0.07317073170731707,5,0,7,0.009936345287998758,0.5034137856055666,1,1,-0.2659863509255267,1.1228070175438596
normal_00468,2.152921902,2.1526815157500003,0.002916215166058022,0.011391867907179928,-0.09091436562382743,0.5890599612101217,3.824899278023067,0.0,0.997083784833942,40,1.575,1.7,0.9264705882352942,63,68,1.7,1.575,0.8676470588235294,0.05,1.896469951904655,49.44352801361111,4564.017970487385,4681.14602779866,49.864093011,0.012669116235578813,4.1184539576730685,285.35,146.1371940581161,0.512133148968341,0.1,14,0.125,12,0.2,40,0.6349206349206349,0.05,5,1,23,0.010537323037323037,0.6143628747795415,1,1,-0.32492383629393223,1.1696428571428572
normal_00469,0.2455039823076923,0.24530979230769226,0.21196793034767847,0.3276069604225839,-0.01647156668658755,0.8742610000802427,3.9057642940792805,0.02564102564102564,0.7880320696523216,52,1.4038461538461537,2.25,0.6239316239316239,73,117,2.25,1.4038461538461537,0.5897435897435898,0.0,1.6798196856315482,54.178659387500005,3824.3759567755296,4249.604669982071,28.349082401,0.05266655109343595,3.8666272866479847,258.09615384615387,142.02267971540496,0.5502704228597762,0.11538461538461539,14,0.15384615384615385,12,0.1346153846153846,52,0.7123287671232876,0.09615384615384616,5,1,13,0.006385266836940449,0.6430944629291733,1,1,-0.3312290243942648,1.0982658959537572
normal_00472,0.06603431824324325,0.06584768689189188,0.1226697693791195,0.2723208981986383,-0.0004744158656793779,0.7967103445006791,3.7597532498521486,0.0,0.8773302306208806,74,1.472972972972973,2.108108108108108,0.6987179487179488,109,156,2.108108108108108,1.472972972972973,0.6923076923076923,0.02702702702702703,1.6570296167413225,62.96227349722222,3104.9888300095345,2958.0480643020073,18.193802142,-0.02423550578182854,4.332858481263088,296.63513513513516,133.5314415106019,0.45015382769735046,0.0945945945945946,14,0.14864864864864866,12,0.13513513513513514,74,0.6788990825688074,0.08108108108108109,5,0,9,0.004987765857331075,0.6392363121662483,1,1,-0.33435339496274114,1.147186147186147
normal_00477,0.728665640131579,0.7284381761842105,0.011488552718273263,0.032141172253905885,-0.02568261093274094,0.7590113354387814,3.7865500176816074,0.020833333333333332,0.9885114472817268,76,1.513157894736842,1.894736842105263,0.7986111111111112,115,144,1.894736842105263,1.513157894736842,0.7569444444444444,0.05263157894736842,1.6213651901807076,74.40756683166666,3571.5632079248676,3891.700459299368,55.812131251,0.04289507454766999,4.186382870579284,269.2236842105263,128.890816707704,0.478749917882093,0.10526315789473684,14,0.13157894736842105,12,0.15789473684210525,76,0.6608695652173913,0.10526315789473684,5,0,19,0.0050934119960668635,0.6183516113516112,1,1,-0.31626177995953786,1.1460176991150441
normal_00479,0.18308718295454546,0.1829153515909091,0.1767904231650322,0.3451120006836503,-0.002815903770965468,0.7564424181061375,3.487592673259819,0.011111111111111112,0.8232095768349678,44,1.5454545454545454,2.0454545454545454,0.7555555555555555,68,90,2.0454545454545454,1.5454545454545454,0.7444444444444445,0.011363636363636364,1.8795588554389162,34.41825811583333,2881.5285864616512,2598.0715185264303,8.304552304,-0.0517295172100588,4.172404562174564,302.52272727272725,120.16451680660872,0.3972082292457955,0.09090909090909091,14,0.11363636363636363,12,0.11363636363636363,44,0.6470588235294118,0.06818181818181818,5,1,10,0.008734107241569929,0.6302808302808304,1,1,-0.35430079072489884,1.1703703703703703
normal_00481,0.46718368666666654,0.46694701952380946,0.027386528369444656,0.07021385575600991,-0.05567317364935065,0.8340234310646065,3.8647314869586054,0.0,0.9726134716305552,21,1.5714285714285714,2.6666666666666665,0.5892857142857143,33,56,2.6666666666666665,1.5714285714285714,0.5357142857142857,0.07142857142857142,1.509968612632489,16.891176181944445,3040.4117127894497,1980.9541075780535,234.333116977,-0.21098992646862297,3.6537567082668048,247.8095238095238,130.34900039801573,0.5260048056030612,0.0,10,0.19047619047619047,8,0.23809523809523808,21,0.6363636363636364,0.0,5,0,8,0.014082278481012659,0.7436801428326851,1,1,-0.4255368381274514,1.1125
normal_00482,0.20175923929824563,0.20152758017543862,0.1452620157226038,0.2778750703852154,-0.01045145523787918,0.843678135938165,4.049600602967823,0.008264462809917356,0.8547379842773961,57,1.5087719298245614,2.1228070175438596,0.7107438016528926,86,121,2.1228070175438596,1.5087719298245614,0.6859504132231405,0.017543859649122806,1.6072341700855672,44.09839965444445,2834.8971206451606,2604.5723777184467,39.974907632,-0.04234323641230162,4.202439190107295,259.140350877193,122.5586504781182,0.4729431370423625,0.08771929824561403,14,0.12280701754385964,12,0.12280701754385964,57,0.6627906976744186,0.05263157894736842,5,0,13,0.006353591160220995,0.6799329702555509,1,1,-0.35637769939896374,1.143646408839779
normal_00486,0.2782659101612903,0.2780594491935484,0.11849814389486309,0.2253462113918837,-0.012780319450278261,0.8748855391308248,3.91466869902721,0.007518796992481203,0.8815018561051369,62,1.5806451612903225,2.1451612903225805,0.7368421052631579,98,133,2.1451612903225805,1.5806451612903225,0.7142857142857143,0.04032258064516129,1.815310659475178,51.780093997499996,3055.8743998569353,2736.2820666278844,24.047322909,-0.05517674377035727,4.352838043981841,282.0967741935484,125.15154219590643,0.44364754809297874,0.04838709677419355,14,0.12903225806451613,12,0.14516129032258066,62,0.6326530612244898,0.08064516129032258,5,0,9,0.005922165820642978,0.6445972328325269,1,1,-0.3785040668580155,1.1666666666666667
normal_00488,0.5289777098214287,0.5287371333928572,0.009841311934542473,0.025574647920190516,-0.02637012356015038,0.7486889615632085,4.085408088746808,0.019417475728155338,0.9901586880654575,56,1.5,1.8392857142857142,0.8155339805825244,84,103,1.8392857142857142,1.5,0.7669902912621359,0.09821428571428571,1.6037564833541988,49.367418741111116,3231.3219539810184,2458.7894548873755,59.526186935,-0.13576755244011615,4.320136841396847,282.30357142857144,145.67571952710674,0.5160250675892198,0.07142857142857142,14,0.19642857142857142,12,0.14285714285714285,56,0.6666666666666666,0.125,5,0,14,0.006995361364656592,0.6189079952968845,1,1,-0.30993986805208434,1.1402439024390243
normal_00492,0.7128552434210526,0.7126815376315787,0.23678907043562927,0.36311927720637033,-0.023403779228981545,0.8714689470638063,3.968653970272867,0.026143790849673203,0.7632109295643709,76,1.4736842105263157,2.013157894736842,0.7320261437908496,112,153,2.013157894736842,1.4736842105263157,0.7058823529411765,0.1118421052631579,1.7417308223033359,86.78392599388889,4165.62844771672,3778.21883111603,11.710880624,-0.04876851266174081,4.273554243862344,260.4868421052632,124.53545609408351,0.47808731944993416,0.09210526315789473,14,0.11842105263157894,12,0.14473684210526316,76,0.6785714285714286,0.11842105263157894,5,0,14,0.0049023235163534115,0.6075316403341879,1,1,-0.3211837864089774,1.1373390557939915
normal_00493,0.06548168699999998,0.065244312,0.07573221760256614,0.24787256525212445,-0.005186584569521689,0.6198911766183283,3.4110804962226373,0.016666666666666666,0.924267782397434,30,1.3666666666666667,2.0,0.6833333333333333,41,60,2.0,1.3666666666666667,0.6666666666666666,0.016666666666666666,1.5566766519390929,27.329491904722225,3392.626581277552,4299.088643244739,426.146611843,0.11784914489257947,3.6947396630335345,276.9,114.6825754133917,0.4141660361624836,0.06666666666666667,12,0.13333333333333333,10,0.16666666666666666,30,0.7317073170731707,0.13333333333333333,5,0,6,0.012332112332112332,0.58008066614624,1,1,-0.2940991413253463,1.10989010989011
normal_00498,0.254391325,0.25418334537037035,0.05671593949856586,0.12600647459456255,-0.00958343190813799,0.8168622506977347,3.8225896215762303,0.041666666666666664,0.9432840605014343,54,1.3888888888888888,1.7777777777777777,0.78125,75,96,1.7777777777777777,1.3888888888888888,0.75,0.009259259259259259,1.6621132077125247,48.9755394325,3326.640414289453,3640.625472707736,15.998638344,0.045065749393067456,4.122684437552807,257.3888888888889,123.63037067589467,0.4803252044390468,0.12962962962962962,14,0.12962962962962962,12,0.16666666666666666,54,0.72,0.09259259259259259,5,0,14,0.007352941176470588,0.5604508286326467,1,1,-0.28293503093661,1.1176470588235294
normal_00500,0.3288151445454546,0.3285938840909091,0.06808925011943154,0.21259262858111116,-0.028685043517786564,0.7749846074245759,3.442816318246212,0.0,0.9319107498805682,22,1.4545454545454546,2.4545454545454546,0.5925925925925926,32,54,2.4545454545454546,1.4545454545454546,0.5740740740740741,0.045454545454545456,1.770283461416519,16.537969888055557,2835.080552261286,2588.993877286132,382.810360994,-0.045369339630482786,3.6635327547840575,286.1818181818182,128.01288490342955,0.4473131302216407,0.09090909090909091,12,0.13636363636363635,11,0.18181818181818182,22,0.6875,0.0,4,0,8,0.01469583048530417,0.6863990554899646,1,1,-0.3802083750797192,1.1168831168831168
normal_00503,0.44976249545454544,0.449529006818182,0.0011493388453236502,0.0011299017147604633,-0.03856940299830604,0.5097031900617224,3.7527152789580636,0.08333333333333333,0.9988506611546764,22,1.3181818181818181,1.6363636363636365,0.8055555555555555,29,36,1.6363636363636365,1.3181818181818181,0.7777777777777778,0.045454545454545456,1.770283461416519,21.530849859444444,3691.002833084191,2990.9416798988195,386.388617129,-0.10476907610129857,3.7887549139718635,312.27272727272725,132.73359707401812,0.4250566427406694,0.09090909090909091,13,0.13636363636363635,11,0.13636363636363635,22,0.7586206896551724,0.09090909090909091,3,0,10,0.018994739918176504,0.5107464607464608,1,1,-0.2767940487790101,1.1016949152542372
normal_00511,0.9790822935294117,0.9788962170588237,0.0007398242738725886,0.001198637774118384,-0.08970369526960788,0.493382811381839,3.433269689497796,0.0,0.9992601757261274,17,1.2352941176470589,1.4705882352941178,0.84,21,25,1.4705882352941178,1.2352941176470589,0.8,0.058823529411764705,1.9039678130819953,15.171158595833333,3413.5106841230627,4998.598979014389,93.771997804,0.18842934274113332,2.660129752623158,232.2941176470588,95.1838777747329,0.4097558678578018,0.058823529411764705,10,0.23529411764705882,9,0.23529411764705882,17,0.8095238095238095,0.11764705882352941,4,0,8,0.02547065337763012,0.47252747252747257,1,1,-0.22323992826949754,1.069767441860465
normal_00514,1.6410202942666665,1.6407637798666668,0.014744682313577166,0.1044604818247285,0.019807006648648658,0.664802074109688,3.2804443065056805,0.022058823529411766,0.985255317686423,75,1.7333333333333334,1.8133333333333332,0.9558823529411765,130,136,1.8133333333333332,1.7333333333333334,0.8014705882352942,0.0911111111111111,1.710102780672918,79.19436256444443,3852.698719355189,4430.408084212385,46.92109458,0.06974549267050059,4.153502150575656,267.41333333333336,132.71276576953022,0.4962832784560613,0.12,14,0.10666666666666667,12,0.13333333333333333,75,0.5769230769230769,0.05333333333333334,5,0,44,0.004963427377220481,0.6655885515758126,1,1,-0.34980106518786563,1.146551724137931
normal_00515,0.4019039382500001,0.40168544549999996,0.04092631454276144,0.1551818628901369,-0.02360333707504691,0.7467577024741278,3.8470308442537067,0.011235955056179775,0.9590736854572386,40,1.575,2.225,0.7078651685393258,63,89,2.225,1.575,0.6853932584269663,0.025,1.6937878750863953,44.38907608444444,4097.453177049102,3490.6627759017665,48.371682385,-0.07996588414168432,4.146439344642161,318.7,109.81831148975812,0.344582088138557,0.05,13,0.125,11,0.175,40,0.6349206349206349,0.15,5,2,11,0.008925425719318848,0.6790487290487289,1,1,-0.37990978566687567,1.1603053435114503
normal_00516,1.0916451334615385,1.091387694230769,0.01602220644437763,0.04231229024184154,-0.10972002363418805,0.7594093465849158,3.757744155832888,0.0,0.9839777935556223,26,1.3461538461538463,1.9615384615384615,0.6862745098039217,35,51,1.9615384615384615,1.3461538461538463,0.6666666666666666,0.0,1.6072710878441596,20.468073526944444,2947.40258791188,2629.428519344861,247.18403673,-0.057016980154421665,3.8731406794900503,299.53846153846155,116.1882027640434,0.38789076423537855,0.07692307692307693,10,0.23076923076923078,11,0.15384615384615385,26,0.7428571428571429,0.07692307692307693,5,0,6,0.01431901431901432,0.5347291597291597,1,1,-0.314737042215723,1.1025641025641026
normal_00517,0.34134392135135133,0.34110784567567576,0.0018544427539273413,0.0019825832538079118,-0.013810418726884783,0.5519904755715572,3.9505319346434407,0.0,0.9981455572460728,37,1.4594594594594594,1.945945945945946,0.7499999999999999,54,72,1.945945945945946,1.4594594594594594,0.7361111111111112,0.08108108108108109,1.6969775448010433,26.587582410555555,2658.758241063278,2563.8216612815654,17.491306129,-0.018178100011277544,4.0165083524280885,257.2972972972973,121.81585940920665,0.47344399140132837,0.05405405405405406,13,0.16216216216216217,12,0.13513513513513514,37,0.6851851851851852,0.21621621621621623,5,0,6,0.010508757297748124,0.5709363695665065,1,1,-0.3125460481224908,1.1454545454545455
normal_00518,0.3552833961818182,0.3550505792727272,0.13449335670738022,0.2692144135613349,-0.01569549040981241,0.7713313800434956,3.9179111212435056,0.04854368932038835,0.8655066432926198,55,1.5272727272727273,1.8727272727272728,0.8155339805825242,84,103,1.8727272727272728,1.5272727272727273,0.7864077669902912,0.02727272727272727,1.6192750394115063,55.471863971944444,3698.124264799538,3515.162862925271,2.588495672,-0.025364497299856736,4.333200795459759,300.92727272727274,142.75307022000982,0.47437731025923147,0.10909090909090909,14,0.16363636363636364,12,0.12727272727272726,55,0.6547619047619048,0.07272727272727272,5,0,15,0.007259316770186336,0.5958738326662856,1,1,-0.3252838478370197,1.1614906832298137
normal_00519,0.739564545,0.73932932175,0.049682274823632445,0.17671363730103004,-0.032451950728893064,0.7763159335999569,3.6441594607494014,0.0,0.9503177251763674,40,1.425,1.725,0.8260869565217391,57,69,1.725,1.425,0.8115942028985508,0.025,1.8220959002539354,37.99864695027778,3507.567410804897,3107.2033401128106,17.963466068,-0.06052576661655909,4.056198332782684,252.6,134.64422255212685,0.533033343436765,0.075,13,0.125,11,0.15,40,0.7017543859649122,0.125,5,2,11,0.010508757297748124,0.5237043908472481,1,1,-0.2841104959013202,1.1454545454545455
normal_00520,0.31237327879310345,0.31217507586206894,0.2086311055776114,0.33504374334399806,-0.005375966690454949,0.8287783752902581,4.0528115319656575,0.04201680672268908,0.7913688944223887,58,1.5,2.0517241379310347,0.7310924369747899,87,119,2.0517241379310347,1.5,0.7142857142857143,0.017241379310344827,1.7786219769445986,56.67544853527778,3579.5020127602984,2844.3158214871187,32.901953383,-0.11444692396998997,4.228610418131449,282.8103448275862,148.85804575448356,0.5263529021374167,0.06896551724137931,14,0.1206896551724138,12,0.15517241379310345,58,0.6666666666666666,0.10344827586206896,5,0,12,0.006465381959701212,0.6575525025938245,1,1,-0.3450392938263861,1.1508379888268156
normal_00521,0.6363280800000001,0.6361019188235295,0.04695217175613291,0.16348865117782097,-0.04290928203208558,0.7831643128572846,3.512045043258472,0.0,0.953047828243867,34,1.2352941176470589,2.0,0.6176470588235294,42,68,2.0,1.2352941176470589,0.6029411764705882,0.04411764705882353,1.5668838169331778,27.94814229361111,3048.8882502310003,2506.762607347782,52.460773729,-0.09758094177996693,3.9146892241382756,296.38235294117646,112.47410872591897,0.37948989745770023,0.11764705882352941,12,0.17647058823529413,12,0.23529411764705882,34,0.8095238095238095,0.11764705882352941,5,0,6,0.010470207500475918,0.581596503335634,1,1,-0.26159497544301075,1.0679611650485437
normal_00524,0.3302248704761904,0.33001763174603177,0.028513141022127184,0.12637230172957073,-0.005195817110215051,0.7391218049355548,3.561055896360376,0.0,0.971486858977873,63,1.4603174603174602,1.7142857142857142,0.8518518518518519,92,108,1.7142857142857142,1.4603174603174602,0.8333333333333334,0.03968253968253968,1.734225412318118,50.59926770277778,2938.021995660484,2446.975371044461,183.149203174,-0.09118790431581812,4.312708154569475,298.984126984127,136.86271577675956,0.4577591364374523,0.07936507936507936,14,0.15873015873015872,12,0.14285714285714285,63,0.6847826086956522,0.14285714285714285,5,0,10,0.006721333512568894,0.5632014954742228,1,1,-0.2948621535480759,1.1560693641618498
normal_00525,1.2672745078947367,1.2670393433333333,0.006524496831390553,0.020925171134596313,-0.07431204296344307,0.7677210033600211,3.752838712677697,0.008403361344537815,0.9934755031686096,57,1.4912280701754386,2.087719298245614,0.7142857142857143,85,119,2.087719298245614,1.4912280701754386,0.6386554621848739,0.02631578947368421,1.7067391744118239,50.812926894166665,3266.545300348982,3712.3651335934182,10.420927719,0.06388100799748934,4.025982672739244,291.8070175438597,127.96308599922915,0.4385195636359082,0.10526315789473684,14,0.12280701754385964,12,0.19298245614035087,57,0.6705882352941176,0.05263157894736842,5,0,16,0.005992949471210341,0.6506284947691194,1,1,-0.349069690493979,1.1027027027027028
normal_00526,2.448291404166667,2.4480786490000006,0.07727110929611027,0.20887675677625447,-0.00153563198610725,0.7299227366911316,3.7138083784762133,0.0,0.9227288907038899,60,1.6,1.7666666666666666,0.9056603773584907,96,106,1.7666666666666666,1.6,0.8584905660377359,0.025,1.7518384134778107,58.97556483472222,3598.50904077161,3170.9292506638158,10.767483147,-0.06316325988948904,4.177747162880648,256.3666666666667,125.84237742033588,0.4908687196216456,0.08333333333333333,13,0.13333333333333333,12,0.16666666666666666,60,0.625,0.11666666666666667,5,0,23,0.006948744410044719,0.54973024973025,1,1,-0.3333255819308414,1.1812865497076024
normal_00527,0.09342696319999999,0.09321379266666667,0.08584935181386408,0.21271764390557177,0.0026547731413940263,0.7655797922332681,3.8640315729024097,0.007194244604316547,0.9141506481861357,75,1.3866666666666667,1.8533333333333333,0.7482014388489209,104,139,1.8533333333333333,1.3866666666666667,0.7410071942446043,0.09333333333333334,1.6658731735432937,73.50516716083334,3575.9270510704996,3627.569412985434,8.856050942,0.007169068822705757,4.407906356725518,268.8666666666667,128.9201862177309,0.4794948656746748,0.04,14,0.09333333333333334,12,0.2,75,0.7211538461538461,0.17333333333333334,5,0,12,0.005281460552053902,0.562163986806844,1,1,-0.29094705951001043,1.130232558139535
normal_00530,0.05277067199999999,0.05256517300000001,0.03796802608011939,0.15001770139587017,-0.0005429125709483794,0.642409914873578,3.2818157778914934,0.01020408163265306,0.9620319739198806,50,1.36,1.96,0.6938775510204083,68,98,1.96,1.36,0.6836734693877551,0.02,1.5305595111285375,52.91553939194444,3887.6722818633675,3214.0607811943155,0.142156274,-0.09485170657470833,4.225979129952806,265.04,133.9137645148198,0.5052586949698905,0.06,13,0.14,12,0.14,50,0.7352941176470589,0.14,5,0,10,0.007527661890077997,0.5982341452038423,1,1,-0.32221161832878453,1.1140939597315436
normal_00532,0.7300317306060605,0.7298092321212122,0.08126718691691977,0.2126480554700535,-0.040336884274732615,0.7053188666776521,3.6974147842519973,0.0,0.9187328130830802,33,1.5454545454545454,1.9090909090909092,0.8095238095238094,51,63,1.9090909090909092,1.5454545454545454,0.6825396825396826,0.0,1.709875937010024,27.460935644722223,3089.355260044219,2418.8614012782696,154.313629228,-0.12172612298895447,4.10440775543244,258.4848484848485,130.27569833149073,0.5039974261358962,0.06060606060606061,12,0.15151515151515152,10,0.18181818181818182,33,0.6470588235294118,0.09090909090909091,5,0,18,0.010642270351008214,0.6217242851045668,1,1,-0.3357559831969135,1.0961538461538463
normal_00533,0.4489738119642857,0.4487242333928572,0.105708780830817,0.22835704268988813,-0.012661941275119614,0.8630897053724723,3.988157794588672,0.0,0.894291219169183,56,1.5357142857142858,1.9464285714285714,0.7889908256880734,86,109,1.9464285714285714,1.5357142857142858,0.7064220183486238,0.0,1.512932084655993,61.039765585000005,3995.330111034346,4279.998569290509,1.378444103,0.03439965580255218,4.284883833345498,263.5,122.60372232225548,0.46528926877516313,0.05357142857142857,14,0.14285714285714285,12,0.14285714285714285,56,0.6511627906976745,0.125,5,0,11,0.006477974885389675,0.62453591606134,1,1,-0.34237870532543024,1.1206896551724137
normal_00534,0.3665864684810127,0.36635096392405064,0.06653028284211304,0.19245777033105257,-0.010153699103700096,0.7528317178706446,3.809751394574244,0.013605442176870748,0.9334697171578868,79,1.6455696202531647,1.860759493670886,0.8843537414965987,130,147,1.860759493670886,1.6455696202531647,0.8775510204081632,0.012658227848101266,1.7660530660566673,69.17781772916666,3192.822356734077,2869.8499192444233,81.426215525,-0.0532722903016437,4.404146256000696,272.49367088607596,132.42258245497305,0.48596571811877504,0.10126582278481013,14,0.11392405063291139,12,0.11392405063291139,79,0.6076923076923076,0.10126582278481013,5,0,13,0.005399399633542552,0.5922536172536167,1,1,-0.35348046400716704,1.2202643171806167
normal_00542,0.15554399636363636,0.15533255727272724,0.004927152606101519,0.006453446089199807,-0.007463398520609825,0.5389320638136907,3.5749357246060067,0.0,0.9950728473938985,22,1.3636363636363635,1.5454545454545454,0.8823529411764706,30,34,1.5454545454545454,1.3636363636363635,0.8529411764705882,0.0,1.8371323244628457,14.308267804444444,2452.845909369952,2120.8779962733242,455.418711593,-0.07258153748350009,3.6292196865039,293.40909090909093,126.2848854549597,0.4304054965157418,0.045454545454545456,12,0.18181818181818182,10,0.18181818181818182,22,0.7333333333333333,0.13636363636363635,5,0,6,0.020050125313283207,0.5023129251700681,1,1,-0.23242328055071088,1.1228070175438596
normal_00543,0.29708090985294117,0.2968648202941177,0.12095540491363976,0.29859276650130084,-0.008784600467992518,0.6884068719166502,3.7152805272564793,0.03125,0.8790445950863601,68,1.5,1.8823529411764706,0.796875,102,128,1.8823529411764706,1.5,0.7890625,0.014705882352941176,1.8545436099516484,67.13222566111111,3607.104662402896,2974.7769958322874,18.930557176,-0.09607095651430417,4.304251356420371,265.95588235294116,131.59134320567034,0.49478636096132617,0.11764705882352941,14,0.1323529411764706,12,0.11764705882352941,68,0.6666666666666666,0.16176470588235295,5,0,19,0.005956697399772092,0.5825363267223731,1,1,-0.3258309279271123,1.16751269035533
normal_00547,0.034070854166666664,0.03385222277777778,0.15125628498917412,0.2970951106753076,-0.001075848607464608,0.7601773848867103,3.8193798198787805,0.0,0.8487437150108258,36,1.4444444444444444,2.25,0.6419753086419753,52,81,2.25,1.4444444444444444,0.6296296296296297,0.0,1.790630797062406,38.700041204444446,3980.5756667568,2939.583513814008,5.815345536,-0.15042893173115218,3.9857808213304913,280.19444444444446,130.4880551609324,0.4657053619305607,0.1111111111111111,12,0.16666666666666666,12,0.1388888888888889,36,0.6923076923076923,0.08333333333333333,5,0,5,0.009633492684340142,0.6526616337591946,1,1,-0.3547174371850013,1.1271186440677967
normal_00549,0.3143245360714286,0.31406973678571426,0.018021270219256928,0.06175824972886755,-0.0333005544198139,0.7919841352508104,3.741912905555434,0.05357142857142857,0.9819787297807431,28,1.2142857142857142,2.0,0.6071428571428571,34,56,2.0,1.2142857142857142,0.5892857142857143,0.05357142857142857,1.6319045869360023,23.226709334722223,3096.894577993519,2685.8289421247296,72.519872824,-0.0710851270061038,3.923251796955811,279.0357142857143,130.53663658936327,0.4678133654808872,0.03571428571428571,13,0.21428571428571427,10,0.17857142857142858,28,0.8235294117647058,0.17857142857142858,5,0,8,0.012605042016806723,0.573823447507658,1,1,-0.27230521697459226,1.0588235294117647
normal_00550,0.3217578623809524,0.3215299604761905,0.079378647177529,0.22190580686311773,-0.027846733961038962,0.7976931806893369,3.777994045560185,0.0,0.920621352822471,21,1.3333333333333333,2.238095238095238,0.5957446808510638,28,47,2.238095238095238,1.3333333333333333,0.574468085106383,0.047619047619047616,1.742377399356582,16.324847780833334,2938.47260057635,2197.4182154899486,13.293547738,-0.14428935731425707,3.6897037321793507,189.61904761904762,105.9483252300272,0.5587430511879887,0.14285714285714285,9,0.14285714285714285,11,0.23809523809523808,21,0.75,0.19047619047619047,5,0,8,0.0159846547314578,0.7128757816257817,1,1,-0.3403656166784399,1.0869565217391304
normal_00552,2.0935098231818183,2.093294786363636,0.0013379916125542503,0.0028824355221409585,-0.21282601621682662,0.7086929080285707,3.7011476315562963,0.0,0.9986620083874457,22,1.2272727272727273,2.272727272727273,0.5399999999999999,27,50,2.272727272727273,1.2272727272727273,0.5,0.045454545454545456,1.8390343235522284,18.348023359444444,3145.375433059381,3270.2595145279265,23.942476723,0.0194655840752769,3.4251185503398274,277.72727272727275,141.3951510646272,0.5091151102163336,0.045454545454545456,12,0.13636363636363635,10,0.2727272727272727,22,0.8148148148148148,0.22727272727272727,5,0,5,0.014253980007404665,0.6915293040293041,1,1,-0.31859751959335736,1.0405405405405406
normal_00556,0.13060321710526315,0.13038651368421053,0.12591530693948338,0.312853414943554,-0.006488060328263489,0.6598366443017506,3.5262113912736046,0.0,0.8740846930605165,38,1.4736842105263157,1.868421052631579,0.7887323943661971,56,71,1.868421052631579,1.4736842105263157,0.7746478873239436,0.13157894736842105,1.8444831669942932,34.782958719722224,3384.2878754575136,3218.4729799343904,6.914466069,-0.02511296397895684,3.942410658827174,286.1578947368421,131.96242837852066,0.4611524993915565,0.02631578947368421,12,0.15789473684210525,12,0.18421052631578946,38,0.6785714285714286,0.05263157894736842,5,0,7,0.010592160133444536,0.5875771604938271,1,1,-0.33377882849855733,1.1545454545454545
normal_00560,0.45730520927536233,0.4571494085507246,0.19301253694477283,0.33771122712151624,-0.011429875337230548,0.909930293902482,3.833667762563319,0.018518518518518517,0.8069874630552272,69,1.4492753623188406,2.347826086956522,0.6172839506172839,100,162,2.347826086956522,1.4492753623188406,0.6111111111111112,0.036231884057971016,1.5108130911053161,73.42774263305556,3887.351080580985,3987.4209622868934,86.890884202,0.01270765441350659,4.240265537607523,304.39130434782606,128.81452893385173,0.42318728259942723,0.043478260869565216,14,0.15942028985507245,12,0.2028985507246377,69,0.69,0.10144927536231885,5,0,8,0.004888789371547992,0.6606423569613751,1,1,-0.3675177888062322,1.1293103448275863
normal_00562,0.35177284620689664,0.3515336610344827,0.011661468903682805,0.02851043327984942,-0.0265900421773399,0.6641058734071716,3.7331884346067965,0.0,0.9883385310963171,29,1.3793103448275863,2.1379310344827585,0.6451612903225807,40,62,2.1379310344827585,1.3793103448275863,0.6290322580645161,0.05172413793103448,1.481900724677236,18.8322823225,2421.2934414943215,2028.4366311102315,46.21478714,-0.08828778464625829,3.8312762533521663,299.9310344827586,122.09683833349037,0.40708304342046686,0.0,13,0.13793103448275862,11,0.13793103448275862,29,0.725,0.0,5,0,7,0.012183468705207836,0.660386174671889,1,1,-0.3159869636775195,1.108695652173913
normal_00564,0.40424329917808216,0.40402055575342466,0.017547651127494,0.05146210134132638,-0.013809994408860916,0.7564058597369142,4.106985715981965,0.03355704697986577,0.9824523488725059,73,1.6164383561643836,2.041095890410959,0.7919463087248322,118,149,2.041095890410959,1.6164383561643836,0.7583892617449665,0.0639269406392694,1.793607381439823,66.0135109725,3300.6755486375137,3277.045417498684,11.683588908,-0.0035924496129409737,4.347664806585808,290.63013698630135,129.523647224199,0.44566488722504377,0.1643835616438356,14,0.1095890410958904,12,0.1643835616438356,73,0.6186440677966102,0.0958904109589041,5,0,18,0.005204475459046431,0.637995446112329,1,1,-0.3646820857795165,1.1762114537444934
normal_00565,0.5267905306976745,0.5265756169767443,0.0390881324852838,0.09089522369072614,-0.03671259491543341,0.8595902596508211,3.746673768315794,0.010752688172043012,0.9609118675147165,43,1.4883720930232558,2.1627906976744184,0.6881720430107527,64,93,2.1627906976744184,1.4883720930232558,0.6774193548387096,0.09302325581395349,1.7721887931966045,34.49559143472222,2956.764980127262,3727.529875887647,47.086277696,0.11530982883958313,3.9687988369291722,274.5581395348837,132.4705362255503,0.48248628305087776,0.06976744186046512,14,0.13953488372093023,12,0.13953488372093023,43,0.671875,0.09302325581395349,5,2,9,0.008426363246028338,0.6446509164594272,1,1,-0.35652000468045847,1.145985401459854
normal_00567,0.95356644625,0.953358508125,0.0004679175214380093,0.000624271760155191,0.006226572161764706,0.4947127832457944,3.580462199706904,0.0,0.9995320824785621,16,1.75,1.625,1.0769230769230769,28,26,1.625,1.75,0.8076923076923077,0.0,1.3294340029206368,19.39454883361111,4654.691720085333,3995.0344055516443,69.97487752,-0.0762633758516962,3.4528195310974703,199.3125,81.48514690829653,0.4088310914182328,0.0625,9,0.1875,7,0.25,16,0.5714285714285714,0.0625,5,0,13,0.02295918367346939,0.6399711399711399,1,1,-0.4036589015247024,1.1020408163265305
normal_00569,1.4936793470588237,1.4934400085294115,0.0010889898937483143,0.0026348908861331976,-0.04879270686172652,0.4662724525881171,3.53327758119478,0.10204081632653061,0.9989110101062515,34,1.411764705882353,1.4411764705882353,0.979591836734694,48,49,1.4411764705882353,1.411764705882353,0.8367346938775511,0.07352941176470588,1.4516607643519956,31.627587464166666,3450.2822688375454,2692.4868350286465,515.591970656,-0.12336381540565323,4.006436738219563,258.7647058823529,142.10347463892757,0.5491609613234301,0.029411764705882353,12,0.17647058823529413,11,0.20588235294117646,34,0.7083333333333334,0.14705882352941177,5,0,21,0.012109862671660424,0.5077380952380952,1,1,-0.23897550932794023,1.0777777777777777
normal_00570,0.824645895945946,0.824425651081081,0.03568785328959751,0.09897600101382607,-0.024814186479674198,0.7972237198655437,4.047732725432345,0.0,0.9643121467104028,74,1.472972972972973,1.7297297297297298,0.8515625,109,128,1.7297297297297298,1.472972972972973,0.8125,0.02027027027027027,1.7248078735323187,67.06321472083333,3307.2270273358495,2896.00127280501,2.719638044,-0.06629221667071346,4.303916461667463,282.43243243243245,128.4099899114968,0.4546573805478834,0.16216216216216217,13,0.14864864864864866,12,0.13513513513513514,74,0.6788990825688074,0.08108108108108109,5,0,15,0.0055579006613198255,0.5359274810402633,1,1,-0.29372997481873564,1.144927536231884
normal_00571,0.11270825459459458,0.11248435581081083,0.1182271856040482,0.27507905980469893,-0.0031600477984450206,0.7320751989502933,3.6412048195847104,0.0078125,0.8817728143959517,74,1.4324324324324325,1.7297297297297298,0.828125,106,128,1.7297297297297298,1.4324324324324325,0.8203125,0.018018018018018018,1.7825349275160653,67.05986237555555,3307.0617062025613,3894.6405640117946,220.972718807,0.08158888492786086,4.342182210126505,263.7027027027027,142.2193684408654,0.5393170679831936,0.0945945945945946,14,0.12162162162162163,12,0.13513513513513514,74,0.6981132075471698,0.12162162162162163,5,0,10,0.005706481978247086,0.5416126939382753,1,1,-0.28363017351913716,1.1527093596059113
normal_00577,0.14997295875,0.14976099599999998,0.025385164252106796,0.07231075023251782,-0.011404006941838647,0.6836038568065397,3.9415193955123153,0.0,0.9746148357478933,40,1.4,1.775,0.7887323943661971,56,71,1.775,1.4,0.7605633802816901,0.05,1.642818935836696,36.2968860075,3350.48178533023,2718.773309749207,67.820154398,-0.10408336207406606,4.015957320921764,251.075,133.64253650729083,0.5322813362831458,0.15,12,0.15,11,0.175,40,0.7142857142857143,0.1,5,0,11,0.010034766118836915,0.5807784300934985,1,1,-0.28919512377204476,1.1238938053097345
normal_00579,0.30926919149999993,0.30903957466666665,0.04445943078882375,0.1888732550157448,-0.00882295134926368,0.653725962859026,3.436052349948576,0.018018018018018018,0.9555405692111762,60,1.6666666666666667,1.85,0.9009009009009009,100,111,1.85,1.6666666666666667,0.8468468468468469,0.016666666666666666,1.6033667177416078,63.23871179444445,3858.6332620366607,3403.262841920326,46.520814868,-0.06270682113838072,4.319250912807091,244.16666666666666,126.87497738721238,0.5196244807667402,0.06666666666666667,14,0.11666666666666667,12,0.16666666666666666,60,0.6,0.08333333333333333,5,0,16,0.006773240883410375,0.5857210690544024,1,1,-0.3600044982451419,1.192090395480226
normal_00580,0.04787691000000001,0.047690046400000005,0.14192762184038765,0.27010124692565385,-0.0004705228043217287,0.8077157514920487,4.035125019916204,0.009259259259259259,0.8580723781596123,50,1.36,2.16,0.6296296296296297,68,108,2.16,1.36,0.6203703703703703,0.02,1.8318708671244008,50.92206309472222,3741.2127988122047,3121.9214315124536,10.881557775,-0.0902344827474627,4.155783629869153,280.42,131.7356800102201,0.4697799016126528,0.12,14,0.12,12,0.14,50,0.7352941176470589,0.1,5,0,8,0.007005811639200701,0.6633245958934034,1,1,-0.3147908958188906,1.1069182389937107
normal_00581,0.8497666240322581,0.8495164072580647,0.08080738123379452,0.21794810315619198,-0.04071174091334895,0.8799234012606462,3.736466772387348,0.0,0.9191926187662056,62,1.3870967741935485,1.8870967741935485,0.7350427350427351,86,117,1.8870967741935485,1.3870967741935485,0.7264957264957265,0.024193548387096774,1.710029768828796,70.27545954916667,4147.404170125295,4755.34605511925,40.075453,0.0682869753292731,4.333172222224372,291.43548387096774,132.77537063824258,0.45559095575687863,0.11290322580645161,14,0.12903225806451613,12,0.16129032258064516,62,0.7209302325581395,0.16129032258064516,5,0,9,0.006300434512725016,0.5511281091789565,1,1,-0.3052306725060712,1.1277777777777778
normal_00585,0.10129512205882352,0.10108906161764707,0.2838231014960891,0.37042409279255684,-0.002298224063251517,0.8539168523776958,4.040555851399377,0.013422818791946308,0.7161768985039109,68,1.4558823529411764,2.1911764705882355,0.6644295302013422,99,149,2.1911764705882355,1.4558823529411764,0.6577181208053692,0.0,1.802896487929623,64.73108743638889,3478.0882801766115,3088.304790114465,19.114732257,-0.059360365102978534,4.280200297252728,272.04411764705884,141.0298405835826,0.5184079766302836,0.07352941176470588,14,0.14705882352941177,12,0.1323529411764706,68,0.6868686868686869,0.08823529411764706,5,0,8,0.005242463958060288,0.6503116883116884,1,1,-0.34258783203683496,1.1376146788990826
normal_00586,0.3864136319047618,0.38621472380952376,0.26148423466982823,0.3783200701002371,-0.030341864896103896,0.852351876057301,3.582501142134883,0.0,0.7385157653301718,21,1.7619047619047619,2.380952380952381,0.74,37,50,2.380952380952381,1.7619047619047619,0.72,0.047619047619047616,1.6464417904183664,17.35008645083333,3123.01556119835,3048.18216838322,134.32716368,-0.012126234824143944,3.5944656369412558,333.6190476190476,126.01288671817507,0.37771490452207773,0.0,13,0.19047619047619047,11,0.19047619047619047,21,0.5675675675675675,0.14285714285714285,5,0,7,0.017018779342723004,0.6541238717709306,1,1,-0.45355121597071674,1.2083333333333333
normal_00587,0.6826043615384615,0.682385363974359,0.040649545384282545,0.14092235115079932,-0.03245099881447666,0.8131146054315147,3.823660191238173,0.031055900621118012,0.9593504546157176,78,1.3974358974358974,2.0641025641025643,0.6770186335403726,109,161,2.0641025641025643,1.3974358974358974,0.6273291925465838,0.02564102564102564,1.6708410160172966,58.03460558166667,2713.306234994831,2701.834193216026,11.062929949,-0.0021185123323930444,4.362899052440427,287.97435897435895,128.90779694502623,0.44763637083572466,0.08974358974358974,14,0.14102564102564102,12,0.15384615384615385,78,0.7155963302752294,0.11538461538461539,5,0,17,0.004443566702873506,0.6187338302722917,1,1,-0.3127706013406482,1.0931174089068827
normal_00588,0.39164724916666677,0.3914047452777777,0.025150661558836322,0.04670178560372458,-0.024187510768339766,0.8042650532595647,3.7885883131694844,0.0,0.9748493384411636,36,1.4444444444444444,1.75,0.8253968253968254,52,63,1.75,1.4444444444444444,0.7619047619047619,0.05555555555555555,1.7250307427077478,30.389976069722223,3125.8261100548575,2766.4129901803203,110.405890556,-0.06099771474993129,4.030493056730071,289.5833333333333,124.01967009885396,0.42826936437014324,0.05555555555555555,14,0.19444444444444445,11,0.16666666666666666,36,0.6923076923076923,0.1388888888888889,5,0,9,0.010946126023224824,0.5788998729297238,1,1,-0.28282635077219287,1.116504854368932
normal_00591,0.030019687446808514,0.02983428234042553,0.2444961390558999,0.35462630755344554,-0.0015003288956984273,0.8563097398761946,3.8260427028075314,0.0,0.7555038609441002,47,1.553191489361702,1.8936170212765957,0.8202247191011236,73,89,1.8936170212765957,1.553191489361702,0.8089887640449438,0.010638297872340425,1.679709958053382,53.00889889305555,4148.522522072934,5081.228960957893,57.546583179,0.10105433939361931,3.8998135854626224,286.97872340425533,107.60343645750962,0.3749526626262568,0.1702127659574468,12,0.1276595744680851,12,0.1276595744680851,47,0.6438356164383562,0.06382978723404255,5,0,9,0.008694718763417776,0.5519288119288118,1,1,-0.3374572639993267,1.1824817518248176
normal_00592,0.07269577912280702,0.07245701228070175,0.1392445773215884,0.2127934180785453,-0.0033335280438164393,0.7968571549281465,3.667630731627373,0.0,0.8607554226784115,57,1.456140350877193,1.8245614035087718,0.7980769230769231,83,104,1.8245614035087718,1.456140350877193,0.7788461538461539,0.03508771929824561,1.7390608520684743,58.68172075694444,3772.396334387893,2970.9298380380683,75.334514583,-0.11885328929024523,4.2843871631405,291.3859649122807,125.82211853956545,0.4318056931034518,0.08771929824561403,14,0.14035087719298245,12,0.14035087719298245,57,0.6867469879518072,0.08771929824561403,5,0,12,0.007081723850640006,0.5653264450434261,1,1,-0.3068617076585367,1.147239263803681
normal_00595,0.92246742078125,0.92223318125,0.006282277378542107,0.026568490101785032,-0.028970431832417577,0.6952672534643306,3.975324843833429,0.02631578947368421,0.9937177226214579,64,1.5625,1.78125,0.8771929824561403,100,114,1.78125,1.5625,0.8070175438596491,0.046875,1.7429557538984009,53.74350396666667,3071.0573695348885,3199.36734372058,50.61692665,0.02046272462444981,4.316428031812843,311.015625,135.55792906700998,0.4358556875302004,0.125,14,0.109375,12,0.15625,64,0.64,0.125,5,0,22,0.006219122348154606,0.595021645021645,1,1,-0.3180601372809361,1.1505376344086022
normal_00597,0.5466718467441861,0.546447485116279,0.012512065774426692,0.0370444978641364,-0.03202298534279674,0.7341230800901888,3.5512667306216006,0.0,0.9874879342255732,43,1.3255813953488371,1.6511627906976745,0.8028169014084506,57,71,1.6511627906976745,1.3255813953488371,0.7605633802816901,0.046511627906976744,1.2586666647368956,51.71638699388889,4432.833170924929,3513.119540146497,192.231408176,-0.1157461747157086,4.138262941062682,251.8139534883721,124.40491795016891,0.4940350454245717,0.16279069767441862,13,0.13953488372093023,12,0.16279069767441862,43,0.7543859649122807,0.023255813953488372,5,0,15,0.009431181844974948,0.5574860574860574,1,1,-0.2765204519281134,1.0940170940170941
normal_00599,0.013571787857142859,0.013342142142857144,0.13624243696122357,0.25260687155885253,-0.000523003742310321,0.7052129127297806,3.4858890425025884,0.007575757575757576,0.8637575630387764,56,1.4642857142857142,2.357142857142857,0.6212121212121211,82,132,2.357142857142857,1.4642857142857142,0.6136363636363636,0.017857142857142856,1.7778509877260078,53.16053044666666,3479.5983565114902,3400.0873000882,2.721928278,-0.011557367646153277,4.225152083917884,276.6607142857143,132.6866817713086,0.4796007344731996,0.08928571428571429,14,0.16071428571428573,12,0.125,56,0.6829268292682927,0.125,5,0,7,0.006022740065293256,0.6502262148878692,1,1,-0.3648236766525079,1.1322751322751323
normal_00600,0.047762137021276595,0.04752087787234042,0.19910722915479775,0.30852932605541306,6.353116327474499e-06,0.7934894714702384,3.8651661911822957,0.0,0.8008927708452022,47,1.3404255319148937,2.0638297872340425,0.6494845360824743,63,97,2.0638297872340425,1.3404255319148937,0.6391752577319587,0.05319148936170213,1.451222844806786,42.199884753333336,3302.5996763590006,2890.1606238759005,356.91066832,-0.0666001964370324,4.208116244943585,257.0851063829787,114.00969252984285,0.44347062392639364,0.06382978723404255,14,0.1276595744680851,11,0.14893617021276595,47,0.746031746031746,0.10638297872340426,5,0,9,0.007662835249042145,0.6041662985540539,1,1,-0.291175958227278,1.103448275862069
normal_00602,0.11893399423076924,0.11873298769230768,0.153043374989902,0.3083429598866445,-0.008465506666951247,0.8603092592792304,3.986614779014298,0.01652892561983471,0.846956625010098,52,1.3846153846153846,2.326923076923077,0.5950413223140495,72,121,2.326923076923077,1.3846153846153846,0.5867768595041323,0.019230769230769232,1.527575401429165,50.81213156555555,3586.738698747647,4162.928106520635,8.445807317,0.07435021688691057,4.162474940207679,269.4423076923077,123.72398335535127,0.4591854353349701,0.09615384615384616,14,0.1346153846153846,12,0.15384615384615385,52,0.7222222222222222,0.09615384615384616,5,0,9,0.0064115341173343965,0.646595344546164,1,1,-0.3417908955246199,1.1091954022988506
normal_00606,0.11789985788461539,0.11766725134615384,0.0503301813126856,0.16181860899984288,-0.0003273255814052762,0.8031258279795834,3.673837967764116,0.0,0.9496698186873143,52,1.5192307692307692,1.9230769230769231,0.7899999999999999,79,100,1.9230769230769231,1.5192307692307692,0.78,0.0673076923076923,1.6072710878441596,46.198143073333334,3261.0453934207453,3471.6238917218748,31.509770667,0.031277118982485225,3.911294286580366,280.63461538461536,125.36112992442116,0.44670586966832737,0.11538461538461539,14,0.17307692307692307,12,0.11538461538461539,52,0.6582278481012658,0.09615384615384616,5,0,10,0.007696938424492604,0.5978469275498979,1,1,-0.34041968012741824,1.1699346405228759
normal_00612,1.2445810756818183,1.244357619090909,0.007674475957497629,0.02755862775879139,-0.0347710763058492,0.611891721534176,3.532051237511654,0.012987012987012988,0.9923255240425024,44,1.7272727272727273,1.75,0.987012987012987,76,77,1.75,1.7272727272727273,0.8181818181818182,0.10227272727272728,1.869856181034201,42.94968372416666,3595.7874745909303,3406.8970163563945,21.869243125,-0.026974006679684442,4.118078209319413,297.27272727272725,111.83716643871199,0.37621065162869477,0.18181818181818182,13,0.13636363636363635,11,0.18181818181818182,44,0.5789473684210527,0.11363636363636363,5,0,22,0.008584895073504658,0.6266049382716049,1,1,-0.3557202926398921,1.1417910447761195
normal_00614,0.20661574681818176,0.20639383272727274,0.09751727267796671,0.2533678513206258,-0.013161056928823116,0.8648245406522364,3.848467281503739,0.01,0.9024827273220333,44,1.3636363636363635,2.272727272727273,0.5999999999999999,60,100,2.272727272727273,1.3636363636363635,0.59,0.03409090909090909,1.7198198759675403,34.732455154444445,2907.833454798791,3085.5702202604753,24.908817276,0.02965539701610815,3.932307768613358,264.25,130.24112253815997,0.49287085161082295,0.11363636363636363,13,0.18181818181818182,12,0.13636363636363635,44,0.7333333333333333,0.09090909090909091,5,0,8,0.007662835249042145,0.6502571685740004,1,1,-0.3198844147381684,1.103448275862069
normal_00616,0.7184132089473685,0.7181947505263158,0.0036017408193265046,0.010428834941163532,-0.041539529771929824,0.6398102160619106,3.7278098080610724,0.0,0.9963982591806735,19,1.631578947368421,1.894736842105263,0.8611111111111112,31,36,1.894736842105263,1.631578947368421,0.8333333333333334,0.07894736842105263,1.8474201200464038,19.866967235,3973.3934470542217,3252.381591847178,767.265933887,-0.09978332446351193,3.6163485660564096,250.57894736842104,169.42921032083436,0.676151017873525,0.05263157894736842,12,0.15789473684210525,10,0.21052631578947367,19,0.6129032258064516,0.10526315789473684,4,0,10,0.021753246753246754,0.6235306735306736,1,1,-0.3559014598472358,1.1964285714285714
normal_00617,4.226145874000001,4.225914293714286,0.0008905428392535538,0.0018200703698448917,-0.14700519153781513,0.7028743879835364,3.9888608746442893,0.0,0.9991094571607464,35,1.8571428571428572,2.0,0.9285714285714286,65,70,2.0,1.8571428571428572,0.8,0.11428571428571428,1.8494548020971608,40.08214486944445,4243.991809721707,3901.853097747189,160.085632154,-0.04200162363278141,4.0931498024464,241.71428571428572,127.97232500187903,0.5294363327500905,0.14285714285714285,12,0.17142857142857143,11,0.22857142857142856,35,0.5384615384615384,0.17142857142857143,4,0,16,0.01047973917093619,0.6910990556560179,1,1,-0.4224481202760575,1.1842105263157894
normal_00618,1.4856885405263158,1.4854552111842108,0.08057348569921978,0.2271983864472121,-0.05040664698086127,0.8167685453686573,3.995266659125421,0.018518518518518517,0.9194265143007803,76,1.7105263157894737,2.1315789473684212,0.802469135802469,130,162,2.1315789473684212,1.7105263157894737,0.7345679012345679,0.019736842105263157,1.6853939904807174,73.71737953416667,3538.4342176483997,3362.5021686731197,71.40404465,-0.025493938666642152,3.975940217845305,281.13157894736844,133.17550746842937,0.47371237328468746,0.11842105263157894,14,0.11842105263157894,12,0.13157894736842105,76,0.5846153846153846,0.09210526315789473,5,0,25,0.004728591786500842,0.694343100701482,1,1,-0.4108075918486314,1.1726907630522088
normal_00620,0.2483928780327869,0.24817184327868852,0.07956175730215324,0.20315350438085106,-0.014477057851401373,0.823900791701792,3.8672661412786558,0.0,0.9204382426978468,61,1.3770491803278688,2.0163934426229506,0.6829268292682927,84,123,2.0163934426229506,1.3770491803278688,0.6666666666666666,0.01639344262295082,1.6507798552682007,60.84443107055556,3650.6658642364837,3836.1151205219253,77.626623123,0.024770225903893713,4.3095266327824735,296.4754098360656,123.59174818158063,0.4168701486909825,0.08196721311475409,14,0.13114754098360656,12,0.13114754098360656,61,0.7261904761904762,0.09836065573770492,5,0,12,0.006015693112467306,0.6022170274170273,1,1,-0.29695114422608954,1.1129032258064515
normal_00621,0.6294359878947368,0.6291912465789474,0.1580708958984704,0.3196938048524305,-0.03741806067512855,0.8620940669264553,3.9416874152320167,0.03529411764705882,0.8419291041015298,38,1.736842105263158,2.236842105263158,0.7764705882352941,66,85,2.236842105263158,1.736842105263158,0.7411764705882353,0.09210526315789473,1.8540301595425985,31.809901975555558,3095.017489516486,3094.269909662756,17.911369802,-0.00012078609466882075,4.070847093592221,247.0,117.60814459753914,0.4761463344029925,0.13157894736842105,13,0.13157894736842105,11,0.15789473684210525,38,0.5757575757575758,0.18421052631578946,5,0,10,0.009587301587301587,0.6530794962613146,1,1,-0.4151093820994564,1.1984126984126984
normal_00624,0.3715020974999999,0.37125352749999996,0.05240267810521834,0.13587336580373294,-0.03292621764347825,0.8126190784333597,3.868324263788259,0.0,0.9475973218947816,24,1.7916666666666667,2.4166666666666665,0.7413793103448276,43,58,2.4166666666666665,1.7916666666666667,0.6724137931034483,0.041666666666666664,1.8149455891439827,22.365999630277777,3500.7651595519997,3422.4868158832383,45.772337446,-0.011306585972387687,3.6368421881108133,258.8333333333333,112.99852506412049,0.43656867378282227,0.08333333333333333,13,0.125,11,0.25,24,0.5581395348837209,0.08333333333333333,5,0,7,0.013816689466484268,0.7176872410743379,1,1,-0.4634055866999308,1.1744186046511629
normal_00625,0.017682910281690143,0.017488958169014083,0.1880726539343896,0.29641096574672293,0.00042757227632461437,0.8031307902361258,3.7148371563268507,0.016260162601626018,0.8119273460656105,71,1.6901408450704225,1.732394366197183,0.975609756097561,120,123,1.732394366197183,1.6901408450704225,0.967479674796748,0.014084507042253521,1.6524649962410138,71.06127872805556,3654.5800488833142,3823.493661769567,41.190433558,0.02258785075167515,4.190949056698786,261.3380281690141,125.75076752528867,0.4811805170733223,0.08450704225352113,14,0.14084507042253522,12,0.16901408450704225,71,0.5916666666666667,0.1267605633802817,5,0,17,0.006423473433782712,0.535859749569427,1,1,-0.34336770466971633,1.2461538461538462
normal_00627,2.1846517560526317,2.18444821868421,0.13954451865758935,0.27964678554558564,-0.1326344687219608,0.7952866676142408,3.489821906664103,0.0,0.8604554813424106,38,1.6842105263157894,1.9473684210526316,0.8648648648648648,64,74,1.9473684210526316,1.6842105263157894,0.8108108108108109,0.0,1.5839542850097241,39.16753921611111,3810.895707517109,4094.136878867032,69.855108746,0.035830487509663916,3.990705473660708,260.8421052631579,138.07313501063229,0.5293360704604546,0.05263157894736842,14,0.18421052631578946,12,0.15789473684210525,38,0.59375,0.10526315789473684,5,1,11,0.010344827586206896,0.5833000333000332,1,1,-0.3766959851568156,1.1896551724137931
normal_00628,1.0561653873684207,1.055944825263158,0.025879900651914076,0.06312700558257468,-0.1382362727017544,0.7357213768145293,3.7318578395772963,0.0,0.974120099348086,19,1.631578947368421,1.9473684210526316,0.8378378378378378,31,37,1.9473684210526316,1.631578947368421,0.7027027027027027,0.10526315789473684,1.606832278312339,10.214023965833334,2042.8047931915,2258.7972985539554,0.819002423,0.050212107199997295,3.1158340921487935,269.89473684210526,134.93656729360822,0.49995998022202737,0.10526315789473684,10,0.21052631578947367,10,0.21052631578947367,19,0.6129032258064516,0.10526315789473684,4,1,10,0.018579234972677595,0.6129251700680272,1,1,-0.4039711835546851,1.1147540983606556
normal_00633,0.9797744706410256,0.9795078416666666,0.04059535411030247,0.1726765571356658,-0.03466980002111814,0.7344735224821416,3.4371586614132186,0.027972027972027972,0.9594046458896974,78,1.5,1.8333333333333333,0.8181818181818182,117,143,1.8333333333333333,1.5,0.7692307692307693,0.05128205128205128,1.5865535972433178,71.34278612388889,3335.506883717767,2904.98633297972,3.818465361,-0.0689882250951122,4.338958117766389,262.7692307692308,126.60316598869727,0.4818036176384849,0.0641025641025641,14,0.11538461538461539,12,0.1282051282051282,78,0.6666666666666666,0.11538461538461539,5,0,18,0.005023572146224592,0.6063333333333334,1,1,-0.31420961645506035,1.1403508771929824
normal_00635,0.673581125925926,0.6733654338888889,0.010575215975558763,0.025837965288583887,-0.034200189526586613,0.7212980708274228,3.955802758044949,0.0,0.9894247840244412,54,1.5185185185185186,1.8888888888888888,0.803921568627451,82,102,1.8888888888888888,1.5185185185185186,0.7843137254901961,0.046296296296296294,1.6572604286055428,55.14393155027778,3745.6255392816797,3538.3532633457608,27.261649748,-0.02845591421286849,4.108705039364595,303.81481481481484,131.10086482366253,0.4315157076970484,0.07407407407407407,14,0.1111111111111111,12,0.1111111111111111,54,0.6585365853658537,0.14814814814814814,5,2,18,0.007417560267677175,0.5984848484848488,1,1,-0.3134225020871875,1.1645569620253164
normal_00636,1.4898539633333334,1.4896206419607845,0.06975283927358812,0.2097732987564933,-0.08215910180000001,0.7915987755317705,3.927654794802965,0.0,0.9302471607264119,51,1.5294117647058822,2.0588235294117645,0.7428571428571429,78,105,2.0588235294117645,1.5294117647058822,0.6952380952380952,0.029411764705882353,1.7602784821358806,54.85776029861111,3949.75874150148,4819.900095176216,35.045018384,0.09922180211110486,4.098608430052115,295.3137254901961,137.50948915563296,0.4656386658878747,0.19607843137254902,14,0.13725490196078433,12,0.1568627450980392,51,0.6538461538461539,0.11764705882352941,5,0,12,0.007104037267080745,0.6271710612619706,1,1,-0.35637086419007963,1.1366459627329193
normal_00637,0.9003089639583332,0.9000957014583332,0.005130169033063289,0.013338062432370781,-0.023886452636235348,0.7095616423065856,4.046803913634937,0.010869565217391304,0.9948698309669367,48,1.5208333333333333,1.9166666666666667,0.7934782608695652,73,92,1.9166666666666667,1.5208333333333333,0.7391304347826086,0.020833333333333332,1.620505346427078,52.27128901111111,4003.758307249383,3397.063245761826,111.892321921,-0.08197671800919296,4.353308011547061,263.3541666666667,129.97552790664068,0.49353890827614527,0.16666666666666666,13,0.14583333333333334,12,0.16666666666666666,48,0.6575342465753424,0.08333333333333333,5,0,20,0.007902298850574713,0.618548519063983,1,1,-0.3542548756159502,1.1379310344827587
normal_00638,0.13074961758620687,0.13054678241379308,0.09651867710456187,0.25588960493686264,-0.003175048919376172,0.7496447971258472,3.6435507764639965,0.016129032258064516,0.903481322895438,58,1.3448275862068966,2.1379310344827585,0.6290322580645162,78,124,2.1379310344827585,1.3448275862068966,0.6209677419354839,0.02586206896551724,1.5435466440678156,58.57844488333333,3699.691255799649,3275.0486623480792,13.685753546,-0.06088292874501065,4.385841719486559,281.2068965517241,149.41966786399175,0.5313513633422147,0.05172413793103448,13,0.13793103448275862,12,0.13793103448275862,58,0.7435897435897436,0.05172413793103448,5,0,6,0.006064973278088032,0.6338603174603171,1,1,-0.30565944668950956,1.1038251366120218
normal_00639,0.3149146091836735,0.3146859055102041,0.010837431574432444,0.027247211307728725,-0.012509926117346942,0.7259162583362866,3.6085049458057488,0.02040816326530612,0.9891625684255676,49,1.5918367346938775,2.0,0.7959183673469388,78,98,2.0,1.5918367346938775,0.7857142857142857,0.05102040816326531,1.365540944005686,57.60667240555556,4320.500430430709,3441.1803367733287,46.86004467,-0.1132899071774288,4.266973109036372,278.8775510204082,140.43498386754476,0.5035722070625461,0.08163265306122448,14,0.12244897959183673,12,0.14285714285714285,49,0.6282051282051282,0.1836734693877551,5,0,12,0.008089722375436662,0.6114696751060389,1,1,-0.34840226127325996,1.1891891891891893
normal_00641,0.3422704757142857,0.3420716832142857,0.08980560420530781,0.21717646105613828,-0.006787895180451127,0.7820698266398443,3.892711834769453,0.009523809523809525,0.9101943957946921,56,1.5535714285714286,1.875,0.8285714285714286,87,105,1.875,1.5535714285714286,0.819047619047619,0.08928571428571429,1.781180956939123,53.67952373166666,3513.568826074618,3285.566212620321,117.648647926,-0.03353406163529601,4.262649681595532,303.0892857142857,137.4576003104844,0.4535218062444545,0.07142857142857142,14,0.125,12,0.16071428571428573,56,0.6436781609195402,0.03571428571428571,5,1,8,0.007361398665746492,0.6152964959568732,1,1,-0.34974863838209264,1.1851851851851851
normal_00644,0.16230885575757578,0.162077345,0.034391884818607624,0.12599080003921628,-0.006034913322826427,0.7096912159103803,3.555190142663454,0.007246376811594203,0.9656081151813924,66,1.4696969696969697,2.090909090909091,0.7028985507246377,97,138,2.090909090909091,1.4696969696969697,0.6739130434782609,0.03787878787878788,1.6633666263851756,83.4265630536111,4620.5481075996,4190.841774307476,22.787548773,-0.04876714559804743,4.417362634698765,286.72727272727275,117.87784360933149,0.41111486357090876,0.09090909090909091,14,0.12121212121212122,12,0.12121212121212122,66,0.6804123711340206,0.10606060606060606,5,0,15,0.00545800817539948,0.6481332439078916,1,1,-0.342460204237996,1.1298076923076923
normal_00645,0.5321829656818182,0.531925705,0.05695909855323524,0.17073308976566892,-0.023448671688513036,0.7921538218102563,3.861937666105474,0.01098901098901099,0.9430409014467647,44,1.5681818181818181,2.0681818181818183,0.7582417582417581,69,91,2.0681818181818183,1.5681818181818181,0.7032967032967034,0.09090909090909091,1.7137456905927129,41.10108466333334,3441.021041602837,3754.597335331476,157.44045343,0.04357878326813629,4.100921675182219,291.6136363636364,115.55029427655984,0.3962444819709012,0.06818181818181818,14,0.13636363636363635,11,0.1590909090909091,44,0.6376811594202898,0.13636363636363635,5,2,19,0.008221993833504625,0.641871091871092,1,1,-0.3599463678828783,1.1428571428571428
normal_00646,1.5764020040322584,1.5761751458064517,0.004702286743812174,0.022062715028975506,-0.07054975337412805,0.6835578813063605,3.6173893725535566,0.02912621359223301,0.9952977132561878,62,1.4838709677419355,1.6612903225806452,0.8932038834951456,92,103,1.6612903225806452,1.4838709677419355,0.8640776699029126,0.059139784946236555,1.7180362608394029,68.03939281,4015.4395756780323,4000.610688567827,29.296240897,-0.0018498994668667411,4.409863956130234,263.5806451612903,128.1411297259619,0.4861553079800292,0.08064516129032258,14,0.14516129032258066,12,0.16129032258064516,62,0.6739130434782609,0.0967741935483871,5,0,24,0.0069503849443969205,0.544046938386561,1,1,-0.2760579384547268,1.1607142857142858
normal_00653,2.0062727038356165,2.0060622626027396,0.011568682943534579,0.040247558884686466,-0.08077721429593979,0.7869127935333987,4.011043082257185,0.007462686567164179,0.9884313170564655,73,1.5205479452054795,1.8356164383561644,0.8283582089552239,111,134,1.8356164383561644,1.5205479452054795,0.7835820895522388,0.03424657534246575,1.7125795276053462,77.07826104694443,3853.9130523561525,5680.229008185161,5.953473577,0.19155535382544076,4.293665100971335,250.21917808219177,122.71582422809918,0.49043332796732947,0.1095890410958904,14,0.1232876712328767,12,0.1643835616438356,73,0.6576576576576577,0.0821917808219178,5,0,14,0.0054256355744530076,0.574297052154195,1,1,-0.32728985270573324,1.1502347417840375
normal_00656,0.6133601406666667,0.6131354603333333,0.003932476286740578,0.006970905627000484,-0.017473632638510688,0.6829260342473672,3.839147758022022,0.009708737864077669,0.9960675237132596,60,1.5,1.7166666666666666,0.8737864077669903,90,103,1.7166666666666666,1.5,0.8543689320388349,0.025,1.7687300504980161,65.389644695,3989.8766254631023,3580.3366937305095,168.972185986,-0.0540988628014273,4.430167946671764,273.76666666666665,127.01532893832434,0.4639546899001255,0.05,14,0.11666666666666667,12,0.18333333333333332,60,0.6666666666666666,0.1,5,0,13,0.00713229859571323,0.5373751116608261,1,1,-0.3009948723989441,1.1696969696969697
normal_00657,0.17051708450000005,0.1702606895,0.005235121470081015,0.010255964768316155,-0.020417062248120305,0.5661536097411777,3.894732075727995,0.0,0.994764878529919,20,1.2,2.35,0.5106382978723404,24,47,2.35,1.2,0.48936170212765956,0.0,1.7762976257194283,15.651860304166668,2965.615636621632,2112.038017795924,307.498062788,-0.1681047343753144,3.4841837197604333,319.85,128.9382859314772,0.4031211065545637,0.05,11,0.15,10,0.2,20,0.8333333333333334,0.1,5,0,5,0.015583845478489903,0.6887851731601732,1,1,-0.2774449673126228,1.0441176470588236
normal_00658,0.8838114219402984,0.8836259426865671,0.17354861707017832,0.3034070932562573,0.009335786275041905,0.916993695465186,4.045475644234766,0.007352941176470588,0.8264513829298217,67,1.6865671641791045,2.029850746268657,0.8308823529411764,113,136,2.029850746268657,1.6865671641791045,0.8235294117647058,0.04477611940298507,1.5181694478351142,76.40926511083333,4167.778096962789,4099.880283306199,91.782530355,-0.008212459989714902,4.322656355342879,253.49253731343285,123.78333626705935,0.48831155969694867,0.1044776119402985,14,0.11940298507462686,12,0.11940298507462686,67,0.5929203539823009,0.13432835820895522,5,0,9,0.00601274992755723,0.6036959796083883,1,1,-0.3958564802173429,1.2205882352941178
normal_00659,0.9735572558139534,0.9733049579069768,0.027326261150469804,0.10486702006344573,-0.05567524482029597,0.7956108467587125,3.946748984486713,0.020202020202020204,0.9726737388495301,43,1.5813953488372092,2.302325581395349,0.6868686868686869,68,99,2.302325581395349,1.5813953488372092,0.6565656565656566,0.0,1.8264045798249036,41.78977563694445,3581.9807688919514,3910.1601857599476,35.374894591,0.04380315571401902,3.9811725340385102,259.6279069767442,134.455519863282,0.517877763715615,0.13953488372093023,13,0.13953488372093023,12,0.13953488372093023,43,0.6323529411764706,0.06976744186046512,5,0,8,0.00799808429118774,0.7003904592139886,1,1,-0.40273056186319134,1.1517241379310346
normal_00660,12.696992809014084,12.69678637943662,0.0009339063036558898,0.0043697411191482545,0.1743131184342723,0.5838466810341232,3.5346053532340056,0.0,0.999066093696344,71,1.6338028169014085,1.4507042253521127,1.1262135922330097,116,103,1.4507042253521127,1.6338028169014085,0.9902912621359223,0.04225352112676056,1.694030182577349,73.031045795,3755.8823551835576,3659.207042832255,18.703600396,-0.01303764623217783,4.2340672818906215,269.4788732394366,137.30714882595254,0.5095284360342147,0.08450704225352113,14,0.11267605633802817,12,0.1267605633802817,71,0.6120689655172413,0.08450704225352113,5,0,42,0.0062293776311298215,0.5304639804639807,1,1,-0.27590332783468857,1.1648936170212767
normal_00662,2.211569390384615,2.2113578184615386,0.014460341641637427,0.03764974734862996,-0.12609014332792617,0.8024846530871099,4.061404400070223,0.009174311926605505,0.9855396583583627,52,1.5192307692307692,2.0961538461538463,0.7247706422018348,79,109,2.0961538461538463,1.5192307692307692,0.6788990825688074,0.038461538461538464,1.5982149932652878,51.53995701694445,3638.114612960863,3347.2599283754416,176.672033785,-0.041637664933250745,4.277054863665535,289.0769230769231,132.09931589881586,0.4569694270049511,0.1346153846153846,13,0.1346153846153846,12,0.1346153846153846,52,0.6582278481012658,0.11538461538461539,5,0,12,0.006863818912011683,0.6607471962735122,1,1,-0.3795951531152805,1.1325301204819278
normal_00667,2.009900375333333,2.0096642306666666,0.0002386038795664796,0.00045118968410835406,-0.18290440935714283,0.4481383661738007,3.569773835009279,0.0,0.9997613961204335,15,1.4,1.6,0.8749999999999999,21,24,1.6,1.4,0.75,0.13333333333333333,1.3995812306417363,17.208495667222223,4425.041743049285,4006.203034127075,51.12556725,-0.04967697178665948,3.240223928927425,305.1333333333333,156.4260969580326,0.5126483404785862,0.0,8,0.26666666666666666,10,0.2,15,0.7142857142857143,0.13333333333333333,5,0,10,0.02613240418118467,0.5180776014109347,1,1,-0.27768960817072125,1.0714285714285714
normal_00668,0.26449126200000006,0.26428313239999995,0.11182022473254755,0.2641268112605832,-0.007126996155334282,0.7048042712760445,3.9147419398645287,0.007874015748031496,0.8881797752674526,75,1.6133333333333333,1.6933333333333334,0.952755905511811,121,127,1.6933333333333334,1.6133333333333333,0.9133858267716536,0.02,1.7120805782641804,74.26435743388889,3612.8606319271084,3318.0904105824816,10.376121666,-0.04252954890847059,4.290495238897326,244.66666666666666,129.61662111191015,0.5297682061794693,0.06666666666666667,14,0.12,12,0.13333333333333333,75,0.6198347107438017,0.10666666666666667,5,0,22,0.005815862295389522,0.5458333333333334,1,1,-0.31644775467788616,1.1980676328502415
normal_00669,1.311602199466667,1.3113764902666667,0.07956753797768217,0.2032960847752277,-0.04565341970725463,0.8110936481494359,3.83477310620449,0.014084507042253521,0.920432462022318,75,1.6266666666666667,1.8933333333333333,0.8591549295774649,122,142,1.8933333333333333,1.6266666666666667,0.8028169014084507,0.02666666666666667,1.692749046566906,68.5446512336111,3334.6046546127704,3531.0064464512184,18.233979026,0.028606600191498004,4.32038290450125,265.48,125.96635758504428,0.4744853005312802,0.13333333333333333,14,0.13333333333333333,12,0.13333333333333333,75,0.6147540983606558,0.05333333333333334,5,0,23,0.005238095238095238,0.602677248677248,1,1,-0.35156201469168225,1.1733333333333333
normal_00670,0.12475513636363635,0.12458377246753242,0.17306760641792393,0.32231012869636844,0.0035010274557021907,0.9003534575183788,3.8752751732049813,0.023529411764705882,0.826932393582076,77,1.3506493506493507,2.207792207792208,0.6117647058823529,104,170,2.207792207792208,1.3506493506493507,0.6058823529411764,0.032467532467532464,1.6969922938512918,85.89319470305556,4068.6250122566707,3547.6043097614106,69.17731522,-0.06840927189377284,4.287854119298795,276.0,145.7715407933358,0.5281577564975934,0.12987012987012986,14,0.12987012987012986,12,0.18181818181818182,77,0.7403846153846154,0.03896103896103896,5,0,8,0.004473031213268904,0.6137599891985858,1,1,-0.31919665929932955,1.1048387096774193
normal_00671,0.03666387655172414,0.036442435689655175,0.054299960952488124,0.15227481603537027,-0.0009593318751730289,0.6720020381453496,3.412778787805569,0.0,0.9457000390475117,58,1.5862068965517242,1.8620689655172413,0.8518518518518519,92,108,1.8620689655172413,1.5862068965517242,0.8240740740740741,0.008620689655172414,1.7889683643062437,52.707735219999996,3328.9095928568418,3812.3791462586896,105.648437181,0.06770060293931301,4.17610383955185,277.37931034482756,127.53201560010255,0.45977479517689884,0.08620689655172414,14,0.13793103448275862,12,0.15517241379310345,58,0.6304347826086957,0.08620689655172414,5,0,8,0.0070442378134685825,0.577870727870728,1,1,-0.3479965257824057,1.183431952662722
normal_00672,0.28885731400000003,0.2886382677777778,0.10580011990702651,0.2500488933486493,-0.014442576749670618,0.7182116122391362,3.8267415110952117,0.021739130434782608,0.8941998800929734,45,1.6888888888888889,2.0444444444444443,0.8260869565217392,76,92,2.0444444444444443,1.6888888888888889,0.782608695652174,0.022222222222222223,1.5959652353640108,43.903789205833334,3592.128207764772,3466.082712719152,4.938330308,-0.017857994960141853,4.2968655960575495,262.73333333333335,122.87399310601973,0.46767569058368325,0.1111111111111111,13,0.13333333333333333,12,0.15555555555555556,45,0.5921052631578947,0.1111111111111111,5,0,13,0.00851063829787234,0.634800384800385,1,1,-0.3765417259688512,1.1914893617021276
normal_00673,0.09147888918032789,0.09122943737704917,0.08857286830599931,0.21289751460112663,-0.0035249451210999467,0.8218768771948233,4.000764490603254,0.006756756756756757,0.9114271316940006,61,1.278688524590164,2.4262295081967213,0.5270270270270271,78,148,2.4262295081967213,1.278688524590164,0.5202702702702703,0.020491803278688523,1.7471760493068564,65.27067712388889,3916.2406274479667,3353.2523663987945,11.029871804,-0.0774453268647087,4.122478935505997,262.57377049180326,141.69409056324983,0.5396353577048286,0.09836065573770492,14,0.09836065573770492,12,0.14754098360655737,61,0.782051282051282,0.13114754098360656,5,0,5,0.005149236728184097,0.6839545987196992,1,1,-0.2922051279257944,1.0761904761904761
normal_00674,0.053724136875,0.05350030187499999,0.20298802594867893,0.32760053179911686,-0.0012600915737179489,0.7985061980566492,4.006748858921187,0.014285714285714285,0.7970119740513211,64,1.453125,2.1875,0.6642857142857143,93,140,2.1875,1.453125,0.6571428571428571,0.0390625,1.6790084715756513,61.564927983333334,3517.9958847714597,3101.67131921422,18.908516919,-0.06289206885001286,4.309674852038943,265.015625,138.0053475140015,0.5207441920226459,0.203125,14,0.125,12,0.171875,64,0.6881720430107527,0.0625,5,0,6,0.0055714968914395025,0.6692134107027724,1,1,-0.3449452835543519,1.1365853658536584
normal_00675,1.9656549357142856,1.9654425419642858,0.0017726161248147274,0.0039487493745918424,-0.09561258125051264,0.762965351571072,3.7688422796763508,0.018018018018018018,0.9982273838751853,56,1.4642857142857142,1.9821428571428572,0.7387387387387386,82,111,1.9821428571428572,1.4642857142857142,0.6486486486486487,0.05357142857142857,1.7157616502417112,47.034828044166666,3078.6432901710723,2587.4086364316336,25.158488154,-0.0866978735992589,4.316570217465793,264.0892857142857,132.7109335477559,0.5025229750946196,0.07142857142857142,13,0.14285714285714285,12,0.125,56,0.6829268292682927,0.14285714285714285,5,0,15,0.006195428864920391,0.6483369706510201,1,1,-0.32810849338767173,1.0903954802259888
normal_00676,0.35391791736842104,0.35364516999999995,0.009010843420721594,0.020055306486312364,-0.053482658315789466,0.7663162225447432,3.6441905573992788,0.0,0.9909891565792786,19,1.1578947368421053,2.263157894736842,0.5116279069767442,22,43,2.263157894736842,1.1578947368421053,0.4418604651162791,0.02631578947368421,1.5683164932685592,17.88688508222222,3577.377016451556,5722.061636894657,25.730848185,0.2306251700118888,2.9450386975272607,293.7894736842105,115.58045728090522,0.3934125203040486,0.15789473684210525,11,0.15789473684210525,12,0.15789473684210525,19,0.8636363636363636,0.05263157894736842,5,0,8,0.015625,0.7409937888198759,1,1,-0.23239471289212674,1.0
normal_00677,0.056145110000000005,0.05593198180000001,0.12964131040220161,0.2583658871488493,-0.0035184019404561812,0.7915407638553702,3.834262952497883,0.010416666666666666,0.8703586895977984,50,1.38,1.92,0.71875,69,96,1.92,1.38,0.7083333333333334,0.0,1.395249712163711,51.02557208277778,3748.817540787796,3711.8331771062653,24.816184798,-0.004957257091908261,4.263465189569908,282.14,133.78005250776212,0.47416194976877485,0.08,13,0.12,12,0.16,50,0.7246376811594203,0.1,5,0,9,0.007688006709533128,0.5611111111111113,1,1,-0.30031566075108074,1.1224489795918366
normal_00679,0.9590254855769231,0.9588051730769231,0.01354238208437494,0.04668990843083273,-0.028912513145223254,0.6719767407114445,3.8975542531064113,0.0,0.9864576179156251,52,1.6346153846153846,1.7115384615384615,0.9550561797752809,85,89,1.7115384615384615,1.6346153846153846,0.8426966292134831,0.07692307692307693,1.6587332823309127,46.29694520555555,3268.019661570784,3493.2268610539086,81.160439111,0.03330853249168317,4.303724516511455,302.03846153846155,131.6780032158753,0.43596435548360596,0.09615384615384616,14,0.15384615384615385,12,0.1346153846153846,52,0.611764705882353,0.09615384615384616,5,0,27,0.007682119205298013,0.5984607984607986,1,1,-0.31692488093838356,1.1523178807947019
normal_00680,0.09689679701298701,0.09669657545454545,0.12757573919018236,0.23495400326015375,-0.003424702476208,0.8326840340650411,3.8673687699081274,0.020134228187919462,0.8724242608098176,77,1.4415584415584415,1.9350649350649352,0.7449664429530201,111,149,1.9350649350649352,1.4415584415584415,0.738255033557047,0.01948051948051948,1.8268640857822231,72.697195145,3443.551348986671,2885.833743497986,109.52391738,-0.08811560638819471,4.323631879068594,326.12987012987014,133.0759924025753,0.40804601047301287,0.07792207792207792,14,0.1038961038961039,12,0.1038961038961039,77,0.6936936936936937,0.05194805194805195,5,0,7,0.005068028536899146,0.5560365560365559,1,1,-0.31420124519376397,1.145374449339207
normal_00683,0.4301191482,0.4298935488,0.03744864968151368,0.14439278950920661,-0.011892837488595435,0.782056242445495,3.7104999940151218,0.0,0.9625513503184863,50,1.56,1.84,0.8478260869565217,78,92,1.84,1.56,0.7282608695652174,0.03,1.8285687785601863,45.18192460888889,3319.488338626224,3311.962003765639,164.337504912,-0.0011349455205104204,4.0015935109782195,251.74,115.18641678707128,0.4575610422939194,0.2,14,0.14,12,0.12,50,0.6410256410256411,0.06,5,0,17,0.007309941520467836,0.6560851230754144,1,1,-0.3352883675464323,1.1111111111111112
normal_00685,0.9078193364556959,0.9076008206329113,0.09542785083267222,0.21796949814898678,-0.03990424529454723,0.8241791943469553,3.9735204610032318,0.012048192771084338,0.9045721491673278,79,1.4177215189873418,2.1012658227848102,0.6746987951807228,112,166,2.1012658227848102,1.4177215189873418,0.6506024096385542,0.0189873417721519,1.7048891759676643,75.165490025,3469.176462704756,3875.901525623141,21.999907392,0.055373824970233666,4.3969141791369655,287.49367088607596,136.21164465241557,0.4737900637346262,0.11392405063291139,14,0.13924050632911392,12,0.13924050632911392,79,0.7053571428571429,0.0759493670886076,5,0,15,0.00450187848166861,0.645602240896358,1,1,-0.3349101192734558,1.1164658634538152
normal_00686,0.1076539164,0.10743647533333331,0.09019330255717033,0.23553295028077156,-0.004398720132290186,0.8005836543638474,3.8571946858811432,0.011976047904191617,0.9098066974428296,75,1.32,2.2266666666666666,0.592814371257485,99,167,2.2266666666666666,1.32,0.5688622754491018,0.013333333333333334,1.6904999167819224,82.92475404722222,4034.177223930405,4443.608820168256,32.577104486,0.04829463660773251,4.208855864816131,273.8,131.73519712727563,0.481136585563461,0.06666666666666667,14,0.13333333333333333,12,0.13333333333333333,75,0.7575757575757576,0.09333333333333334,5,0,9,0.004413472706155633,0.664131287815498,1,1,-0.2986354536741686,1.08130081300813
normal_00687,0.5187488662162163,0.5185188009459459,0.03561989843120567,0.1299822171036884,-0.016107133928026655,0.779414293627391,3.8069674592396945,0.03597122302158273,0.9643801015687943,74,1.445945945945946,1.8783783783783783,0.7697841726618706,107,139,1.8783783783783783,1.445945945945946,0.7410071942446043,0.05405405405405406,1.8032565845597102,81.95731869416667,4041.7307849216845,4328.736787475769,6.207011083,0.03428792956566953,4.22060839360971,268.68918918918916,143.6114359619721,0.5344890741430335,0.10810810810810811,14,0.12162162162162163,12,0.13513513513513514,74,0.6915887850467289,0.06756756756756757,5,0,16,0.005248335893497184,0.5629577493213859,1,1,-0.31063181538993145,1.1336405529953917
normal_00689,0.47212760299999995,0.47193853675,0.006702473637099625,0.01790934671865856,-0.03619277646622889,0.8079301017681784,3.908364817786147,0.009900990099009901,0.9932975263629004,40,1.4,2.525,0.5544554455445544,56,101,2.525,1.4,0.5148514851485149,0.025,1.4491855863477574,29.61564315111111,2733.7516754964363,2006.846974410236,42.165427515,-0.15333605621739582,4.1439427078894155,292.95,131.03942448450684,0.4473098634050413,0.1,14,0.125,12,0.175,40,0.7142857142857143,0.1,5,0,7,0.007519157088122605,0.7355892255892253,1,1,-0.3705853516270007,1.0827586206896551
normal_00691,1.0542189193939393,1.0539924248484849,0.0009556482111185055,0.002485094574745994,-0.07293599825868981,0.608554124356781,3.8140362868250377,0.03508771929824561,0.9990443517888816,33,1.5151515151515151,1.7272727272727273,0.8771929824561403,50,57,1.7272727272727273,1.5151515151515151,0.8070175438596491,0.030303030303030304,1.8507599117472742,32.235921695555554,3626.541190776219,2403.946613560131,61.54878222,-0.20273560230682428,4.0060710130752,267.1515151515151,137.8688509989025,0.5160698823688502,0.06060606060606061,14,0.21212121212121213,10,0.21212121212121213,33,0.66,0.06060606060606061,5,0,11,0.012239762068176618,0.5575982305490504,1,1,-0.31048332150635516,1.1382978723404256
normal_00692,0.8785308733333331,0.8782705600000003,0.003883285136154092,0.006961548136777174,-0.07426393455263156,0.7518549976253557,3.578825682745988,0.0,0.996116714863846,39,1.4102564102564104,2.2051282051282053,0.6395348837209303,55,86,2.2051282051282053,1.4102564102564104,0.6162790697674418,0.1282051282051282,1.7373506538596772,39.73882898833333,3764.7311673317095,2796.0598126597324,213.751410556,-0.14764551372329204,4.060416641634393,307.2307692307692,116.22266776332529,0.3782911068911439,0.07692307692307693,12,0.15384615384615385,12,0.15384615384615385,39,0.7090909090909091,0.15384615384615385,4,0,8,0.008811398575178103,0.650576380690017,1,1,-0.3382577435229978,1.110236220472441
normal_00694,0.8857825024,0.8855452784,0.0014776268275604305,0.003620245907090226,-0.0774491883923077,0.6787071386765905,4.059313575388573,0.0,0.9985223731724396,25,1.4,2.24,0.6249999999999999,35,56,2.24,1.4,0.5892857142857143,0.08,1.9132696895093377,18.742853408055552,2811.4280112496253,2732.445941635365,18.168892043,-0.014246728963445938,3.6732696894949113,267.28,149.70401909545828,0.56010183738199,0.2,12,0.2,12,0.12,25,0.7142857142857143,0.12,5,0,10,0.013370555392300911,0.7064039408866996,1,1,-0.35688665655426816,1.0963855421686748
normal_00696,0.038460161621621615,0.03823070702702703,0.07377534903939345,0.22293044022124894,-0.0008434363537221432,0.6322511011000822,3.4685441187882295,0.0,0.9262246509606066,37,1.4594594594594594,2.2972972972972974,0.6352941176470588,54,85,2.2972972972972974,1.4594594594594594,0.6235294117647059,0.04054054054054054,1.6394521128623554,41.983512061666666,4198.3512061800275,3663.608781341276,105.623038156,-0.06801642665283311,4.080414513957827,292.2432432432432,120.30710827004488,0.4116677153418719,0.08108108108108109,13,0.16216216216216217,12,0.1891891891891892,37,0.6851851851851852,0.08108108108108109,5,0,6,0.009262961482073838,0.6945778381824894,1,1,-0.3519793212321961,1.1300813008130082
normal_00700,0.15705862819444447,0.1568801127777778,0.18491868910243003,0.3208242311025819,-0.00636572874847257,0.8690565895960051,3.986566975251341,0.02040816326530612,0.81508131089757,72,1.4305555555555556,2.0416666666666665,0.7006802721088436,103,147,2.0416666666666665,1.4305555555555556,0.6802721088435374,0.0,1.7791648471562642,76.99687757694444,3904.0670320706754,4676.675045615751,1.7482468,0.09003976655517758,4.190487419536717,257.625,116.08562132698967,0.4505992094206295,0.1388888888888889,14,0.1527777777777778,12,0.1388888888888889,72,0.6990291262135923,0.1111111111111111,5,0,17,0.005095593330887448,0.6454482924482924,1,1,-0.3319275055599224,1.1261261261261262
normal_00701,0.36538954606557383,0.3651631518032787,0.03293772919303945,0.12747501406615705,-0.007609750468006349,0.7966264009680741,3.657596061547079,0.017699115044247787,0.9670622708069607,61,1.4918032786885247,1.8524590163934427,0.8053097345132744,91,113,1.8524590163934427,1.4918032786885247,0.7964601769911505,0.040983606557377046,1.7382748950209697,65.83838122888889,3950.3028737407326,3677.5011173946086,73.969891466,-0.03576412774412672,4.323538976591676,276.2295081967213,126.48496530452712,0.45789809398078063,0.11475409836065574,14,0.14754098360655737,12,0.14754098360655737,61,0.6703296703296703,0.18032786885245902,5,0,13,0.006699507389162562,0.5869066605908712,1,1,-0.31939023452537085,1.1657142857142857
normal_00703,0.5598733269565217,0.5596019150724636,0.012531505641824248,0.03905083814538396,-0.023836060088783344,0.7993984036188538,3.830038955948714,0.017543859649122806,0.9874684943581759,69,1.2318840579710144,2.4782608695652173,0.49707602339181284,85,171,2.4782608695652173,1.2318840579710144,0.47953216374269003,0.06521739130434782,1.8308775922243568,69.90533826333333,3700.8708492368532,4132.463427790175,123.952539973,0.05509691828409031,4.463262957139605,271.6666666666667,133.9613274602113,0.49310918083513355,0.11594202898550725,14,0.10144927536231885,12,0.15942028985507245,69,0.8117647058823529,0.11594202898550725,5,0,13,0.0043532972825902115,0.7205648438407061,1,1,-0.2886090819457906,1.0534979423868314
normal_00704,1.1163663908333332,1.1161522916666666,0.0023735419831097397,0.004310720959569418,-0.14129514540869567,0.7473511165510784,3.9994953919615774,0.017543859649122806,0.9976264580168902,24,1.5416666666666667,2.375,0.6491228070175439,37,57,2.375,1.5416666666666667,0.5263157894736842,0.020833333333333332,1.5774287729091598,25.191446209722223,3943.008971994044,3371.8821803350647,96.187452128,-0.07807727822130732,3.803508854776037,268.375,136.62478370244227,0.5090816346621044,0.125,12,0.125,11,0.25,24,0.6486486486486487,0.041666666666666664,5,1,8,0.012277951933124347,0.695324900793651,1,1,-0.39128731623964974,1.0681818181818181
normal_00705,0.7310307877333332,0.7308022133333333,0.19054590162454707,0.353359416691722,-0.03850923539971549,0.8895737178297022,3.8116709394894683,0.0,0.809454098375453,75,1.5333333333333334,2.3733333333333335,0.6460674157303371,115,178,2.3733333333333335,1.5333333333333334,0.5955056179775281,0.031111111111111107,1.6230873268718091,85.92341855777778,4180.05820011058,4291.644774527887,26.98376887,0.013171681626629385,4.303223484798654,286.6666666666667,126.16316476747143,0.4401040631423422,0.06666666666666667,14,0.14666666666666667,12,0.13333333333333333,75,0.6521739130434783,0.10666666666666667,5,0,13,0.004284753297651428,0.7023601176007588,1,1,-0.38947862605879485,1.118320610687023
normal_00707,0.8859135984615384,0.8856822411538462,0.005013427651072048,0.015578414961725432,-0.07550284667692307,0.736532993160065,3.987965216120032,0.016129032258064516,0.994986572348928,26,1.4615384615384615,2.3846153846153846,0.6129032258064516,38,62,2.3846153846153846,1.4615384615384615,0.46774193548387094,0.09615384615384616,1.5430224942014557,27.621050318888887,3977.4312459295998,2621.3773747479313,20.469899009,-0.2054998029390396,3.9210296217130893,228.5,114.63620719476023,0.5016901846597822,0.038461538461538464,11,0.15384615384615385,12,0.15384615384615385,26,0.6842105263157895,0.11538461538461539,5,0,9,0.010738831615120275,0.7236692884580209,1,1,-0.3612463263365892,1.0309278350515463
normal_00708,0.028670919607843143,0.028450196666666663,0.10893206483170703,0.21887520786204814,-0.0009076970895927599,0.786029720103748,3.72053496231623,0.010101010101010102,0.891067935168293,51,1.6274509803921569,1.9411764705882353,0.8383838383838383,83,99,1.9411764705882353,1.6274509803921569,0.8181818181818182,0.0196078431372549,1.8023893007789438,46.97836690861111,3382.4424174234196,3442.8325908418615,43.61212701,0.008848020533284087,4.218720136305559,277.96078431372547,124.49192114901493,0.44787584499151817,0.1568627450980392,14,0.13725490196078433,12,0.13725490196078433,51,0.6144578313253012,0.058823529411764705,5,0,11,0.007929592192401533,0.5955052648121956,1,1,-0.3628898340490471,1.1973684210526316
normal_00709,0.23568628770491806,0.23544098131147542,0.021398188368019554,0.04440066544921687,-0.013008923991538865,0.7641122080923789,3.886057590164494,0.01639344262295082,0.9786018116319805,61,1.459016393442623,2.0,0.7295081967213115,89,122,2.0,1.459016393442623,0.7049180327868853,0.03278688524590164,1.7805079597533038,67.88224968361111,4072.93498102915,3621.112021242388,28.536226712,-0.058723706737607524,4.373463264420017,278.44262295081967,137.360416980313,0.4933167757314744,0.18032786885245902,13,0.18032786885245902,12,0.13114754098360656,61,0.6853932584269663,0.08196721311475409,5,0,9,0.006131938390002906,0.6275157287157288,1,1,-0.33615886766970277,1.1344086021505377
normal_00710,0.4639281303846154,0.4636991903846152,0.12359632904402829,0.271919055915044,-0.015416938403748153,0.8185442706984485,3.8550542852220753,0.0,0.8764036709559718,78,1.5384615384615385,2.0384615384615383,0.7547169811320755,120,159,2.0384615384615383,1.5384615384615385,0.7421383647798742,0.01282051282051282,1.7257348700848212,66.11438357611111,3091.0620892835327,2980.4227173092922,18.196036789,-0.018222786599762356,4.385146969023882,265.4230769230769,139.82795729880934,0.5268116055309437,0.07692307692307693,14,0.11538461538461539,12,0.16666666666666666,78,0.65,0.14102564102564102,5,0,12,0.004904890826623536,0.6156386401728012,1,1,-0.35757675765684405,1.1673640167364017
normal_00712,0.506939370625,0.506654150625,0.0008053843745194588,0.0007550492613615297,-0.02902221389705882,0.4526946570095618,3.4661007200536345,0.0,0.9991946156254805,16,1.375,1.8125,0.7586206896551724,22,29,1.8125,1.375,0.7241379310344828,0.0625,1.8496017527088109,10.124910358888888,2429.9784861696003,1910.1093897717792,134.323274546,-0.1197830807250786,3.1084585933299222,278.75,107.40297947450061,0.38530216851838783,0.125,10,0.1875,11,0.125,16,0.7272727272727273,0.0625,4,0,7,0.02463768115942029,0.5705291005291006,1,1,-0.3019907275195937,1.108695652173913
normal_00719,0.5164212172580644,0.5161935498387097,0.009123132120710479,0.018539687114945306,-0.02085967727556597,0.7403062081620893,4.012347144659559,0.029411764705882353,0.9908768678792895,62,1.564516129032258,1.6451612903225807,0.9509803921568627,97,102,1.6451612903225807,1.564516129032258,0.8529411764705882,0.024193548387096774,1.6950459602802461,47.99259747027778,2832.350014651246,3074.9801300130443,6.719750019,0.04107271972617789,4.408253222739923,268.9516129032258,117.27722899173072,0.43605326521663,0.06451612903225806,14,0.12903225806451613,12,0.14516129032258066,62,0.6391752577319587,0.11290322580645161,5,0,17,0.006610856421500232,0.5475887703566277,1,1,-0.2949397308803136,1.1436781609195403
normal_00722,2.2601879161538463,2.259949172307692,0.0016685136168864,0.004363999918628311,-0.13545201682051283,0.6563524281910816,3.8081624709753967,0.0,0.9983314863831135,26,1.7307692307692308,1.9615384615384615,0.8823529411764707,45,51,1.9615384615384615,1.7307692307692308,0.803921568627451,0.07692307692307693,1.3001946428841988,27.380861003333337,3942.84398448964,3861.314553794608,67.08925916,-0.010446921381091854,3.9500637564116845,269.84615384615387,119.03098497708648,0.44110684284553137,0.19230769230769232,13,0.19230769230769232,10,0.19230769230769232,26,0.5777777777777777,0.11538461538461539,5,0,15,0.014814814814814815,0.6507647907647909,1,1,-0.38788091682071785,1.1851851851851851
normal_00725,0.06280043,0.0625835046875,0.032666615990977074,0.13402834926031673,-0.0035892614461143692,0.6195639156151282,3.275690984185903,0.0,0.9673333840090229,32,1.3125,1.78125,0.7368421052631579,42,57,1.78125,1.3125,0.7192982456140351,0.0625,1.6629947374469851,28.651877325833336,3327.3147862508063,4223.195267184127,15.199099555,0.11865165062931882,3.7889097655343087,216.4375,133.77543472358394,0.6180788205536654,0.03125,14,0.15625,10,0.1875,32,0.7619047619047619,0.125,5,0,14,0.012359550561797753,0.5726190476190475,1,1,-0.2718803577491491,1.1
normal_00726,2.650374147096774,2.6501438541935474,0.007803603902166051,0.02913001016753116,-0.07045324140725806,0.7122535503182216,3.967531594400046,0.0,0.992196396097834,31,1.8709677419354838,2.161290322580645,0.8656716417910448,58,67,2.161290322580645,1.8709677419354838,0.7313432835820896,0.06451612903225806,1.2297464127300444,31.9771583275,3837.2589993080333,6278.10133151383,40.202306864,0.2413005817270259,3.4743800851769184,255.8709677419355,128.8926535107112,0.5037408294039394,0.16129032258064516,13,0.1935483870967742,9,0.16129032258064516,31,0.5344827586206896,0.16129032258064516,5,0,17,0.011020983953447364,0.7168907116275538,1,1,-0.4390594719444118,1.1682242990654206
normal_00727,0.19933151975609753,0.19908871243902437,0.036958368904877296,0.15490188563090787,-0.010936587740418117,0.7347924478726958,3.6129717717044536,0.01020408163265306,0.9630416310951226,41,1.4146341463414633,2.3902439024390243,0.5918367346938775,58,98,2.3902439024390243,1.4146341463414633,0.5816326530612245,0.024390243902439025,1.6017648865584495,32.299796790277775,2906.9817111325247,2861.3829072087888,59.720346509,-0.007904979476981775,4.1042818098254905,301.3414634146341,147.2714517067204,0.48871950788956187,0.04878048780487805,14,0.12195121951219512,11,0.1951219512195122,41,0.7068965517241379,0.12195121951219512,5,0,8,0.008016443987667009,0.708128908128908,1,1,-0.3706798562826693,1.1142857142857143
normal_00728,1.6699652405633802,1.6697848980281689,0.19318971357784476,0.34367042008623705,-0.06807518936854459,0.8318917567116845,3.8603568479296424,0.008064516129032258,0.8068102864221552,71,1.4647887323943662,1.7464788732394365,0.8387096774193549,104,124,1.7464788732394365,1.4647887323943662,0.7741935483870968,0.04929577464788732,1.8743059002061488,61.29400006638889,3152.262860562186,2697.70151000336,4.377741786,-0.07770326821920132,4.257919303208131,290.53521126760563,139.63634719062387,0.4806176386724013,0.09859154929577464,14,0.1267605633802817,12,0.15492957746478872,71,0.6826923076923077,0.09859154929577464,5,1,19,0.005560161927522802,0.5676193755739211,1,1,-0.2957445976205377,1.1231527093596059
normal_00732,1.4593582667605636,1.4591353416901407,0.07683407536601548,0.2297825669076061,-0.0800631312354125,0.850632104499221,3.926769329281932,0.02631578947368421,0.9231659246339844,71,1.323943661971831,2.140845070422535,0.618421052631579,94,152,2.140845070422535,1.323943661971831,0.5921052631578947,0.07746478873239436,1.7207245152204986,61.503894496111116,3163.0574312316144,2743.4186158177513,90.389571566,-0.0710472390086975,4.353647915631052,279.19718309859155,143.23932218676245,0.5130399977430325,0.08450704225352113,14,0.15492957746478872,12,0.14084507042253522,71,0.7553191489361702,0.15492957746478872,5,0,10,0.0047951346926045765,0.6373695748695744,1,1,-0.2933277246883048,1.0837004405286343
normal_00733,0.29628675666666665,0.29607858600000003,0.02595913967185685,0.05000061244532222,-0.04095489957142857,0.7305448719392805,3.0332696895021236,0.04,0.9740408603281432,15,1.3333333333333333,1.6666666666666667,0.7999999999999999,20,25,1.6666666666666667,1.3333333333333333,0.76,0.1,1.429473298355513,14.208653355555555,3653.653720052786,3131.293062590133,375.684668954,-0.07698817311271222,3.3232314287817517,263.3333333333333,157.71161143350346,0.5989048535449499,0.06666666666666667,10,0.2,9,0.2,15,0.75,0.06666666666666667,5,0,5,0.027439024390243903,0.5027472527472526,1,1,-0.24090924694494686,1.0975609756097562
normal_00734,0.4269957714285715,0.4267916242857143,0.004386052044921855,0.008907861016550328,-0.0013322741324575816,0.6288744100064368,3.642685548520288,0.04081632653061224,0.9956139479550783,28,1.6071428571428572,1.75,0.9183673469387755,45,49,1.75,1.6071428571428572,0.8775510204081632,0.03571428571428571,1.7495952572537092,26.761301003611113,3568.1734671549634,1989.972227403914,348.386171904,-0.2839438414318686,4.13753751123864,250.5,101.37700082511958,0.4046986060883017,0.17857142857142858,12,0.14285714285714285,12,0.17857142857142858,28,0.6222222222222222,0.07142857142857142,4,0,13,0.01525478740668614,0.5498599439775911,1,1,-0.32243803554412115,1.1898734177215189
normal_00737,0.0644483490625,0.06420570625,0.1413366076965788,0.2976946249452241,-0.004474178533724341,0.75812650120322,3.7422289002755877,0.014492753623188406,0.8586633923034211,32,1.59375,2.15625,0.7391304347826086,51,69,2.15625,1.59375,0.7246376811594203,0.015625,1.5608203810876584,36.09468941361111,4191.641351260838,4277.511865619859,265.787198681,0.010139208981113305,3.6053377973817744,268.0625,139.99652933486047,0.5222533153084093,0.125,13,0.15625,11,0.15625,32,0.6274509803921569,0.09375,5,0,7,0.011648223645894,0.6278540507111935,1,1,-0.3781243120053231,1.1764705882352942
normal_00738,0.5679947305882352,0.5677520247058824,0.0011998437281348347,0.002085611837159107,-0.027025436960784313,0.46232391651366767,2.802292189066545,0.0,0.9988001562718651,17,1.411764705882353,1.4705882352941178,0.96,24,25,1.4705882352941178,1.411764705882353,0.8,0.11764705882352941,1.260771793892466,10.120788065555555,2277.177314769125,2501.6635446190385,45.792976635,0.04697503776651278,2.939829017453418,320.0,131.82753885285123,0.4119610589151601,0.17647058823529413,10,0.17647058823529413,10,0.17647058823529413,17,0.7083333333333334,0.17647058823529413,5,0,12,0.023671497584541065,0.520689655172414,1,1,-0.326582303664115,1.065217391304348
normal_00741,0.53151732046875,0.5312997578124999,0.07140175708971466,0.22314002595991272,-0.01239131381318681,0.7802216783311446,3.774543555838849,0.008064516129032258,0.9285982429102853,64,1.65625,1.9375,0.8548387096774194,106,124,1.9375,1.65625,0.8467741935483871,0.0625,1.748272083383469,61.66151273083333,3523.5150131919054,4210.586362190157,6.081754815,0.08883661018269373,4.0913284699958155,286.953125,136.04241048436634,0.47409279994551845,0.15625,14,0.125,12,0.15625,64,0.6037735849056604,0.0625,5,0,21,0.006473038387932005,0.5929506493506495,1,1,-0.36887088738493856,1.216931216931217
normal_00742,0.2227893330357143,0.22256412982142854,0.07652160004118347,0.20665378547153362,-0.008887187016746408,0.7493799710613944,3.8439374994987308,0.018691588785046728,0.9234783999588165,56,1.5357142857142858,1.9107142857142858,0.8037383177570093,86,107,1.9107142857142858,1.5357142857142858,0.7570093457943925,0.044642857142857144,1.664027985468443,55.24586792472222,3616.0931732551458,3515.8673752999753,4.700031875,-0.014053049967512152,4.104067815149213,257.8392857142857,129.9098676055776,0.5038404727413495,0.03571428571428571,14,0.21428571428571427,12,0.16071428571428573,56,0.6511627906976745,0.03571428571428571,5,0,20,0.006879098944967209,0.5973710317460317,1,1,-0.33275070482691943,1.1488095238095237
normal_00745,0.8672243829032257,0.8670179872580646,0.1045906405098013,0.26513632174591567,-0.04706340885321448,0.8548068638226737,3.878799873454517,0.007874015748031496,0.8954093594901987,62,1.467741935483871,2.0483870967741935,0.7165354330708662,91,127,2.0483870967741935,1.467741935483871,0.6771653543307087,0.016129032258064516,1.639899319011308,55.40549199777777,3269.83231463818,2644.380738097927,68.034511395,-0.10575398129272648,4.305599545699425,296.741935483871,123.45503402332643,0.41603500975357316,0.1935483870967742,14,0.12903225806451613,12,0.14516129032258066,62,0.6813186813186813,0.0967741935483871,5,0,15,0.005822338550291117,0.6263468013468014,1,1,-0.3296083946007838,1.1237113402061856
normal_00746,1.7359539197499998,1.735726649,0.03756680191335744,0.1419567170544366,-0.030653035158227846,0.7554120812016074,3.760476515780927,0.0,0.9624331980866426,80,1.6625,1.65,1.0075757575757578,133,132,1.65,1.6625,0.9242424242424242,0.00625,1.652329433710094,68.23139424027778,3109.2787248737723,3482.0742531897154,42.475668679,0.05655827104945439,4.367205639292367,274.1875,126.89376537038144,0.4627992354515849,0.0625,14,0.1375,12,0.1625,80,0.6015037593984962,0.0625,5,0,30,0.0053528865188058015,0.5815931543204269,1,1,-0.32286927965189827,1.188340807174888
normal_00747,0.7489741643939394,0.7487275412121212,0.022069872516923862,0.12305528658771069,-0.0237629848124413,0.7961867946211464,3.418624591372535,0.015037593984962405,0.9779301274830763,66,1.5151515151515151,2.015151515151515,0.7518796992481203,100,133,2.015151515151515,1.5151515151515151,0.7218045112781954,0.0,1.6767370300463618,58.25468847277778,3226.413515419677,3972.8290016387364,7.228492527,0.10367972525587904,3.910094910914603,295.04545454545456,125.61607342254375,0.4257515968719708,0.09090909090909091,14,0.13636363636363635,12,0.16666666666666666,66,0.66,0.09090909090909091,5,0,11,0.005682095303126372,0.6205869961344412,1,1,-0.3601405629436786,1.1477832512315271
normal_00750,5.116274166818182,5.116051263636364,0.010547908500145397,0.021189912635337562,-0.6264975442236026,0.7948208007418874,3.8103846590654427,0.01818181818181818,0.9894520914998545,22,1.4090909090909092,2.5,0.5636363636363637,31,55,2.5,1.4090909090909092,0.509090909090909,0.11363636363636363,1.4485756660180829,21.07234900027778,3612.4026857875233,4131.427741661645,306.371606858,0.06702433127078294,3.572623663876409,322.3636363636364,104.03412693486483,0.3227228979930945,0.045454545454545456,10,0.18181818181818182,11,0.13636363636363635,22,0.7096774193548387,0.18181818181818182,5,0,6,0.01360759493670886,0.7652709359605911,1,1,-0.3531359196808832,1.075
normal_00751,0.17059667379310345,0.1703857024137931,0.05797797158485526,0.19097093508336974,-0.013145949970443351,0.6395572902717758,3.332239054321372,0.016129032258064516,0.9420220284151448,29,1.5862068965517242,2.1379310344827585,0.7419354838709679,46,62,2.1379310344827585,1.5862068965517242,0.7258064516129032,0.017241379310344827,1.764286647381893,25.44771836,3271.849503455429,3740.664064578224,98.030289224,0.06685399701183797,3.6243797016294708,295.37931034482756,131.5040503974534,0.4452039997112011,0.10344827586206896,13,0.1724137931034483,10,0.1724137931034483,29,0.6304347826086957,0.1724137931034483,5,0,5,0.012900143334925944,0.5715053024576834,1,1,-0.37052971979916327,1.173913043478261
normal_00753,1.0840253336764705,1.083765295588235,0.008870435669244317,0.021439723835445568,-0.052330499988930024,0.7833958428717224,3.9117595665498137,0.022388059701492536,0.9911295643307556,68,1.5441176470588236,1.9705882352941178,0.7835820895522388,105,134,1.9705882352941178,1.5441176470588236,0.7611940298507462,0.014705882352941176,1.6542452402334362,60.64124010333333,3258.3352891423733,2470.3232687502527,7.555920848,-0.13755611587401062,4.416537709705661,281.8529411764706,137.65978663680983,0.48840997032782363,0.07352941176470588,14,0.1323529411764706,12,0.16176470588235295,68,0.6476190476190476,0.11764705882352941,5,0,18,0.005714968914395027,0.6173081176730806,1,1,-0.35206900701890637,1.1658536585365853
normal_00756,0.11586755492307692,0.11563323784615384,0.07899780863007934,0.18690233243852789,-0.005482263754370631,0.8057267607891372,3.8730216054514703,0.0,0.9210021913699206,65,1.476923076923077,2.1384615384615384,0.6906474820143885,96,139,2.1384615384615384,1.476923076923077,0.6762589928057554,0.03076923076923077,1.785690983554599,57.4404232575,3231.0238082488904,3078.7676191344167,2.046203698,-0.02413014611762134,4.225934644219666,295.9846153846154,125.64813124203394,0.4245089937487503,0.07692307692307693,13,0.18461538461538463,12,0.13846153846153847,65,0.6770833333333334,0.1076923076923077,5,0,9,0.005564764385507933,0.6248252535486576,1,1,-0.345002349903005,1.1407766990291262
normal_00757,0.03768237181818181,0.037438549999999994,0.05900943268875792,0.18248820439739238,-1.1592199197861002e-05,0.5526156778494471,3.1967736415829506,0.0,0.940990567311242,33,1.696969696969697,1.6666666666666667,1.018181818181818,56,55,1.6666666666666667,1.696969696969697,0.9818181818181818,0.030303030303030304,1.4337802835752511,39.08169497888888,4396.690685139343,3675.3355112121876,305.321387918,-0.08936482072533417,3.9801694078547953,300.4848484848485,149.82930312778464,0.498625151595088,0.09090909090909091,14,0.12121212121212122,11,0.15151515151515152,33,0.5892857142857143,0.06060606060606061,5,0,13,0.013857677902621723,0.544611528822055,1,1,-0.3312306798407931,1.2333333333333334
normal_00763,1.0198366714285714,1.0196123007142857,0.026071460470361057,0.07837892383788532,-0.041418711142173624,0.8110208271281153,3.760822269043408,0.009345794392523364,0.973928539529639,56,1.5178571428571428,1.9107142857142858,0.794392523364486,85,107,1.9107142857142858,1.5178571428571428,0.7570093457943925,0.017857142857142856,1.7484191036700323,73.00501402361111,4778.5100088195095,5103.006136093691,29.182457795,0.03283869828429366,4.198191815983474,275.69642857142856,123.14616882430366,0.4466730652348601,0.08928571428571429,14,0.125,12,0.17857142857142858,56,0.6588235294117647,0.14285714285714285,5,0,12,0.006925907221701176,0.6195533195533193,1,1,-0.3329819914711261,1.1497005988023952
normal_00766,0.19216696625000002,0.19195516546875,0.0941664383328078,0.20875594016573698,-0.009748170114697799,0.864048542139574,4.0267932662869015,0.006756756756756757,0.9058335616671922,64,1.40625,2.3125,0.6081081081081081,90,148,2.3125,1.40625,0.6013513513513513,0.010416666666666666,1.8657246745955847,62.13961742444444,3550.8352814037457,3242.184778800793,49.878693983,-0.04543641853954118,4.13245244571065,284.140625,118.64711813134366,0.41756478198548225,0.109375,14,0.109375,12,0.140625,64,0.7111111111111111,0.125,5,0,10,0.005270617415182921,0.6628068799209739,1,1,-0.3512962598971094,1.1173708920187793
normal_00767,0.22339592777777778,0.22321879166666664,0.16265583429159913,0.3285280069505451,-0.005033753030303028,0.7688909431938583,3.5433029220841847,0.009615384615384616,0.8373441657084008,54,1.4444444444444444,1.9259259259259258,0.75,78,104,1.9259259259259258,1.4444444444444444,0.7307692307692307,0.018518518518518517,1.7287677888460868,61.48335455083333,4176.227856285321,4414.766894476611,0.734911087,0.02776617203381882,4.154820317060801,247.2037037037037,117.90040242375824,0.47693622974626904,0.07407407407407407,14,0.14814814814814814,12,0.16666666666666666,54,0.6923076923076923,0.1111111111111111,5,0,13,0.0071540880503144656,0.6095721364589289,1,1,-0.3136536643405875,1.1375
normal_00768,0.561154533,0.5609467335,0.06142593302849401,0.21890204996020152,-0.06532372095488723,0.7821330549382728,3.651398010896008,0.0,0.9385740669715059,20,1.35,2.5,0.54,27,50,2.5,1.35,0.48,0.075,1.7219280948815914,16.406097475555555,3108.523732239947,2800.8582312548874,154.736181665,-0.0520639049710547,3.6219280948671635,296.15,113.52081886504111,0.38332202892129363,0.0,11,0.2,11,0.3,20,0.7407407407407407,0.2,5,0,8,0.014649923896499238,0.7030207737754908,1,1,-0.34570200246949323,1.0547945205479452
normal_00769,0.2842733488,0.284051568,0.003462270959146987,0.006292731767164789,-0.03564527286153847,0.6545152138354374,3.665652059328338,0.0,0.9965377290408531,25,1.24,2.12,0.5849056603773585,31,53,2.12,1.24,0.5471698113207547,0.08,1.6430741894227987,19.11382169638889,2867.0732544992084,3325.0243716912255,151.656466859,0.07395734770961009,3.543465189582893,266.48,135.44682843586014,0.5082814036170074,0.0,11,0.2,10,0.16,25,0.8064516129032258,0.2,5,0,7,0.013291139240506329,0.608961038961039,1,1,-0.33584152019487934,1.05
normal_00771,0.1724179527777778,0.1721910790740741,0.1452184550641051,0.3002658287681519,-0.008599247078711644,0.8551684198439643,3.9237718643986317,0.04504504504504504,0.8547815449358948,54,1.4444444444444444,2.0555555555555554,0.7027027027027027,78,111,2.0555555555555554,1.4444444444444444,0.6846846846846847,0.027777777777777776,1.7665763647115191,58.18923247416667,3952.476168059698,3862.854261626999,21.192791788,-0.011467449423797686,4.152970956504653,321.1296296296296,130.02903105399722,0.4049113474952915,0.07407407407407407,14,0.1111111111111111,12,0.18518518518518517,54,0.6923076923076923,0.037037037037037035,5,0,6,0.006817689921362095,0.5939700417576526,1,1,-0.3293165259230813,1.1317365269461077
normal_00772,0.21037162805194803,0.21016062649350653,0.023977471503415018,0.06139853163076824,-0.005885409687680738,0.739228112454009,4.025237492454297,0.027972027972027972,0.976022528496585,77,1.4675324675324675,1.8571428571428572,0.7902097902097901,113,143,1.8571428571428572,1.4675324675324675,0.7762237762237763,0.0,1.7050018991924805,70.19055154944444,3324.815599718329,2687.629304557155,86.607957121,-0.10597790171982566,4.390871320220349,277.09090909090907,129.25456133844665,0.46646987359675635,0.09090909090909091,14,0.11688311688311688,12,0.14285714285714285,77,0.6814159292035398,0.07792207792207792,5,0,25,0.005217887570828747,0.6054898741105635,1,1,-0.31012867512133674,1.1531531531531531
normal_00775,0.09051598666666667,0.09031359133333333,0.05179517060044525,0.11912339887509393,-0.017659565321428566,0.8009086305990174,3.3509265721093326,0.0,0.9482048293995546,15,1.3333333333333333,2.4,0.5555555555555556,20,36,2.4,1.3333333333333333,0.5,0.0,1.5219280948830343,23.766950231666666,6111.50148820743,4061.3127464336426,152.634683352,-0.20153604444995787,3.506890595591207,250.33333333333334,135.17272900502778,0.539970954747115,0.13333333333333333,8,0.26666666666666666,9,0.2,15,0.75,0.06666666666666667,4,0,6,0.020319303338171262,0.7085364927470191,1,1,-0.3429566463172543,1.0566037735849056
normal_00776,1.7872622395,1.7870054365,0.0005092986702241892,0.0005760052352602634,-0.11365961952631579,0.6468383912740208,3.5744007841446006,0.05128205128205128,0.9994907013297757,20,1.4,1.95,0.717948717948718,28,39,1.95,1.4,0.6153846153846154,0.05,1.4387586809106803,22.500451201388888,4263.243385571,3697.0512070323143,295.655228373,-0.07112703832152012,3.7841837197575474,288.85,131.25157643163558,0.45439354831793516,0.0,11,0.25,9,0.2,20,0.7142857142857143,0.1,5,0,11,0.01715309779825909,0.7180878552971577,1,1,-0.3526685110500711,1.0634920634920635
normal_00777,0.41854936314285707,0.418298656,0.005399643565078634,0.013873641001116911,-0.030411338462184877,0.6704111355522598,3.660929762962024,0.043478260869565216,0.9946003564349214,35,1.4285714285714286,1.9714285714285715,0.7246376811594203,50,69,1.9714285714285715,1.4285714285714286,0.6666666666666666,0.014285714285714285,1.7080964224662327,34.47430561944444,3650.2205950200296,3032.547065862107,6.472666373,-0.09242780244680668,4.093149802447843,242.85714285714286,132.2609147852529,0.5446037667628061,0.05714285714285714,13,0.14285714285714285,12,0.11428571428571428,35,0.7,0.14285714285714285,5,2,14,0.010297680858428523,0.6369803712269465,1,1,-0.3119136151829887,1.1018518518518519
normal_00780,0.23269551352941176,0.23247593529411764,0.007031737955981464,0.015009321372726198,-0.03009636421568627,0.6082626024945511,3.627763552985758,0.03225806451612903,0.9929682620440187,17,1.1764705882352942,1.8235294117647058,0.6451612903225806,20,31,1.8235294117647058,1.1764705882352942,0.6129032258064516,0.058823529411764705,1.6457113704018076,18.287397939722222,4114.664536469125,3754.343972318126,45.106059097,-0.04578983028784786,3.3371753411072067,260.8235294117647,149.51765585296175,0.5732521762517704,0.058823529411764705,11,0.17647058823529413,10,0.17647058823529413,17,0.85,0.17647058823529413,5,2,7,0.021683673469387755,0.5705357142857143,1,1,-0.2596045599837607,1.0408163265306123
normal_00782,0.13998421324675323,0.13978878363636363,0.18042735554958575,0.3293350544408101,-0.004901526374152163,0.846178761648196,3.9647145907959027,0.011111111111111112,0.8195726444504141,77,1.3896103896103895,2.3376623376623376,0.5944444444444444,107,180,2.3376623376623376,1.3896103896103895,0.5833333333333334,0.012987012987012988,1.6833806699531202,76.03688459194444,3601.747164892,3510.1382265554184,33.937667963,-0.012881104418070102,4.305621204420376,285.2987012987013,120.89687481649989,0.4237554333972365,0.06493506493506493,14,0.14285714285714285,12,0.12987012987012986,77,0.719626168224299,0.15584415584415584,5,0,11,0.004294992667085691,0.6656359513502367,1,1,-0.33826152750447486,1.1081081081081081
normal_00783,3.4591055356666667,3.458853566666667,0.00019633684730630785,0.0002982361733793147,0.1249901074660734,0.490384096266817,2.787659405523233,0.0,0.9998036631526936,30,1.8333333333333333,1.4666666666666666,1.25,55,44,1.4666666666666666,1.8333333333333333,0.9090909090909091,0.03333333333333333,1.435591746023603,27.864892591666663,3459.0901148425173,2774.4299061319684,51.99178822,-0.10983524660333345,3.7898980954412043,282.26666666666665,133.23014397788444,0.47200098244408756,0.06666666666666667,13,0.16666666666666666,12,0.2,30,0.5454545454545454,0.1,5,0,21,0.012640449438202247,0.6844229217110576,1,1,-0.3229123977783136,1.1123595505617978
normal_00784,1.170619263970588,1.1703795289705885,0.039115975625985525,0.13909701416229803,-0.01043279505916708,0.731110986764676,3.6814087192369738,0.008928571428571428,0.9608840243740144,68,1.588235294117647,1.6470588235294117,0.9642857142857143,108,112,1.6470588235294117,1.588235294117647,0.9017857142857143,0.031862745098039214,1.8101092624980988,73.172014725,3931.63064195197,4282.123481688309,10.170171107,0.0426714550326718,4.219057328416205,289.13235294117646,127.61823951562567,0.4413834640690985,0.04411764705882353,14,0.10294117647058823,12,0.11764705882352941,68,0.6296296296296297,0.08823529411764706,5,2,33,0.006325110689437065,0.538828864879285,1,1,-0.30237959479190235,1.1764705882352942
normal_00785,0.03175784253333334,0.03153427253333333,0.1844401825405581,0.2740516755153211,-0.0007940890270270269,0.866735032338108,3.956441004182513,0.006711409395973154,0.815559817459442,75,1.4666666666666666,1.9866666666666666,0.7382550335570469,110,149,1.9866666666666666,1.4666666666666666,0.7315436241610739,0.02666666666666667,1.750972194025692,64.62376097555556,3143.8586420659326,2937.0131140812055,45.498041694,-0.03401576883703023,4.3467994859176455,270.4533333333333,129.97955071319336,0.480598812043458,0.14666666666666667,14,0.13333333333333333,12,0.18666666666666668,75,0.6818181818181818,0.13333333333333333,5,0,9,0.005138888888888889,0.6125805675805674,1,1,-0.3219572386408175,1.1511111111111112
normal_00792,0.23122358973684207,0.2310085523684211,0.11338699160936697,0.26916383877619726,-0.006265538740396446,0.7775458696775785,3.920106693773614,0.007042253521126761,0.8866130083906331,76,1.5921052631578947,1.868421052631579,0.852112676056338,121,142,1.868421052631579,1.5921052631578947,0.8380281690140845,0.030701754385964907,1.6375707618353232,71.30402694777779,3422.5932934997204,3208.5952639542934,86.342971942,-0.032271443903502825,4.376493147100296,273.14473684210526,136.0103627372923,0.49794246196995107,0.11842105263157894,14,0.13157894736842105,12,0.18421052631578946,76,0.628099173553719,0.11842105263157894,5,0,12,0.005458696554586966,0.5912668350168347,1,1,-0.33466985489408285,1.1954545454545455
normal_00794,0.6193551722499999,0.6191358084999999,0.07140297088228564,0.2117693118826512,-0.021432361276136885,0.8432914700119877,3.8567711116831775,0.0,0.9285970291177144,80,1.4,1.975,0.7088607594936708,112,158,1.975,1.4,0.6645569620253164,0.05625,1.6610549974233082,90.47859128388889,4123.075045859051,4308.001355870027,12.169349709,0.021933890905442417,4.415434271166412,290.175,131.61429792283784,0.4535687013796427,0.1375,14,0.1125,12,0.1625,80,0.7142857142857143,0.1,5,0,15,0.0045165607226497154,0.6313105076741438,1,1,-0.3015376691566595,1.1020408163265305
normal_00795,0.3367364637142857,0.3364670985714286,0.02351955034407561,0.04807274857706689,-0.02213407051820728,0.758900935483589,4.112732795543663,0.0,0.9764804496559246,35,1.6571428571428573,2.0,0.8285714285714286,58,70,2.0,1.6571428571428573,0.8,0.04285714285714286,1.6914967621546146,23.24301394111111,2461.025005539912,2457.0193401230013,63.484955317,-0.0008144833871705881,3.9217212310207143,260.0857142857143,128.7261962983657,0.4949375887556629,0.14285714285714285,13,0.14285714285714285,12,0.2,35,0.603448275862069,0.22857142857142856,5,0,10,0.0112854875683301,0.6364417989417992,1,1,-0.3662015621793285,1.1962616822429906
normal_00796,0.6478630616666666,0.6476317479166667,0.01159942799113859,0.03580236971381124,-0.07894474412608694,0.7128196398196274,3.7876529576568094,0.02040816326530612,0.9884005720088614,24,1.4166666666666667,2.0416666666666665,0.6938775510204083,34,49,2.0416666666666665,1.4166666666666667,0.6122448979591837,0.041666666666666664,1.6440011332990903,20.048321765833332,3137.998189473044,2958.40762550652,196.334502963,-0.02945843328297624,3.7201755214412615,234.125,130.80397298181003,0.5586928904722265,0.041666666666666664,11,0.20833333333333334,11,0.20833333333333334,24,0.7058823529411765,0.041666666666666664,5,0,7,0.014183185235816815,0.6152304718342454,1,1,-0.32815898140988303,1.077922077922078
normal_00797,0.8456175088888888,0.8454531766666666,0.17631033518866265,0.32320917781520364,-0.1000163001651187,0.7832833032427251,3.8445338390771937,0.0,0.8236896648113373,18,1.3888888888888888,2.5555555555555554,0.5434782608695652,25,46,2.5555555555555554,1.3888888888888888,0.5217391304347826,0.037037037037037035,1.8776402831676504,20.24143213527778,4286.420922806765,3331.544633432607,30.062616223,-0.12534531461514442,3.6143694458680007,299.1666666666667,129.80131876426054,0.4338762744209266,0.0,11,0.16666666666666666,7,0.2222222222222222,18,0.72,0.1111111111111111,4,0,4,0.01706730769230769,0.6844340057106015,1,1,-0.357927579340154,1.0923076923076922
normal_00798,0.16520680619047617,0.16498522476190475,0.0038130268549642758,0.007046663503527693,-0.006204766363636362,0.45327172509860114,3.4392681462338985,0.02631578947368421,0.9961869731450358,21,1.4761904761904763,1.8095238095238095,0.8157894736842106,31,38,1.8095238095238095,1.4761904761904763,0.7894736842105263,0.0,1.572351663302817,18.068752819722224,3252.3755075929002,2495.158110428684,294.401264099,-0.13174649292871224,3.7489948035034573,278.5238095238095,119.28102072317249,0.4282614866108091,0.047619047619047616,9,0.14285714285714285,11,0.19047619047619047,21,0.6774193548387096,0.19047619047619047,5,0,13,0.019491525423728815,0.6198209198209198,1,1,-0.3290884022189359,1.15
normal_00800,0.08169812375,0.081462675625,0.009715971188400762,0.01743427830154813,-0.00904827354411765,0.6197823324581341,3.428546233058184,0.0,0.9902840288115993,16,1.4375,2.1875,0.6571428571428571,23,35,2.1875,1.4375,0.6,0.0,1.50524081493982,17.23175865388889,4135.6220769752,3758.8732276316045,181.857441356,-0.04772298098951872,3.2028195311003564,251.25,134.70535747821367,0.5361407262814475,0.0625,10,0.1875,12,0.1875,16,0.6956521739130435,0.0625,4,2,9,0.02104499274310595,0.6087399087399086,1,1,-0.3471415828223199,1.0943396226415094
normal_00805,0.5016745797297297,0.501467618918919,0.013439216904712286,0.04735794171291996,-0.025946067396870557,0.6777775818196282,3.7471537213484636,0.0,0.9865607830952877,37,1.6216216216216217,2.027027027027027,0.7999999999999999,60,75,2.027027027027027,1.6216216216216217,0.72,0.013513513513513514,1.530920491683157,41.74300695972222,4174.300695976278,3548.23967193425,26.566493639,-0.08106931064336022,4.013111135699278,262.4054054054054,131.6015576274459,0.5015199950783292,0.13513513513513514,13,0.13513513513513514,12,0.16216216216216217,37,0.6166666666666667,0.05405405405405406,5,0,16,0.009778357235984355,0.6738460442164147,1,1,-0.3795611776217987,1.1440677966101696
normal_00807,1.2713804226666667,1.2711163213333332,0.0016645507546486132,0.003709267756307183,-0.07430093356173524,0.6377117908058305,3.472091879129641,0.0,0.9983354492453514,30,1.7,1.8333333333333333,0.9272727272727272,51,55,1.8333333333333333,1.7,0.8545454545454545,0.08333333333333333,1.7254927823952784,25.139697968055557,3120.790092591104,3529.764923820986,173.06985472,0.06149484219296331,4.056564762103543,299.1333333333333,125.936145104089,0.42100338234039114,0.1,13,0.13333333333333333,12,0.16666666666666666,30,0.5882352941176471,0.1,5,0,11,0.013534218590398366,0.6291364003228411,1,1,-0.34497178779358345,1.1910112359550562
normal_00811,1.7227131685714288,1.7225125114285713,0.0004949568233057021,0.0009339580811920515,0.10774572151614668,0.6090714835429789,3.2770855627895785,0.02,0.9995050431766943,28,1.8928571428571428,1.7857142857142858,1.0599999999999998,53,50,1.7857142857142858,1.8928571428571428,0.86,0.0,1.5539081800628127,21.17973156611111,2823.964208819926,2450.9371744442146,69.528275856,-0.0707173475430701,3.869331261088435,258.42857142857144,121.95640647118576,0.4719153373677724,0.07142857142857142,13,0.17857142857142858,11,0.17857142857142858,28,0.5283018867924528,0.17857142857142858,4,0,19,0.01345350052246604,0.6922222222222222,1,1,-0.4034265673848973,1.1704545454545454
normal_00812,0.2103867818421053,0.21015036947368423,0.04034035316031636,0.11408217833890157,-0.011806681700404864,0.7165487078446587,3.9073015732941734,0.0,0.9596596468396836,38,1.263157894736842,2.0,0.631578947368421,48,76,2.0,1.263157894736842,0.618421052631579,0.02631578947368421,1.5107405821438329,48.58006223388889,4726.708757913568,4501.622616519189,125.59549943,-0.024390773614608525,4.208196592248233,337.13157894736844,123.21573501057526,0.36548262668034187,0.13157894736842105,14,0.15789473684210525,12,0.18421052631578946,38,0.7916666666666666,0.15789473684210525,5,0,6,0.009458428680396643,0.6020248870898223,1,1,-0.25822837897025286,1.0782608695652174
normal_00816,0.16337597375000001,0.16315812444444444,0.11243573839286089,0.2553817264858386,-0.0036905641697215275,0.7760526371892831,3.9989055006924574,0.014285714285714285,0.8875642616071392,72,1.6388888888888888,1.9444444444444444,0.8428571428571429,118,140,1.9444444444444444,1.6388888888888888,0.8357142857142857,0.006944444444444444,1.6411691136547193,82.13572169055556,4164.6281420633795,3680.977680408738,95.717251793,-0.06164603124328843,4.324535814733878,288.19444444444446,130.3265280453794,0.45221735032613575,0.08333333333333333,14,0.1388888888888889,12,0.1388888888888889,72,0.6101694915254238,0.05555555555555555,5,0,14,0.005713526441668881,0.5949438662204619,1,1,-0.3576575092088439,1.2112676056338028
normal_00820,1.3394186115,1.3391724657500002,0.0007817232153951078,0.0016597646910018035,-0.015589264126641652,0.5805949681690576,3.7792432725707834,0.0,0.999218276784605,40,1.55,1.65,0.9393939393939394,62,66,1.65,1.55,0.803030303030303,0.05,1.730885023782774,41.6065337375,3840.6031142369493,3486.952887817405,76.075148725,-0.04826305337282919,3.956198332784127,305.325,124.9293928790507,0.40916856752329717,0.05,14,0.125,12,0.125,40,0.6451612903225806,0.025,5,0,28,0.009763539282990084,0.62768253968254,1,1,-0.3098661529875527,1.1130434782608696
normal_00821,0.08478977948051947,0.0846183025974026,0.25507816806496586,0.34989073567531603,0.0012360349773910305,0.883089745065257,3.9202029339558635,0.0,0.7449218319350341,77,1.3766233766233766,2.2857142857142856,0.6022727272727273,106,176,2.2857142857142856,1.3766233766233766,0.5852272727272727,0.04978354978354978,1.7277289400800022,59.8549210475,2835.233102252395,2826.9492137007082,44.420852304,-0.0014630204556195534,4.442065846323824,267.3376623376623,128.74481189236434,0.4815812735347124,0.11688311688311688,14,0.11688311688311688,12,0.16883116883116883,77,0.7264150943396226,0.15584415584415584,5,0,9,0.004319852941176471,0.6646718582472769,1,1,-0.32994365325590685,1.1015625
normal_00822,0.07334554775510203,0.07313131,0.27101350556038956,0.3889582893723929,-0.0009286685663265308,0.8193581690480073,3.7649313172980654,0.0,0.7289864944396104,49,1.346938775510204,2.183673469387755,0.616822429906542,66,107,2.183673469387755,1.346938775510204,0.6074766355140186,0.01020408163265306,1.6830519938430786,39.931696501944444,2994.877237647917,2863.9570000963035,19.553577187,-0.02234578283648805,4.1404479878102824,256.1224489795918,131.95921602479135,0.5152192498179105,0.061224489795918366,13,0.16326530612244897,12,0.14285714285714285,49,0.7424242424242424,0.14285714285714285,5,0,7,0.007063530948881267,0.6724346641013308,1,1,-0.3089636449082744,1.1019108280254777
normal_00823,0.386989933125,0.38676796562500004,0.0020709266401079084,0.00273704123975211,-0.04261313786764705,0.6095884865529313,3.577747162890747,0.0,0.9979290733598921,16,1.5,1.875,0.8,24,30,1.875,1.5,0.7666666666666667,0.1875,1.50524081493982,16.657177943333334,3997.722706410533,3578.581423884621,141.677786074,-0.05532265802924987,3.499999999982687,259.5625,128.47462460216286,0.49496604710681574,0.0625,10,0.1875,6,0.25,16,0.6666666666666666,0.0625,5,2,9,0.02497687326549491,0.5384024577572963,1,1,-0.30124740662784155,1.148936170212766
normal_00825,0.52196258625,0.5217501019642857,0.09304634212635655,0.22723602857849975,-0.01969101408031442,0.8408381363794317,3.807126475135242,0.04,0.9069536578736433,56,1.5892857142857142,2.232142857142857,0.712,89,125,2.232142857142857,1.5892857142857142,0.68,0.026785714285714284,1.6162104802357442,41.20417688444444,2697.000668813708,2945.7260528122715,32.087360667,0.0440789349314602,4.1817198784619976,275.375,137.171102509371,0.4981247481048425,0.10714285714285714,14,0.14285714285714285,12,0.17857142857142858,56,0.6292134831460674,0.07142857142857142,4,0,8,0.006286721504112808,0.670912334865823,1,1,-0.387843296185966,1.1567567567567567
normal_00826,0.06369867524999999,0.06349214325,0.06994784667164354,0.2007132294529109,-0.0007501018211439281,0.6384643677312704,3.5648248134110485,0.0,0.9300521533283564,80,1.475,1.725,0.855072463768116,118,138,1.725,1.475,0.8478260869565217,0.0125,1.8289778184479095,72.91246972361111,3322.5935570255824,3110.06071450615,16.825910932,-0.03303968059654861,4.345313765235954,300.9,122.96666214873039,0.4086628851735806,0.175,13,0.1125,12,0.1375,80,0.6779661016949152,0.0875,5,0,13,0.00536215491600687,0.5169635719995432,1,1,-0.29855645291192356,1.1689497716894977
normal_00827,0.132493575,0.13227259108695652,0.07397292068531157,0.2151404459705731,-0.0033462992827628735,0.7169383325739122,3.6353315067596457,0.009708737864077669,0.9260270793146883,46,1.5,2.239130434782609,0.6699029126213591,69,103,2.239130434782609,1.5,0.6601941747572816,0.043478260869565216,1.5522689655651727,37.25964991361111,2980.7719931038446,2957.521344592998,11.696475108,-0.003915375544560797,4.153571738450169,259.69565217391306,130.9131806563618,0.5041023196210147,0.08695652173913043,13,0.15217391304347827,12,0.17391304347826086,46,0.6666666666666666,0.17391304347826086,5,0,7,0.007695749440715884,0.6816274003774004,1,1,-0.35828600865935023,1.1466666666666667
normal_00828,0.24554163018867925,0.24530404698113203,0.03152094538029981,0.09426784268443647,-0.013471520764392838,0.7663311826914442,3.75322688546156,0.0,0.9684790546197002,53,1.3584905660377358,1.9811320754716981,0.6857142857142857,72,105,1.9811320754716981,1.3584905660377358,0.6666666666666666,0.04716981132075472,1.8354071075287852,54.01386847333333,3739.4216635455587,3193.940149396809,145.620731751,-0.07867489521901343,4.126149643410174,271.0566037735849,133.41165545528906,0.4921911276019992,0.018867924528301886,14,0.1320754716981132,12,0.18867924528301888,53,0.7361111111111112,0.05660377358490566,5,0,6,0.006957547169811321,0.5905206942590122,1,1,-0.28783891725320265,1.10625
normal_00831,9.181627260384614,9.181417483076924,0.00022934979676907815,0.0005083841580775974,0.4483011971213677,0.5907996650606436,3.320958690451442,0.05405405405405406,0.9997706502032309,26,1.8076923076923077,1.4230769230769231,1.2702702702702702,47,37,1.4230769230769231,1.8076923076923077,0.8648648648648649,0.038461538461538464,1.8262452583968383,21.77574539472222,3135.70733686628,2359.0479152491926,89.602937066,-0.14134558974543493,4.085055102730508,261.96153846153845,122.06964594664171,0.4659830853931412,0.07692307692307693,12,0.15384615384615385,9,0.19230769230769232,26,0.5531914893617021,0.11538461538461539,5,0,18,0.013986013986013986,0.6382783882783882,1,1,-0.2814982030970651,1.0769230769230769
normal_00833,0.0695452738,0.0693396318,0.0431754527298962,0.14163210534823828,-0.004616470447539014,0.8078919856385594,3.7094660836745006,0.009174311926605505,0.9568245472701039,50,1.18,2.18,0.5412844036697247,59,109,2.18,1.18,0.5321100917431193,0.0,1.6726291922691972,49.31748780444445,3623.325634615285,3735.2428747235376,29.151011771,0.015209104864107429,4.229275070678974,287.86,128.19548369898342,0.4453396918605691,0.16,14,0.12,12,0.14,50,0.847457627118644,0.1,5,0,8,0.006603773584905661,0.6303318903318905,1,1,-0.25519596722161253,1.05
normal_00834,0.24421255975609754,0.24398443,0.09993984410499517,0.23574473032161916,-0.013143081385017423,0.8210887219136194,3.740167666102477,0.0,0.9000601558950049,41,1.2926829268292683,1.7804878048780488,0.726027397260274,53,73,1.7804878048780488,1.2926829268292683,0.7123287671232876,0.04878048780487805,1.5433167043535254,40.04556033861111,3604.10043049885,3277.0522893403386,135.614295768,-0.047528103861957965,4.143541333592242,249.41463414634146,128.86096686152794,0.5166535929320013,0.04878048780487805,13,0.14634146341463414,11,0.17073170731707318,41,0.7735849056603774,0.14634146341463414,5,0,9,0.009610983981693364,0.5754826254826256,1,1,-0.26339692320305846,1.0956521739130434
normal_00837,0.5335491177777778,0.5333312435555555,0.034260255941493255,0.09720539442158006,-0.03187603195520421,0.7244350823621445,3.844117466287231,0.0,0.9657397440585066,45,1.5555555555555556,2.1777777777777776,0.7142857142857144,70,98,2.1777777777777776,1.5555555555555556,0.6836734693877551,0.1111111111111111,1.5632234404354517,44.82731831722223,3667.689680516091,3192.496319043739,230.139362684,-0.06926829119543434,4.089199418996402,287.35555555555555,120.96640321622658,0.4209642057636839,0.06666666666666667,12,0.15555555555555556,11,0.13333333333333333,45,0.6428571428571429,0.15555555555555556,5,0,12,0.007935758148323098,0.6693126455502695,1,1,-0.3810999615826062,1.1506849315068493
normal_00838,0.38694461230769234,0.3867319576923076,0.18818583274496467,0.3320343319704494,-0.016657015048951045,0.8649467196613262,3.7960915834928226,0.0,0.8118141672550353,65,1.4461538461538461,2.230769230769231,0.6482758620689655,94,145,2.230769230769231,1.4461538461538461,0.6275862068965518,0.046153846153846156,1.7199326490748585,66.86175901027778,3760.9739443293747,3414.262011178389,45.038349619,-0.04832063158631698,4.360625221174584,272.73846153846154,138.14454351817938,0.5065092130348409,0.06153846153846154,14,0.12307692307692308,12,0.13846153846153847,65,0.6914893617021277,0.24615384615384617,5,0,14,0.00529276286650722,0.6545162045162041,1,1,-0.3460359853118721,1.1220657276995305
normal_00839,0.17599235796296298,0.17576744462962957,0.024292331157889376,0.0837891060532903,0.002870001105774728,0.6643165268983404,3.814181489249235,0.020618556701030927,0.9757076688421106,54,1.6481481481481481,1.7962962962962963,0.9175257731958762,89,97,1.7962962962962963,1.6481481481481481,0.8865979381443299,0.05555555555555555,1.7273207050107788,56.17875180027777,3815.915216628,3887.0649149199758,9.150980781,0.009236645697757707,4.057688604137902,269.14814814814815,130.22685683755466,0.483848236495662,0.037037037037037035,13,0.16666666666666666,11,0.16666666666666666,54,0.6067415730337079,0.05555555555555555,5,0,19,0.00789406671759613,0.5783290043290045,1,1,-0.3371204150742458,1.2077922077922079
normal_00842,0.21889519791666667,0.21866872750000002,0.011852152745945803,0.03684819544788266,0.005772487417391302,0.6609602148461182,3.5967058136791294,0.0,0.9881478472540541,24,1.6666666666666667,1.7916666666666667,0.9302325581395349,40,43,1.7916666666666667,1.6666666666666667,0.7906976744186046,0.08333333333333333,1.6528633822851937,10.027377126388888,1569.5025067799133,1645.02072008364,37.330948784,0.023492819299803503,3.006866543169538,250.125,128.3047704897787,0.5129626006587854,0.041666666666666664,12,0.16666666666666666,10,0.16666666666666666,24,0.6,0.125,5,0,16,0.015791476407914763,0.650513885207763,1,1,-0.3303203829109968,1.1369863013698631
normal_00844,0.61316811,0.6129601305882353,0.003515958918052047,0.0061353958200400585,-0.05492832564705882,0.7407025794829273,4.032290916573599,0.0,0.9964840410819481,34,1.2352941176470589,2.1470588235294117,0.5753424657534247,42,73,2.1470588235294117,1.2352941176470589,0.5616438356164384,0.0,1.6266487892257508,42.46870703555555,4632.949858451182,3394.6484842858017,167.908124585,-0.1542555221744173,3.910992252990519,269.2352941176471,140.13912109768665,0.5205079874722903,0.058823529411764705,14,0.14705882352941177,12,0.17647058823529413,34,0.8095238095238095,0.058823529411764705,5,0,11,0.0099515403253721,0.6227662727662729,1,1,-0.25658064953222637,1.0648148148148149
normal_00845,0.758643557164179,0.758423652238806,0.0033240962851972186,0.016619604803659618,-0.015860516162103912,0.6028418524981507,3.6910567019821308,0.03389830508474576,0.9966759037148027,67,1.492537313432836,1.7611940298507462,0.8474576271186441,100,118,1.7611940298507462,1.492537313432836,0.7796610169491526,0.062189054726368154,1.6408206133607568,66.64770619361111,3635.3294287451063,3612.847589474009,1.782333349,-0.0031017232629096335,4.307156780993731,263.3880597014925,122.72869255590247,0.46596148927554065,0.05970149253731343,13,0.11940298507462686,12,0.13432835820895522,67,0.67,0.11940298507462686,5,0,35,0.0058829879101899825,0.6136020064591492,1,1,-0.3040886235396223,1.1295336787564767
normal_00846,0.19894412742424242,0.19875468681818179,0.1532711199609606,0.30912283981530453,-0.008041560638972971,0.8549165893613655,3.931423835719703,0.014814814814814815,0.8467288800390395,66,1.5606060606060606,2.0454545454545454,0.762962962962963,103,135,2.0454545454545454,1.5606060606060606,0.7481481481481481,0.03535353535353536,1.762649051106192,56.17242556388889,3111.088185079815,3002.2572044412964,6.085871779,-0.01780219727566283,4.351624810039035,305.77272727272725,132.3805464972444,0.43293771710114126,0.09090909090909091,13,0.13636363636363635,12,0.12121212121212122,66,0.6407766990291263,0.12121212121212122,5,0,10,0.005804028678729942,0.6458663801729494,1,1,-0.3536546702291102,1.1724137931034482
normal_00847,0.12733492680555558,0.12715882930555555,0.2601648627174751,0.37625474125599817,0.002038947033410509,0.8688885927753129,3.837133106111075,0.006134969325153374,0.7398351372825248,72,1.3333333333333333,2.263888888888889,0.5889570552147239,96,163,2.263888888888889,1.3333333333333333,0.5828220858895705,0.020833333333333332,1.7727001317801954,58.08584340916667,2945.197693993057,2686.331671248483,38.055552828,-0.04596726856159632,4.306661419208837,300.69444444444446,131.0171087515005,0.4357150960788931,0.05555555555555555,14,0.125,12,0.1388888888888889,72,0.75,0.08333333333333333,5,0,10,0.004670032455824018,0.650042234188575,1,1,-0.3060691733600277,1.097457627118644
normal_00848,0.03801381735294118,0.03785762161764706,0.27377775704673385,0.36892639927269516,-0.0005081388828873536,0.8742769696602376,3.857694514422982,0.0,0.726222242953266,68,1.4411764705882353,2.411764705882353,0.5975609756097561,98,164,2.411764705882353,1.4411764705882353,0.5914634146341463,0.029411764705882353,1.527863673052251,62.743722537222226,3371.3044945497013,3326.0285215606013,13.420172519,-0.006760298895125791,4.399695841650858,263.47058823529414,136.23996286055655,0.5170974254586874,0.08823529411764706,14,0.1323529411764706,12,0.11764705882352941,68,0.6938775510204082,0.08823529411764706,5,0,7,0.004846825514281486,0.6912020639293359,1,1,-0.3608879888357009,1.1244635193133048
normal_00850,0.0734659495,0.0732822345,0.20099914360336504,0.3491924838282954,-0.006822369082551597,0.877959117814905,3.770041029966505,0.0,0.7990008563966351,40,1.375,2.4,0.5729166666666667,55,96,2.4,1.375,0.5520833333333334,0.025,1.7460345118093303,35.674308020000005,3293.0130480109997,3418.256670795014,29.411085631,0.018661688179967263,3.8373261452314824,285.8,132.6381621226789,0.4640943391276378,0.125,14,0.15,11,0.175,40,0.7272727272727273,0.05,4,0,8,0.007986882471173172,0.6699951409135083,1,1,-0.3293593799642152,1.0942028985507246
normal_00852,1.2946434175555555,1.2944330748888888,0.031312349548846166,0.12460350644569927,-0.0988932517773386,0.8424771797418864,4.025342695356639,0.028846153846153848,0.968687650451154,45,1.2666666666666666,2.311111111111111,0.5480769230769231,57,104,2.311111111111111,1.2666666666666666,0.5384615384615384,0.13333333333333333,1.8032433870043056,50.895859496388894,4164.206686074001,2904.556691824382,19.676032803,-0.1781994851020357,4.186762964006032,271.5777777777778,118.83152491292584,0.4375598249800886,0.022222222222222223,14,0.13333333333333333,12,0.13333333333333333,45,0.7894736842105263,0.1111111111111111,5,0,7,0.007203579418344519,0.6441853913282487,1,1,-0.2857798124302022,1.0733333333333333
normal_00855,0.6533253893150686,0.6531172719178082,0.02441963844307451,0.12047922652470329,-0.01753420705201777,0.755998877961671,3.654799200691972,0.014084507042253521,0.9755803615569256,73,1.36986301369863,1.9452054794520548,0.704225352112676,100,142,1.9452054794520548,1.36986301369863,0.6971830985915493,0.0684931506849315,1.7452429872809352,60.56195307527778,3028.0976537730694,3382.179293693812,18.2444679,0.05523655886048156,4.237721908654809,290.4109589041096,126.3295772986541,0.4350027897547995,0.1232876712328767,14,0.136986301369863,12,0.1232876712328767,73,0.73,0.1095890410958904,5,0,7,0.005211024978466839,0.5980282343918709,1,1,-0.30061438816533276,1.1203703703703705
normal_00856,0.08923867537313433,0.08904086940298507,0.14248270310716618,0.29467442210107536,-0.00013837163660308037,0.7614218410501774,3.715702295991578,0.03418803418803419,0.8575172968928338,67,1.5820895522388059,1.7462686567164178,0.905982905982906,106,117,1.7462686567164178,1.5820895522388059,0.8888888888888888,0.022388059701492536,1.6454008182404862,73.36973402638888,4001.9854923610146,3737.6414731121185,4.102152973,-0.034154620168148686,4.367724265919803,296.46268656716416,130.0064483666692,0.4385255017150902,0.13432835820895522,14,0.14925373134328357,12,0.1791044776119403,67,0.6320754716981132,0.1044776119402985,5,0,9,0.006480674222609706,0.5530345471521942,1,1,-0.3221201679651516,1.1989247311827957
normal_00857,0.04234042586666666,0.04213869306666667,0.0940340500177657,0.21773725866793078,-0.0008831043900426744,0.7527923536891993,3.7602566642526574,0.01282051282051282,0.9059659499822343,75,1.4533333333333334,2.08,0.6987179487179487,109,156,2.08,1.4533333333333334,0.6923076923076923,0.02,1.7977559926356177,72.63608344277777,3533.6473026242566,3668.5567494231937,20.111387821,0.018731689052962183,4.40202227858533,294.61333333333334,121.60324201462913,0.41275539242836645,0.08,14,0.12,12,0.16,75,0.6880733944954128,0.08,5,0,9,0.004944767875802359,0.6142117259951649,1,1,-0.34525873088180525,1.1422413793103448
normal_00859,1.1522565016666668,1.1520306506944447,0.008677604026111915,0.021336562815439455,-0.03182660144366198,0.7814530390976191,4.108187916539776,0.029850746268656716,0.991322395973888,72,1.4305555555555556,1.8611111111111112,0.7686567164179104,103,134,1.8611111111111112,1.4305555555555556,0.6865671641791045,0.034722222222222224,1.6477737616335115,64.13492198638889,3251.9115373419004,3658.2544676961206,45.545957561,0.058803642352147,4.352313592510213,266.7638888888889,132.55267282098646,0.4968913647686273,0.05555555555555555,14,0.125,12,0.125,72,0.6990291262135923,0.09722222222222222,5,0,22,0.005056323604710701,0.6399985072398865,1,1,-0.3013779716482046,1.0921658986175116
normal_00860,1.3433878147222222,1.3431845094444446,0.0027439011430739086,0.006343664072065589,-0.027357238815958813,0.7128111926676141,3.863493710988043,0.014492753623188406,0.9972560988569259,36,1.6944444444444444,1.9166666666666667,0.8840579710144927,61,69,1.9166666666666667,1.6944444444444444,0.7536231884057971,0.06944444444444445,1.7720772537293101,33.25659847805555,3420.6787006002,3667.2460301779383,2.888717954,0.03478695654132168,3.9267336819103607,306.1111111111111,140.1135820433404,0.45772132064975085,0.08333333333333333,13,0.16666666666666666,9,0.16666666666666666,36,0.5901639344262295,0.1388888888888889,5,2,21,0.010091600683123739,0.6697496947496947,1,1,-0.36671718221628613,1.1403508771929824
normal_00861,0.5870019358536585,0.5867198607317073,0.03456120973898441,0.15605244401907942,-0.02743757929790941,0.6066297009056068,3.129851024036422,0.028169014084507043,0.9654387902610156,41,1.4390243902439024,1.7317073170731707,0.8309859154929577,59,71,1.7317073170731707,1.4390243902439024,0.8169014084507042,0.14634146341463414,1.6719520933731826,39.171439529999994,3525.4295577218245,3079.152236529191,245.429744194,-0.06757086748188919,4.02513272451529,241.3658536585366,148.34600704056058,0.6146105788867202,0.04878048780487805,13,0.12195121951219512,11,0.14634146341463414,41,0.6949152542372882,0.12195121951219512,5,0,22,0.01027180783817952,0.518727954144621,1,1,-0.2955893522102184,1.1504424778761062
normal_00865,0.021154021509433962,0.020962399811320757,0.3049002972281093,0.39898984608722216,-0.00028037396145782936,0.8549919527902866,3.7852992035017348,0.0,0.6950997027718908,53,1.6037735849056605,2.2830188679245285,0.7024793388429752,85,121,2.2830188679245285,1.6037735849056605,0.6942148760330579,0.0,1.7156966280116888,61.20114681444444,4237.002471781539,4298.220095356401,89.68662641,0.007172352342698166,4.265959257260441,270.9056603773585,123.39044722888386,0.4554738614800699,0.16981132075471697,14,0.1509433962264151,12,0.1509433962264151,53,0.6235294117647059,0.1509433962264151,5,0,7,0.006765188834154352,0.6542994346273029,1,1,-0.3925699413055781,1.177142857142857
normal_00866,1.6368056739285712,1.6365237832142856,0.0013173719819452125,0.0051891187171082915,-0.014140264403393532,0.5458648085426152,3.3513165160396987,0.0,0.9986826280180549,28,1.7142857142857142,1.7142857142857142,1.0,48,48,1.7142857142857142,1.7142857142857142,0.8958333333333334,0.03571428571428571,1.5501992264804936,21.880104325,2917.347243364519,2352.9037070963304,125.766028952,-0.10709993538710551,3.99468036838294,292.10714285714283,89.37741005741567,0.30597475016599085,0.03571428571428571,12,0.14285714285714285,10,0.17857142857142858,28,0.5833333333333334,0.14285714285714285,5,0,19,0.014814814814814815,0.6351302785265049,1,1,-0.3578600330097909,1.1851851851851851
normal_00867,0.06883411454545453,0.06860763787878787,0.056468142036412386,0.17689473267653072,-0.002219704559023067,0.7090938335296906,3.5847861918609443,0.029197080291970802,0.9435318579635875,66,1.5909090909090908,2.0757575757575757,0.7664233576642335,105,137,2.0757575757575757,1.5909090909090908,0.7591240875912408,0.022727272727272728,1.802869189862405,66.99293749222223,3710.378076495015,3161.025373822007,6.564640419,-0.07994767104639487,4.345710271774369,255.4848484848485,136.0681099160657,0.5325877864108846,0.045454545454545456,14,0.13636363636363635,12,0.16666666666666666,66,0.6285714285714286,0.13636363636363635,5,0,8,0.0058437167970636535,0.6173222912353347,1,1,-0.35842192482204316,1.1862745098039216
normal_00868,0.8100632571428571,0.8098167009523808,0.015621839221832442,0.062217751583760736,-0.08739373694805196,0.6942482681850336,3.4946119946563297,0.0,0.9843781607781675,21,1.380952380952381,1.9523809523809523,0.7073170731707317,29,41,1.9523809523809523,1.380952380952381,0.6097560975609756,0.16666666666666666,1.4534909079981793,21.053379598333333,3789.60832771805,3820.6987613867645,183.340057368,0.004085306059886155,3.6897037321793507,248.47619047619048,136.09798640965232,0.547730493407953,0.19047619047619047,12,0.19047619047619047,10,0.14285714285714285,21,0.7241379310344828,0.14285714285714285,5,0,10,0.016317016317016316,0.6947619047619049,1,1,-0.28790536676119405,1.0606060606060606
normal_00869,1.2136819752777779,1.2134749604166666,0.14101851236383453,0.27807081393848965,-0.040384391330792996,0.9154022953581815,3.9277886883666486,0.0,0.8589814876361656,72,1.4444444444444444,2.0416666666666665,0.7074829931972789,104,147,2.0416666666666665,1.4444444444444444,0.7006802721088435,0.013888888888888888,1.6598664678301154,72.20410027888889,3661.052971890747,3491.2847478675144,76.693842201,-0.02373604696465178,4.419159550738141,260.84722222222223,120.14318449628206,0.46058832243929015,0.05555555555555555,14,0.125,12,0.1527777777777778,72,0.6923076923076923,0.08333333333333333,5,0,7,0.005209630552096305,0.5944546819546817,1,1,-0.32084962366350056,1.1409090909090909
normal_00871,3.0534501675,3.0532282799999995,0.01609453101563699,0.09866921417927389,-0.08135512711486961,0.6003255177378892,3.571754210572657,0.024691358024691357,0.9839054689843633,44,1.6590909090909092,1.8409090909090908,0.9012345679012347,73,81,1.8409090909090908,1.6590909090909092,0.7037037037037037,0.045454545454545456,1.6669296437162402,46.302014407222224,3876.44771783393,2825.040471713993,77.352118773,-0.1568916062196125,4.226143834368582,225.77272727272728,114.34563345429252,0.506463445942105,0.11363636363636363,14,0.1590909090909091,12,0.13636363636363635,44,0.6027397260273972,0.18181818181818182,5,0,30,0.007801418439716312,0.6632852828729117,1,1,-0.3558547602607836,1.0921985815602837
normal_00872,0.027827930185185187,0.02761226796296296,0.15265198460886306,0.2664884513719111,-0.0011377307341337913,0.7419784040874191,3.7447270039316725,0.0,0.8473480153911369,54,1.3518518518518519,2.259259259259259,0.5983606557377049,73,122,2.259259259259259,1.3518518518518519,0.5901639344262295,0.009259259259259259,1.7511343028222928,73.47972108305555,4991.075394330093,4766.625160807269,38.797532225,-0.023002369488029934,4.3006407426291995,231.85185185185185,118.50776702631158,0.5111357363754653,0.09259259259259259,13,0.14814814814814814,12,0.12962962962962962,54,0.7397260273972602,0.018518518518518517,5,0,11,0.006259630200308166,0.6526760051150293,1,1,-0.31335496078109953,1.1016949152542372
normal_00874,2.4761342984374997,2.475886660625,0.00020998644204253182,0.000295002488722416,0.0010255733980938406,0.4025771940798524,2.967702812380224,0.0,0.9997900135579575,32,1.71875,1.46875,1.1702127659574468,55,47,1.46875,1.71875,0.9574468085106383,0.171875,1.6458620347652189,34.63172260527778,4021.7484316120645,3918.3878661375966,310.913064499,-0.013017480002674718,4.015319531088815,288.1875,150.4023501660924,0.5218906099886095,0.03125,14,0.125,11,0.125,32,0.5818181818181818,0.09375,5,0,27,0.013023493360572012,0.63734335839599,1,1,-0.33230135225293134,1.146067415730337
normal_00879,1.0206497414893618,1.0204399593617022,0.05195542143285118,0.17010243821450594,-0.039914011659343204,0.7507841646129187,3.7484459909146377,0.0,0.9480445785671489,47,1.6170212765957446,1.8297872340425532,0.883720930232558,76,86,1.8297872340425532,1.6170212765957446,0.8488372093023255,0.0,1.7291573918513568,42.48986190722222,3325.2935405713697,2860.974362069448,9.757873627,-0.07505642914425212,4.106948425748618,265.17021276595744,119.65481497042197,0.45123776808231025,0.1276595744680851,12,0.1276595744680851,12,0.19148936170212766,47,0.618421052631579,0.0851063829787234,5,0,14,0.008823529411764706,0.5976255330187915,1,1,-0.3452679404710118,1.1911764705882353
normal_00880,1.2363858166666668,1.23613600375,0.001149060659786755,0.0028037233197426427,-0.06062322703913043,0.5731735092015688,3.5893281269115804,0.041666666666666664,0.9988509393402133,24,1.75,2.0,0.875,42,48,2.0,1.75,0.7708333333333334,0.041666666666666664,1.766150648448584,22.902864261111112,3584.7961452522622,3570.9627351802687,37.069933021,-0.0019331856066057594,3.7516291673661817,344.9583333333333,120.81155975739446,0.3502207312691711,0.2916666666666667,11,0.16666666666666666,12,0.16666666666666666,24,0.5714285714285714,0.041666666666666664,5,0,16,0.015379357484620642,0.7012878107217729,1,1,-0.41618579889668694,1.1688311688311688
normal_00883,0.3243913918644068,0.32418843661016944,0.10319492553524774,0.2540005137476258,-0.00886431645879602,0.8138749225501947,3.943230357932406,0.0,0.8968050744647523,59,1.4745762711864407,2.0847457627118646,0.7073170731707317,87,123,2.0847457627118646,1.4745762711864407,0.6504065040650406,0.025423728813559324,1.6334254748415544,67.54428366277777,4192.4038135590345,4187.286906080245,188.839547955,-0.0006106320209166073,4.361480236415873,262.6779661016949,119.12561331433334,0.45350439963515726,0.13559322033898305,14,0.11864406779661017,12,0.1694915254237288,59,0.6781609195402298,0.11864406779661017,5,0,15,0.00591016548463357,0.6595310245310243,1,1,-0.3487402935877786,1.1111111111111112
normal_00885,0.622564734375,0.6223076943750001,0.004211502617118244,0.010259978675103344,-0.05449094548529412,0.559182367475303,3.667928472270808,0.0,0.9957884973828818,16,1.625,1.9375,0.8387096774193549,26,31,1.9375,1.625,0.7419354838709677,0.10416666666666666,1.6774212838235942,13.936531200000001,3344.7674880213335,3170.448447580681,367.64295077,-0.026755681187494672,3.155639062215139,298.4375,165.1742388106168,0.553463418004161,0.125,10,0.25,8,0.25,16,0.6153846153846154,0.0,5,0,9,0.02326530612244898,0.6145424836601309,1,1,-0.37641805019945,1.14
normal_00886,1.5954322374285714,1.5951898705714287,0.05739047029978413,0.17463967015173498,-0.11717987584033611,0.7838971051001655,3.7348708830195863,0.10294117647058823,0.9426095297002157,35,1.5714285714285714,1.9428571428571428,0.8088235294117647,55,68,1.9428571428571428,1.5714285714285714,0.7205882352941176,0.014285714285714285,1.7953176125441879,29.49259594277778,3122.7454527681175,3666.362933285294,48.491995082,0.08007199909105997,3.96485765971577,262.6,114.09701754105892,0.43448978500022434,0.08571428571428572,13,0.14285714285714285,11,0.17142857142857143,35,0.6363636363636364,0.11428571428571428,5,0,13,0.010448521916411825,0.6925110175110175,1,1,-0.3711136392979859,1.128440366972477
normal_00887,0.15682845242424243,0.15658783727272726,0.07911714153196435,0.21321282732682081,0.006867945942513367,0.6697652073898003,3.4924349039343334,0.0,0.9208828584680355,33,1.7878787878787878,1.7272727272727273,1.0350877192982455,59,57,1.7272727272727273,1.7878787878787878,0.9824561403508771,0.09090909090909091,1.825040607887411,33.62712355388889,3783.051399815469,4520.817004171198,104.015436286,0.0888460135039628,3.930609649569955,262.27272727272725,122.41534644583801,0.4667482880083945,0.12121212121212122,13,0.15151515151515152,12,0.15151515151515152,33,0.559322033898305,0.15151515151515152,5,0,16,0.013557737260402058,0.5676719576719579,1,1,-0.36810910499139876,1.2473118279569892
normal_00888,0.14328831250000001,0.143077009375,0.13627599773194016,0.2642563825505524,-0.0034520235842709786,0.7932175562091512,3.8532369148871397,0.0,0.8637240022680599,80,1.4875,1.9,0.7828947368421053,119,152,1.9,1.4875,0.7631578947368421,0.0375,1.6642892421640805,79.36794538083333,3616.7671312793036,3984.0165554272453,28.615186981,0.04831731033080779,4.396562083610883,275.8625,140.5820399921499,0.5096090987073266,0.1,14,0.1125,12,0.1625,80,0.6722689075630253,0.0625,5,0,18,0.004928168757955992,0.570020481310804,1,1,-0.3177339694155559,1.1531914893617021
normal_00890,0.10548489577464787,0.10529670169014084,0.24443070890359975,0.37336458899077374,-0.0031997568370221332,0.8664938546727151,3.839377666974053,0.0,0.7555692910964004,71,1.4929577464788732,1.7746478873239437,0.8412698412698413,106,126,1.7746478873239437,1.4929577464788732,0.8333333333333334,0.014084507042253521,1.4952441838287076,62.767700452777774,3228.0531661478135,3307.088094270473,86.510088696,0.012093836226824087,4.21653048614933,279.84507042253523,133.8439013912768,0.4782785746026802,0.16901408450704225,14,0.1267605633802817,12,0.14084507042253522,71,0.6698113207547169,0.07042253521126761,5,0,10,0.005947802902117623,0.5382435150151685,1,1,-0.30213213782479337,1.1717171717171717
normal_00891,0.848453457,0.8482518511428572,0.0489734832776248,0.16247009232674564,-0.019795217659697318,0.7782256309364154,3.7309299847445945,0.014184397163120567,0.951026516722375,70,1.5714285714285714,2.0142857142857142,0.7801418439716312,110,141,2.0142857142857142,1.5714285714285714,0.7730496453900709,0.07142857142857142,1.8407455459175401,66.23209809972222,3455.5877269512175,3403.383238834402,6.780621881,-0.007611125397268087,4.298497618077197,271.1142857142857,126.71073331761677,0.467370182960964,0.07142857142857142,14,0.17142857142857143,12,0.14285714285714285,70,0.6363636363636364,0.05714285714285714,5,0,9,0.005611195564696414,0.6354724305428531,1,1,-0.3534285696638372,1.1839622641509433
normal_00892,0.39256168132352937,0.39235137911764695,0.01819827670535766,0.0652469074181252,-0.010495140284383708,0.7503522876358207,4.039117230170779,0.0,0.9818017232946422,68,1.5735294117647058,1.9852941176470589,0.7925925925925925,107,135,1.9852941176470589,1.5735294117647058,0.7777777777777778,0.04411764705882353,1.6867095803467456,75.80606895444444,4073.16191397706,4533.44772194355,47.326795205,0.053480502478634326,4.218204071205328,247.05882352941177,121.1674408698701,0.4904396416161409,0.22058823529411764,14,0.1323529411764706,12,0.14705882352941177,68,0.6355140186915887,0.1323529411764706,5,0,13,0.005786704925872788,0.6203826587038261,1,1,-0.3548744065766803,1.1804878048780487
normal_00893,1.312026773469388,1.3117848469387758,0.005765878569617297,0.01914153143717822,-0.05646882821938776,0.6696691453554626,4.015609990525044,0.0,0.9942341214303827,49,1.3877551020408163,1.7346938775510203,0.8,68,85,1.7346938775510203,1.3877551020408163,0.7058823529411765,0.0,1.8009507522271468,45.366481855,3402.4861391325626,3847.5582144276314,2.277763805,0.061388876204117634,4.115037528669319,264.6530612244898,148.3812026252551,0.5606630882663093,0.061224489795918366,14,0.10204081632653061,11,0.12244897959183673,49,0.7205882352941176,0.12244897959183673,5,0,21,0.007641594246329038,0.6180491551459294,1,1,-0.2884741364868214,1.0774647887323943
normal_00894,0.23737692875,0.23725556775000003,0.29843841907659285,0.3934103889236164,-0.014190325946529077,0.8788273060098017,3.483113001174051,0.0,0.7015615809234071,40,1.675,1.925,0.8701298701298701,67,77,1.925,1.675,0.7922077922077922,0.025,1.5699024697161155,35.262265245277774,3254.978330334051,3414.75938327261,115.386318782,0.023956122384332507,4.02756715709096,267.2,120.8368682064738,0.452233788197881,0.125,14,0.15,11,0.125,40,0.5970149253731343,0.125,5,0,10,0.009596161535385846,0.6273040212799252,1,1,-0.3723216731450732,1.170731707317073
normal_00895,0.044714236461538465,0.044536679384615384,0.23405260565803343,0.35288665617271603,-0.0015997613435314688,0.8538016257236188,4.016572203679141,0.014925373134328358,0.7659473943419666,65,1.4923076923076923,2.0615384615384613,0.7238805970149255,97,134,2.0615384615384613,1.4923076923076923,0.7164179104477612,0.007692307692307693,1.8041501015441481,42.01657256722222,2363.4322069170626,2544.527147351557,79.752664847,0.036898215197521914,4.3590888293267405,283.66153846153844,126.76211442637802,0.4468780473866239,0.1076923076923077,14,0.12307692307692308,12,0.15384615384615385,65,0.6701030927835051,0.2,5,0,8,0.005804020100502513,0.60790657901769,1,1,-0.36057258334781844,1.155
normal_00896,0.5216016318181819,0.5213973656363637,0.13966360236774084,0.304388946205628,-0.02517207584343434,0.856074242965843,3.9358124778341512,0.00819672131147541,0.860336397632259,55,1.509090909090909,2.2181818181818183,0.680327868852459,83,122,2.2181818181818183,1.509090909090909,0.6721311475409836,0.05454545454545454,1.8798437666652825,49.411852088888885,3294.123472606778,3112.7130722825837,31.478364099,-0.02831512854325939,4.096901478691208,271.9818181818182,134.1441307379783,0.49320991982009527,0.05454545454545454,14,0.14545454545454545,12,0.16363636363636364,55,0.6626506024096386,0.05454545454545454,5,0,9,0.00650669713705326,0.6351282863477984,1,1,-0.36632339789983176,1.151685393258427
normal_00897,0.26929916,0.2690954522058823,0.017809467508402177,0.1073155793347282,-0.006901353955605606,0.6222212840378744,3.468556656922722,0.025210084033613446,0.9821905324915979,68,1.5735294117647058,1.75,0.8991596638655462,107,119,1.75,1.5735294117647058,0.8823529411764706,0.051470588235294115,1.7910230947105559,67.38157694666667,3620.502641921313,3119.5491458569904,13.426750466,-0.0743248734338657,4.317201128792935,252.60294117647058,117.98294079899254,0.4670687532358091,0.11764705882352941,14,0.1323529411764706,12,0.14705882352941177,68,0.6355140186915887,0.11764705882352941,5,0,24,0.006360463807272318,0.5672832218286761,1,1,-0.3142434879695432,1.1957671957671958
normal_00898,0.46658356218749997,0.46638392453125,0.14406193353791186,0.30079683131974955,-0.022339316396749093,0.8651633749540171,3.8808645556079098,0.007633587786259542,0.8559380664620881,64,1.609375,2.046875,0.7862595419847328,103,131,2.046875,1.609375,0.7786259541984732,0.015625,1.6771685102270775,72.80685301166666,4160.391600669382,3593.7330680928026,153.02505426,-0.07307833659927944,4.316428031812843,276.0625,134.9787608219007,0.4889427605049606,0.125,14,0.15625,12,0.140625,64,0.6213592233009708,0.046875,5,0,13,0.006122448979591836,0.6155844155844152,1,1,-0.3770087001531794,1.1938775510204083
normal_00901,0.784761571,0.78454972175,0.042831448968572286,0.16842316077780214,-0.03347649504596624,0.7004231646751268,3.603212945816476,0.025,0.9571685510314278,40,1.525,2.0,0.7625,61,80,2.0,1.525,0.75,0.0625,1.5941881858614828,43.42573573916667,4008.529452848615,3890.896936243353,86.107900859,-0.014891273215444669,4.0250705203367705,298.55,147.43898346826,0.4938502209621839,0.075,14,0.15,12,0.2,40,0.6557377049180327,0.025,5,0,12,0.009710743801652892,0.5860572212424062,1,1,-0.3460243751608833,1.165289256198347
normal_00903,0.6781887005,0.67794578025,0.0638930294428999,0.21334985327052197,0.003732263518752929,0.7996268020778262,3.913566224797728,0.006535947712418301,0.9361069705571001,80,1.5875,1.9125,0.8300653594771241,127,153,1.9125,1.5875,0.7777777777777778,0.00625,1.7876247504904377,73.46250649416667,3347.658523788747,2974.8454686770156,22.731553879,-0.058966045028361495,4.341159539793207,278.55,135.3266933167682,0.4858255010474536,0.1375,14,0.125,12,0.1375,80,0.6299212598425197,0.075,5,0,27,0.004840940525587829,0.617432084823389,1,1,-0.3470261547448135,1.161825726141079
normal_00904,0.07053446333333334,0.070324156,0.0938004532765327,0.24277238160988585,-0.0014746617085650727,0.7243923575454315,3.353118872225739,0.018867924528301886,0.9061995467234674,30,1.5666666666666667,1.7666666666666666,0.8867924528301887,47,53,1.7666666666666666,1.5666666666666667,0.8679245283018868,0.03333333333333333,1.4854752972230063,21.873982883333333,2715.3909786265863,2872.657396148093,40.76943056,0.028143352915739224,3.9232314287730943,268.46666666666664,133.8709448874455,0.49865015478313446,0.03333333333333333,10,0.16666666666666666,11,0.16666666666666666,30,0.6382978723404256,0.1,5,0,9,0.01434308663224326,0.5834215167548501,1,1,-0.319594822966932,1.1904761904761905
normal_00905,0.19147905235294116,0.19126649764705883,0.004460250503724879,0.008874286562116031,-0.03095450911764706,0.6188639350046743,3.648085736592312,0.02631578947368421,0.9955397494962751,17,1.1176470588235294,2.235294117647059,0.5,19,38,2.235294117647059,1.1176470588235294,0.47368421052631576,0.11764705882352941,1.6457113704018076,15.146628257500002,3407.9913579973127,4832.022476566348,292.647555071,0.1728190203511282,3.21952828228512,255.8235294117647,138.12912224351788,0.5399390844193617,0.11764705882352941,9,0.17647058823529413,8,0.23529411764705882,17,0.8947368421052632,0.0,5,0,5,0.018506493506493506,0.6686202686202686,1,1,-0.22595217196955214,1.0178571428571428
normal_00907,2.6455244931578945,2.64529869877193,0.002111459256305136,0.004748111190553881,0.0016775110195747954,0.7022863564489175,3.952119309637436,0.0,0.9978885407436948,57,1.6842105263157894,1.7894736842105263,0.9411764705882353,96,102,1.7894736842105263,1.6842105263157894,0.9215686274509803,0.09941520467836257,1.8204188818054918,48.246956661111106,3101.5900710782144,2687.543098250206,162.26148756,-0.07152141101567377,4.186425603048794,288.42105263157896,131.8647775142103,0.4571953964908751,0.19298245614035087,14,0.14035087719298245,12,0.14035087719298245,57,0.59375,0.14035087719298245,5,0,15,0.007686335403726708,0.5549068986568987,1,1,-0.35166411481966975,1.2298136645962734
normal_00908,0.09576179127272727,0.09556537072727274,0.17936363613139245,0.32170507943954346,-0.0031446429855699854,0.7795401561295452,3.8950516778756032,0.0,0.8206363638686077,55,1.2545454545454546,1.9090909090909092,0.6571428571428571,69,105,1.9090909090909092,1.2545454545454546,0.6476190476190476,0.05454545454545454,1.8174720143742567,46.32678239222222,3088.4521594868334,3035.381093333142,35.785794042,-0.008666314702356175,4.163292105136345,280.72727272727275,141.10180912632032,0.5026295014214778,0.12727272727272726,14,0.16363636363636364,12,0.14545454545454545,55,0.7971014492753623,0.10909090909090909,5,0,9,0.006754658385093168,0.5472371967654989,1,1,-0.24668758434702984,1.0807453416149069
normal_00911,0.23190621910256412,0.2316930088461539,0.2210883943663812,0.35117586107252563,-0.006345032980816654,0.8174777515759958,4.074748336535351,0.0,0.7789116056336188,78,1.5256410256410255,2.0384615384615383,0.7484276729559749,119,159,2.0384615384615383,1.5256410256410255,0.7295597484276729,0.06837606837606837,1.8440342162301193,76.90505967555556,3595.5612315857925,3858.604577740228,159.259664265,0.03528809968586127,4.225311874033418,268.2307692307692,121.86813430032544,0.45434062113685997,0.11538461538461539,14,0.10256410256410256,12,0.1282051282051282,78,0.6554621848739496,0.038461538461538464,5,2,13,0.004846582984658299,0.6191344663566889,1,1,-0.34279855819673416,1.1583333333333334
normal_00912,1.2928723877192985,1.2926368242105262,0.004724785089550056,0.020676717701254524,-0.06151175937127304,0.6468763371938047,3.8371409415602376,0.0,0.99527521491045,57,1.631578947368421,1.631578947368421,1.0,93,93,1.631578947368421,1.631578947368421,0.8494623655913979,0.05263157894736842,1.5378936701990773,54.658251373333336,3513.7447311471783,3599.8780884496196,90.13809317,0.012108226635963715,4.317036891432862,280.6140350877193,127.18234299983358,0.4532287309153182,0.05263157894736842,13,0.12280701754385964,12,0.14035087719298245,57,0.6129032258064516,0.14035087719298245,5,0,25,0.006957953015112974,0.5922118380062309,1,1,-0.30110189051282044,1.1341463414634145
normal_00913,2.6807377730000006,2.6805372645000003,0.0011512045276038747,0.004632875448269831,-0.007464843105263162,0.5413265717733281,3.780209700616555,0.0,0.9988487954723964,20,1.7,2.05,0.8292682926829269,34,41,2.05,1.7,0.7073170731707317,0.05,1.4387586809106803,25.018793774444443,4740.403030984527,4033.2694650727494,246.150331294,-0.08059721470450941,3.68418371975899,241.5,106.99212956789712,0.4430315924136527,0.25,12,0.2,9,0.2,20,0.5882352941176471,0.05,5,0,14,0.017482517482517484,0.7005693581780538,1,1,-0.41441691388420576,1.1363636363636365
normal_00915,0.46836428,0.4681390920833333,0.03660800542739096,0.15209584364842763,-0.016855848308412122,0.754539762561876,3.6420193218895993,0.03597122302158273,0.963391994572609,72,1.4305555555555556,1.9305555555555556,0.7410071942446044,103,139,1.9305555555555556,1.4305555555555556,0.7050359712230215,0.05555555555555555,1.693895245438036,68.92528394166666,3494.803129445887,3166.5189111134832,33.832563131,-0.04928214194322855,4.3996734471535595,275.69444444444446,132.20733171897234,0.47954296643657474,0.09722222222222222,14,0.125,12,0.125,72,0.6990291262135923,0.1388888888888889,5,0,20,0.005211024978466839,0.6056186868686868,1,1,-0.30975158514973694,1.1203703703703705
normal_00919,0.029350332307692312,0.02912101423076923,0.18036241269901504,0.302150451936125,-0.0037703633538461534,0.7804120062638067,3.8825388220421795,0.0196078431372549,0.819637587300985,26,1.2307692307692308,1.9615384615384615,0.627450980392157,32,51,1.9615384615384615,1.2307692307692308,0.5882352941176471,0.019230769230769232,1.5430224942014557,26.493277542777776,3815.0319661840394,4431.585646001831,47.927697913,0.07476443177221194,3.7962176025669727,266.46153846153845,117.11950504309033,0.4395362487182951,0.11538461538461539,12,0.15384615384615385,11,0.2692307692307692,26,0.8125,0.19230769230769232,5,0,7,0.01346965271015904,0.5501606360096927,1,1,-0.24259828764557803,1.0506329113924051
normal_00920,0.11413301381578948,0.1139085230263158,0.15658440265560855,0.30497079821212986,0.0024504350027341076,0.7696189299319318,3.906201227450283,0.014492753623188406,0.8434155973443914,76,1.381578947368421,1.8157894736842106,0.7608695652173912,105,138,1.8157894736842106,1.381578947368421,0.7536231884057971,0.046052631578947366,1.5671209838273006,83.24787688166666,3995.8980903303204,3809.29968049159,18.184139915,-0.023906941927376798,4.295377396623048,269.88157894736844,131.98999629823095,0.4890663409227025,0.09210526315789473,14,0.13157894736842105,12,0.17105263157894737,76,0.7238095238095238,0.05263157894736842,5,0,16,0.005281460552053902,0.5695256781587714,1,1,-0.27325602027520657,1.130232558139535
normal_00922,0.03067515263157895,0.030475848684210535,0.22354955426724066,0.33132198778431154,-0.0007029968568694463,0.8460164960974595,3.948651650792861,0.0,0.7764504457327593,76,1.4078947368421053,2.026315789473684,0.6948051948051949,107,154,2.026315789473684,1.4078947368421053,0.6883116883116883,0.006578947368421052,1.826787503885323,84.74031460027778,4067.5351008176003,4582.891979936948,73.348844106,0.05957588848600463,4.233023777265681,258.5657894736842,121.39778532041578,0.46950443663689373,0.07894736842105263,14,0.13157894736842105,12,0.13157894736842105,76,0.7102803738317757,0.13157894736842105,5,0,9,0.004912478825522304,0.6245310245310247,1,1,-0.31413238833747537,1.12987012987013
normal_00924,0.32665104210526313,0.326407147368421,0.09809512317526534,0.22697100753091745,-0.021373097621183928,0.8290706726332974,3.7378417782218705,0.013333333333333334,0.9019048768247345,38,1.3157894736842106,1.9736842105263157,0.6666666666666667,50,75,1.9736842105263157,1.3157894736842106,0.6533333333333333,0.0,1.652680898565939,39.929867314444444,3885.0681711384054,3415.9205404478007,293.018616309,-0.06425809561191312,4.1158340921343655,270.89473684210526,134.02920002013363,0.49476487281572545,0.10526315789473684,14,0.13157894736842105,11,0.21052631578947367,38,0.76,0.07894736842105263,5,0,8,0.009703462195311287,0.5753654970760236,1,1,-0.32433175417631566,1.0964912280701755
normal_00930,1.3139360822222221,1.3137038037037034,0.018638396892194615,0.0607346770084081,-0.12300081799145299,0.7496443252769446,3.890165749617636,0.016129032258064516,0.9813616031078055,27,1.4814814814814814,2.2962962962962963,0.6451612903225806,40,62,2.2962962962962963,1.4814814814814814,0.5483870967741935,0.05555555555555555,1.5448491887125813,23.997892433333334,3322.785106165654,3742.6268538328113,154.123770883,0.05942211863145892,3.9400726873241285,239.5185185185185,142.6004019765535,0.5953627421318919,0.07407407407407407,12,0.14814814814814814,10,0.2222222222222222,27,0.675,0.14814814814814814,5,0,9,0.011422172452407614,0.6946884814531874,1,1,-0.3651842990266796,1.0736842105263158
normal_00931,0.1471750709230769,0.14697986338461538,0.14904693341315048,0.296317337162194,-0.004191751626748252,0.8107623225937908,3.85947070593319,0.00641025641025641,0.8509530665868495,65,1.3846153846153846,2.4,0.576923076923077,90,156,2.4,1.3846153846153846,0.5705128205128205,0.023076923076923078,1.7593515985709272,58.29576694166667,3279.136890472312,3003.3684775104603,5.926697019,-0.043894656161734,4.262311997704381,251.15384615384616,112.4268138014169,0.44764121881115454,0.09230769230769231,14,0.12307692307692308,12,0.13846153846153847,65,0.7222222222222222,0.2153846153846154,5,0,8,0.005014063837593249,0.674292975248389,1,1,-0.3417603193005008,1.1081081081081081
normal_00932,0.03766730283018869,0.037467373018867926,0.17508607019784317,0.28942109105052677,-0.0017234295541041775,0.8001093862409913,3.9066997491245896,0.008,0.8249139298021569,53,1.2452830188679245,2.358490566037736,0.5279999999999999,66,125,2.358490566037736,1.2452830188679245,0.52,0.009433962264150943,1.7206603124740851,67.84980757055556,4697.294370271211,3525.325672068911,247.94506114,-0.14252983746878356,4.350193095877613,238.0754716981132,139.705300964429,0.5868109804338831,0.11320754716981132,14,0.1320754716981132,12,0.1509433962264151,53,0.803030303030303,0.09433962264150944,5,0,6,0.005994601719917143,0.6801913694770837,1,1,-0.28043946534672193,1.0670391061452513
normal_00935,0.17459296452380954,0.17433463309523808,0.011731226545519809,0.01911893569968995,-0.0035978161826432215,0.7422002845242374,3.7748289769319987,0.012345679012345678,0.9882687734544802,42,1.5238095238095237,1.9285714285714286,0.7901234567901234,64,81,1.9285714285714286,1.5238095238095237,0.7654320987654321,0.011904761904761904,1.6933479772059246,40.735356635555554,3576.763021672024,3091.24697808126,48.450057461,-0.07281273477525203,3.8894741970679405,289.4761904761905,137.22853256880373,0.47405809902037804,0.23809523809523808,14,0.11904761904761904,12,0.14285714285714285,42,0.65625,0.09523809523809523,5,0,11,0.00935483870967742,0.626551226551227,1,1,-0.33003663679388806,1.16
normal_00938,0.110685364084507,0.11045888239436621,0.03066343104295459,0.06461839590264708,-0.004731860557679409,0.7697042499420376,3.9607447664519757,0.0,0.9693365689570455,71,1.591549295774648,2.1690140845070425,0.7337662337662337,113,154,2.1690140845070425,1.591549295774648,0.6883116883116883,0.028169014084507043,1.7150327697581702,52.66627532027778,2708.5513021877146,2432.74147143939,7.021016477,-0.05364600751062557,4.361467022137303,284.36619718309856,128.15751908565153,0.450677754090206,0.056338028169014086,14,0.16901408450704225,12,0.1267605633802817,71,0.6283185840707964,0.14084507042253522,5,0,18,0.004982086878638603,0.678890502182427,1,1,-0.38145858009522604,1.1508620689655173
normal_00941,2.046633035666667,2.046404260666667,0.027748949412015736,0.06195498456766401,-0.12090331840711901,0.8090461262244664,3.8028023834472204,0.05172413793103448,0.9722510505879843,30,1.6,1.9333333333333333,0.8275862068965517,48,58,1.9333333333333333,1.6,0.5862068965517241,0.016666666666666666,1.5058231002039566,26.595462566944445,3301.505697993655,4029.883877120179,161.853858019,0.09935063082706456,3.739572261965082,282.26666666666665,141.80679749607194,0.5023859146058288,0.06666666666666667,13,0.16666666666666666,12,0.2,30,0.625,0.06666666666666667,5,0,12,0.0102892642205397,0.6778659611992947,1,1,-0.38041244092734977,1.0392156862745099
normal_00942,0.10540480575757576,0.10520877242424241,0.2183994674277335,0.33763144997400885,-0.0006500678831019723,0.8139280514039963,3.950903281248852,0.007142857142857143,0.7816005325722665,66,1.5757575757575757,2.121212121212121,0.7428571428571429,104,140,2.121212121212121,1.5757575757575757,0.7214285714285714,0.05303030303030303,1.8172178407184054,74.63719386305554,4133.7522755054615,4504.884271260157,85.636235046,0.04296187178909047,4.315407241469895,266.3333333333333,122.14510076554706,0.4586173996203269,0.13636363636363635,14,0.15151515151515152,12,0.13636363636363635,66,0.6346153846153846,0.10606060606060606,5,0,13,0.005612808244387191,0.6168397259306351,1,1,-0.37075058029663355,1.167464114832536
normal_00944,0.23384780792452828,0.23362102849056607,0.02138693020685,0.12841885705874992,0.005938184945976455,0.6888684624699045,3.3673595346869374,0.03125,0.9786130697931501,53,1.6415094339622642,1.8113207547169812,0.90625,87,96,1.8113207547169812,1.6415094339622642,0.8645833333333334,0.018867924528301886,1.7006037515017982,47.587708156944444,3294.533641650404,4133.178700404278,173.741682222,0.11290758448002641,4.2913362000504405,280.6792452830189,133.2475679652361,0.47473252905065294,0.05660377358490566,14,0.16981132075471697,12,0.1509433962264151,53,0.6091954022988506,0.05660377358490566,5,0,23,0.007868937048503612,0.5964444444444446,1,1,-0.3553457279708779,1.196078431372549
normal_00945,0.28396352790697676,0.28374942953488375,0.11123960340003704,0.261271190590158,-0.00916593473270915,0.7773375693449521,3.9995279521415092,0.0,0.8887603965999631,43,1.6046511627906976,1.930232558139535,0.8313253012048192,69,83,1.930232558139535,1.6046511627906976,0.8072289156626506,0.023255813953488372,1.7818076813603478,40.30035865888889,3454.3164564833332,3207.271429038733,46.845051316,-0.037085006111157746,4.0078061858446645,286.1162790697674,136.0254194210853,0.47542006300143613,0.16279069767441862,11,0.18604651162790697,12,0.11627906976744186,43,0.6231884057971014,0.046511627906976744,5,0,12,0.009350393700787402,0.616876326288091,1,1,-0.3539414038955698,1.1875
normal_00946,0.4108390728301887,0.41059220603773583,0.032411011774531616,0.13510185070549344,-0.021854070736171592,0.7636291008711392,3.417232905519521,0.009523809523809525,0.9675889882254685,53,1.471698113207547,1.9811320754716981,0.7428571428571428,78,105,1.9811320754716981,1.471698113207547,0.7142857142857143,0.08490566037735849,1.781422976032979,36.587753203333335,2532.998298709423,2699.272764917208,2.002910486,0.03177864147056162,4.079164266133324,280.8301886792453,127.87234256943323,0.455336882301798,0.05660377358490566,14,0.1509433962264151,12,0.16981132075471697,53,0.6794871794871795,0.09433962264150944,5,0,10,0.007104037267080745,0.6516661322216878,1,1,-0.3475764878922088,1.1366459627329193
normal_00947,1.9888537796969699,1.988623029090909,0.00016858283698200095,0.0002012356012556402,0.059808898669786094,0.41833410702233054,3.312112561276955,0.0,0.9998314171630179,33,1.7575757575757576,1.5151515151515151,1.16,58,50,1.5151515151515151,1.7575757575757576,0.84,0.06060606060606061,1.7921214743615368,27.572264297777778,3101.8797335074996,3391.2641263156256,13.384924235,0.044567685401014495,3.8997141947637046,273.90909090909093,142.79363685848446,0.5213176254375469,0.21212121212121213,14,0.15151515151515152,10,0.21212121212121213,33,0.5689655172413793,0.12121212121212122,5,0,30,0.011131725417439703,0.623845598845599,1,1,-0.28897234698484375,1.0909090909090908
normal_00948,0.6035068685,0.6032883840000001,0.04539651179188267,0.15670555978836406,-0.019481072170602944,0.7104962950586303,3.655295446382705,0.008620689655172414,0.9546034882081174,60,1.6166666666666667,1.9333333333333333,0.8362068965517242,97,116,1.9333333333333333,1.6166666666666667,0.7672413793103449,0.03333333333333333,1.8854573609226728,65.54957327055556,3999.6349792350165,4073.888010493993,80.464136311,0.009197104083736418,4.18355575530726,238.56666666666666,121.93334754257285,0.5111080657087027,0.1,14,0.11666666666666667,12,0.13333333333333333,60,0.6185567010309279,0.13333333333333333,5,0,28,0.006325730577334284,0.6504992319508449,1,1,-0.359759048351506,1.1576086956521738
normal_00949,0.0581123396875,0.05790241312499999,0.12361846499245224,0.2644943052883171,-0.0019572234798534796,0.7506826871738543,3.7716543777632316,0.03418803418803419,0.8763815350075479,64,1.53125,1.828125,0.8376068376068376,98,117,1.828125,1.53125,0.8290598290598291,0.057291666666666664,1.8064992614708213,70.62221348611111,4035.5550563547295,3315.7245985708296,119.533921195,-0.09791906872997189,4.392283547003171,272.375,131.7098181248315,0.48356059889795866,0.0625,14,0.140625,12,0.140625,64,0.6530612244897959,0.078125,5,0,10,0.006526622548721996,0.5615617433414043,1,1,-0.32095618855251146,1.1813186813186813
normal_00950,0.5252023166666666,0.5249676528571428,0.014748716066124812,0.05434798672531315,-0.060917201428571446,0.760209334124356,4.134519537700434,0.0,0.9852512839338752,21,1.5714285714285714,2.3333333333333335,0.673469387755102,33,49,2.3333333333333335,1.5714285714285714,0.5102040816326531,0.0,1.7256507561063228,22.941596879722223,4129.487438360399,2440.8984461711393,428.51869022,-0.25699997258374946,3.9161269465652007,320.42857142857144,115.59349957007592,0.3607465434643475,0.047619047619047616,13,0.23809523809523808,12,0.14285714285714285,21,0.6363636363636364,0.09523809523809523,5,0,8,0.013653013653013654,0.7473544973544973,1,1,-0.38778430583562074,1.0512820512820513
normal_00954,0.11521784192982458,0.11497344368421053,0.14967386012870215,0.2864180504904414,-0.007380562120171118,0.8437487293133561,3.9770308113877495,0.0,0.8503261398712979,57,1.3508771929824561,2.192982456140351,0.616,77,125,2.192982456140351,1.3508771929824561,0.592,0.008771929824561403,1.606832278312339,55.310931079722224,3555.702712270036,3147.573779914451,19.498726173,-0.060884991515929965,4.271596707822635,276.87719298245617,122.6803439511805,0.4430857689277207,0.10526315789473684,14,0.12280701754385964,12,0.15789473684210525,57,0.7402597402597403,0.08771929824561403,5,0,12,0.005934195064629847,0.6364436778499277,1,1,-0.3004149487829235,1.0918918918918918
normal_00955,0.3416519481578948,0.3414367563157895,0.08285368174168765,0.23205421246792846,-0.011752415391660978,0.772337827995032,3.7591251173190234,0.012578616352201259,0.9171463182583125,76,1.5,2.0921052631578947,0.7169811320754718,114,159,2.0921052631578947,1.5,0.6918238993710691,0.013157894736842105,1.7798767458460432,82.34395828638888,3952.509997754413,3742.601186292156,42.619525792,-0.027278203841607614,4.300384507249415,263.9078947368421,134.6240372426439,0.5101175066281567,0.05263157894736842,14,0.11842105263157894,12,0.14473684210526316,76,0.6666666666666666,0.13157894736842105,5,0,9,0.004799409303470342,0.6341814286599557,1,1,-0.3429272664114493,1.1422594142259415
normal_00957,0.1296549292857143,0.12943289714285716,0.00387458108464125,0.004240563050072539,-0.01086215806239737,0.6135158815888495,3.722897460275978,0.0,0.9961254189153587,28,1.3928571428571428,1.8214285714285714,0.7647058823529411,39,51,1.8214285714285714,1.3928571428571428,0.7254901960784313,0.03571428571428571,1.6159889778985748,22.37666619166667,2983.5554922227775,2580.6168740525573,78.853788112,-0.07241663119792027,4.02164063631735,256.5,138.80028284740098,0.5411317070074112,0.10714285714285714,11,0.14285714285714285,11,0.25,28,0.717948717948718,0.07142857142857142,5,0,7,0.013888888888888888,0.5733153638814016,1,1,-0.28537731863665117,1.1111111111111112
normal_00960,0.21316401442857147,0.21292415185714286,0.06672387979673933,0.19027205103078132,-0.008766423637302073,0.7340216580853298,3.8301860806783834,0.02962962962962963,0.9332761202032608,70,1.542857142857143,1.9285714285714286,0.8,108,135,1.9285714285714286,1.542857142857143,0.7851851851851852,0.014285714285714285,1.5425454965014391,69.40030582555555,3620.8855213422607,3317.0518513443308,42.564103147,-0.04379308340171365,4.337024275391768,283.98571428571427,130.25465502345588,0.45866622323265316,0.11428571428571428,14,0.14285714285714285,12,0.12857142857142856,70,0.6481481481481481,0.11428571428571428,5,0,15,0.005698607007176023,0.589271231606998,1,1,-0.3400684459185102,1.173913043478261
normal_00965,0.0958027332352941,0.09554981455882354,0.08264395886134707,0.21797831668273163,-0.0002948587195098675,0.783224122644759,3.6927864720318406,0.007936507936507936,0.9173560411386529,68,1.588235294117647,1.8529411764705883,0.8571428571428571,108,126,1.8529411764705883,1.588235294117647,0.8412698412698413,0.014705882352941176,1.7938468191968162,69.74714124472223,3747.6075892766567,3537.147735581006,39.821249294,-0.028890449206646854,4.343295798069661,270.8235294117647,118.68469971132035,0.43823629346056603,0.058823529411764705,14,0.16176470588235295,12,0.11764705882352941,68,0.6296296296296297,0.10294117647058823,5,2,13,0.006122448979591836,0.5853670634920635,1,1,-0.3636815071542622,1.1938775510204083
normal_00969,0.14816566675675677,0.1479962064864865,0.21479645775733355,0.3384875109936755,-0.00031821271943724573,0.8445982607989844,3.7557162151691537,0.0,0.7852035422426664,74,1.5,2.2567567567567566,0.6646706586826348,111,167,2.2567567567567566,1.5,0.6586826347305389,0.05405405405405406,1.8289829218495628,71.69177438416666,3535.484764164343,3956.454438782729,13.753188209,0.05618968109789135,4.311890657151016,267.63513513513516,121.89907956144171,0.4554674015423724,0.0945945945945946,14,0.13513513513513514,12,0.10810810810810811,74,0.6666666666666666,0.10810810810810811,5,0,9,0.00476664037584445,0.651001082251082,1,1,-0.36625753978859493,1.1487603305785123
normal_00970,0.39120564065573776,0.39098621754098367,0.017839125698129354,0.06744262253044594,-0.01189917247752512,0.733029035708482,3.8839130838269287,0.03636363636363636,0.9821608743018706,61,1.4754098360655739,1.8032786885245902,0.8181818181818182,90,110,1.8032786885245902,1.4754098360655739,0.7545454545454545,0.046448087431693985,1.5053341576602217,57.086870050277774,3425.2122030169166,2763.8945087913125,152.556238752,-0.10685188105803259,4.348289386497233,255.34426229508196,124.80810406992832,0.4887836638588616,0.16393442622950818,14,0.13114754098360656,12,0.14754098360655737,61,0.6777777777777778,0.14754098360655737,5,0,22,0.006347997206881229,0.6077478077478079,1,1,-0.2932559483680271,1.1235955056179776
normal_00971,1.3309784437777776,1.330739383111111,0.0026025943922399672,0.0069182281565769105,-0.016065488038208172,0.7059834032089302,3.777747380455431,0.0,0.9973974056077604,45,1.5777777777777777,1.7333333333333334,0.9102564102564102,71,78,1.7333333333333334,1.5777777777777777,0.7307692307692307,0.05555555555555555,1.724922880514762,55.38507400583334,4531.506055023546,4064.5337124417633,267.094865457,-0.0543241254361341,4.224751984995958,295.8888888888889,121.34140832270482,0.4100911283906659,0.08888888888888889,14,0.15555555555555556,11,0.17777777777777778,45,0.6338028169014085,0.044444444444444446,5,0,24,0.007996994418205238,0.6710403726708074,1,1,-0.32441720575227884,1.0875912408759123
normal_00972,1.938293599268293,1.938050807073171,0.043050218821815325,0.12284388156127105,-0.10309396312891986,0.7344926593927388,3.6275860342683566,0.0,0.9569497811781846,41,1.5853658536585367,1.853658536585366,0.8552631578947368,65,76,1.853658536585366,1.5853658536585367,0.75,0.07317073170731707,1.8480990424349457,36.88769475916666,3319.8925283381495,3098.384694308234,13.70582803,-0.0345120390325838,4.0803683954053,242.26829268292684,119.85178855366405,0.4947068690929453,0.07317073170731707,14,0.12195121951219512,12,0.12195121951219512,41,0.6307692307692307,0.14634146341463414,5,0,21,0.009096774193548388,0.6491187384044528,1,1,-0.3279824517504913,1.128
normal_00973,1.710124343877551,1.7098964257142855,0.005773581226874177,0.027536243666158235,-0.07971757756734693,0.7126663825953568,3.745184863727699,0.03529411764705882,0.9942264187731258,49,1.3877551020408163,1.7346938775510203,0.8,68,85,1.7346938775510203,1.3877551020408163,0.7647058823529411,0.0,1.819575040631498,49.86038274111112,3739.528705599958,3458.069523527057,83.032335842,-0.03910459754948545,4.165004488172094,244.30612244897958,113.32424058162208,0.46386164802434904,0.10204081632653061,14,0.14285714285714285,11,0.22448979591836735,49,0.7205882352941176,0.22448979591836735,5,2,19,0.008211678832116789,0.5597041847041848,1,1,-0.27649133102947343,1.1167883211678833
normal_00976,0.15494059315789474,0.15473768771929824,0.07312020447441453,0.17123143795173432,-0.00515045098068447,0.8138771678559961,3.834645822004124,0.02702702702702703,0.9268797955255854,57,1.3859649122807018,1.9473684210526316,0.7117117117117118,79,111,1.9473684210526316,1.3859649122807018,0.6846846846846847,0.017543859649122806,1.7732378838852423,50.970035118333335,3276.645114753196,2878.866217467695,39.197599271,-0.0646215847582533,4.228361735073334,234.40350877192984,129.98074852634397,0.5545170770153137,0.05263157894736842,14,0.14035087719298245,12,0.14035087719298245,57,0.7215189873417721,0.15789473684210525,5,2,10,0.006535947712418301,0.6385477582846003,1,1,-0.2906312215047543,1.1111111111111112
normal_00977,0.25068656800000005,0.25044939266666666,0.02981073712158636,0.1244757121312721,-0.010498247284245622,0.6992071192548681,3.8271259966271294,0.03225806451612903,0.9701892628784137,60,1.5333333333333334,2.066666666666667,0.7419354838709677,92,124,2.066666666666667,1.5333333333333334,0.7258064516129032,0.06666666666666667,1.817242041338972,52.153878284722225,3182.270539413356,2401.5039438685553,134.64476479,-0.1398277451717388,4.38425315496904,262.56666666666666,129.80119958008623,0.4943552097756236,0.03333333333333333,14,0.11666666666666667,11,0.21666666666666667,60,0.6521739130434783,0.1,5,0,7,0.006277244986922406,0.6320243248814676,1,1,-0.34189758174450874,1.1612903225806452
normal_00978,2.153394139090909,2.1531749493939394,0.06370410201618439,0.13373232755232248,-0.19230458360294117,0.7801921678417003,3.6998965885035764,0.0,0.9362958979838156,33,1.4545454545454546,1.8181818181818181,0.8,48,60,1.8181818181818181,1.4545454545454546,0.75,0.030303030303030304,1.8016750014528502,28.062956364999998,3157.0825910848753,2564.0679707278987,108.818849218,-0.10365303516310137,3.957294029001357,246.45454545454547,132.7587310944865,0.5386743054368689,0.12121212121212122,14,0.12121212121212122,11,0.15151515151515152,33,0.6875,0.18181818181818182,5,0,11,0.011842105263157895,0.5708112874779542,1,1,-0.3216253120991373,1.125
normal_00980,1.2262607908695653,1.2260551658695653,0.03921184395584013,0.08341907403845586,-0.09125931857354302,0.8460396296690551,3.957467486952778,0.0,0.9607881560441597,46,1.3043478260869565,1.8043478260869565,0.7228915662650602,60,83,1.8043478260869565,1.3043478260869565,0.6987951807228916,0.043478260869565216,1.6436127839848291,42.7030692425,3416.2455394073777,2562.085240678751,5.452317339,-0.14287605188622923,4.2055360759580855,274.60869565217394,124.42087682287078,0.45308425695472254,0.043478260869565216,14,0.13043478260869565,12,0.13043478260869565,46,0.7666666666666667,0.10869565217391304,5,0,12,0.008396946564885497,0.5563585434173672,1,1,-0.2677420572038853,1.0916030534351144
normal_00981,0.19873389407894734,0.19852534657894735,0.08406695788731243,0.22969966564565883,-0.005096656288448392,0.7734243764973139,3.806074980210176,0.006329113924050633,0.9159330421126874,76,1.4210526315789473,2.0789473684210527,0.6835443037974683,108,158,2.0789473684210527,1.4210526315789473,0.6645569620253164,0.046052631578947366,1.6594847326452213,81.13775276,3894.612132481801,3415.6461120296317,33.176492669,-0.0655197127696246,4.351151488166577,266.82894736842104,142.39956817892343,0.5336736121898605,0.13157894736842105,14,0.14473684210526316,12,0.13157894736842105,76,0.7037037037037037,0.10526315789473684,5,0,15,0.004755774869484374,0.6314538463606785,1,1,-0.3237543321043297,1.1223628691983123
normal_00983,0.037146225068493154,0.03694570917808219,0.1783308667006412,0.3139106518439144,-0.0007341015006787606,0.7497640046493333,3.7721484370101734,0.0,0.8216691332993588,73,1.3424657534246576,1.9315068493150684,0.6950354609929078,98,141,1.9315068493150684,1.3424657534246576,0.6879432624113475,0.0547945205479452,1.8391712727655127,62.20083469833333,3110.0417349233057,3004.480962769672,13.875163248,-0.01726394313548991,4.103252299194903,275.4246575342466,136.16410827953763,0.49437878764578963,0.0684931506849315,14,0.136986301369863,12,0.1232876712328767,73,0.7448979591836735,0.136986301369863,5,0,7,0.00519452292979787,0.5782401479584576,1,1,-0.28162956276497203,1.1116279069767443
normal_00984,1.120428018245614,1.1202145764912281,0.030169267993951778,0.13467298476812498,-0.05392674003889033,0.8069622362584116,3.5260832560259328,0.01680672268907563,0.9698307320060483,57,1.4385964912280702,2.087719298245614,0.689075630252101,82,119,2.087719298245614,1.4385964912280702,0.6554621848739496,0.017543859649122806,1.8092953843674313,66.52874340527778,4276.8477903508565,4189.182860973499,133.670723457,-0.010354903376547962,4.264467375249847,275.9298245614035,121.68164840639382,0.44098766271391454,0.07017543859649122,14,0.14035087719298245,12,0.14035087719298245,57,0.6951219512195121,0.14035087719298245,5,0,8,0.0062383612662942275,0.6421989934185055,1,1,-0.330858219932601,1.1166666666666667
normal_00985,0.1704025828947368,0.17017634434210527,0.11483372121724189,0.25370873253096926,-0.007282238603554341,0.8345738654112762,4.095706908252836,0.03225806451612903,0.8851662787827582,76,1.4078947368421053,2.039473684210526,0.6903225806451614,107,155,2.039473684210526,1.4078947368421053,0.6838709677419355,0.019736842105263157,1.5466950022803114,79.0201793113889,3792.9686069521604,3521.918925780864,1.100547994,-0.03705452475631236,4.400851244397967,269.2105263157895,137.18817400825517,0.5095943902554934,0.09210526315789473,13,0.13157894736842105,12,0.15789473684210525,76,0.7102803738317757,0.06578947368421052,5,0,14,0.004888789371547992,0.6120800495800495,1,1,-0.3171499282940998,1.1293103448275863
normal_00986,0.35108833500000003,0.35087284781249994,0.06092162957934197,0.1997720647449971,-0.0134019407606305,0.7479984857824539,3.5382655687672866,0.0,0.939078370420658,32,1.625,1.9375,0.8387096774193549,52,62,1.9375,1.625,0.7741935483870968,0.03125,1.4777930388871006,37.083890994166666,4306.516373521033,3475.112421639871,130.461512834,-0.10684189310060378,3.98860850070383,266.34375,129.30998249393062,0.48550034492617383,0.125,13,0.15625,11,0.1875,32,0.6153846153846154,0.09375,5,0,12,0.011992425836313906,0.6343795093795095,1,1,-0.36557010148259556,1.163265306122449
normal_00990,0.8638693469047619,0.8636440852380952,0.06944998416515091,0.18351902865576805,-0.03360205339599708,0.8018321453442858,3.7343648075114277,0.0,0.9305500158348489,42,1.4761904761904763,1.7380952380952381,0.8493150684931507,62,73,1.7380952380952381,1.4761904761904763,0.821917808219178,0.07142857142857142,1.5645041853799344,30.19308963111111,2651.100552984756,2110.910047467915,85.060427892,-0.11343748488621411,4.129947184448624,269.3333333333333,126.87859891167075,0.4710839068502627,0.09523809523809523,14,0.11904761904761904,12,0.16666666666666666,42,0.6774193548387096,0.11904761904761904,5,0,11,0.009946949602122016,0.5406560846560847,1,1,-0.31905506777215464,1.1538461538461537
normal_00991,0.08171872355555557,0.08150158644444444,0.1074066833362844,0.21764776804119268,-0.006604645584980239,0.799248152473948,3.739712486519256,0.0,0.8925933166637157,45,1.4,2.3333333333333335,0.6,63,105,2.3333333333333335,1.4,0.5904761904761905,0.022222222222222223,1.5786796270171537,40.69585061833334,3329.660505156159,3301.651427861383,200.190064526,-0.00422376108644774,4.183100807643463,277.5777777777778,120.83073978407843,0.43530408216183886,0.08888888888888889,13,0.13333333333333333,12,0.13333333333333333,45,0.7142857142857143,0.1111111111111111,5,0,8,0.007417218543046358,0.6797802826104713,1,1,-0.3526466971624126,1.1125827814569536
normal_00994,0.14857691082191782,0.14834653068493148,0.0647923450966938,0.19615078501624622,-0.004822499776317411,0.7914475843334609,3.7358404465224337,0.0064516129032258064,0.9352076549033063,73,1.4246575342465753,2.1232876712328768,0.6709677419354838,104,155,2.1232876712328768,1.4246575342465753,0.6193548387096774,0.0136986301369863,1.7250391200326998,60.61463083611111,3030.7315418175417,2953.6149436798196,30.575185001,-0.012886385894367702,4.280014930802161,304.5890410958904,133.4145414796843,0.4380149101874051,0.1506849315068493,14,0.1095890410958904,12,0.136986301369863,73,0.7019230769230769,0.1095890410958904,5,0,16,0.004670032455824018,0.6621322780831981,1,1,-0.3269193212427625,1.097457627118644
normal_00995,0.6764420103846154,0.676224709230769,0.15813699928725808,0.3196464171687054,-0.04070928198753522,0.8524409302956634,3.978867621839968,0.019230769230769232,0.8418630007127419,52,1.4423076923076923,2.0,0.7211538461538461,75,104,2.0,1.4423076923076923,0.7019230769230769,0.0,1.7068852194412263,65.25317044972222,4606.106149408078,4357.493805397844,12.765909111,-0.027735769697858705,4.241815267494655,255.34615384615384,130.07643071692235,0.5094121401777347,0.09615384615384616,14,0.17307692307692307,12,0.1346153846153846,52,0.6933333333333334,0.09615384615384616,5,0,11,0.007215996129968556,0.6274987067439899,1,1,-0.3384608021974176,1.1329113924050633
normal_00996,0.13340815453125,0.13315003812499998,0.06510184705632435,0.21657077160067265,-0.004083388186355314,0.6858361987889979,3.609469406176858,0.0,0.9348981529436756,64,1.625,1.921875,0.8455284552845529,104,123,1.921875,1.625,0.8373983739837398,0.03125,1.8611190489266778,70.15936642333334,4009.106652765285,4549.142709442546,39.520166424,0.06310122944792815,4.304632914591539,266.640625,128.51834125018271,0.4819908491070433,0.125,13,0.203125,11,0.140625,64,0.6153846153846154,0.046875,5,2,13,0.006456934804869724,0.5755870921193502,1,1,-0.343226820755778,1.2074468085106382
normal_00997,0.10262553439393939,0.10244212757575759,0.2588715316275989,0.3765446753655164,-0.0029142384494311654,0.7762235888642991,3.8430127586136473,0.0,0.7411284683724011,66,1.4545454545454546,2.121212121212121,0.6857142857142857,96,140,2.121212121212121,1.4545454545454546,0.6714285714285714,0.05303030303030303,1.5659532778884506,80.18873238277779,4441.222101201031,4839.027881697007,179.201188236,0.04286584749646458,4.157734939099117,269.09090909090907,132.30788420867526,0.49168470482953647,0.06060606060606061,14,0.18181818181818182,12,0.10606060606060606,66,0.6875,0.030303030303030304,5,0,7,0.005481233742103307,0.6553990610328638,1,1,-0.35300968746859,1.1346153846153846
peeling_chain_01253,0.06434008918367348,0.06410319489795918,0.18773953460258452,0.3046996044106793,-0.0002969771846938777,0.8075848646779537,3.84494510992878,0.0,0.8122604653974155,49,1.0,2.0,0.5,49,98,2.0,1.0,0.4897959183673469,0.2653061224489796,1.7571211246598768,22.08369436916667,1656.2770776986247,1394.9625038973206,77.250102446,-0.08564210276291183,4.1624392428848935,274.0612244897959,131.16106640362472,0.4785830853956074,0.3877551020408163,14,0.14285714285714285,12,0.12244897959183673,49,1.0,0.08163265306122448,5,0,49,0.006756756756756757,0.6767676767676774,1,1,0.0,0.9932432432432432
peeling_chain_01257,0.1890688634210526,0.1888613193421053,0.13144807638098094,0.27380113678712603,0.0012499974112098432,0.8110778698102303,3.792425199878401,0.013157894736842105,0.868551923619019,76,1.0,2.0,0.5,76,152,2.0,1.0,0.4934210526315789,0.4473684210526316,1.6739556447358215,33.00258214277778,1584.1239428549065,1585.6889666211168,5.822671532,0.0004937274883106555,4.267067810200085,294.9342105263158,124.12513422900466,0.42085702437672784,0.5131578947368421,14,0.13157894736842105,12,0.13157894736842105,76,1.0,0.11842105263157894,5,0,76,0.004366812227074236,0.6732026143790842,1,1,0.0,0.9956331877729258
peeling_chain_01258,0.9987892980555557,0.9985726591666668,0.10195273936484667,0.23248673147366183,-0.14697131175933079,0.9012740203462934,3.844701350762824,0.0,0.8980472606351534,36,1.0,2.0,0.5,36,72,2.0,1.0,0.4861111111111111,0.4722222222222222,1.7155462874217469,14.94113725861111,1536.8026894853997,1350.5898411229825,99.52353404,-0.06449169844017764,3.760067015249464,275.75,130.46934505852323,0.47314359042075516,0.4166666666666667,13,0.16666666666666666,11,0.1388888888888889,36,1.0,0.05555555555555555,5,0,36,0.009174311926605505,0.6803652968036532,1,1,0.0,0.9908256880733946
peeling_chain_01259,0.05740255122807018,0.05718189315789474,0.16945298467177305,0.3022125121023512,0.0005880138916256159,0.7772463977317076,3.734076094697096,0.017543859649122806,0.8305470153282268,57,1.0,2.0,0.5,57,114,2.0,1.0,0.49122807017543857,0.3157894736842105,1.76937917352197,35.83897187666667,2303.933906357822,2210.8583893072264,37.914211739,-0.020615680845376516,4.109401751723125,277.82456140350877,124.24904753975517,0.44722124966949006,0.5263157894736842,14,0.14035087719298245,12,0.12280701754385964,57,1.0,0.03508771929824561,5,0,57,0.005813953488372093,0.6753623188405796,1,1,0.0,0.9941860465116279
peeling_chain_01260,0.0947864811111111,0.09454055518518517,0.11063121777741985,0.2589641204141644,-0.012335490494505498,0.7858995414063072,3.6326030774386426,0.0,0.8893687822225801,27,1.0,2.0,0.5,27,54,2.0,1.0,0.48148148148148145,0.3333333333333333,1.7287677888460868,11.59643811,1605.660661398,1924.278257194548,6.677664101,0.09026150399327211,3.263603705610917,290.2962962962963,119.05422643446487,0.41011279838358655,0.37037037037037035,13,0.18518518518518517,11,0.14814814814814814,27,1.0,0.037037037037037035,5,0,27,0.012195121951219513,0.684848484848485,1,1,0.0,0.9878048780487805
peeling_chain_01262,0.05333358764705882,0.05309419647058824,0.2622452871130474,0.36123668823190125,0.013122594338235295,0.8751756261974709,3.4441009888528145,0.0,0.7377547128869527,17,1.0,2.0,0.5,17,34,2.0,1.0,0.47058823529411764,0.11764705882352941,1.5485652260265899,11.111514370555556,2500.0907334106873,1824.2142849733607,387.573402106,-0.15629712648944807,3.101881223463033,277.11764705882354,94.11819852779614,0.3396326416838324,0.35294117647058826,11,0.17647058823529413,10,0.17647058823529413,17,1.0,0.11764705882352941,5,1,17,0.019230769230769232,0.6952380952380952,1,1,0.0,0.9807692307692307
peeling_chain_01263,0.13531601937499999,0.13511956399999997,0.1630676399367223,0.30461305675692496,-0.006291362646038442,0.846325995779282,3.861350175580335,0.0,0.8369323600632775,80,1.0,2.0,0.5,80,160,2.0,1.0,0.49375,0.35625,1.6897599255855489,31.615758314444445,1440.7181004070508,1360.2742083197593,5.896641953,-0.028719783284180896,4.2044269646538455,281.975,129.74736650091998,0.4601378366909122,0.4125,14,0.125,12,0.2,80,1.0,0.05,5,0,80,0.004149377593360996,0.6728778467908896,1,1,0.0,0.995850622406639
peeling_chain_01264,0.08605404177215191,0.08582647367088608,0.15590453674021496,0.293214672310027,-0.0011547762047224922,0.7922415342832493,3.892702388402791,0.0,0.8440954632597849,79,1.0,2.0,0.5,79,158,2.0,1.0,0.4936708860759494,0.35443037974683544,1.637775348954107,40.14737054388889,1852.9555635697564,1934.5202003370005,12.452160885,0.021535355432376606,4.2819734770946605,276.34177215189874,117.02989822635281,0.4234969520352651,0.5063291139240507,14,0.11392405063291139,12,0.11392405063291139,79,1.0,0.10126582278481013,5,0,79,0.004201680672268907,0.6729559748427664,1,1,0.0,0.9957983193277311
peeling_chain_01265,0.09055252000000001,0.09034638792207793,0.18331967525260348,0.3025616440126695,-0.0006700237701771897,0.8562709630507906,3.975260902469295,0.0,0.8166803247473965,77,1.0,2.0,0.5,77,154,2.0,1.0,0.4935064935064935,0.2662337662337662,1.7350183445341945,33.23472355638889,1574.2763789963683,1575.5117355452605,2.439271013,0.0003922030638152992,4.240940035701596,274.72727272727275,127.83939722657325,0.46533202167184173,0.5194805194805194,14,0.12987012987012986,12,0.12987012987012986,77,1.0,0.07792207792207792,5,0,77,0.004310344827586207,0.673118279569892,1,1,0.0,0.9956896551724138
peeling_chain_01266,0.06661473684931506,0.06639896452054794,0.18426961895974603,0.31487576420581703,-0.0019825213994816744,0.8109633907776661,3.840486468971104,0.0136986301369863,0.815730381040254,73,1.0,2.0,0.5,73,146,2.0,1.0,0.4931506849315068,0.2602739726027397,1.70781156506101,34.15431333694445,1707.7156668561943,1620.1534678113917,24.470956159,-0.026311791570358428,4.390750382306647,275.5890410958904,134.67108445893464,0.48866632694612927,0.5616438356164384,14,0.1095890410958904,11,0.1506849315068493,73,1.0,0.1780821917808219,5,0,73,0.004545454545454545,0.6734693877551015,1,1,0.0,0.9954545454545455
peeling_chain_01269,0.23274640906976743,0.2325566167441861,0.16923686233313326,0.29321213925697587,-0.027973947102083962,0.8977508505423367,3.8907159505450637,0.0,0.8307631376668668,43,1.0,2.0,0.5,43,86,2.0,1.0,0.4883720930232558,0.29069767441860467,1.748777595635263,21.26431768694444,1822.6558017596665,1370.5721247943127,8.446906543,-0.14157576200745145,4.1824521161749635,263.09302325581393,131.88736427318585,0.501295559422522,0.3953488372093023,14,0.11627906976744186,12,0.13953488372093023,43,1.0,0.13953488372093023,5,0,43,0.007692307692307693,0.6781609195402303,1,1,0.0,0.9923076923076923
peeling_chain_01270,0.09687672030303031,0.09668341924242424,0.16336574694231412,0.29543495227448713,0.00015986751508193295,0.7920184596648631,3.8870722635562927,0.015151515151515152,0.836634253057686,66,1.0,2.0,0.5,66,132,2.0,1.0,0.49242424242424243,0.3787878787878788,1.75144955696994,27.069155198888886,1499.2147494843691,1282.0245427095956,6.518597859,-0.07809116151363023,4.204119696501011,296.74242424242425,138.80116499245747,0.46774964970651994,0.5,14,0.12121212121212122,12,0.15151515151515152,66,1.0,0.06060606060606061,5,0,66,0.005025125628140704,0.6741854636591473,1,1,0.0,0.9949748743718593
peeling_chain_01271,0.04764384311688311,0.047431336233766226,0.17931987735141114,0.31028617056900537,-0.0008935808076134391,0.777579994031452,3.9036238044870095,0.006493506493506494,0.8206801226485889,77,1.0,2.0,0.5,77,154,2.0,1.0,0.4935064935064935,0.2857142857142857,1.698712715879119,26.767069382777777,1267.9138128702107,1077.3501983989738,49.393279261,-0.08125465344437266,4.425687600493291,297.2987012987013,127.86836003598069,0.43010063440374424,0.4675324675324675,14,0.14285714285714285,12,0.16883116883116883,77,1.0,0.07792207792207792,5,0,77,0.004310344827586207,0.6731182795698921,1,1,0.0,0.9956896551724138
peeling_chain_01275,0.08419911541666668,0.08397708569444445,0.17814585178986014,0.3071283926872468,-0.0011788928492185993,0.8224260697879824,3.881442407655464,0.0,0.8218541482101398,72,1.0,2.0,0.5,72,144,2.0,1.0,0.4930555555555556,0.3055555555555556,1.7369301584607488,36.12854631611111,1831.869954068718,2342.2547104124483,30.927999182,0.12227348183602223,3.9703316501712833,299.30555555555554,121.606342367133,0.4062949721778922,0.4444444444444444,14,0.1388888888888889,12,0.125,72,1.0,0.08333333333333333,5,0,72,0.004608294930875576,0.6735632183908037,1,1,0.0,0.9953917050691244
peeling_chain_01276,0.07942721600000001,0.07920206560000001,0.15453415318154082,0.2890419711158681,-0.0035674178076923095,0.7552887743877222,3.8790795706010917,0.0,0.8454658468184592,25,1.0,2.0,0.5,25,50,2.0,1.0,0.48,0.34,1.758297570272249,16.944431933611114,2541.664790053667,1714.5224757547421,0.422346424,-0.1943387972948647,3.7834651895800073,268.88,150.12725712985412,0.5583429676058246,0.4,14,0.12,11,0.16,25,1.0,0.0,5,0,25,0.013157894736842105,0.6862745098039216,1,1,0.0,0.9868421052631579
peeling_chain_01277,0.026350488888888888,0.026133172962962962,0.19615210016802517,0.2918537329301477,-0.0016988598717948718,0.7531719108679816,3.840367539449051,0.0,0.8038478998319747,27,1.0,2.0,0.5,27,54,2.0,1.0,0.48148148148148145,0.2037037037037037,1.71441165688666,12.870511456111112,1782.070817016654,918.0043593106095,447.108659021,-0.3200157037410261,3.680089353674609,261.48148148148147,98.79129920049031,0.37781375048346155,0.4444444444444444,12,0.14814814814814814,11,0.14814814814814814,27,1.0,0.1111111111111111,5,0,27,0.012195121951219513,0.6848484848484848,1,1,0.0,0.9878048780487805
peeling_chain_01279,0.17856341108108112,0.17838015648648653,0.14811729589830408,0.30213436401150473,3.3742079184447265e-05,0.8009140608352405,3.8144211448214755,0.013513513513513514,0.8518827041016959,37,1.0,2.0,0.5,37,74,2.0,1.0,0.4864864864864865,0.43243243243243246,1.621240330883311,17.69791775638889,1769.791775644889,1526.6288930882479,34.422352604,-0.07376573168074818,3.938654716721887,259.94594594594594,141.9827739837059,0.5462011475771593,0.35135135135135137,13,0.16216216216216217,12,0.13513513513513514,37,1.0,0.24324324324324326,5,0,37,0.008928571428571428,0.6800000000000004,1,1,0.0,0.9910714285714286
peeling_chain_01281,0.05411395739130434,0.05391207826086957,0.16024814281013675,0.3058930568810947,0.004135077944664032,0.7259825598420426,3.7707534672710885,0.0,0.8397518571898632,23,1.0,2.0,0.5,23,46,2.0,1.0,0.4782608695652174,0.4782608695652174,1.8788262419942665,10.11363810388889,1654.958962486682,1354.9600154178627,43.803883536,-0.09967010715938723,3.2361862832395425,294.04347826086956,112.39721699113274,0.38224693047405783,0.30434782608695654,12,0.17391304347826086,9,0.21739130434782608,23,1.0,0.17391304347826086,5,0,23,0.014285714285714285,0.6879432624113474,1,1,0.0,0.9857142857142858
peeling_chain_01282,0.19835597146666673,0.19813886853333337,0.18249569535606078,0.30282268588907474,0.005704684127738263,0.908970207302028,3.8908694980836773,0.006666666666666667,0.8175043046439393,75,1.0,2.0,0.5,75,150,2.0,1.0,0.49333333333333335,0.3466666666666667,1.650485503828611,31.881672322222222,1551.0002751436891,1624.7756488152281,30.583179327,0.023230660927604344,4.293716237834583,284.44,131.58434146553654,0.4626084287214757,0.37333333333333335,14,0.13333333333333333,12,0.12,75,1.0,0.06666666666666667,5,0,75,0.004424778761061947,0.6732891832229575,1,1,0.0,0.995575221238938
peeling_chain_01284,0.05529081714285714,0.055034610714285725,0.20267482764675085,0.32189793498401886,-0.008976315451559934,0.8433876883987211,3.8028041472378815,0.0,0.7973251723532491,28,1.0,2.0,0.5,28,56,2.0,1.0,0.48214285714285715,0.19642857142857142,1.4882607163695392,13.301511588611111,1773.5348784843704,1433.810825954601,11.574799321,-0.10592062217041054,3.583616975378477,258.82142857142856,136.35684490864094,0.5268375406984885,0.32142857142857145,13,0.14285714285714285,10,0.21428571428571427,28,1.0,0.07142857142857142,5,0,28,0.011764705882352941,0.6842105263157896,1,1,0.0,0.9882352941176471
peeling_chain_01287,0.0732196889552239,0.07300985597014926,0.18350931237894033,0.31669963120840494,-0.004122406500518795,0.8583420561712648,3.8228583843234647,0.007462686567164179,0.8164906876210597,67,1.0,2.0,0.5,67,134,2.0,1.0,0.4925373134328358,0.21641791044776118,1.6400551869657116,31.57426632888889,1722.232708862515,1669.8332160982006,34.538299583,-0.015447663436824624,4.3153395643626835,294.7313432835821,122.82502731954524,0.41673554617964914,0.417910447761194,14,0.1044776119402985,12,0.14925373134328357,67,1.0,0.029850746268656716,5,0,67,0.0049504950495049506,0.6740740740740738,1,1,0.0,0.995049504950495
peeling_chain_01288,0.08287365590909089,0.08263599454545455,0.1485841547514525,0.26999106953497026,-0.002271758802936194,0.8037825616990906,3.7744551302652556,0.0,0.8514158452485475,22,1.0,2.0,0.5,22,44,2.0,1.0,0.4772727272727273,0.29545454545454547,1.4769092849878387,11.580053371388889,1985.1520065416194,1328.0329167230059,94.142215119,-0.19833456478822964,3.447401504688603,290.77272727272725,150.46908615209267,0.5174800524223916,0.5,12,0.18181818181818182,9,0.22727272727272727,22,1.0,0.09090909090909091,5,0,22,0.014925373134328358,0.6888888888888884,1,1,0.0,0.9850746268656716
peeling_chain_01290,0.052850218461538465,0.05262946512820511,0.21418161575105552,0.32136002794024615,-0.001544365753036437,0.8143826180491309,3.907941521450234,0.0,0.7858183842489446,39,1.0,2.0,0.5,39,78,2.0,1.0,0.48717948717948717,0.2692307692307692,1.8670721487577517,20.308060740833334,1923.9215438884742,1703.3287168272202,29.091241684,-0.06081544178253879,4.192346052598858,283.7692307692308,142.57877998504648,0.5024462292777457,0.41025641025641024,13,0.1794871794871795,12,0.1794871794871795,39,1.0,0.07692307692307693,5,0,39,0.00847457627118644,0.6793248945147683,1,1,0.0,0.9915254237288136
peeling_chain_01291,0.18326305923076924,0.18303813173076922,0.17942456435129547,0.3183697714590334,0.0026121756343379147,0.8135950194349134,3.9739766479915986,0.009615384615384616,0.8205754356487045,52,1.0,2.0,0.5,52,104,2.0,1.0,0.49038461538461536,0.3942307692307692,1.8094596793514284,26.189693996666666,1848.6842821178236,1787.672285232833,10.404108781,-0.016778331760089787,4.120844227968149,280.4807692307692,137.6466761896681,0.49075263365531313,0.46153846153846156,14,0.1346153846153846,12,0.15384615384615385,52,1.0,0.057692307692307696,5,0,52,0.006369426751592357,0.6761904761904762,1,1,0.0,0.9936305732484076
peeling_chain_01292,0.1688341214705882,0.16862206529411763,0.16624852047707286,0.2900289300098254,0.010270396128342246,0.8179076140364833,3.918386195290361,0.014705882352941176,0.8337514795229272,34,1.0,2.0,0.5,34,68,2.0,1.0,0.4852941176470588,0.39705882352941174,1.6666219237874722,18.678674877222225,2037.6736229927576,2047.6401098396536,13.312321804,0.0024395890985797345,3.914689224139719,268.94117647058823,124.52964626374708,0.46303674245050314,0.29411764705882354,12,0.14705882352941177,12,0.14705882352941177,34,1.0,0.17647058823529413,5,0,34,0.009708737864077669,0.6811594202898554,1,1,0.0,0.9902912621359223
peeling_chain_01294,0.07672944166666668,0.07654181166666667,0.1405526457948303,0.28364623040771597,-0.0004350241261261257,0.7534172321804239,3.656484420428301,0.0,0.8594473542051698,36,1.0,2.0,0.5,36,72,2.0,1.0,0.4861111111111111,0.4305555555555556,1.8961938265007463,18.893971901944443,1943.3799670628857,1529.174087078773,137.529384039,-0.11927989414307204,3.974937501174516,230.72222222222223,133.87619250873146,0.5802483662791154,0.4722222222222222,12,0.1388888888888889,11,0.2222222222222222,36,1.0,0.08333333333333333,5,2,36,0.009174311926605505,0.6803652968036532,1,1,0.0,0.9908256880733946
peeling_chain_01295,0.05685010095890411,0.056640614794520545,0.17900352301912428,0.3053722849633181,-0.0007531061622238679,0.7943932921959642,3.9326060550690394,0.00684931506849315,0.8209964769808756,73,1.0,2.0,0.5,73,146,2.0,1.0,0.4931506849315068,0.2876712328767123,1.5996706929491495,38.08948614916666,1904.4743074707637,2044.1334064499422,55.609104844,0.03536920076583303,4.247843484974954,275.5890410958904,122.80153767771876,0.4455965926271731,0.4383561643835616,14,0.136986301369863,12,0.136986301369863,73,1.0,0.1095890410958904,5,0,73,0.004545454545454545,0.6734693877551017,1,1,0.0,0.9954545454545455
peeling_chain_01296,0.04904782271186442,0.048821305593220336,0.21766830987993002,0.3341818271453581,-0.0032464680689655158,0.8614931357741132,3.8178302005477645,0.0,0.78233169012007,59,1.0,2.0,0.5,59,118,2.0,1.0,0.4915254237288136,0.2033898305084746,1.8451495312830544,34.52743190611111,2143.081980387638,1985.299894003923,14.400706824,-0.03821886908341508,4.108012127228707,282.864406779661,125.64337292334926,0.4441823358186594,0.3728813559322034,14,0.15254237288135594,12,0.15254237288135594,59,1.0,0.1016949152542373,5,0,59,0.0056179775280898875,0.6750700280112044,1,1,0.0,0.9943820224719101
peeling_chain_01297,0.06305387523809525,0.06285936119047618,0.16502344800817698,0.28872011370266865,-0.0005729678445830971,0.7851023770696625,3.8035323414806004,0.023809523809523808,0.8349765519918231,42,1.0,2.0,0.5,42,84,2.0,1.0,0.4880952380952381,0.36904761904761907,1.5527649004352533,19.254487143888888,1690.637895583122,1423.55921277327,43.810760344,-0.08576165011944617,4.013361542730072,327.95238095238096,108.50648005398108,0.3308604735201979,0.5238095238095238,12,0.14285714285714285,12,0.11904761904761904,42,1.0,0.14285714285714285,5,0,42,0.007874015748031496,0.67843137254902,1,1,0.0,0.9921259842519685
peeling_chain_01298,0.17153309675,0.17126445875,0.17227696195008804,0.3087020433004394,-0.00947903552626642,0.8355644357567268,3.8606775160814646,0.0125,0.827723038049912,40,1.0,2.0,0.5,40,80,2.0,1.0,0.4875,0.275,1.6970892603686556,14.83123523777778,1369.0370988808713,1393.7440468446368,13.035672341,0.008942781443977695,3.8153115322034608,261.575,146.00033148891066,0.5581585835378406,0.525,13,0.15,11,0.175,40,1.0,0.075,5,0,40,0.008264462809917356,0.6790123456790129,1,1,0.0,0.9917355371900827
peeling_chain_01299,0.024149362,0.0239360595,0.18082891833566833,0.3088870975738814,-0.00021252075984990617,0.7261506726389114,3.6985356706284764,0.0,0.8191710816643317,40,1.0,2.0,0.5,40,80,2.0,1.0,0.4875,0.275,1.610232506239953,21.521094256111112,1986.5625467316922,1864.3100168623052,108.912547384,-0.0317467087914458,4.258694969532546,297.975,118.68369673967388,0.39830085322484726,0.425,14,0.15,12,0.175,40,1.0,0.125,5,0,40,0.008264462809917356,0.6790123456790125,1,1,0.0,0.9917355371900827
peeling_chain_01300,0.11751753205128207,0.11732325333333335,0.1359511052898726,0.26464006353750585,-0.007952287884615382,0.8191790088781314,3.9252200077400428,0.02564102564102564,0.8640488947101275,39,1.0,2.0,0.5,39,78,2.0,1.0,0.48717948717948717,0.3717948717948718,1.5682769134531942,13.773325256388889,1304.8413400985528,1142.364606758024,5.080002472,-0.06639275029109397,3.698881629586065,299.53846153846155,112.9431263847909,0.3770571759122449,0.46153846153846156,13,0.1794871794871795,10,0.15384615384615385,39,1.0,0.07692307692307693,5,0,39,0.00847457627118644,0.6793248945147684,1,1,0.0,0.9915254237288136
peeling_chain_01301,0.061273580434782614,0.06107671521739131,0.1489324815692401,0.2888647540569776,-0.00715712206521739,0.7441650673333446,3.7263655546645658,0.0,0.8510675184307598,23,1.0,2.0,0.5,23,46,2.0,1.0,0.4782608695652174,0.43478260869565216,1.47404171746931,12.050322716666667,1971.8709900389547,1473.9313289616164,30.91368837,-0.1445061599534131,3.3931271734310045,266.7826086956522,128.0063764469067,0.4798152963296698,0.5217391304347826,13,0.17391304347826086,10,0.17391304347826086,23,1.0,0.043478260869565216,4,0,23,0.014285714285714285,0.6879432624113471,1,1,0.0,0.9857142857142858
peeling_chain_01302,0.04312404933333333,0.04291763866666666,0.17507723871610462,0.2944306049626413,-0.0005121467180500659,0.773368823509756,3.8458414274787907,0.022222222222222223,0.8249227612838954,45,1.0,2.0,0.5,45,90,2.0,1.0,0.4888888888888889,0.26666666666666666,1.6460320080298991,24.685283907222225,2019.7050469609544,1903.1273259516997,11.232347383,-0.02971774216360338,4.152638373932924,296.26666666666665,135.6873746387763,0.4579906884747175,0.4666666666666667,13,0.1111111111111111,12,0.15555555555555556,45,1.0,0.044444444444444446,5,0,45,0.007352941176470588,0.677655677655678,1,1,0.0,0.9926470588235294
peeling_chain_01303,0.1940243198529412,0.19381802088235292,0.15158012646418947,0.29413220256938044,-0.005362197863877544,0.8257307536723962,3.8770509617786164,0.007352941176470588,0.8484198735358104,68,1.0,2.0,0.5,68,136,2.0,1.0,0.49264705882352944,0.41911764705882354,1.8433104836244407,30.100864698333332,1617.3598942517162,1609.7846414397916,18.806008224,-0.002347354674742339,4.089691202514685,288.72058823529414,124.14084990273825,0.42996881746988236,0.39705882352941174,14,0.14705882352941177,12,0.19117647058823528,68,1.0,0.07352941176470588,5,0,68,0.004878048780487805,0.6739659367396591,1,1,0.0,0.9951219512195122
peeling_chain_01312,0.07417828039215686,0.0739428337254902,0.19319172184703778,0.3071112867023304,-0.00018541320814479656,0.8148841502257825,3.93262111121842,0.0,0.8068082781529622,51,1.0,2.0,0.5,51,102,2.0,1.0,0.49019607843137253,0.3333333333333333,1.8051162840341834,29.29772486527778,2109.4361903100003,1734.6789978049276,45.966884283,-0.09748854396031915,4.169892195212487,257.84313725490193,113.76719607145456,0.44122638780564133,0.49019607843137253,14,0.11764705882352941,12,0.1568627450980392,51,1.0,0.0392156862745098,5,0,51,0.006493506493506494,0.6763754045307446,1,1,0.0,0.9935064935064936
peeling_chain_01314,0.04456777453125,0.04435900453125,0.1719887262012315,0.2969046899019186,-0.0020349840203754575,0.8384632498385973,3.8194841557316206,0.0,0.8280112737987686,64,1.0,2.0,0.5,64,128,2.0,1.0,0.4921875,0.1640625,1.7926549578437605,29.567138158888888,1689.5507519517143,1578.1885192820591,89.960303405,-0.034079289510637455,4.278828469992931,279.546875,130.07725783530486,0.4653146554949143,0.4375,14,0.09375,12,0.140625,64,1.0,0.125,5,0,64,0.0051813471502590676,0.6744186046511625,1,1,0.0,0.9948186528497409
peeling_chain_01316,0.07712904500000001,0.07692708027777778,0.18773113637264371,0.30971202569993617,-0.0012276453122387287,0.8208671775935605,3.9639183758282748,0.006944444444444444,0.8122688636273563,72,1.0,2.0,0.5,72,144,2.0,1.0,0.4930555555555556,0.3125,1.5466316153894497,37.99286987138888,1926.399035737986,1681.0395271616003,23.745731971,-0.06801488211047195,4.406259732772527,260.31944444444446,128.46305178115006,0.4934823522511233,0.3333333333333333,14,0.09722222222222222,12,0.1388888888888889,72,1.0,0.08333333333333333,5,0,72,0.004608294930875576,0.6735632183908038,1,1,0.0,0.9953917050691244
peeling_chain_01317,0.08845934177419354,0.08823267403225805,0.1766963226729922,0.30482752294617405,7.787865251441659e-05,0.8118649113034264,3.9344080039576568,0.0,0.8233036773270078,62,1.0,2.0,0.5,62,124,2.0,1.0,0.49193548387096775,0.3548387096774194,1.7483964083781165,27.50936789416667,1623.5036790044592,1822.0994640849067,9.408696475,0.05763745179962436,4.01730433633396,254.03225806451613,133.08557184819782,0.5238924098151279,0.46774193548387094,13,0.14516129032258066,12,0.12903225806451613,62,1.0,0.14516129032258066,5,0,62,0.0053475935828877,0.6746666666666665,1,1,0.0,0.9946524064171123
peeling_chain_01320,0.05466605731343283,0.054435097761194026,0.18027398909553566,0.30684212849429715,-0.0006377671318540987,0.8089251897080101,3.8309748257730187,0.014925373134328358,0.8197260109044643,67,1.0,2.0,0.5,67,134,2.0,1.0,0.4925373134328358,0.27611940298507465,1.6504896557812738,26.343098105,1436.896260280394,1308.5114079316659,62.525020084,-0.046763493027007705,4.340374131577104,289.07462686567163,122.02475077210781,0.42212196931697765,0.3880597014925373,14,0.13432835820895522,12,0.11940298507462686,67,1.0,0.04477611940298507,5,0,67,0.0049504950495049506,0.6740740740740737,1,1,0.0,0.995049504950495
peeling_chain_01322,0.631273897826087,0.6310717895652173,0.10349419448075488,0.23229830681490662,-0.14718611455533595,0.9082598100888118,3.7918697202363814,0.0,0.8965058055192452,23,1.0,2.0,0.5,23,46,2.0,1.0,0.4782608695652174,0.3695652173913043,1.6309826076607719,8.284535493055555,1355.651262516909,1119.3194487927885,33.01996624,-0.09548873150060795,3.062273239762724,261.2173913043478,132.18683627273356,0.5060414837338335,0.391304347826087,12,0.13043478260869565,9,0.21739130434782608,23,1.0,0.043478260869565216,4,0,23,0.014285714285714285,0.6879432624113474,1,1,0.0,0.9857142857142858
peeling_chain_01324,0.12269444599999998,0.12249408072727275,0.1545843537251424,0.292056306892925,-0.008050930637806637,0.8514517934100788,3.901592379034498,0.00909090909090909,0.8454156462748577,55,1.0,2.0,0.5,55,110,2.0,1.0,0.4909090909090909,0.35454545454545455,1.739016202360025,27.76146853027778,1850.7645686992964,1444.175892517619,110.542194629,-0.12339788259224342,4.172205286877299,249.83636363636364,125.67753616952832,0.5030394068353146,0.38181818181818183,14,0.14545454545454545,12,0.14545454545454545,55,1.0,0.07272727272727272,5,0,55,0.006024096385542169,0.6756756756756754,1,1,0.0,0.9939759036144579
peeling_chain_01326,0.14982503,0.14958034961538463,0.15157644694538214,0.28502471878087476,0.010637739073504272,0.7930525852559948,3.8244998138558035,0.0,0.848423553054618,26,1.0,2.0,0.5,26,52,2.0,1.0,0.4807692307692308,0.40384615384615385,1.4978637260381347,15.751189863333334,2268.17134034928,2346.54804399084,214.216565038,0.016984067093554735,3.3056450063356877,255.73076923076923,117.18346562286257,0.45822982496532216,0.5384615384615384,12,0.11538461538461539,10,0.23076923076923078,26,1.0,0.038461538461538464,5,0,26,0.012658227848101266,0.6855345911949683,1,1,0.0,0.9873417721518988
peeling_chain_01328,0.028869687368421052,0.028655032807017547,0.20608721048142414,0.3213360056685101,-0.0006643181131708583,0.759136327182683,3.796270257675867,0.008771929824561403,0.7939127895185759,57,1.0,2.0,0.5,57,114,2.0,1.0,0.49122807017543857,0.21929824561403508,1.8500811546280271,30.44612595472222,1957.25095424825,2289.792302329331,54.36828797,0.07829949637693463,4.153089909540507,244.33333333333334,127.94576604022132,0.523652521310592,0.43859649122807015,14,0.14035087719298245,12,0.17543859649122806,57,1.0,0.08771929824561403,5,0,57,0.005813953488372093,0.6753623188405795,1,1,0.0,0.9941860465116279
peeling_chain_01329,0.11994385692307692,0.11972800512820513,0.17945925609452282,0.30757305820134034,0.0009649865079224567,0.8592544456389959,3.883719919459436,0.00641025641025641,0.820540743905477,78,1.0,2.0,0.5,78,156,2.0,1.0,0.4935897435897436,0.33974358974358976,1.5838822007132487,45.67437763972222,2135.4254480942986,1886.2488119668715,7.031585561,-0.06195843323313738,4.3925955345483265,257.12820512820514,137.02036619634598,0.5328873436036591,0.44871794871794873,14,0.1794871794871795,12,0.15384615384615385,78,1.0,0.1282051282051282,5,0,78,0.00425531914893617,0.6730360934182585,1,1,0.0,0.9957446808510638
peeling_chain_01331,0.37402284999999996,0.3738017682352941,0.09389306246117907,0.2452635929466985,-0.012658048137254905,0.7190512973501924,3.6823323262046594,0.029411764705882353,0.9061069375388209,17,1.0,2.0,0.5,17,34,2.0,1.0,0.47058823529411764,0.5882352941176471,1.7345216647739803,9.769724345833334,2198.187977859063,2206.243854699146,85.563018087,0.001829038828693658,3.21952828228512,303.4117647058824,148.50970457495757,0.4894658739384022,0.47058823529411764,10,0.17647058823529413,10,0.23529411764705882,17,1.0,0.11764705882352941,5,0,17,0.019230769230769232,0.6952380952380953,1,1,0.0,0.9807692307692307
peeling_chain_01334,0.057610224464285716,0.05741961589285715,0.15384278126792839,0.2844318777015878,-0.002691001642173617,0.8408939490136631,3.812475794590112,0.0,0.8461572187320716,56,1.0,2.0,0.5,56,112,2.0,1.0,0.49107142857142855,0.26785714285714285,1.7763240714537591,30.944281423055557,2025.4438749765454,1602.9746321376829,46.323465738,-0.11643343842793451,4.226935395881245,283.2857142857143,141.46001224704835,0.49935455659573297,0.5178571428571429,13,0.14285714285714285,11,0.16071428571428573,56,1.0,0.10714285714285714,5,0,56,0.005917159763313609,0.6755162241887908,1,1,0.0,0.9940828402366864
peeling_chain_01335,0.08936318388888889,0.08910241055555555,0.19824623813723552,0.32257461469444393,-0.001346094809081528,0.8283082553825768,3.687033946276165,0.0,0.8017537618627645,18,1.0,2.0,0.5,18,36,2.0,1.0,0.4722222222222222,0.19444444444444445,1.6758220575709255,7.645864785277778,1619.1243074917647,1354.3901466162672,56.645328711,-0.08903072944870219,2.738011806386805,253.72222222222223,129.14825295694118,0.5090143536730767,0.2777777777777778,9,0.2222222222222222,8,0.2777777777777778,18,1.0,0.05555555555555555,5,0,18,0.01818181818181818,0.6936936936936935,1,1,0.0,0.9818181818181818
peeling_chain_01339,0.07955343607843136,0.07934252352941179,0.1518526347502511,0.2820832901436689,0.0017812362280542986,0.7977963509123835,3.7857873516864036,0.0196078431372549,0.8481473652497491,51,1.0,2.0,0.5,51,102,2.0,1.0,0.49019607843137253,0.35294117647058826,1.7591489588943654,22.949748742222223,1652.3819094496603,1612.2581735860542,14.444524659,-0.012290401037499944,4.21106602795974,259.5098039215686,132.86028338807947,0.5119663356850814,0.5882352941176471,14,0.13725490196078433,12,0.17647058823529413,51,1.0,0.13725490196078433,5,0,51,0.006493506493506494,0.6763754045307445,1,1,0.0,0.9935064935064936
peeling_chain_01340,0.041464825238095235,0.04127772714285714,0.16065781944011293,0.30133177299449176,-0.0071986945194805205,0.7682802730627899,3.6800282094025096,0.0,0.8393421805598872,21,1.0,2.0,0.5,21,42,2.0,1.0,0.47619047619047616,0.23809523809523808,1.4937095464279155,9.85524282388889,1773.9437083344,2012.2464404536765,143.563126491,0.06293997996787216,2.9443949486421097,270.4761904761905,142.8312357461137,0.5280732307514767,0.5238095238095238,10,0.19047619047619047,11,0.19047619047619047,21,1.0,0.14285714285714285,5,0,21,0.015625,0.6899224806201549,1,1,0.0,0.984375
peeling_chain_01342,0.047487541739130425,0.04728326057971014,0.17751986572685585,0.3069241803191842,0.001000027265984655,0.7921500250645307,3.833446406128433,0.0,0.822480134273144,69,1.0,2.0,0.5,69,138,2.0,1.0,0.4927536231884058,0.26811594202898553,1.7259133369439015,40.85547579972222,2162.9369541149704,2188.7407366870966,48.44963946,0.00592961712827824,4.3943515440662155,289.04347826086956,119.15442708353785,0.4122370371422038,0.42028985507246375,14,0.17391304347826086,12,0.13043478260869565,69,1.0,0.057971014492753624,5,0,69,0.004807692307692308,0.6738609112709827,1,1,0.0,0.9951923076923077
peeling_chain_01346,1.4407151425,1.4404486968749999,0.13208061141411775,0.2800336304734897,-0.41889390222058803,0.7874472340116077,3.8042292966505333,0.03125,0.8679193885858822,16,1.0,2.0,0.5,16,32,2.0,1.0,0.46875,0.5,1.7806390622237958,9.282509550277776,2227.8022921276665,2444.097708244182,104.616810062,0.04629709884614392,2.780639062218025,243.9375,129.471473692084,0.5307567458553277,0.5625,10,0.1875,9,0.1875,16,1.0,0.0625,5,0,16,0.02040816326530612,0.6969696969696969,1,1,0.0,0.9795918367346939
peeling_chain_01348,0.2250650255555556,0.22489335481481484,0.15445075022834623,0.2959891203769297,-0.0008708343406593403,0.7994440363906486,3.934875003296462,0.0,0.8455492497716537,27,1.0,2.0,0.5,27,54,2.0,1.0,0.48148148148148145,0.4444444444444444,1.5448491887125813,11.2540840825,1558.2577960409615,1222.9954439318215,81.289597139,-0.12054362662510404,3.306020262193386,344.6666666666667,113.64248934538254,0.32971708707557795,0.4074074074074074,11,0.18518518518518517,11,0.14814814814814814,27,1.0,0.07407407407407407,4,0,27,0.012195121951219513,0.6848484848484847,1,1,0.0,0.9878048780487805
peeling_chain_01349,0.22044833111111115,0.22021006166666662,0.12437040420649528,0.271264500693226,-0.0183855145984372,0.8656361063415574,3.7736782414586196,0.009259259259259259,0.8756295957935046,54,1.0,2.0,0.5,54,108,2.0,1.0,0.49074074074074076,0.37037037037037035,1.8146281163015379,25.692454755555556,1745.1478702035472,1656.8072066742634,80.822982684,-0.02596761613041628,4.103803881834109,275.4259259259259,133.04696317279792,0.4830589666732393,0.5555555555555556,14,0.12962962962962962,12,0.14814814814814814,54,1.0,0.1111111111111111,5,0,54,0.006134969325153374,0.6758409785932726,1,1,0.0,0.9938650306748467
peeling_chain_01350,0.11699801586956522,0.11677161195652172,0.17076433999263216,0.31356871138824205,-0.0016004885605920443,0.7612674512506474,3.9066699650823162,0.010869565217391304,0.8292356600073679,46,1.0,2.0,0.5,46,92,2.0,1.0,0.4891304347826087,0.3804347826086957,1.296497354573624,18.734811673611112,1498.784933908422,1255.9035697422755,110.620079331,-0.08817017381248876,4.11857955422184,273.2173913043478,149.75400763229132,0.5481130132945099,0.391304347826087,13,0.13043478260869565,12,0.15217391304347827,46,1.0,0.10869565217391304,5,0,46,0.007194244604316547,0.6774193548387101,1,1,0.0,0.9928057553956835
peeling_chain_01352,0.2539694753333333,0.25375701106666665,0.17393293464673665,0.30890515863040924,-0.009062439192318637,0.8707069027760123,3.979669205266731,0.013333333333333334,0.8260670653532635,75,1.0,2.0,0.5,75,150,2.0,1.0,0.49333333333333335,0.37333333333333335,1.5683047496530502,47.520690426111116,2311.8173720914324,2164.6500542747435,65.982000009,-0.032875770959458005,4.355438777609126,256.49333333333334,123.51839488057587,0.48156571274331705,0.36,14,0.12,12,0.13333333333333333,75,1.0,0.13333333333333333,5,0,75,0.004424778761061947,0.6732891832229576,1,1,0.0,0.995575221238938
peeling_chain_01353,0.40731938911764715,0.4071102982352941,0.20984467113667943,0.3347407922038472,0.015145428354469057,0.8965768161164049,3.942634806623063,0.014705882352941176,0.7901553288633205,34,1.0,2.0,0.5,34,68,2.0,1.0,0.4852941176470588,0.27941176470588236,1.7394541964861194,18.875241066944444,2059.1172073147877,2188.1358731581768,69.675776236,0.030376966806277952,3.8414473125022757,307.70588235294116,132.41842072071228,0.4303408817151804,0.4411764705882353,12,0.14705882352941177,12,0.11764705882352941,34,1.0,0.058823529411764705,5,0,34,0.009708737864077669,0.6811594202898553,1,1,0.0,0.9902912621359223
peeling_chain_01355,0.21717304589041098,0.21697155534246573,0.16898095755701031,0.2908420438403876,0.0005050599410712085,0.8833005330371362,3.978378390137223,0.0136986301369863,0.8310190424429896,73,1.0,2.0,0.5,73,146,2.0,1.0,0.4931506849315068,0.3904109589041096,1.5409282095831232,30.510575312500002,1525.5287656310834,1352.318774054748,3.250680932,-0.060187341124833996,4.198396355185262,277.5342465753425,131.59218169444955,0.47414754509846085,0.3972602739726027,14,0.0958904109589041,12,0.136986301369863,73,1.0,0.0958904109589041,5,0,73,0.004545454545454545,0.6734693877551011,1,1,0.0,0.9954545454545455
peeling_chain_01356,0.2252279961111111,0.22497270222222226,0.13651880631679864,0.26658847523991425,-0.02034481909184726,0.6947595850103491,3.571986461551824,0.027777777777777776,0.8634811936832014,18,1.0,2.0,0.5,18,36,2.0,1.0,0.4722222222222222,0.4722222222222222,1.5466316153894497,8.267895469166666,1750.8484523285883,1646.6347171839943,53.118364534,-0.03067380467981684,2.774401919277229,297.6666666666667,123.70505719844516,0.4155824989869378,0.3888888888888889,10,0.16666666666666666,9,0.16666666666666666,18,1.0,0.0,5,0,18,0.01818181818181818,0.6936936936936935,1,1,0.0,0.9818181818181818
peeling_chain_01357,0.49736302833333323,0.49714832111111107,0.15489776629276003,0.2736588857274926,-0.13965233178534572,0.8445245416625983,3.8638263900677323,0.0,0.8451022337072398,18,1.0,2.0,0.5,18,36,2.0,1.0,0.4722222222222222,0.4722222222222222,1.841250170275784,4.689794478611111,993.132948442353,1129.2249446312358,79.940943055,0.06412301932347278,2.191611641744165,284.1111111111111,131.2652854466812,0.46202094994921034,0.6666666666666666,9,0.16666666666666666,8,0.16666666666666666,18,1.0,0.05555555555555555,5,2,18,0.01818181818181818,0.6936936936936935,1,1,0.0,0.9818181818181818
peeling_chain_01358,0.02832048529411765,0.028133653529411766,0.14486198948907578,0.25382639072261054,-0.001069041666666667,0.7360470080269478,3.7045348997991447,0.0,0.8551380105109242,17,1.0,2.0,0.5,17,34,2.0,1.0,0.47058823529411764,0.29411764705882354,1.4466479595059472,8.686554719722222,1954.474811950125,1499.1139669080105,415.298131169,-0.13185149541534907,2.984234164639504,336.05882352941177,134.94418780936587,0.40154930732701205,0.5882352941176471,9,0.23529411764705882,10,0.17647058823529413,17,1.0,0.058823529411764705,4,0,17,0.019230769230769232,0.6952380952380951,1,1,0.0,0.9807692307692307
peeling_chain_01364,0.055318385675675666,0.05509595,0.1423296678069399,0.2736865200573777,-0.0020710461593172113,0.7327825104629488,3.793139095500244,0.013513513513513514,0.8576703321930601,37,1.0,2.0,0.5,37,74,2.0,1.0,0.4864864864864865,0.2972972972972973,1.707075661867978,19.433424459722225,1943.342445973444,2386.3544505969644,18.920776791,0.102319403691846,3.769339513846653,261.2162162162162,141.00849760350044,0.5398152520775495,0.40540540540540543,13,0.1891891891891892,11,0.13513513513513514,37,1.0,0.1891891891891892,5,0,37,0.008928571428571428,0.6800000000000003,1,1,0.0,0.9910714285714286
peeling_chain_01365,1.2373684352631578,1.2371184747368422,0.11651439003611787,0.27450403372169235,-0.31343726866666655,0.8186645161003374,3.73782019802052,0.0,0.883485609963882,19,1.0,2.0,0.5,19,38,2.0,1.0,0.47368421052631576,0.5789473684210527,1.9592989105239187,9.280300169166665,1856.0600338595,1607.7278777223619,62.195290008,-0.07169381107509218,2.9258530145482986,316.05263157894734,107.22379176501751,0.33925929117990555,0.3157894736842105,11,0.21052631578947367,10,0.2631578947368421,19,1.0,0.0,5,0,19,0.017241379310344827,0.6923076923076921,1,1,0.0,0.9827586206896551
peeling_chain_01368,0.08313028283018868,0.08290294169811323,0.1690394444305987,0.31338876273641136,0.0010080831752943072,0.8004402042353569,3.835364092295005,0.0,0.8309605555694011,53,1.0,2.0,0.5,53,106,2.0,1.0,0.49056603773584906,0.330188679245283,1.8125208157902362,30.524543319166668,2113.2376144163463,2102.339970129575,151.841364727,-0.0025850892477276926,4.058043219364197,260.24528301886795,139.77563142688265,0.5370918919469861,0.5283018867924528,12,0.1320754716981132,11,0.18867924528301888,53,1.0,0.05660377358490566,5,0,53,0.00625,0.6760124610591904,1,1,0.0,0.99375
peeling_chain_01373,0.05712581523809524,0.05688707095238095,0.17663555262252006,0.31913665161869076,-0.002635114922077921,0.7270776064408425,3.69507426763608,0.0,0.8233644473774797,21,1.0,2.0,0.5,21,42,2.0,1.0,0.47619047619047616,0.3333333333333333,1.4937095464279155,9.025785658333334,1624.6414185233502,1588.7064633212115,4.478002179,-0.011183026713407387,2.9870900416073503,249.85714285714286,117.78679285653622,0.47141655231318097,0.5714285714285714,9,0.14285714285714285,7,0.23809523809523808,21,1.0,0.047619047619047616,5,0,21,0.015625,0.6899224806201547,1,1,0.0,0.984375
peeling_chain_01374,0.17597431569444444,0.17575513597222223,0.17554304931506104,0.30914791197286784,-0.005302121382243229,0.8624935211840106,3.9324180447742663,0.006944444444444444,0.824456950684939,72,1.0,2.0,0.5,72,144,2.0,1.0,0.4930555555555556,0.3472222222222222,1.7860806972248011,44.947044765277774,2279.005086697761,2607.3047485634597,49.507093698,0.06718764731138833,4.361411120736065,267.7638888888889,124.17712168858125,0.46375604344508786,0.4305555555555556,14,0.1111111111111111,12,0.125,72,1.0,0.1111111111111111,5,0,72,0.004608294930875576,0.6735632183908038,1,1,0.0,0.9953917050691244
peeling_chain_01381,0.13471584647058824,0.1345073084313725,0.1676184451051938,0.30871899937151454,0.004079287885067872,0.8435049381225268,3.8859621044066013,0.0,0.8323815548948063,51,1.0,2.0,0.5,51,102,2.0,1.0,0.49019607843137253,0.3431372549019608,1.6876314140830706,24.489022935,1763.2096513343,1732.4125337193852,64.226506371,-0.008810196292549761,4.153132333012492,240.94117647058823,146.4295614641669,0.6077398791237396,0.49019607843137253,14,0.13725490196078433,12,0.19607843137254902,51,1.0,0.0784313725490196,5,0,51,0.006493506493506494,0.6763754045307444,1,1,0.0,0.9935064935064936
peeling_chain_01385,0.08851687735294117,0.08831980676470587,0.18063106546202348,0.3116700263733457,-0.007047920542398779,0.7983905277352962,3.9525433128864753,0.014705882352941176,0.8193689345379765,34,1.0,2.0,0.5,34,68,2.0,1.0,0.4852941176470588,0.36764705882352944,1.4183533479302504,14.597255900833334,1592.4279164679392,1924.9177065336046,146.333016562,0.09452860927040023,3.502924518263136,304.61764705882354,123.03732242473183,0.40390740199294023,0.4411764705882353,14,0.14705882352941177,12,0.17647058823529413,34,1.0,0.14705882352941177,5,0,34,0.009708737864077669,0.681159420289855,1,1,0.0,0.9902912621359223
peeling_chain_01386,0.4149569625,0.4147696527083333,0.1414690493731766,0.2764070955459502,-0.020451253732631347,0.8580119908970165,4.004518653468958,0.020833333333333332,0.8585309506268235,48,1.0,2.0,0.5,48,96,2.0,1.0,0.4895833333333333,0.4375,1.7232139127395099,24.27680575805556,1859.5000155178725,1984.954490582969,62.072283486,0.03263258151865504,4.09571367870555,285.25,111.55620661371806,0.391082231774647,0.3958333333333333,14,0.125,11,0.1875,48,1.0,0.14583333333333334,4,0,48,0.006896551724137931,0.6769759450171823,1,1,0.0,0.993103448275862
peeling_chain_01387,0.21443383418604653,0.21418423604651163,0.1789244189697941,0.30015788208685296,0.010207308761703412,0.8656459752245648,3.891393207252342,0.011627906976744186,0.8210755810302058,43,1.0,2.0,0.5,43,86,2.0,1.0,0.4883720930232558,0.313953488372093,1.7274903085212645,25.09889547166667,2151.3338975858096,1790.6306710101303,25.819577644,-0.09150341670984516,4.126862359765075,288.04651162790697,140.12493634310982,0.48646635417033124,0.4883720930232558,13,0.16279069767441862,11,0.13953488372093023,43,1.0,0.023255813953488372,5,0,43,0.007692307692307693,0.6781609195402302,1,1,0.0,0.9923076923076923
peeling_chain_01388,0.07196929546875,0.07176732046875,0.15610209846643738,0.2885993382748925,0.0029521716215659337,0.8147511783943522,3.776756009074952,0.0,0.8438979015335626,64,1.0,2.0,0.5,64,128,2.0,1.0,0.4921875,0.3046875,1.6810441693884153,28.687155910833333,1639.2660520491745,1441.1218060710157,70.16038505,-0.06432444714902769,4.378524413858854,300.734375,135.2268220538284,0.4496553546757946,0.46875,14,0.15625,12,0.171875,64,1.0,0.140625,5,0,64,0.0051813471502590676,0.6744186046511623,1,1,0.0,0.9948186528497409
peeling_chain_01389,0.23872285230769236,0.23853631653846155,0.11022755509109057,0.24553978827241216,-0.0030127324547008557,0.8135147679885143,4.0439211510494,0.038461538461538464,0.8897724449089096,26,1.0,2.0,0.5,26,52,2.0,1.0,0.4807692307692308,0.40384615384615385,1.7758589482388696,11.934804967777778,1718.6119153761997,1193.0108244736955,293.029325292,-0.18051826691311007,3.4594911601803995,245.69230769230768,126.74155411096055,0.5158547913094825,0.4230769230769231,12,0.23076923076923078,9,0.19230769230769232,26,1.0,0.11538461538461539,5,0,26,0.012658227848101266,0.6855345911949686,1,1,0.0,0.9873417721518988
peeling_chain_01391,0.11423047764705883,0.11402015411764706,0.18027544195988374,0.3052097822139479,-0.0005662381169599573,0.8059198603217922,4.035299740150406,0.0,0.8197245580401163,68,1.0,2.0,0.5,68,136,2.0,1.0,0.49264705882352944,0.38235294117647056,1.7745223510708408,38.93601551277778,2092.0844156120597,1793.7999631950286,17.925554734,-0.07676102100304906,4.355865694717855,283.0,119.28168091951535,0.4214900385848599,0.4117647058823529,14,0.1323529411764706,12,0.16176470588235295,68,1.0,0.08823529411764706,5,0,68,0.004878048780487805,0.673965936739659,1,1,0.0,0.9951219512195122
peeling_chain_01393,0.058835300624999996,0.058640553437500006,0.1568888552094913,0.2943125007738152,-0.005108489609604106,0.7920279637091855,3.729030173009267,0.0,0.8431111447905086,32,1.0,2.0,0.5,32,64,2.0,1.0,0.484375,0.34375,1.7819849456470092,18.41196334,2138.1634846469356,1874.6688212229626,48.808614738,-0.06566301388636095,3.976409765532866,257.4375,135.2524372209002,0.5253797027274588,0.5,11,0.125,12,0.15625,32,1.0,0.03125,5,0,32,0.010309278350515464,0.6820512820512821,1,1,0.0,0.9896907216494846
peeling_chain_01394,0.08272283454545454,0.08247621363636364,0.14393164609310596,0.31120713746185374,-0.011593219367588932,0.7535216670058498,3.689561096323299,0.0,0.856068353906894,22,1.0,2.0,0.5,22,44,2.0,1.0,0.4772727272727273,0.29545454545454547,1.5285040787368935,10.046785610277778,1722.3061046586668,1609.193649070931,102.049258524,-0.03395241301191958,3.1746742319642154,279.3181818181818,141.67178243882563,0.5072057304563327,0.5454545454545454,10,0.18181818181818182,11,0.18181818181818182,22,1.0,0.045454545454545456,5,0,22,0.014925373134328358,0.6888888888888888,1,1,0.0,0.9850746268656716
peeling_chain_01395,0.17095122671232876,0.17072946164383562,0.1540519186502598,0.28288762918795374,0.0031023949549549546,0.8365625477662177,3.879304615733365,0.0136986301369863,0.8459480813497403,73,1.0,2.0,0.5,73,146,2.0,1.0,0.4931506849315068,0.3835616438356164,1.7949221684375303,29.96204595805556,1498.1022979116806,1397.6271969115314,28.104490857,-0.034697681941552795,4.207369259735385,288.09589041095893,126.67896479591867,0.439711113599071,0.3972602739726027,14,0.136986301369863,12,0.136986301369863,73,1.0,0.136986301369863,5,0,73,0.004545454545454545,0.6734693877551015,1,1,0.0,0.9954545454545455
peeling_chain_01399,0.6365548320588236,0.6363595426470589,0.16997694001793529,0.2858021179835805,-0.05033989711989923,0.9292141883730877,3.969981148355618,0.0,0.8300230599820647,68,1.0,2.0,0.5,68,136,2.0,1.0,0.49264705882352944,0.375,1.7381446587035936,38.84440693583333,2087.162163730015,2575.485490278897,19.906780879,0.10473090887084832,4.241875254655814,254.36764705882354,141.9040988344693,0.5578700769349547,0.5,14,0.16176470588235295,12,0.1323529411764706,68,1.0,0.1323529411764706,5,0,68,0.004878048780487805,0.6739659367396589,1,1,0.0,0.9951219512195122
peeling_chain_01402,0.29807586500000005,0.29785143444444445,0.12515025528855725,0.25032632475063427,-0.08401799042311661,0.8479420536525257,3.697159723403951,0.0,0.8748497447114427,18,1.0,2.0,0.5,18,36,2.0,1.0,0.4722222222222222,0.3888888888888889,1.2516291673834947,7.1570005763888895,1515.6001220888236,1032.444906982749,46.665506548,-0.1896180050170154,2.891061112061111,269.3333333333333,145.6639969244288,0.5408316717491168,0.5,11,0.16666666666666666,8,0.2777777777777778,18,1.0,0.05555555555555555,5,0,18,0.01818181818181818,0.6936936936936936,1,1,0.0,0.9818181818181818
peeling_chain_01407,0.050913404117647054,0.05066675294117647,0.11094433419803504,0.24255576880505159,-0.00731914392156863,0.6777699012659666,3.52512709185618,0.029411764705882353,0.889055665801965,17,1.0,2.0,0.5,17,34,2.0,1.0,0.47058823529411764,0.4117647058823529,1.7130788426210228,10.256771663611111,2307.7736243633126,2229.536257694211,7.787607144,-0.017243117332251357,2.939829017453418,276.05882352941177,165.47185205807486,0.5994079448087093,0.7647058823529411,10,0.17647058823529413,10,0.17647058823529413,17,1.0,0.11764705882352941,4,0,17,0.019230769230769232,0.6952380952380952,1,1,0.0,0.9807692307692307
peeling_chain_01409,0.2722869703125,0.27205183328125,0.16906453592891313,0.3040245015653396,-0.009165329606456043,0.8772023558805226,3.8478675190744034,0.0,0.8309354640710869,64,1.0,2.0,0.5,64,128,2.0,1.0,0.4921875,0.4140625,1.6946610782377893,34.59109442222223,1976.6339669893969,1856.8646645736064,2.473112825,-0.031242818617352112,4.4604792966375495,264.640625,117.9151385985459,0.4455670349121413,0.484375,14,0.140625,12,0.15625,64,1.0,0.09375,5,0,64,0.0051813471502590676,0.6744186046511623,1,1,0.0,0.9948186528497409
peeling_chain_01411,0.08511522823529412,0.08488530147058823,0.15029326295227705,0.2903644046034525,-0.005718828438502674,0.7524889119536874,3.8054844893599484,0.0,0.8497067370477229,34,1.0,2.0,0.5,34,68,2.0,1.0,0.4852941176470588,0.3382352941176471,1.4333844330576873,13.930713098888889,1519.7141562521213,1408.6708286998114,29.878128213,-0.037919647902487974,3.6601297526130576,286.0,140.19834434677094,0.4902040012124858,0.47058823529411764,13,0.11764705882352941,12,0.14705882352941177,34,1.0,0.058823529411764705,5,0,34,0.009708737864077669,0.6811594202898552,1,1,0.0,0.9902912621359223
peeling_chain_01413,0.05405819590909091,0.05385344613636364,0.1887607450672677,0.3244730277590807,0.0008119640796335449,0.7522337843663542,3.836226791199649,0.011363636363636364,0.8112392549327322,44,1.0,2.0,0.5,44,88,2.0,1.0,0.48863636363636365,0.3068181818181818,1.8099423598777795,20.986132957777777,1756.9785732207908,1757.2593630179224,58.300354531,7.990062204839667e-05,4.024899448639426,284.22727272727275,128.43075478165017,0.451859364336527,0.5681818181818182,13,0.1590909090909091,12,0.13636363636363635,44,1.0,0.1590909090909091,5,1,44,0.007518796992481203,0.6779026217228469,1,1,0.0,0.9924812030075187
peeling_chain_01414,0.6791667286363636,0.6789434609090907,0.1318646754000844,0.2585402425686293,-0.0782051925200846,0.8920811878349865,3.8637850679067953,0.0,0.8681353245999158,44,1.0,2.0,0.5,44,88,2.0,1.0,0.48863636363636365,0.3977272727272727,1.375070343984577,25.335838983333336,2121.140007920721,1523.1453794226088,30.265121538,-0.16409105350940917,4.282739856996073,253.45454545454547,126.42700891624983,0.49881531494933573,0.38636363636363635,14,0.11363636363636363,12,0.1590909090909091,44,1.0,0.18181818181818182,5,0,44,0.007518796992481203,0.6779026217228465,1,1,0.0,0.9924812030075187
peeling_chain_01416,0.069184593125,0.068998128125,0.11739572823267663,0.2623732313736563,-0.00045562911656891564,0.7456413535346811,3.7523702132160026,0.0,0.8826042717673234,32,1.0,2.0,0.5,32,64,2.0,1.0,0.484375,0.4375,1.5575167455942824,14.645238523888889,1700.7373769966127,1599.9260808342576,32.10891098,-0.03054273707402035,3.516126766999675,306.5,150.38338103102544,0.4906472464307518,0.375,13,0.125,12,0.25,32,1.0,0.125,5,0,32,0.010309278350515464,0.6820512820512822,1,1,0.0,0.9896907216494846
peeling_chain_01418,0.06695138581395349,0.0667220746511628,0.1433085177746494,0.2777551649554487,-0.0022120883222591366,0.7907894763651896,3.7723905924344026,0.011627906976744186,0.8566914822253505,43,1.0,2.0,0.5,43,86,2.0,1.0,0.4883720930232558,0.36046511627906974,1.734586630455121,18.623907924444445,1596.3349649615,1623.1753836089874,11.507838571,0.008336801482686654,3.8676705684283643,299.4186046511628,124.56423712059258,0.41602036475227033,0.37209302325581395,14,0.16279069767441862,12,0.18604651162790697,43,1.0,0.046511627906976744,5,0,43,0.007692307692307693,0.6781609195402301,1,1,0.0,0.9923076923076923
peeling_chain_01420,0.09946416770833333,0.09924380375000001,0.17037300650086404,0.30288602045047147,-0.0014903704472427272,0.7822261881481699,3.856423026406965,0.010416666666666666,0.8296269934991359,48,1.0,2.0,0.5,48,96,2.0,1.0,0.4895833333333333,0.40625,1.8248927569319318,27.263335119999997,2088.2554560111066,2226.5935206573326,58.036550075,0.03206092852710663,4.323934896252315,252.47916666666666,124.58680466712003,0.493453801800624,0.3958333333333333,14,0.125,11,0.14583333333333334,48,1.0,0.0625,5,0,48,0.006896551724137931,0.6769759450171825,1,1,0.0,0.993103448275862
peeling_chain_01422,0.042415092413793105,0.04221409568965519,0.19224880503935401,0.31949141614834137,0.0008936518665600297,0.8079023523539339,3.8180308484300522,0.0,0.807751194960646,58,1.0,2.0,0.5,58,116,2.0,1.0,0.49137931034482757,0.2672413793103448,1.8099992000884322,25.633737263333334,1618.9728797930175,1391.4884665417042,12.703993974,-0.07556463514413787,4.4304984516552315,246.8448275862069,130.19442973560842,0.5274343036016825,0.41379310344827586,14,0.13793103448275862,12,0.13793103448275862,58,1.0,0.10344827586206896,5,0,58,0.005714285714285714,0.6752136752136749,1,1,0.0,0.9942857142857143
peeling_chain_01426,0.1953500553333333,0.19506760066666667,0.0801170693996984,0.15577057555525733,-0.059146272785714264,0.763695466949137,4.006238928627421,0.0,0.9198829306003017,15,1.0,2.0,0.5,15,30,2.0,1.0,0.4666666666666667,0.36666666666666664,1.781937063540933,9.8270564175,2526.9573645302858,2763.7214231665507,18.983246009,0.04475116863772677,3.05656476211797,327.4,130.69091125902474,0.3991781040287867,0.6,11,0.2,12,0.13333333333333333,15,1.0,0.06666666666666667,4,1,15,0.021739130434782608,0.6989247311827957,1,1,0.0,0.9782608695652174
peeling_chain_01427,0.07615190178082192,0.07593769794520548,0.18726200188779002,0.30943123137962447,0.0021778345844131798,0.8573547814125121,3.8943973231772064,0.00684931506849315,0.8127379981122099,73,1.0,2.0,0.5,73,146,2.0,1.0,0.4931506849315068,0.2945205479452055,1.6526683605062258,30.02837370388889,1501.4186851946945,1493.4979563007737,3.140122949,-0.002644724325270601,4.223536121810187,280.83561643835617,135.86421057015286,0.4837855407844085,0.4794520547945205,14,0.1506849315068493,12,0.1506849315068493,73,1.0,0.1095890410958904,5,0,73,0.004545454545454545,0.6734693877551016,1,1,0.0,0.9954545454545455
peeling_chain_01429,0.05383898185185184,0.053629227037037035,0.19025986609460815,0.32270155210880236,-0.00020890333600152473,0.790340265166882,3.8400121389469706,0.027777777777777776,0.8097401339053917,54,1.0,2.0,0.5,54,108,2.0,1.0,0.49074074074074076,0.25925925925925924,1.5542993132818532,28.337348697499998,1924.8010436122645,1497.4571429780422,15.457601228,-0.12487190543037235,4.263603705595048,271.5925925925926,136.06886693093546,0.5010036011366776,0.5185185185185185,13,0.1111111111111111,12,0.18518518518518517,54,1.0,0.12962962962962962,5,0,54,0.006134969325153374,0.6758409785932723,1,1,0.0,0.9938650306748467
peeling_chain_01430,0.314107025,0.3138840388888889,0.08537227810424648,0.23743866114515721,-0.07933598674922601,0.8179620460723618,3.5968919324488153,0.0,0.9146277218957535,18,1.0,2.0,0.5,18,36,2.0,1.0,0.4722222222222222,0.3888888888888889,1.4627552262587327,8.239726431944444,1744.8832444418235,1240.6388838540697,88.442195583,-0.16889654101327045,3.1552215288450847,247.83333333333334,127.71671317227597,0.5153330726520886,0.5,10,0.16666666666666666,10,0.16666666666666666,18,1.0,0.05555555555555555,5,0,18,0.01818181818181818,0.6936936936936936,1,1,0.0,0.9818181818181818
peeling_chain_01431,0.14196331730769232,0.14175467692307692,0.1832970503250544,0.29304715353707234,-0.0015616740983067556,0.861918956099911,3.974464568134761,0.019230769230769232,0.8167029496749455,78,1.0,2.0,0.5,78,156,2.0,1.0,0.4935897435897436,0.30128205128205127,1.8511996124036103,34.546662803333334,1615.1686505542077,1317.5766538060434,17.350337456,-0.101472158630932,4.385979425003155,267.2564102564103,143.61785837453934,0.5373785356046277,0.5,14,0.11538461538461539,12,0.1282051282051282,78,1.0,0.0641025641025641,5,0,78,0.00425531914893617,0.6730360934182583,1,1,0.0,0.9957446808510638
peeling_chain_01432,0.06884434185185186,0.06856814037037037,0.14208334482965437,0.28645209102300095,-0.005136305897435897,0.7198223400226357,3.6999266334246412,0.037037037037037035,0.8579166551703458,27,1.0,2.0,0.5,27,54,2.0,1.0,0.48148148148148145,0.3888888888888889,1.7287677888460868,12.178285708055554,1686.224174966,1782.9113834094417,147.120027259,0.0278706919393831,3.408053132642442,252.62962962962962,154.80437981981004,0.6127720649662617,0.37037037037037035,13,0.18518518518518517,11,0.25925925925925924,27,1.0,0.0,5,0,27,0.012195121951219513,0.6848484848484847,1,1,0.0,0.9878048780487805
peeling_chain_01434,0.14395175087500003,0.14373245937499998,0.17080564484446298,0.3044246378151497,0.0024414506363103607,0.8576327013717995,3.927985783280735,0.00625,0.829194355155537,80,1.0,2.0,0.5,80,160,2.0,1.0,0.49375,0.375,1.5577890681661497,40.03399357138889,1824.3338842671265,1456.4784601573,18.031883978,-0.11212327481484209,4.386803095471803,261.0625,141.4458203515986,0.5418082656513233,0.4625,14,0.1,12,0.1375,80,1.0,0.1125,5,0,80,0.004149377593360996,0.6728778467908891,1,1,0.0,0.995850622406639
peeling_chain_01442,0.4247830076190477,0.42456914142857144,0.09276833544924988,0.22875615459161422,0.00783452196103896,0.835354043550113,3.7675833523397992,0.0,0.9072316645507502,21,1.0,2.0,0.5,21,42,2.0,1.0,0.47619047619047616,0.4523809523809524,1.819026945758335,13.965504665,2513.7908397297,2748.75520893841,43.936885268,0.044648420562168105,3.3320953986443,278.6190476190476,111.3442751965615,0.3996290854773187,0.42857142857142855,12,0.19047619047619047,10,0.19047619047619047,21,1.0,0.09523809523809523,5,0,21,0.015625,0.6899224806201549,1,1,0.0,0.984375
peeling_chain_01443,0.08427751653846155,0.08405579576923078,0.17686890987948095,0.3026709033867527,-0.007949842547008548,0.807810300164958,3.8300862379991365,0.019230769230769232,0.823131090120519,26,1.0,2.0,0.5,26,52,2.0,1.0,0.4807692307692308,0.34615384615384615,1.66918033686096,11.812259836944445,1700.96541652576,1483.3634343315837,179.50717241,-0.06833527326663813,3.507380102406323,266.6923076923077,131.39460239470088,0.49268238567381356,0.4230769230769231,12,0.15384615384615385,10,0.15384615384615385,26,1.0,0.038461538461538464,4,0,26,0.012658227848101266,0.6855345911949685,1,1,0.0,0.9873417721518988
peeling_chain_01444,0.1265027987142857,0.12629284642857141,0.15409770989735178,0.2860331242725007,-0.00437100432630566,0.853355829786908,3.853230728325879,0.014285714285714285,0.8459022901026483,70,1.0,2.0,0.5,70,140,2.0,1.0,0.4928571428571429,0.32857142857142857,1.7243632710222216,27.895280938055556,1455.4059619903624,1474.7707461321029,13.229096222,0.006608742772427767,4.268499539934212,258.7857142857143,129.65516057036018,0.5010135931507156,0.4714285714285714,14,0.14285714285714285,12,0.12857142857142856,70,1.0,0.07142857142857142,5,0,70,0.004739336492890996,0.6737588652482264,1,1,0.0,0.995260663507109
peeling_chain_01445,0.13249278446428572,0.13226254339285717,0.15271866966035072,0.28551595887918013,-0.004633869377648667,0.8188018711399364,3.9206777755137625,0.008928571428571428,0.8472813303396493,56,1.0,2.0,0.5,56,112,2.0,1.0,0.49107142857142855,0.3482142857142857,1.724403423418993,23.966223196111113,1568.6982455748182,1427.1991480728746,23.108437806,-0.047230955840466764,4.325324235242784,265.4642857142857,137.03137852805358,0.5161951565700929,0.42857142857142855,14,0.125,12,0.16071428571428573,56,1.0,0.23214285714285715,5,0,56,0.005917159763313609,0.6755162241887904,1,1,0.0,0.9940828402366864
peeling_chain_01447,0.04670136078947368,0.046506640789473676,0.1982147591270341,0.31217288343205674,-0.00321148564503775,0.8054729996241727,3.9377434370029523,0.0,0.8017852408729659,38,1.0,2.0,0.5,38,76,2.0,1.0,0.4868421052631579,0.27631578947368424,1.7774962584901393,17.15339995027778,1668.9794546345404,1334.5231300681642,96.885252748,-0.11135543091249968,4.043337052606634,295.5263157894737,130.719575415737,0.4423280379161181,0.3684210526315789,13,0.13157894736842105,12,0.18421052631578946,38,1.0,0.13157894736842105,5,0,38,0.008695652173913044,0.6796536796536801,1,1,0.0,0.991304347826087
peeling_chain_01451,0.03251546757575758,0.0322907803030303,0.1631548678356928,0.30409741074344515,-0.0007547603275401077,0.7432822569824525,3.6944938337212476,0.0,0.8368451321643072,33,1.0,2.0,0.5,33,66,2.0,1.0,0.48484848484848486,0.30303030303030304,1.8667461462561974,16.551841939722223,1862.0822182468437,1618.1912124946962,84.372080498,-0.07007811616117238,3.8997141947637046,289.2121212121212,135.65046018530438,0.46903449142026876,0.36363636363636365,13,0.12121212121212122,11,0.15151515151515152,33,1.0,0.06060606060606061,5,0,33,0.01,0.6815920398009954,1,1,0.0,0.99
peeling_chain_01452,0.09189031142857143,0.09166201607142857,0.13996481887716403,0.27184124593438036,-0.005627701869184455,0.7640835078535514,3.7491695476413107,0.017857142857142856,0.8600351811228358,28,1.0,2.0,0.5,28,56,2.0,1.0,0.48214285714285715,0.35714285714285715,1.7157801421358871,11.198677023888889,1493.156936546259,1472.2245037411305,67.759703732,-0.007058934314736847,3.3693312610956485,244.92857142857142,126.53207134701098,0.516608048660879,0.5,12,0.14285714285714285,11,0.17857142857142858,28,1.0,0.17857142857142858,5,0,28,0.011764705882352941,0.6842105263157894,1,1,0.0,0.9882352941176471
peeling_chain_01455,0.06703562806451614,0.06681659419354839,0.13574466320994644,0.25676895513642034,0.0023714394153225805,0.7911196205859058,3.7675190554053226,0.0,0.8642553367900538,31,1.0,2.0,0.5,31,62,2.0,1.0,0.4838709677419355,0.27419354838709675,1.346186428033015,16.206169791111112,1944.7403749521,1892.3923080867967,110.142495943,-0.01364249589197034,3.6955011487971965,237.1290322580645,128.87998084406124,0.5435014836302405,0.2903225806451613,13,0.16129032258064516,12,0.1935483870967742,31,1.0,0.0967741935483871,5,0,31,0.010638297872340425,0.6825396825396823,1,1,0.0,0.9893617021276596
peeling_chain_01458,0.24119811176470585,0.24095509500000004,0.1189603644288753,0.2495238396119447,-0.003952912117647059,0.7849103136465175,3.8754093055667926,0.0,0.8810396355711247,34,1.0,2.0,0.5,34,68,2.0,1.0,0.4852941176470588,0.4411764705882353,1.492790774355161,15.627029551666666,1704.7668601977878,2006.3759282363249,19.266015876,0.08127121084602586,3.6427741506782656,240.8235294117647,131.1063576084226,0.5444084219206605,0.6764705882352942,14,0.11764705882352941,12,0.20588235294117646,34,1.0,0.08823529411764706,5,0,34,0.009708737864077669,0.6811594202898553,1,1,0.0,0.9902912621359223
peeling_chain_01460,0.12649343938775512,0.12626768591836735,0.1653740288900484,0.29697156298427085,0.004043260730612245,0.8264406758538694,3.909154510488857,0.02040816326530612,0.8346259711099516,49,1.0,2.0,0.5,49,98,2.0,1.0,0.4897959183673469,0.3469387755102041,1.5857016394344186,21.435374277500003,1607.6530708253958,1995.3588612331275,35.649319217,0.10760602454797372,4.068292752028857,281.0816326530612,118.61103039183263,0.42198072236983947,0.46938775510204084,13,0.1836734693877551,12,0.16326530612244897,49,1.0,0.08163265306122448,5,0,49,0.006756756756756757,0.6767676767676768,1,1,0.0,0.9932432432432432
peeling_chain_01462,0.13875588361702126,0.13856725191489358,0.16181227568928647,0.2942155267712187,-0.0008593260545790938,0.828009327300365,3.9035634131005748,0.0,0.8381877243107135,47,1.0,2.0,0.5,47,94,2.0,1.0,0.48936170212765956,0.3723404255319149,1.683529499931275,19.495008980277778,1525.6963549959346,1551.0743248056704,95.858130623,0.00824824871620662,4.0175924482985765,289.0425531914894,133.96234990973957,0.46346930038702683,0.3617021276595745,14,0.1276595744680851,12,0.19148936170212766,47,1.0,0.0851063829787234,5,0,47,0.007042253521126761,0.6771929824561409,1,1,0.0,0.9929577464788732
peeling_chain_01465,0.1767897159574468,0.17657905489361703,0.14416865265349735,0.28166092641026763,-0.010780784271507865,0.8404417362917682,3.8815614657053468,0.02127659574468085,0.8558313473465025,47,1.0,2.0,0.5,47,94,2.0,1.0,0.48936170212765956,0.3617021276595745,1.8436236018893486,23.56386176361111,1844.1283119489783,1785.6677621175381,0.612048334,-0.01610573945162322,4.240239117374631,259.4255319148936,125.24805729307413,0.4827900182706868,0.3404255319148936,14,0.1702127659574468,12,0.14893617021276595,47,1.0,0.0851063829787234,5,0,47,0.007042253521126761,0.6771929824561408,1,1,0.0,0.9929577464788732
peeling_chain_01469,0.18420893921052628,0.18397843473684206,0.1506726771471553,0.2778784469557886,-0.023328569259218727,0.8756655195954773,3.8775964765708784,0.0,0.8493273228528446,38,1.0,2.0,0.5,38,76,2.0,1.0,0.4868421052631579,0.3157894736842105,1.6090389372361906,16.2263334425,1578.778389014784,1402.526122539449,85.186163316,-0.05911917611644773,3.724919540239649,294.1578947368421,126.412778672349,0.4297446403246791,0.34210526315789475,13,0.13157894736842105,11,0.18421052631578946,38,1.0,0.13157894736842105,5,0,38,0.008695652173913044,0.6796536796536801,1,1,0.0,0.991304347826087
peeling_chain_01470,0.0602852755,0.060032696499999996,0.15774326116939755,0.2956916490676322,0.0055235559624060146,0.8107329301374957,3.69708513337489,0.0,0.8422567388306025,20,1.0,2.0,0.5,20,40,2.0,1.0,0.475,0.175,1.8016094970532566,12.064767663055557,2285.9559782637893,1540.740688901756,77.209296108,-0.19474114469439208,3.408694969545529,269.3,135.3580437210881,0.5026292005981734,0.5,10,0.25,10,0.2,20,1.0,0.15,5,0,20,0.01639344262295082,0.6910569105691055,1,1,0.0,0.9836065573770492
peeling_chain_01471,0.04251721777777779,0.042299202407407414,0.15615517305058493,0.2899360789543419,-0.0004612764402515725,0.7371516570156733,3.784456583392858,0.009259259259259259,0.8438448269494151,54,1.0,2.0,0.5,54,108,2.0,1.0,0.49074074074074076,0.2777777777777778,1.7603311092168656,27.82197817527778,1889.7947439850566,1886.2638668952081,73.604371417,-0.0009350694609651032,4.158946586070504,269.4074074074074,134.55538503608187,0.49944946329037815,0.5,14,0.12962962962962962,12,0.12962962962962962,54,1.0,0.07407407407407407,5,0,54,0.006134969325153374,0.6758409785932717,1,1,0.0,0.9938650306748467
peeling_chain_01473,0.143358554,0.1431284112,0.15886429031934543,0.30796740061455297,1.0097207681365518e-05,0.8490640015711989,3.801449406703872,0.02,0.8411357096806547,75,1.0,2.0,0.5,75,150,2.0,1.0,0.49333333333333335,0.36666666666666664,1.5909142340696703,36.51410080527778,1776.361660801703,1598.712453447421,25.121863718,-0.05263564631196398,4.262962818016601,260.6,129.35118758530874,0.49635912350463823,0.44,14,0.10666666666666667,12,0.14666666666666667,75,1.0,0.06666666666666667,5,0,75,0.004424778761061947,0.6732891832229574,1,1,0.0,0.995575221238938
peeling_chain_01474,0.029454371304347825,0.029224648260869568,0.17533572396393873,0.32532256652079206,0.001292512608695652,0.7005109641850583,3.678043412783609,0.0,0.8246642760360613,23,1.0,2.0,0.5,23,46,2.0,1.0,0.4782608695652174,0.30434782608695654,1.5504949818090417,9.068030278611111,1483.8595001465458,1739.9821379941293,93.250126051,0.07944640791825625,2.9966308482716917,264.8695652173913,120.97945142867937,0.4567510477445216,0.6086956521739131,11,0.21739130434782608,11,0.21739130434782608,23,1.0,0.043478260869565216,5,0,23,0.014285714285714285,0.6879432624113474,1,1,0.0,0.9857142857142858
peeling_chain_01476,0.15006808941176472,0.14986533647058825,0.09420429555324425,0.23754360515669928,-0.034178608161764705,0.7751867365944629,3.7382186359073097,0.0,0.9057957044467557,17,1.0,2.0,0.5,17,34,2.0,1.0,0.47058823529411764,0.5294117647058824,1.6589797521184344,11.717874250833335,2636.5217064835624,3026.056473919367,278.8927898,0.06879106213207048,2.984234164639504,290.05882352941177,144.09175487698596,0.49676735609587536,0.5294117647058824,12,0.11764705882352941,9,0.17647058823529413,17,1.0,0.0,5,0,17,0.019230769230769232,0.6952380952380951,1,1,0.0,0.9807692307692307
peeling_chain_01477,0.10099230741379311,0.10076085155172414,0.1643476899972452,0.29039642880456074,0.0022830772379956324,0.8027633068736342,3.9352067428584103,0.0,0.8356523100027548,58,1.0,2.0,0.5,58,116,2.0,1.0,0.49137931034482757,0.3620689655172414,1.4735200660318124,28.1109102375,1775.4259097377194,1607.3669146663433,10.293772265,-0.049680546162617155,4.306028090467755,311.12068965517244,132.39058078359574,0.42552805128559446,0.46551724137931033,14,0.1206896551724138,12,0.15517241379310345,58,1.0,0.06896551724137931,5,0,58,0.005714285714285714,0.6752136752136749,1,1,0.0,0.9942857142857143
peeling_chain_01481,0.037897821639344256,0.03770689131147541,0.21623575316798335,0.3149071683694903,-0.00034789014383923865,0.7898347612115276,3.908045912686575,0.0,0.7837642468320167,61,1.0,2.0,0.5,61,122,2.0,1.0,0.4918032786885246,0.29508196721311475,1.683186927470674,28.717856710833335,1723.0714026614164,1681.7990076671304,20.707339607,-0.012121575866466987,4.184778428284951,264.672131147541,126.63171289366069,0.4784474751634129,0.47540983606557374,14,0.11475409836065574,12,0.18032786885245902,61,1.0,0.09836065573770492,5,0,61,0.005434782608695652,0.6747967479674793,1,1,0.0,0.9945652173913043
peeling_chain_01482,0.05997354255813955,0.05977712279069766,0.17667664993505627,0.30100243825486117,0.000501078692237994,0.8529778373232538,3.7610703608620897,0.0,0.8233233500649441,43,1.0,2.0,0.5,43,86,2.0,1.0,0.4883720930232558,0.27906976744186046,1.677006285700837,20.468688467222222,1754.4590114962616,1556.4226830220223,4.901176954,-0.059813773715358495,4.004882999356042,289.3488372093023,126.44157011591415,0.43698661911142167,0.32558139534883723,14,0.16279069767441862,11,0.18604651162790697,43,1.0,0.023255813953488372,5,0,43,0.007692307692307693,0.6781609195402305,1,1,0.0,0.9923076923076923
peeling_chain_01483,0.1998218062222222,0.199622072,0.14930283596103455,0.2974929276742124,0.014528706923583658,0.8441252536344014,3.852834267059504,0.0,0.8506971640389657,45,1.0,2.0,0.5,45,90,2.0,1.0,0.4888888888888889,0.4,1.8104751194330282,23.790239034166664,1946.4741028167723,1616.3542449449062,120.569195331,-0.0926566833002947,4.250201918943997,287.0,131.65485179058157,0.45872770658739226,0.4888888888888889,13,0.2,12,0.13333333333333333,45,1.0,0.06666666666666667,5,0,45,0.007352941176470588,0.6776556776556779,1,1,0.0,0.9926470588235294
peeling_chain_01485,0.11933075294871791,0.11911744820512822,0.16624407526055818,0.2912951105392022,-0.003981373280390497,0.8441161476546919,3.919642404229128,0.0,0.833755924739442,78,1.0,2.0,0.5,78,156,2.0,1.0,0.4935897435897436,0.30128205128205127,1.6079465639875543,35.46795885666667,1658.2422322722337,1394.358730042542,56.65302559,-0.0864454625702502,4.388871251786105,272.52564102564105,128.12339064395397,0.4701333429095549,0.5128205128205128,14,0.11538461538461539,12,0.14102564102564102,78,1.0,0.08974358974358974,5,0,78,0.00425531914893617,0.6730360934182585,1,1,0.0,0.9957446808510638
peeling_chain_01488,0.06997771642857142,0.06974394904761905,0.15837715953524426,0.2971175193107152,0.002351910250384896,0.7425529108710602,3.7975364064426076,0.023809523809523808,0.8416228404647557,42,1.0,2.0,0.5,42,84,2.0,1.0,0.4880952380952381,0.36904761904761907,1.6086819372351762,21.124229493888887,1854.8103945855123,1896.2931972739823,39.683437293,0.01105882620210607,4.236857303391778,274.2857142857143,124.95292493366193,0.4555575388206425,0.5,13,0.23809523809523808,12,0.16666666666666666,42,1.0,0.09523809523809523,5,0,42,0.007874015748031496,0.6784313725490199,1,1,0.0,0.9921259842519685
peeling_chain_01495,0.23941682228070177,0.23914997631578946,0.1740019312903849,0.31206841260738316,-0.0135248052722323,0.8412032455739318,3.908726170815222,0.008771929824561403,0.825998068709615,57,1.0,2.0,0.5,57,114,2.0,1.0,0.49122807017543857,0.35964912280701755,1.6791776859949161,28.674939209444442,1843.3889491838393,1366.2772480586277,4.79600178,-0.14864838640700842,4.383255093375582,304.7368421052632,118.68032186083958,0.3894518333948104,0.5263157894736842,14,0.12280701754385964,12,0.15789473684210525,57,1.0,0.017543859649122806,5,0,57,0.005813953488372093,0.6753623188405795,1,1,0.0,0.9941860465116279
peeling_chain_01497,0.1334035462745098,0.13316997,0.14668254245480297,0.27907546528351873,-0.002819419725791855,0.8350206972158685,3.8025138166433985,0.00980392156862745,0.8533174575451972,51,1.0,2.0,0.5,51,102,2.0,1.0,0.49019607843137253,0.3235294117647059,1.8051162840341834,20.579090924444444,1481.6945465698402,1275.1691938680558,33.59405286,-0.07491315209832614,4.093418969140539,301.6078431372549,138.3500023030535,0.45870823803508826,0.45098039215686275,14,0.13725490196078433,12,0.11764705882352941,51,1.0,0.058823529411764705,5,0,51,0.006493506493506494,0.6763754045307446,1,1,0.0,0.9935064935064936
peeling_chain_01499,0.05919463468749999,0.058969237187499995,0.1747243456188914,0.30500312674798724,-0.0029650614757326006,0.8201359969206062,3.7667036112134227,0.0078125,0.8252756543811086,64,1.0,2.0,0.5,64,128,2.0,1.0,0.4921875,0.2265625,1.4772170014581545,30.534292655555554,1744.8167231847144,1530.191402384882,14.698591887,-0.06553428650272566,4.22877739940121,278.5625,125.07786463728193,0.4490118542060828,0.4375,14,0.109375,12,0.140625,64,1.0,0.125,5,0,64,0.0051813471502590676,0.6744186046511623,1,1,0.0,0.9948186528497409
peeling_chain_01500,0.14411013692307695,0.14386982211538463,0.13382863251270244,0.2697203082673881,0.0025070482826773668,0.8346092634377552,3.8089360133029335,0.009615384615384616,0.8661713674872975,52,1.0,2.0,0.5,52,104,2.0,1.0,0.49038461538461536,0.3173076923076923,1.6339924032876714,23.465031102500003,1656.3551366599802,1394.1164414234033,32.106047924,-0.08596660828465803,4.3484442849565035,274.75,133.57848174131087,0.48618191716582665,0.4807692307692308,13,0.1346153846153846,12,0.1346153846153846,52,1.0,0.1346153846153846,5,0,52,0.006369426751592357,0.6761904761904765,1,1,0.0,0.9936305732484076
ransomware_01001,0.8876571651724139,0.8874363424137932,0.0007339632297193567,0.0012409481593418487,0.011887266177339902,0.40833754039398135,3.496465703543097,0.0,0.9992660367702805,29,1.7241379310344827,1.0,1.7241379310344827,50,29,1.0,1.7241379310344827,0.41379310344827586,0.0,1.7197144126840607,65.86358397416667,8468.175082417141,11955.965993338557,445.062473735,0.17076805815161394,4.004364184682173,277.37931034482756,135.37261112338985,0.4880414871430017,0.41379310344827586,13,0.1724137931034483,10,0.20689655172413793,29,0.58,0.10344827586206896,5,0,4,0.008662280701754385,0.6691542288557214,1,1,0.0,0.8229166666666666
ransomware_01002,0.45051181874999996,0.450289804375,0.000918390331793581,0.0011044179105204452,-0.004232989710410557,0.4046245047774352,3.7272170014393997,0.0,0.9990816096682065,32,1.6875,1.0,1.6875,54,32,1.0,1.6875,0.28125,0.0,1.6831573285124286,73.15459815277778,8495.372688716903,8004.278127487454,62.162152487,-0.02976393662507958,4.077819531087372,241.625,105.96187689371452,0.438538548965192,0.53125,14,0.1875,12,0.21875,32,0.5925925925925926,0.125,5,0,3,0.007305470608222901,0.6363636363636364,1,1,0.0,0.7889908256880734
ransomware_01003,1.3616350140983604,1.3614213183606558,0.0007714552446084661,0.0012897185518114865,0.010877441760444214,0.6721180096595337,3.661825403214885,0.0,0.9992285447553915,61,1.6885245901639345,1.0,1.6885245901639345,103,61,1.0,1.6885245901639345,0.26229508196721313,0.0,1.664515430257865,114.68230326416666,6880.938195856933,5398.833411851044,357.589451097,-0.120694816756655,4.323962444607461,267.60655737704917,131.71690333040334,0.4922035716218209,0.3770491803278688,14,0.13114754098360656,12,0.14754098360655737,61,0.5922330097087378,0.16393442622950818,5,0,3,0.0037725432462274566,0.5957207207207207,1,1,0.0,0.784688995215311
ransomware_01004,1.0500682713157894,1.0498385332894737,0.003455509204865524,0.012565648809480783,0.027961182470403273,0.6888031329805854,3.497035826778557,0.0,0.9965444907951344,76,1.75,1.0,1.75,133,76,1.0,1.75,0.34210526315789475,0.0,1.6358347856791189,171.40803440638888,8227.585651509187,8120.58846055475,113.347857457,-0.006544901603138673,4.358492284542924,252.96052631578948,129.11095391581858,0.5103996097582425,0.4342105263157895,14,0.11842105263157894,12,0.13157894736842105,76,0.5714285714285714,0.07894736842105263,5,0,4,0.0031277124300380112,0.7131147540983607,1,1,0.0,0.806949806949807
ransomware_01005,0.7022091450000001,0.7019699322857141,0.0013067033123906869,0.0019134387227772703,0.0061099596791181895,0.5545154123012443,3.9168435111564577,0.02857142857142857,0.9986932966876095,70,1.6428571428571428,1.0,1.6428571428571428,115,70,1.0,1.6428571428571428,0.32857142857142857,0.0,1.8233851806005286,137.81804587638888,7190.506741380682,8014.4301607154885,56.673119447,0.054187888094505636,4.396422660538245,266.92857142857144,113.18054339738217,0.42401059875925884,0.5857142857142857,14,0.12857142857142856,12,0.14285714285714285,70,0.6086956521739131,0.07142857142857142,5,0,5,0.00345200776235259,0.6162551440329218,1,1,0.0,0.7974137931034483
ransomware_01007,0.48343241868421055,0.4831938939473684,0.002104873885794291,0.0044604557173000495,0.0016289031327278696,0.470007799392795,3.6126915795439767,0.0,0.9978951261142056,38,1.736842105263158,1.0,1.736842105263158,66,38,1.0,1.736842105263158,0.3157894736842105,0.0,1.7029050254339115,76.97678448527778,7489.633085060298,8232.434358701707,16.945234817,0.0472457758051488,3.7904517769650026,289.3157894736842,125.23558454307775,0.4328681292192973,0.3684210526315789,13,0.13157894736842105,11,0.15789473684210525,38,0.5757575757575758,0.10526315789473684,5,0,3,0.006201550387596899,0.6467391304347826,1,1,0.0,0.8
ransomware_01008,0.7176358878723404,0.717413994255319,0.0014818903518793367,0.0017808875290632284,0.0063295540298334875,0.671962041003608,3.5108630548834174,0.0425531914893617,0.9985181096481208,47,1.553191489361702,1.0,1.553191489361702,73,47,1.0,1.553191489361702,0.3829787234042553,0.0,1.6283129656694122,80.79102255027779,6322.77567784924,7219.258199733563,35.41104052,0.06619999107876556,4.232483202978879,283.2340425531915,133.28315930769958,0.47057605825284554,0.425531914893617,13,0.14893617021276595,12,0.1276595744680851,47,0.6438356164383562,0.0851063829787234,5,0,5,0.005441683294032287,0.5669934640522876,1,1,0.0,0.8053691275167785
ransomware_01010,0.863902555102041,0.8636980046938776,0.0010304246243051907,0.0015403273866310796,0.0022432741306122454,0.7010064936437611,3.7642805693329717,0.0,0.9989695753756949,49,1.489795918367347,1.0,1.489795918367347,73,49,1.0,1.489795918367347,0.42857142857142855,0.0,1.694688925607008,94.4248270636111,7081.862029787876,6106.564996846035,144.094857241,-0.07395097466682247,4.213260161165379,268.734693877551,130.16044194093112,0.4843455084375475,0.4489795918367347,13,0.14285714285714285,12,0.14285714285714285,49,0.6712328767123288,0.12244897959183673,5,0,4,0.005458612975391499,0.5264026402640264,1,1,2.7338241414248594e-08,0.8133333333333334
ransomware_01014,0.6082809586956522,0.6080276486956523,0.001676987603819598,0.003353771066246892,0.007359685766265802,0.47694116811189413,3.306825113299774,0.043478260869565216,0.9983230123961802,46,1.7173913043478262,1.0,1.7173913043478262,79,46,1.0,1.7173913043478262,0.2391304347826087,0.0,1.6668127273810898,65.45162042416666,5236.129633938156,4653.3511924955055,161.95286297,-0.05892912395208231,4.205536075959528,261.17391304347825,140.25156831728813,0.5370045066252085,0.3695652173913043,14,0.13043478260869565,12,0.13043478260869565,46,0.5822784810126582,0.08695652173913043,5,0,5,0.004913522012578616,0.6769005847953216,1,1,0.0,0.78125
ransomware_01015,0.6674418954545455,0.6671932220000001,0.0012575464079158589,0.0030892309939949654,0.014752326634920637,0.5039574343827706,3.5040632442142803,0.03636363636363636,0.9987424535920841,55,1.6545454545454545,1.0,1.6545454545454545,91,55,1.0,1.6545454545454545,0.2727272727272727,0.0,1.7817135810288949,102.90140136000001,6860.093424011205,6523.766364499111,237.494084148,-0.025129302370667517,4.317190167800918,299.8545454545455,122.30705412287342,0.4078879442613411,0.4909090909090909,14,0.12727272727272726,12,0.16363636363636364,55,0.6043956043956044,0.12727272727272726,5,0,3,0.0042429526300494045,0.5852417302798981,1,1,0.0,0.7849462365591398
ransomware_01019,0.6127169566666667,0.61249462625,0.004075065123069596,0.006327968390509212,0.019787803630434787,0.5929718702493492,2.8699100232610815,0.041666666666666664,0.9959249348769305,24,1.5833333333333333,1.0,1.5833333333333333,38,24,1.0,1.5833333333333333,0.4166666666666667,0.0,1.7499999999942293,31.11320886888889,4869.893562104652,4720.0367305936525,531.905973852,-0.015626477663252616,3.886842188107928,265.125,130.0913767486063,0.490679403106483,0.625,10,0.25,11,0.16666666666666666,24,0.631578947368421,0.25,5,0,5,0.01087719298245614,0.5801282051282052,1,1,0.0,0.8157894736842105
ransomware_01020,0.8198515743181819,0.8196085945454545,0.0016095642253469921,0.003837102513710389,0.00668363651726568,0.6059576973937314,3.634870824581704,0.0,0.9983904357746531,44,1.75,1.0,1.75,77,44,1.0,1.75,0.25,0.0,1.7370697875157932,84.54434441944446,7078.13116072042,6512.832251182058,181.044415578,-0.0415937334540459,3.9883167105840434,286.1363636363636,128.2105083871363,0.4480748505984112,0.45454545454545453,14,0.13636363636363635,12,0.1590909090909091,44,0.5714285714285714,0.09090909090909091,5,0,2,0.005135387488328665,0.6424242424242425,1,1,0.0,0.7857142857142857
ransomware_01022,0.8040580506666667,0.8038280593333335,0.0018275467846662996,0.003745985446676243,0.11818630432142856,0.6283158091420552,3.0062389286404056,0.0,0.9981724532153335,15,1.6666666666666667,1.0,1.6666666666666667,25,15,1.0,1.6666666666666667,0.2,0.0,1.2419460322017177,27.94854599611111,7186.768970446143,6314.605612659402,1053.20173342,-0.06459811572653427,3.506890595591207,306.06666666666666,147.62087863687782,0.4823160922572789,0.4,10,0.2,8,0.13333333333333333,15,0.6,0.06666666666666667,4,0,2,0.015082956259426848,0.6126126126126127,1,1,4.480417753924286e-08,0.7692307692307693
ransomware_01023,0.7548167573529413,0.7545947844117646,0.0043542730949695,0.008324313924581819,0.006594437984721158,0.6219023678029585,3.5761664298976936,0.0,0.9956457269050306,34,1.5,1.0,1.5,51,34,1.0,1.5,0.29411764705882354,0.0,1.6601297526274859,75.56110177527779,8243.029284593606,7143.790390721305,233.27369864,-0.07144029221553891,4.175123135084607,306.55882352941177,126.02601731784678,0.41109897235026294,0.5,12,0.17647058823529413,11,0.14705882352941177,34,0.6666666666666666,0.029411764705882353,5,0,3,0.007220523275569147,0.4977777777777777,1,1,0.0,0.7798165137614679
ransomware_01025,0.6962227736363636,0.6959931448484848,0.0007802008603634841,0.0009110599868852627,-0.006449249254679145,0.4545765567537788,2.928832376068951,0.0,0.9992197991396365,33,1.606060606060606,1.0,1.606060606060606,53,33,1.0,1.606060606060606,0.45454545454545453,0.0,1.5788905152688015,67.00018869861111,7537.5212286003125,8079.688787818927,181.543851767,0.034716031778314047,3.9831956342217607,246.24242424242425,127.71624561479794,0.51866060857597,0.45454545454545453,13,0.15151515151515152,11,0.12121212121212122,33,0.6226415094339622,0.09090909090909091,5,0,4,0.008028379387602688,0.5539906103286384,1,1,0.0,0.8269230769230769
ransomware_01028,1.2203067977551023,1.2200615977551021,0.0016796639383990463,0.003701713529733867,0.004621248351020406,0.600304215839585,3.5501943449358087,0.04081632653061224,0.9983203360616011,49,1.9183673469387754,1.0,1.9183673469387754,94,49,1.0,1.9183673469387754,0.24489795918367346,0.0,1.5825242209141595,100.95946951083333,7571.960213326645,7516.107543714255,52.024053381,-0.003701777491443601,4.132481466880422,287.48979591836735,116.49447813254562,0.40521256679880285,0.4489795918367347,14,0.14285714285714285,12,0.16326530612244897,49,0.5212765957446809,0.20408163265306123,5,0,3,0.004438237119801365,0.712468193384224,1,1,0.0,0.7944444444444444
ransomware_01030,0.993981543478261,0.9937682184782611,0.0017836229051042042,0.003193617001838467,-0.019688429823620106,0.5867135727435204,3.5968404237928278,0.021739130434782608,0.9982163770948959,46,1.6956521739130435,1.0,1.6956521739130435,78,46,1.0,1.6956521739130435,0.32608695652173914,0.0,1.668889048590477,78.75589640055556,6300.471712064866,6533.596956962869,23.23494665,0.018164562689352032,4.147818205697494,287.1304347826087,127.68931195081846,0.44470838504979177,0.5652173913043478,14,0.15217391304347827,12,0.15217391304347827,46,0.5897435897435898,0.08695652173913043,5,0,4,0.005194805194805195,0.6345565749235474,1,1,0.0,0.8
ransomware_01032,1.2213282553947369,1.2210918264473682,0.0012297423502114076,0.002392587015470282,-0.017128683895420372,0.6528875759980349,3.8066602510387044,0.0,0.9987702576497884,76,1.9342105263157894,1.0,1.9342105263157894,147,76,1.0,1.9342105263157894,0.27631578947368424,0.0,1.5778740069904063,131.8542011363889,6329.00165455228,6340.19166314245,44.463621793,0.0008832455476499036,4.386849429248118,283.88157894736844,125.55412825871963,0.44227641935864154,0.5394736842105263,14,0.10526315789473684,12,0.11842105263157894,76,0.5170068027210885,0.06578947368421052,5,0,3,0.0028958782432537723,0.750825082508251,1,1,0.0,0.802158273381295
ransomware_01034,0.6358486085,0.6356307357500001,0.0014362322887963097,0.003060987359407969,0.0055230526313320835,0.5442828450122661,3.6812867722282716,0.025,0.9985637677112036,40,1.525,1.0,1.525,61,40,1.0,1.525,0.325,0.0,1.7737191894107018,84.70249723916666,7818.692052860077,7091.128374928939,80.816361987,-0.04879761506551081,4.146439344639276,287.375,140.0691564540302,0.48740898287613815,0.425,13,0.15,11,0.15,40,0.6557377049180327,0.075,5,0,4,0.006213090551181103,0.5303030303030304,1,1,0.0,0.7890625
ransomware_01035,0.8866085828205129,0.886414151025641,0.0007846286658370059,0.0010285904583884884,0.0017260061740890708,0.5188469725796045,3.7408168096732366,0.0,0.999215371334163,39,1.6923076923076923,1.0,1.6923076923076923,66,39,1.0,1.6923076923076923,0.3333333333333333,0.0,1.8481266341126248,97.64314405666666,9250.403121170051,7462.312011184256,72.232249275,-0.10698986345577159,4.070425860238577,258.20512820512823,137.69018989769054,0.5332589281042632,0.4358974358974359,11,0.1794871794871795,12,0.15384615384615385,39,0.5909090909090909,0.1794871794871795,5,2,3,0.006165590135055784,0.605072463768116,1,1,0.0,0.8015267175572519
ransomware_01036,0.6075816468421052,0.607354539868421,0.001560825943749908,0.004159172311357595,0.004955188275187971,0.578002206338667,3.6070208003852553,0.013157894736842105,0.9984391740562498,76,1.513157894736842,1.0,1.513157894736842,115,76,1.0,1.513157894736842,0.4473684210526316,0.0,1.7562353310325005,123.05561158444445,5906.669356058186,5813.001861608316,95.501565611,-0.007992331244640502,4.3752988955840655,299.67105263157896,125.06663697489641,0.41734640659021416,0.4868421052631579,14,0.13157894736842105,12,0.13157894736842105,76,0.6608695652173913,0.06578947368421052,5,0,6,0.0035333727985792512,0.5636942675159236,1,1,0.0,0.8197424892703863
ransomware_01037,0.6893745085507246,0.6891402888405795,0.001781205318415761,0.0030864892303619873,0.0013813065988308364,0.5712660147816334,3.8581709292582103,0.014492753623188406,0.998218794681584,69,1.681159420289855,1.0,1.681159420289855,116,69,1.0,1.681159420289855,0.3188405797101449,0.0,1.7403272228267053,121.87410406861112,6452.1584507023235,6610.859828903088,75.80439825,0.01214890577383148,4.408521196654446,273.9130434782609,131.25835986042213,0.4791971867920173,0.4492753623188406,14,0.13043478260869565,12,0.14492753623188406,69,0.5948275862068966,0.08695652173913043,5,0,4,0.00345200776235259,0.6646216768916156,1,1,0.0,0.7974137931034483
ransomware_01040,0.6217227760714286,0.6215113744642858,0.0009209773906969015,0.0011967312946671819,-0.0028938579709501017,0.49314803606407426,3.6679538082340857,0.017857142857142856,0.9990790226093031,56,1.6607142857142858,1.0,1.6607142857142858,93,56,1.0,1.6607142857142858,0.2857142857142857,0.0,1.6186948451849263,104.11423713138889,6814.750066784109,7444.542380030804,106.088307575,0.044167150340434454,4.277913127530427,278.05357142857144,134.66786343281177,0.4843234443669295,0.39285714285714285,13,0.125,12,0.14285714285714285,56,0.6021505376344086,0.03571428571428571,5,0,3,0.004193403129573343,0.62531328320802,1,1,0.0,0.7883597883597884
ransomware_01042,0.776388814375,0.7761704835,0.00274146335997789,0.01054907141495448,0.010232322871073602,0.6541263351197766,3.359137946158718,0.0,0.9972585366400221,80,1.5625,1.0,1.5625,125,80,1.0,1.5625,0.35,0.0,1.7904597533804727,142.156083075,6477.998722405215,6166.59700567304,82.876412319,-0.024627257638667247,4.333694969529661,253.6625,125.58611385687067,0.49509136690236305,0.4,14,0.1125,12,0.1375,80,0.64,0.025,5,0,4,0.0031158803501945527,0.5536723163841807,1,1,0.0,0.7976653696498055
ransomware_01044,1.3346629154285716,1.3344462485714286,0.001059380648841295,0.0020050183465578353,-0.014576930921568629,0.6347349735277751,3.2198852619759277,0.0,0.9989406193511589,35,1.7714285714285714,1.0,1.7714285714285714,62,35,1.0,1.7714285714285714,0.34285714285714286,0.0,1.8402399758840087,65.73241095916666,6959.902336871619,6134.735782587901,12.560928151,-0.06301560583468624,4.207435516730672,300.9142857142857,145.03800139528775,0.48199107945642533,0.37142857142857144,13,0.17142857142857143,12,0.14285714285714285,35,0.5645161290322581,0.11428571428571428,5,0,3,0.006792717086834734,0.7078431372549019,1,1,0.0,0.8083333333333333
ransomware_01045,0.8033729662500001,0.8031661099999999,0.0020152460161070684,0.007434096030062894,-0.010039424264003479,0.5693323567967221,3.693959251312483,0.041666666666666664,0.9979847539838929,48,1.9375,1.0,1.9375,93,48,1.0,1.9375,0.1875,0.0,1.7037417133326656,99.55976497055555,7625.854338187574,6217.068368018914,72.554969187,-0.10176940231971601,4.262380345367889,296.7083333333333,136.40754929088823,0.45973615826166514,0.375,14,0.1875,11,0.25,48,0.5161290322580645,0.0625,5,0,2,0.004376163873370577,0.7348484848484849,1,1,0.0,0.7833333333333333
ransomware_01048,0.50566905,0.505436829375,0.0008120201512663721,0.0007850995734222459,0.0013800676617647068,0.40588585934589705,3.1556390622151396,0.0,0.9991879798487335,16,1.625,1.0,1.625,26,16,1.0,1.625,0.25,0.0,1.3663146570320706,31.78062486888889,7627.349968593666,7725.307378613977,1612.053218376,0.006380485658277746,3.7499999999798015,302.625,127.9733696256113,0.4228777187132963,0.375,8,0.3125,10,0.1875,16,0.6153846153846154,0.0625,4,2,3,0.014675052410901468,0.6535087719298245,1,1,0.0,0.7777777777777778
ransomware_01052,0.9566891485135135,0.9564382340540541,0.006299538723125921,0.028285537637262593,0.002629107201184747,0.6595699056855354,3.540881673436529,0.0,0.993700461276874,74,1.527027027027027,1.0,1.527027027027027,113,74,1.0,1.527027027027027,0.3918918918918919,0.0,1.719784063616396,139.14937656972222,6862.1610363157815,6401.03296402952,139.53057881,-0.034767498105980794,4.412590028962865,279.3783783783784,119.42163163114088,0.4274548099402353,0.4864864864864865,14,0.12162162162162163,12,0.14864864864864866,74,0.6548672566371682,0.08108108108108109,5,0,4,0.0034893267651888342,0.5464135021097047,1,1,0.0,0.8060344827586207
ransomware_01053,0.6601524990789475,0.6599120286842105,0.0011603288414010944,0.00170135777800542,0.007881451210389608,0.5679021342519699,3.6533151402878903,0.0,0.9988396711585988,76,1.618421052631579,1.0,1.618421052631579,123,76,1.0,1.618421052631579,0.34210526315789475,0.0,1.7387200966155005,132.60655755916667,6365.114762852587,5216.398069224519,26.731231418,-0.09918537502686942,4.257171184681727,250.06578947368422,146.80656983721275,0.5870717867733843,0.39473684210526316,14,0.14473684210526316,12,0.13157894736842105,76,0.6178861788617886,0.18421052631578946,5,0,4,0.0032225676901153,0.5751445086705202,1,1,0.0,0.7991967871485943
ransomware_01054,0.9665321450793649,0.9662941195238094,0.0009979242395068155,0.0021873278669890684,-0.007451975256336408,0.5236195874742903,3.7512693539791515,0.015873015873015872,0.9990020757604933,63,1.7777777777777777,1.0,1.7777777777777777,112,63,1.0,1.7777777777777777,0.30158730158730157,0.0,1.7646321366092412,118.39869037694444,6874.762667052982,6723.688578778336,666.752550885,-0.011109653999822847,4.3673446541775185,291.85714285714283,143.31443629226465,0.49104310036507715,0.4444444444444444,14,0.12698412698412698,12,0.14285714285714285,63,0.5625,0.06349206349206349,5,0,4,0.0036655355871140715,0.670940170940171,1,1,0.0,0.7990867579908676
ransomware_01055,0.9206254753191488,0.9203787580851065,0.0005855740657514469,0.0006426244691041054,-0.006967502349676224,0.4788443120260478,3.5643377906716105,0.0,0.9994144259342485,47,1.8297872340425532,1.0,1.8297872340425532,86,47,1.0,1.8297872340425532,0.3404255319148936,0.0,1.558271319505281,81.01044893777777,6339.948177746259,6175.345451212789,33.551489613,-0.013152126623109873,4.351837255625028,287.82978723404256,143.17537424111796,0.49743070589389005,0.5957446808510638,12,0.1276595744680851,12,0.19148936170212766,47,0.5465116279069767,0.0425531914893617,5,0,3,0.004975310489301212,0.7193732193732193,1,1,0.0,0.8109756097560976
ransomware_01057,0.8997590247297298,0.8995241662162164,0.001867604426395437,0.0050103355167829605,0.0054439144858941125,0.5505126186597902,3.602088768205098,0.02702702702702703,0.9981323955736043,74,1.7567567567567568,1.0,1.7567567567567568,130,74,1.0,1.7567567567567568,0.32432432432432434,0.0,1.7138287048222822,108.59042562722222,5355.1442775179585,4929.8155962978135,136.530210706,-0.04135443272880226,4.334208014644394,273.7432432432432,137.72934156911995,0.5031333008893162,0.43243243243243246,14,0.14864864864864866,12,0.12162162162162163,74,0.5692307692307692,0.0945945945945946,5,0,3,0.0031745043727241604,0.6814814814814815,1,1,0.0,0.8031496062992126
ransomware_01058,1.18084113725,1.180611043,0.0014049408702375148,0.005254410443337666,0.0031138507552742616,0.5766610909656721,3.6016951541465585,0.05,0.9985950591297623,80,1.625,1.0,1.625,130,80,1.0,1.625,0.4,0.0,1.696226635698708,147.2080601613889,6708.215399760784,5421.582387488822,3.395776148,-0.10607209079976773,4.31087767145891,250.325,117.25821069197477,0.4684238917086778,0.4375,14,0.125,12,0.125,80,0.6153846153846154,0.125,5,0,4,0.003167134196000362,0.6067415730337078,1,1,0.0,0.813953488372093
ransomware_01059,0.9977495901724138,0.9975354598275863,0.0005468860429775972,0.0007657428279475028,0.00042362758897536147,0.520362231575769,3.410844759732453,0.0,0.9994531139570225,58,1.6379310344827587,1.0,1.6379310344827587,95,58,1.0,1.6379310344827587,0.3448275862068966,0.0,1.589178854972464,121.70459081083334,7686.605735437754,8522.615347952786,252.449906495,0.05157617434015281,4.279950177245308,260.2068965517241,124.70832758539827,0.4792660349823151,0.41379310344827586,14,0.1206896551724138,12,0.13793103448275862,58,0.6105263157894737,0.20689655172413793,5,0,3,0.0042160374758886746,0.581453634085213,1,1,0.0,0.8010471204188482
ransomware_01065,0.7061653349090908,0.7059381861818181,0.001618827946529582,0.0031277980483140795,-0.005178418054834054,0.5811541551358023,3.7952634702296404,0.01818181818181818,0.9983811720534703,55,1.4,1.0,1.4,77,55,1.0,1.4,0.34545454545454546,0.0,1.7154792241921633,143.90435819472222,9593.623879662297,10057.292552729954,208.902722042,0.023595269699653983,4.3016492046701185,291.3636363636364,128.440700200573,0.4408261161330118,0.43636363636363634,13,0.12727272727272726,12,0.18181818181818182,55,0.7142857142857143,0.14545454545454545,5,0,3,0.004704875962360992,0.40560471976401175,1,1,0.0,0.7857142857142857
ransomware_01066,0.3955628000000001,0.39533880257142856,0.0021119947833426076,0.004792332458572437,0.005928711277310923,0.5447846043907376,3.4145398046118256,0.05714285714285714,0.9978880052166575,35,1.6857142857142857,1.0,1.6857142857142857,59,35,1.0,1.6857142857142857,0.17142857142857143,0.0,1.4892851501653632,77.22684783888889,8176.960359424118,9310.664272207287,23.503025939,0.06482892540662946,4.025591860257821,274.0571428571429,130.2628435255478,0.4753127109460146,0.6,13,0.2,11,0.14285714285714285,35,0.5932203389830508,0.14285714285714285,5,0,3,0.00626416100226576,0.6363636363636365,1,1,0.0,0.7642276422764228
ransomware_01068,0.5421881500000001,0.541896171764706,0.002705502542665315,0.004851045963319288,-0.0052124344965622646,0.6178012012746197,3.5569010760123225,0.0,0.9972944974573347,34,1.8529411764705883,1.0,1.8529411764705883,63,34,1.0,1.8529411764705883,0.17647058823529413,0.0,1.7035929921074837,62.60127191805556,6829.229663813303,6423.721613589667,287.573199029,-0.030597565910851127,4.0430576940368415,239.41176470588235,142.21454506165844,0.5940165272845684,0.5588235294117647,12,0.17647058823529413,12,0.14705882352941177,34,0.5396825396825397,0.058823529411764705,5,0,3,0.0062580645161290326,0.7216117216117215,1,1,0.0,0.776
ransomware_01069,0.6734688132467532,0.673224297012987,0.0010064730978845515,0.0014247897623812945,0.00689011063936064,0.47094958368534817,3.6473100883799194,0.0,0.9989935269021154,77,1.7532467532467533,1.0,1.7532467532467533,135,77,1.0,1.7532467532467533,0.2857142857142857,0.0,1.6903305261204373,129.98012537277776,6156.9533071347105,7083.3807517013265,71.551583341,0.06997009595451692,4.36070659299278,264.2077922077922,126.67024508981638,0.479434175772506,0.5714285714285714,14,0.1038961038961039,12,0.14285714285714285,77,0.5703703703703704,0.07792207792207792,5,0,3,0.002984990566303399,0.6842105263157895,1,1,0.0,0.7940074906367042
ransomware_01070,0.418043006875,0.417738825,0.004719954681843755,0.006875150956887138,0.03633876979411764,0.5635974423956761,3.249999999985573,0.0,0.9952800453181562,16,1.5625,1.0,1.5625,25,16,1.0,1.5625,0.25,0.0,1.8828560636862783,28.485625911388887,6836.550218781866,6315.047562271477,13.201664071,-0.03965317866257165,3.37499999998413,322.125,123.30173018521138,0.3827760347232018,0.375,12,0.125,9,0.1875,16,0.64,0.0,5,0,2,0.014876632801161103,0.5900900900900902,1,1,0.0,0.7735849056603774
ransomware_01071,0.6533814307894739,0.6531687509210526,0.003606929369773144,0.012220777874563507,-0.0018647713693779918,0.645316608896035,3.7405413308534303,0.0,0.9963930706302268,76,1.4736842105263157,1.0,1.4736842105263157,112,76,1.0,1.4736842105263157,0.2894736842105263,0.0,1.6363421596607288,134.37184108694444,6449.848372177774,5611.079967311539,54.941519771,-0.06954426568641318,4.3708062588682015,277.4078947368421,131.89351034139412,0.4754497360881257,0.4868421052631579,14,0.10526315789473684,12,0.10526315789473684,76,0.6785714285714286,0.11842105263157894,5,0,5,0.003223483419635815,0.5311244979919678,1,1,4.451246366172438e-08,0.7768595041322314
ransomware_01072,1.2199265357692306,1.219713751923077,0.0018077993343302624,0.004227652485585693,-0.061930244782906,0.5272156279279048,3.1668126803986953,0.0,0.9981922006656696,26,1.9230769230769231,1.0,1.9230769230769231,50,26,1.0,1.9230769230769231,0.19230769230769232,0.0,1.8262452583968383,58.71854043916667,8455.469823248799,8217.203486635375,523.867685623,-0.014290829801851321,3.854285871964163,283.3076923076923,123.07648653768737,0.4344269141976475,0.4230769230769231,13,0.19230769230769232,10,0.19230769230769232,26,0.52,0.11538461538461539,4,1,3,0.00816151202749141,0.7183098591549296,1,1,0.0,0.7835051546391752
ransomware_01074,0.7960268731818181,0.7957861837878787,0.0013612058160806077,0.0028824243797159633,0.003666326986953345,0.5146255501148089,3.875041514944024,0.0,0.9986387941839194,66,1.8636363636363635,1.0,1.8636363636363635,123,66,1.0,1.8636363636363635,0.21212121212121213,0.0,1.846321225798071,116.29191796583333,6440.78314889183,6587.201124357699,63.724731628,0.011238728294023982,4.31501585436584,291.24242424242425,130.35974610002663,0.4475987536469544,0.3484848484848485,14,0.13636363636363635,12,0.16666666666666666,66,0.5365853658536586,0.15151515151515152,5,0,3,0.0032676348547717843,0.7238095238095238,1,1,0.0,0.7842323651452282
ransomware_01076,0.8052023943478259,0.8049707095652174,0.0014584431970435063,0.002168864768551114,0.003115172126050421,0.6475548114136853,3.840632109055351,0.0,0.9985415568029565,69,1.6231884057971016,1.0,1.6231884057971016,112,69,1.0,1.6231884057971016,0.37681159420289856,0.0,1.8015666616752446,115.57345545166667,6118.594700396543,5925.342746931892,64.106652716,-0.016045579305754166,4.450500862628935,265.6231884057971,108.33161255109178,0.4078394405295358,0.42028985507246375,14,0.10144927536231885,12,0.11594202898550725,69,0.6160714285714286,0.08695652173913043,5,0,6,0.003623478539397822,0.618279569892473,1,1,0.0,0.8080357142857143
ransomware_01079,0.9149184966666668,0.9146855770833332,0.002191857186719415,0.004321844460765278,-0.0018048790746993378,0.6626932238463374,3.771106068778841,0.013888888888888888,0.9978081428132808,72,1.6388888888888888,1.0,1.6388888888888888,118,72,1.0,1.6388888888888888,0.3888888888888889,0.0,1.7622950236117796,136.07772654666667,6899.715712228901,6498.436024437294,229.512693688,-0.02995037641598287,4.380316057929338,256.72222222222223,131.9258458187484,0.5138855712481002,0.4722222222222222,14,0.1111111111111111,12,0.1388888888888889,72,0.6101694915254238,0.08333333333333333,5,0,4,0.0034848318110120686,0.6275720164609053,1,1,2.5124998952385067e-08,0.811965811965812
ransomware_01081,0.8545236412962963,0.8543004627777778,0.0009573890030965129,0.0013944187448371045,-0.004637482404802746,0.5414908516979281,3.510089060111788,0.0,0.9990426109969035,54,1.7962962962962963,1.0,1.7962962962962963,97,54,1.0,1.7962962962962963,0.2962962962962963,0.0,1.6825003405573389,111.18584208194444,7552.245877266867,6955.43599695456,13.647953221,-0.041137508079273015,4.306020262176074,295.5740740740741,141.3609860313941,0.478259084374117,0.3888888888888889,14,0.14814814814814814,12,0.14814814814814814,54,0.5567010309278351,0.09259259259259259,5,0,3,0.0042496904199031856,0.6703703703703703,1,1,0.0,0.798941798941799
ransomware_01083,2.7010178166666665,2.700806411904762,0.0034408245092293504,0.01364121039601274,-0.26812258350649343,0.745099901346325,3.077572638267342,0.14285714285714285,0.9965591754907708,21,1.619047619047619,1.0,1.619047619047619,34,21,1.0,1.619047619047619,0.23809523809523808,0.0,1.3787834934818475,41.481564703055554,7466.6816465618,4697.200718720868,373.802513008,-0.22768067337985753,3.8442328987401084,268.14285714285717,130.28786808996674,0.4858897584601849,0.5238095238095238,10,0.19047619047619047,12,0.19047619047619047,21,0.6176470588235294,0.09523809523809523,5,0,2,0.011066398390342052,0.5833333333333333,1,1,1.927452078502545e-08,0.7746478873239436
ransomware_01085,0.6129104291549295,0.6126596733802816,0.0019392829309454868,0.004074535520696175,0.0037109143272971174,0.5115334213986694,3.4827318891011023,0.0,0.9980607170690543,71,1.5492957746478873,1.0,1.5492957746478873,110,71,1.0,1.5492957746478873,0.4647887323943662,0.0,1.6090367513604327,170.4260613675,8764.768870329941,7897.921647935894,76.921353664,-0.05202324447206165,4.348149894144248,284.11267605633805,117.3088170228813,0.41289539999130337,0.4507042253521127,14,0.1267605633802817,12,0.16901408450704225,71,0.6454545454545455,0.08450704225352113,5,0,6,0.0037912110929579825,0.581081081081081,1,1,0.0,0.8264840182648402
ransomware_01086,1.6939430099999997,1.6937519507407406,0.0009282591219895093,0.0013075078546922886,-0.06083536792429794,0.7514659660579489,3.3619378549447925,0.0,0.9990717408780105,27,1.5925925925925926,1.0,1.5925925925925926,43,27,1.0,1.5925925925925926,0.25925925925925924,0.0,1.8463939831584084,46.968683563333336,6503.356185710077,6192.276754523738,74.009136716,-0.02450286902990826,3.782122224123665,261.51851851851853,132.1980944731662,0.5055018482899714,0.48148148148148145,12,0.18518518518518517,11,0.18518518518518517,27,0.627906976744186,0.18518518518518517,5,0,3,0.008739076154806492,0.5582010582010581,1,1,0.0,0.7777777777777778
ransomware_01088,0.9460259722535211,0.9457770852112675,0.0014899156394652536,0.0025569183519075986,0.0026275565325285023,0.5693175733980406,3.797557581373659,0.014084507042253521,0.9985100843605348,71,1.8591549295774648,1.0,1.8591549295774648,132,71,1.0,1.8591549295774648,0.22535211267605634,0.0,1.6879545261096631,145.71364268166667,7493.844480771485,7642.19029293967,265.973007304,0.009800837166801296,4.270547429294572,257.0,146.70427007126568,0.5708337356858587,0.4084507042253521,14,0.11267605633802817,12,0.11267605633802817,71,0.5378787878787878,0.2112676056338028,5,0,3,0.0030615630561336834,0.7219251336898395,1,1,0.0,0.7868217054263565
ransomware_01090,0.9823771584931507,0.9821311391780824,0.00473528947371217,0.01566732121563322,-0.005886115470504753,0.6469142756381067,3.629988648710037,0.0273972602739726,0.9952647105262878,73,1.643835616438356,1.0,1.643835616438356,120,73,1.0,1.643835616438356,0.2876712328767123,0.0,1.71662894767394,122.73736003277779,6136.8680016445005,6223.022318368649,20.179893788,0.006970475828951953,4.30295427382411,247.87671232876713,130.18223820704824,0.5251894661019354,0.5342465753424658,14,0.1095890410958904,12,0.136986301369863,73,0.6083333333333333,0.0684931506849315,5,0,4,0.0032285045165607227,0.6162790697674418,1,1,0.0,0.7877551020408163
ransomware_01093,0.7726634343750001,0.7723924790625,0.0026823286308609463,0.006064526754326039,0.027546072157258062,0.6009123478013838,3.067235267736688,0.0,0.997317671369139,32,1.40625,1.0,1.40625,45,32,1.0,1.40625,0.5,0.0,1.8050365325714952,64.37929692638889,7476.305449547096,5974.669460318004,409.731117304,-0.11163770650763573,4.077819531088815,220.21875,110.68022359555157,0.5025921888828793,0.4375,13,0.1875,12,0.21875,32,0.7111111111111111,0.09375,5,0,5,0.008999532491818606,0.48087431693989063,1,1,0.0,0.8279569892473119
ransomware_01095,0.6821503484415584,0.6819246153246753,0.0012553222912915097,0.0020558110775700904,-0.007175686682265101,0.5775213675834158,3.8778848801463095,0.03896103896103896,0.9987446777087086,77,1.5584415584415585,1.0,1.5584415584415585,120,77,1.0,1.5584415584415585,0.38961038961038963,0.0,1.5635016141503093,144.66341285000001,6852.477450794262,7354.4563885410025,130.296945989,0.03533337618261393,4.421161424577892,298.8181818181818,133.78524889899674,0.4477145536625994,0.4675324675324675,14,0.12987012987012986,12,0.15584415584415584,77,0.6416666666666667,0.1038961038961039,5,0,4,0.0033225392970383863,0.6017964071856288,1,1,0.0,0.8073770491803278
ransomware_01097,0.7147096058064517,0.7144399261290321,0.0015525091877540544,0.0031962116040072713,0.026700386451612913,0.56638221022351,3.3485692938901406,0.03225806451612903,0.9984474908122459,31,1.935483870967742,1.0,1.935483870967742,60,31,1.0,1.935483870967742,0.1935483870967742,0.0,1.6863586036454123,60.630904219444446,7275.708506349267,8357.218046344737,317.130315303,0.06918151482065875,3.8646983261438774,281.3225806451613,133.12434966270553,0.47320890259647647,0.3225806451612903,12,0.16129032258064516,12,0.1935483870967742,31,0.5166666666666667,0.0967741935483871,5,0,3,0.006821589205397301,0.7450980392156862,1,1,0.0,0.7844827586206896
ransomware_01102,1.2836977246666668,1.2834827653333332,0.00028655011056788856,0.00023292723681481877,0.022643897749999996,0.4490799706438474,2.923231428784636,0.0,0.9997134498894321,15,1.7333333333333334,1.0,1.7333333333333334,26,15,1.0,1.7333333333333334,0.26666666666666666,0.0,1.781937063540933,14.833247438055556,3814.2636269308573,3922.0864765988604,13.713821807,0.013937172985334362,3.0062389286404056,217.0,90.49467229779727,0.41702613962118557,0.6,10,0.13333333333333333,8,0.2,15,0.5769230769230769,0.13333333333333333,4,2,3,0.01546003016591252,0.6441441441441442,1,1,0.0,0.7884615384615384
ransomware_01103,0.817353948,0.8171020959999999,0.0014784402029362884,0.0018374937697270394,0.0013791426722027985,0.6081379304797071,3.783660608121297,0.06153846153846154,0.9985215597970637,65,1.5846153846153845,1.0,1.5846153846153845,103,65,1.0,1.5846153846153845,0.3384615384615385,0.0,1.745497734894718,125.13558256861111,7038.876519499438,6337.637463262777,235.363429608,-0.052423154279232984,4.392930843791659,261.9846153846154,129.94259457397095,0.49599322610300733,0.49230769230769234,14,0.1076923076923077,12,0.12307692307692308,65,0.6310679611650486,0.09230769230769231,5,0,4,0.0037914691943127963,0.5878995433789953,1,1,0.0,0.7962085308056872
ransomware_01106,0.8236963231818183,0.8234782759090908,0.0006196103321368262,0.000864218298840562,0.03405240023150763,0.4762310525582526,2.9019469592383853,0.0,0.9993803896678632,22,1.8181818181818181,1.0,1.8181818181818181,40,22,1.0,1.8181818181818181,0.2727272727272727,0.0,1.3221793455123385,37.37617177972223,6407.343733710618,6734.0149038317895,325.729423606,0.024858249373693606,3.4817145729687606,278.6818181818182,137.78498997787628,0.49441686177022964,0.5454545454545454,12,0.18181818181818182,11,0.13636363636363635,22,0.55,0.18181818181818182,5,0,3,0.010323010323010324,0.7083333333333333,1,1,0.0,0.7948717948717948
ransomware_01107,0.31360919652173913,0.31340028,0.004474558504628134,0.007038543415946057,0.01683491145256917,0.6717086213799927,3.087929346970678,0.0,0.9955254414953718,23,1.434782608695652,1.0,1.434782608695652,33,23,1.0,1.434782608695652,0.34782608695652173,0.0,1.9246733686244013,44.36375599833333,7259.5237088409085,8328.268034592717,163.500360858,0.06856290764867434,3.7950885863760906,311.4347826086956,148.1653947105171,0.47575095327961653,0.21739130434782608,12,0.21739130434782608,10,0.13043478260869565,23,0.696969696969697,0.043478260869565216,5,2,4,0.011267605633802818,0.4444444444444444,1,1,0.0,0.7887323943661971
ransomware_01108,1.2677142516666666,1.2675125419047617,0.0006450100126824624,0.0013144704235896162,-0.013308171827242525,0.5743723556968661,3.511514602291173,0.0,0.9993549899873176,42,1.6666666666666667,1.0,1.6666666666666667,70,42,1.0,1.6666666666666667,0.35714285714285715,0.0,1.7879922509042936,94.14906727694444,8266.74737066678,8005.793681329894,259.919258045,-0.01603644375534497,4.318045625632156,276.6904761904762,120.55349750522927,0.43569803762323633,0.47619047619047616,14,0.14285714285714285,11,0.21428571428571427,42,0.6,0.11904761904761904,5,0,3,0.005838807215097487,0.6786941580756013,1,1,0.0,0.8057553956834532
ransomware_01112,0.7790229948888889,0.7787639522222222,0.0017201690869686154,0.0042485238726380535,-0.021666379313570492,0.5041387551920199,3.8018930435899474,0.0,0.9982798309130314,45,1.6444444444444444,1.0,1.6444444444444444,74,45,1.0,1.6444444444444444,0.3333333333333333,0.0,1.7013808740507461,122.54314608888888,10026.257407277568,9414.103588632826,243.841544997,-0.03148880922393974,4.1190878182841,304.4888888888889,131.7226118198636,0.4326023596477786,0.5555555555555556,14,0.13333333333333333,11,0.15555555555555556,45,0.6081081081081081,0.08888888888888889,5,0,3,0.005396335933248685,0.6121794871794872,1,1,0.0,0.7986577181208053
ransomware_01113,0.7600791156756758,0.759862458108108,0.0012121190951764871,0.0019010557865756326,0.0005170859074416877,0.5465900974880035,3.863197839349175,0.04054054054054054,0.9987878809048236,74,1.7567567567567568,1.0,1.7567567567567568,130,74,1.0,1.7567567567567568,0.2702702702702703,0.0,1.699741722723583,140.31128757555555,6919.460757161137,6113.984500917959,226.793295231,-0.06180071656371011,4.413939562342728,267.1756756756757,132.22317767808573,0.49489227394559426,0.4864864864864865,14,0.16216216216216217,12,0.13513513513513514,74,0.5692307692307692,0.06756756756756757,5,0,3,0.0030766446475432086,0.6585144927536232,1,1,0.0,0.7906976744186046
ransomware_01115,1.425734227375,1.4254993489999999,0.0015542966707602513,0.004691615614456196,0.006094525721987806,0.6810294524203249,3.6772202673814802,0.0,0.9984457033292398,80,1.8375,1.0,1.8375,147,80,1.0,1.8375,0.2875,0.0,1.6395857055461116,191.04885873194445,8706.023942220127,8353.109260121717,26.708723116,-0.020687726504765334,4.3149112214153895,287.0625,113.73290315249001,0.3961956129849423,0.425,14,0.125,12,0.15,80,0.54421768707483,0.125,5,0,4,0.00282436669486886,0.7116013071895424,1,1,0.0,0.7992957746478874
ransomware_01117,0.5287896497959184,0.5285488279591837,0.001308555848845345,0.001673211463425673,0.004256020053061227,0.47358674842366033,3.6986369573722873,0.02040816326530612,0.9986914441511545,49,1.6122448979591837,1.0,1.6122448979591837,79,49,1.0,1.6122448979591837,0.30612244897959184,0.0,1.740276228958664,93.69471527361111,7027.10364552575,5253.291648195834,459.456357302,-0.14444258144009314,4.369412905129907,285.51020408163265,134.97393613351485,0.4727464525048054,0.4897959183673469,14,0.14285714285714285,12,0.1836734693877551,49,0.620253164556962,0.16326530612244897,5,0,5,0.004907599110497661,0.5825958702064896,1,1,0.0,0.7901234567901234
ransomware_01118,1.0297509661666668,1.0294957454999998,0.0013377230777584207,0.003075265711951207,9.201720283411837e-05,0.5561664375334278,3.912862839975152,0.03333333333333333,0.9986622769222416,60,1.8166666666666667,1.0,1.8166666666666667,109,60,1.0,1.8166666666666667,0.2,0.0,1.6038169661443138,142.4962456761111,8694.68617685083,8389.821451983347,106.884758064,-0.017844513373797825,4.317155962487767,290.18333333333334,118.3334117131912,0.4077884499908949,0.4,14,0.13333333333333333,11,0.16666666666666666,60,0.5504587155963303,0.15,5,0,3,0.0036055640894350574,0.7080679405520169,1,1,0.0,0.7788018433179723
ransomware_01120,0.7611123351851852,0.7608824125925926,0.0008582493039726013,0.0010333369263594075,0.010271475160663233,0.5478500545723628,3.8566746602141277,0.018518518518518517,0.9991417506960274,54,1.6666666666666667,1.0,1.6666666666666667,90,54,1.0,1.6666666666666667,0.3333333333333333,0.0,1.7017859176990282,111.28448482611111,7558.9461391343575,9034.90598133998,50.473453447,0.08894618509854672,4.270832585698069,271.7962962962963,121.57308224128563,0.4472948450657099,0.4074074074074074,12,0.14814814814814814,12,0.12962962962962962,54,0.6,0.14814814814814814,5,0,3,0.004469273743016759,0.6415343915343915,1,1,0.0,0.8
ransomware_01121,0.5324128560869567,0.5321429927536232,0.0019029363677949785,0.002608879904093497,0.005388582929484835,0.6078130781767856,3.7703759088108133,0.0,0.9980970636322049,69,1.5072463768115942,1.0,1.5072463768115942,104,69,1.0,1.5072463768115942,0.4057971014492754,0.0,1.6972395178969135,147.83032595722221,7826.311374207442,5819.680814076771,308.645487047,-0.14704907730003441,4.378320427971745,294.463768115942,130.50147392791087,0.4431834679114997,0.4927536231884058,14,0.11594202898550725,12,0.15942028985507245,69,0.6634615384615384,0.043478260869565216,5,0,4,0.0037953578166820237,0.5275862068965518,1,1,3.231924389669281e-08,0.8084112149532711
ransomware_01128,0.8237367095833333,0.8234985554166667,0.0017087383366992815,0.004962691887396931,-0.001933564103318539,0.564917039369076,3.677228830066387,0.041666666666666664,0.9982912616633006,72,1.6111111111111112,1.0,1.6111111111111112,116,72,1.0,1.6111111111111112,0.4166666666666667,0.0,1.7250307427077478,146.96945278972223,7451.972254132029,6642.5276527882315,53.465340493,-0.05742982061721594,4.341829043871939,251.18055555555554,137.29000111195575,0.54657893724417,0.4305555555555556,14,0.125,12,0.16666666666666666,72,0.6206896551724138,0.09722222222222222,5,0,5,0.0035693943421302447,0.5843881856540083,1,1,0.0,0.8173913043478261
ransomware_01130,1.04410379,1.043883302142857,0.0013888891120068705,0.002689261470581791,-0.010816751899746303,0.5814343041604283,3.7143802657837544,0.014285714285714285,0.9986111108879933,70,1.8571428571428572,1.0,1.8571428571428572,130,70,1.0,1.8571428571428572,0.2571428571428571,0.0,1.7141517264461263,94.30148612527778,4920.07753697355,4348.9199036707305,14.415873255,-0.06162021696093153,4.457016587968033,288.95714285714286,127.94693597933887,0.4427886250335552,0.44285714285714284,14,0.12857142857142856,12,0.15714285714285714,70,0.5384615384615384,0.1,5,0,3,0.003161955353190413,0.7252747252747253,1,1,0.0,0.7936507936507936
ransomware_01133,0.8167249356410254,0.8165107966666667,0.003173884977500129,0.013697068169695011,-0.005208137520201319,0.6113875922977751,3.781085090239124,0.0,0.9968261150225001,78,1.5512820512820513,1.0,1.5512820512820513,121,78,1.0,1.5512820512820513,0.38461538461538464,0.0,1.8250435138338017,148.74292025722224,6954.214453596806,6015.767752243252,12.543840388,-0.07235528055936692,4.416625059944829,293.3076923076923,129.3995431145016,0.4411733701779493,0.5384615384615384,14,0.14102564102564102,12,0.14102564102564102,78,0.6446280991735537,0.0641025641025641,5,0,9,0.003275073236562325,0.5729783037475344,1,1,2.6382742644508808e-08,0.805668016194332
ransomware_01134,1.376504221621622,1.3762673727027028,0.0008035914849072707,0.0009113181169525831,0.08961330094594595,0.7007168213507597,3.3678597037895392,0.08108108108108109,0.9991964085150926,37,1.837837837837838,1.0,1.837837837837838,68,37,1.0,1.837837837837838,0.32432432432432434,0.0,1.7485412627850636,59.164610069999995,5916.461007026195,6374.255408636655,25.683784708,0.03724716982543535,4.064466122990719,268.43243243243245,133.66012879699775,0.49792838959815916,0.40540540540540543,14,0.1891891891891892,11,0.1891891891891892,37,0.5441176470588235,0.05405405405405406,5,0,3,0.006261180679785331,0.6810035842293907,1,1,0.0,0.8076923076923077
ransomware_01136,1.0745080698148148,1.0742762109259258,0.0012619911293533703,0.003013732177278178,0.0280881356687631,0.6569363979733686,3.384271419397587,0.0,0.9987380088706466,54,1.8333333333333333,1.0,1.8333333333333333,99,54,1.0,1.8333333333333333,0.25925925925925924,0.0,1.7139350452749498,137.7114294775,9353.983889038453,8021.70250177958,207.875700389,-0.07667503644419481,4.374714816704715,255.05555555555554,110.49228038717108,0.43320867936595064,0.5,14,0.12962962962962962,12,0.1111111111111111,54,0.5454545454545454,0.12962962962962962,5,0,4,0.004128886010362694,0.7038369304556354,1,1,0.0,0.7927461139896373
ransomware_01138,2.098085382222222,2.0978608337037037,0.0005538048255023768,0.0006530979302717602,0.1080616120818071,0.7538445505555145,2.7542944491517973,0.0,0.9994461951744976,27,1.6666666666666667,1.0,1.6666666666666667,45,27,1.0,1.6666666666666667,0.37037037037037035,0.0,1.8337480427770738,70.76819905805556,9798.673715733577,6832.614880034998,422.36953137,-0.1783420940968591,3.782122224123665,221.2962962962963,121.13337049423436,0.5473809210618121,0.3333333333333333,11,0.18518518518518517,9,0.18518518518518517,27,0.6,0.18518518518518517,5,0,3,0.009193054136874362,0.6424731182795699,1,1,0.0,0.8089887640449438
ransomware_01139,0.840669168387097,0.8404008870967743,0.0016319100965464847,0.0019841549040787057,-0.020068693697580645,0.6630989299582358,3.397271713386001,0.03225806451612903,0.9983680899034536,31,1.4516129032258065,1.0,1.4516129032258065,45,31,1.0,1.4516129032258065,0.41935483870967744,0.0,1.79727747609182,55.25976192388889,6631.171430897768,8306.130894208245,368.94909724,0.11213266136384432,3.6277635529872003,307.7741935483871,127.78046529821356,0.4151760218262887,0.2903225806451613,13,0.22580645161290322,9,0.3548387096774194,31,0.6888888888888889,0.06451612903225806,5,0,5,0.008693662777396477,0.5423280423280424,1,1,0.0,0.8085106382978723
ransomware_01140,0.666657809516129,0.6664485683870969,0.0024779845280833894,0.005465988081826526,0.000197244558938329,0.5491756382632779,3.6196426906628894,0.0,0.9975220154719165,62,1.6451612903225807,1.0,1.6451612903225807,102,62,1.0,1.6451612903225807,0.4032258064516129,0.0,1.5979396187422237,123.04908306444443,7261.913098888312,8123.294372981902,0.295663154,0.05598762809461686,4.25970195509769,276.5967741935484,133.35131213617652,0.4821144878676858,0.41935483870967744,14,0.11290322580645161,12,0.14516129032258066,62,0.6078431372549019,0.08064516129032258,5,0,6,0.004079601990049751,0.6306954436450839,1,1,0.0,0.8159203980099502
ransomware_01143,0.7323063783018868,0.7320840728301888,0.0011168775021040747,0.0017282071866134207,0.008092195870020965,0.5217217569829571,3.4503907324682475,0.0,0.9988831224978961,53,1.679245283018868,1.0,1.679245283018868,89,53,1.0,1.679245283018868,0.37735849056603776,0.0,1.7366670591541036,95.70838297055556,6625.964974902866,6512.315653428245,79.623305278,-0.008650243109402732,4.200831832465969,270.1509433962264,119.10845029545635,0.4408959258038264,0.4528301886792453,14,0.1509433962264151,12,0.1320754716981132,53,0.5955056179775281,0.16981132075471697,5,0,4,0.004663382594417077,0.6311475409836066,1,1,0.0,0.8114285714285714
ransomware_01144,0.961666368292683,0.9614738702439024,0.0009845214632395723,0.001143130674064141,0.028025259499999997,0.6933698103695148,3.6308693821703155,0.0,0.9990154785367604,41,1.6097560975609757,1.0,1.6097560975609757,66,41,1.0,1.6097560975609757,0.3902439024390244,0.0,1.694450349500077,84.33564790027778,7590.20831102965,8867.359610336438,506.850920124,0.07760267528039319,4.345118467894,290.4878048780488,136.91715048729642,0.4713352787555964,0.4146341463414634,14,0.12195121951219512,12,0.14634146341463414,41,0.6212121212121212,0.0975609756097561,4,0,3,0.006187832523710387,0.5586080586080586,1,1,0.0,0.8106060606060606
ransomware_01145,0.8809771487931035,0.8807662315517241,0.0010681321823992147,0.002270817441372858,0.006024122397797533,0.5436605893405287,3.7215430123763,0.017241379310344827,0.9989318678176008,58,1.793103448275862,1.0,1.793103448275862,104,58,1.0,1.793103448275862,0.29310344827586204,0.0,1.7083695094865745,91.56946757416667,5783.3347941694565,5596.609748745993,154.350458426,-0.01640825618431583,4.290845598723745,277.9655172413793,129.71614969552957,0.46666273925944146,0.4482758620689655,14,0.1206896551724138,12,0.1206896551724138,58,0.5576923076923077,0.08620689655172414,5,0,3,0.003950641369555675,0.6758620689655173,1,1,0.0,0.7980295566502463
ransomware_01146,0.8767047755,0.8764287215000002,0.003734882743483833,0.007278865856218541,0.10064435772180451,0.7387404423110293,3.384183719763319,0.0,0.9962651172565161,20,1.6,1.0,1.6,32,20,1.0,1.6,0.3,0.0,1.4387586809106803,35.60674690361111,6746.541518616315,6060.163626154508,370.940347864,-0.0535951975705528,3.584183719760433,273.5,135.6456296461676,0.4959620828013441,0.6,12,0.15,8,0.2,20,0.625,0.05,5,0,2,0.012121212121212121,0.5434782608695652,1,1,2.6452155447388185e-08,0.7878787878787878
ransomware_01149,0.8134418024489796,0.8131955753061225,0.0010952027879295623,0.0015724625536722553,0.02608816243061225,0.5680048603741896,3.6369574885699905,0.0,0.9989047972120703,49,1.530612244897959,1.0,1.530612244897959,75,49,1.0,1.530612244897959,0.3877551020408163,0.0,1.7755502578848352,78.02531831944444,5851.898873972396,6085.151259647048,10.966057457,0.019540203238128426,4.188703660800682,252.83673469387756,138.45702506234795,0.5476143537053071,0.5102040816326531,13,0.14285714285714285,11,0.16326530612244897,49,0.6533333333333333,0.08163265306122448,5,0,4,0.005262711145064086,0.5698412698412698,1,1,3.436202089737108e-08,0.8051948051948052
ransomware_01151,0.800831605,0.8005701661764708,0.0018321911234635154,0.0043295608603050395,-0.0052209505088368895,0.5356074963001056,3.5989867837707648,0.014705882352941176,0.9981678088765366,68,1.661764705882353,1.0,1.661764705882353,113,68,1.0,1.661764705882353,0.29411764705882354,0.0,1.6900448778644337,146.16324637333332,7853.547566333329,6530.455386218113,24.376640075,-0.09198358652175648,4.230434444531288,264.0882352941176,127.97081468743062,0.4845759772104512,0.4264705882352941,14,0.10294117647058823,12,0.17647058823529413,68,0.6017699115044248,0.11764705882352941,5,0,5,0.0034666360223703364,0.644927536231884,1,1,2.535097445499007e-08,0.7903930131004366
ransomware_01155,0.9836260818181817,0.9833732734545453,0.003127223805896261,0.008236442684368276,-0.00812885989321789,0.6385762823557201,3.8426471592621207,0.0,0.9968727761941039,55,1.8181818181818181,1.0,1.8181818181818181,100,55,1.0,1.8181818181818181,0.23636363636363636,0.0,1.778353313137244,77.69223606666667,5179.482404458443,5048.14442177144,255.835090206,-0.0128414914738747,4.324287613720249,275.4909090909091,128.02385089234895,0.4647117079645718,0.43636363636363634,13,0.12727272727272726,12,0.14545454545454545,55,0.55,0.12727272727272726,5,0,3,0.004014296073759453,0.6737089201877935,1,1,0.0,0.7868020304568528
ransomware_01156,0.9592034871794873,0.9589331174358975,0.0012497131581911886,0.0023465162532816503,0.003270043540485829,0.46829809115632437,3.476957987741421,0.0,0.9987502868418088,39,1.8205128205128205,1.0,1.8205128205128205,71,39,1.0,1.8205128205128205,0.358974358974359,0.0,1.8511996124036103,90.570578985,8580.370640709894,6312.794829199541,225.974437648,-0.15225613494269077,4.284900936557334,264.2564102564103,135.59842375048734,0.5131320130282365,0.5384615384615384,13,0.1282051282051282,12,0.1282051282051282,39,0.5492957746478874,0.05128205128205128,5,0,4,0.006080707573244887,0.7395833333333334,1,1,0.0,0.8148148148148148
ransomware_01157,0.7458938037837838,0.7456716256756756,0.0017458473536249887,0.00378060336362308,-0.008214907612612619,0.6240953056681497,3.766640447085484,0.0,0.9982541526463751,37,1.7297297297297298,1.0,1.7297297297297298,64,37,1.0,1.7297297297297298,0.16216216216216217,0.0,1.849761711743685,90.38138923527778,9038.13892354914,5912.496037907591,1016.00537538,-0.209064223272093,3.93595564996216,278.72972972972974,134.0158880814445,0.48080945011281356,0.4864864864864865,13,0.16216216216216217,12,0.16216216216216217,37,0.578125,0.16216216216216217,5,0,2,0.005840851260698589,0.6964912280701755,1,1,0.0,0.7651515151515151
ransomware_01161,0.9887621857142856,0.9885108475510205,0.0017730035811305983,0.002926864633364803,-0.0010335603367346942,0.5856122643748138,3.73939728466641,0.04081632653061224,0.9982269964188695,49,1.7551020408163265,1.0,1.7551020408163265,86,49,1.0,1.7551020408163265,0.30612244897959184,0.0,1.679682515716329,90.78033599527778,6808.525199653729,6982.6359415112265,68.873335972,0.012624806575408497,4.052560100331572,276.2244897959184,128.141566458436,0.46390371307450046,0.4897959183673469,14,0.16326530612244897,11,0.1836734693877551,49,0.5697674418604651,0.12244897959183673,5,0,3,0.0047548605240912934,0.675,1,1,0.0,0.7988165680473372
ransomware_01162,1.1411622727272726,1.140926132909091,0.002040875258827333,0.004108356849422259,0.014776398367243867,0.7195970974732204,3.4924448878329937,0.05454545454545454,0.9979591247411728,55,1.6,1.0,1.6,88,55,1.0,1.6,0.34545454545454546,0.0,1.6918766743910114,90.13106796472222,6008.737864332389,5931.672694895087,4.870140516,-0.006454147372491004,4.114258177645073,275.1090909090909,124.74457944540156,0.4534367767825712,0.38181818181818183,13,0.12727272727272726,12,0.12727272727272726,55,0.625,0.10909090909090909,5,0,3,0.004488104952608122,0.6102150537634409,1,1,0.0,0.7988826815642458
ransomware_01163,0.661880321724138,0.6616349374137932,0.0018863388542323205,0.004659976236313549,0.00736577949214064,0.5729234172293339,3.208606965585624,0.06896551724137931,0.9981136611457678,58,1.5689655172413792,1.0,1.5689655172413792,91,58,1.0,1.5689655172413792,0.41379310344827586,0.0,1.7083695094865745,138.78010083527778,8765.059000122965,7452.0256228468215,141.144353067,-0.08096605572473677,4.200857996158401,253.74137931034483,129.21579398667944,0.5092421044524976,0.5172413793103449,14,0.1206896551724138,12,0.1206896551724138,58,0.6373626373626373,0.08620689655172414,5,0,4,0.004473668408094638,0.5786666666666668,1,1,0.0,0.8142076502732241
ransomware_01164,0.70459542625,0.704376366875,0.0020305404849658565,0.003467521620205076,0.002594213014705888,0.5470490374146008,2.8584585933328084,0.0,0.9979694595150341,16,1.5,1.0,1.5,24,16,1.0,1.5,0.5,0.0,1.7806390622237958,28.572699646666667,6857.447915245001,5561.908893089505,594.810070423,-0.10431611251285357,3.37499999998413,314.4375,128.94234822844925,0.41007306135066346,0.5,10,0.1875,10,0.1875,16,0.6666666666666666,0.0625,3,0,3,0.01773049645390071,0.5104166666666666,1,1,0.0,0.8333333333333334
ransomware_01166,0.7007795126923078,0.7005475503846156,0.005488299518929762,0.02029558075980414,0.00026151741910697705,0.5691490769862615,3.465077584322289,0.0,0.9945117004810703,52,1.6538461538461537,1.0,1.6538461538461537,86,52,1.0,1.6538461538461537,0.2692307692307692,0.0,1.6444839423389548,93.30644090555555,6586.337005101333,7602.132209778861,144.863491947,0.0715930090338576,4.111416824206648,280.1730769230769,135.21975159613132,0.4826293556866517,0.38461538461538464,14,0.1346153846153846,11,0.15384615384615385,52,0.6046511627906976,0.15384615384615385,5,0,3,0.004480519480519481,0.6384408602150538,1,1,0.0,0.7840909090909091
ransomware_01167,0.5331470510526316,0.5328997697368422,0.0017000493962776393,0.0031077460786527555,0.00709246030309662,0.46060051994245804,3.4521688040162113,0.0,0.9982999506037226,38,1.394736842105263,1.0,1.394736842105263,53,38,1.0,1.394736842105263,0.4473684210526316,0.0,1.4565966398745196,75.33336842083334,7329.733143669918,7868.615074611788,566.022930129,0.035456611679265455,4.115834092135809,297.5,125.38863908189933,0.42147441708201455,0.42105263157894735,12,0.15789473684210525,12,0.15789473684210525,38,0.7169811320754716,0.10526315789473684,5,0,4,0.00731981981981982,0.46846846846846846,1,1,0.0,0.8125
ransomware_01168,0.7939707911538462,0.7937494023076923,0.0015967413905207761,0.0029959856022735753,0.006866232218803415,0.6327046082988771,3.301804026716077,0.0,0.9984032586094791,26,1.6923076923076923,1.0,1.6923076923076923,44,26,1.0,1.6923076923076923,0.2692307692307692,0.0,1.676240084170295,40.43861557472222,5823.1606427896395,5391.751427857387,86.265634166,-0.03846746298273588,3.671405583420858,324.8076923076923,127.56739998315219,0.39274747182498004,0.5,13,0.15384615384615385,11,0.15384615384615385,26,0.5909090909090909,0.07692307692307693,4,0,3,0.008937691521961185,0.6719576719576719,1,1,0.0,0.7865168539325843
ransomware_01171,0.7499690663333334,0.7497651261666666,0.0015436168485448644,0.002849915216824445,-0.0044574777902195006,0.6141480707969776,3.740390332204318,0.016666666666666666,0.9984563831514551,60,1.6666666666666667,1.0,1.6666666666666667,100,60,1.0,1.6666666666666667,0.26666666666666666,0.0,1.8234070268092246,127.12363310527778,7756.696257285339,6617.085931633736,71.639817687,-0.07928395676749173,4.412744920712928,252.58333333333334,128.35310031932195,0.5081614001424821,0.5,14,0.13333333333333333,12,0.15,60,0.6,0.08333333333333333,5,0,3,0.003863614411281754,0.6145833333333334,1,1,0.0,0.7843137254901961
ransomware_01173,0.7226523922972974,0.7224374643243242,0.0019203756333593953,0.005006075397353246,0.003153388262717514,0.6000378621229117,3.7433226311996703,0.04054054054054054,0.9980796243666405,74,1.527027027027027,1.0,1.527027027027027,113,74,1.0,1.527027027027027,0.35135135135135137,0.0,1.4896267579641227,129.09745947388888,6366.450056246698,6952.877473433255,35.798932501,0.04402830517380088,4.303604467257946,274.9594594594595,132.1371681649895,0.48056963897425775,0.4594594594594595,14,0.14864864864864866,12,0.13513513513513514,74,0.6548672566371682,0.0945945945945946,5,0,5,0.0034006182942353156,0.5496894409937888,1,1,0.0,0.7957446808510639
ransomware_01174,1.00227442375,1.0020355392857143,0.0006754482718159322,0.0008031587040795436,0.0015963470341763476,0.6027353068056404,3.6882783059559774,0.0,0.999324551728184,56,1.75,1.0,1.75,98,56,1.0,1.75,0.39285714285714285,0.0,1.7038895963028537,116.18693371972223,7604.962934390654,7786.782248536004,6.101327414,0.011812780940983479,4.22216028036217,252.66071428571428,127.2042418940664,0.5034587282541323,0.48214285714285715,14,0.125,12,0.125,56,0.5714285714285714,0.03571428571428571,4,0,5,0.004380475594493116,0.7032828282828282,1,1,0.0,0.8191489361702128
ransomware_01176,0.5965424010526316,0.5963032214473685,0.0018270998265957164,0.004015543298597974,0.004575978154340396,0.558578776883235,3.7264919574213518,0.0,0.9981729001734045,76,1.763157894736842,1.0,1.763157894736842,134,76,1.0,1.763157894736842,0.2631578947368421,0.0,1.6683914391425212,193.9944231997222,9311.732313596265,8606.962234164712,110.19828974,-0.03933155272852271,4.251364528623754,275.57894736842104,125.4231518402558,0.4551260284501261,0.5921052631578947,14,0.13157894736842105,12,0.15789473684210525,76,0.5671641791044776,0.11842105263157894,5,0,6,0.0029791459781529296,0.6482456140350876,1,1,0.0,0.7894736842105263
ransomware_01178,0.5498046731249999,0.549578379375,0.0014715956337627268,0.001981701725014263,0.015619737525659826,0.5146639967452347,3.730337797381775,0.0,0.9985284043662372,32,1.5625,1.0,1.5625,50,32,1.0,1.5625,0.40625,0.0,1.9252361177239905,81.58632379805556,9474.540828165675,8261.768304733874,112.760907189,-0.06837795362859325,3.866729296646206,229.28125,135.38266777498131,0.5904654993593297,0.59375,13,0.15625,11,0.21875,32,0.64,0.09375,5,0,3,0.008118811881188119,0.5483091787439612,1,1,0.0,0.8118811881188119
ransomware_01181,0.5657479806349204,0.5655239871428571,0.0017831677883100676,0.003852274882837472,-0.0016140217684331797,0.533381013685681,3.803186480447961,0.0,0.9982168322116899,63,1.5238095238095237,1.0,1.5238095238095237,96,63,1.0,1.5238095238095237,0.2857142857142857,0.0,1.6545743152984589,121.5586866113889,7058.246319375272,6707.057656191701,194.770725346,-0.0255125977462554,4.101804083496123,259.6031746031746,120.69536962047825,0.46492254882850076,0.47619047619047616,14,0.14285714285714285,12,0.14285714285714285,63,0.65625,0.07936507936507936,5,0,3,0.0038394668212112433,0.5437352245862883,1,1,0.0,0.7794117647058824
ransomware_01186,0.6205564363265306,0.620326831632653,0.0016814576807177323,0.0032182369505883174,0.007809356966326527,0.5821819386063178,3.903516549560798,0.04081632653061224,0.9983185423192821,49,1.6122448979591837,1.0,1.6122448979591837,79,49,1.0,1.6122448979591837,0.40816326530612246,0.0,1.5909162515609052,97.14956952555556,7286.217714421604,6685.958725847799,142.999568313,-0.04296102265383584,4.094230385638452,293.1020408163265,122.45054186928546,0.4177744430855722,0.3877551020408163,14,0.12244897959183673,12,0.14285714285714285,49,0.620253164556962,0.08163265306122448,5,0,5,0.005226196308998857,0.6265432098765432,1,1,0.0,0.8152866242038217
ransomware_01187,0.8833372548484848,0.8831195060606061,0.001983280607395713,0.006384633660590575,0.03129249994986631,0.5921675821400543,3.691994407728004,0.0,0.9980167193926043,33,1.7878787878787878,1.0,1.7878787878787878,59,33,1.0,1.7878787878787878,0.24242424242424243,0.0,1.7098759370100236,66.05845596333333,7431.5762958976875,6911.095933325645,104.501162739,-0.03628893934503772,4.043801694826379,245.9090909090909,111.14977610086639,0.45199539264677646,0.45454545454545453,12,0.18181818181818182,12,0.15151515151515152,33,0.559322033898305,0.15151515151515152,5,0,3,0.006778661951075744,0.6408730158730159,1,1,0.0,0.7863247863247863
ransomware_01191,0.844709562948718,0.844460956923077,0.0008436914723520622,0.0011237344607762003,-0.004824243117641853,0.5404630451504191,3.8234264551299786,0.0,0.9991563085276481,78,1.6923076923076923,1.0,1.6923076923076923,132,78,1.0,1.6923076923076923,0.2692307692307692,0.0,1.694183600085856,168.74086738,7889.183409982274,7686.343621937651,59.280263799,-0.013022980707421984,4.455041244846748,271.88461538461536,126.2283007731781,0.46427158298240645,0.5256410256410257,14,0.1282051282051282,12,0.15384615384615385,78,0.5909090909090909,0.11538461538461539,5,0,3,0.0029568302779420462,0.6305114638447972,1,1,0.0,0.7865168539325843
ransomware_01194,1.3329664146666667,1.332738655166667,0.000996489437325583,0.0015302123732347506,-0.007765174550430676,0.5892931053555588,3.796834613349972,0.03333333333333333,0.9990035105626744,60,1.8,1.0,1.8,108,60,1.0,1.8,0.3,0.0,1.783254753270682,114.63983920972223,6994.973239929948,6251.573803127592,73.786618524,-0.05612024283656385,4.256995287915263,305.05,126.69962141931052,0.41534050620983615,0.4666666666666667,13,0.16666666666666666,12,0.15,60,0.5555555555555556,0.11666666666666667,5,0,3,0.003827751196172249,0.6866666666666665,1,1,0.0,0.8
ransomware_01195,0.7768700999999999,0.7766761495555556,0.0008642943712916124,0.0022693563672209053,0.010686495886693015,0.4524060215768739,3.1564401200960086,0.08888888888888889,0.9991357056287086,45,1.6222222222222222,1.0,1.6222222222222222,73,45,1.0,1.6222222222222222,0.35555555555555557,0.0,1.634714299771552,91.97891088527777,7525.547254254319,6493.283070474827,11.517519828,-0.0736341163897664,4.135863096109955,272.4222222222222,118.08711901290368,0.4334709483302607,0.5555555555555556,14,0.13333333333333333,11,0.15555555555555556,45,0.6164383561643836,0.1111111111111111,5,0,4,0.005498089646817631,0.5735294117647058,1,1,0.0,0.8027210884353742
ransomware_01196,1.0793107284615384,1.0790827061538462,0.0013573807650635416,0.0021986742848620106,0.0030373979777327904,0.7106591519278049,3.4769579877399783,0.02564102564102564,0.9986426192349367,39,1.6666666666666667,1.0,1.6666666666666667,65,39,1.0,1.6666666666666667,0.1794871794871795,0.0,1.5110340271631977,73.07878035416667,6923.252875662974,6162.637760800782,201.966594788,-0.058124825890164614,4.019143808957969,283.2564102564103,131.6575937699795,0.4648000504235721,0.38461538461538464,14,0.1282051282051282,11,0.1794871794871795,39,0.6,0.1794871794871795,5,0,2,0.005664488017429194,0.6013745704467354,1,1,0.0,0.7647058823529411
ransomware_01201,1.1250172409615382,1.124805089423077,0.001390701900847985,0.002868643847575943,0.0009602772120720565,0.5899913688359785,3.9191091319018407,0.0,0.998609298099152,52,1.7115384615384615,1.0,1.7115384615384615,89,52,1.0,1.7115384615384615,0.3269230769230769,0.0,1.6768166583697546,92.12249734083333,6502.764518185981,5039.099257484139,314.349283814,-0.12681359693286284,4.313151920272956,281.15384615384613,134.8075439524275,0.4794796364929022,0.5192307692307693,13,0.1346153846153846,12,0.17307692307692307,52,0.5842696629213483,0.07692307692307693,5,0,3,0.0045779220779220775,0.631720430107527,1,1,0.0,0.8011363636363636
ransomware_01203,0.602352045106383,0.6020996953191489,0.0019352037160054799,0.002860995825375903,0.005552773733811285,0.5345348015034019,3.349296500769257,0.0,0.9980647962839944,47,1.4680851063829787,1.0,1.4680851063829787,69,47,1.0,1.4680851063829787,0.2765957446808511,0.0,1.665985222726369,101.44000988861112,7938.783382596436,7891.207091151346,89.328165565,-0.003005452942248478,4.193436331412508,260.59574468085106,133.8101607200791,0.513477919157717,0.40425531914893614,14,0.14893617021276595,11,0.14893617021276595,47,0.6811594202898551,0.1276595744680851,5,0,3,0.005190156599552573,0.470873786407767,1,1,3.36701416783233e-08,0.7733333333333333
ransomware_01205,1.033733423376623,1.0335031385714286,0.001402170738775583,0.0030981980929416825,-0.01129579217019822,0.5913748428534651,3.8256013535378446,0.025974025974025976,0.9985978292612243,77,1.8311688311688312,1.0,1.8311688311688312,141,77,1.0,1.8311688311688312,0.2597402597402597,0.0,1.8617410629859277,154.45173125833335,7316.134638558605,6387.515896863563,61.339810772,-0.06776433325519225,4.318654159972834,269.8181818181818,128.63654707748935,0.47675270143274356,0.44155844155844154,14,0.14285714285714285,12,0.14285714285714285,77,0.5460992907801419,0.14285714285714285,5,0,4,0.0028931652289316523,0.7180134680134678,1,1,0.0,0.7927272727272727
ransomware_01207,0.7526119210294118,0.7523930379411766,0.001374169161105053,0.0023114646040924896,-0.00247074224109631,0.5639097379556338,3.886788849312453,0.0,0.998625830838895,68,1.5441176470588236,1.0,1.5441176470588236,105,68,1.0,1.5441176470588236,0.3382352941176471,0.0,1.807343515583993,128.34795800166668,6896.3081911434765,6745.472395161625,26.361118666,-0.011056899429483161,4.311460547533211,292.2647058823529,126.0961037956745,0.43144485549491124,0.3382352941176471,13,0.10294117647058823,11,0.14705882352941177,68,0.6476190476190476,0.1323529411764706,5,2,5,0.0036570413900985075,0.5133333333333333,1,1,0.0,0.7935779816513762
ransomware_01208,0.6093802066666665,0.6091751584615386,0.0013893268646110028,0.0028887940549246673,0.00036284233386866296,0.4461925099427363,3.673037432766288,0.0,0.9986106731353888,78,1.7435897435897436,1.0,1.7435897435897436,136,78,1.0,1.7435897435897436,0.3333333333333333,0.0,1.5093812085875749,160.50922388583334,7504.327350513547,6860.9731431199,101.363314836,-0.04478529409661669,4.326334834369886,271.35897435897436,131.22796407312944,0.48359544541737204,0.47435897435897434,14,0.11538461538461539,12,0.11538461538461539,78,0.5735294117647058,0.10256410256410256,5,0,3,0.0030358916158320327,0.6799645390070921,1,1,0.0,0.8045112781954887
ransomware_01209,0.9180379840625,0.9177818078125,0.0010534614481107387,0.0027342595922904044,-0.0008741767320381232,0.44303272111932407,3.2181390622122534,0.0,0.9989465385518893,32,1.78125,1.0,1.78125,57,32,1.0,1.78125,0.25,0.0,1.7085938348471101,63.39051370055555,7361.479010418678,5557.244118752007,326.345509908,-0.13966046594749593,3.9681390622050405,282.25,126.66873229781486,0.4487820453421253,0.65625,13,0.125,11,0.15625,32,0.5614035087719298,0.125,5,0,2,0.007032237673830594,0.6748971193415637,1,1,0.0,0.7876106194690266
ransomware_01210,0.9281175271428571,0.9279099085714285,0.0023146503821782987,0.004712200634436373,-0.004490225558441557,0.6688515490419648,3.7334448240449203,0.017857142857142856,0.9976853496178217,56,1.625,1.0,1.625,91,56,1.0,1.625,0.23214285714285715,0.0,1.7292298252933955,110.45333907361112,7229.67310300751,7777.698148264895,177.742436295,0.036517057923180316,4.226474118224079,267.57142857142856,125.60426413474651,0.46942330429430096,0.39285714285714285,14,0.125,12,0.14285714285714285,56,0.6153846153846154,0.08928571428571429,5,0,2,0.004093567251461989,0.6032338308457711,1,1,0.0,0.7736842105263158
ransomware_01218,0.6866638486250001,0.6864431115,0.001452903824993764,0.0028429733029189854,-0.006122388497187063,0.5822891104074032,3.7245970737430145,0.0,0.9985470961750064,80,1.5125,1.0,1.5125,121,80,1.0,1.5125,0.4,0.0,1.8143340317866374,151.64752294750002,6910.520033061619,7608.446133138376,79.699124546,0.04806995843144274,4.237649039586306,285.1,125.0403074252965,0.4385840316565994,0.475,14,0.15,12,0.1375,80,0.6611570247933884,0.1375,5,0,4,0.003254955305091333,0.5305719921104535,1,1,0.0,0.8072289156626506
ransomware_01219,0.8730656394444443,0.8728259933333333,0.0012672330717758012,0.002296173888336379,-0.01192790416085382,0.5785958456571932,3.087407341276286,0.09259259259259259,0.9987327669282242,54,1.7037037037037037,1.0,1.7037037037037037,92,54,1.0,1.7037037037037037,0.3333333333333333,0.0,1.622452356819186,100.8637131175,6851.120136300167,8087.341533288486,91.772815036,0.08275426374758435,4.21306563238763,299.14814814814815,113.29147704082088,0.3787136164543969,0.48148148148148145,14,0.1111111111111111,12,0.16666666666666666,54,0.5869565217391305,0.18518518518518517,5,0,4,0.004432032056341449,0.6471354166666666,1,1,0.0,0.8021978021978022
ransomware_01220,1.0343255355319148,1.0341043663829788,0.0015926377354814327,0.0033589297048288204,-0.012322924392923214,0.6628334746422563,3.6685207045476096,0.0,0.9984073622645184,47,1.553191489361702,1.0,1.553191489361702,73,47,1.0,1.553191489361702,0.40425531914893614,0.0,1.7439247225290688,114.54115625194444,8964.090489288215,7638.220353771545,147.568344464,-0.0798605777261978,4.222052883922006,253.51063829787233,124.74667763118384,0.4920766973282116,0.48936170212765956,14,0.1702127659574468,12,0.14893617021276595,47,0.6438356164383562,0.0851063829787234,5,0,3,0.005515719801434087,0.5379537953795379,1,1,0.0,0.8108108108108109
ransomware_01221,1.1065332099999998,1.10634772,0.000363985736627738,0.00046366191260174616,0.009323726418988647,0.4965666328096532,3.01687569575358,0.0,0.9996360142633723,18,1.8333333333333333,1.0,1.8333333333333333,33,18,1.0,1.8333333333333333,0.2777777777777778,0.0,1.8365916681032084,22.72757326111111,4812.897867094294,4729.242640111104,29.864691263,-0.008766924666433158,3.419381945629058,297.05555555555554,127.56335091526886,0.42942590545630066,0.5555555555555556,8,0.2222222222222222,8,0.2222222222222222,18,0.5454545454545454,0.05555555555555555,5,0,3,0.012648809523809524,0.6920289855072465,1,1,0.0,0.796875
ransomware_01222,0.8488340539999999,0.848555566,0.0017429197629992533,0.0022010004570022484,-0.029681799107142838,0.6600992240343947,3.05656476211797,0.0,0.9982570802370007,15,1.6666666666666667,1.0,1.6666666666666667,25,15,1.0,1.6666666666666667,0.26666666666666666,0.0,1.5058231002039566,39.79664675833333,10233.423452194571,9794.72976036491,607.152084946,-0.021903851402263114,3.506890595591207,282.3333333333333,117.03520024009057,0.41452845421519685,0.3333333333333333,11,0.13333333333333333,9,0.13333333333333333,15,0.6,0.2,4,2,2,0.01568627450980392,0.6342592592592593,1,1,4.480417753924286e-08,0.7843137254901961
ransomware_01223,0.6344269064179103,0.6342269007462688,0.001196927562641557,0.0023632243385637046,0.003580690664458457,0.5218942445392672,3.2983173978024856,0.014925373134328358,0.9988030724373584,67,1.7462686567164178,1.0,1.7462686567164178,117,67,1.0,1.7462686567164178,0.2835820895522388,0.0,1.8451824722889647,131.16900209416667,7154.672841501484,6708.1153294161095,160.143663957,-0.0322126765972084,4.22766340046969,264.1940298507463,122.19684055901428,0.4625268808233408,0.44776119402985076,14,0.13432835820895522,12,0.11940298507462686,67,0.5726495726495726,0.07462686567164178,5,0,3,0.0034333482609344677,0.6777777777777777,1,1,0.0,0.7931034482758621
ransomware_01225,0.6803034119298246,0.6800766615789473,0.0016722161035864094,0.0042726834497086,0.002036045660487426,0.5328333632001229,3.5385610527590434,0.0,0.9983277838964135,57,1.6842105263157894,1.0,1.6842105263157894,96,57,1.0,1.6842105263157894,0.3508771929824561,0.0,1.8223587016480578,99.25498634055556,6380.677693335858,5853.214569194035,34.897003908,-0.04311490675435675,4.053941059466143,275.57894736842104,127.58105929850764,0.4629564795018421,0.5087719298245614,14,0.12280701754385964,12,0.12280701754385964,57,0.59375,0.07017543859649122,5,0,3,0.004260651629072682,0.6491228070175438,1,1,0.0,0.8052631578947368
ransomware_01227,0.8202312426760564,0.820003039859155,0.0011905396736991165,0.002530549902789892,-0.002977633902079142,0.5719385155273641,3.828637032308123,0.014084507042253521,0.9988094603263008,71,1.7464788732394365,1.0,1.7464788732394365,124,71,1.0,1.7464788732394365,0.22535211267605634,0.0,1.6444588031938976,165.34144807555555,8503.274472460871,8756.010710610466,8.083517974,0.014643493949418588,4.3068993745186095,276.2112676056338,136.4017087757395,0.49383108067296444,0.43661971830985913,14,0.16901408450704225,12,0.11267605633802817,71,0.5725806451612904,0.04225352112676056,5,0,3,0.0031325301204819275,0.6508379888268156,1,1,0.0,0.78
ransomware_01229,1.1120055726000002,1.1117764043999998,0.001169485693116245,0.002516090918982805,0.017723377791116445,0.6138913887098862,3.299849000235212,0.04,0.9988305143068836,50,1.52,1.0,1.52,76,50,1.0,1.52,0.54,0.0,1.5475603576530303,104.22896306416666,7657.638102692,6922.927297032504,78.369348778,-0.05038973356090693,4.201076879996076,283.76,132.1314373443878,0.46564504279809626,0.56,14,0.14,12,0.14,50,0.6578947368421053,0.1,5,0,8,0.005713767458733901,0.5471380471380473,1,1,0.0,0.8456375838926175
ransomware_01233,0.7745061534375,0.7742571884375,0.0009462371723267275,0.0016283305493979263,-0.002552264686583576,0.4900410276800092,3.812499999976917,0.03125,0.9990537628276732,32,2.03125,1.0,2.03125,65,32,1.0,2.03125,0.21875,0.0,1.5990962055157782,62.00495206805556,7200.575078901129,6543.449001930506,0.265208232,-0.04781176699821828,3.7889097655343087,288.65625,127.18734197897768,0.44061870123712094,0.5,13,0.1875,12,0.15625,32,0.49230769230769234,0.03125,5,0,2,0.006570925348868717,0.7851851851851851,1,1,0.0,0.7950819672131147
ransomware_01234,0.8813843277333333,0.8811325394666668,0.0026228871711252433,0.006445446788018825,0.022355233051493607,0.6467223194085429,3.5482207481011314,0.013333333333333334,0.9973771128288748,75,1.56,1.0,1.56,117,75,1.0,1.56,0.36,0.0,1.5531359589855092,125.9345182725,6126.544132185162,6592.850016651142,2.547693605,0.0366610138037622,4.367179904558943,294.62666666666667,137.85507208986147,0.4678974705498307,0.41333333333333333,14,0.14666666666666667,12,0.12,75,0.6410256410256411,0.13333333333333333,5,0,4,0.0033472803347280333,0.5737373737373738,1,1,0.0,0.8
ransomware_01235,0.5304124858823528,0.5302301235294118,0.001649243931616681,0.0033520124981518437,-0.00700614142156863,0.4889813242458975,3.1462863706491198,0.058823529411764705,0.9983507560683833,17,1.9411764705882353,1.0,1.9411764705882353,33,17,1.0,1.9411764705882353,0.058823529411764705,0.0,1.8077635764114233,35.196066986111106,7919.115071908687,5236.463327929037,584.667792973,-0.20391743049570063,3.3371753411072067,243.52941176470588,151.92807412023083,0.6238592415565034,0.47058823529411764,9,0.17647058823529413,10,0.17647058823529413,17,0.5151515151515151,0.058823529411764705,4,0,2,0.011655011655011656,0.7210884353741497,1,1,0.0,0.7575757575757576
ransomware_01236,0.6734192067857142,0.6731925221428572,0.0011420042273660364,0.0024433067952860546,0.012371208669950739,0.4739472746338124,3.580050351444539,0.0,0.9988579957726339,28,1.6428571428571428,1.0,1.6428571428571428,46,28,1.0,1.6428571428571428,0.2857142857142857,0.0,1.4701429793309875,51.66518027138889,6888.690702863703,6839.687319813011,85.75171336,-0.003569495461863615,3.815410725219616,282.7857142857143,129.10212929444577,0.4565369563329732,0.4642857142857143,14,0.17857142857142858,11,0.25,28,0.6086956521739131,0.03571428571428571,5,0,2,0.008464882177991306,0.6691919191919191,1,1,0.0,0.7872340425531915
ransomware_01239,0.906871372982456,0.906675489122807,0.0011590677374348195,0.0020485831472056427,0.015372914145709104,0.6607747467977482,3.8853508757055364,0.03508771929824561,0.9988409322625651,57,1.6140350877192982,1.0,1.6140350877192982,92,57,1.0,1.6140350877192982,0.3157894736842105,0.0,1.7655695499424482,118.42247114194444,7612.873144854625,7836.146192863648,18.248619107,0.014452247299859953,4.127620549642552,271.94736842105266,143.8239773687455,0.5288669576168307,0.3333333333333333,14,0.12280701754385964,11,0.19298245614035087,57,0.6195652173913043,0.07017543859649122,5,0,4,0.004238252360905677,0.5852417302798982,1,1,0.0,0.7925531914893617
ransomware_01243,0.5651334297959183,0.5649301665306122,0.003800272310789889,0.016766646308168653,-0.0009490076234693893,0.43182993637203115,3.2901747576261418,0.02040816326530612,0.9961997276892102,49,1.7346938775510203,1.0,1.7346938775510203,85,49,1.0,1.7346938775510203,0.30612244897959184,0.0,1.8744377178485805,70.59270702916666,5294.4530271970825,8463.841192206472,181.469148929,0.23036199942137794,4.346567691277586,295.2244897959184,124.3776616643376,0.42129859128664054,0.3877551020408163,13,0.14285714285714285,12,0.16326530612244897,49,0.5764705882352941,0.14285714285714285,5,0,4,0.0047761619617907045,0.680672268907563,1,1,0.0,0.7976190476190477
ransomware_01245,1.033127457333333,1.0328797782222223,0.0010730661888259832,0.0017070193344902627,0.00827187437944664,0.6066604513096829,3.4275452520965635,0.0,0.9989269338111739,45,1.6,1.0,1.6,72,45,1.0,1.6,0.37777777777777777,0.0,1.6196190365688787,79.64608767027778,6516.498082115524,5081.944713649654,203.281641673,-0.12368499752308595,4.055648863344692,267.4,131.10516250843685,0.4902960452821124,0.4,14,0.13333333333333333,12,0.15555555555555556,45,0.625,0.13333333333333333,5,0,5,0.005603448275862069,0.5783333333333334,1,1,0.0,0.8068965517241379
ransomware_01246,0.6773561784848485,0.6771239953030304,0.0011771606744805725,0.0017340954458187215,0.001838757493163553,0.5414532384914278,3.7972942527651203,0.07575757575757576,0.9988228393255194,66,1.621212121212121,1.0,1.621212121212121,107,66,1.0,1.621212121212121,0.3484848484848485,0.0,1.6376576997168208,128.3830666586111,7110.4467687966,7006.917960092466,25.08225695,-0.007333437273337381,4.241850378256518,306.8181818181818,131.77111964322063,0.4294762418001265,0.5303030303030303,14,0.10606060606060606,12,0.13636363636363635,66,0.616822429906542,0.07575757575757576,5,0,4,0.0037252368647717484,0.6066666666666667,1,1,0.0,0.8009259259259259
ransomware_01248,0.8789402106666665,0.8786941371666668,0.0015749490608948356,0.003140254261882787,-0.007653275539038622,0.6276447034143366,3.844316315121461,0.05,0.9984250509391052,60,1.6333333333333333,1.0,1.6333333333333333,98,60,1.0,1.6333333333333333,0.3,0.0,1.7318179655780603,140.81886865694443,8592.337748560187,10060.626256458701,277.642249835,0.07871609613911479,4.336243412949878,272.5,126.76650094844405,0.4651981686181433,0.43333333333333335,14,0.13333333333333333,12,0.13333333333333333,60,0.6122448979591837,0.18333333333333332,5,0,3,0.003969849246231155,0.6166666666666667,1,1,3.175712619464553e-08,0.79
ransomware_01249,1.066895807419355,1.066677992580645,0.0005147705883556559,0.0005630674379152047,0.006646875600806452,0.5318357377715499,3.848884616606037,0.0,0.9994852294116441,31,1.6451612903225807,1.0,1.6451612903225807,51,31,1.0,1.6451612903225807,0.3870967741935484,0.0,1.724922258444958,46.54015251277778,5584.818301555265,5898.888327326977,216.060586761,0.027349185756958112,3.9535656649219013,300.2258064516129,110.06292432889451,0.36660047858555167,0.3548387096774194,11,0.16129032258064516,11,0.25806451612903225,31,0.6078431372549019,0.0967741935483871,5,0,3,0.008118811881188119,0.6595238095238094,1,1,0.0,0.8118811881188119
