max_chain_length,graph_density,avg_clustering,max_in_degree,max_out_degree,degree_assortativity,edge_to_node_ratio,scenario_id
2,0.0040506588729938,0.0,1,1,-0.3753862132538452,0.797979797979798,bg_0001
5,0.0032586155821072,0.0,1,1,-0.3962500892502527,0.8016194331983806,bg_0003
3,0.003590701535907,0.0,1,1,-0.3366861693557205,0.7863636363636364,bg_0004
6,0.0044275774826059,0.0,1,1,-0.422045226722722,0.8235294117647058,bg_0005
2,0.0140268848626534,0.0,1,1,-0.4048940880429525,0.8135593220338984,bg_0006
2,0.0035124359217771,0.0,1,1,-0.3391574539746307,0.8043478260869565,bg_0007
6,0.007805063773082,0.0,1,1,-0.3060555475318623,0.7961165048543689,bg_0008
5,0.0048041389504804,0.0,1,1,-0.3730129586055987,0.7878787878787878,bg_0010
100,0.0034333482609344,0.0,1,1,-0.4427801923647605,0.7931034482758621,bg_0011
3,0.0041437894954936,0.0,1,1,-0.3983753594266872,0.8121827411167513,bg_0012
2,0.0114688128772635,0.0,1,1,-0.4632618235194496,0.8028169014084507,bg_0013
15,0.0046989209885137,0.0,1,1,-0.4275436914386939,0.7941176470588235,bg_0016
5,0.0039119095914227,0.0,1,1,-0.3193895371293345,0.7941176470588235,bg_0018
2,0.0085526315789473,0.0,1,1,-0.5171889366574022,0.8125,bg_0019
3,0.0074753652735304,0.0,1,1,-0.3918051922013816,0.8073394495412844,bg_0020
1,0.0045313469894475,0.0,1,1,-0.4246891884567305,0.8111111111111111,bg_0023
3,0.0048410938654841,0.0,1,1,-0.3281413590660738,0.793939393939394,bg_0024
9,0.0047259621923024,0.0,1,1,-0.3379502244799929,0.8081395348837209,bg_0025
8,0.0043656450463292,0.0,1,1,-0.4038773564598254,0.7989130434782609,bg_0026
2,0.0060143418922044,0.0,1,1,-0.3534088820021374,0.7878787878787878,bg_0028
3,0.004781561747506,0.0,1,1,-0.4570615452100615,0.8128654970760234,bg_0029
17,0.0038329026701119,0.0,1,1,-0.4228568871614464,0.8240740740740741,bg_0030
14,0.0043451272501551,0.0,1,1,-0.2889009266782931,0.7777777777777778,bg_0031
4,0.0139344262295081,0.0,1,1,-0.601827648664124,0.8360655737704918,bg_0032
6,0.0042711490768806,0.0,1,1,-0.4109234272457738,0.8115183246073299,bg_0033
2,0.0067654180316194,0.0,1,1,-0.3852114268311127,0.7983193277310925,bg_0034
4,0.0066637693756337,0.0,1,1,-0.4195213105931355,0.7796610169491526,bg_0036
2,0.0039843523616343,0.0,1,1,-0.3695931198687349,0.8088235294117647,bg_0037
0,0.0087390761548064,0.0,1,1,-0.3746343246326775,0.7777777777777778,bg_0039
3,0.0034105692486199,0.0,1,1,-0.413995019366224,0.8117154811715481,bg_0040
9,0.0036561224902032,0.0,1,1,-0.3547092192099212,0.8116591928251121,bg_0042
5,0.0034327397554172,0.0,1,1,-0.3507781410840104,0.810126582278481,bg_0043
25,0.0029782625512493,0.0,1,1,-0.4079539295701678,0.8279569892473119,bg_0044
4,0.0038415531836584,0.0,1,1,-0.3971239678029342,0.7990430622009569,bg_0045
4,0.0062611806797853,0.0,1,1,-0.4308294322720587,0.8076923076923077,bg_0046
4,0.0035791543756145,0.0,1,1,-0.4287848219369015,0.8053097345132744,bg_0047
2,0.0097127222982216,0.0,1,1,-0.3625689888915441,0.8255813953488372,bg_0048
2,0.0040919921267999,0.0,1,1,-0.3642638379509524,0.8020304568527918,bg_0049
37,0.0053475935828877,0.0,1,1,-0.4488703378572224,0.8181818181818182,bg_0050
1,0.0094043887147335,0.0,1,1,-0.457972744517254,0.8181818181818182,bg_0051
7,0.003082152321696,0.0,1,1,-0.3877704856828173,0.8106060606060606,bg_0052
3,0.0056737588652482,0.0,1,1,-0.4081261445465001,0.7943262411347518,bg_0053
4,0.0075285565939771,0.0,1,1,-0.3973590254946199,0.8055555555555556,bg_0055
1,0.0074228523769808,0.0,1,1,-0.3553547699756431,0.8090909090909091,bg_0056
4,0.0042811954624781,0.0,1,1,-0.4425986196957943,0.8177083333333334,bg_0057
4,0.0102848101265822,0.0,1,1,-0.495585338896441,0.8125,bg_0058
10,0.0040506588729938,0.0,1,1,-0.353979414975825,0.797979797979798,bg_0059
5,0.0144110275689223,0.0,1,1,-0.3680264988619111,0.8070175438596491,bg_0060
2,0.0055446836268754,0.0,1,1,-0.414544049608777,0.8095238095238095,bg_0061
3,0.0109364319890635,0.0,1,1,-0.4225039187420196,0.8311688311688312,bg_0062
8,0.0033647140864714,0.0,1,1,-0.4034303167527679,0.8041666666666667,bg_0063
0,0.0182724252491694,0.0,1,1,-0.3268848131054543,0.7674418604651163,bg_0064
5,0.0076923076923076,0.0,1,1,-0.3219769904485678,0.8,bg_0066
4,0.0037557006170079,0.0,1,1,-0.344178058005177,0.7924528301886793,bg_0067
6,0.0066804407713498,0.0,1,1,-0.3936397223985324,0.8016528925619835,bg_0068
1,0.0106544901065449,0.0,1,1,-0.2078698548207748,0.7671232876712328,bg_0069
1,0.0037074274223953,0.0,1,1,-0.3597606407383485,0.8082191780821918,bg_0070
3,0.0067654180316194,0.0,1,1,-0.3848944597953714,0.7983193277310925,bg_0071
49,0.0070641204781866,0.0,1,1,-0.3073116733842947,0.7982456140350878,bg_0072
3,0.0032610441767068,0.0,1,1,-0.4089618100931642,0.812,bg_0073
3,0.0040860870006598,0.0,1,1,-0.3786572572303084,0.8090452261306532,bg_0074
7,0.0046508537638695,0.0,1,1,-0.2975352256613053,0.8045977011494253,bg_0075
9,0.0031822157874098,0.0,1,1,-0.3951588405350494,0.8178294573643411,bg_0076
3,0.0076684139002135,0.0,1,1,-0.3528681856753325,0.7745098039215687,bg_0077
6,0.0040567951318458,0.0,1,1,-0.4415290397616185,0.8235294117647058,bg_0078
2,0.0066526610644257,0.0,1,1,-0.4300479056329455,0.7916666666666666,bg_0079
18,0.0033995815899581,0.0,1,1,-0.437117039350663,0.8125,bg_0080
7,0.00351966873706,0.0,1,1,-0.3765314120678731,0.8095238095238095,bg_0081
2,0.0031900656686688,0.0,1,1,-0.3587896021397284,0.8070866141732284,bg_0082
1,0.0062456627342123,0.0,1,1,-0.4239192249502405,0.8181818181818182,bg_0083
2,0.0121212121212121,0.0,1,1,-0.4518721961743081,0.7878787878787878,bg_0084
3,0.0046962233169129,0.0,1,1,-0.3769707884632394,0.8171428571428572,bg_0085
5,0.0122596153846153,0.0,1,1,-0.2737790257761815,0.7846153846153846,bg_0086
2,0.0107017543859649,0.0,1,1,-0.5319731833494776,0.8026315789473685,bg_0087
5,0.0046579627362981,0.0,1,1,-0.2846263500282806,0.7965116279069767,bg_0089
4,0.0030911676777058,0.0,1,1,-0.4045370316147777,0.8098859315589354,bg_0090
2,0.0051695616211745,0.0,1,1,-0.3382735057166066,0.8012820512820513,bg_0091
18,0.0059808612440191,0.0,1,1,-0.3133207921567311,0.7894736842105263,bg_0093
3,0.0047259621923024,0.0,1,1,-0.4294937339881565,0.8081395348837209,bg_0094
12,0.0054416832940322,0.0,1,1,-0.3761995849185986,0.8053691275167785,bg_0095
4,0.0043163464216095,0.0,1,1,-0.398160012182884,0.8157894736842105,bg_0097
4,0.0055616841331127,0.0,1,1,-0.3766217885773547,0.8175675675675675,bg_0098
3,0.003101772441395,0.0,1,1,-0.4187459652853945,0.8188679245283019,bg_0100
3,0.0034551736679396,0.0,1,1,-0.4063334300789594,0.8085106382978723,bg_0101
1,0.0060457516339869,0.0,1,1,-0.4093934240339448,0.8161764705882353,bg_0102
5,0.0094894413258487,0.0,1,1,-0.352355958966988,0.8160919540229885,bg_0103
9,0.0039947974730583,0.0,1,1,-0.4005785589452512,0.8269230769230769,bg_0105
5,0.0123543123543123,0.0,1,1,-0.3730652889507567,0.803030303030303,bg_0106
4,0.0058501502790897,0.0,1,1,-0.3059067522393343,0.7956204379562044,bg_0107
2,0.0054461484837922,0.0,1,1,-0.5051082689330743,0.8223684210526315,bg_0108
2,0.0044505831798649,0.0,1,1,-0.3812873524331086,0.8011049723756906,bg_0109
4,0.0096973258889215,0.0,1,1,-0.5037541930626704,0.7951807228915663,bg_0110
2,0.0058182587538347,0.0,1,1,-0.3702741300908708,0.7971014492753623,bg_0111
1,0.0104430379746835,0.0,1,1,-0.4543085776467609,0.825,bg_0112
1,0.0052202699261522,0.0,1,1,-0.3771864395510262,0.7987012987012987,bg_0114
12,0.0052003547528823,0.0,1,1,-0.374040642426331,0.8164556962025317,bg_0115
2,0.0072689511941848,0.0,1,1,-0.379223293317088,0.7777777777777778,bg_0116
4,0.0037295423632135,0.0,1,1,-0.3357613150348835,0.794392523364486,bg_0117
5,0.0069412662090007,0.0,1,1,-0.3159247096105131,0.7913043478260869,bg_0118
2,0.0082689003436426,0.0,1,1,-0.4023191839760471,0.7938144329896907,bg_0119
11,0.007147067491895,0.0,1,1,-0.4057307849324457,0.8290598290598291,bg_0120
55,0.0035693943421302,0.0,1,1,-0.4335462759139881,0.8173913043478261,bg_0121
2,0.0058435720707222,0.0,1,1,-0.4807792393804984,0.823943661971831,bg_0124
3,0.004145728643216,0.0,1,1,-0.3950302061686292,0.825,bg_0125
1,0.0068181818181818,0.0,1,1,-0.4107401346306806,0.8181818181818182,bg_0126
5,0.005699233716475,0.0,1,1,-0.4722962132033056,0.8206896551724138,bg_0127
2,0.0148148148148148,0.0,1,1,-0.3590196170066583,0.8,bg_0128
1,0.0128205128205128,0.0,1,1,-0.3685357368925486,0.8333333333333334,bg_0129
7,0.005699233716475,0.0,1,1,-0.4294556238707816,0.8206896551724138,bg_0130
3,0.0042811954624781,0.0,1,1,-0.4487707011137913,0.8177083333333334,bg_0132
4,0.0045899632802937,0.0,1,1,-0.3999634007962139,0.7848837209302325,bg_0133
5,0.0074228523769808,0.0,1,1,-0.4071840755155087,0.8090909090909091,bg_0134
5,0.0042266579406631,0.0,1,1,-0.3945025304536063,0.8072916666666666,bg_0136
16,0.004519490301927,0.0,1,1,-0.3969704101008426,0.8044692737430168,bg_0137
3,0.0036864815047547,0.0,1,1,-0.3456485444996321,0.8036529680365296,bg_0138
1,0.0031709558823529,0.0,1,1,-0.4394965700668357,0.80859375,bg_0139
19,0.0033861645924192,0.0,1,1,-0.4621335055080241,0.8025210084033614,bg_0140
4,0.0042030134813639,0.0,1,1,-0.3816558770979159,0.8153846153846154,bg_0141
4,0.0150829562594268,0.0,1,1,-0.287522463569984,0.7692307692307693,bg_0142
0,0.0123543123543123,0.0,1,1,-0.3902879753853999,0.803030303030303,bg_0143
3,0.0036131076590153,0.0,1,1,-0.4443816746528208,0.8201754385964912,bg_0145
1,0.0163265306122449,0.0,1,1,-0.4118432292401199,0.8,bg_0146
3,0.0045426642111724,0.0,1,1,-0.4513188402173498,0.8176795580110497,bg_0148
3,0.0042049568365357,0.0,1,1,-0.3446124757202013,0.7947368421052632,bg_0149
8,0.003590701535907,0.0,1,1,-0.4363830466243559,0.7863636363636364,bg_0150
2,0.0038227666994545,0.0,1,1,-0.379355898301662,0.8066037735849056,bg_0154
2,0.0081818181818181,0.0,1,1,-0.434670440384889,0.81,bg_0155
12,0.0031002310549559,0.0,1,1,-0.4363812253817091,0.8091603053435115,bg_0156
7,0.003082152321696,0.0,1,1,-0.3723668240981729,0.8106060606060606,bg_0157
4,0.0047900817131586,0.0,1,1,-0.3812660397882904,0.8047337278106509,bg_0159
4,0.0074273072060682,0.0,1,1,-0.465843232343101,0.831858407079646,bg_0160
3,0.0038674774210855,0.0,1,1,-0.4172501362993124,0.8160377358490566,bg_0163
5,0.0030655273816789,0.0,1,1,-0.4280656692487232,0.8215613382899628,bg_0164
2,0.0035761340109166,0.0,1,1,-0.3958668980674604,0.8225108225108225,bg_0165
16,0.0036404771698889,0.0,1,1,-0.4163038197482291,0.8009049773755657,bg_0166
7,0.0068649885583524,0.0,1,1,-0.3509131970042003,0.782608695652174,bg_0168
2,0.0094043887147335,0.0,1,1,-0.3897692002634883,0.8181818181818182,bg_0169
0,0.0089995324918186,0.0,1,1,-0.6345097214541564,0.8279569892473119,bg_0170
6,0.0054237911380768,0.0,1,1,-0.4046410625457863,0.7972972972972973,bg_0171
3,0.0036706349206349,0.0,1,1,-0.5284763286818184,0.8222222222222222,bg_0172
20,0.0046224961479198,0.0,1,1,-0.4480251232657273,0.8135593220338984,bg_0173
9,0.0070322376738305,0.0,1,1,-0.3225280372103266,0.7876106194690266,bg_0174
7,0.0030874785591766,0.0,1,1,-0.4472939605710723,0.8150943396226416,bg_0175
1,0.0098765432098765,0.0,1,1,-0.5036156618378537,0.7901234567901234,bg_0176
6,0.0059769385380302,0.0,1,1,-0.4309993734888915,0.8188405797101449,bg_0177
2,0.0067493112947658,0.0,1,1,-0.409817222284959,0.8099173553719008,bg_0178
7,0.0031650455457773,0.0,1,1,-0.4253331087397729,0.803921568627451,bg_0179
13,0.0033092143616474,0.0,1,1,-0.3615542152264951,0.7975206611570248,bg_0180
1,0.0030694714313874,0.0,1,1,-0.4154342782922732,0.8164794007490637,bg_0181
3,0.005601233299075,0.0,1,1,-0.3895048647662512,0.7785714285714286,bg_0182
10,0.0048473831704915,0.0,1,1,-0.2622335977726218,0.7852760736196319,bg_0183
2,0.0047172945319247,0.0,1,1,-0.531883553184984,0.8160919540229885,bg_0184
8,0.0150829562594268,0.0,1,1,-0.2912949277328067,0.7692307692307693,bg_0185
6,0.0075824369599717,0.0,1,1,-0.3647422717284341,0.8037383177570093,bg_0186
16,0.0056633507337732,0.0,1,1,-0.3779283667820193,0.8041958041958042,bg_0189
1,0.0091136079900124,0.0,1,1,-0.3658985327508187,0.8111111111111111,bg_0191
3,0.0040884685483473,0.0,1,1,-0.405048727265296,0.8217821782178217,bg_0192
3,0.0078469405748545,0.0,1,1,-0.4985515901263321,0.8317757009345794,bg_0193
20,0.0047599619203046,0.0,1,1,-0.4381460806537141,0.813953488372093,bg_0194
11,0.0033647140864714,0.0,1,1,-0.3776882447374785,0.8041666666666667,bg_0195
3,0.0032852165256346,0.0,1,1,-0.392589144998093,0.8048780487804879,bg_0196
3,0.0057618437900128,0.0,1,1,-0.461986176670677,0.8181818181818182,bg_0197
6,0.0107655502392344,0.0,1,1,-0.4263129340214066,0.8181818181818182,bg_0199
24,0.00351966873706,0.0,1,1,-0.3809621658605587,0.8095238095238095,bg_0200
4,0.0046022979749888,0.0,1,1,-0.4121649742796044,0.8146067415730337,bg_0204
3,0.0107655502392344,0.0,1,1,-0.4533791598564676,0.8181818181818182,bg_0205
176,0.0050314465408805,0.0,1,1,-0.3250961780585848,0.8,bg_0209
9,0.0034120914920613,0.0,1,1,-0.3939471535809618,0.8223140495867769,bg_0210
2,0.005603448275862,0.0,1,1,-0.4226733206755175,0.8068965517241379,bg_0211
2,0.0055187637969094,0.0,1,1,-0.414376546200919,0.8278145695364238,bg_0212
1,0.0064761904761904,0.0,1,1,-0.4054904169110842,0.8095238095238095,bg_0213
4,0.0030874785591766,0.0,1,1,-0.4903266702331535,0.8150943396226416,bg_0214
2,0.0081615120274914,0.0,1,1,-0.2519049238334935,0.7835051546391752,bg_0215
17,0.0071112515802781,0.0,1,1,-0.3596202603774523,0.7964601769911505,bg_0216
8,0.005699233716475,0.0,1,1,-0.4013998715327868,0.8206896551724138,bg_0218
26,0.0035937862276837,0.0,1,1,-0.3883262574217777,0.8157894736842105,bg_0219
3,0.0056824105932645,0.0,1,1,-0.3242421636751771,0.7841726618705036,bg_0221
1,0.0125,0.0,1,1,-0.5093497813148287,0.8,bg_0222
2,0.0075062552126772,0.0,1,1,-0.3946144380821662,0.8181818181818182,bg_0223
15,0.0043341213553979,0.0,1,1,-0.4128572481842019,0.8148148148148148,bg_0224
2,0.0061185057964791,0.0,1,1,-0.5009602889579186,0.8321167883211679,bg_0225
5,0.0043535699273404,0.0,1,1,-0.3963059775992031,0.7923497267759563,bg_0227
5,0.0038415531836584,0.0,1,1,-0.4114094199128257,0.7990430622009569,bg_0228
4,0.0043084642233856,0.0,1,1,-0.3904587156236886,0.8229166666666666,bg_0229
2,0.0066526610644257,0.0,1,1,-0.4782154435572538,0.7916666666666666,bg_0232
2,0.0154600301659125,0.0,1,1,-0.4019524890377714,0.7884615384615384,bg_0233
5,0.0044136191677175,0.0,1,1,-0.2996255623280078,0.8032786885245902,bg_0234
4,0.0057618437900128,0.0,1,1,-0.3842487190963974,0.8181818181818182,bg_0235
2,0.0148148148148148,0.0,1,1,-0.4024515448545663,0.8,bg_0236
5,0.0053319573443412,0.0,1,1,-0.3628535021649125,0.8104575163398693,bg_0237
9,0.0050226209646499,0.0,1,1,-0.3554057963388714,0.808641975308642,bg_0238
2,0.0066220823498557,0.0,1,1,-0.4473520302952559,0.8145161290322581,bg_0239
3,0.0044844381088144,0.0,1,1,-0.4686922660847165,0.8206521739130435,bg_0240
8,0.0045261941448382,0.0,1,1,-0.4225626606241445,0.7966101694915254,bg_0241
7,0.0066804407713498,0.0,1,1,-0.319836551024758,0.8016528925619835,bg_0243
2,0.0040201005025125,0.0,1,1,-0.3823926597414575,0.8,bg_0244
5,0.0034188034188034,0.0,1,1,-0.3311434332838645,0.8,bg_0245
1,0.003486750348675,0.0,1,1,-0.4384915882515026,0.8333333333333334,bg_0246
3,0.0091431556948798,0.0,1,1,-0.3440820891259791,0.7954545454545454,bg_0248
3,0.003567112393279,0.0,1,1,-0.3584457490383171,0.8061674008810573,bg_0249
9,0.0081426509997938,0.0,1,1,-0.3703123777368302,0.797979797979798,bg_0250
7,0.0082689003436426,0.0,1,1,-0.4503125600133321,0.7938144329896907,bg_0251
2,0.0033402482331844,0.0,1,1,-0.3624339497205446,0.7949790794979079,bg_0252
2,0.0062984496124031,0.0,1,1,-0.3528523918200495,0.8062015503875969,bg_0255
0,0.0108771929824561,0.0,1,1,-0.4283025631569037,0.8157894736842105,bg_0256
5,0.0034593754624833,0.0,1,1,-0.3764379454997735,0.8025751072961373,bg_0257
8,0.0032711491125793,0.0,1,1,-0.369617245854604,0.8112449799196787,bg_0258
3,0.0067741498441945,0.0,1,1,-0.3891067295284007,0.819672131147541,bg_0259
1,0.0094881398252184,0.0,1,1,-0.4083087752965325,0.8444444444444444,bg_0260
3,0.0036761449198334,0.0,1,1,-0.2759358932811478,0.7793427230046949,bg_0261
4,0.0033367911479944,0.0,1,1,-0.3409806232634058,0.8008298755186722,bg_0262
1,0.0045903954802259,0.0,1,1,-0.3834099147975415,0.807909604519774,bg_0264
1,0.0060807075732448,0.0,1,1,-0.4348989035397639,0.8148148148148148,bg_0265
5,0.0035714285714285,0.0,1,1,-0.3707182032133851,0.8,bg_0266
1,0.0163265306122449,0.0,1,1,-0.329914439536929,0.8,bg_0267
9,0.0035693943421302,0.0,1,1,-0.3588855397496207,0.8173913043478261,bg_0268
9,0.0144110275689223,0.0,1,1,-0.5071609582159619,0.8070175438596491,bg_0269
2,0.0047405189620758,0.0,1,1,-0.4024581851109485,0.7916666666666666,bg_0271
11,0.0038035209737013,0.0,1,1,-0.4017536880041851,0.813953488372093,bg_0272
0,0.0099911842491918,0.0,1,1,-0.5228408814885865,0.8192771084337349,bg_0273
3,0.0045119705340699,0.0,1,1,-0.4117301911153097,0.8121546961325967,bg_0274
2,0.0036517505216786,0.0,1,1,-0.4205248002001986,0.8289473684210527,bg_0275
3,0.0067064083457526,0.0,1,1,-0.4288249435622724,0.8114754098360656,bg_0276
3,0.0119855269109,0.0,1,1,-0.3856436170937045,0.7910447761194029,bg_0278
2,0.0052718717323109,0.0,1,1,-0.3295958579570888,0.7960526315789473,bg_0279
6,0.0035314220618948,0.0,1,1,-0.4076970549542349,0.808695652173913,bg_0281
6,0.0035787741670094,0.0,1,1,-0.3998361895708253,0.7873303167420814,bg_0282
5,0.0055033557046979,0.0,1,1,-0.4143953839896158,0.82,bg_0283
2,0.0103862382343395,0.0,1,1,-0.410188973289405,0.810126582278481,bg_0285
20,0.0034078615218175,0.0,1,1,-0.3429066910383445,0.8008474576271186,bg_0286
4,0.0159183673469387,0.0,1,1,0.0,0.78,bg_0287
9,0.005515719801434,0.0,1,1,-0.3952847075210473,0.8108108108108109,bg_0288
1,0.0109218807848944,0.0,1,1,-0.3358787308974839,0.7972972972972973,bg_0290
2,0.0094894413258487,0.0,1,1,-0.517962769319511,0.8160919540229885,bg_0291
5,0.0062456627342123,0.0,1,1,-0.4635681743251016,0.8181818181818182,bg_0292
1,0.0070983630305664,0.0,1,1,-0.437519065560895,0.8305084745762712,bg_0293
18,0.0036309523809523,0.0,1,1,-0.3968213565710534,0.8133333333333334,bg_0295
5,0.0150829562594268,0.0,1,1,-0.3916593259464773,0.7692307692307693,bg_0297
13,0.0033731363421709,0.0,1,1,-0.4267050451247169,0.819672131147541,bg_0298
1,0.0066804407713498,0.0,1,1,-0.3975738530810861,0.8016528925619835,bg_0299
10,0.0053475935828877,0.0,1,1,-0.429588597670512,0.8181818181818182,bg_0300
4,0.0041862899005756,0.0,1,1,-0.3982748710174806,0.8163265306122449,bg_0301
7,0.0031671341960003,0.0,1,1,-0.3613203851418896,0.813953488372093,bg_0302
2,0.0082828282828282,0.0,1,1,-0.4632006236116402,0.82,bg_0303
2,0.0087719298245614,0.0,1,1,-0.4261455395373387,0.8333333333333334,bg_0304
5,0.0045179722277589,0.0,1,1,-0.2764230103278722,0.7816091954022989,bg_0305
0,0.0055555555555555,0.0,1,1,-0.3776790103797017,0.8,bg_0306
24,0.0056737588652482,0.0,1,1,-0.3500123152175973,0.7943262411347518,bg_0307
7,0.0064195736434108,0.0,1,1,-0.3483751544340531,0.8217054263565892,bg_0308
1,0.0156862745098039,0.0,1,1,-0.4717930542768214,0.7843137254901961,bg_0309
6,0.0031779031779031,0.0,1,1,-0.4154569474713839,0.823076923076923,bg_0310
5,0.0043478260869565,0.0,1,1,-0.3169483489515161,0.8,bg_0311
4,0.003619857504022,0.0,1,1,-0.4326823952590205,0.8253275109170306,bg_0312
49,0.0032015931372549,0.0,1,1,-0.374673274806299,0.81640625,bg_0313
14,0.0037252368647717,0.0,1,1,-0.3612660884208831,0.8009259259259259,bg_0314
3,0.0038366057323403,0.0,1,1,-0.3753881214184388,0.8056872037914692,bg_0315
3,0.0030428197714443,0.0,1,1,-0.4452745701778318,0.8185185185185185,bg_0317
11,0.0049753104893012,0.0,1,1,-0.3388240079432909,0.8109756097560976,bg_0319
13,0.0114688128772635,0.0,1,1,-0.4360240096656418,0.8028169014084507,bg_0320
3,0.0050794162702571,0.0,1,1,-0.3649760625373008,0.7974683544303798,bg_0321
7,0.0037549069807134,0.0,1,1,-0.3738931171383339,0.8110599078341014,bg_0322
3,0.0040972772931535,0.0,1,1,-0.3424928099843808,0.7948717948717948,bg_0323
2,0.0041114664230242,0.0,1,1,-0.3778618535748703,0.8140703517587939,bg_0324
5,0.0033647140864714,0.0,1,1,-0.3655407340754608,0.8041666666666667,bg_0325
2,0.0105263157894736,0.0,1,1,-0.4085341801223879,0.7894736842105263,bg_0326
18,0.0034481493708961,0.0,1,1,-0.3833863262657148,0.8034188034188035,bg_0327
1,0.0065973610555777,0.0,1,1,-0.4150726629698198,0.8048780487804879,bg_0328
5,0.0043163464216095,0.0,1,1,-0.3744744072990481,0.8157894736842105,bg_0329
17,0.0048503611971104,0.0,1,1,-0.4699425273436822,0.8245614035087719,bg_0330
6,0.0031333531333531,0.0,1,1,-0.441156499345509,0.8115384615384615,bg_0332
3,0.0037167212055104,0.0,1,1,-0.4348806245601206,0.8251121076233184,bg_0333
7,0.0033244461999275,0.0,1,1,-0.4297426418044743,0.8178137651821862,bg_0334
2,0.0042160374758886,0.0,1,1,-0.4404241111035779,0.8010471204188482,bg_0335
8,0.0041876046901172,0.0,1,1,-0.4621997076301969,0.8291457286432161,bg_0336
1,0.0040703517587939,0.0,1,1,-0.342382063340556,0.81,bg_0337
39,0.0040554683411826,0.0,1,1,-0.3025909658991936,0.7908163265306123,bg_0339
7,0.0032915308910174,0.0,1,1,-0.4003121930689339,0.8097165991902834,bg_0340
3,0.0039545346909779,0.0,1,1,-0.4249204689004161,0.8106796116504854,bg_0341
2,0.0115315315315315,0.0,1,1,-0.4390841773145656,0.8533333333333334,bg_0342
3,0.0037868721764549,0.0,1,1,-0.3768496693484604,0.8028169014084507,bg_0343
1,0.0151515151515151,0.0,1,1,-0.5645343749283938,0.8181818181818182,bg_0345
1,0.0057964791756118,0.0,1,1,-0.4065785563073629,0.7883211678832117,bg_0347
3,0.0165816326530612,0.0,1,1,-0.4064659707160153,0.7959183673469388,bg_0348
8,0.0050951357376005,0.0,1,1,-0.370723671114485,0.8050314465408805,bg_0349
2,0.0064640810342529,0.0,1,1,-0.4593525712227976,0.7886178861788617,bg_0350
19,0.0048833964520629,0.0,1,1,-0.5840516104424428,0.8448275862068966,bg_0351
4,0.0044136191677175,0.0,1,1,-0.3616095046982343,0.8032786885245902,bg_0352
6,0.0036280624515918,0.0,1,1,-0.3528524990306543,0.8018018018018018,bg_0353
5,0.0034820252211556,0.0,1,1,-0.3870211931633049,0.8008658008658008,bg_0354
8,0.0030642644346715,0.0,1,1,-0.3954553235449583,0.8120300751879699,bg_0355
3,0.0053749570003439,0.0,1,1,-0.4466817750012263,0.8169934640522876,bg_0356
9,0.0118012422360248,0.0,1,1,-0.4435604403597794,0.8142857142857143,bg_0357
6,0.0062243100411039,0.0,1,1,-0.452941027653353,0.8091603053435115,bg_0358
1,0.0051948051948051,0.0,1,1,-0.3781247663080863,0.8,bg_0359
25,0.0047196393350239,0.0,1,1,-0.2825994919783504,0.7928994082840237,bg_0360
5,0.0035049413927832,0.0,1,1,-0.3941985814446253,0.7991266375545851,bg_0361
6,0.0041114664230242,0.0,1,1,-0.4346255649451747,0.8140703517587939,bg_0362
1,0.0151515151515151,0.0,1,1,-0.4078270071612122,0.8181818181818182,bg_0363
3,0.0093167701863354,0.0,1,1,-0.4902130237869794,0.8478260869565217,bg_0364
6,0.0044136191677175,0.0,1,1,-0.3572502492451843,0.8032786885245902,bg_0365
8,0.003232336424187,0.0,1,1,-0.3233845590121096,0.7983870967741935,bg_0366
4,0.0156023222060957,0.0,1,1,-0.3928757795249103,0.8113207547169812,bg_0367
2,0.0050609615827007,0.0,1,1,-0.3581657567773922,0.8148148148148148,bg_0368
3,0.0033969820496316,0.0,1,1,-0.3826518646707157,0.8016877637130801,bg_0369
6,0.0059038213825676,0.0,1,1,-0.5262132625853168,0.8029197080291971,bg_0370
1,0.0122596153846153,0.0,1,1,-0.4071028452490416,0.7846153846153846,bg_0371
3,0.0055361305361305,0.0,1,1,-0.4173660832593048,0.7916666666666666,bg_0372
1,0.0104237867395762,0.0,1,1,-0.4533931607380647,0.7922077922077922,bg_0373
9,0.003559488692232,0.0,1,1,-0.3721625311638212,0.8008849557522124,bg_0374
1,0.0060298317994287,0.0,1,1,-0.4471097166567073,0.8260869565217391,bg_0375
2,0.0130568356374807,0.0,1,1,-0.3519832482829467,0.8095238095238095,bg_0376
1,0.004781561747506,0.0,1,1,-0.4259207305135498,0.8128654970760234,bg_0377
6,0.0031556372549019,0.0,1,1,-0.3891215059710071,0.8046875,bg_0378
3,0.0114772306553128,0.0,1,1,-0.3748881823424183,0.8378378378378378,bg_0381
2,0.0042214855485341,0.0,1,1,-0.4604975193714007,0.8274111675126904,bg_0382
7,0.0151515151515151,0.0,1,1,-0.5061800667739287,0.8181818181818182,bg_0383
9,0.0041018998272884,0.0,1,1,-0.3625596249543285,0.7875647668393783,bg_0384
3,0.0042987048773766,0.0,1,1,-0.4638475984637074,0.8167539267015707,bg_0387
2,0.0108447488584474,0.0,1,1,-0.4374438930219083,0.7808219178082192,bg_0389
11,0.0054980896468176,0.0,1,1,-0.3308276030686803,0.8027210884353742,bg_0390
18,0.0063742032245969,0.0,1,1,-0.3655868920301122,0.8031496062992126,bg_0391
1,0.006516129032258,0.0,1,1,-0.3302717700301581,0.808,bg_0394
2,0.0058388072150974,0.0,1,1,-0.4129380066535108,0.8057553956834532,bg_0395
4,0.0032976361499281,0.0,1,1,-0.2972163543490689,0.8145161290322581,bg_0396
7,0.0036484448249154,0.0,1,1,-0.3896486831151882,0.8063063063063063,bg_0397
14,0.0050951357376005,0.0,1,1,-0.3818950731218913,0.8050314465408805,bg_0399
4,0.0066451612903225,0.0,1,1,-0.4756773914215022,0.824,bg_0400
11,0.0096638655462184,0.0,1,1,-0.4917117357364696,0.8117647058823529,bg_0405
5,0.0047259621923024,0.0,1,1,-0.38087907189483,0.8081395348837209,bg_0406
5,0.0033018085282893,0.0,1,1,-0.3399489263753279,0.8089430894308943,bg_0408
6,0.0035281275583797,0.0,1,1,-0.3219492162495125,0.7973568281938326,bg_0409
2,0.003883495145631,0.0,1,1,-0.3306433568055888,0.7961165048543689,bg_0410
2,0.0034216218132822,0.0,1,1,-0.4375287019394405,0.8109243697478992,bg_0411
3,0.0036234785393978,0.0,1,1,-0.3821048758516017,0.8080357142857143,bg_0412
9,0.0035057682116505,0.0,1,1,-0.3209305014744615,0.7747747747747747,bg_0413
2,0.0075616131441374,0.0,1,1,-0.2625977743269827,0.7788461538461539,bg_0414
6,0.0073198198198198,0.0,1,1,-0.4518326057622447,0.8125,bg_0415
6,0.0105263157894736,0.0,1,1,-0.325958897427427,0.7894736842105263,bg_0416
4,0.0066386668473106,0.0,1,1,-0.390000630704655,0.8032786885245902,bg_0417
2,0.0046840741478971,0.0,1,1,-0.3803483972261068,0.8103448275862069,bg_0418
4,0.0059565116817025,0.0,1,1,-0.3404356908647044,0.7803030303030303,bg_0420
2,0.0058711520152332,0.0,1,1,-0.4046146491569831,0.8043478260869565,bg_0421
1,0.010548523206751,0.0,1,1,-0.4601630232217983,0.8227848101265823,bg_0422
2,0.0066220823498557,0.0,1,1,-0.3703240411827295,0.8145161290322581,bg_0423
2,0.010126582278481,0.0,1,1,-0.4099066430068731,0.8,bg_0424
6,0.0058915946582875,0.0,1,1,-0.3179821580220138,0.7835820895522388,bg_0425
13,0.0048118049615055,0.0,1,1,-0.3898935886220754,0.8035714285714286,bg_0426
16,0.0056211620217288,0.0,1,1,-0.3555949875858687,0.815068493150685,bg_0427
5,0.0041130281502056,0.0,1,1,-0.3628094291984592,0.7938144329896907,bg_0428
1,0.0103862382343395,0.0,1,1,-0.4183377603343323,0.810126582278481,bg_0429
2,0.0035744647963521,0.0,1,1,-0.386004115528165,0.8114035087719298,bg_0430
3,0.0126488095238095,0.0,1,1,-0.4185953079207909,0.796875,bg_0431
9,0.0032486613556223,0.0,1,1,-0.3851810182068308,0.8024193548387096,bg_0432
13,0.004905850948705,0.0,1,1,-0.4987930444800588,0.8143712574850299,bg_0433
1,0.017391304347826,0.0,1,1,-0.4612075430155328,0.782608695652174,bg_0434
6,0.0034148609025244,0.0,1,1,-0.3656734177694913,0.8059071729957806,bg_0435
0,0.0147243107769423,0.0,1,1,-0.5271961399719862,0.8245614035087719,bg_0436
2,0.0054746136865342,0.0,1,1,-0.4480647247017737,0.8211920529801324,bg_0437
2,0.0050127188388448,0.0,1,1,-0.4280176380652513,0.8170731707317073,bg_0439
10,0.0032649862870575,0.0,1,1,-0.4001668980407684,0.8064516129032258,bg_0440
3,0.005515719801434,0.0,1,1,-0.369239291394566,0.8108108108108109,bg_0441
2,0.0089584328714763,0.0,1,1,-0.3430359712357865,0.8152173913043478,bg_0443
2,0.0092221331194867,0.0,1,1,-0.4227649529458878,0.7931034482758621,bg_0444
3,0.0039454806312769,0.0,1,1,-0.4257914093500285,0.8048780487804879,bg_0445
1,0.0125,0.0,1,1,-0.3415445764385883,0.8,bg_0446
7,0.0051037073330066,0.0,1,1,-0.4631012778932186,0.7961783439490446,bg_0447
2,0.0043953433119505,0.0,1,1,-0.435677697651089,0.8043478260869565,bg_0448
2,0.0059368191721132,0.0,1,1,-0.2970828052789301,0.8014705882352942,bg_0449
5,0.0048557867834976,0.0,1,1,-0.420220893985413,0.8012048192771084,bg_0450
4,0.0072560467055879,0.0,1,1,-0.3513463346734868,0.7909090909090909,bg_0451
19,0.0054746136865342,0.0,1,1,-0.4426667376150668,0.8211920529801324,bg_0452
50,0.0033225392970383,0.0,1,1,-0.3116612493336005,0.8073770491803278,bg_0454
9,0.0055648576775337,0.0,1,1,-0.4000860838229805,0.7902097902097902,bg_0455
9,0.0047337278106508,0.0,1,1,-0.3522118636224734,0.8,bg_0457
6,0.0059477050836045,0.0,1,1,-0.3814690609285149,0.7910447761194029,bg_0458
1,0.0059095580678314,0.0,1,1,-0.3718896285493849,0.8214285714285714,bg_0459
4,0.0054697554697554,0.0,1,1,-0.3318207938383419,0.8040540540540541,bg_0461
3,0.0064354423519848,0.0,1,1,-0.3721477585274803,0.7786885245901639,bg_0462
3,0.013276836158192,0.0,1,1,-0.416796936066963,0.7833333333333333,bg_0463
3,0.0128008192524321,0.0,1,1,-0.2341952283261985,0.7936507936507936,bg_0465
4,0.0083504918782887,0.0,1,1,-0.4257306554119312,0.776595744680851,bg_0466
5,0.0050127188388448,0.0,1,1,-0.3811749138056554,0.8170731707317073,bg_0468
5,0.0073198198198198,0.0,1,1,-0.4222377923662864,0.8125,bg_0469
8,0.0034520077623525,0.0,1,1,-0.3969931551107063,0.7974137931034483,bg_0471
4,0.0032586155821072,0.0,1,1,-0.3649665948123601,0.8016194331983806,bg_0472
7,0.0060599259342385,0.0,1,1,-0.4163317542993675,0.8059701492537313,bg_0474
14,0.0069715142428785,0.0,1,1,-0.4058107446079075,0.8017241379310345,bg_0476
3,0.0042666970076231,0.0,1,1,-0.3519212968939867,0.7978723404255319,bg_0478
22,0.0036111111111111,0.0,1,1,-0.4124714179909632,0.8088888888888889,bg_0479
1,0.0070259307547443,0.0,1,1,-0.4115219587796413,0.8220338983050848,bg_0480
8,0.0037549069807134,0.0,1,1,-0.350256662373639,0.8110599078341014,bg_0481
4,0.0062456627342123,0.0,1,1,-0.3888007736984396,0.8181818181818182,bg_0482
7,0.0040084999517048,0.0,1,1,-0.4090697011698809,0.8137254901960784,bg_0483
5,0.0043656450463292,0.0,1,1,-0.3809369630061601,0.7989130434782609,bg_0484
2,0.0049779958155977,0.0,1,1,-0.4453803865523386,0.8263473053892215,bg_0486
12,0.0041696881798404,0.0,1,1,-0.3912242450472984,0.817258883248731,bg_0487
3,0.005584693084693,0.0,1,1,-0.3667796874672813,0.7986111111111112,bg_0488
3,0.0080566880217433,0.0,1,1,-0.3845118297431526,0.8137254901960784,bg_0490
1,0.0108771929824561,0.0,1,1,-0.1988448067456689,0.8157894736842105,bg_0491
3,0.0053590101080515,0.0,1,1,-0.3739787960033828,0.8092105263157895,bg_0492
5,0.0037493192576766,0.0,1,1,-0.4417720115687036,0.817351598173516,bg_0494
2,0.0075471698113207,0.0,1,1,-0.4308135747823677,0.7924528301886793,bg_0495
1,0.0098967297762478,0.0,1,1,-0.4402100647684309,0.8214285714285714,bg_0496
1,0.0048557867834976,0.0,1,1,-0.3328970329718209,0.8012048192771084,bg_0497
7,0.0032520325203252,0.0,1,1,-0.3583942555951691,0.7967479674796748,bg_0498
3,0.0036864815047547,0.0,1,1,-0.3162997351304663,0.8036529680365296,bg_0499
9,0.0040919921267999,0.0,1,1,-0.3920588136747348,0.8020304568527918,bg_0500
1,0.0033413654618473,0.0,1,1,-0.4686249009821187,0.832,bg_0501
8,0.003345600535296,0.0,1,1,-0.3808036181725567,0.8163265306122449,bg_0502
5,0.0080566880217433,0.0,1,1,-0.4253637825140272,0.8137254901960784,bg_0504
6,0.008765778401122,0.0,1,1,-0.4130114191622238,0.8064516129032258,bg_0505
4,0.0036199095022624,0.0,1,1,-0.3757219922955778,0.7963800904977375,bg_0506
11,0.0045705579889544,0.0,1,1,-0.3704624858947655,0.8089887640449438,bg_0507
9,0.0041339612768184,0.0,1,1,-0.3574883818163841,0.8061224489795918,bg_0508
4,0.0054042731462086,0.0,1,1,-0.4256000340480041,0.832258064516129,bg_0512
31,0.0068870523415977,0.0,1,1,-0.4739503453290729,0.8264462809917356,bg_0513
1,0.0125,0.0,1,1,-0.4457343844061581,0.8,bg_0514
3,0.0032568140137861,0.0,1,1,-0.486840569775133,0.8174603174603174,bg_0515
3,0.005858170606372,0.0,1,1,-0.4326080421246652,0.8142857142857143,bg_0516
6,0.0034706672637707,0.0,1,1,-0.396315879598265,0.8017241379310345,bg_0517
3,0.0100308641975308,0.0,1,1,-0.3872695370733731,0.8024691358024691,bg_0518
2,0.0080906148867313,0.0,1,1,-0.5004010577692096,0.8252427184466019,bg_0519
5,0.0043235863010581,0.0,1,1,-0.4052564763230598,0.8085106382978723,bg_0520
4,0.0031935749067223,0.0,1,1,-0.2860906541219979,0.8015873015873016,bg_0522
5,0.0040145805625338,0.0,1,1,-0.3982846311056663,0.806930693069307,bg_0523
0,0.013914095583787,0.0,1,1,-0.4978812162325436,0.7931034482758621,bg_0524
6,0.0056526207605344,0.0,1,1,-0.344715721691741,0.7857142857142857,bg_0526
6,0.0032486613556223,0.0,1,1,-0.362099188093036,0.8024193548387096,bg_0527
0,0.0152941176470588,0.0,1,1,-0.3270946062822898,0.7647058823529411,bg_0528
3,0.0108447488584474,0.0,1,1,-0.2970715685200216,0.7808219178082192,bg_0529
1,0.006516129032258,0.0,1,1,-0.4197620305935299,0.808,bg_0530
2,0.0152394775036284,0.0,1,1,-0.3207063317513264,0.7924528301886793,bg_0531
4,0.0037627362279626,0.0,1,1,-0.3788250047409024,0.8165137614678899,bg_0532
6,0.0034481493708961,0.0,1,1,-0.350750945673053,0.8034188034188035,bg_0533
1,0.010126582278481,0.0,1,1,-0.4359417952763629,0.8,bg_0534
21,0.0043184488836662,0.0,1,1,-0.2963853774070498,0.7945945945945946,bg_0535
11,0.0043656450463292,0.0,1,1,-0.4116060334893925,0.7989130434782609,bg_0536
2,0.0036184857423795,0.0,1,1,-0.4279875105622708,0.8141592920353983,bg_0537
8,0.0090653728294177,0.0,1,1,-0.467693153180143,0.797752808988764,bg_0538
3,0.0050707547169811,0.0,1,1,-0.3972769662929001,0.80625,bg_0539
2,0.007765482430596,0.0,1,1,-0.3527736591168302,0.7843137254901961,bg_0540
0,0.0112252663622526,0.0,1,1,-0.346656106227715,0.8082191780821918,bg_0542
4,0.0035744647963521,0.0,1,1,-0.3851209457189691,0.8114035087719298,bg_0543
6,0.0032852165256346,0.0,1,1,-0.4167827615998536,0.8048780487804879,bg_0544
5,0.0050691244239631,0.0,1,1,-0.3237286081658481,0.7806451612903226,bg_0545
2,0.0059095580678314,0.0,1,1,-0.4383484254427117,0.8214285714285714,bg_0546
7,0.0050691244239631,0.0,1,1,-0.3802685839469178,0.7806451612903226,bg_0548
3,0.0042778340650681,0.0,1,1,-0.3869366300835342,0.8042328042328042,bg_0549
4,0.003955223880597,0.0,1,1,-0.4055152690734115,0.7910447761194029,bg_0550
3,0.0168439716312056,0.0,1,1,-0.3672879876939594,0.7916666666666666,bg_0552
6,0.0039416723627249,0.0,1,1,-0.4567120821675854,0.8238095238095238,bg_0553
7,0.0083487940630797,0.0,1,1,-0.3813349805915506,0.8181818181818182,bg_0554
12,0.0072891072891072,0.0,1,1,-0.3687756063275019,0.8018018018018018,bg_0555
6,0.0051853666503348,0.0,1,1,-0.4270064092593557,0.8089171974522293,bg_0556
8,0.0079002474776318,0.0,1,1,-0.3562959902681541,0.8058252427184466,bg_0558
2,0.0120719929762949,0.0,1,1,-0.3247870399565304,0.8088235294117647,bg_0559
1,0.0086984536082474,0.0,1,1,-0.5011268807067001,0.8350515463917526,bg_0560
7,0.0042198600502109,0.0,1,1,-0.3894904576749101,0.8144329896907216,bg_0561
12,0.003598820058997,0.0,1,1,-0.4009195569474314,0.8097345132743363,bg_0562
13,0.0040201005025125,0.0,1,1,-0.3959543633462432,0.8,bg_0567
1,0.0031587259805211,0.0,1,1,-0.4055212453322714,0.8244274809160306,bg_0568
1,0.0142857142857142,0.0,1,1,-0.3760720848843447,0.7857142857142857,bg_0569
3,0.0043772032902467,0.0,1,1,-0.4266618389620488,0.8054054054054054,bg_0570
6,0.0061587301587301,0.0,1,1,-0.339952049110726,0.7698412698412699,bg_0571
4,0.0042539267015706,0.0,1,1,-0.4203712309717469,0.8125,bg_0572
9,0.0031671341960003,0.0,1,1,-0.417556594218996,0.813953488372093,bg_0573
23,0.0055361305361305,0.0,1,1,-0.3801905415927542,0.7916666666666666,bg_0574
5,0.0062015503875968,0.0,1,1,-0.3762670879161081,0.8,bg_0575
2,0.003567112393279,0.0,1,1,-0.4018908370761604,0.8061674008810573,bg_0576
7,0.0036322125363221,0.0,1,1,-0.3312710913166923,0.7954545454545454,bg_0577
5,0.0058501502790897,0.0,1,1,-0.4117338480706647,0.7956204379562044,bg_0579
41,0.0126488095238095,0.0,1,1,-0.3119454143283209,0.796875,bg_0580
3,0.0136612021857923,0.0,1,1,-0.4170288281141489,0.819672131147541,bg_0581
2,0.0077016268605053,0.0,1,1,-0.3800150936798018,0.8240740740740741,bg_0582
2,0.0064909520062942,0.0,1,1,-0.3347621237821451,0.7983870967741935,bg_0583
15,0.0091930541368743,0.0,1,1,-0.4987445052376035,0.8089887640449438,bg_0584
1,0.013276836158192,0.0,1,1,-0.3090994035538102,0.7833333333333333,bg_0585
10,0.0034443817052512,0.0,1,1,-0.3910086848756722,0.7922077922077922,bg_0586
8,0.00373661426293,0.0,1,1,-0.2736904496856859,0.780952380952381,bg_0588
1,0.0067226890756302,0.0,1,1,-0.3346672280675977,0.8,bg_0589
4,0.0034232365145228,0.0,1,1,-0.4679941591082668,0.8215767634854771,bg_0590
5,0.0038961038961038,0.0,1,1,-0.3758176925759316,0.8142857142857143,bg_0591
3,0.0112676056338028,0.0,1,1,-0.4637204285680072,0.7887323943661971,bg_0592
4,0.0069412662090007,0.0,1,1,-0.3835879435685537,0.7913043478260869,bg_0594
1,0.0058501502790897,0.0,1,1,-0.2901648213787203,0.7956204379562044,bg_0595
14,0.003288433567318,0.0,1,1,-0.4302829279379058,0.8253968253968254,bg_0596
27,0.0046508537638695,0.0,1,1,-0.3987405059916919,0.8045977011494253,bg_0597
7,0.0033124128312412,0.0,1,1,-0.3414277444024268,0.7916666666666666,bg_0598
8,0.0039397776839735,0.0,1,1,-0.4555742618593357,0.8115942028985508,bg_0599
3,0.0034237333873035,0.0,1,1,-0.4710263812173334,0.8319672131147541,bg_0600
4,0.003795357816682,0.0,1,1,-0.4467158810971913,0.8084112149532711,bg_0602
5,0.0049150036954915,0.0,1,1,-0.4520477061556229,0.806060606060606,bg_0603
3,0.006556517178075,0.0,1,1,-0.4091850888300165,0.8064516129032258,bg_0604
65,0.0059701492537313,0.0,1,1,-0.3558517282937102,0.8,bg_0605
7,0.0058763931104356,0.0,1,1,-0.4725838129055354,0.8226950354609929,bg_0606
0,0.0078746971270335,0.0,1,1,-0.5108849842339699,0.8425925925925926,bg_0607
2,0.014519056261343,0.0,1,1,-0.4804367605003294,0.8275862068965517,bg_0608
5,0.0053616060630492,0.0,1,1,-0.4299379646395228,0.8417721518987342,bg_0610
4,0.0129943502824858,0.0,1,1,-0.3403310103609004,0.7666666666666667,bg_0611
2,0.003318400530944,0.0,1,1,-0.4072629311170215,0.8130081300813008,bg_0612
2,0.0140268848626534,0.0,1,1,-0.4788405360087922,0.8135593220338984,bg_0614
3,0.0053590101080515,0.0,1,1,-0.4017002863024637,0.8092105263157895,bg_0615
7,0.0034863763140956,0.0,1,1,-0.3726258840476572,0.8227848101265823,bg_0616
6,0.005584693084693,0.0,1,1,-0.3178392637827246,0.7986111111111112,bg_0617
3,0.0059808612440191,0.0,1,1,-0.4656903154237994,0.7894736842105263,bg_0618
11,0.0038090176277792,0.0,1,1,-0.3368606874464757,0.8075117370892019,bg_0619
2,0.0088826554464703,0.0,1,1,-0.4293712126591022,0.8172043010752689,bg_0620
9,0.0049150036954915,0.0,1,1,-0.3838673257757997,0.806060606060606,bg_0621
4,0.0034551736679396,0.0,1,1,-0.3761200313904633,0.8085106382978723,bg_0622
2,0.0069864927806241,0.0,1,1,-0.3615329865647373,0.7894736842105263,bg_0623
3,0.0041862899005756,0.0,1,1,-0.3756872027205356,0.8163265306122449,bg_0625
1,0.0100616682895163,0.0,1,1,-0.3604858100166718,0.7848101265822784,bg_0626
3,0.0038469897848293,0.0,1,1,-0.44835230633306,0.8232558139534883,bg_0627
11,0.0084806497849976,0.0,1,1,-0.2425062329668933,0.7717391304347826,bg_0629
3,0.0091431556948798,0.0,1,1,-0.4424661068463467,0.7954545454545454,bg_0630
4,0.005603448275862,0.0,1,1,-0.4465611220200403,0.8068965517241379,bg_0631
4,0.0046103896103896,0.0,1,1,-0.4248577030670196,0.8068181818181818,bg_0632
4,0.0128968253968253,0.0,1,1,-0.4217845155083965,0.8125,bg_0634
2,0.0114155251141552,0.0,1,1,-0.4417884632971465,0.821917808219178,bg_0635
3,0.0073198198198198,0.0,1,1,-0.3875719277285327,0.8125,bg_0636
2,0.0055616841331127,0.0,1,1,-0.3060591969304316,0.8175675675675675,bg_0637
1,0.009936766034327,0.0,1,1,-0.4782451901152207,0.8048780487804879,bg_0638
1,0.007906558849955,0.0,1,1,-0.4553630120955706,0.8301886792452831,bg_0639
12,0.0036309523809523,0.0,1,1,-0.4303086247436774,0.8133333333333334,bg_0644
2,0.0128968253968253,0.0,1,1,-0.4164618463231297,0.8125,bg_0645
3,0.0062984496124031,0.0,1,1,-0.3798742038501402,0.8062015503875969,bg_0650
3,0.0082689003436426,0.0,1,1,-0.3562976989413938,0.7938144329896907,bg_0651
3,0.0100616682895163,0.0,1,1,-0.3483319244309434,0.7848101265822784,bg_0652
5,0.0125,0.0,1,1,-0.389789721434554,0.8,bg_0653
4,0.003728373340036,0.0,1,1,-0.3852464537486275,0.8127853881278538,bg_0654
6,0.0036965216337413,0.0,1,1,-0.4058576177801544,0.820627802690583,bg_0655
10,0.0033121445299431,0.0,1,1,-0.3640125778995217,0.8081632653061225,bg_0656
2,0.0094391244870041,0.0,1,1,-0.3816345466508919,0.8023255813953488,bg_0657
8,0.0045313469894475,0.0,1,1,-0.447708639145649,0.8111111111111111,bg_0658
5,0.0051493710691823,0.0,1,1,-0.4363221593641875,0.81875,bg_0661
2,0.0108771929824561,0.0,1,1,-0.4806538650154895,0.8157894736842105,bg_0662
11,0.0045977011494252,0.0,1,1,-0.3612766939349132,0.8,bg_0663
4,0.006556517178075,0.0,1,1,-0.4127123995012691,0.8064516129032258,bg_0665
5,0.0065709253488687,0.0,1,1,-0.3968630183771766,0.7950819672131147,bg_0666
0,0.0100840336134453,0.0,1,1,-0.5213797158039066,0.8470588235294118,bg_0667
4,0.0033507073715562,0.0,1,1,-0.3515570331349962,0.7941176470588235,bg_0668
1,0.005858170606372,0.0,1,1,-0.44508610874536,0.8142857142857143,bg_0669
3,0.0080541237113402,0.0,1,1,-0.4125767825402069,0.7731958762886598,bg_0670
2,0.0141242937853107,0.0,1,1,-0.4834477893870604,0.8333333333333334,bg_0671
4,0.0035124359217771,0.0,1,1,-0.3775969563729005,0.8043478260869565,bg_0672
1,0.0068627450980392,0.0,1,1,-0.4275108403867955,0.8166666666666667,bg_0673
20,0.0054697554697554,0.0,1,1,-0.3894872158664396,0.8040540540540541,bg_0674
2,0.0185830429732868,0.0,1,1,-0.373878250552983,0.7619047619047619,bg_0675
21,0.0045534575921316,0.0,1,1,-0.3967328292668627,0.8241758241758241,bg_0676
10,0.0038737446197991,0.0,1,1,-0.3662844075036366,0.7902439024390244,bg_0677
3,0.0047127622979016,0.0,1,1,-0.3949670723288868,0.8011695906432749,bg_0678
7,0.0031388152077807,0.0,1,1,-0.4576576303920203,0.8160919540229885,bg_0679
3,0.0094043887147335,0.0,1,1,-0.374232571890159,0.8181818181818182,bg_0680
5,0.0116700201207243,0.0,1,1,-0.4487069774848347,0.8169014084507042,bg_0681
5,0.0054304635761589,0.0,1,1,-0.503246729179021,0.8145695364238411,bg_0683
6,0.0040238013949178,0.0,1,1,-0.4178174538974374,0.812807881773399,bg_0685
19,0.0058275058275058,0.0,1,1,-0.433388323816725,0.8333333333333334,bg_0686
1,0.0114155251141552,0.0,1,1,-0.4661499939523139,0.821917808219178,bg_0689
4,0.0033394049787492,0.0,1,1,-0.3750525595919781,0.8114754098360656,bg_0690
1,0.0053691275167785,0.0,1,1,-0.3996146614561174,0.8,bg_0691
5,0.0060721721027064,0.0,1,1,-0.4699279910064935,0.7954545454545454,bg_0692
3,0.0038505354294827,0.0,1,1,-0.3717637280925455,0.8047619047619048,bg_0693
8,0.0035086351409301,0.0,1,1,-0.3643714097664424,0.7929515418502202,bg_0694
1,0.0103395061728395,0.0,1,1,-0.5623356712512064,0.8271604938271605,bg_0695
38,0.0034915439170758,0.0,1,1,-0.444785709360959,0.8170212765957446,bg_0696
1,0.0143191116306253,0.0,1,1,-0.569933005641145,0.8305084745762712,bg_0697
1,0.008080808080808,0.0,1,1,-0.3984409693328362,0.8,bg_0698
3,0.0047471620227038,0.0,1,1,-0.4209528996531269,0.8070175438596491,bg_0701
1,0.0058067831449126,0.0,1,1,-0.4194938034776757,0.8071428571428572,bg_0702
2,0.0048033414549251,0.0,1,1,-0.3299249511695921,0.8117647058823529,bg_0704
24,0.0033288725326196,0.0,1,1,-0.4883719491966076,0.8122448979591836,bg_0705
4,0.0036816125051419,0.0,1,1,-0.3663069716260507,0.8099547511312217,bg_0706
2,0.0031369710131813,0.0,1,1,-0.430728824338576,0.8062015503875969,bg_0707
2,0.0033035367275553,0.0,1,1,-0.4121231262731571,0.8192771084337349,bg_0708
1,0.0163265306122449,0.0,1,1,-0.3519774351941673,0.8,bg_0709
9,0.0037383177570093,0.0,1,1,-0.3505643020886334,0.8,bg_0711
4,0.0056332556332556,0.0,1,1,-0.432171450763253,0.8055555555555556,bg_0712
5,0.0050951357376005,0.0,1,1,-0.3835587977881893,0.8050314465408805,bg_0713
2,0.0041178908111467,0.0,1,1,-0.3369149358637477,0.8071065989847716,bg_0714
10,0.0039632287416162,0.0,1,1,-0.4429929470412079,0.8164251207729468,bg_0715
9,0.0044505831798649,0.0,1,1,-0.3842339544233908,0.8011049723756906,bg_0716
10,0.0033824331696672,0.0,1,1,-0.3314036966203895,0.7914893617021277,bg_0717
3,0.0046753246753246,0.0,1,1,-0.4561904258096962,0.8181818181818182,bg_0718
2,0.0033367911479944,0.0,1,1,-0.3489321500535818,0.8008298755186722,bg_0719
2,0.0049988638945694,0.0,1,1,-0.4780084506058543,0.8098159509202454,bg_0721
2,0.0068523430592396,0.0,1,1,-0.3458099382408895,0.7948717948717948,bg_0722
4,0.003901895206243,0.0,1,1,-0.4322365322558086,0.8076923076923077,bg_0723
1,0.0062843676355066,0.0,1,1,-0.3885639361071071,0.835820895522388,bg_0724
3,0.0034059474412171,0.0,1,1,-0.4181781982288914,0.8174273858921162,bg_0725
6,0.0085209341468546,0.0,1,1,-0.3560847634531117,0.826530612244898,bg_0727
1,0.0049689440993788,0.0,1,1,-0.3901760179543135,0.7950310559006211,bg_0728
2,0.0048337060818122,0.0,1,1,-0.3906236272621821,0.8023952095808383,bg_0729
7,0.0034180185695337,0.0,1,1,-0.4388849772947578,0.8271604938271605,bg_0731
5,0.0056513409961685,0.0,1,1,-0.4035565767478271,0.8137931034482758,bg_0732
10,0.0044198895027624,0.0,1,1,-0.3474314637433932,0.7955801104972375,bg_0733
3,0.017113783533765,0.0,1,1,-0.3835181457193329,0.7872340425531915,bg_0734
13,0.0060038155089215,0.0,1,1,-0.3958667088437211,0.7985074626865671,bg_0735
2,0.0041206030150753,0.0,1,1,-0.3905666852717287,0.82,bg_0736
2,0.0048473831704915,0.0,1,1,-0.2902500452437215,0.7852760736196319,bg_0737
3,0.0035937862276837,0.0,1,1,-0.3958703649573882,0.8157894736842105,bg_0738
7,0.0062015503875968,0.0,1,1,-0.297140497995205,0.8,bg_0739
8,0.0038554440728353,0.0,1,1,-0.3366726529623787,0.7980769230769231,bg_0740
17,0.0058935171311557,0.0,1,1,-0.4535975235901663,0.8309859154929577,bg_0741
16,0.0032310684484597,0.0,1,1,-0.3907435306665013,0.8142292490118577,bg_0742
74,0.0034664905909541,0.0,1,1,-0.37675006575702,0.8076923076923077,bg_0744
3,0.0074942690883442,0.0,1,1,-0.3688685811123343,0.794392523364486,bg_0745
7,0.01129211403184,0.0,1,1,-0.4488949934162063,0.8243243243243243,bg_0746
9,0.0030745150651238,0.0,1,1,-0.4517858791376293,0.8208955223880597,bg_0747
4,0.0034934497816593,0.0,1,1,-0.4186169103797531,0.8,bg_0751
5,0.008019801980198,0.0,1,1,-0.3989510791299072,0.801980198019802,bg_0753
1,0.0112676056338028,0.0,1,1,-0.4138138210103366,0.7887323943661971,bg_0754
3,0.0096973258889215,0.0,1,1,-0.3402522922560977,0.7951807228915663,bg_0755
2,0.0033573615088377,0.0,1,1,-0.5025822616759691,0.8259109311740891,bg_0756
4,0.007078507078507,0.0,1,1,-0.4126035414232047,0.7857142857142857,bg_0757
4,0.0067064083457526,0.0,1,1,-0.4175439088167185,0.8114754098360656,bg_0758
1,0.0062611806797853,0.0,1,1,-0.4039617771052936,0.8076923076923077,bg_0759
4,0.0109730848861283,0.0,1,1,-0.3136452120795388,0.7571428571428571,bg_0760
4,0.0057936270102886,0.0,1,1,-0.4560542483253649,0.8169014084507042,bg_0761
2,0.0053763440860215,0.0,1,1,-0.4952330796641067,0.8333333333333334,bg_0762
12,0.0038035209737013,0.0,1,1,-0.3480052460029187,0.813953488372093,bg_0763
10,0.0128008192524321,0.0,1,1,-0.4435925279156402,0.7936507936507936,bg_0765
8,0.0030290513561889,0.0,1,1,-0.4377867710227281,0.8148148148148148,bg_0766
19,0.0037433155080213,0.0,1,1,-0.4285257800329045,0.8235294117647058,bg_0768
5,0.0102848101265822,0.0,1,1,-0.3192921943245659,0.8125,bg_0769
12,0.0040145805625338,0.0,1,1,-0.4177210239358003,0.806930693069307,bg_0771
10,0.003800411338639,0.0,1,1,-0.398941005067888,0.8018867924528302,bg_0772
11,0.0033018085282893,0.0,1,1,-0.3769310060076942,0.8089430894308943,bg_0773
5,0.0043953433119505,0.0,1,1,-0.4311968627711302,0.8043478260869565,bg_0774
3,0.0047259621923024,0.0,1,1,-0.3849660888380424,0.8081395348837209,bg_0775
5,0.0053963359332486,0.0,1,1,-0.433089286544552,0.7986577181208053,bg_0778
9,0.0066115702479338,0.0,1,1,-0.3801467623495878,0.7933884297520661,bg_0779
14,0.0042884990253411,0.0,1,1,-0.3877780950467905,0.8105263157894737,bg_0781
8,0.0083986562150056,0.0,1,1,-0.3902439024390247,0.7894736842105263,bg_0782
8,0.0041721204188481,0.0,1,1,-0.3222153712815972,0.796875,bg_0783
1,0.0109364319890635,0.0,1,1,-0.4428074427700476,0.8311688311688312,bg_0784
5,0.0091930541368743,0.0,1,1,-0.2993509696057642,0.8089887640449438,bg_0785
1,0.0086622807017543,0.0,1,1,-0.4671174003163231,0.8229166666666666,bg_0786
3,0.0040238013949178,0.0,1,1,-0.4246983135158024,0.812807881773399,bg_0787
2,0.0037627362279626,0.0,1,1,-0.4229057399151587,0.8165137614678899,bg_0788
2,0.0041019330359431,0.0,1,1,-0.3342773687400253,0.8080808080808081,bg_0789
2,0.0053590101080515,0.0,1,1,-0.4254916457237598,0.8092105263157895,bg_0790
6,0.0035160476018752,0.0,1,1,-0.4768612205137386,0.826271186440678,bg_0791
11,0.0053749570003439,0.0,1,1,-0.4170795303730241,0.8169934640522876,bg_0793
4,0.0048922964585615,0.0,1,1,-0.5020651735898066,0.8072289156626506,bg_0794
3,0.0089584328714763,0.0,1,1,-0.4459524276007982,0.8152173913043478,bg_0797
8,0.0163265306122449,0.0,1,1,-0.3214952147802757,0.8,bg_0799
2,0.0069412662090007,0.0,1,1,-0.40750374091625,0.7913043478260869,bg_0800
1,0.0130568356374807,0.0,1,1,-0.6050269175243014,0.8095238095238095,bg_0802
9,0.003392988994761,0.0,1,1,-0.3697064645099701,0.8075313807531381,bg_0803
1,0.0037898363479758,0.0,1,1,-0.4411255038117395,0.8148148148148148,bg_0804
5,0.003901895206243,0.0,1,1,-0.3942951445899106,0.8076923076923077,bg_0807
6,0.0042838249669369,0.0,1,1,-0.3269983607110325,0.7967914438502673,bg_0808
1,0.0100616682895163,0.0,1,1,-0.2853259552747808,0.7848101265822784,bg_0809
1,0.0065826330532212,0.0,1,1,-0.3194091056506334,0.7833333333333333,bg_0810
3,0.0038090176277792,0.0,1,1,-0.3418481551873835,0.8075117370892019,bg_0811
2,0.0084157374289922,0.0,1,1,-0.4720070604113263,0.8163265306122449,bg_0812
5,0.0042711490768806,0.0,1,1,-0.3889585963694366,0.8115183246073299,bg_0813
4,0.0101565101565101,0.0,1,1,-0.5118159011015896,0.782051282051282,bg_0814
19,0.0032056269646136,0.0,1,1,-0.3893473326492781,0.8110236220472441,bg_0815
4,0.004738540126361,0.0,1,1,-0.3555636953252186,0.815028901734104,bg_0817
4,0.0086489013557737,0.0,1,1,-0.572778571197004,0.7956989247311828,bg_0818
3,0.0129561078794288,0.0,1,1,-0.3536572862063969,0.7903225806451613,bg_0819
4,0.0064909520062942,0.0,1,1,-0.4059565675330276,0.7983870967741935,bg_0820
2,0.0065396825396825,0.0,1,1,-0.4291416125156186,0.8174603174603174,bg_0821
3,0.0058501502790897,0.0,1,1,-0.3478917240965513,0.7956204379562044,bg_0823
1,0.0037627362279626,0.0,1,1,-0.446426239816299,0.8165137614678899,bg_0824
5,0.0058763931104356,0.0,1,1,-0.4970996514231279,0.8226950354609929,bg_0825
10,0.0031462791828793,0.0,1,1,-0.3226832766527834,0.8054474708171206,bg_0826
30,0.0038035209737013,0.0,1,1,-0.4167535601844909,0.813953488372093,bg_0827
9,0.0039750280446763,0.0,1,1,-0.3884591084699625,0.8029556650246306,bg_0828
6,0.0037152345371523,0.0,1,1,-0.4000106356641861,0.8136363636363636,bg_0829
6,0.0059808612440191,0.0,1,1,-0.2878374984777774,0.7894736842105263,bg_0830
4,0.0042294475284166,0.0,1,1,-0.4241994320223806,0.8205128205128205,bg_0831
6,0.0101565101565101,0.0,1,1,-0.4757998065252725,0.782051282051282,bg_0833
12,0.004160125588697,0.0,1,1,-0.4193248749208911,0.8112244897959183,bg_0834
3,0.0098967297762478,0.0,1,1,-0.3704917778149695,0.8214285714285714,bg_0835
0,0.0072432275822106,0.0,1,1,-0.5726039151671222,0.847457627118644,bg_0837
25,0.0039494470774091,0.0,1,1,-0.4474165969570969,0.8293838862559242,bg_0838
7,0.0050553299896505,0.0,1,1,-0.351276033784364,0.7987421383647799,bg_0839
7,0.0075603126061841,0.0,1,1,-0.4264024557890157,0.8165137614678899,bg_0840
4,0.0107108081791626,0.0,1,1,-0.53259374474934,0.8354430379746836,bg_0842
4,0.0039693926351028,0.0,1,1,-0.3991987483432023,0.8097560975609757,bg_0843
147,0.0037074274223953,0.0,1,1,-0.3529065511345714,0.8082191780821918,bg_0844
6,0.0048033414549251,0.0,1,1,-0.3851747354599427,0.8117647058823529,bg_0845
7,0.0049288061336254,0.0,1,1,-0.4289620060706244,0.8132530120481928,bg_0846
2,0.0052366987850858,0.0,1,1,-0.3720604989186095,0.8064516129032258,bg_0847
24,0.0031804847923421,0.0,1,1,-0.3792398693877715,0.807843137254902,bg_0848
0,0.0088819226750261,0.0,1,1,-0.2611265771472081,0.7727272727272727,bg_0849
1,0.0076706048315993,0.0,1,1,-0.3007119860835918,0.8130841121495327,bg_0850
2,0.0043235453071518,0.0,1,1,-0.2809421541651523,0.7868852459016393,bg_0851
2,0.0049753104893012,0.0,1,1,-0.3762419977650225,0.8109756097560976,bg_0852
9,0.0111069974083672,0.0,1,1,-0.5030218720879689,0.8108108108108109,bg_0853
5,0.0047761619617907,0.0,1,1,-0.4232085329913135,0.7976190476190477,bg_0854
1,0.0052202699261522,0.0,1,1,-0.3839703943610785,0.7987012987012987,bg_0856
7,0.0033499982994932,0.0,1,1,-0.3971235287641961,0.8106995884773662,bg_0858
11,0.0033195020746887,0.0,1,1,-0.3362821316868966,0.7966804979253111,bg_0859
4,0.0032093846834882,0.0,1,1,-0.4096847835389302,0.8055555555555556,bg_0860
9,0.0111069974083672,0.0,1,1,-0.3746982406026872,0.8108108108108109,bg_0862
2,0.0035872977049447,0.0,1,1,-0.3960730020785534,0.7927927927927928,bg_0863
5,0.0065126050420168,0.0,1,1,-0.3215776531978337,0.775,bg_0865
2,0.004523101208184,0.0,1,1,-0.3977437413184098,0.8186813186813187,bg_0866
1,0.0100308641975308,0.0,1,1,-0.4179371189515332,0.8024691358024691,bg_0867
11,0.0045426642111724,0.0,1,1,-0.3929298995818854,0.8176795580110497,bg_0868
1,0.0072193758733115,0.0,1,1,-0.4369013909709049,0.8157894736842105,bg_0869
22,0.0048033414549251,0.0,1,1,-0.4213491433621573,0.8117647058823529,bg_0870
17,0.0044947121034077,0.0,1,1,-0.409872376792349,0.827027027027027,bg_0873
1,0.005603448275862,0.0,1,1,-0.4496209237746707,0.8068965517241379,bg_0874
5,0.007297003570874,0.0,1,1,-0.5596372629390153,0.8245614035087719,bg_0875
1,0.0037252368647717,0.0,1,1,-0.2869008342437656,0.8009259259259259,bg_0876
3,0.0052097130242825,0.0,1,1,-0.3378328212971235,0.7814569536423841,bg_0877
2,0.0038172963011715,0.0,1,1,-0.3845467212771666,0.8130841121495327,bg_0880
7,0.0085106382978723,0.0,1,1,-0.3493247989532827,0.8,bg_0882
4,0.0063976377952755,0.0,1,1,-0.4122176910752748,0.8125,bg_0883
13,0.0034188034188034,0.0,1,1,-0.3652125065317211,0.8,bg_0885
4,0.0045003103662321,0.0,1,1,-0.3788453263531473,0.8055555555555556,bg_0886
6,0.0036199095022624,0.0,1,1,-0.3493415288099465,0.7963800904977375,bg_0887
2,0.0096356519120746,0.0,1,1,-0.3325509116220658,0.7804878048780488,bg_0888
1,0.0098967297762478,0.0,1,1,-0.5244931725796731,0.8214285714285714,bg_0889
1,0.005584693084693,0.0,1,1,-0.4179058890973529,0.7986111111111112,bg_0890
1,0.0042606516290726,0.0,1,1,-0.3450973386286001,0.8052631578947368,bg_0891
4,0.0046545968156137,0.0,1,1,-0.4540918482418825,0.8192090395480226,bg_0893
0,0.0147243107769423,0.0,1,1,-0.5570184394753159,0.8245614035087719,bg_0894
3,0.0044927448242365,0.0,1,1,-0.3713272202785985,0.8131868131868132,bg_0895
2,0.0049653158086893,0.0,1,1,-0.4210570402799546,0.8192771084337349,bg_0896
11,0.0032225676901153,0.0,1,1,-0.4165795946351576,0.7991967871485943,bg_0899
7,0.0047976336483659,0.0,1,1,-0.2750155078514915,0.7964071856287425,bg_0900
3,0.0096356519120746,0.0,1,1,-0.4278933245763376,0.7804878048780488,bg_0901
2,0.0089887640449438,0.0,1,1,-0.3437541846196715,0.8,bg_0902
5,0.0041114664230242,0.0,1,1,-0.4474601771700602,0.8140703517587939,bg_0903
5,0.0036076800782683,0.0,1,1,-0.3509024005842947,0.7972972972972973,bg_0904
2,0.0055446836268754,0.0,1,1,-0.3481583260035492,0.8095238095238095,bg_0905
6,0.0032873429200673,0.0,1,1,-0.412704801161313,0.8152610441767069,bg_0906
5,0.0065307210449153,0.0,1,1,-0.3174715270193842,0.7967479674796748,bg_0907
4,0.003345600535296,0.0,1,1,-0.3488472981366589,0.8163265306122449,bg_0908
5,0.0034891427234805,0.0,1,1,-0.3126271434525237,0.788546255506608,bg_0909
4,0.0030731846769582,0.0,1,1,-0.3835268866414445,0.8113207547169812,bg_0910
11,0.0120327700972862,0.0,1,1,-0.273994176320801,0.746031746031746,bg_0911
3,0.0042666970076231,0.0,1,1,-0.3461516723578137,0.7978723404255319,bg_0912
5,0.0041077969649398,0.0,1,1,-0.4801176799245543,0.8010204081632653,bg_0913
7,0.0069078478849166,0.0,1,1,-0.433918969774781,0.8151260504201681,bg_0915
5,0.0037152345371523,0.0,1,1,-0.4307387175991858,0.8136363636363636,bg_0916
28,0.0059609455292908,0.0,1,1,-0.463414034847612,0.8285714285714286,bg_0917
2,0.005858170606372,0.0,1,1,-0.4063496119847506,0.8142857142857143,bg_0918
3,0.0032410042370201,0.0,1,1,-0.3684542483666119,0.8134920634920635,bg_0919
11,0.0034706672637707,0.0,1,1,-0.4150284425612107,0.8017241379310345,bg_0920
7,0.003567112393279,0.0,1,1,-0.3811683280858762,0.8061674008810573,bg_0921
5,0.0048830909609352,0.0,1,1,-0.3929315480588237,0.8154761904761905,bg_0922
3,0.006336122047244,0.0,1,1,-0.3985170117607027,0.8046875,bg_0923
7,0.009936766034327,0.0,1,1,-0.4164489193622521,0.8048780487804879,bg_0924
9,0.004768534632788,0.0,1,1,-0.3547928740946715,0.8058823529411765,bg_0925
0,0.0105946684894053,0.0,1,1,-0.3332082370714592,0.8051948051948052,bg_0926
2,0.0096973258889215,0.0,1,1,-0.4987017879974301,0.7951807228915663,bg_0927
44,0.003343506738452,0.0,1,1,-0.3976695118535203,0.8057851239669421,bg_0928
29,0.005262711145064,0.0,1,1,-0.3437997501806659,0.8051948051948052,bg_0931
17,0.0036359024225256,0.0,1,1,-0.3284734425928636,0.7889908256880734,bg_0932
2,0.0055724417426545,0.0,1,1,-0.3485294680439785,0.7801418439716312,bg_0933
2,0.0043125754700707,0.0,1,1,-0.436802831600597,0.8021390374331551,bg_0934
1,0.0091164095371669,0.0,1,1,-0.5538070657158782,0.8387096774193549,bg_0935
3,0.0037627362279626,0.0,1,1,-0.4233651934169293,0.8165137614678899,bg_0936
3,0.0043062485150867,0.0,1,1,-0.3708458197328874,0.7880434782608695,bg_0937
1,0.0133128520225294,0.0,1,1,-0.5323211930447009,0.8253968253968254,bg_0938
16,0.0063492063492063,0.0,1,1,-0.3615875114208817,0.7936507936507936,bg_0939
20,0.0044547398431931,0.0,1,1,-0.4394617277600434,0.8152173913043478,bg_0940
3,0.0105263157894736,0.0,1,1,-0.362040154804278,0.7894736842105263,bg_0941
2,0.0057471264367816,0.0,1,1,-0.4422103778542863,0.8275862068965517,bg_0942
4,0.0065806451612903,0.0,1,1,-0.3673331330721247,0.816,bg_0943
18,0.0035119047619047,0.0,1,1,-0.376869009639551,0.7866666666666666,bg_0944
1,0.008808053077099,0.0,1,1,-0.4176673059051288,0.8191489361702128,bg_0945
17,0.0039653219053248,0.0,1,1,-0.3518114733040163,0.7970297029702971,bg_0946
3,0.0030117212936835,0.0,1,1,-0.4519409117060086,0.8161764705882353,bg_0947
29,0.0048474479612204,0.0,1,1,-0.3647398288564482,0.8095238095238095,bg_0948
8,0.0040860870006598,0.0,1,1,-0.40903437159425,0.8090452261306532,bg_0949
6,0.0048474479612204,0.0,1,1,-0.3345121923865164,0.8095238095238095,bg_0950
4,0.0039160632481158,0.0,1,1,-0.3255706730784598,0.7871287128712872,bg_0951
3,0.0059477050836045,0.0,1,1,-0.3425771267165935,0.7910447761194029,bg_0953
1,0.0098442550690567,0.0,1,1,-0.4708398515676472,0.8072289156626506,bg_0954
2,0.0144110275689223,0.0,1,1,-0.444654990394019,0.8070175438596491,bg_0959
9,0.003613777526821,0.0,1,1,-0.482574706405516,0.8311688311688312,bg_0962
17,0.0053691275167785,0.0,1,1,-0.3869006842595569,0.8,bg_0963
2,0.005603448275862,0.0,1,1,-0.3995920505334466,0.8068965517241379,bg_0964
4,0.0033777991152566,0.0,1,1,-0.4008380756622689,0.8140495867768595,bg_0965
25,0.0032915308910174,0.0,1,1,-0.4587250811999277,0.8097165991902834,bg_0966
2,0.0065973610555777,0.0,1,1,-0.3788823402362228,0.8048780487804879,bg_0967
4,0.0088826554464703,0.0,1,1,-0.3858696123139955,0.8172043010752689,bg_0968
5,0.0057750759878419,0.0,1,1,-0.4613432665264261,0.8085106382978723,bg_0969
0,0.0080283793876026,0.0,1,1,-0.3500288242641958,0.8269230769230769,bg_0970
1,0.0070983630305664,0.0,1,1,-0.5359748132176734,0.8305084745762712,bg_0971
1,0.017391304347826,0.0,1,1,-0.3162277660168366,0.782608695652174,bg_0972
4,0.003751480847703,0.0,1,1,-0.4057405850665461,0.7990654205607477,bg_0974
2,0.005573925366084,0.0,1,1,-0.3679794036591918,0.8082191780821918,bg_0975
1,0.0148766328011611,0.0,1,1,-0.4291662538799936,0.7735849056603774,bg_0977
3,0.006336122047244,0.0,1,1,-0.4917582980242084,0.8046875,bg_0978
2,0.0029737942497987,0.0,1,1,-0.4290186183015441,0.8237410071942446,bg_0979
17,0.0046844181459566,0.0,1,1,-0.4382933675854052,0.7869822485207101,bg_0980
9,0.0041862899005756,0.0,1,1,-0.3815870402486609,0.8163265306122449,bg_0981
4,0.0077483196415235,0.0,1,1,-0.3295076110867529,0.7980769230769231,bg_0983
1,0.0064909520062942,0.0,1,1,-0.3843838280912905,0.7983870967741935,bg_0984
12,0.007765482430596,0.0,1,1,-0.3825753377664029,0.7843137254901961,bg_0985
1,0.0063742032245969,0.0,1,1,-0.332090926270853,0.8031496062992126,bg_0986
7,0.004512987012987,0.0,1,1,-0.3977698236461429,0.7897727272727273,bg_0987
6,0.0133879781420765,0.0,1,1,-0.317957088095845,0.8032786885245902,bg_0988
1,0.0060648346930012,0.0,1,1,-0.4646623943982494,0.8248175182481752,bg_0989
15,0.0033195020746887,0.0,1,1,-0.4040929205449747,0.7966804979253111,bg_0990
9,0.0094391244870041,0.0,1,1,-0.3355656285046922,0.8023255813953488,bg_0991
5,0.0070938215102974,0.0,1,1,-0.5013366917037183,0.808695652173913,bg_0992
2,0.0045313469894475,0.0,1,1,-0.3728928591520364,0.8111111111111111,bg_0993
7,0.0040145805625338,0.0,1,1,-0.3562280257999806,0.806930693069307,bg_0994
6,0.0045705579889544,0.0,1,1,-0.3865783203542062,0.8089887640449438,bg_0995
12,0.0042823156225218,0.0,1,1,-0.4210973326552684,0.8307692307692308,bg_0997
4,0.0084518655947227,0.0,1,1,-0.3863490210208324,0.8282828282828283,bg_0998
12,0.0073710073710073,0.0,1,1,-0.4079599106086231,0.8108108108108109,bg_0999
10,0.0074942690883442,0.0,1,1,-0.4443239316864164,0.794392523364486,bg_1000
3,0.0044277360066833,0.0,1,1,-0.4917350433559732,0.8368421052631579,bg_1001
4,0.0041237113402061,0.0,1,1,-0.3231834261444951,0.8,bg_1002
5,0.0037333452561924,0.0,1,1,-0.4457547865605129,0.7877358490566038,bg_1003
1,0.0030290513561889,0.0,1,1,-0.3435920028143427,0.8148148148148148,bg_1004
2,0.0068810662031001,0.0,1,1,-0.4129147359667694,0.8050847457627118,bg_1005
5,0.0073554863274489,0.0,1,1,-0.3678061789603122,0.7870370370370371,bg_1006
0,0.0103230103230103,0.0,1,1,-0.5078309039345079,0.7948717948717948,bg_1007
3,0.0176767676767676,0.0,1,1,-0.3271533708004456,0.7777777777777778,bg_1008
0,0.0121483375959079,0.0,1,1,-0.498750563764792,0.8260869565217391,bg_1009
3,0.0065616797900262,0.0,1,1,-0.4582362258535814,0.8267716535433071,bg_1010
2,0.0037571203490486,0.0,1,1,-0.5040857930462517,0.8340807174887892,bg_1011
6,0.0044736684080946,0.0,1,1,-0.3826133065619798,0.8142076502732241,bg_1012
15,0.003343506738452,0.0,1,1,-0.376178916486144,0.8057851239669421,bg_1014
2,0.0039454806312769,0.0,1,1,-0.4445302517137025,0.8048780487804879,bg_1016
3,0.0031840140535792,0.0,1,1,-0.4175989392982347,0.8023715415019763,bg_1019
4,0.0054794520547945,0.0,1,1,-0.3774639121915928,0.7945205479452054,bg_1023
9,0.0053963359332486,0.0,1,1,-0.3902264370988553,0.7986577181208053,bg_1024
4,0.003343506738452,0.0,1,1,-0.3471372630694243,0.8057851239669421,bg_1025
9,0.0033394049787492,0.0,1,1,-0.4114296790418478,0.8114754098360656,bg_1027
6,0.0035623994484026,0.0,1,1,-0.409369390368115,0.8122270742358079,bg_1028
4,0.0125874125874125,0.0,1,1,-0.4664197562816038,0.8181818181818182,bg_1030
6,0.0052980132450331,0.0,1,1,-0.3638751914330126,0.7947019867549668,bg_1031
8,0.008483676975945,0.0,1,1,-0.4019246403776962,0.8144329896907216,bg_1032
7,0.008100147275405,0.0,1,1,-0.3965517293278178,0.7857142857142857,bg_1033
11,0.0091136079900124,0.0,1,1,-0.2889296868632725,0.8111111111111111,bg_1034
2,0.0042884990253411,0.0,1,1,-0.3397740441586042,0.8105263157894737,bg_1035
0,0.01129211403184,0.0,1,1,-0.5952085231231518,0.8243243243243243,bg_1036
0,0.0156862745098039,0.0,1,1,-0.33994945598164,0.7843137254901961,bg_1037
3,0.0148148148148148,0.0,1,1,-0.4070076299779269,0.8,bg_1038
3,0.0073904179408766,0.0,1,1,-0.3627799925222905,0.7981651376146789,bg_1040
2,0.0035815521336091,0.0,1,1,-0.4462023204128176,0.8165938864628821,bg_1041
8,0.0047049334587982,0.0,1,1,-0.4809399537872438,0.8092485549132948,bg_1042
1,0.0070983630305664,0.0,1,1,-0.4918259810120953,0.8305084745762712,bg_1043
2,0.0036111111111111,0.0,1,1,-0.360040996047907,0.8088888888888889,bg_1044
14,0.0041368458453885,0.0,1,1,-0.4237375285670273,0.8190954773869347,bg_1047
2,0.0054897176716626,0.0,1,1,-0.4463725815539737,0.8289473684210527,bg_1048
2,0.0043700764763383,0.0,1,1,-0.4050465209146994,0.8128342245989305,bg_1049
15,0.003345600535296,0.0,1,1,-0.3640850620970831,0.8163265306122449,bg_1050
10,0.0035432467631962,0.0,1,1,-0.3850218877249527,0.8078602620087336,bg_1051
9,0.0043904086457277,0.0,1,1,-0.4763955683089548,0.8253968253968254,bg_1053
4,0.0140977443609022,0.0,1,1,-0.4137028798418221,0.7894736842105263,bg_1054
2,0.0042215467747382,0.0,1,1,-0.3341378028784875,0.7936507936507936,bg_1055
7,0.0044812768569674,0.0,1,1,-0.3691161834704852,0.8066298342541437,bg_1056
6,0.0037415972603898,0.0,1,1,-0.4460333353209492,0.8119266055045872,bg_1058
5,0.0035693943421302,0.0,1,1,-0.4773958664571536,0.8173913043478261,bg_1059
23,0.0033949453036589,0.0,1,1,-0.4738698806652216,0.8181818181818182,bg_1062
2,0.0089584328714763,0.0,1,1,-0.5546166954634596,0.8152173913043478,bg_1063
3,0.0044753380308512,0.0,1,1,-0.2972813682046986,0.7921348314606742,bg_1064
22,0.0056141042056535,0.0,1,1,-0.2857497945750727,0.7972027972027972,bg_1066
2,0.0050127188388448,0.0,1,1,-0.4008889198060378,0.8170731707317073,bg_1067
2,0.0034439235485034,0.0,1,1,-0.3746696280484601,0.809322033898305,bg_1068
2,0.016156462585034,0.0,1,1,-0.3751542892474252,0.7755102040816326,bg_1069
2,0.0038252553792653,0.0,1,1,-0.4862474110947626,0.8186046511627907,bg_1071
10,0.0040703517587939,0.0,1,1,-0.3235529653746461,0.81,bg_1074
10,0.0042838249669369,0.0,1,1,-0.3251803632637211,0.7967914438502673,bg_1075
1,0.0127403846153846,0.0,1,1,-0.4503566085725649,0.8153846153846154,bg_1076
6,0.0049779958155977,0.0,1,1,-0.4908230412733005,0.8263473053892215,bg_1078
4,0.0031556372549019,0.0,1,1,-0.398260575903711,0.8046875,bg_1079
8,0.0043656450463292,0.0,1,1,-0.3294622703778892,0.7989130434782609,bg_1080
7,0.0030911676777058,0.0,1,1,-0.4026104357403673,0.8098859315589354,bg_1081
4,0.0042215467747382,0.0,1,1,-0.3524634958378971,0.7936507936507936,bg_1082
2,0.0060599259342385,0.0,1,1,-0.3930312381065062,0.8059701492537313,bg_1084
18,0.0053051523639758,0.0,1,1,-0.4692444772618082,0.8116883116883117,bg_1085
15,0.0058110903181325,0.0,1,1,-0.5080268607936973,0.8251748251748252,bg_1086
4,0.0077098800685322,0.0,1,1,-0.3302529698458723,0.7864077669902912,bg_1088
8,0.0062456627342123,0.0,1,1,-0.3485978268027903,0.8181818181818182,bg_1089
10,0.0069412662090007,0.0,1,1,-0.3488811374632685,0.7913043478260869,bg_1090
2,0.0075348075348075,0.0,1,1,-0.4221816257659105,0.8288288288288288,bg_1091
1,0.0071726438698915,0.0,1,1,-0.427382236520955,0.7818181818181819,bg_1092
16,0.0048474479612204,0.0,1,1,-0.3316865749556602,0.8095238095238095,bg_1093
9,0.0034298081508381,0.0,1,1,-0.3625217273305921,0.7991452991452992,bg_1094
1,0.0168439716312056,0.0,1,1,-0.5088726821608885,0.7916666666666666,bg_1095
10,0.0036484448249154,0.0,1,1,-0.3797658264240971,0.8063063063063063,bg_1097
4,0.0031959240389069,0.0,1,1,-0.3584561588012607,0.8117647058823529,bg_1098
4,0.0130568356374807,0.0,1,1,-0.5479123106920497,0.8095238095238095,bg_1099
7,0.0037912110929579,0.0,1,1,-0.4274340392486236,0.8264840182648402,bg_1100
2,0.0033821478382147,0.0,1,1,-0.3386895497284177,0.8083333333333333,bg_1101
10,0.0163265306122449,0.0,1,1,-0.486190624094293,0.8,bg_1102
3,0.0040762959544685,0.0,1,1,-0.4027898528033868,0.803030303030303,bg_1103
2,0.008622620380739,0.0,1,1,-0.4756250285416263,0.8105263157894737,bg_1104
2,0.0047337278106508,0.0,1,1,-0.3812721183985694,0.8,bg_1106
4,0.0039994147197971,0.0,1,1,-0.3648119970726357,0.8078817733990148,bg_1107
2,0.0039866797992589,0.0,1,1,-0.4903483204972372,0.821256038647343,bg_1108
5,0.0040703517587939,0.0,1,1,-0.4105243317921378,0.81,bg_1109
1,0.0064195736434108,0.0,1,1,-0.4327456671708484,0.8217054263565892,bg_1111
3,0.0034619545618463,0.0,1,1,-0.3815848108216536,0.8135593220338984,bg_1112
2,0.0033225392970383,0.0,1,1,-0.3745178719209882,0.8073770491803278,bg_1113
2,0.0045508756512459,0.0,1,1,-0.3969785830411738,0.8100558659217877,bg_1114
2,0.0044435980448168,0.0,1,1,-0.3641648168188663,0.7865168539325843,bg_1115
17,0.0034170153417015,0.0,1,1,-0.4451339302172934,0.8166666666666667,bg_1116
1,0.0045320197044334,0.0,1,1,-0.2876831062396277,0.7885714285714286,bg_1117
7,0.0047761619617907,0.0,1,1,-0.3613626561625626,0.7976190476190477,bg_1118
6,0.0050465838509316,0.0,1,1,-0.3538092745218031,0.8074534161490683,bg_1119
3,0.0034443817052512,0.0,1,1,-0.3882530118274335,0.7922077922077922,bg_1120
1,0.0087195413282369,0.0,1,1,-0.4112821326718468,0.7934782608695652,bg_1121
9,0.0034439235485034,0.0,1,1,-0.4160050445145191,0.809322033898305,bg_1122
2,0.0115942028985507,0.0,1,1,-0.3485685011586688,0.8,bg_1125
1,0.0034820252211556,0.0,1,1,-0.3880497482105102,0.8008658008658008,bg_1126
2,0.0122116689280868,0.0,1,1,-0.4647801105300496,0.8059701492537313,bg_1128
3,0.0030655273816789,0.0,1,1,-0.4914820492234145,0.8215613382899628,bg_1129
4,0.0034481493708961,0.0,1,1,-0.4024479782317001,0.8034188034188035,bg_1132
2,0.0179704016913319,0.0,1,1,-0.4223832401655386,0.7727272727272727,bg_1133
4,0.0034481493708961,0.0,1,1,-0.4490023269806659,0.8034188034188035,bg_1134
3,0.0045945005221023,0.0,1,1,-0.3636132509466925,0.7764705882352941,bg_1135
5,0.01129211403184,0.0,1,1,-0.4143800779343294,0.8243243243243243,bg_1138
24,0.004443643787906,0.0,1,1,-0.3595488307203546,0.8087431693989071,bg_1139
1,0.0049288061336254,0.0,1,1,-0.3607750640893254,0.8132530120481928,bg_1140
6,0.0035693943421302,0.0,1,1,-0.4474969919021903,0.8173913043478261,bg_1141
3,0.0031900656686688,0.0,1,1,-0.3636108258085221,0.8070866141732284,bg_1142
5,0.0035551246313578,0.0,1,1,-0.3749250406830225,0.7892376681614349,bg_1143
1,0.0105263157894736,0.0,1,1,-0.4603669365440749,0.7894736842105263,bg_1145
0,0.0129561078794288,0.0,1,1,-0.4407953245381749,0.7903225806451613,bg_1146
8,0.0032989830969628,0.0,1,1,-0.3950796538919399,0.7983539094650206,bg_1147
2,0.0035358219336888,0.0,1,1,-0.403240046848286,0.8026315789473685,bg_1149
1,0.004905850948705,0.0,1,1,-0.3806112684400409,0.8143712574850299,bg_1150
1,0.0111711711711711,0.0,1,1,-0.469611959712657,0.8266666666666667,bg_1151
40,0.00453881800292,0.0,1,1,-0.428188033849431,0.8033707865168539,bg_1152
3,0.003315988164473,0.0,1,1,-0.3660325247742942,0.8024691358024691,bg_1156
1,0.0108108108108108,0.0,1,1,-0.3286592120071044,0.8,bg_1157
5,0.006516129032258,0.0,1,1,-0.4077396486443523,0.808,bg_1158
1,0.0113458528951486,0.0,1,1,-0.4768069940192828,0.8055555555555556,bg_1159
7,0.003559488692232,0.0,1,1,-0.4080250964166822,0.8008849557522124,bg_1160
1,0.0057618437900128,0.0,1,1,-0.4587915817956152,0.8181818181818182,bg_1161
3,0.0071417481757491,0.0,1,1,-0.3555026245769575,0.8070175438596491,bg_1162
2,0.0062130905511811,0.0,1,1,-0.387010209882408,0.7890625,bg_1164
6,0.0057750759878419,0.0,1,1,-0.3590370591329194,0.8085106382978723,bg_1165
21,0.0060947824105718,0.0,1,1,-0.3395941237538479,0.8045112781954887,bg_1166
4,0.0035476199758294,0.0,1,1,-0.3521569457424733,0.801762114537445,bg_1167
2,0.0067972810875649,0.0,1,1,-0.4717934602163859,0.8292682926829268,bg_1168
2,0.0044275774826059,0.0,1,1,-0.4293409332382746,0.8235294117647058,bg_1169
8,0.0119855269109,0.0,1,1,-0.3786891401184737,0.7910447761194029,bg_1170
10,0.0036944790369447,0.0,1,1,-0.4430132049741259,0.8090909090909091,bg_1171
2,0.0149350649350649,0.0,1,1,-0.3714266910094341,0.8214285714285714,bg_1173
7,0.004523101208184,0.0,1,1,-0.368766197865206,0.8186813186813187,bg_1174
3,0.0105263157894736,0.0,1,1,-0.4096503283394782,0.7894736842105263,bg_1175
6,0.0059912854030501,0.0,1,1,-0.3717712337909558,0.8088235294117647,bg_1177
4,0.0044567196032891,0.0,1,1,-0.4203095416361964,0.7932960893854749,bg_1179
7,0.0047172945319247,0.0,1,1,-0.4267681259650917,0.8160919540229885,bg_1180
5,0.0041397361252069,0.0,1,1,-0.338042223251092,0.7989690721649485,bg_1182
1,0.0061721467848726,0.0,1,1,-0.3764863908875929,0.8208955223880597,bg_1186
38,0.0031935749067223,0.0,1,1,-0.3522517651907668,0.8015873015873016,bg_1187
0,0.0141242937853107,0.0,1,1,-0.4231034320494755,0.8333333333333334,bg_1188
1,0.0049519586104951,0.0,1,1,-0.385947340038746,0.8121212121212121,bg_1189
7,0.003598820058997,0.0,1,1,-0.3309824530793513,0.8097345132743363,bg_1190
8,0.0049004937902139,0.0,1,1,-0.3519007179776124,0.7987804878048781,bg_1191
4,0.0050454921422663,0.0,1,1,-0.3440113926834728,0.782051282051282,bg_1192
3,0.0034733587925077,0.0,1,1,-0.3610770988807212,0.8127659574468085,bg_1193
4,0.0038472920982539,0.0,1,1,-0.4634958789874279,0.8348623853211009,bg_1194
1,0.0035623994484026,0.0,1,1,-0.3887250185898367,0.8122270742358079,bg_1196
5,0.0032976361499281,0.0,1,1,-0.3824007561342153,0.8145161290322581,bg_1198
4,0.003526645768025,0.0,1,1,-0.4165446062973755,0.8146551724137931,bg_1199
12,0.0176767676767676,0.0,1,1,-0.2350354917035437,0.7777777777777778,bg_1200
10,0.0054746136865342,0.0,1,1,-0.3814132376716451,0.8211920529801324,bg_1201
9,0.003930854842529,0.0,1,1,-0.3670949365705972,0.8058252427184466,bg_1202
1,0.0101851851851851,0.0,1,1,-0.4805367807334672,0.8148148148148148,bg_1203
2,0.0067064083457526,0.0,1,1,-0.5366586730695154,0.8114754098360656,bg_1204
17,0.0053778268063982,0.0,1,1,-0.307618131615385,0.7905405405405406,bg_1206
5,0.0046545968156137,0.0,1,1,-0.4629116591147167,0.8192090395480226,bg_1207
1,0.0078167115902964,0.0,1,1,-0.4773724786744706,0.8207547169811321,bg_1209
5,0.0047405189620758,0.0,1,1,-0.3192236279925287,0.7916666666666666,bg_1210
3,0.0045705579889544,0.0,1,1,-0.3747939441853555,0.8089887640449438,bg_1211
2,0.0034258925351604,0.0,1,1,-0.4019903700846963,0.8050847457627118,bg_1213
4,0.008080808080808,0.0,1,1,-0.3397697972704996,0.8,bg_1214
3,0.007805063773082,0.0,1,1,-0.3849873964243553,0.7961165048543689,bg_1215
6,0.0037912110929579,0.0,1,1,-0.4374674587481134,0.8264840182648402,bg_1217
4,0.0085910652920962,0.0,1,1,-0.5047565476083522,0.8247422680412371,bg_1218
4,0.0036561224902032,0.0,1,1,-0.3779548664513346,0.8116591928251121,bg_1219
1,0.0056937368894216,0.0,1,1,-0.3200767142474234,0.8028169014084507,bg_1221
1,0.00658218503937,0.0,1,1,-0.5276891077187393,0.8359375,bg_1222
2,0.0054697554697554,0.0,1,1,-0.3234277429999908,0.8040540540540541,bg_1223
3,0.0051948051948051,0.0,1,1,-0.3184426666497423,0.8,bg_1224
7,0.0064909520062942,0.0,1,1,-0.5171863783758549,0.7983870967741935,bg_1225
20,0.0057750759878419,0.0,1,1,-0.3122825458909043,0.8085106382978723,bg_1226
5,0.0040762959544685,0.0,1,1,-0.3792849089019892,0.803030303030303,bg_1227
13,0.0039545346909779,0.0,1,1,-0.3981301989890045,0.8106796116504854,bg_1228
0,0.0070322376738305,0.0,1,1,-0.3739940821650737,0.7876106194690266,bg_1229
6,0.005507662835249,0.0,1,1,-0.3693493962918007,0.7931034482758621,bg_1230
7,0.0029691832783969,0.0,1,1,-0.411168313169731,0.8194945848375451,bg_1231
15,0.003839234785661,0.0,1,1,-0.4252674266806077,0.8177570093457944,bg_1232
2,0.0039397776839735,0.0,1,1,-0.4152089254535483,0.8115942028985508,bg_1234
2,0.0092384519350811,0.0,1,1,-0.5206494841681384,0.8222222222222222,bg_1235
7,0.0039602047715637,0.0,1,1,-0.3722916272899909,0.803921568627451,bg_1236
2,0.0046428571428571,0.0,1,1,-0.444848964194526,0.8125,bg_1237
2,0.0061517429938482,0.0,1,1,-0.3779002415038336,0.8120300751879699,bg_1238
8,0.0067532126934172,0.0,1,1,-0.4261154301071285,0.8306451612903226,bg_1240
15,0.0032568140137861,0.0,1,1,-0.4551429024334124,0.8174603174603174,bg_1243
2,0.0049609937135499,0.0,1,1,-0.3602091554116289,0.803680981595092,bg_1244
1,0.0109909909909909,0.0,1,1,-0.399216166110625,0.8133333333333334,bg_1245
1,0.0109218807848944,0.0,1,1,-0.4060747367495111,0.7972972972972973,bg_1246
5,0.01103500761035,0.0,1,1,-0.501854448681882,0.7945205479452054,bg_1247
8,0.0035124359217771,0.0,1,1,-0.3727533421412549,0.8043478260869565,bg_1250
0,0.0139344262295081,0.0,1,1,-0.5560994969967787,0.8360655737704918,bg_1251
5,0.0044089202412106,0.0,1,1,-0.4111904268094111,0.824468085106383,bg_1252
9,0.0040972772931535,0.0,1,1,-0.3445220267357225,0.7948717948717948,bg_1253
4,0.0052109181141439,0.0,1,1,-0.4184163570042661,0.8076923076923077,bg_1254
6,0.0090125391849529,0.0,1,1,-0.3246712070166882,0.7840909090909091,bg_1255
3,0.006953223767383,0.0,1,1,-0.3115606611569882,0.7787610619469026,bg_1256
3,0.0060038155089215,0.0,1,1,-0.3976791212179626,0.7985074626865671,bg_1257
2,0.0046136463498838,0.0,1,1,-0.4422076883306234,0.8212290502793296,bg_1258
10,0.0119855269109,0.0,1,1,-0.3166103680242754,0.7910447761194029,bg_1259
13,0.0064126984126984,0.0,1,1,-0.3671390901207765,0.8015873015873016,bg_1261
11,0.0034439235485034,0.0,1,1,-0.3549025899820809,0.809322033898305,bg_1262
2,0.013611615245009,0.0,1,1,-0.4349588362008402,0.7758620689655172,bg_1263
3,0.0048192771084337,0.0,1,1,-0.4383910098298634,0.7951807228915663,bg_1264
8,0.0031900656686688,0.0,1,1,-0.3303747239402566,0.8070866141732284,bg_1266
9,0.0036864815047547,0.0,1,1,-0.3841602668340047,0.8036529680365296,bg_1267
22,0.0031333531333531,0.0,1,1,-0.3508550487620905,0.8115384615384615,bg_1269
3,0.0041178908111467,0.0,1,1,-0.3699301027991667,0.8071065989847716,bg_1271
4,0.016156462585034,0.0,1,1,-0.3977786420878648,0.7755102040816326,bg_1272
4,0.0057553956834532,0.0,1,1,-0.4093616509531672,0.8,bg_1274
2,0.009077878643096,0.0,1,1,-0.4406506178282743,0.8260869565217391,bg_1275
22,0.0035476199758294,0.0,1,1,-0.3979124876070703,0.801762114537445,bg_1277
9,0.0034078615218175,0.0,1,1,-0.2987885133443573,0.8008474576271186,bg_1278
13,0.0096098680436029,0.0,1,1,-0.4819869402371237,0.7976190476190477,bg_1279
15,0.0091136079900124,0.0,1,1,-0.4809640868972024,0.8111111111111111,bg_1282
0,0.0084157374289922,0.0,1,1,-0.42018985315446,0.8163265306122449,bg_1283
6,0.0044435980448168,0.0,1,1,-0.3548945762280421,0.7865168539325843,bg_1284
2,0.0048169556840077,0.0,1,1,-0.4717559324573305,0.8333333333333334,bg_1285
5,0.0036391042204995,0.0,1,1,-0.3086982993875195,0.7824074074074074,bg_1286
8,0.0038687241903933,0.0,1,1,-0.3722152214240958,0.827906976744186,bg_1287
37,0.0036781803576713,0.0,1,1,-0.3908971055740399,0.7981651376146789,bg_1288
3,0.0032586155821072,0.0,1,1,-0.371324408532592,0.8016194331983806,bg_1291
6,0.0081426509997938,0.0,1,1,-0.3789677931124127,0.797979797979798,bg_1292
2,0.0123543123543123,0.0,1,1,-0.4735081174742304,0.803030303030303,bg_1294
6,0.0041721204188481,0.0,1,1,-0.3384010176021197,0.796875,bg_1296
16,0.0058388072150974,0.0,1,1,-0.370802400031774,0.8057553956834532,bg_1297
1,0.0137346580946814,0.0,1,1,-0.4323830854623148,0.7966101694915254,bg_1299
2,0.0031056802020143,0.0,1,1,-0.4479477558873019,0.8136882129277566,bg_1301
9,0.0070464767616191,0.0,1,1,-0.4630561674784502,0.8103448275862069,bg_1302
3,0.0046239630082959,0.0,1,1,-0.373057303930819,0.7906976744186046,bg_1304
5,0.0041275701174178,0.0,1,1,-0.349147363485575,0.8131313131313131,bg_1305
3,0.0046919624643002,0.0,1,1,-0.385639472663798,0.8023255813953488,bg_1306
12,0.0049231235325304,0.0,1,1,-0.3091809679700817,0.7975460122699386,bg_1307
2,0.0045454545454545,0.0,1,1,-0.3503946545253007,0.7954545454545454,bg_1308
6,0.0030079409641453,0.0,1,1,-0.4289630164492422,0.8211678832116789,bg_1309
10,0.006836632958268,0.0,1,1,-0.3753144575925372,0.8067226890756303,bg_1310
6,0.0095238095238095,0.0,1,1,-0.4941576168376922,0.8,bg_1311
2,0.0033499982994932,0.0,1,1,-0.4294962502773349,0.8106995884773662,bg_1312
4,0.0031294785177385,0.0,1,1,-0.4026847370741877,0.816793893129771,bg_1313
4,0.0040860870006598,0.0,1,1,-0.3895571125391115,0.8090452261306532,bg_1314
11,0.003839234785661,0.0,1,1,-0.4297492527691305,0.8177570093457944,bg_1315
67,0.0040660934424531,0.0,1,1,-0.3824157666723649,0.7969543147208121,bg_1316
7,0.0046293073442394,0.0,1,1,-0.4592260104790909,0.7823529411764706,bg_1317
1,0.0137346580946814,0.0,1,1,-0.3601437848716978,0.7966101694915254,bg_1318
1,0.0046022979749888,0.0,1,1,-0.3763144000232417,0.8146067415730337,bg_1319
3,0.0043084642233856,0.0,1,1,-0.3845110143106975,0.8229166666666666,bg_1320
3,0.0056231003039513,0.0,1,1,-0.3244336257989965,0.7872340425531915,bg_1322
1,0.0079596194913609,0.0,1,1,-0.3526867301125766,0.803921568627451,bg_1323
11,0.0034038932028507,0.0,1,1,-0.3738515031653611,0.8067226890756303,bg_1327
7,0.0034863763140956,0.0,1,1,-0.4052763996171191,0.8227848101265823,bg_1328
2,0.005601233299075,0.0,1,1,-0.2741942629327903,0.7785714285714286,bg_1330
5,0.0029860650298606,0.0,1,1,-0.4021522338091228,0.8181818181818182,bg_1331
9,0.0033349925335988,0.0,1,1,-0.4324553647817155,0.8170731707317073,bg_1334
1,0.014216575922565,0.0,1,1,-0.3360392139610068,0.8103448275862069,bg_1335
7,0.0057436819498551,0.0,1,1,-0.3943961786925479,0.8098591549295775,bg_1336
3,0.0050628776743426,0.0,1,1,-0.4666886184851956,0.7898089171974523,bg_1337
12,0.0031482031482031,0.0,1,1,-0.3709683493965701,0.8153846153846154,bg_1339
3,0.0064366954130733,0.0,1,1,-0.3378273454898093,0.8110236220472441,bg_1340
17,0.0059701492537313,0.0,1,1,-0.3998477846865263,0.8,bg_1341
27,0.0037627362279626,0.0,1,1,-0.4055097068293915,0.8165137614678899,bg_1342
4,0.004263816925734,0.0,1,1,-0.3687990718253163,0.8186528497409327,bg_1343
13,0.0081188118811881,0.0,1,1,-0.4419136080623239,0.8118811881188119,bg_1344
5,0.0039653219053248,0.0,1,1,-0.3482731402813891,0.7970297029702971,bg_1346
2,0.0050707547169811,0.0,1,1,-0.3593295278165754,0.80625,bg_1347
2,0.0126488095238095,0.0,1,1,-0.3824966748292585,0.796875,bg_1348
9,0.0051037073330066,0.0,1,1,-0.419083240434956,0.7961783439490446,bg_1349
43,0.0059912854030501,0.0,1,1,-0.3925102083169475,0.8088235294117647,bg_1350
3,0.0034518828451882,0.0,1,1,-0.4332738463391601,0.825,bg_1351
3,0.004663382594417,0.0,1,1,-0.4604012938168069,0.8114285714285714,bg_1352
6,0.0031745043727241,0.0,1,1,-0.4211224687238315,0.8031496062992126,bg_1353
1,0.0059095580678314,0.0,1,1,-0.4032249542224317,0.8214285714285714,bg_1354
12,0.003315988164473,0.0,1,1,-0.3951154806500421,0.8024691358024691,bg_1355
7,0.0071214392803598,0.0,1,1,-0.4439656338186744,0.8189655172413793,bg_1356
5,0.0031840140535792,0.0,1,1,-0.3720543245559219,0.8023715415019763,bg_1357
2,0.0062984496124031,0.0,1,1,-0.3553862085231336,0.8062015503875969,bg_1358
18,0.0041708542713567,0.0,1,1,-0.471589798540481,0.83,bg_1359
3,0.0034570790341453,0.0,1,1,-0.3824299836181475,0.819327731092437,bg_1360
2,0.0042884990253411,0.0,1,1,-0.3709771833400801,0.8105263157894737,bg_1361
6,0.004305977710233,0.0,1,1,-0.4060613755696244,0.8095238095238095,bg_1362
0,0.0129561078794288,0.0,1,1,-0.2953433537526829,0.7903225806451613,bg_1363
1,0.0078787878787878,0.0,1,1,-0.3801992569890843,0.78,bg_1364
5,0.009936766034327,0.0,1,1,-0.1958786640373519,0.8048780487804879,bg_1366
5,0.0042124542124542,0.0,1,1,-0.4893376680342072,0.8214285714285714,bg_1367
10,0.0035714285714285,0.0,1,1,-0.3992087314529917,0.8,bg_1369
2,0.0112676056338028,0.0,1,1,-0.4058286731280833,0.7887323943661971,bg_1370
0,0.0059430716296528,0.0,1,1,-0.421738939307681,0.8201438848920863,bg_1373
9,0.0049609937135499,0.0,1,1,-0.3732467212216855,0.803680981595092,bg_1374
10,0.0045070780168856,0.0,1,1,-0.3872553195713034,0.797752808988764,bg_1375
1,0.005573925366084,0.0,1,1,-0.3900505134400558,0.8082191780821918,bg_1376
167,0.0004314063848144,0.0,192,245,-0.1209755253243264,0.9995685936151856,exchange_001
207,0.0003883495145631,0.0,217,277,-0.1207200543841768,0.9996116504854368,exchange_002
107,0.0005991611743559,0.0,107,195,-0.1203565790835341,0.999400838825644,exchange_003
88,0.0004484304932735,0.0,189,236,-0.1227618795602431,0.9995515695067264,exchange_004
56,0.001338688085676,0.0,43,82,-0.1589132987803997,0.998661311914324,exchange_005
115,0.0004164931278633,0.0,180,257,-0.1165472297500337,0.9995835068721366,exchange_008
162,0.0004056795131845,0.0,186,264,-0.116133438554517,0.9995943204868154,exchange_009
123,0.0005945303210463,0.0,138,172,-0.1270086281629281,0.9994054696789536,exchange_011
89,0.0004539264639128,0.0,160,241,-0.1170519713076367,0.9995460735360872,exchange_012
50,0.0005827505827505,0.0,133,191,-0.1260109096524486,0.9994172494172494,exchange_013
209,0.0007220216606498,0.0,111,150,-0.1326570064058327,0.9992779783393502,exchange_014
50,0.0005767012687427,0.0,126,203,-0.1238842129918138,0.9994232987312572,exchange_015
74,0.0009208103130755,0.0,82,120,-0.1399363699681257,0.9990791896869244,exchange_017
90,0.0005917159763313,0.0,126,178,-0.1236595452698859,0.9994082840236688,exchange_019
151,0.000377786173026,0.0,196,289,-0.1147394597635428,0.999622213826974,exchange_020
44,0.0009950248756218,0.0,81,99,-0.1475213565405008,0.999004975124378,exchange_021
110,0.0010070493454179,0.0,74,112,-0.1430555801954937,0.998992950654582,exchange_022
104,0.0004712535344015,0.0,155,232,-0.1182708872302949,0.9995287464655984,exchange_023
78,0.0006035003017501,0.0,125,177,-0.1249833243980282,0.9993964996982498,exchange_024
57,0.0007788161993769,0.0,87,144,-0.1308004459888649,0.9992211838006232,exchange_025
84,0.0004312203536006,0.0,183,253,-0.1197909100830545,0.9995687796463992,exchange_026
58,0.001194743130227,0.0,67,87,-0.1569829657925909,0.998805256869773,exchange_027
147,0.0004231908590774,0.0,161,268,-0.1140656696081687,0.9995768091409224,exchange_029
104,0.0009451795841209,0.0,79,114,-0.1417067981440604,0.999054820415879,exchange_030
2,0.0579710144927536,0.0,1,1,-0.4545454545454545,1.3333333333333333,layer_001
6,0.0649350649350649,0.0,1,1,-0.5000000000000001,1.3636363636363635,layer_002
0,0.0952380952380952,0.0,1,1,-0.5384615384615389,1.3333333333333333,layer_004
1,0.0952380952380952,0.0,1,1,-0.5384615384615389,1.3333333333333333,layer_005
3,0.1025641025641025,0.0,1,1,-0.4545454545454545,1.2307692307692308,layer_006
7,0.0989010989010989,0.0,1,1,-0.5,1.2857142857142858,layer_008
110,0.0760233918128654,0.0,1,1,-0.5294117647058824,1.368421052631579,layer_009
3,0.0592885375494071,0.0,1,1,-0.4285714285714284,1.3043478260869563,layer_010
5,0.0760233918128654,0.0,1,1,-0.5294117647058824,1.368421052631579,layer_011
6,0.0649350649350649,0.0,1,1,-0.5000000000000001,1.3636363636363635,layer_012
6,0.0735294117647058,0.0,1,1,-0.3333333333333333,1.1764705882352942,layer_014
7,0.0857142857142857,0.0,1,1,-0.3846153846153846,1.2,layer_015
2,0.0701754385964912,0.0,1,1,-0.4117647058823531,1.263157894736842,layer_016
1,0.1153846153846153,0.0,1,1,-0.6363636363636364,1.3846153846153846,layer_017
1,0.0718954248366013,0.0,1,1,-0.3749999999999999,1.2222222222222223,layer_019
0,0.0808823529411764,0.0,1,1,-0.4666666666666667,1.2941176470588236,layer_020
2,0.1212121212121212,0.0,1,1,-0.6,1.3333333333333333,layer_021
2,0.0579710144927536,0.0,1,1,-0.4545454545454545,1.3333333333333333,layer_022
0,0.0857142857142857,0.0,1,1,-0.3846153846153846,1.2,layer_023
2,0.1025641025641025,0.0,1,1,-0.4545454545454545,1.2307692307692308,layer_024
7,0.0579710144927536,0.0,1,1,-1.0,1.3333333333333333,mix_001
1,0.0427807486631016,0.0,1,1,-1.0,1.411764705882353,mix_002
2,0.0512820512820512,0.0,1,1,-1.0,1.3333333333333333,mix_003
1,0.0701754385964912,0.0,1,1,-1.0,1.263157894736842,mix_006
0,0.0701754385964912,0.0,1,1,-1.0,1.263157894736842,mix_007
0,0.0592885375494071,0.0,1,1,-1.0,1.3043478260869563,mix_008
2,0.0701754385964912,0.0,1,1,-1.0,1.263157894736842,mix_009
2,0.0701754385964912,0.0,1,1,-1.0,1.263157894736842,mix_010
0,0.0592885375494071,0.0,1,1,-1.0,1.3043478260869563,mix_011
1,0.0492610837438423,0.0,1,1,-1.0,1.3793103448275863,mix_012
3,0.0512820512820512,0.0,1,1,-1.0,1.3333333333333333,mix_013
1,0.0427807486631016,0.0,1,1,-1.0,1.411764705882353,mix_014
5,0.0492610837438423,0.0,1,1,-1.0,1.3793103448275863,mix_015
24,0.0701754385964912,0.0,1,1,-1.0,1.263157894736842,mix_016
22,0.0365853658536585,0.0,1,1,-1.0,1.4634146341463414,mix_017
4,0.0857142857142857,0.0,1,1,-1.0,1.2,mix_019
0,0.0625,0.0,1,1,0.0,0.9375,peel_001
3,0.04,0.0,1,1,0.0,0.96,peel_002
3,0.032258064516129,0.0,1,1,0.0,0.967741935483871,peel_003
0,0.04,0.0,1,1,0.0,0.96,peel_004
1,0.0454545454545454,0.0,1,1,0.0,0.9545454545454546,peel_005
7,0.04,0.0,1,1,0.0,0.96,peel_008
31,0.0454545454545454,0.0,1,1,0.0,0.9545454545454546,peel_009
3,0.04,0.0,1,1,0.0,0.96,peel_010
3,0.0526315789473684,0.0,1,1,0.0,0.9473684210526316,peel_012
3,0.04,0.0,1,1,0.0,0.96,peel_014
3,0.04,0.0,1,1,0.0,0.96,peel_015
8,0.04,0.0,1,1,0.0,0.96,peel_016
10,0.032258064516129,0.0,1,1,0.0,0.967741935483871,peel_017
2,0.0357142857142857,0.0,1,1,0.0,0.9642857142857144,peel_018
2,0.0454545454545454,0.0,1,1,0.0,0.9545454545454546,peel_019
18,0.0357142857142857,0.0,1,1,0.0,0.9642857142857144,peel_020
7,0.032258064516129,0.0,1,1,0.0,0.967741935483871,peel_021
5,0.04,0.0,1,1,0.0,0.96,peel_022
4,0.0357142857142857,0.0,1,1,0.0,0.9642857142857144,peel_023
1,0.0357142857142857,0.0,1,1,0.0,0.9642857142857144,peel_026
2,0.04,0.0,1,1,0.0,0.96,peel_027
0,0.0454545454545454,0.0,1,1,0.0,0.9545454545454546,peel_028
2,0.04,0.0,1,1,0.0,0.96,peel_029
7,0.0526315789473684,0.0,1,1,0.0,0.9473684210526316,peel_030
4,0.0357142857142857,0.0,1,1,0.0,0.9642857142857144,peel_031
8,0.04,0.0,1,1,0.0,0.96,peel_032
15,0.0625,0.0,1,1,0.0,0.9375,peel_033
7,0.032258064516129,0.0,1,1,0.0,0.967741935483871,peel_035
6,0.0526315789473684,0.0,1,1,0.0,0.9473684210526316,peel_036
6,0.0357142857142857,0.0,1,1,0.0,0.9642857142857144,peel_037
1,0.0625,0.0,1,1,0.0,0.9375,peel_038
4,0.0526315789473684,0.0,1,1,0.0,0.9473684210526316,peel_040
0,0.0714285714285714,0.0,1,3,-0.4330127018922195,0.9285714285714286,ransom_0001
0,0.0833333333333333,0.0,1,2,-0.8167651211688063,0.9166666666666666,ransom_0003
0,0.0769230769230769,0.0,1,2,-0.6251717321316496,0.9230769230769232,ransom_0004
0,0.0833333333333333,0.0,1,3,-0.2390457218668779,0.9166666666666666,ransom_0005
0,0.0909090909090909,0.0,1,2,-0.790569415042095,0.9090909090909092,ransom_0006
3,0.0666666666666666,0.0,1,4,-0.0404888165089451,0.9333333333333332,ransom_0009
4,0.1428571428571428,0.0,1,2,0.0,0.8571428571428571,ransom_0011
0,0.2,0.0,1,1,0.0,0.8,ransom_0013
5,0.3333333333333333,0.0,1,1,0.0,0.6666666666666666,ransom_0015
0,0.125,0.0,1,2,0.0,0.875,ransom_0016
0,0.1666666666666666,0.0,1,1,0.0,0.8333333333333334,ransom_0018
1,0.0833333333333333,0.0,1,3,0.0,0.9166666666666666,ransom_0019
0,0.0909090909090909,0.0,1,2,-0.6088590823425644,0.9090909090909092,ransom_0020
0,0.2,0.0,1,1,0.0,0.8,ransom_0021
0,0.1,0.0,1,1,0.0,0.9,ransom_0024
0,0.0714285714285714,0.0,1,3,-0.5880064914496511,0.9285714285714286,ransom_0027
0,0.0769230769230769,0.0,1,3,-0.458189794952656,0.9230769230769232,ransom_0028
1,0.3333333333333333,0.0,1,1,0.0,0.6666666666666666,ransom_0029
1,0.1111111111111111,0.0,1,2,-0.5555555555555556,0.8888888888888888,ransom_0030
0,0.25,0.0,1,1,0.0,0.75,ransom_0031
0,0.25,0.0,1,1,0.0,0.75,ransom_0032
3,0.1,0.0,1,2,-0.6027637811151019,0.9,ransom_0033
8,0.1111111111111111,0.0,1,2,-0.5555555555555556,0.8888888888888888,ransom_0034
1,0.1666666666666666,0.0,1,2,0.1666666666666655,0.8333333333333334,ransom_0035
3,0.25,0.0,1,1,0.0,0.75,ransom_0036
1,0.0434782608695652,0.0,1,4,-0.5438545557203488,0.9565217391304348,ransom_0037
0,0.1,0.0,1,2,-0.6027637811151019,0.9,ransom_0038
5,0.1428571428571428,0.0,1,3,0.0,0.8571428571428571,ransom_0040
0,0.1666666666666666,0.0,1,1,-0.9999999999999992,0.8333333333333334,ransom_0042
1,0.0714285714285714,0.0,1,3,-0.4473375288806118,0.9285714285714286,ransom_0043
0,0.1666666666666666,0.0,1,1,-0.9999999999999992,0.8333333333333334,ransom_0044
0,0.125,0.0,1,2,-0.4880935300919782,0.875,ransom_0045
0,0.3333333333333333,0.0,1,1,0.0,0.6666666666666666,ransom_0046
1,0.0769230769230769,0.0,1,2,0.0,0.9230769230769232,ransom_0047
2,0.0833333333333333,0.0,1,3,0.0,0.9166666666666666,ransom_0048
1,0.0769230769230769,0.0,1,2,-0.6296673236054254,0.9230769230769232,ransom_0049
3,0.0625,0.0,1,4,-0.3444993110020674,0.9375,ransom_0050
0,0.125,0.0,1,1,0.0,0.875,ransom_0051
4,0.05,0.0,1,6,0.0333727075993281,0.95,ransom_0052
0,0.2,0.0,1,1,0.0,0.8,ransom_0053
0,0.25,0.0,1,1,0.0,0.75,ransom_0054
1,0.3333333333333333,0.0,1,1,0.0,0.6666666666666666,ransom_0055
0,0.0833333333333333,0.0,1,3,-0.288675134594813,0.9166666666666666,ransom_0056
0,0.0666666666666666,0.0,1,3,0.0,0.9333333333333332,ransom_0057
0,0.125,0.0,1,2,-0.4880935300919782,0.875,ransom_0058
0,0.25,0.0,1,1,0.0,0.75,ransom_0059
0,0.0833333333333333,0.0,1,2,-0.6195991719677594,0.9166666666666666,ransom_0060
5,0.0666666666666666,0.0,1,4,-0.1249999999999992,0.9333333333333332,ransom_0061
0,0.2,0.0,1,1,0.0,0.8,ransom_0062
0,0.0833333333333333,0.0,1,2,-0.6708203932499353,0.9166666666666666,ransom_0063
0,0.3333333333333333,0.0,1,1,0.0,0.6666666666666666,ransom_0064
0,0.2,0.0,1,1,-1.0,0.8,ransom_0065
0,0.0769230769230769,0.0,1,2,-0.852208863454025,0.9230769230769232,ransom_0066
0,0.2,0.0,1,1,0.0,0.8,ransom_0067
0,0.3333333333333333,0.0,1,1,0.0,0.6666666666666666,ransom_0068
7,0.3333333333333333,0.0,1,1,0.0,0.6666666666666666,ransom_0069
3,0.0769230769230769,0.0,1,4,-0.063245553203368,0.9230769230769232,ransom_0070
0,0.25,0.0,1,1,0.0,0.75,ransom_0071
0,0.1,0.0,1,3,0.0,0.9,ransom_0072
1,0.2,0.0,1,1,0.0,0.8,ransom_0074
0,0.0555555555555555,0.0,1,4,-0.431081641609824,0.9444444444444444,ransom_0075
2,0.0555555555555555,0.0,1,3,-0.6703730463243479,0.9444444444444444,ransom_0076
0,0.2,0.0,1,1,0.0,0.8,ransom_0077
1,0.1428571428571428,0.0,1,2,0.0,0.8571428571428571,ransom_0078
0,0.2,0.0,1,1,-1.0,0.8,ransom_0080
0,0.2,0.0,1,1,0.0,0.8,ransom_0081
0,0.0769230769230769,0.0,1,2,0.0,0.9230769230769232,ransom_0082
0,0.0909090909090909,0.0,1,2,-0.6882472016116848,0.9090909090909092,ransom_0083
0,0.0769230769230769,0.0,1,2,0.0,0.9230769230769232,ransom_0084
1,0.3333333333333333,0.0,1,1,0.0,0.6666666666666666,ransom_0085
0,0.2,0.0,1,1,0.0,0.8,ransom_0086
0,0.1111111111111111,0.0,1,2,-0.6546536707079772,0.8888888888888888,ransom_0087
3,0.2,0.0,1,1,-1.0,0.8,ransom_0088
0,0.3333333333333333,0.0,1,1,0.0,0.6666666666666666,ransom_0089
0,0.0714285714285714,0.0,1,3,0.0,0.9285714285714286,ransom_0091
0,0.25,0.0,1,1,0.0,0.75,ransom_0092
0,0.2,0.0,1,1,0.0,0.8,ransom_0093
0,0.0909090909090909,0.0,1,3,-0.2500000000000005,0.9090909090909092,ransom_0094
0,0.2,0.0,1,1,0.0,0.8,ransom_0095
0,0.0833333333333333,0.0,1,3,0.0,0.9166666666666666,ransom_0096
1,0.3333333333333333,0.0,1,1,0.0,0.6666666666666666,ransom_0097
0,0.1111111111111111,0.0,1,2,0.0,0.8888888888888888,ransom_0099
3,0.1111111111111111,0.0,1,2,-0.6546536707079772,0.8888888888888888,ransom_0100
2,0.25,0.0,1,1,0.0,0.75,ransom_0101
1,0.0454545454545454,0.0,1,4,-0.5372480148971159,0.9545454545454546,ransom_0102
0,0.0909090909090909,0.0,1,3,-0.2500000000000005,0.9090909090909092,ransom_0103
0,0.0625,0.0,1,4,-0.1626109088969974,0.9375,ransom_0104
0,0.2,0.0,1,1,-1.0,0.8,ransom_0105
0,0.25,0.0,1,1,0.0,0.75,ransom_0107
0,0.0833333333333333,0.0,1,2,-0.8964214570007943,0.9166666666666666,ransom_0108
0,0.1666666666666666,0.0,1,1,0.0,0.8333333333333334,ransom_0109
5,0.0714285714285714,0.0,1,3,-0.6094252841446045,0.9285714285714286,ransom_0110
0,0.1111111111111111,0.0,1,1,-1.0,0.8888888888888888,ransom_0111
0,0.1428571428571428,0.0,1,2,-0.250000000000001,0.8571428571428571,ransom_0112
0,0.3333333333333333,0.0,1,1,0.0,0.6666666666666666,ransom_0113
1,0.0909090909090909,0.0,1,3,-0.281718084909506,0.9090909090909092,ransom_0114
6,0.0833333333333333,0.0,1,4,0.1268365723579602,0.9166666666666666,ransom_0115
0,0.25,0.0,1,1,0.0,0.75,ransom_0118
1,0.3333333333333333,0.0,1,1,0.0,0.6666666666666666,ransom_0119
0,0.3333333333333333,0.0,1,1,0.0,0.6666666666666666,ransom_0120
0,0.0454545454545454,0.0,1,5,-0.3081076735610102,0.9545454545454546,ransom_0121
0,0.25,0.0,1,1,0.0,0.75,ransom_0122
2,0.1666666666666666,0.0,1,1,0.0,0.8333333333333334,ransom_0123
0,0.125,0.0,1,1,-0.9999999999999994,0.875,ransom_0124
0,0.25,0.0,1,1,0.0,0.75,ransom_0125
1,0.1428571428571428,0.0,1,2,0.0,0.8571428571428571,ransom_0127
0,0.2,0.0,1,1,0.0,0.8,ransom_0128
0,0.2,0.0,1,1,-1.0,0.8,ransom_0129
0,0.1428571428571428,0.0,1,1,-1.0000000000000002,0.8571428571428571,ransom_0130
0,0.1111111111111111,0.0,1,2,-0.6546536707079772,0.8888888888888888,ransom_0131
0,0.25,0.0,1,1,0.0,0.75,ransom_0132
2,0.125,0.0,1,2,-0.4880935300919782,0.875,ransom_0133
0,0.1428571428571428,0.0,1,2,0.0,0.8571428571428571,ransom_0134
0,0.2,0.0,1,1,0.0,0.8,ransom_0135
0,0.1,0.0,1,2,0.0,0.9,ransom_0136
0,0.2,0.0,1,1,-1.0,0.8,ransom_0137
0,0.25,0.0,1,1,0.0,0.75,ransom_0138
0,0.125,0.0,1,1,-0.9999999999999994,0.875,ransom_0140
0,0.1428571428571428,0.0,1,2,0.0,0.8571428571428571,ransom_0143
0,0.125,0.0,1,2,0.0,0.875,ransom_0144
3,0.0769230769230769,0.0,1,4,-0.063245553203368,0.9230769230769232,ransom_0145
0,0.25,0.0,1,1,0.0,0.75,ransom_0147
0,0.1428571428571428,0.0,1,2,-0.250000000000001,0.8571428571428571,ransom_0150
1,0.2,0.0,1,1,0.0,0.8,ransom_0151
0,0.05,0.0,1,5,-0.0757282445662765,0.95,ransom_0152
0,0.1428571428571428,0.0,1,2,0.0,0.8571428571428571,ransom_0153
0,0.3333333333333333,0.0,1,1,0.0,0.6666666666666666,ransom_0154
0,0.2,0.0,1,1,0.0,0.8,ransom_0155
0,0.0833333333333333,0.0,1,2,0.0,0.9166666666666666,ransom_0157
1,0.0555555555555555,0.0,1,2,0.0,0.9444444444444444,ransom_0158
0,0.25,0.0,1,1,0.0,0.75,ransom_0161
0,0.0909090909090909,0.0,1,2,-0.9185586535436924,0.9090909090909092,ransom_0165
0,0.2,0.0,1,1,0.0,0.8,ransom_0166
0,0.25,0.0,1,1,0.0,0.75,ransom_0167
0,0.1666666666666666,0.0,1,2,0.0,0.8333333333333334,ransom_0168
0,0.0833333333333333,0.0,1,2,0.0,0.9166666666666666,ransom_0169
0,0.1428571428571428,0.0,1,2,-0.250000000000001,0.8571428571428571,ransom_0170
1,0.0833333333333333,0.0,1,2,-0.6815940677933079,0.9166666666666666,ransom_0171
4,0.3333333333333333,0.0,1,1,0.0,0.6666666666666666,ransom_0172
1,0.1428571428571428,0.0,1,1,0.0,0.8571428571428571,ransom_0173
0,0.0833333333333333,0.0,1,2,-0.5792252228072072,0.9166666666666666,ransom_0174
3,0.0833333333333333,0.0,1,2,0.0,0.9166666666666666,ransom_0175
0,0.0909090909090909,0.0,1,2,-0.7572401854185352,0.9090909090909092,ransom_0176
1,0.1666666666666666,0.0,1,1,0.0,0.8333333333333334,ransom_0177
0,0.0666666666666666,0.0,1,3,0.0,0.9333333333333332,ransom_0178
0,0.2,0.0,1,1,0.0,0.8,ransom_0179
1,0.1111111111111111,0.0,1,2,-0.7453559924999299,0.8888888888888888,ransom_0180
0,0.0588235294117647,0.0,1,2,-0.7529606092104499,0.9411764705882352,ransom_0181
1,0.3333333333333333,0.0,1,1,0.0,0.6666666666666666,ransom_0182
0,0.1428571428571428,0.0,1,1,-1.0,0.8571428571428571,ransom_0184
0,0.0909090909090909,0.0,1,2,-0.790569415042095,0.9090909090909092,ransom_0185
0,0.2,0.0,1,1,-1.0,0.8,ransom_0186
0,0.125,0.0,1,1,-0.9999999999999994,0.875,ransom_0187
0,0.0769230769230769,0.0,1,3,0.0,0.9230769230769232,ransom_0189
0,0.125,0.0,1,2,0.0,0.875,ransom_0190
9,0.1111111111111111,0.0,1,2,0.0,0.8888888888888888,ransom_0191
0,0.0909090909090909,0.0,1,2,-0.6882472016116848,0.9090909090909092,ransom_0192
0,0.2,0.0,1,1,0.0,0.8,ransom_0193
0,0.2,0.0,1,1,0.0,0.8,ransom_0195
0,0.0625,0.0,1,3,-0.4988942116946689,0.9375,ransom_0196
0,0.3333333333333333,0.0,1,1,0.0,0.6666666666666666,ransom_0197
0,0.0526315789473684,0.0,1,5,-0.2229112850301405,0.9473684210526316,ransom_0198
0,0.1111111111111111,0.0,1,1,-1.0,0.8888888888888888,ransom_0199
0,0.25,0.0,1,1,0.0,0.75,ransom_0200
0,0.3333333333333333,0.0,1,1,0.0,0.6666666666666666,ransom_0201
0,0.25,0.0,1,1,0.0,0.75,ransom_0203
0,0.125,0.0,1,1,-0.9999999999999996,0.875,ransom_0204
0,0.25,0.0,1,1,0.0,0.75,ransom_0206
0,0.0833333333333333,0.0,1,4,0.0,0.9166666666666666,ransom_0207
0,0.1428571428571428,0.0,1,1,-1.0000000000000002,0.8571428571428571,ransom_0209
0,0.2,0.0,1,1,0.0,0.8,ransom_0210
0,0.125,0.0,1,2,-0.6454972243679025,0.875,ransom_0211
0,0.2,0.0,1,1,-1.0,0.8,ransom_0212
3,0.1,0.0,1,2,-0.6027637811151019,0.9,ransom_0213
0,0.1428571428571428,0.0,1,1,0.0,0.8571428571428571,ransom_0215
0,0.2,0.0,1,1,0.0,0.8,ransom_0217
3,0.1111111111111111,0.0,1,2,-0.6546536707079772,0.8888888888888888,ransom_0218
0,0.0769230769230769,0.0,1,3,0.0,0.9230769230769232,ransom_0219
0,0.1428571428571428,0.0,1,2,0.0,0.8571428571428571,ransom_0220
0,0.2,0.0,1,1,-1.0,0.8,ransom_0221
2,0.25,0.0,1,1,0.0,0.75,ransom_0222
1,0.25,0.0,1,1,0.0,0.75,ransom_0223
0,0.1666666666666666,0.0,1,1,-0.9999999999999992,0.8333333333333334,ransom_0224
1,0.0833333333333333,0.0,1,3,0.0,0.9166666666666666,ransom_0225
0,0.0416666666666666,0.0,1,3,-0.7275504270933616,0.9583333333333334,ransom_0226
0,0.125,0.0,1,1,-0.9999999999999994,0.875,ransom_0228
0,0.0555555555555555,0.0,1,3,-0.66643804857462,0.9444444444444444,ransom_0229
4,0.0588235294117647,0.0,1,4,-0.284627226785928,0.9411764705882352,ransom_0230
0,0.125,0.0,1,1,0.0,0.875,ransom_0231
0,0.1111111111111111,0.0,1,1,-1.0,0.8888888888888888,ransom_0232
0,0.2,0.0,1,1,-1.0,0.8,ransom_0234
0,0.1111111111111111,0.0,1,1,-1.0,0.8888888888888888,ransom_0236
0,0.0909090909090909,0.0,1,2,-0.790569415042095,0.9090909090909092,ransom_0238
0,0.0666666666666666,0.0,1,3,-0.3333333333333328,0.9333333333333332,ransom_0239
0,0.1428571428571428,0.0,1,2,0.0,0.8571428571428571,ransom_0240
1,0.1428571428571428,0.0,1,2,-0.250000000000001,0.8571428571428571,ransom_0241
0,0.25,0.0,1,1,0.0,0.75,ransom_0242
0,0.1666666666666666,0.0,1,1,-0.9999999999999992,0.8333333333333334,ransom_0243
1,0.2,0.0,1,1,0.0,0.8,ransom_0244
1,0.1111111111111111,0.0,1,1,-1.0,0.8888888888888888,ransom_0245
0,0.2,0.0,1,1,0.0,0.8,ransom_0246
0,0.1428571428571428,0.0,1,2,0.0,0.8571428571428571,ransom_0247
0,0.1111111111111111,0.0,1,2,-0.5962847939999439,0.8888888888888888,ransom_0248
0,0.1111111111111111,0.0,1,2,0.0,0.8888888888888888,ransom_0249
1,0.0384615384615384,0.0,1,5,-0.3953732001961441,0.9615384615384616,ransom_0250
0,0.1428571428571428,0.0,1,1,0.0,0.8571428571428571,ransom_0251
2,0.2,0.0,1,1,0.0,0.8,ransom_0252
0,0.25,0.0,1,1,0.0,0.75,ransom_0253
0,0.3333333333333333,0.0,1,1,0.0,0.6666666666666666,ransom_0254
0,0.2,0.0,1,1,0.0,0.8,ransom_0255
0,0.25,0.0,1,1,0.0,0.75,ransom_0256
0,0.25,0.0,1,1,0.0,0.75,ransom_0257
0,0.25,0.0,1,1,0.0,0.75,ransom_0258
0,0.3333333333333333,0.0,1,1,0.0,0.6666666666666666,ransom_0260
0,0.2,0.0,1,1,0.0,0.8,ransom_0261
2,0.0909090909090909,0.0,1,2,-0.7500000000000017,0.9090909090909092,ransom_0262
1,0.2,0.0,1,1,-1.0,0.8,ransom_0263
0,0.0476190476190476,0.0,1,4,-0.4393209340819576,0.9523809523809524,ransom_0264
0,0.3333333333333333,0.0,1,1,0.0,0.6666666666666666,ransom_0266
1,0.0588235294117647,0.0,1,2,-0.7071067811865475,0.9411764705882352,ransom_0267
0,0.1111111111111111,0.0,1,2,0.0,0.8888888888888888,ransom_0268
0,0.3333333333333333,0.0,1,1,0.0,0.6666666666666666,ransom_0269
1,0.125,0.0,1,2,0.0,0.875,ransom_0272
0,0.1,0.0,1,1,0.0,0.9,ransom_0273
0,0.25,0.0,1,1,0.0,0.75,ransom_0274
0,0.125,0.0,1,1,0.0,0.875,ransom_0275
0,0.1666666666666666,0.0,1,1,-0.9999999999999992,0.8333333333333334,ransom_0276
0,0.1666666666666666,0.0,1,2,0.1666666666666655,0.8333333333333334,ransom_0280
0,0.0714285714285714,0.0,1,2,-0.5798116791464353,0.9285714285714286,ransom_0281
0,0.1666666666666666,0.0,1,1,0.0,0.8333333333333334,ransom_0284
0,0.1,0.0,1,2,0.0,0.9,ransom_0285
0,0.1428571428571428,0.0,1,1,0.0,0.8571428571428571,ransom_0287
0,0.1666666666666666,0.0,1,1,-0.9999999999999992,0.8333333333333334,ransom_0288
0,0.2,0.0,1,1,0.0,0.8,ransom_0289
0,0.25,0.0,1,1,0.0,0.75,ransom_0291
0,0.0769230769230769,0.0,1,2,-0.7679817174694628,0.9230769230769232,ransom_0292
0,0.2,0.0,1,1,-1.0,0.8,ransom_0293
2,0.125,0.0,1,2,0.0,0.875,ransom_0294
2,0.1666666666666666,0.0,1,2,0.0,0.8333333333333334,ransom_0296
0,0.25,0.0,1,1,0.0,0.75,ransom_0297
0,0.2,0.0,1,1,-1.0,0.8,ransom_0298
0,0.3333333333333333,0.0,1,1,0.0,0.6666666666666666,ransom_0299
0,0.1111111111111111,0.0,1,3,0.0,0.8888888888888888,ransom_0300
0,0.1428571428571428,0.0,1,1,-1.0000000000000002,0.8571428571428571,ransom_0301
0,0.05,0.0,1,5,4.071510350552183e-16,0.95,ransom_0304
1,0.0625,0.0,1,3,-0.5500913313380237,0.9375,ransom_0305
0,0.1428571428571428,0.0,1,1,0.0,0.8571428571428571,ransom_0306
0,0.2,0.0,1,1,0.0,0.8,ransom_0308
0,0.0526315789473684,0.0,1,3,-0.6551973453290412,0.9473684210526316,ransom_0309
0,0.1666666666666666,0.0,1,1,-0.9999999999999992,0.8333333333333334,ransom_0310
0,0.1428571428571428,0.0,1,2,0.0,0.8571428571428571,ransom_0311
17,0.1428571428571428,0.0,1,2,0.0,0.8571428571428571,ransom_0312
0,0.2,0.0,1,1,-1.0,0.8,ransom_0313
0,0.0714285714285714,0.0,1,3,-0.4473375288806118,0.9285714285714286,ransom_0314
0,0.0434782608695652,0.0,1,3,-0.700359172951652,0.9565217391304348,ransom_0315
1,0.1,0.0,1,3,0.0,0.9,ransom_0316
3,0.05,0.0,1,6,0.0751593389883222,0.95,ransom_0317
1,0.2,0.0,1,1,0.0,0.8,ransom_0319
1,0.0588235294117647,0.0,1,4,-0.4481472365903106,0.9411764705882352,ransom_0320
0,0.1428571428571428,0.0,1,1,0.0,0.8571428571428571,ransom_0321
0,0.0769230769230769,0.0,1,3,-0.4780914437337626,0.9230769230769232,ransom_0322
0,0.25,0.0,1,1,0.0,0.75,ransom_0323
0,0.0625,0.0,1,3,-0.5523170752607138,0.9375,ransom_0324
0,0.25,0.0,1,1,0.0,0.75,ransom_0325
0,0.0666666666666666,0.0,1,3,-0.6617241025372945,0.9333333333333332,ransom_0326
0,0.0555555555555555,0.0,1,4,0.0,0.9444444444444444,ransom_0327
0,0.2,0.0,1,1,-1.0,0.8,ransom_0328
1,0.25,0.0,1,1,0.0,0.75,ransom_0329
0,0.125,0.0,1,1,-0.9999999999999994,0.875,ransom_0330
0,0.1428571428571428,0.0,1,2,0.0,0.8571428571428571,ransom_0331
2,0.3333333333333333,0.0,1,1,0.0,0.6666666666666666,ransom_0333
0,0.25,0.0,1,1,0.0,0.75,ransom_0334
1,0.1666666666666666,0.0,1,2,0.0,0.8333333333333334,ransom_0335
3,0.25,0.0,1,1,0.0,0.75,ransom_0336
0,0.25,0.0,1,1,0.0,0.75,ransom_0337
0,0.25,0.0,1,1,0.0,0.75,ransom_0338
0,0.2,0.0,1,1,0.0,0.8,ransom_0339
0,0.1111111111111111,0.0,1,1,-1.0,0.8888888888888888,ransom_0340
0,0.0526315789473684,0.0,1,4,-0.324101861776081,0.9473684210526316,ransom_0342
2,0.0909090909090909,0.0,1,3,-0.1666666666666678,0.9090909090909092,ransom_0344
0,0.3333333333333333,0.0,1,1,0.0,0.6666666666666666,ransom_0345
0,0.0909090909090909,0.0,1,1,-1.0,0.9090909090909092,ransom_0346
0,0.25,0.0,1,1,0.0,0.75,ransom_0347
0,0.0769230769230769,0.0,1,2,0.0,0.9230769230769232,ransom_0348
0,0.1111111111111111,0.0,1,3,0.0,0.8888888888888888,ransom_0349
5,0.3333333333333333,0.0,1,1,0.0,0.6666666666666666,ransom_0350
0,0.1666666666666666,0.0,1,1,0.0,0.8333333333333334,ransom_0351
0,0.125,0.0,1,2,0.0,0.875,ransom_0352
0,0.25,0.0,1,1,0.0,0.75,ransom_0354
1,0.1111111111111111,0.0,1,2,-0.5773502691896258,0.8888888888888888,ransom_0355
0,0.125,0.0,1,1,-0.9999999999999996,0.875,ransom_0356
0,0.125,0.0,1,1,-0.9999999999999996,0.875,ransom_0357
10,0.0909090909090909,0.0,1,2,-0.6882472016116848,0.9090909090909092,ransom_0358
0,0.125,0.0,1,2,0.0,0.875,ransom_0361
0,0.1428571428571428,0.0,1,1,-1.0,0.8571428571428571,ransom_0362
0,0.1,0.0,1,2,-0.8237544710479152,0.9,ransom_0364
0,0.0625,0.0,1,5,4.216374612302231e-16,0.9375,ransom_0367
0,0.2,0.0,1,1,0.0,0.8,ransom_0368
2,0.2,0.0,1,1,0.0,0.8,ransom_0369
4,0.0666666666666666,0.0,1,3,0.0,0.9333333333333332,ransom_0370
0,0.2,0.0,1,1,0.0,0.8,ransom_0371
0,0.125,0.0,1,2,0.0,0.875,ransom_0372
0,0.0333333333333333,0.0,1,6,-0.4294494683508653,0.9666666666666668,ransom_0373
1,0.125,0.0,1,2,-0.6454972243679025,0.875,ransom_0374
0,0.1111111111111111,0.0,1,2,-0.2886751345948129,0.8888888888888888,ransom_0376
0,0.3333333333333333,0.0,1,1,0.0,0.6666666666666666,ransom_0377
0,0.25,0.0,1,1,0.0,0.75,ransom_0378
0,0.0833333333333333,0.0,1,2,-0.6846846846846848,0.9166666666666666,ransom_0379
1,0.1,0.0,1,2,-0.5869311620423462,0.9,ransom_0380
1,0.0555555555555555,0.0,1,3,-0.6158587916739123,0.9444444444444444,ransom_0381
0,0.1111111111111111,0.0,1,2,-0.6546536707079772,0.8888888888888888,ransom_0382
0,0.0625,0.0,1,3,-0.7592566023652956,0.9375,ransom_0384
0,0.05,0.0,1,4,-0.4018115403600056,0.95,ransom_0385
1,0.0384615384615384,0.0,1,6,-0.2178976231023905,0.9615384615384616,ransom_0386
0,0.0714285714285714,0.0,1,2,-0.5992736161034256,0.9285714285714286,ransom_0388
1,0.0909090909090909,0.0,1,2,-0.7484551991837501,0.9090909090909092,ransom_0389
0,0.0714285714285714,0.0,1,2,-0.5992736161034256,0.9285714285714286,ransom_0390
0,0.3333333333333333,0.0,1,1,0.0,0.6666666666666666,ransom_0391
0,0.3333333333333333,0.0,1,1,0.0,0.6666666666666666,ransom_0392
0,0.1111111111111111,0.0,1,2,-0.6546536707079772,0.8888888888888888,ransom_0394
0,0.1428571428571428,0.0,1,1,0.0,0.8571428571428571,ransom_0395
0,0.25,0.0,1,1,0.0,0.75,ransom_0396
0,0.3333333333333333,0.0,1,1,0.0,0.6666666666666666,ransom_0397
0,0.2,0.0,1,1,0.0,0.8,ransom_0398
0,0.25,0.0,1,1,0.0,0.75,ransom_0399
0,0.1428571428571428,0.0,1,1,0.0,0.8571428571428571,ransom_0400
0,0.1111111111111111,0.0,1,2,-0.5555555555555556,0.8888888888888888,ransom_0401
0,0.1666666666666666,0.0,1,1,0.0,0.8333333333333334,ransom_0402
0,0.0588235294117647,0.0,1,2,-0.7648312484558872,0.9411764705882352,ransom_0403
0,0.3333333333333333,0.0,1,1,0.0,0.6666666666666666,ransom_0404
0,0.2,0.0,1,1,0.0,0.8,ransom_0405
0,0.25,0.0,1,1,0.0,0.75,ransom_0408
0,0.3333333333333333,0.0,1,1,0.0,0.6666666666666666,ransom_0409
0,0.1666666666666666,0.0,1,2,0.0,0.8333333333333334,ransom_0410
1,0.1666666666666666,0.0,1,2,0.0,0.8333333333333334,ransom_0411
0,0.1428571428571428,0.0,1,2,0.0,0.8571428571428571,ransom_0412
0,0.25,0.0,1,1,0.0,0.75,ransom_0413
0,0.0625,0.0,1,2,-0.7330248059240446,0.9375,ransom_0414
4,0.0555555555555555,0.0,1,4,-0.3177444546511211,0.9444444444444444,ransom_0415
0,0.2,0.0,1,1,-1.0,0.8,ransom_0416
0,0.1666666666666666,0.0,1,2,0.0,0.8333333333333334,ransom_0417
0,0.25,0.0,1,1,0.0,0.75,ransom_0418
0,0.3333333333333333,0.0,1,1,0.0,0.6666666666666666,ransom_0419
1,0.1666666666666666,0.0,1,1,0.0,0.8333333333333334,ransom_0421
0,0.1666666666666666,0.0,1,1,0.0,0.8333333333333334,ransom_0422
0,0.0769230769230769,0.0,1,2,-0.9102589898327988,0.9230769230769232,ransom_0423
0,0.0714285714285714,0.0,1,2,-0.6555383078412002,0.9285714285714286,ransom_0425
0,0.1666666666666666,0.0,1,1,0.0,0.8333333333333334,ransom_0426
0,0.1111111111111111,0.0,1,1,0.0,0.8888888888888888,ransom_0427
0,0.125,0.0,1,1,-0.9999999999999994,0.875,ransom_0428
1,0.1428571428571428,0.0,1,1,-1.0,0.8571428571428571,ransom_0429
0,0.1,0.0,1,2,-0.643726309578718,0.9,ransom_0430
0,0.1,0.0,1,2,0.0,0.9,ransom_0431
0,0.25,0.0,1,1,0.0,0.75,ransom_0432
0,0.25,0.0,1,1,0.0,0.75,ransom_0433
0,0.125,0.0,1,1,-0.9999999999999996,0.875,ransom_0434
0,0.3333333333333333,0.0,1,1,0.0,0.6666666666666666,ransom_0435
0,0.25,0.0,1,1,0.0,0.75,ransom_0436
0,0.1111111111111111,0.0,1,2,-0.5962847939999439,0.8888888888888888,ransom_0438
2,0.0526315789473684,0.0,1,6,-0.0298807152333601,0.9473684210526316,ransom_0439
5,0.3333333333333333,0.0,1,1,0.0,0.6666666666666666,ransom_0440
0,0.2,0.0,1,1,0.0,0.8,ransom_0441
0,0.1111111111111111,0.0,1,1,0.0,0.8888888888888888,ransom_0444
0,0.2,0.0,1,1,0.0,0.8,ransom_0445
0,0.1111111111111111,0.0,1,3,0.0,0.8888888888888888,ransom_0446
1,0.1111111111111111,0.0,1,2,0.0,0.8888888888888888,ransom_0447
0,0.2,0.0,1,1,0.0,0.8,ransom_0448
0,0.0666666666666666,0.0,1,2,-0.7015455883505075,0.9333333333333332,ransom_0450
0,0.1428571428571428,0.0,1,1,-1.0,0.8571428571428571,ransom_0451
0,0.25,0.0,1,1,0.0,0.75,ransom_0452
3,0.0588235294117647,0.0,1,4,-0.4096732451993513,0.9411764705882352,ransom_0453
1,0.1,0.0,1,2,-0.7032215496877251,0.9,ransom_0454
0,0.25,0.0,1,1,0.0,0.75,ransom_0456
1,0.25,0.0,1,1,0.0,0.75,ransom_0457
0,0.25,0.0,1,1,0.0,0.75,ransom_0458
1,0.1,0.0,1,2,-0.7416198487095668,0.9,ransom_0461
2,0.3333333333333333,0.0,1,1,0.0,0.6666666666666666,ransom_0462
0,0.25,0.0,1,1,0.0,0.75,ransom_0463
0,0.2,0.0,1,1,0.0,0.8,ransom_0464
3,0.0909090909090909,0.0,1,2,0.0,0.9090909090909092,ransom_0465
0,0.3333333333333333,0.0,1,1,0.0,0.6666666666666666,ransom_0466
1,0.125,0.0,1,2,-0.6454972243679025,0.875,ransom_0467
0,0.1428571428571428,0.0,1,1,0.0,0.8571428571428571,ransom_0468
0,0.2,0.0,1,1,0.0,0.8,ransom_0469
0,0.25,0.0,1,1,0.0,0.75,ransom_0470
0,0.25,0.0,1,1,0.0,0.75,ransom_0471
0,0.1666666666666666,0.0,1,1,0.0,0.8333333333333334,ransom_0472
0,0.1428571428571428,0.0,1,1,0.0,0.8571428571428571,ransom_0473
0,0.1428571428571428,0.0,1,1,0.0,0.8571428571428571,ransom_0474
0,0.1,0.0,1,2,-0.7416198487095668,0.9,ransom_0475
0,0.1111111111111111,0.0,1,1,-1.0,0.8888888888888888,ransom_0477
0,0.2,0.0,1,1,0.0,0.8,ransom_0478
2,0.2,0.0,1,1,0.0,0.8,ransom_0479
10,0.25,0.0,1,1,0.0,0.75,ransom_0480
0,0.0833333333333333,0.0,1,2,-0.7229610450589112,0.9166666666666666,ransom_0481
0,0.1111111111111111,0.0,1,1,-1.0,0.8888888888888888,ransom_0482
0,0.125,0.0,1,1,0.0,0.875,ransom_0484
1,0.0714285714285714,0.0,1,3,-0.6770032003863304,0.9285714285714286,ransom_0485
0,0.25,0.0,1,1,0.0,0.75,ransom_0486
0,0.2,0.0,1,1,0.0,0.8,ransom_0487
0,0.125,0.0,1,1,-0.9999999999999994,0.875,ransom_0488
1,0.1,0.0,1,1,0.0,0.9,ransom_0490
0,0.2,0.0,1,1,-1.0,0.8,ransom_0491
0,0.25,0.0,1,1,0.0,0.75,ransom_0492
1,0.2,0.0,1,1,-1.0,0.8,ransom_0494
1,0.1428571428571428,0.0,1,1,0.0,0.8571428571428571,ransom_0495
0,0.0769230769230769,0.0,1,2,-0.7881104062391014,0.9230769230769232,ransom_0496
0,0.1111111111111111,0.0,1,1,-1.0,0.8888888888888888,ransom_0497
0,0.1428571428571428,0.0,1,2,0.0,0.8571428571428571,ransom_0498
0,0.125,0.0,1,1,0.0,0.875,ransom_0499
0,0.125,0.0,1,2,-0.6454972243679025,0.875,ransom_0500
0,0.1666666666666666,0.0,1,1,-0.9999999999999992,0.8333333333333334,ransom_0501
0,0.1111111111111111,0.0,1,1,-1.0,0.8888888888888888,ransom_0502
0,0.25,0.0,1,1,0.0,0.75,ransom_0503
0,0.2,0.0,1,1,0.0,0.8,ransom_0504
0,0.25,0.0,1,1,0.0,0.75,ransom_0505
0,0.125,0.0,1,1,-0.9999999999999988,0.875,ransom_0506
7,0.0909090909090909,0.0,1,2,-0.6934228437790327,0.9090909090909092,ransom_0507
7,0.3333333333333333,0.0,1,1,0.0,0.6666666666666666,ransom_0508
0,0.1428571428571428,0.0,1,2,-0.250000000000001,0.8571428571428571,ransom_0509
0,0.2,0.0,1,1,-1.0,0.8,ransom_0510
0,0.0476190476190476,0.0,1,4,-0.4084000725602194,0.9523809523809524,ransom_0511
0,0.2,0.0,1,1,0.0,0.8,ransom_0512
1,0.0833333333333333,0.0,1,2,0.0,0.9166666666666666,ransom_0513
0,0.1,0.0,1,2,-0.6531561093841249,0.9,ransom_0514
0,0.2,0.0,1,1,0.0,0.8,ransom_0516
0,0.2,0.0,1,2,0.0,0.8,ransom_0517
0,0.25,0.0,1,1,0.0,0.75,ransom_0518
2,0.3333333333333333,0.0,1,1,0.0,0.6666666666666666,ransom_0519
0,0.0833333333333333,0.0,1,2,-0.6195991719677594,0.9166666666666666,ransom_0520
0,0.3333333333333333,0.0,1,1,0.0,0.6666666666666666,ransom_0521
0,0.0769230769230769,0.0,1,2,-0.6251717321316496,0.9230769230769232,ransom_0524
0,0.0833333333333333,0.0,1,2,-0.8166666666666665,0.9166666666666666,ransom_0525
0,0.1428571428571428,0.0,1,2,-0.250000000000001,0.8571428571428571,ransom_0528
0,0.25,0.0,1,1,0.0,0.75,ransom_0529
3,0.25,0.0,1,1,0.0,0.75,ransom_0531
0,0.1428571428571428,0.0,1,1,0.0,0.8571428571428571,ransom_0532
2,0.1666666666666666,0.0,1,2,0.0,0.8333333333333334,ransom_0533
0,0.0833333333333333,0.0,1,2,0.0,0.9166666666666666,ransom_0534
0,0.2,0.0,1,1,0.0,0.8,ransom_0535
0,0.1111111111111111,0.0,1,1,-1.0,0.8888888888888888,ransom_0536
0,0.0909090909090909,0.0,1,2,-0.5846845821518312,0.9090909090909092,ransom_0538
0,0.25,0.0,1,1,0.0,0.75,ransom_0539
2,0.3333333333333333,0.0,1,1,0.0,0.6666666666666666,ransom_0541
0,0.25,0.0,1,1,0.0,0.75,ransom_0543
0,0.25,0.0,1,1,0.0,0.75,ransom_0544
0,0.3333333333333333,0.0,1,1,0.0,0.6666666666666666,ransom_0545
2,0.0625,0.0,1,3,-0.6217567608386437,0.9375,ransom_0546
0,0.1111111111111111,0.0,1,2,-0.6546536707079772,0.8888888888888888,ransom_0547
1,0.0909090909090909,0.0,1,3,0.0,0.9090909090909092,ransom_0548
0,0.0833333333333333,0.0,1,2,-0.8777777777777767,0.9166666666666666,ransom_0549
1,0.2,0.0,1,1,0.0,0.8,ransom_0550
1,0.0714285714285714,0.0,1,3,-0.6770032003863304,0.9285714285714286,ransom_0551
0,0.1428571428571428,0.0,1,1,-1.0,0.8571428571428571,ransom_0552
0,0.0555555555555555,0.0,1,5,0.0,0.9444444444444444,ransom_0554
1,0.2,0.0,1,1,0.0,0.8,ransom_0555
6,0.037037037037037,0.0,1,6,-0.1552223774446776,0.9629629629629628,ransom_0556
2,0.0555555555555555,0.0,1,4,-0.3337119062359578,0.9444444444444444,ransom_0559
3,0.1,0.0,1,3,0.0,0.9,ransom_0560
0,0.1666666666666666,0.0,1,1,-0.9999999999999992,0.8333333333333334,ransom_0562
0,0.0714285714285714,0.0,1,3,-0.5270462766947305,0.9285714285714286,ransom_0563
0,0.25,0.0,1,1,0.0,0.75,ransom_0564
0,0.125,0.0,1,1,-0.9999999999999996,0.875,ransom_0565
0,0.0909090909090909,0.0,1,2,-0.6088590823425644,0.9090909090909092,ransom_0566
0,0.125,0.0,1,1,-0.9999999999999996,0.875,ransom_0567
0,0.1428571428571428,0.0,1,2,0.0,0.8571428571428571,ransom_0568
0,0.0384615384615384,0.0,1,5,0.0,0.9615384615384616,ransom_0569
1,0.25,0.0,1,1,0.0,0.75,ransom_0570
0,0.125,0.0,1,1,-0.9999999999999988,0.875,ransom_0571
0,0.1666666666666666,0.0,1,2,0.1666666666666655,0.8333333333333334,ransom_0574
1,0.0666666666666666,0.0,1,4,-0.0912870929175288,0.9333333333333332,ransom_0577
0,0.2,0.0,1,1,0.0,0.8,ransom_0578
0,0.25,0.0,1,1,0.0,0.75,ransom_0579
0,0.037037037037037,0.0,1,6,-0.1687839004481921,0.9629629629629628,ransom_0580
0,0.0526315789473684,0.0,1,3,-0.6054850215265123,0.9473684210526316,ransom_0583
1,0.1,0.0,1,2,-0.596774193548387,0.9,ransom_0585
0,0.2,0.0,1,1,0.0,0.8,ransom_0586
0,0.0294117647058823,0.0,1,7,-0.1378954658082437,0.9705882352941176,ransom_0587
0,0.25,0.0,1,1,0.0,0.75,ransom_0589
0,0.2,0.0,1,1,0.0,0.8,ransom_0590
2,0.1666666666666666,0.0,1,1,0.0,0.8333333333333334,ransom_0591
0,0.1111111111111111,0.0,1,2,0.0,0.8888888888888888,ransom_0592
0,0.25,0.0,1,1,0.0,0.75,ransom_0593
0,0.3333333333333333,0.0,1,1,0.0,0.6666666666666666,ransom_0595
0,0.2,0.0,1,1,0.0,0.8,ransom_0596
0,0.25,0.0,1,1,0.0,0.75,ransom_0597
0,0.1666666666666666,0.0,1,1,0.0,0.8333333333333334,ransom_0599
0,0.1666666666666666,0.0,1,1,0.0,0.8333333333333334,ransom_0600
0,0.125,0.0,1,1,0.0,0.875,ransom_0601
0,0.2,0.0,1,1,0.0,0.8,ransom_0602
0,0.3333333333333333,0.0,1,1,0.0,0.6666666666666666,ransom_0603
0,0.0714285714285714,0.0,1,3,-0.6388888888888876,0.9285714285714286,ransom_0604
0,0.25,0.0,1,1,0.0,0.75,ransom_0605
6,0.2,0.0,1,1,-1.0,0.8,ransom_0606
0,0.1111111111111111,0.0,1,2,-0.1490711984999859,0.8888888888888888,ransom_0607
0,0.1111111111111111,0.0,1,2,0.0,0.8888888888888888,ransom_0608
0,0.1111111111111111,0.0,1,1,-1.0,0.8888888888888888,ransom_0609
0,0.3333333333333333,0.0,1,1,0.0,0.6666666666666666,ransom_0610
0,0.1666666666666666,0.0,1,1,-0.9999999999999992,0.8333333333333334,ransom_0612
0,0.1111111111111111,0.0,1,2,0.0,0.8888888888888888,ransom_0614
6,0.125,0.0,1,2,-0.4880935300919782,0.875,ransom_0616
0,0.25,0.0,1,1,0.0,0.75,ransom_0617
0,0.1428571428571428,0.0,1,1,-1.0,0.8571428571428571,ransom_0618
0,0.25,0.0,1,1,0.0,0.75,ransom_0619
1,0.125,0.0,1,2,0.0,0.875,ransom_0621
3,0.1666666666666666,0.0,1,1,-0.9999999999999992,0.8333333333333334,ransom_0622
0,0.1666666666666666,0.0,1,1,0.0,0.8333333333333334,ransom_0623
0,0.25,0.0,1,1,0.0,0.75,ransom_0624
0,0.25,0.0,1,1,0.0,0.75,ransom_0625
1,0.1666666666666666,0.0,1,1,0.0,0.8333333333333334,ransom_0626
16,0.2,0.0,1,1,-1.0,0.8,ransom_0627
0,0.25,0.0,1,1,0.0,0.75,ransom_0628
0,0.2,0.0,1,1,0.0,0.8,ransom_0634
1,0.25,0.0,1,1,0.0,0.75,ransom_0636
2,0.0909090909090909,0.0,1,2,-0.790569415042095,0.9090909090909092,ransom_0637
0,0.1666666666666666,0.0,1,1,-0.9999999999999992,0.8333333333333334,ransom_0638
0,0.25,0.0,1,1,0.0,0.75,ransom_0639
0,0.0833333333333333,0.0,1,2,-0.8226366627527572,0.9166666666666666,ransom_0640
1,0.0909090909090909,0.0,1,2,-0.8728715609439706,0.9090909090909092,ransom_0641
0,0.3333333333333333,0.0,1,1,0.0,0.6666666666666666,ransom_0642
0,0.0909090909090909,0.0,1,2,0.0,0.9090909090909092,ransom_0643
18,0.25,0.0,1,1,0.0,0.75,ransom_0644
0,0.1666666666666666,0.0,1,1,-0.9999999999999992,0.8333333333333334,ransom_0645
1,0.1428571428571428,0.0,1,1,-1.0000000000000002,0.8571428571428571,ransom_0648
0,0.1666666666666666,0.0,1,1,-0.9999999999999992,0.8333333333333334,ransom_0649
1,0.1666666666666666,0.0,1,2,0.0,0.8333333333333334,ransom_0650
0,0.1,0.0,1,2,-0.55,0.9,ransom_0651
0,0.25,0.0,1,1,0.0,0.75,ransom_0652
1,0.1428571428571428,0.0,1,1,0.0,0.8571428571428571,ransom_0653
0,0.0909090909090909,0.0,1,2,-0.7404360971988662,0.9090909090909092,ransom_0654
1,0.0555555555555555,0.0,1,3,0.0,0.9444444444444444,ransom_0655
0,0.1,0.0,1,2,-0.7416198487095668,0.9,ransom_0656
0,0.1,0.0,1,3,0.1135923668494129,0.9,ransom_0657
0,0.3333333333333333,0.0,1,1,0.0,0.6666666666666666,ransom_0658
0,0.1666666666666666,0.0,1,1,0.0,0.8333333333333334,ransom_0659
0,0.2,0.0,1,1,0.0,0.8,ransom_0663
0,0.0909090909090909,0.0,1,3,0.0,0.9090909090909092,ransom_0665
2,0.0769230769230769,0.0,1,3,-0.4898979485566356,0.9230769230769232,ransom_0666
0,0.0769230769230769,0.0,1,3,0.0,0.9230769230769232,ransom_0667
0,0.0454545454545454,0.0,1,6,-0.0138092044166517,0.9545454545454546,ransom_0668
0,0.1666666666666666,0.0,1,1,0.0,0.8333333333333334,ransom_0669
0,0.2,0.0,1,1,0.0,0.8,ransom_0671
1,0.04,0.0,1,5,-0.3464101615137749,0.96,ransom_0673
1,0.0769230769230769,0.0,1,3,-0.4780914437337626,0.9230769230769232,ransom_0674
0,0.2,0.0,1,1,0.0,0.8,ransom_0676
5,0.25,0.0,1,1,0.0,0.75,ransom_0677
1,0.0526315789473684,0.0,1,5,0.0,0.9473684210526316,ransom_0678
1,0.125,0.0,1,2,-0.166666666666668,0.875,ransom_0679
0,0.25,0.0,1,1,0.0,0.75,ransom_0680
0,0.2,0.0,1,1,0.0,0.8,ransom_0681
0,0.125,0.0,1,2,0.0,0.875,ransom_0682
0,0.2,0.0,1,1,0.0,0.8,ransom_0683
0,0.25,0.0,1,1,0.0,0.75,ransom_0684
0,0.2,0.0,1,1,0.0,0.8,ransom_0685
0,0.2,0.0,1,1,0.0,0.8,ransom_0689
1,0.1666666666666666,0.0,1,1,-0.9999999999999992,0.8333333333333334,ransom_0691
0,0.2,0.0,1,1,0.0,0.8,ransom_0692
0,0.25,0.0,1,1,0.0,0.75,ransom_0694
0,0.1666666666666666,0.0,1,1,-0.9999999999999992,0.8333333333333334,ransom_0695
0,0.1428571428571428,0.0,1,2,0.0,0.8571428571428571,ransom_0697
0,0.1428571428571428,0.0,1,2,0.0,0.8571428571428571,ransom_0699
0,0.3333333333333333,0.0,1,1,0.0,0.6666666666666666,ransom_0701
0,0.125,0.0,1,1,0.0,0.875,ransom_0702
0,0.1666666666666666,0.0,1,1,0.0,0.8333333333333334,ransom_0703
0,0.1666666666666666,0.0,1,1,-0.9999999999999992,0.8333333333333334,ransom_0705
0,0.25,0.0,1,1,0.0,0.75,ransom_0706
0,0.1428571428571428,0.0,1,1,-1.0,0.8571428571428571,ransom_0707
0,0.2,0.0,1,1,0.0,0.8,ransom_0709
0,0.0303030303030303,0.0,1,6,-0.2470868663029423,0.9696969696969696,ransom_0710
2,0.1428571428571428,0.0,1,2,-0.250000000000001,0.8571428571428571,ransom_0711
0,0.125,0.0,1,1,0.0,0.875,ransom_0712
0,0.2,0.0,1,1,0.0,0.8,ransom_0713
0,0.125,0.0,1,2,-0.4880935300919782,0.875,ransom_0714
0,0.0769230769230769,0.0,1,3,-0.5,0.9230769230769232,ransom_0715
0,0.1666666666666666,0.0,1,1,0.0,0.8333333333333334,ransom_0716
1,0.25,0.0,1,1,0.0,0.75,ransom_0717
0,0.0714285714285714,0.0,1,3,0.0,0.9285714285714286,ransom_0718
0,0.25,0.0,1,1,0.0,0.75,ransom_0719
0,0.25,0.0,1,1,0.0,0.75,ransom_0721
0,0.2,0.0,1,2,0.0,0.8,ransom_0722
0,0.3333333333333333,0.0,1,1,0.0,0.6666666666666666,ransom_0723
0,0.0909090909090909,0.0,1,2,-0.8728715609439706,0.9090909090909092,ransom_0724
0,0.25,0.0,1,1,0.0,0.75,ransom_0725
0,0.1428571428571428,0.0,1,1,0.0,0.8571428571428571,ransom_0726
0,0.0666666666666666,0.0,1,2,-0.7602522864777542,0.9333333333333332,ransom_0729
0,0.0909090909090909,0.0,1,1,-1.000000000000002,0.9090909090909092,ransom_0730
0,0.2,0.0,1,1,0.0,0.8,ransom_0731
2,0.25,0.0,1,1,0.0,0.75,ransom_0732
1,0.0666666666666666,0.0,1,3,-0.5763539780776882,0.9333333333333332,ransom_0733
0,0.1428571428571428,0.0,1,2,-0.250000000000001,0.8571428571428571,ransom_0734
0,0.3333333333333333,0.0,1,1,0.0,0.6666666666666666,ransom_0735
0,0.1666666666666666,0.0,1,1,-0.9999999999999992,0.8333333333333334,ransom_0736
0,0.1428571428571428,0.0,1,1,0.0,0.8571428571428571,ransom_0737
1,0.1428571428571428,0.0,1,2,0.0,0.8571428571428571,ransom_0738
0,0.0909090909090909,0.0,1,2,-0.790569415042095,0.9090909090909092,ransom_0739
0,0.0384615384615384,0.0,1,7,2.7282242419823246e-16,0.9615384615384616,ransom_0740
0,0.0526315789473684,0.0,1,3,-0.7192567071448362,0.9473684210526316,ransom_0741
0,0.0833333333333333,0.0,1,3,-0.3888888888888884,0.9166666666666666,ransom_0742
0,0.25,0.0,1,1,0.0,0.75,ransom_0743
0,0.2,0.0,1,1,0.0,0.8,ransom_0744
3,0.125,0.0,1,3,0.0,0.875,ransom_0745
2,0.0416666666666666,0.0,1,5,-0.4142333474481859,0.9583333333333334,ransom_0746
0,0.0476190476190476,0.0,1,3,-0.6532127991195075,0.9523809523809524,ransom_0747
0,0.25,0.0,1,1,0.0,0.75,ransom_0748
0,0.25,0.0,1,1,0.0,0.75,ransom_0749
0,0.0588235294117647,0.0,1,4,-0.284627226785928,0.9411764705882352,ransom_0750
0,0.3333333333333333,0.0,1,1,0.0,0.6666666666666666,ransom_0751
1,0.1111111111111111,0.0,1,3,0.0,0.8888888888888888,ransom_0752
0,0.25,0.0,1,1,0.0,0.75,ransom_0753
0,0.2,0.0,1,1,0.0,0.8,ransom_0754
2,0.1,0.0,1,2,-0.6531561093841249,0.9,ransom_0755
0,0.1666666666666666,0.0,1,1,-0.9999999999999992,0.8333333333333334,ransom_0756
0,0.1666666666666666,0.0,1,1,-0.9999999999999992,0.8333333333333334,ransom_0757
6,0.0526315789473684,0.0,1,4,0.0,0.9473684210526316,ransom_0758
0,0.25,0.0,1,1,0.0,0.75,ransom_0759
0,0.3333333333333333,0.0,1,1,0.0,0.6666666666666666,ransom_0760
1,0.1111111111111111,0.0,1,3,0.0,0.8888888888888888,ransom_0761
5,0.0769230769230769,0.0,1,3,-0.3162277660168375,0.9230769230769232,ransom_0762
0,0.2,0.0,1,1,-1.0,0.8,ransom_0763
3,0.125,0.0,1,2,-0.6454972243679025,0.875,ransom_0764
0,0.125,0.0,1,1,0.0,0.875,ransom_0765
0,0.0666666666666666,0.0,1,5,0.0355334527259353,0.9333333333333332,ransom_0766
1,0.0588235294117647,0.0,1,4,-0.408248290463863,0.9411764705882352,ransom_0767
1,0.0588235294117647,0.0,1,4,-0.1856953381770519,0.9411764705882352,ransom_0769
1,0.125,0.0,1,1,0.0,0.875,ransom_0773
0,0.0833333333333333,0.0,1,2,-0.8166666666666665,0.9166666666666666,ransom_0774
0,0.3333333333333333,0.0,1,1,0.0,0.6666666666666666,ransom_0775
0,0.3333333333333333,0.0,1,1,0.0,0.6666666666666666,ransom_0777
0,0.1111111111111111,0.0,1,2,0.0,0.8888888888888888,ransom_0778
3,0.3333333333333333,0.0,1,1,0.0,0.6666666666666666,ransom_0780
0,0.25,0.0,1,1,0.0,0.75,ransom_0783
0,0.25,0.0,1,1,0.0,0.75,ransom_0784
1,0.2,0.0,1,1,-1.0,0.8,ransom_0785
0,0.2,0.0,1,1,0.0,0.8,ransom_0787
0,0.2,0.0,1,1,0.0,0.8,ransom_0788
1,0.25,0.0,1,1,0.0,0.75,ransom_0789
0,0.2,0.0,1,1,0.0,0.8,ransom_0790
0,0.2,0.0,1,2,0.0,0.8,ransom_0791
7,0.25,0.0,1,1,0.0,0.75,ransom_0793
1,0.0909090909090909,0.0,1,3,-0.2500000000000005,0.9090909090909092,ransom_0794
0,0.0526315789473684,0.0,1,3,-0.7267914463252944,0.9473684210526316,ransom_0795
0,0.0454545454545454,0.0,1,5,-0.2551171216573118,0.9545454545454546,ransom_0796
0,0.2,0.0,1,1,0.0,0.8,ransom_0797
1,0.05,0.0,1,5,-0.0460653439704874,0.95,ransom_0798
0,0.1666666666666666,0.0,1,1,-0.9999999999999992,0.8333333333333334,ransom_0799
0,0.3333333333333333,0.0,1,1,0.0,0.6666666666666666,ransom_0800
8,0.3333333333333333,0.0,1,1,0.0,0.6666666666666666,ransom_0801
0,0.0666666666666666,0.0,1,4,0.0,0.9333333333333332,ransom_0802
0,0.0416666666666666,0.0,1,3,-0.7380189787951609,0.9583333333333334,ransom_0803
0,0.2,0.0,1,1,-1.0,0.8,ransom_0804
1,0.25,0.0,1,1,0.0,0.75,ransom_0805
0,0.1428571428571428,0.0,1,2,-0.250000000000001,0.8571428571428571,ransom_0806
0,0.0833333333333333,0.0,1,2,-0.8167651211688063,0.9166666666666666,ransom_0807
1,0.1428571428571428,0.0,1,2,0.0,0.8571428571428571,ransom_0808
1,0.25,0.0,1,1,0.0,0.75,ransom_0809
0,0.3333333333333333,0.0,1,1,0.0,0.6666666666666666,ransom_0810
0,0.1428571428571428,0.0,1,1,0.0,0.8571428571428571,ransom_0811
0,0.0909090909090909,0.0,1,2,-0.7500000000000017,0.9090909090909092,ransom_0812
0,0.0833333333333333,0.0,1,3,-0.3464101615137753,0.9166666666666666,ransom_0813
0,0.0833333333333333,0.0,1,2,-0.7382329731902477,0.9166666666666666,ransom_0814
0,0.2,0.0,1,1,0.0,0.8,ransom_0815
1,0.2,0.0,1,1,0.0,0.8,ransom_0816
1,0.0140845070422535,0.0,1,14,-0.1195149096919802,0.9859154929577464,ransom_0817
0,0.0769230769230769,0.0,1,2,0.0,0.9230769230769232,ransom_0818
0,0.25,0.0,1,1,0.0,0.75,ransom_0819
0,0.0909090909090909,0.0,1,2,-0.6666666666666673,0.9090909090909092,ransom_0820
0,0.125,0.0,1,1,-0.9999999999999994,0.875,ransom_0821
0,0.0909090909090909,0.0,1,3,-0.2500000000000005,0.9090909090909092,ransom_0822
0,0.1,0.0,1,1,-1.0000000000000009,0.9,ransom_0823
0,0.0833333333333333,0.0,1,3,0.0,0.9166666666666666,ransom_0824
0,0.0909090909090909,0.0,1,2,-0.5846845821518312,0.9090909090909092,ransom_0826
0,0.125,0.0,1,2,0.0,0.875,ransom_0827
1,0.0666666666666666,0.0,1,3,-0.6647029903343884,0.9333333333333332,ransom_0828
0,0.1666666666666666,0.0,1,1,0.0,0.8333333333333334,ransom_0829
1,0.125,0.0,1,1,-0.9999999999999988,0.875,ransom_0830
0,0.032258064516129,0.0,1,8,-0.17005784027982,0.967741935483871,ransom_0832
3,0.125,0.0,1,1,-0.9999999999999996,0.875,ransom_0833
0,0.3333333333333333,0.0,1,1,0.0,0.6666666666666666,ransom_0834
1,0.0909090909090909,0.0,1,2,0.0,0.9090909090909092,ransom_0835
0,0.25,0.0,1,1,0.0,0.75,ransom_0836
0,0.2,0.0,1,1,-1.0,0.8,ransom_0837
0,0.1,0.0,1,1,-1.0000000000000009,0.9,ransom_0838
0,0.1428571428571428,0.0,1,1,0.0,0.8571428571428571,ransom_0839
0,0.1666666666666666,0.0,1,1,-0.9999999999999992,0.8333333333333334,ransom_0840
0,0.1428571428571428,0.0,1,2,0.0,0.8571428571428571,ransom_0841
2,0.2,0.0,1,1,0.0,0.8,ransom_0842
2,0.25,0.0,1,1,0.0,0.75,ransom_0843
0,0.1666666666666666,0.0,1,1,-0.9999999999999992,0.8333333333333334,ransom_0844
3,0.0769230769230769,0.0,1,3,-0.3721042037676246,0.9230769230769232,ransom_0845
3,0.2,0.0,1,1,0.0,0.8,ransom_0847
1,0.0588235294117647,0.0,1,5,-0.0325300024316177,0.9411764705882352,ransom_0848
1,0.1428571428571428,0.0,1,1,0.0,0.8571428571428571,ransom_0849
10,0.3333333333333333,0.0,1,1,0.0,0.6666666666666666,ransom_0850
0,0.25,0.0,1,1,0.0,0.75,ransom_0851
0,0.05,0.0,1,3,-0.6646338881651513,0.95,ransom_0852
0,0.3333333333333333,0.0,1,1,0.0,0.6666666666666666,ransom_0853
3,0.25,0.0,1,1,0.0,0.75,ransom_0854
0,0.1,0.0,1,3,0.0,0.9,ransom_0855
8,0.0416666666666666,0.0,1,6,0.0,0.9583333333333334,ransom_0857
0,0.0666666666666666,0.0,1,3,-0.4562587456813868,0.9333333333333332,ransom_0858
3,0.2,0.0,1,1,-1.0,0.8,ransom_0859
0,0.125,0.0,1,2,-0.4880935300919782,0.875,ransom_0860
0,0.0833333333333333,0.0,1,2,-0.8964214570007943,0.9166666666666666,ransom_0861
0,0.2,0.0,1,1,0.0,0.8,ransom_0862
1,0.2,0.0,1,1,0.0,0.8,ransom_0863
13,0.0434782608695652,0.0,1,7,-0.0609818083037736,0.9565217391304348,ransom_0864
0,0.0833333333333333,0.0,1,2,-0.7383936316623423,0.9166666666666666,ransom_0865
0,0.0625,0.0,1,2,-0.6226693517333968,0.9375,ransom_0866
0,0.3333333333333333,0.0,1,1,0.0,0.6666666666666666,ransom_0867
0,0.037037037037037,0.0,1,5,-0.4318004318006474,0.9629629629629628,ransom_0869
0,0.2,0.0,1,1,0.0,0.8,ransom_0870
0,0.25,0.0,1,1,0.0,0.75,ransom_0871
2,0.3333333333333333,0.0,1,1,0.0,0.6666666666666666,ransom_0872
4,0.037037037037037,0.0,1,6,-0.2908640168092106,0.9629629629629628,ransom_0873
0,0.1666666666666666,0.0,1,1,-0.9999999999999992,0.8333333333333334,ransom_0874
0,0.25,0.0,1,1,0.0,0.75,ransom_0876
0,0.2,0.0,1,1,0.0,0.8,ransom_0877
0,0.125,0.0,1,1,0.0,0.875,ransom_0878
0,0.2,0.0,1,1,-1.0,0.8,ransom_0879
0,0.2,0.0,1,1,0.0,0.8,ransom_0880
0,0.3333333333333333,0.0,1,1,0.0,0.6666666666666666,ransom_0881
0,0.1428571428571428,0.0,1,1,0.0,0.8571428571428571,ransom_0882
0,0.2,0.0,1,1,0.0,0.8,ransom_0884
0,0.1428571428571428,0.0,1,1,-1.0000000000000002,0.8571428571428571,ransom_0885
0,0.3333333333333333,0.0,1,1,0.0,0.6666666666666666,ransom_0886
3,0.125,0.0,1,1,-0.9999999999999996,0.875,ransom_0887
0,0.0277777777777777,0.0,1,10,0.1235377613998232,0.9722222222222222,ransom_0888
0,0.25,0.0,1,1,0.0,0.75,ransom_0889
1,0.25,0.0,1,1,0.0,0.75,ransom_0890
10,0.125,0.0,1,2,-0.166666666666668,0.875,ransom_0891
0,0.25,0.0,1,1,0.0,0.75,ransom_0894
0,0.0714285714285714,0.0,1,3,0.0,0.9285714285714286,ransom_0896
0,0.1666666666666666,0.0,1,1,-0.9999999999999992,0.8333333333333334,ransom_0897
3,0.1111111111111111,0.0,1,2,-0.7453559924999299,0.8888888888888888,ransom_0898
0,0.125,0.0,1,1,-0.9999999999999994,0.875,ransom_0899
0,0.1666666666666666,0.0,1,1,-0.9999999999999992,0.8333333333333334,ransom_0901
0,0.1,0.0,1,2,0.0,0.9,ransom_0902
0,0.3333333333333333,0.0,1,1,0.0,0.6666666666666666,ransom_0903
0,0.0909090909090909,0.0,1,3,0.0,0.9090909090909092,ransom_0904
0,0.1111111111111111,0.0,1,2,0.0,0.8888888888888888,ransom_0905
0,0.125,0.0,1,2,-0.4166666666666659,0.875,ransom_0907
0,0.1666666666666666,0.0,1,1,0.0,0.8333333333333334,ransom_0908
0,0.0833333333333333,0.0,1,2,-0.7869358789643611,0.9166666666666666,ransom_0909
0,0.1111111111111111,0.0,1,1,-1.0,0.8888888888888888,ransom_0910
0,0.1428571428571428,0.0,1,2,0.0,0.8571428571428571,ransom_0912
0,0.0909090909090909,0.0,1,2,-0.7500000000000017,0.9090909090909092,ransom_0913
0,0.2,0.0,1,1,-1.0,0.8,ransom_0915
0,0.0714285714285714,0.0,1,4,0.0,0.9285714285714286,ransom_0916
0,0.1666666666666666,0.0,1,1,-0.9999999999999992,0.8333333333333334,ransom_0917
0,0.1,0.0,1,3,0.0,0.9,ransom_0919
0,0.125,0.0,1,2,0.0,0.875,ransom_0920
0,0.0666666666666666,0.0,1,4,-0.1473139127471972,0.9333333333333332,ransom_0921
1,0.0909090909090909,0.0,1,3,0.0,0.9090909090909092,ransom_0922
0,0.1666666666666666,0.0,1,1,-0.9999999999999992,0.8333333333333334,ransom_0923
0,0.1666666666666666,0.0,1,1,0.0,0.8333333333333334,ransom_0925
0,0.0909090909090909,0.0,1,2,-0.6556100681071856,0.9090909090909092,ransom_0926
0,0.0769230769230769,0.0,1,3,-0.3162277660168375,0.9230769230769232,ransom_0927
0,0.125,0.0,1,2,-0.166666666666668,0.875,ransom_0928
4,0.1,0.0,1,2,-0.8237544710479152,0.9,ransom_0929
0,0.2,0.0,1,1,0.0,0.8,ransom_0931
0,0.2,0.0,1,1,0.0,0.8,ransom_0932
0,0.2,0.0,1,1,0.0,0.8,ransom_0933
0,0.2,0.0,1,1,-1.0,0.8,ransom_0935
0,0.2,0.0,1,1,-1.0,0.8,ransom_0937
2,0.25,0.0,1,1,0.0,0.75,ransom_0938
0,0.3333333333333333,0.0,1,1,0.0,0.6666666666666666,ransom_0939
0,0.125,0.0,1,1,0.0,0.875,ransom_0940
0,0.2,0.0,1,1,0.0,0.8,ransom_0941
0,0.3333333333333333,0.0,1,1,0.0,0.6666666666666666,ransom_0942
0,0.0769230769230769,0.0,1,2,-0.6251717321316496,0.9230769230769232,ransom_0943
2,0.2,0.0,1,1,0.0,0.8,ransom_0944
1,0.3333333333333333,0.0,1,1,0.0,0.6666666666666666,ransom_0945
0,0.3333333333333333,0.0,1,1,0.0,0.6666666666666666,ransom_0946
0,0.25,0.0,1,1,0.0,0.75,ransom_0948
0,0.125,0.0,1,1,0.0,0.875,ransom_0950
0,0.1,0.0,1,2,0.0,0.9,ransom_0951
2,0.05,0.0,1,4,-0.3317959486637099,0.95,ransom_0952
0,0.25,0.0,1,1,0.0,0.75,ransom_0953
0,0.2,0.0,1,1,0.0,0.8,ransom_0954
0,0.25,0.0,1,1,0.0,0.75,ransom_0958
0,0.2,0.0,1,1,0.0,0.8,ransom_0959
1,0.125,0.0,1,1,-0.9999999999999996,0.875,ransom_0961
0,0.2,0.0,1,1,-1.0,0.8,ransom_0962
5,0.0909090909090909,0.0,1,2,-0.816496580927727,0.9090909090909092,ransom_0963
3,0.0909090909090909,0.0,1,2,0.0,0.9090909090909092,ransom_0965
0,0.1,0.0,1,2,-0.5869311620423462,0.9,ransom_0966
0,0.3333333333333333,0.0,1,1,0.0,0.6666666666666666,ransom_0967
0,0.1111111111111111,0.0,1,1,0.0,0.8888888888888888,ransom_0968
1,0.05,0.0,1,4,-0.4577072750076835,0.95,ransom_0970
0,0.2,0.0,1,1,0.0,0.8,ransom_0971
0,0.2,0.0,1,1,0.0,0.8,ransom_0972
0,0.0769230769230769,0.0,1,2,-0.6251717321316496,0.9230769230769232,ransom_0974
0,0.3333333333333333,0.0,1,1,0.0,0.6666666666666666,ransom_0976
2,0.1666666666666666,0.0,1,2,0.1666666666666655,0.8333333333333334,ransom_0977
10,0.3333333333333333,0.0,1,1,0.0,0.6666666666666666,ransom_0978
0,0.125,0.0,1,1,-0.9999999999999996,0.875,ransom_0979
0,0.25,0.0,1,1,0.0,0.75,ransom_0980
1,0.125,0.0,1,2,-0.4880935300919782,0.875,ransom_0981
11,0.1111111111111111,0.0,1,2,0.0,0.8888888888888888,ransom_0982
2,0.25,0.0,1,1,0.0,0.75,ransom_0983
0,0.0769230769230769,0.0,1,2,-0.6584269219592205,0.9230769230769232,ransom_0984
0,0.2,0.0,1,1,0.0,0.8,ransom_0986
0,0.0476190476190476,0.0,1,4,-0.3112663518825621,0.9523809523809524,ransom_0991
2,0.1111111111111111,0.0,1,2,0.0,0.8888888888888888,ransom_0992
0,0.125,0.0,1,2,0.0,0.875,ransom_0993
1,0.1666666666666666,0.0,1,1,0.0,0.8333333333333334,ransom_0994
0,0.125,0.0,1,1,0.0,0.875,ransom_0995
2,0.0769230769230769,0.0,1,2,-0.6251717321316496,0.9230769230769232,ransom_0996
0,0.0909090909090909,0.0,1,3,-0.2500000000000005,0.9090909090909092,ransom_0997
3,0.1428571428571428,0.0,1,1,0.0,0.8571428571428571,ransom_0998
0,0.0769230769230769,0.0,1,2,-0.7144345083117603,0.9230769230769232,ransom_0999
0,0.0769230769230769,0.0,1,2,0.0,0.9230769230769232,ransom_1000
0,0.25,0.0,1,1,0.0,0.75,ransom_10001
0,0.1428571428571428,0.0,1,2,0.0,0.8571428571428571,ransom_10002
2,0.1111111111111111,0.0,1,3,0.0,0.8888888888888888,ransom_10003
0,0.1428571428571428,0.0,1,2,0.0,0.8571428571428571,ransom_10004
0,0.125,0.0,1,2,0.0,0.875,ransom_10005
0,0.1428571428571428,0.0,1,2,-0.250000000000001,0.8571428571428571,ransom_10006
2,0.0833333333333333,0.0,1,3,0.0,0.9166666666666666,ransom_10008
0,0.2,0.0,1,2,0.0,0.8,ransom_10009
0,0.0666666666666666,0.0,1,3,-0.6281486345370078,0.9333333333333332,ransom_1001
0,0.125,0.0,1,2,-0.6454972243679025,0.875,ransom_10010
0,0.125,0.0,1,3,0.0,0.875,ransom_10013
0,0.25,0.0,1,1,0.0,0.75,ransom_10014
0,0.25,0.0,1,1,0.0,0.75,ransom_10015
1,0.1666666666666666,0.0,1,2,0.0,0.8333333333333334,ransom_10016
1,0.25,0.0,1,1,0.0,0.75,ransom_10017
2,0.0833333333333333,0.0,1,4,0.0,0.9166666666666666,ransom_10019
1,0.1428571428571428,0.0,1,2,0.4999999999999995,0.8571428571428571,ransom_1002
0,0.25,0.0,1,1,0.0,0.75,ransom_10020
0,0.1428571428571428,0.0,1,2,0.0,0.8571428571428571,ransom_10021
9,0.125,0.0,1,2,-0.6454972243679025,0.875,ransom_10022
0,0.2,0.0,1,1,0.0,0.8,ransom_10023
1,0.125,0.0,1,2,-0.6454972243679025,0.875,ransom_10024
0,0.1666666666666666,0.0,1,2,0.0,0.8333333333333334,ransom_10025
0,0.1428571428571428,0.0,1,2,-0.250000000000001,0.8571428571428571,ransom_10026
0,0.1111111111111111,0.0,1,2,-0.6546536707079772,0.8888888888888888,ransom_10027
1,0.0454545454545454,0.0,1,6,0.0568165514308935,0.9545454545454546,ransom_10028
1,0.1,0.0,1,3,0.0,0.9,ransom_10029
0,0.3333333333333333,0.0,1,1,0.0,0.6666666666666666,ransom_1003
0,0.1,0.0,1,3,0.0,0.9,ransom_10030
0,0.2,0.0,1,1,0.0,0.8,ransom_10031
2,0.1428571428571428,0.0,1,2,0.0,0.8571428571428571,ransom_10032
0,0.3333333333333333,0.0,1,1,0.0,0.6666666666666666,ransom_10033
0,0.25,0.0,1,1,0.0,0.75,ransom_10035
0,0.25,0.0,1,1,0.0,0.75,ransom_10036
0,0.25,0.0,1,1,0.0,0.75,ransom_10038
0,0.3333333333333333,0.0,1,1,0.0,0.6666666666666666,ransom_10039
0,0.0666666666666666,0.0,1,3,-0.4508348173337171,0.9333333333333332,ransom_1004
9,0.3333333333333333,0.0,1,1,0.0,0.6666666666666666,ransom_10040
0,0.25,0.0,1,1,0.0,0.75,ransom_10041
1,0.2,0.0,1,2,0.0,0.8,ransom_10042
0,0.1428571428571428,0.0,1,2,0.0,0.8571428571428571,ransom_10043
0,0.125,0.0,1,2,0.0,0.875,ransom_10045
0,0.2,0.0,1,1,-1.0,0.8,ransom_10047
0,0.3333333333333333,0.0,1,1,0.0,0.6666666666666666,ransom_10048
0,0.25,0.0,1,1,0.0,0.75,ransom_10049
0,0.25,0.0,1,1,0.0,0.75,ransom_10050
0,0.1428571428571428,0.0,1,2,0.0,0.8571428571428571,ransom_10051
1,0.1428571428571428,0.0,1,2,0.0,0.8571428571428571,ransom_10052
0,0.1,0.0,1,3,0.0,0.9,ransom_10054
0,0.1111111111111111,0.0,1,2,-0.5773502691896258,0.8888888888888888,ransom_10055
4,0.0909090909090909,0.0,1,3,0.0,0.9090909090909092,ransom_10056
0,0.3333333333333333,0.0,1,1,0.0,0.6666666666666666,ransom_10057
0,0.3333333333333333,0.0,1,1,0.0,0.6666666666666666,ransom_10058
0,0.1,0.0,1,3,0.0,0.9,ransom_10059
0,0.1666666666666666,0.0,1,1,-0.9999999999999992,0.8333333333333334,ransom_1006
0,0.125,0.0,1,3,0.0,0.875,ransom_10060
0,0.25,0.0,1,1,0.0,0.75,ransom_10061
0,0.3333333333333333,0.0,1,1,0.0,0.6666666666666666,ransom_10062
3,0.0833333333333333,0.0,1,4,0.0173762011714225,0.9166666666666666,ransom_10063
0,0.25,0.0,1,1,0.0,0.75,ransom_10064
3,0.2,0.0,1,2,0.0,0.8,ransom_10065
0,0.3333333333333333,0.0,1,1,0.0,0.6666666666666666,ransom_10067
3,0.1111111111111111,0.0,1,2,0.0,0.8888888888888888,ransom_10068
0,0.3333333333333333,0.0,1,1,0.0,0.6666666666666666,ransom_10069
0,0.0769230769230769,0.0,1,3,-0.4898979485566356,0.9230769230769232,ransom_1007
0,0.25,0.0,1,1,0.0,0.75,ransom_10070
0,0.25,0.0,1,1,0.0,0.75,ransom_10071
0,0.2,0.0,1,1,-1.0,0.8,ransom_10072
1,0.1666666666666666,0.0,1,2,0.0,0.8333333333333334,ransom_10074
1,0.25,0.0,1,1,0.0,0.75,ransom_10075
0,0.125,0.0,1,2,0.0,0.875,ransom_10076
0,0.1428571428571428,0.0,1,2,0.0,0.8571428571428571,ransom_10077
0,0.0909090909090909,0.0,1,3,0.0,0.9090909090909092,ransom_10078
0,0.1,0.0,1,3,0.0,0.9,ransom_10079
0,0.0454545454545454,0.0,1,4,-0.5235582797656935,0.9545454545454546,ransom_1008
3,0.25,0.0,1,1,0.0,0.75,ransom_10082
0,0.0909090909090909,0.0,1,3,-0.2500000000000005,0.9090909090909092,ransom_10083
1,0.125,0.0,1,3,0.0,0.875,ransom_10084
0,0.125,0.0,1,3,0.0,0.875,ransom_10085
10,0.1428571428571428,0.0,1,2,-0.250000000000001,0.8571428571428571,ransom_10086
0,0.1111111111111111,0.0,1,2,0.0,0.8888888888888888,ransom_10087
0,0.25,0.0,1,1,0.0,0.75,ransom_10088
0,0.0833333333333333,0.0,1,4,0.0,0.9166666666666666,ransom_10089
0,0.25,0.0,1,1,0.0,0.75,ransom_10090
0,0.2,0.0,1,1,-1.0,0.8,ransom_10092
0,0.1666666666666666,0.0,1,2,0.0,0.8333333333333334,ransom_10094
0,0.1666666666666666,0.0,1,1,-0.9999999999999992,0.8333333333333334,ransom_10095
0,0.3333333333333333,0.0,1,1,0.0,0.6666666666666666,ransom_10097
2,0.125,0.0,1,2,0.0,0.875,ransom_10098
0,0.25,0.0,1,1,0.0,0.75,ransom_10099
0,0.1666666666666666,0.0,1,1,-0.9999999999999992,0.8333333333333334,ransom_1010
1,0.1666666666666666,0.0,1,2,0.0,0.8333333333333334,ransom_10100
0,0.25,0.0,1,1,0.0,0.75,ransom_10101
0,0.1428571428571428,0.0,1,2,-0.250000000000001,0.8571428571428571,ransom_10102
0,0.2,0.0,1,1,0.0,0.8,ransom_10103
0,0.25,0.0,1,1,0.0,0.75,ransom_10104
2,0.1,0.0,1,3,-0.0805822964025377,0.9,ransom_10105
1,0.1,0.0,1,3,-0.0805822964025377,0.9,ransom_10107
1,0.1666666666666666,0.0,1,2,0.0,0.8333333333333334,ransom_10108
0,0.25,0.0,1,1,0.0,0.75,ransom_10109
0,0.0909090909090909,0.0,1,1,-1.0,0.9090909090909092,ransom_1011
0,0.2,0.0,1,1,0.0,0.8,ransom_10110
0,0.3333333333333333,0.0,1,1,0.0,0.6666666666666666,ransom_10111
1,0.1428571428571428,0.0,1,2,0.0,0.8571428571428571,ransom_10112
0,0.125,0.0,1,2,0.0,0.875,ransom_10115
0,0.25,0.0,1,1,0.0,0.75,ransom_10116
0,0.25,0.0,1,1,0.0,0.75,ransom_10117
1,0.0909090909090909,0.0,1,3,0.0,0.9090909090909092,ransom_10118
1,0.0588235294117647,0.0,1,2,-0.793627015902405,0.9411764705882352,ransom_1012
0,0.1428571428571428,0.0,1,2,0.0,0.8571428571428571,ransom_10121
0,0.1,0.0,1,3,0.0,0.9,ransom_10122
0,0.25,0.0,1,1,0.0,0.75,ransom_10123
1,0.0909090909090909,0.0,1,3,-0.166666666666668,0.9090909090909092,ransom_10127
0,0.0357142857142857,0.0,1,6,-0.42454795236277,0.9642857142857144,ransom_1013
0,0.25,0.0,1,1,0.0,0.75,ransom_10130
0,0.1,0.0,1,3,-0.0805822964025377,0.9,ransom_10131
0,0.1111111111111111,0.0,1,3,0.0,0.8888888888888888,ransom_10132
0,0.3333333333333333,0.0,1,1,0.0,0.6666666666666666,ransom_10133
0,0.2,0.0,1,2,0.0,0.8,ransom_10134
2,0.25,0.0,1,1,0.0,0.75,ransom_10135
0,0.1666666666666666,0.0,1,2,0.0,0.8333333333333334,ransom_10136
0,0.3333333333333333,0.0,1,1,0.0,0.6666666666666666,ransom_10137
0,0.1666666666666666,0.0,1,2,0.1666666666666655,0.8333333333333334,ransom_10138
0,0.1428571428571428,0.0,1,2,0.0,0.8571428571428571,ransom_10139
0,0.25,0.0,1,1,0.0,0.75,ransom_1014
0,0.25,0.0,1,1,0.0,0.75,ransom_10140
0,0.1428571428571428,0.0,1,2,0.0,0.8571428571428571,ransom_10141
0,0.125,0.0,1,3,0.0,0.875,ransom_10142
2,0.3333333333333333,0.0,1,1,0.0,0.6666666666666666,ransom_10143
0,0.1428571428571428,0.0,1,2,-0.250000000000001,0.8571428571428571,ransom_10144
1,0.1666666666666666,0.0,1,2,0.0,0.8333333333333334,ransom_10146
2,0.25,0.0,1,1,0.0,0.75,ransom_10147
0,0.25,0.0,1,1,0.0,0.75,ransom_10148
0,0.3333333333333333,0.0,1,1,0.0,0.6666666666666666,ransom_10149
0,0.25,0.0,1,1,0.0,0.75,ransom_1015
0,0.3333333333333333,0.0,1,1,0.0,0.6666666666666666,ransom_10150
0,0.1,0.0,1,3,-0.0805822964025377,0.9,ransom_10151
0,0.1666666666666666,0.0,1,2,0.0,0.8333333333333334,ransom_10152
2,0.1428571428571428,0.0,1,2,0.0,0.8571428571428571,ransom_10153
0,0.1666666666666666,0.0,1,2,0.0,0.8333333333333334,ransom_10155
0,0.25,0.0,1,1,0.0,0.75,ransom_10157
1,0.3333333333333333,0.0,1,1,0.0,0.6666666666666666,ransom_10158
1,0.25,0.0,1,1,0.0,0.75,ransom_10159
0,0.1111111111111111,0.0,1,3,0.0,0.8888888888888888,ransom_1016
0,0.3333333333333333,0.0,1,1,0.0,0.6666666666666666,ransom_10160
0,0.25,0.0,1,1,0.0,0.75,ransom_10162
0,0.1428571428571428,0.0,1,2,0.0,0.8571428571428571,ransom_10164
0,0.2,0.0,1,1,0.0,0.8,ransom_10165
0,0.2,0.0,1,1,0.0,0.8,ransom_10166
1,0.1111111111111111,0.0,1,2,-0.6546536707079772,0.8888888888888888,ransom_10167
0,0.25,0.0,1,1,0.0,0.75,ransom_10168
0,0.05,0.0,1,4,-0.5348980145562529,0.95,ransom_1017
0,0.3333333333333333,0.0,1,1,0.0,0.6666666666666666,ransom_10170
0,0.3333333333333333,0.0,1,1,0.0,0.6666666666666666,ransom_10171
0,0.1111111111111111,0.0,1,2,0.0,0.8888888888888888,ransom_10172
0,0.1666666666666666,0.0,1,2,0.0,0.8333333333333334,ransom_10173
0,0.1666666666666666,0.0,1,2,0.0,0.8333333333333334,ransom_10174
1,0.3333333333333333,0.0,1,1,0.0,0.6666666666666666,ransom_10175
0,0.2,0.0,1,2,0.0,0.8,ransom_10176
0,0.1111111111111111,0.0,1,3,0.0,0.8888888888888888,ransom_10177
8,0.1428571428571428,0.0,1,2,0.0,0.8571428571428571,ransom_10178
4,0.1111111111111111,0.0,1,1,0.0,0.8888888888888888,ransom_1018
0,0.25,0.0,1,1,0.0,0.75,ransom_10181
0,0.2,0.0,1,1,0.0,0.8,ransom_10182
0,0.1666666666666666,0.0,1,2,0.0,0.8333333333333334,ransom_10183
0,0.2,0.0,1,1,-1.0,0.8,ransom_10184
0,0.1111111111111111,0.0,1,2,-0.6546536707079772,0.8888888888888888,ransom_10185
0,0.1428571428571428,0.0,1,2,-0.250000000000001,0.8571428571428571,ransom_10186
0,0.2,0.0,1,1,0.0,0.8,ransom_10187
1,0.1666666666666666,0.0,1,2,0.0,0.8333333333333334,ransom_10188
2,0.0588235294117647,0.0,1,4,0.0,0.9411764705882352,ransom_1019
0,0.25,0.0,1,1,0.0,0.75,ransom_10190
0,0.0833333333333333,0.0,1,3,-0.3268602252303066,0.9166666666666666,ransom_10191
0,0.1111111111111111,0.0,1,4,0.0,0.8888888888888888,ransom_10192
0,0.25,0.0,1,1,0.0,0.75,ransom_10193
1,0.3333333333333333,0.0,1,1,0.0,0.6666666666666666,ransom_10194
0,0.125,0.0,1,2,-0.4880935300919782,0.875,ransom_10195
3,0.1111111111111111,0.0,1,3,0.0,0.8888888888888888,ransom_10196
0,0.1,0.0,1,3,0.0,0.9,ransom_10197
8,0.1428571428571428,0.0,1,2,0.0,0.8571428571428571,ransom_10198
2,0.0833333333333333,0.0,1,4,-0.0495073771488339,0.9166666666666666,ransom_1020
1,0.3333333333333333,0.0,1,1,0.0,0.6666666666666666,ransom_10200
1,0.3333333333333333,0.0,1,1,0.0,0.6666666666666666,ransom_10201
0,0.2,0.0,1,1,0.0,0.8,ransom_10202
0,0.1666666666666666,0.0,1,2,0.0,0.8333333333333334,ransom_10203
0,0.1666666666666666,0.0,1,2,0.0,0.8333333333333334,ransom_10204
0,0.25,0.0,1,1,0.0,0.75,ransom_10205
1,0.0909090909090909,0.0,1,3,-5.851389114294497e-16,0.9090909090909092,ransom_10206
0,0.1666666666666666,0.0,1,1,-0.9999999999999992,0.8333333333333334,ransom_1021
1,0.25,0.0,1,1,0.0,0.75,ransom_10210
0,0.125,0.0,1,2,0.0,0.875,ransom_10211
0,0.2,0.0,1,1,0.0,0.8,ransom_10212
0,0.3333333333333333,0.0,1,1,0.0,0.6666666666666666,ransom_10213
0,0.1666666666666666,0.0,1,1,-0.9999999999999992,0.8333333333333334,ransom_10214
0,0.1,0.0,1,3,0.0,0.9,ransom_10215
0,0.1428571428571428,0.0,1,2,0.0,0.8571428571428571,ransom_10216
0,0.2,0.0,1,1,0.0,0.8,ransom_10219
4,0.1,0.0,1,3,0.0,0.9,ransom_10220
0,0.1666666666666666,0.0,1,1,-0.9999999999999992,0.8333333333333334,ransom_10221
2,0.1428571428571428,0.0,1,2,0.0,0.8571428571428571,ransom_10222
1,0.1428571428571428,0.0,1,2,0.0,0.8571428571428571,ransom_10223
0,0.25,0.0,1,1,0.0,0.75,ransom_10225
2,0.125,0.0,1,3,0.0,0.875,ransom_10226
0,0.1666666666666666,0.0,1,2,0.0,0.8333333333333334,ransom_10228
0,0.1,0.0,1,4,0.0,0.9,ransom_10229
6,0.0714285714285714,0.0,1,3,-0.4813299149207699,0.9285714285714286,ransom_1023
10,0.125,0.0,1,2,0.0,0.875,ransom_10230
0,0.25,0.0,1,1,0.0,0.75,ransom_10231
3,0.1428571428571428,0.0,1,2,0.0,0.8571428571428571,ransom_10232
1,0.0909090909090909,0.0,1,3,0.0,0.9090909090909092,ransom_10234
0,0.1111111111111111,0.0,1,2,-0.6546536707079772,0.8888888888888888,ransom_10235
0,0.1428571428571428,0.0,1,2,0.0,0.8571428571428571,ransom_10236
2,0.125,0.0,1,3,0.0,0.875,ransom_10237
0,0.1428571428571428,0.0,1,2,0.0,0.8571428571428571,ransom_10238
0,0.1666666666666666,0.0,1,2,0.0,0.8333333333333334,ransom_10239
17,0.2,0.0,1,1,-1.0,0.8,ransom_1024
0,0.1428571428571428,0.0,1,2,-0.250000000000001,0.8571428571428571,ransom_10240
0,0.125,0.0,1,2,0.0,0.875,ransom_10243
0,0.25,0.0,1,1,0.0,0.75,ransom_10244
2,0.1111111111111111,0.0,1,3,0.0,0.8888888888888888,ransom_10245
0,0.1428571428571428,0.0,1,2,-0.250000000000001,0.8571428571428571,ransom_10246
0,0.3333333333333333,0.0,1,1,0.0,0.6666666666666666,ransom_10247
0,0.125,0.0,1,2,-0.6454972243679025,0.875,ransom_10248
0,0.25,0.0,1,1,0.0,0.75,ransom_10249
0,0.25,0.0,1,1,0.0,0.75,ransom_10250
0,0.1428571428571428,0.0,1,2,-0.250000000000001,0.8571428571428571,ransom_10251
1,0.1666666666666666,0.0,1,2,0.0,0.8333333333333334,ransom_10252
0,0.25,0.0,1,1,0.0,0.75,ransom_10253
0,0.1428571428571428,0.0,1,2,0.0,0.8571428571428571,ransom_10254
1,0.0833333333333333,0.0,1,3,0.0,0.9166666666666666,ransom_10255
0,0.2,0.0,1,2,0.0,0.8,ransom_10256
0,0.25,0.0,1,1,0.0,0.75,ransom_10257
0,0.3333333333333333,0.0,1,1,0.0,0.6666666666666666,ransom_10259
7,0.125,0.0,1,2,-0.4880935300919782,0.875,ransom_1026
0,0.25,0.0,1,1,0.0,0.75,ransom_10261
0,0.2,0.0,1,1,0.0,0.8,ransom_10262
0,0.1666666666666666,0.0,1,2,0.0,0.8333333333333334,ransom_10263
0,0.3333333333333333,0.0,1,1,0.0,0.6666666666666666,ransom_10265
0,0.0769230769230769,0.0,1,4,0.0,0.9230769230769232,ransom_10266
0,0.2,0.0,1,1,0.0,0.8,ransom_10267
0,0.125,0.0,1,3,0.0,0.875,ransom_10268
0,0.25,0.0,1,1,0.0,0.75,ransom_10269
0,0.1428571428571428,0.0,1,2,0.0,0.8571428571428571,ransom_10270
0,0.125,0.0,1,2,-0.4880935300919782,0.875,ransom_10271
0,0.2,0.0,1,1,-1.0,0.8,ransom_10272
1,0.25,0.0,1,1,0.0,0.75,ransom_10274
1,0.1666666666666666,0.0,1,2,0.0,0.8333333333333334,ransom_10275
0,0.125,0.0,1,2,0.0,0.875,ransom_10276
4,0.1428571428571428,0.0,1,2,0.0,0.8571428571428571,ransom_10277
0,0.1111111111111111,0.0,1,3,0.0,0.8888888888888888,ransom_10278
4,0.125,0.0,1,2,0.0,0.875,ransom_10279
4,0.0909090909090909,0.0,1,3,0.0,0.9090909090909092,ransom_10280
0,0.1428571428571428,0.0,1,2,0.0,0.8571428571428571,ransom_10281
5,0.2,0.0,1,1,0.0,0.8,ransom_10282
0,0.25,0.0,1,1,0.0,0.75,ransom_10283
10,0.1111111111111111,0.0,1,3,0.0,0.8888888888888888,ransom_10285
0,0.25,0.0,1,1,0.0,0.75,ransom_10286
1,0.2,0.0,1,1,-1.0,0.8,ransom_10287
0,0.1428571428571428,0.0,1,2,0.0,0.8571428571428571,ransom_10289
0,0.3333333333333333,0.0,1,1,0.0,0.6666666666666666,ransom_1029
0,0.25,0.0,1,1,0.0,0.75,ransom_10290
2,0.125,0.0,1,2,0.0,0.875,ransom_10291
2,0.1428571428571428,0.0,1,2,0.0,0.8571428571428571,ransom_10292
0,0.25,0.0,1,1,0.0,0.75,ransom_10293
0,0.125,0.0,1,2,0.0,0.875,ransom_10294
20,0.0714285714285714,0.0,1,5,0.0,0.9285714285714286,ransom_10295
0,0.25,0.0,1,1,0.0,0.75,ransom_10297
0,0.2,0.0,1,1,0.0,0.8,ransom_10298
0,0.0714285714285714,0.0,1,3,-0.4813299149207699,0.9285714285714286,ransom_10299
1,0.2,0.0,1,1,-1.0,0.8,ransom_1030
0,0.25,0.0,1,1,0.0,0.75,ransom_10300
0,0.1428571428571428,0.0,1,2,0.0,0.8571428571428571,ransom_10301
0,0.25,0.0,1,1,0.0,0.75,ransom_10302
0,0.1111111111111111,0.0,1,2,-0.6546536707079772,0.8888888888888888,ransom_10303
0,0.2,0.0,1,1,0.0,0.8,ransom_10304
0,0.2,0.0,1,1,0.0,0.8,ransom_10305
1,0.125,0.0,1,2,0.0,0.875,ransom_10306
0,0.1111111111111111,0.0,1,2,0.0,0.8888888888888888,ransom_10307
0,0.2,0.0,1,1,0.0,0.8,ransom_10308
0,0.25,0.0,1,1,0.0,0.75,ransom_10309
1,0.25,0.0,1,1,0.0,0.75,ransom_1031
0,0.1666666666666666,0.0,1,2,0.0,0.8333333333333334,ransom_10310
1,0.25,0.0,1,1,0.0,0.75,ransom_10311
0,0.0769230769230769,0.0,1,4,0.0,0.9230769230769232,ransom_10313
0,0.1111111111111111,0.0,1,2,-0.6546536707079772,0.8888888888888888,ransom_10314
5,0.1666666666666666,0.0,1,2,0.0,0.8333333333333334,ransom_10315
0,0.25,0.0,1,1,0.0,0.75,ransom_10316
0,0.1428571428571428,0.0,1,2,0.0,0.8571428571428571,ransom_10318
1,0.1666666666666666,0.0,1,2,0.0,0.8333333333333334,ransom_10319
0,0.25,0.0,1,1,0.0,0.75,ransom_1032
0,0.1,0.0,1,3,-0.0805822964025377,0.9,ransom_10320
1,0.1111111111111111,0.0,1,2,0.0,0.8888888888888888,ransom_10321
0,0.1,0.0,1,3,0.0,0.9,ransom_10322
66,0.3333333333333333,0.0,1,1,0.0,0.6666666666666666,ransom_10323
0,0.2,0.0,1,1,-1.0,0.8,ransom_10325
0,0.3333333333333333,0.0,1,1,0.0,0.6666666666666666,ransom_10326
1,0.2,0.0,1,1,-1.0,0.8,ransom_10327
0,0.2,0.0,1,2,0.0,0.8,ransom_10328
0,0.1,0.0,1,3,0.0,0.9,ransom_10329
1,0.25,0.0,1,1,0.0,0.75,ransom_1033
0,0.25,0.0,1,1,0.0,0.75,ransom_10330
1,0.3333333333333333,0.0,1,1,0.0,0.6666666666666666,ransom_10331
0,0.25,0.0,1,1,0.0,0.75,ransom_10332
0,0.2,0.0,1,2,0.0,0.8,ransom_10333
1,0.1111111111111111,0.0,1,2,0.0,0.8888888888888888,ransom_10335
0,0.1111111111111111,0.0,1,2,0.0,0.8888888888888888,ransom_10336
0,0.0909090909090909,0.0,1,3,-5.851389114294497e-16,0.9090909090909092,ransom_10337
0,0.1428571428571428,0.0,1,2,0.0,0.8571428571428571,ransom_10338
0,0.25,0.0,1,1,0.0,0.75,ransom_10339
0,0.1,0.0,1,3,-0.0805822964025377,0.9,ransom_1034
0,0.1111111111111111,0.0,1,3,0.0,0.8888888888888888,ransom_10340
0,0.1428571428571428,0.0,1,2,0.0,0.8571428571428571,ransom_10341
0,0.1666666666666666,0.0,1,2,0.0,0.8333333333333334,ransom_10345
2,0.1428571428571428,0.0,1,2,0.0,0.8571428571428571,ransom_10349
1,0.1111111111111111,0.0,1,3,0.0,0.8888888888888888,ransom_1035
0,0.2,0.0,1,1,0.0,0.8,ransom_10350
0,0.2,0.0,1,1,0.0,0.8,ransom_10351
0,0.25,0.0,1,1,0.0,0.75,ransom_10352
0,0.125,0.0,1,2,-0.4880935300919782,0.875,ransom_10356
0,0.25,0.0,1,1,0.0,0.75,ransom_10357
0,0.1666666666666666,0.0,1,2,0.0,0.8333333333333334,ransom_10358
0,0.2,0.0,1,1,-1.0,0.8,ransom_1036
0,0.3333333333333333,0.0,1,1,0.0,0.6666666666666666,ransom_10360
0,0.2,0.0,1,2,0.0,0.8,ransom_10361
0,0.1,0.0,1,3,0.0,0.9,ransom_10362
4,0.0769230769230769,0.0,1,4,0.0,0.9230769230769232,ransom_10363
0,0.3333333333333333,0.0,1,1,0.0,0.6666666666666666,ransom_10364
10,0.1,0.0,1,3,-0.1889822365046146,0.9,ransom_10366
0,0.1428571428571428,0.0,1,2,0.0,0.8571428571428571,ransom_10368
0,0.3333333333333333,0.0,1,1,0.0,0.6666666666666666,ransom_10369
0,0.0909090909090909,0.0,1,2,0.0,0.9090909090909092,ransom_1037
3,0.3333333333333333,0.0,1,1,0.0,0.6666666666666666,ransom_10370
0,0.3333333333333333,0.0,1,1,0.0,0.6666666666666666,ransom_10371
0,0.3333333333333333,0.0,1,1,0.0,0.6666666666666666,ransom_10372
0,0.1428571428571428,0.0,1,2,0.0,0.8571428571428571,ransom_10373
2,0.1666666666666666,0.0,1,2,0.1666666666666655,0.8333333333333334,ransom_10374
1,0.1111111111111111,0.0,1,2,-0.6546536707079772,0.8888888888888888,ransom_10375
0,0.1666666666666666,0.0,1,2,0.0,0.8333333333333334,ransom_10376
0,0.3333333333333333,0.0,1,1,0.0,0.6666666666666666,ransom_10377
0,0.1428571428571428,0.0,1,2,0.0,0.8571428571428571,ransom_10378
1,0.1428571428571428,0.0,1,2,0.0,0.8571428571428571,ransom_10379
1,0.25,0.0,1,1,0.0,0.75,ransom_1038
0,0.1428571428571428,0.0,1,2,0.0,0.8571428571428571,ransom_10380
2,0.0909090909090909,0.0,1,3,0.0,0.9090909090909092,ransom_10381
1,0.3333333333333333,0.0,1,1,0.0,0.6666666666666666,ransom_10382
0,0.3333333333333333,0.0,1,1,0.0,0.6666666666666666,ransom_10383
0,0.25,0.0,1,1,0.0,0.75,ransom_10385
0,0.25,0.0,1,1,0.0,0.75,ransom_10386
0,0.3333333333333333,0.0,1,1,0.0,0.6666666666666666,ransom_10387
1,0.25,0.0,1,1,0.0,0.75,ransom_10388
1,0.0909090909090909,0.0,1,3,0.0,0.9090909090909092,ransom_10389
0,0.25,0.0,1,1,0.0,0.75,ransom_10390
0,0.2,0.0,1,1,-1.0,0.8,ransom_10391
1,0.2,0.0,1,2,0.0,0.8,ransom_10393
0,0.25,0.0,1,1,0.0,0.75,ransom_10394
0,0.3333333333333333,0.0,1,1,0.0,0.6666666666666666,ransom_10395
0,0.25,0.0,1,1,0.0,0.75,ransom_10397
0,0.25,0.0,1,1,0.0,0.75,ransom_10398
0,0.125,0.0,1,2,0.0,0.875,ransom_10399
0,0.1428571428571428,0.0,1,2,0.0,0.8571428571428571,ransom_10401
4,0.3333333333333333,0.0,1,1,0.0,0.6666666666666666,ransom_10403
1,0.0909090909090909,0.0,1,3,-0.166666666666668,0.9090909090909092,ransom_10404
1,0.25,0.0,1,1,0.0,0.75,ransom_10405
1,0.2,0.0,1,2,0.0,0.8,ransom_10406
0,0.25,0.0,1,1,0.0,0.75,ransom_10408
3,0.1111111111111111,0.0,1,3,0.2581988897471611,0.8888888888888888,ransom_1041
4,0.25,0.0,1,1,0.0,0.75,ransom_10410
0,0.1,0.0,1,3,-0.0805822964025377,0.9,ransom_10411
0,0.2,0.0,1,1,-1.0,0.8,ransom_10412
1,0.1428571428571428,0.0,1,2,0.0,0.8571428571428571,ransom_10413
1,0.0666666666666666,0.0,1,4,-0.0912870929175288,0.9333333333333332,ransom_10415
3,0.1428571428571428,0.0,1,2,0.0,0.8571428571428571,ransom_10416
0,0.2,0.0,1,1,0.0,0.8,ransom_10417
1,0.1111111111111111,0.0,1,3,0.0,0.8888888888888888,ransom_10418
2,0.125,0.0,1,2,0.0,0.875,ransom_10420
0,0.1428571428571428,0.0,1,2,0.0,0.8571428571428571,ransom_10421
0,0.1428571428571428,0.0,1,2,-0.250000000000001,0.8571428571428571,ransom_10422
0,0.1111111111111111,0.0,1,2,-0.6546536707079772,0.8888888888888888,ransom_10423
3,0.1428571428571428,0.0,1,2,0.0,0.8571428571428571,ransom_10424
0,0.2,0.0,1,1,0.0,0.8,ransom_10425
0,0.25,0.0,1,1,0.0,0.75,ransom_10426
0,0.1428571428571428,0.0,1,2,-0.250000000000001,0.8571428571428571,ransom_10427
0,0.0588235294117647,0.0,1,5,0.0924500327042048,0.9411764705882352,ransom_10428
4,0.0909090909090909,0.0,1,3,0.0,0.9090909090909092,ransom_10429
1,0.0833333333333333,0.0,1,2,-0.8166666666666665,0.9166666666666666,ransom_1043
0,0.25,0.0,1,1,0.0,0.75,ransom_10430
0,0.1111111111111111,0.0,1,2,0.0,0.8888888888888888,ransom_10432
0,0.3333333333333333,0.0,1,1,0.0,0.6666666666666666,ransom_10433
2,0.2,0.0,1,1,0.0,0.8,ransom_10434
7,0.0909090909090909,0.0,1,3,-0.2500000000000005,0.9090909090909092,ransom_10436
3,0.25,0.0,1,1,0.0,0.75,ransom_10437
1,0.1428571428571428,0.0,1,2,0.0,0.8571428571428571,ransom_10438
0,0.25,0.0,1,1,0.0,0.75,ransom_10439
0,0.3333333333333333,0.0,1,1,0.0,0.6666666666666666,ransom_1044
1,0.1111111111111111,0.0,1,2,-0.6546536707079772,0.8888888888888888,ransom_10440
0,0.0909090909090909,0.0,1,3,-0.2500000000000005,0.9090909090909092,ransom_10441
0,0.1111111111111111,0.0,1,3,0.0,0.8888888888888888,ransom_10442
0,0.0769230769230769,0.0,1,3,-0.4780914437337626,0.9230769230769232,ransom_10443
0,0.1428571428571428,0.0,1,2,0.0,0.8571428571428571,ransom_10444
0,0.1111111111111111,0.0,1,2,0.0,0.8888888888888888,ransom_10445
2,0.1111111111111111,0.0,1,2,0.0,0.8888888888888888,ransom_10446
0,0.1428571428571428,0.0,1,2,0.0,0.8571428571428571,ransom_10447
1,0.1428571428571428,0.0,1,2,0.0,0.8571428571428571,ransom_10449
1,0.1,0.0,1,2,-0.5869311620423462,0.9,ransom_1045
1,0.3333333333333333,0.0,1,1,0.0,0.6666666666666666,ransom_10450
0,0.1666666666666666,0.0,1,2,0.0,0.8333333333333334,ransom_10451
0,0.1111111111111111,0.0,1,2,0.0,0.8888888888888888,ransom_10453
0,0.25,0.0,1,1,0.0,0.75,ransom_10454
0,0.1666666666666666,0.0,1,2,0.0,0.8333333333333334,ransom_10455
2,0.125,0.0,1,3,0.0,0.875,ransom_10456
0,0.25,0.0,1,1,0.0,0.75,ransom_10457
1,0.1111111111111111,0.0,1,3,0.0,0.8888888888888888,ransom_10458
0,0.1428571428571428,0.0,1,2,0.0,0.8571428571428571,ransom_10459
4,0.0833333333333333,0.0,1,3,-0.2390457218668779,0.9166666666666666,ransom_1046
0,0.3333333333333333,0.0,1,1,0.0,0.6666666666666666,ransom_10460
0,0.1428571428571428,0.0,1,2,0.0,0.8571428571428571,ransom_10461
4,0.0909090909090909,0.0,1,3,0.0,0.9090909090909092,ransom_10462
1,0.25,0.0,1,1,0.0,0.75,ransom_10463
2,0.125,0.0,1,2,0.0,0.875,ransom_10464
0,0.1666666666666666,0.0,1,2,0.0,0.8333333333333334,ransom_10465
0,0.25,0.0,1,1,0.0,0.75,ransom_10466
1,0.1666666666666666,0.0,1,2,0.0,0.8333333333333334,ransom_10467
0,0.1,0.0,1,3,0.0,0.9,ransom_10468
0,0.1428571428571428,0.0,1,2,0.0,0.8571428571428571,ransom_10469
0,0.0909090909090909,0.0,1,2,0.0,0.9090909090909092,ransom_1047
1,0.25,0.0,1,1,0.0,0.75,ransom_10471
0,0.2,0.0,1,1,0.0,0.8,ransom_10473
0,0.2,0.0,1,1,-1.0,0.8,ransom_10474
0,0.2,0.0,1,1,0.0,0.8,ransom_10475
0,0.3333333333333333,0.0,1,1,0.0,0.6666666666666666,ransom_10476
0,0.0909090909090909,0.0,1,3,-0.166666666666668,0.9090909090909092,ransom_10479
0,0.1666666666666666,0.0,1,1,0.0,0.8333333333333334,ransom_1048
0,0.0588235294117647,0.0,1,5,0.0325300024316177,0.9411764705882352,ransom_10480
0,0.1666666666666666,0.0,1,2,0.0,0.8333333333333334,ransom_10482
0,0.2,0.0,1,1,0.0,0.8,ransom_10484
0,0.25,0.0,1,1,0.0,0.75,ransom_10485
0,0.25,0.0,1,1,0.0,0.75,ransom_10486
0,0.1111111111111111,0.0,1,2,0.0,0.8888888888888888,ransom_10487
0,0.1428571428571428,0.0,1,2,-0.250000000000001,0.8571428571428571,ransom_10488
0,0.0666666666666666,0.0,1,2,-0.7876575472657542,0.9333333333333332,ransom_1049
2,0.3333333333333333,0.0,1,1,0.0,0.6666666666666666,ransom_10490
0,0.25,0.0,1,1,0.0,0.75,ransom_10491
1,0.1666666666666666,0.0,1,2,0.0,0.8333333333333334,ransom_10492
0,0.25,0.0,1,1,0.0,0.75,ransom_10493
1,0.125,0.0,1,2,-0.6454972243679025,0.875,ransom_10494
0,0.3333333333333333,0.0,1,1,0.0,0.6666666666666666,ransom_10495
0,0.3333333333333333,0.0,1,1,0.0,0.6666666666666666,ransom_10496
0,0.3333333333333333,0.0,1,1,0.0,0.6666666666666666,ransom_10497
0,0.2,0.0,1,1,0.0,0.8,ransom_10498
0,0.1428571428571428,0.0,1,2,0.0,0.8571428571428571,ransom_10500
0,0.1428571428571428,0.0,1,2,0.0,0.8571428571428571,ransom_10501
0,0.25,0.0,1,1,0.0,0.75,ransom_10502
0,0.1428571428571428,0.0,1,2,0.0,0.8571428571428571,ransom_10503
0,0.25,0.0,1,1,0.0,0.75,ransom_10504
4,0.25,0.0,1,1,0.0,0.75,ransom_10505
0,0.2,0.0,1,1,0.0,0.8,ransom_10507
0,0.125,0.0,1,2,-0.4880935300919782,0.875,ransom_10508
0,0.3333333333333333,0.0,1,1,0.0,0.6666666666666666,ransom_10509
0,0.2,0.0,1,1,0.0,0.8,ransom_10510
0,0.2,0.0,1,1,0.0,0.8,ransom_10511
0,0.125,0.0,1,2,0.0,0.875,ransom_10512
0,0.25,0.0,1,1,0.0,0.75,ransom_10513
1,0.125,0.0,1,2,0.0,0.875,ransom_10514
1,0.2,0.0,1,1,0.0,0.8,ransom_10515
0,0.25,0.0,1,1,0.0,0.75,ransom_10516
21,0.1428571428571428,0.0,1,2,0.0,0.8571428571428571,ransom_10517
0,0.25,0.0,1,1,0.0,0.75,ransom_10518
0,0.2,0.0,1,1,0.0,0.8,ransom_10519
0,0.1428571428571428,0.0,1,1,-1.0,0.8571428571428571,ransom_1052
0,0.25,0.0,1,1,0.0,0.75,ransom_10520
0,0.2,0.0,1,1,-1.0,0.8,ransom_10521
0,0.1428571428571428,0.0,1,2,0.0,0.8571428571428571,ransom_10522
0,0.3333333333333333,0.0,1,1,0.0,0.6666666666666666,ransom_10523
0,0.1111111111111111,0.0,1,3,0.0,0.8888888888888888,ransom_10524
0,0.2,0.0,1,1,-1.0,0.8,ransom_10526
2,0.3333333333333333,0.0,1,1,0.0,0.6666666666666666,ransom_10527
3,0.25,0.0,1,1,0.0,0.75,ransom_10528
2,0.25,0.0,1,1,0.0,0.75,ransom_10529
0,0.0833333333333333,0.0,1,3,-0.3268602252303066,0.9166666666666666,ransom_1053
0,0.2,0.0,1,1,0.0,0.8,ransom_10530
0,0.1111111111111111,0.0,1,3,0.0,0.8888888888888888,ransom_10531
0,0.25,0.0,1,1,0.0,0.75,ransom_10532
0,0.1666666666666666,0.0,1,2,0.0,0.8333333333333334,ransom_10533
0,0.2,0.0,1,1,0.0,0.8,ransom_10534
0,0.25,0.0,1,1,0.0,0.75,ransom_10537
0,0.25,0.0,1,1,0.0,0.75,ransom_10539
1,0.0833333333333333,0.0,1,3,-0.3464101615137753,0.9166666666666666,ransom_1054
0,0.1428571428571428,0.0,1,2,0.0,0.8571428571428571,ransom_10540
0,0.25,0.0,1,1,0.0,0.75,ransom_10541
1,0.25,0.0,1,1,0.0,0.75,ransom_10542
0,0.3333333333333333,0.0,1,1,0.0,0.6666666666666666,ransom_10543
0,0.125,0.0,1,2,0.0,0.875,ransom_10544
5,0.125,0.0,1,3,0.0,0.875,ransom_10545
0,0.1,0.0,1,3,-0.0805822964025377,0.9,ransom_10546
0,0.2,0.0,1,1,0.0,0.8,ransom_10547
0,0.1111111111111111,0.0,1,3,0.0,0.8888888888888888,ransom_10548
0,0.1428571428571428,0.0,1,2,0.0,0.8571428571428571,ransom_10549
1,0.0256410256410256,0.0,1,7,-0.3086335081131799,0.9743589743589745,ransom_1055
0,0.25,0.0,1,1,0.0,0.75,ransom_10550
1,0.3333333333333333,0.0,1,1,0.0,0.6666666666666666,ransom_10551
0,0.125,0.0,1,2,-0.6454972243679025,0.875,ransom_10553
0,0.3333333333333333,0.0,1,1,0.0,0.6666666666666666,ransom_10554
0,0.125,0.0,1,2,0.0,0.875,ransom_10555
0,0.125,0.0,1,2,0.0,0.875,ransom_10556
0,0.1428571428571428,0.0,1,2,0.0,0.8571428571428571,ransom_10557
0,0.25,0.0,1,1,0.0,0.75,ransom_10558
0,0.1428571428571428,0.0,1,2,0.0,0.8571428571428571,ransom_10559
0,0.3333333333333333,0.0,1,1,0.0,0.6666666666666666,ransom_1056
0,0.1666666666666666,0.0,1,2,0.0,0.8333333333333334,ransom_10560
0,0.25,0.0,1,1,0.0,0.75,ransom_10561
0,0.1111111111111111,0.0,1,2,-0.6546536707079772,0.8888888888888888,ransom_10562
1,0.1,0.0,1,3,0.0,0.9,ransom_10564
0,0.2,0.0,1,1,0.0,0.8,ransom_10565
0,0.25,0.0,1,1,0.0,0.75,ransom_10566
0,0.25,0.0,1,1,0.0,0.75,ransom_10567
0,0.2,0.0,1,1,0.0,0.8,ransom_10568
0,0.1111111111111111,0.0,1,3,0.0,0.8888888888888888,ransom_10569
0,0.0625,0.0,1,4,0.0,0.9375,ransom_1057
0,0.125,0.0,1,2,-0.6454972243679025,0.875,ransom_10572
0,0.25,0.0,1,1,0.0,0.75,ransom_10573
0,0.25,0.0,1,1,0.0,0.75,ransom_10574
5,0.1428571428571428,0.0,1,2,0.0,0.8571428571428571,ransom_10575
0,0.2,0.0,1,1,0.0,0.8,ransom_10577
0,0.0434782608695652,0.0,1,4,-0.4910519087097302,0.9565217391304348,ransom_1058
1,0.3333333333333333,0.0,1,1,0.0,0.6666666666666666,ransom_10581
0,0.1666666666666666,0.0,1,1,-0.9999999999999992,0.8333333333333334,ransom_10583
0,0.2,0.0,1,1,-1.0,0.8,ransom_10584
0,0.125,0.0,1,2,0.0,0.875,ransom_10585
0,0.125,0.0,1,2,-0.6454972243679025,0.875,ransom_10586
2,0.1666666666666666,0.0,1,2,0.0,0.8333333333333334,ransom_10587
0,0.2,0.0,1,1,-1.0,0.8,ransom_10589
1,0.0833333333333333,0.0,1,2,-0.6846846846846848,0.9166666666666666,ransom_1059
1,0.125,0.0,1,2,0.0,0.875,ransom_10590
0,0.0909090909090909,0.0,1,3,-5.851389114294497e-16,0.9090909090909092,ransom_10591
0,0.2,0.0,1,1,0.0,0.8,ransom_10593
0,0.2,0.0,1,2,0.0,0.8,ransom_10595
0,0.2,0.0,1,1,0.0,0.8,ransom_10596
0,0.25,0.0,1,1,0.0,0.75,ransom_10597
0,0.0769230769230769,0.0,1,3,-0.3162277660168375,0.9230769230769232,ransom_10598
0,0.1428571428571428,0.0,1,2,-0.250000000000001,0.8571428571428571,ransom_10599
1,0.0625,0.0,1,4,0.0237289498938124,0.9375,ransom_1060
7,0.1666666666666666,0.0,1,2,0.0,0.8333333333333334,ransom_10600
0,0.25,0.0,1,1,0.0,0.75,ransom_10601
0,0.1666666666666666,0.0,1,2,0.0,0.8333333333333334,ransom_10602
0,0.125,0.0,1,2,0.0,0.875,ransom_10603
0,0.0769230769230769,0.0,1,4,0.0,0.9230769230769232,ransom_10604
0,0.1111111111111111,0.0,1,2,-0.6546536707079772,0.8888888888888888,ransom_10605
0,0.1428571428571428,0.0,1,2,-0.250000000000001,0.8571428571428571,ransom_10606
1,0.125,0.0,1,3,0.0,0.875,ransom_10609
1,0.25,0.0,1,1,0.0,0.75,ransom_1061
0,0.1428571428571428,0.0,1,2,0.0,0.8571428571428571,ransom_10610
0,0.25,0.0,1,1,0.0,0.75,ransom_10611
0,0.1666666666666666,0.0,1,2,0.0,0.8333333333333334,ransom_10614
0,0.125,0.0,1,2,-0.6454972243679025,0.875,ransom_10616
0,0.0833333333333333,0.0,1,3,-0.3888888888888903,0.9166666666666666,ransom_10617
2,0.1428571428571428,0.0,1,2,0.0,0.8571428571428571,ransom_10619
0,0.25,0.0,1,1,0.0,0.75,ransom_1062
1,0.0555555555555555,0.0,1,5,-0.0314269680527354,0.9444444444444444,ransom_10621
0,0.0833333333333333,0.0,1,3,0.0,0.9166666666666666,ransom_10622
0,0.3333333333333333,0.0,1,1,0.0,0.6666666666666666,ransom_10623
2,0.3333333333333333,0.0,1,1,0.0,0.6666666666666666,ransom_10624
0,0.2,0.0,1,1,-1.0,0.8,ransom_10625
0,0.1666666666666666,0.0,1,2,0.0,0.8333333333333334,ransom_10626
0,0.25,0.0,1,1,0.0,0.75,ransom_10628
0,0.1666666666666666,0.0,1,2,0.0,0.8333333333333334,ransom_10629
0,0.0909090909090909,0.0,1,2,0.0,0.9090909090909092,ransom_1063
4,0.2,0.0,1,1,0.0,0.8,ransom_10630
0,0.125,0.0,1,3,0.0,0.875,ransom_10631
2,0.1,0.0,1,3,0.0,0.9,ransom_10632
6,0.1111111111111111,0.0,1,2,-0.6546536707079772,0.8888888888888888,ransom_10634
1,0.2,0.0,1,1,0.0,0.8,ransom_10635
1,0.1,0.0,1,3,0.0,0.9,ransom_10636
0,0.2,0.0,1,1,0.0,0.8,ransom_10637
0,0.25,0.0,1,1,0.0,0.75,ransom_10638
0,0.2,0.0,1,1,0.0,0.8,ransom_10639
3,0.0526315789473684,0.0,1,3,-0.6394811726804519,0.9473684210526316,ransom_1064
0,0.0909090909090909,0.0,1,3,0.0,0.9090909090909092,ransom_10641
0,0.125,0.0,1,2,0.0,0.875,ransom_10642
0,0.25,0.0,1,1,0.0,0.75,ransom_10643
0,0.25,0.0,1,1,0.0,0.75,ransom_10646
1,0.0909090909090909,0.0,1,4,0.0,0.9090909090909092,ransom_10647
0,0.1666666666666666,0.0,1,2,0.0,0.8333333333333334,ransom_10649
0,0.1111111111111111,0.0,1,3,0.0,0.8888888888888888,ransom_1065
1,0.1428571428571428,0.0,1,2,0.0,0.8571428571428571,ransom_10651
0,0.25,0.0,1,1,0.0,0.75,ransom_10652
0,0.1,0.0,1,3,0.0,0.9,ransom_10653
2,0.1111111111111111,0.0,1,3,0.0,0.8888888888888888,ransom_10654
0,0.25,0.0,1,1,0.0,0.75,ransom_10655
1,0.125,0.0,1,2,0.0,0.875,ransom_10656
0,0.1,0.0,1,2,-0.7416198487095668,0.9,ransom_10657
0,0.3333333333333333,0.0,1,1,0.0,0.6666666666666666,ransom_10658
0,0.25,0.0,1,1,0.0,0.75,ransom_1066
0,0.3333333333333333,0.0,1,1,0.0,0.6666666666666666,ransom_10660
0,0.3333333333333333,0.0,1,1,0.0,0.6666666666666666,ransom_10662
0,0.25,0.0,1,1,0.0,0.75,ransom_10663
0,0.1428571428571428,0.0,1,2,0.0,0.8571428571428571,ransom_10664
0,0.3333333333333333,0.0,1,1,0.0,0.6666666666666666,ransom_10665
1,0.1,0.0,1,3,-0.0805822964025377,0.9,ransom_10666
0,0.1666666666666666,0.0,1,2,0.0,0.8333333333333334,ransom_10668
0,0.0909090909090909,0.0,1,2,-0.7500000000000017,0.9090909090909092,ransom_1067
0,0.25,0.0,1,1,0.0,0.75,ransom_10670
0,0.25,0.0,1,1,0.0,0.75,ransom_10671
6,0.0909090909090909,0.0,1,4,0.0,0.9090909090909092,ransom_10672
0,0.3333333333333333,0.0,1,1,0.0,0.6666666666666666,ransom_10673
0,0.125,0.0,1,2,-0.6454972243679025,0.875,ransom_10674
0,0.0909090909090909,0.0,1,3,-0.2500000000000005,0.9090909090909092,ransom_10676
0,0.125,0.0,1,2,0.0,0.875,ransom_10677
0,0.25,0.0,1,1,0.0,0.75,ransom_10678
0,0.25,0.0,1,1,0.0,0.75,ransom_10679
2,0.1666666666666666,0.0,1,2,0.0,0.8333333333333334,ransom_1068
0,0.25,0.0,1,1,0.0,0.75,ransom_10680
0,0.25,0.0,1,1,0.0,0.75,ransom_10684
1,0.125,0.0,1,2,0.0,0.875,ransom_10686
0,0.2,0.0,1,2,0.0,0.8,ransom_10687
0,0.1111111111111111,0.0,1,3,0.0,0.8888888888888888,ransom_10688
0,0.2,0.0,1,1,0.0,0.8,ransom_1069
0,0.25,0.0,1,1,0.0,0.75,ransom_10690
0,0.25,0.0,1,1,0.0,0.75,ransom_10691
0,0.0769230769230769,0.0,1,3,-0.4780914437337626,0.9230769230769232,ransom_10692
0,0.25,0.0,1,1,0.0,0.75,ransom_10695
0,0.3333333333333333,0.0,1,1,0.0,0.6666666666666666,ransom_10696
1,0.2,0.0,1,1,-1.0,0.8,ransom_10697
0,0.1428571428571428,0.0,1,3,0.0,0.8571428571428571,ransom_10698
0,0.3333333333333333,0.0,1,1,0.0,0.6666666666666666,ransom_10699
0,0.0526315789473684,0.0,1,3,-0.7254762501100107,0.9473684210526316,ransom_1070
0,0.1666666666666666,0.0,1,2,0.0,0.8333333333333334,ransom_10700
1,0.0625,0.0,1,5,0.0338837073785846,0.9375,ransom_10701
0,0.125,0.0,1,2,0.0,0.875,ransom_10703
0,0.25,0.0,1,1,0.0,0.75,ransom_10705
0,0.1,0.0,1,2,-0.8237544710479152,0.9,ransom_10706
5,0.125,0.0,1,2,0.0,0.875,ransom_10707
0,0.125,0.0,1,2,0.0,0.875,ransom_10709
0,0.25,0.0,1,1,0.0,0.75,ransom_1071
0,0.25,0.0,1,1,0.0,0.75,ransom_10710
0,0.1111111111111111,0.0,1,2,-0.6546536707079772,0.8888888888888888,ransom_10711
0,0.25,0.0,1,1,0.0,0.75,ransom_10712
0,0.25,0.0,1,1,0.0,0.75,ransom_10713
0,0.2,0.0,1,1,-1.0,0.8,ransom_10714
0,0.25,0.0,1,1,0.0,0.75,ransom_10715
0,0.1428571428571428,0.0,1,2,-0.250000000000001,0.8571428571428571,ransom_10717
2,0.2,0.0,1,2,0.0,0.8,ransom_10718
1,0.1666666666666666,0.0,1,2,0.0,0.8333333333333334,ransom_10719
0,0.1666666666666666,0.0,1,1,0.0,0.8333333333333334,ransom_1072
0,0.2,0.0,1,1,0.0,0.8,ransom_10720
0,0.125,0.0,1,2,-0.166666666666668,0.875,ransom_10721
0,0.1111111111111111,0.0,1,3,0.0,0.8888888888888888,ransom_10722
0,0.3333333333333333,0.0,1,1,0.0,0.6666666666666666,ransom_10723
0,0.25,0.0,1,1,0.0,0.75,ransom_10724
0,0.25,0.0,1,1,0.0,0.75,ransom_10725
0,0.1428571428571428,0.0,1,2,0.0,0.8571428571428571,ransom_10727
0,0.1428571428571428,0.0,1,2,-0.250000000000001,0.8571428571428571,ransom_10729
0,0.0666666666666666,0.0,1,4,-0.0404888165089451,0.9333333333333332,ransom_1073
3,0.25,0.0,1,1,0.0,0.75,ransom_10730
1,0.2,0.0,1,1,-1.0,0.8,ransom_10732
0,0.125,0.0,1,3,0.0,0.875,ransom_10733
0,0.1,0.0,1,3,0.0,0.9,ransom_10734
0,0.1666666666666666,0.0,1,2,0.0,0.8333333333333334,ransom_10735
2,0.0909090909090909,0.0,1,4,0.0,0.9090909090909092,ransom_10737
0,0.1666666666666666,0.0,1,2,0.1666666666666655,0.8333333333333334,ransom_10738
0,0.2,0.0,1,2,0.0,0.8,ransom_10739
0,0.1666666666666666,0.0,1,1,0.0,0.8333333333333334,ransom_1074
1,0.25,0.0,1,1,0.0,0.75,ransom_10740
2,0.1,0.0,1,4,0.0,0.9,ransom_10742
1,0.1666666666666666,0.0,1,2,0.0,0.8333333333333334,ransom_10743
0,0.1,0.0,1,3,0.0,0.9,ransom_10744
10,0.3333333333333333,0.0,1,1,0.0,0.6666666666666666,ransom_10746
0,0.25,0.0,1,1,0.0,0.75,ransom_10747
2,0.1,0.0,1,2,-0.8237544710479152,0.9,ransom_10748
0,0.25,0.0,1,1,0.0,0.75,ransom_1075
0,0.2,0.0,1,1,0.0,0.8,ransom_10750
4,0.1666666666666666,0.0,1,2,0.0,0.8333333333333334,ransom_10755
7,0.0625,0.0,1,5,4.216374612302231e-16,0.9375,ransom_10756
0,0.0909090909090909,0.0,1,3,0.0,0.9090909090909092,ransom_10757
0,0.3333333333333333,0.0,1,1,0.0,0.6666666666666666,ransom_10758
0,0.1111111111111111,0.0,1,2,0.0,0.8888888888888888,ransom_10759
1,0.3333333333333333,0.0,1,1,0.0,0.6666666666666666,ransom_1076
2,0.25,0.0,1,1,0.0,0.75,ransom_10760
2,0.1666666666666666,0.0,1,1,-0.9999999999999992,0.8333333333333334,ransom_10761
0,0.2,0.0,1,1,0.0,0.8,ransom_10762
2,0.1,0.0,1,3,0.0,0.9,ransom_10763
2,0.1666666666666666,0.0,1,2,0.0,0.8333333333333334,ransom_10764
0,0.0714285714285714,0.0,1,4,0.0,0.9285714285714286,ransom_10765
0,0.25,0.0,1,1,0.0,0.75,ransom_10767
3,0.0909090909090909,0.0,1,3,0.0,0.9090909090909092,ransom_10768
0,0.1666666666666666,0.0,1,2,0.0,0.8333333333333334,ransom_10769
0,0.125,0.0,1,2,0.0,0.875,ransom_10770
0,0.25,0.0,1,1,0.0,0.75,ransom_10771
3,0.1111111111111111,0.0,1,3,0.0,0.8888888888888888,ransom_10773
1,0.25,0.0,1,1,0.0,0.75,ransom_10774
0,0.25,0.0,1,1,0.0,0.75,ransom_10775
0,0.1666666666666666,0.0,1,2,0.0,0.8333333333333334,ransom_10776
0,0.3333333333333333,0.0,1,1,0.0,0.6666666666666666,ransom_10778
0,0.1666666666666666,0.0,1,1,0.0,0.8333333333333334,ransom_1078
0,0.3333333333333333,0.0,1,1,0.0,0.6666666666666666,ransom_10780
0,0.1,0.0,1,3,0.0,0.9,ransom_10781
0,0.2,0.0,1,1,0.0,0.8,ransom_10782
0,0.1666666666666666,0.0,1,2,0.0,0.8333333333333334,ransom_10783
1,0.3333333333333333,0.0,1,1,0.0,0.6666666666666666,ransom_10784
0,0.1,0.0,1,3,0.0,0.9,ransom_10786
0,0.125,0.0,1,3,0.0,0.875,ransom_10787
0,0.2,0.0,1,1,0.0,0.8,ransom_10788
0,0.1428571428571428,0.0,1,2,0.0,0.8571428571428571,ransom_10789
0,0.0588235294117647,0.0,1,4,-0.3620330940191084,0.9411764705882352,ransom_1079
0,0.0909090909090909,0.0,1,3,0.0,0.9090909090909092,ransom_10790
0,0.3333333333333333,0.0,1,1,0.0,0.6666666666666666,ransom_10791
3,0.0909090909090909,0.0,1,3,-0.166666666666668,0.9090909090909092,ransom_10792
2,0.3333333333333333,0.0,1,1,0.0,0.6666666666666666,ransom_10793
0,0.2,0.0,1,2,0.0,0.8,ransom_10794
3,0.1428571428571428,0.0,1,2,0.0,0.8571428571428571,ransom_10795
0,0.25,0.0,1,1,0.0,0.75,ransom_10797
3,0.2,0.0,1,2,0.0,0.8,ransom_10798
2,0.2,0.0,1,1,0.0,0.8,ransom_10799
0,0.25,0.0,1,1,0.0,0.75,ransom_1080
0,0.1428571428571428,0.0,1,2,0.0,0.8571428571428571,ransom_10800
1,0.2,0.0,1,2,0.0,0.8,ransom_10801
3,0.125,0.0,1,2,0.0,0.875,ransom_10802
0,0.1428571428571428,0.0,1,2,0.0,0.8571428571428571,ransom_10803
3,0.1666666666666666,0.0,1,2,0.0,0.8333333333333334,ransom_10805
1,0.125,0.0,1,3,0.0,0.875,ransom_10806
0,0.3333333333333333,0.0,1,1,0.0,0.6666666666666666,ransom_10808
0,0.3333333333333333,0.0,1,1,0.0,0.6666666666666666,ransom_10809
0,0.0588235294117647,0.0,1,3,-0.539791896359413,0.9411764705882352,ransom_1081
0,0.25,0.0,1,1,0.0,0.75,ransom_10810
4,0.3333333333333333,0.0,1,1,0.0,0.6666666666666666,ransom_10811
0,0.25,0.0,1,1,0.0,0.75,ransom_10812
0,0.3333333333333333,0.0,1,1,0.0,0.6666666666666666,ransom_10813
0,0.1428571428571428,0.0,1,2,0.0,0.8571428571428571,ransom_10815
0,0.25,0.0,1,1,0.0,0.75,ransom_10816
0,0.1428571428571428,0.0,1,2,-0.250000000000001,0.8571428571428571,ransom_10818
0,0.1,0.0,1,2,-0.8237544710479152,0.9,ransom_1082
1,0.1,0.0,1,3,-0.0805822964025377,0.9,ransom_10820
1,0.1428571428571428,0.0,1,2,-0.250000000000001,0.8571428571428571,ransom_10821
0,0.2,0.0,1,1,0.0,0.8,ransom_10822
0,0.2,0.0,1,1,-1.0,0.8,ransom_10823
0,0.1,0.0,1,3,-0.0805822964025377,0.9,ransom_10824
0,0.1428571428571428,0.0,1,2,-0.250000000000001,0.8571428571428571,ransom_10825
0,0.1111111111111111,0.0,1,3,0.0,0.8888888888888888,ransom_10826
0,0.1428571428571428,0.0,1,2,0.0,0.8571428571428571,ransom_10827
0,0.0909090909090909,0.0,1,3,-0.2500000000000005,0.9090909090909092,ransom_10828
0,0.2,0.0,1,1,0.0,0.8,ransom_10829
0,0.2,0.0,1,1,0.0,0.8,ransom_1083
0,0.0909090909090909,0.0,1,3,-0.2500000000000005,0.9090909090909092,ransom_10831
0,0.3333333333333333,0.0,1,1,0.0,0.6666666666666666,ransom_10832
0,0.25,0.0,1,1,0.0,0.75,ransom_10833
0,0.25,0.0,1,1,0.0,0.75,ransom_10834
0,0.3333333333333333,0.0,1,1,0.0,0.6666666666666666,ransom_10835
0,0.3333333333333333,0.0,1,1,0.0,0.6666666666666666,ransom_10836
1,0.1428571428571428,0.0,1,2,0.0,0.8571428571428571,ransom_10837
0,0.25,0.0,1,1,0.0,0.75,ransom_10838
0,0.25,0.0,1,1,0.0,0.75,ransom_10839
0,0.1666666666666666,0.0,1,1,-0.9999999999999992,0.8333333333333334,ransom_1084
0,0.2,0.0,1,1,0.0,0.8,ransom_10840
0,0.2,0.0,1,1,0.0,0.8,ransom_10842
0,0.125,0.0,1,2,0.0,0.875,ransom_10844
3,0.1666666666666666,0.0,1,2,0.0,0.8333333333333334,ransom_10846
0,0.1666666666666666,0.0,1,2,0.0,0.8333333333333334,ransom_10847
0,0.1666666666666666,0.0,1,2,0.0,0.8333333333333334,ransom_1085
0,0.25,0.0,1,1,0.0,0.75,ransom_10850
0,0.2,0.0,1,1,0.0,0.8,ransom_10852
0,0.25,0.0,1,1,0.0,0.75,ransom_10855
1,0.0909090909090909,0.0,1,3,0.0,0.9090909090909092,ransom_10856
0,0.125,0.0,1,2,-0.4880935300919782,0.875,ransom_10857
0,0.1666666666666666,0.0,1,2,0.0,0.8333333333333334,ransom_10858
0,0.3333333333333333,0.0,1,1,0.0,0.6666666666666666,ransom_10859
0,0.2,0.0,1,1,0.0,0.8,ransom_1086
0,0.1428571428571428,0.0,1,2,0.0,0.8571428571428571,ransom_10861
0,0.2,0.0,1,1,-1.0,0.8,ransom_10864
0,0.3333333333333333,0.0,1,1,0.0,0.6666666666666666,ransom_10865
9,0.25,0.0,1,1,0.0,0.75,ransom_10866
0,0.25,0.0,1,1,0.0,0.75,ransom_10867
0,0.2,0.0,1,2,0.0,0.8,ransom_10868
0,0.2,0.0,1,1,0.0,0.8,ransom_10869
0,0.1428571428571428,0.0,1,1,0.0,0.8571428571428571,ransom_1087
0,0.2,0.0,1,1,0.0,0.8,ransom_10870
12,0.2,0.0,1,2,0.0,0.8,ransom_10872
0,0.2,0.0,1,2,0.0,0.8,ransom_10874
2,0.125,0.0,1,2,-0.4880935300919782,0.875,ransom_10875
0,0.25,0.0,1,1,0.0,0.75,ransom_10876
0,0.1666666666666666,0.0,1,2,0.0,0.8333333333333334,ransom_10877
0,0.25,0.0,1,1,0.0,0.75,ransom_10878
0,0.3333333333333333,0.0,1,1,0.0,0.6666666666666666,ransom_10879
0,0.25,0.0,1,1,0.0,0.75,ransom_10883
4,0.1,0.0,1,3,0.0,0.9,ransom_10884
8,0.1111111111111111,0.0,1,2,-0.6546536707079772,0.8888888888888888,ransom_10885
0,0.25,0.0,1,1,0.0,0.75,ransom_10887
0,0.0909090909090909,0.0,1,3,0.0,0.9090909090909092,ransom_10888
0,0.25,0.0,1,1,0.0,0.75,ransom_10889
0,0.1,0.0,1,3,0.1135923668494129,0.9,ransom_1089
0,0.1111111111111111,0.0,1,2,-0.6546536707079772,0.8888888888888888,ransom_10890
1,0.1428571428571428,0.0,1,2,0.0,0.8571428571428571,ransom_10892
0,0.1111111111111111,0.0,1,2,-0.5773502691896258,0.8888888888888888,ransom_10893
0,0.2,0.0,1,1,0.0,0.8,ransom_10894
1,0.2,0.0,1,2,0.0,0.8,ransom_10895
0,0.3333333333333333,0.0,1,1,0.0,0.6666666666666666,ransom_10896
1,0.1666666666666666,0.0,1,2,0.0,0.8333333333333334,ransom_10897
0,0.25,0.0,1,1,0.0,0.75,ransom_10898
25,0.125,0.0,1,3,0.0,0.875,ransom_10899
0,0.0833333333333333,0.0,1,3,-0.4573295603800229,0.9166666666666666,ransom_1090
0,0.3333333333333333,0.0,1,1,0.0,0.6666666666666666,ransom_10900
0,0.1428571428571428,0.0,1,2,-0.250000000000001,0.8571428571428571,ransom_10901
0,0.1428571428571428,0.0,1,2,-0.250000000000001,0.8571428571428571,ransom_10902
0,0.1666666666666666,0.0,1,2,0.0,0.8333333333333334,ransom_10903
0,0.1428571428571428,0.0,1,2,0.0,0.8571428571428571,ransom_10905
0,0.25,0.0,1,1,0.0,0.75,ransom_10906
0,0.1428571428571428,0.0,1,2,-0.250000000000001,0.8571428571428571,ransom_10907
1,0.3333333333333333,0.0,1,1,0.0,0.6666666666666666,ransom_1091
0,0.1428571428571428,0.0,1,2,0.0,0.8571428571428571,ransom_10910
1,0.2,0.0,1,1,0.0,0.8,ransom_10911
0,0.125,0.0,1,2,-0.6454972243679025,0.875,ransom_10912
1,0.1666666666666666,0.0,1,2,0.0,0.8333333333333334,ransom_10913
1,0.1666666666666666,0.0,1,2,0.1666666666666655,0.8333333333333334,ransom_10915
1,0.125,0.0,1,2,0.0,0.875,ransom_10917
0,0.25,0.0,1,1,0.0,0.75,ransom_10918
0,0.1666666666666666,0.0,1,2,0.0,0.8333333333333334,ransom_10920
0,0.25,0.0,1,1,0.0,0.75,ransom_10921
0,0.25,0.0,1,1,0.0,0.75,ransom_10923
0,0.25,0.0,1,1,0.0,0.75,ransom_10925
0,0.125,0.0,1,2,0.0,0.875,ransom_10926
0,0.1666666666666666,0.0,1,2,0.0,0.8333333333333334,ransom_10927
0,0.125,0.0,1,2,-0.6454972243679025,0.875,ransom_10928
0,0.25,0.0,1,1,0.0,0.75,ransom_10929
0,0.1428571428571428,0.0,1,1,0.0,0.8571428571428571,ransom_1093
1,0.1,0.0,1,3,0.0,0.9,ransom_10931
0,0.25,0.0,1,1,0.0,0.75,ransom_10932
4,0.1428571428571428,0.0,1,2,-0.250000000000001,0.8571428571428571,ransom_10933
3,0.1428571428571428,0.0,1,2,0.0,0.8571428571428571,ransom_10934
0,0.1428571428571428,0.0,1,2,0.0,0.8571428571428571,ransom_10935
1,0.2,0.0,1,1,0.0,0.8,ransom_10936
0,0.0833333333333333,0.0,1,3,-0.1028688999747275,0.9166666666666666,ransom_10937
0,0.25,0.0,1,1,0.0,0.75,ransom_10938
0,0.25,0.0,1,1,0.0,0.75,ransom_10939
0,0.0769230769230769,0.0,1,3,-0.4898979485566356,0.9230769230769232,ransom_1094
3,0.1428571428571428,0.0,1,2,0.0,0.8571428571428571,ransom_10940
0,0.2,0.0,1,1,0.0,0.8,ransom_10941
0,0.125,0.0,1,2,-0.166666666666668,0.875,ransom_10942
2,0.1428571428571428,0.0,1,2,0.0,0.8571428571428571,ransom_10943
2,0.0769230769230769,0.0,1,5,0.0,0.9230769230769232,ransom_10944
0,0.25,0.0,1,1,0.0,0.75,ransom_10945
0,0.25,0.0,1,1,0.0,0.75,ransom_10946
0,0.3333333333333333,0.0,1,1,0.0,0.6666666666666666,ransom_10947
4,0.1111111111111111,0.0,1,3,0.0,0.8888888888888888,ransom_10948
0,0.25,0.0,1,1,0.0,0.75,ransom_10950
1,0.25,0.0,1,1,0.0,0.75,ransom_10951
0,0.125,0.0,1,2,0.0,0.875,ransom_10952
2,0.25,0.0,1,1,0.0,0.75,ransom_10953
0,0.2,0.0,1,1,0.0,0.8,ransom_10954
1,0.2,0.0,1,2,0.0,0.8,ransom_10955
1,0.0909090909090909,0.0,1,4,0.0,0.9090909090909092,ransom_10956
1,0.1428571428571428,0.0,1,2,0.0,0.8571428571428571,ransom_10957
0,0.3333333333333333,0.0,1,1,0.0,0.6666666666666666,ransom_10958
0,0.1111111111111111,0.0,1,2,-0.6546536707079772,0.8888888888888888,ransom_10959
0,0.25,0.0,1,1,0.0,0.75,ransom_1096
1,0.0909090909090909,0.0,1,3,0.0,0.9090909090909092,ransom_10961
0,0.3333333333333333,0.0,1,1,0.0,0.6666666666666666,ransom_10962
0,0.125,0.0,1,2,-0.6454972243679025,0.875,ransom_10963
0,0.2,0.0,1,1,0.0,0.8,ransom_10964
0,0.1111111111111111,0.0,1,3,0.0,0.8888888888888888,ransom_10965
0,0.1428571428571428,0.0,1,2,0.0,0.8571428571428571,ransom_10966
0,0.25,0.0,1,1,0.0,0.75,ransom_10967
0,0.1111111111111111,0.0,1,3,0.0,0.8888888888888888,ransom_10969
0,0.25,0.0,1,1,0.0,0.75,ransom_10970
0,0.25,0.0,1,1,0.0,0.75,ransom_10971
0,0.1,0.0,1,3,0.0,0.9,ransom_10972
1,0.0769230769230769,0.0,1,4,0.0,0.9230769230769232,ransom_10975
2,0.1,0.0,1,3,0.0,0.9,ransom_10976
1,0.1428571428571428,0.0,1,2,0.0,0.8571428571428571,ransom_10977
0,0.25,0.0,1,1,0.0,0.75,ransom_10978
0,0.2,0.0,1,1,0.0,0.8,ransom_10979
2,0.0714285714285714,0.0,1,4,-0.0769321818620843,0.9285714285714286,ransom_1098
0,0.25,0.0,1,1,0.0,0.75,ransom_10980
0,0.25,0.0,1,1,0.0,0.75,ransom_10981
0,0.25,0.0,1,1,0.0,0.75,ransom_10982
0,0.3333333333333333,0.0,1,1,0.0,0.6666666666666666,ransom_10983
1,0.1666666666666666,0.0,1,2,0.1666666666666655,0.8333333333333334,ransom_10984
0,0.2,0.0,1,1,0.0,0.8,ransom_10985
3,0.1111111111111111,0.0,1,3,0.0,0.8888888888888888,ransom_10986
5,0.1111111111111111,0.0,1,3,0.0,0.8888888888888888,ransom_10987
1,0.0769230769230769,0.0,1,3,-0.3162277660168375,0.9230769230769232,ransom_10988
0,0.25,0.0,1,1,0.0,0.75,ransom_10989
0,0.25,0.0,1,1,0.0,0.75,ransom_1099
1,0.1,0.0,1,3,-0.0805822964025377,0.9,ransom_10990
0,0.2,0.0,1,1,0.0,0.8,ransom_10992
0,0.3333333333333333,0.0,1,1,0.0,0.6666666666666666,ransom_10994
1,0.1666666666666666,0.0,1,2,0.1666666666666655,0.8333333333333334,ransom_10995
0,0.125,0.0,1,2,0.0,0.875,ransom_10996
0,0.0909090909090909,0.0,1,3,0.0,0.9090909090909092,ransom_10999
0,0.2,0.0,1,1,-1.0,0.8,ransom_1100
1,0.1,0.0,1,3,0.0,0.9,ransom_11001
0,0.25,0.0,1,1,0.0,0.75,ransom_11002
0,0.1111111111111111,0.0,1,3,0.0,0.8888888888888888,ransom_11003
0,0.25,0.0,1,1,0.0,0.75,ransom_11004
0,0.25,0.0,1,1,0.0,0.75,ransom_11006
0,0.25,0.0,1,1,0.0,0.75,ransom_11007
0,0.1,0.0,1,3,-0.0805822964025377,0.9,ransom_11008
0,0.3333333333333333,0.0,1,1,0.0,0.6666666666666666,ransom_11009
0,0.25,0.0,1,1,0.0,0.75,ransom_1101
0,0.1666666666666666,0.0,1,2,0.0,0.8333333333333334,ransom_11010
0,0.3333333333333333,0.0,1,1,0.0,0.6666666666666666,ransom_11011
0,0.2,0.0,1,1,0.0,0.8,ransom_11013
0,0.3333333333333333,0.0,1,1,0.0,0.6666666666666666,ransom_11014
0,0.25,0.0,1,1,0.0,0.75,ransom_11015
0,0.3333333333333333,0.0,1,1,0.0,0.6666666666666666,ransom_11016
0,0.2,0.0,1,2,0.0,0.8,ransom_11017
8,0.0833333333333333,0.0,1,4,0.0173762011714225,0.9166666666666666,ransom_11018
0,0.1111111111111111,0.0,1,1,-1.0,0.8888888888888888,ransom_1102
5,0.25,0.0,1,1,0.0,0.75,ransom_11020
0,0.2,0.0,1,1,-1.0,0.8,ransom_11021
0,0.3333333333333333,0.0,1,1,0.0,0.6666666666666666,ransom_11022
0,0.2,0.0,1,1,0.0,0.8,ransom_11024
30,0.0909090909090909,0.0,1,4,0.0368604890387233,0.9090909090909092,ransom_11025
1,0.2,0.0,1,2,0.0,0.8,ransom_11026
0,0.125,0.0,1,2,-0.6454972243679025,0.875,ransom_11027
0,0.3333333333333333,0.0,1,1,0.0,0.6666666666666666,ransom_11029
1,0.0454545454545454,0.0,1,5,-0.2111943015477544,0.9545454545454546,ransom_1103
1,0.25,0.0,1,1,0.0,0.75,ransom_11030
0,0.1666666666666666,0.0,1,1,-0.9999999999999992,0.8333333333333334,ransom_11031
0,0.3333333333333333,0.0,1,1,0.0,0.6666666666666666,ransom_11032
0,0.25,0.0,1,1,0.0,0.75,ransom_11033
2,0.1428571428571428,0.0,1,2,0.0,0.8571428571428571,ransom_11035
1,0.1428571428571428,0.0,1,2,0.0,0.8571428571428571,ransom_11037
3,0.25,0.0,1,1,0.0,0.75,ransom_11038
0,0.3333333333333333,0.0,1,1,0.0,0.6666666666666666,ransom_11039
0,0.25,0.0,1,1,0.0,0.75,ransom_1104
0,0.2,0.0,1,1,-1.0,0.8,ransom_11040
1,0.2,0.0,1,1,0.0,0.8,ransom_11041
0,0.1666666666666666,0.0,1,1,-0.9999999999999992,0.8333333333333334,ransom_11042
0,0.1428571428571428,0.0,1,2,-0.250000000000001,0.8571428571428571,ransom_11043
1,0.25,0.0,1,1,0.0,0.75,ransom_11044
0,0.25,0.0,1,1,0.0,0.75,ransom_11045
0,0.3333333333333333,0.0,1,1,0.0,0.6666666666666666,ransom_11046
0,0.3333333333333333,0.0,1,1,0.0,0.6666666666666666,ransom_11048
0,0.25,0.0,1,1,0.0,0.75,ransom_11049
0,0.1111111111111111,0.0,1,1,0.0,0.8888888888888888,ransom_1105
0,0.0833333333333333,0.0,1,4,0.0,0.9166666666666666,ransom_11050
0,0.25,0.0,1,1,0.0,0.75,ransom_11051
1,0.1666666666666666,0.0,1,2,0.0,0.8333333333333334,ransom_11052
0,0.125,0.0,1,2,-0.6454972243679025,0.875,ransom_11058
1,0.1666666666666666,0.0,1,2,0.0,0.8333333333333334,ransom_11059
1,0.3333333333333333,0.0,1,1,0.0,0.6666666666666666,ransom_1106
0,0.1111111111111111,0.0,1,2,-0.6546536707079772,0.8888888888888888,ransom_11060
0,0.125,0.0,1,2,-0.4880935300919782,0.875,ransom_11061
0,0.25,0.0,1,1,0.0,0.75,ransom_11062
0,0.25,0.0,1,1,0.0,0.75,ransom_11064
0,0.0666666666666666,0.0,1,4,-0.0404888165089451,0.9333333333333332,ransom_11067
0,0.1111111111111111,0.0,1,2,-0.6546536707079772,0.8888888888888888,ransom_11068
0,0.2,0.0,1,1,0.0,0.8,ransom_11069
0,0.3333333333333333,0.0,1,1,0.0,0.6666666666666666,ransom_11070
1,0.0769230769230769,0.0,1,3,-0.3162277660168375,0.9230769230769232,ransom_11071
0,0.1,0.0,1,3,0.0,0.9,ransom_11073
0,0.1111111111111111,0.0,1,3,0.0,0.8888888888888888,ransom_11074
1,0.0769230769230769,0.0,1,3,-0.3162277660168375,0.9230769230769232,ransom_11075
0,0.25,0.0,1,1,0.0,0.75,ransom_11076
0,0.2,0.0,1,1,0.0,0.8,ransom_11077
16,0.0769230769230769,0.0,1,3,-0.4780914437337626,0.9230769230769232,ransom_11078
0,0.25,0.0,1,1,0.0,0.75,ransom_11079
3,0.1666666666666666,0.0,1,2,0.0,0.8333333333333334,ransom_1108
0,0.0714285714285714,0.0,1,4,-0.0769321818620843,0.9285714285714286,ransom_11080
1,0.1111111111111111,0.0,1,4,0.0,0.8888888888888888,ransom_11081
1,0.2,0.0,1,1,-1.0,0.8,ransom_11083
1,0.2,0.0,1,1,0.0,0.8,ransom_11084
1,0.1,0.0,1,3,0.0,0.9,ransom_11085
0,0.1111111111111111,0.0,1,3,0.0,0.8888888888888888,ransom_11086
6,0.1428571428571428,0.0,1,2,0.0,0.8571428571428571,ransom_11087
0,0.1428571428571428,0.0,1,2,0.0,0.8571428571428571,ransom_11089
0,0.1666666666666666,0.0,1,1,0.0,0.8333333333333334,ransom_1109
4,0.125,0.0,1,2,-0.4880935300919782,0.875,ransom_11090
1,0.25,0.0,1,1,0.0,0.75,ransom_11091
0,0.1428571428571428,0.0,1,2,-0.250000000000001,0.8571428571428571,ransom_11092
0,0.1666666666666666,0.0,1,1,-0.9999999999999992,0.8333333333333334,ransom_11093
2,0.1666666666666666,0.0,1,2,0.0,0.8333333333333334,ransom_11096
0,0.125,0.0,1,2,0.0,0.875,ransom_11097
1,0.1111111111111111,0.0,1,2,-0.6546536707079772,0.8888888888888888,ransom_11099
0,0.1666666666666666,0.0,1,1,0.0,0.8333333333333334,ransom_1110
0,0.25,0.0,1,1,0.0,0.75,ransom_11100
1,0.2,0.0,1,2,0.0,0.8,ransom_11101
0,0.1666666666666666,0.0,1,1,-0.9999999999999992,0.8333333333333334,ransom_11102
1,0.25,0.0,1,1,0.0,0.75,ransom_11103
0,0.3333333333333333,0.0,1,1,0.0,0.6666666666666666,ransom_11104
0,0.3333333333333333,0.0,1,1,0.0,0.6666666666666666,ransom_11105
0,0.0769230769230769,0.0,1,3,-0.4780914437337626,0.9230769230769232,ransom_11106
3,0.25,0.0,1,1,0.0,0.75,ransom_11108
0,0.1,0.0,1,3,-0.1889822365046146,0.9,ransom_11109
0,0.3333333333333333,0.0,1,1,0.0,0.6666666666666666,ransom_1111
0,0.25,0.0,1,1,0.0,0.75,ransom_11110
0,0.25,0.0,1,1,0.0,0.75,ransom_11112
0,0.1666666666666666,0.0,1,2,0.0,0.8333333333333334,ransom_11114
0,0.2,0.0,1,1,0.0,0.8,ransom_11115
1,0.1,0.0,1,3,0.0,0.9,ransom_11116
0,0.1428571428571428,0.0,1,2,0.0,0.8571428571428571,ransom_11117
0,0.3333333333333333,0.0,1,1,0.0,0.6666666666666666,ransom_11118
0,0.25,0.0,1,1,0.0,0.75,ransom_11119
0,0.0909090909090909,0.0,1,2,-0.7572401854185352,0.9090909090909092,ransom_1112
2,0.1428571428571428,0.0,1,2,0.0,0.8571428571428571,ransom_11120
0,0.1428571428571428,0.0,1,2,0.0,0.8571428571428571,ransom_11121
1,0.1,0.0,1,3,0.0,0.9,ransom_11122
0,0.25,0.0,1,1,0.0,0.75,ransom_11124
0,0.2,0.0,1,1,0.0,0.8,ransom_11125
0,0.125,0.0,1,2,-0.6454972243679025,0.875,ransom_11126
0,0.2,0.0,1,1,-1.0,0.8,ransom_11127
0,0.2,0.0,1,1,-1.0,0.8,ransom_11128
0,0.0909090909090909,0.0,1,3,0.0,0.9090909090909092,ransom_11129
0,0.25,0.0,1,1,0.0,0.75,ransom_11130
0,0.2,0.0,1,1,0.0,0.8,ransom_11131
0,0.125,0.0,1,2,-0.6454972243679025,0.875,ransom_11132
0,0.1428571428571428,0.0,1,2,0.0,0.8571428571428571,ransom_11133
0,0.125,0.0,1,2,-0.4880935300919782,0.875,ransom_11135
0,0.125,0.0,1,2,0.0,0.875,ransom_11136
0,0.3333333333333333,0.0,1,1,0.0,0.6666666666666666,ransom_11137
1,0.3333333333333333,0.0,1,1,0.0,0.6666666666666666,ransom_11138
5,0.1666666666666666,0.0,1,2,0.0,0.8333333333333334,ransom_11139
0,0.1111111111111111,0.0,1,2,0.0,0.8888888888888888,ransom_1114
0,0.2,0.0,1,1,0.0,0.8,ransom_11140
0,0.1111111111111111,0.0,1,2,0.0,0.8888888888888888,ransom_11142
3,0.25,0.0,1,1,0.0,0.75,ransom_11144
0,0.1,0.0,1,3,-0.1889822365046146,0.9,ransom_11145
0,0.1428571428571428,0.0,1,2,0.0,0.8571428571428571,ransom_11146
8,0.0833333333333333,0.0,1,4,0.0,0.9166666666666666,ransom_11148
0,0.25,0.0,1,1,0.0,0.75,ransom_11149
0,0.2,0.0,1,1,0.0,0.8,ransom_1115
4,0.1428571428571428,0.0,1,2,0.0,0.8571428571428571,ransom_11150
0,0.3333333333333333,0.0,1,1,0.0,0.6666666666666666,ransom_11151
0,0.25,0.0,1,1,0.0,0.75,ransom_11152
0,0.1,0.0,1,3,-0.0805822964025377,0.9,ransom_11153
0,0.2,0.0,1,1,0.0,0.8,ransom_11154
1,0.0909090909090909,0.0,1,3,0.0,0.9090909090909092,ransom_11155
0,0.1428571428571428,0.0,1,2,0.0,0.8571428571428571,ransom_11156
1,0.0909090909090909,0.0,1,3,-0.2500000000000005,0.9090909090909092,ransom_11157
0,0.25,0.0,1,1,0.0,0.75,ransom_11158
0,0.1666666666666666,0.0,1,1,0.0,0.8333333333333334,ransom_1116
0,0.1666666666666666,0.0,1,2,0.0,0.8333333333333334,ransom_11160
0,0.1428571428571428,0.0,1,2,0.0,0.8571428571428571,ransom_11161
0,0.125,0.0,1,2,-0.6454972243679025,0.875,ransom_11164
0,0.3333333333333333,0.0,1,1,0.0,0.6666666666666666,ransom_11165
0,0.2,0.0,1,1,-1.0,0.8,ransom_11167
0,0.0909090909090909,0.0,1,3,-0.2500000000000005,0.9090909090909092,ransom_11168
0,0.1,0.0,1,2,-0.5869311620423462,0.9,ransom_1117
0,0.25,0.0,1,1,0.0,0.75,ransom_11170
0,0.125,0.0,1,2,0.0,0.875,ransom_11171
0,0.25,0.0,1,1,0.0,0.75,ransom_11173
0,0.2,0.0,1,1,0.0,0.8,ransom_11174
0,0.1666666666666666,0.0,1,2,0.0,0.8333333333333334,ransom_11175
0,0.1666666666666666,0.0,1,2,0.1666666666666655,0.8333333333333334,ransom_11177
0,0.2,0.0,1,1,0.0,0.8,ransom_11179
0,0.0909090909090909,0.0,1,3,0.0,0.9090909090909092,ransom_11180
0,0.1111111111111111,0.0,1,3,0.0,0.8888888888888888,ransom_11181
0,0.1111111111111111,0.0,1,3,0.0,0.8888888888888888,ransom_11182
0,0.1111111111111111,0.0,1,3,0.0,0.8888888888888888,ransom_11183
0,0.1428571428571428,0.0,1,2,-0.250000000000001,0.8571428571428571,ransom_11184
0,0.1428571428571428,0.0,1,2,0.0,0.8571428571428571,ransom_11185
0,0.0714285714285714,0.0,1,4,-0.0769321818620843,0.9285714285714286,ransom_11186
0,0.1428571428571428,0.0,1,2,0.0,0.8571428571428571,ransom_11187
1,0.3333333333333333,0.0,1,1,0.0,0.6666666666666666,ransom_11188
21,0.1111111111111111,0.0,1,1,0.0,0.8888888888888888,ransom_1119
0,0.125,0.0,1,2,0.0,0.875,ransom_11191
0,0.1428571428571428,0.0,1,2,-0.250000000000001,0.8571428571428571,ransom_11192
2,0.125,0.0,1,2,-0.6454972243679025,0.875,ransom_11193
0,0.3333333333333333,0.0,1,1,0.0,0.6666666666666666,ransom_11194
1,0.1111111111111111,0.0,1,3,0.0,0.8888888888888888,ransom_11195
0,0.25,0.0,1,1,0.0,0.75,ransom_11196
0,0.25,0.0,1,1,0.0,0.75,ransom_11197
0,0.25,0.0,1,1,0.0,0.75,ransom_11198
0,0.3333333333333333,0.0,1,1,0.0,0.6666666666666666,ransom_11199
0,0.1666666666666666,0.0,1,1,0.0,0.8333333333333334,ransom_1120
0,0.2,0.0,1,1,0.0,0.8,ransom_11200
3,0.25,0.0,1,1,0.0,0.75,ransom_11201
0,0.125,0.0,1,2,-0.6454972243679025,0.875,ransom_11202
0,0.2,0.0,1,1,0.0,0.8,ransom_11203
0,0.25,0.0,1,1,0.0,0.75,ransom_11205
4,0.1,0.0,1,3,0.0,0.9,ransom_11207
0,0.1666666666666666,0.0,1,2,0.0,0.8333333333333334,ransom_11208
0,0.25,0.0,1,1,0.0,0.75,ransom_11209
0,0.25,0.0,1,1,0.0,0.75,ransom_1121
0,0.25,0.0,1,1,0.0,0.75,ransom_11210
0,0.25,0.0,1,1,0.0,0.75,ransom_11211
0,0.25,0.0,1,1,0.0,0.75,ransom_11212
1,0.1428571428571428,0.0,1,2,-0.250000000000001,0.8571428571428571,ransom_11213
0,0.1666666666666666,0.0,1,2,0.0,0.8333333333333334,ransom_11214
1,0.25,0.0,1,1,0.0,0.75,ransom_11216
0,0.1,0.0,1,3,0.0,0.9,ransom_11217
0,0.25,0.0,1,1,0.0,0.75,ransom_11218
0,0.125,0.0,1,2,0.0,0.875,ransom_11219
2,0.125,0.0,1,2,0.0,0.875,ransom_1122
0,0.25,0.0,1,1,0.0,0.75,ransom_11220
0,0.2,0.0,1,1,-1.0,0.8,ransom_11221
0,0.3333333333333333,0.0,1,1,0.0,0.6666666666666666,ransom_11222
0,0.125,0.0,1,3,0.0,0.875,ransom_11223
0,0.125,0.0,1,2,0.0,0.875,ransom_11224
2,0.125,0.0,1,2,-0.166666666666668,0.875,ransom_11225
0,0.3333333333333333,0.0,1,1,0.0,0.6666666666666666,ransom_11226
0,0.125,0.0,1,2,0.0,0.875,ransom_11228
0,0.2,0.0,1,1,0.0,0.8,ransom_11229
0,0.3333333333333333,0.0,1,1,0.0,0.6666666666666666,ransom_11231
1,0.25,0.0,1,1,0.0,0.75,ransom_11234
6,0.25,0.0,1,1,0.0,0.75,ransom_11235
2,0.1,0.0,1,3,-0.1889822365046146,0.9,ransom_11237
0,0.125,0.0,1,2,0.0,0.875,ransom_11239
0,0.0588235294117647,0.0,1,4,-0.4905696220154493,0.9411764705882352,ransom_1124
0,0.25,0.0,1,1,0.0,0.75,ransom_11240
0,0.25,0.0,1,1,0.0,0.75,ransom_11242
1,0.25,0.0,1,1,0.0,0.75,ransom_11243
2,0.3333333333333333,0.0,1,1,0.0,0.6666666666666666,ransom_11246
0,0.1428571428571428,0.0,1,2,-0.250000000000001,0.8571428571428571,ransom_11247
0,0.1111111111111111,0.0,1,3,0.0,0.8888888888888888,ransom_11248
0,0.1666666666666666,0.0,1,2,0.0,0.8333333333333334,ransom_11249
0,0.0434782608695652,0.0,1,3,-0.8088670830579908,0.9565217391304348,ransom_1125
0,0.25,0.0,1,1,0.0,0.75,ransom_11250
0,0.1111111111111111,0.0,1,2,-0.6546536707079772,0.8888888888888888,ransom_11252
0,0.0909090909090909,0.0,1,3,-0.2500000000000005,0.9090909090909092,ransom_11253
0,0.125,0.0,1,2,0.0,0.875,ransom_11254
0,0.125,0.0,1,2,0.0,0.875,ransom_11255
0,0.25,0.0,1,1,0.0,0.75,ransom_11256
0,0.25,0.0,1,1,0.0,0.75,ransom_11260
1,0.1666666666666666,0.0,1,2,0.0,0.8333333333333334,ransom_11261
0,0.3333333333333333,0.0,1,1,0.0,0.6666666666666666,ransom_11262
0,0.25,0.0,1,1,0.0,0.75,ransom_11263
0,0.1666666666666666,0.0,1,2,0.0,0.8333333333333334,ransom_11264
0,0.25,0.0,1,1,0.0,0.75,ransom_11265
0,0.1666666666666666,0.0,1,2,0.1666666666666655,0.8333333333333334,ransom_11266
1,0.0909090909090909,0.0,1,3,-0.2500000000000005,0.9090909090909092,ransom_11267
0,0.0714285714285714,0.0,1,4,-0.0769321818620843,0.9285714285714286,ransom_11269
3,0.0714285714285714,0.0,1,4,0.0,0.9285714285714286,ransom_11270
0,0.25,0.0,1,1,0.0,0.75,ransom_11271
0,0.3333333333333333,0.0,1,1,0.0,0.6666666666666666,ransom_11272
0,0.1428571428571428,0.0,1,2,0.0,0.8571428571428571,ransom_11273
1,0.1428571428571428,0.0,1,2,0.0,0.8571428571428571,ransom_11274
3,0.3333333333333333,0.0,1,1,0.0,0.6666666666666666,ransom_11275
13,0.25,0.0,1,1,0.0,0.75,ransom_11277
0,0.3333333333333333,0.0,1,1,0.0,0.6666666666666666,ransom_11278
0,0.1666666666666666,0.0,1,2,0.0,0.8333333333333334,ransom_11279
0,0.2,0.0,1,1,-1.0,0.8,ransom_1128
0,0.1428571428571428,0.0,1,2,0.0,0.8571428571428571,ransom_11282
0,0.125,0.0,1,2,0.0,0.875,ransom_11283
0,0.1111111111111111,0.0,1,2,-0.6546536707079772,0.8888888888888888,ransom_11284
0,0.25,0.0,1,1,0.0,0.75,ransom_11285
0,0.1428571428571428,0.0,1,2,-0.250000000000001,0.8571428571428571,ransom_11286
3,0.1428571428571428,0.0,1,2,0.0,0.8571428571428571,ransom_11287
0,0.125,0.0,1,2,0.0,0.875,ransom_11289
1,0.0833333333333333,0.0,1,3,-0.3464101615137753,0.9166666666666666,ransom_1129
1,0.2,0.0,1,1,-1.0,0.8,ransom_11290
0,0.125,0.0,1,2,0.0,0.875,ransom_11291
0,0.1111111111111111,0.0,1,2,-0.6546536707079772,0.8888888888888888,ransom_11292
0,0.25,0.0,1,1,0.0,0.75,ransom_11293
0,0.3333333333333333,0.0,1,1,0.0,0.6666666666666666,ransom_11294
1,0.1428571428571428,0.0,1,2,-0.250000000000001,0.8571428571428571,ransom_11295
9,0.1428571428571428,0.0,1,2,-0.250000000000001,0.8571428571428571,ransom_11296
1,0.2,0.0,1,1,0.0,0.8,ransom_11298
0,0.0666666666666666,0.0,1,3,0.0,0.9333333333333332,ransom_1130
0,0.125,0.0,1,2,-0.6454972243679025,0.875,ransom_11301
0,0.2,0.0,1,1,-1.0,0.8,ransom_11302
0,0.25,0.0,1,1,0.0,0.75,ransom_11304
0,0.125,0.0,1,2,-0.6454972243679025,0.875,ransom_11305
0,0.1666666666666666,0.0,1,2,0.0,0.8333333333333334,ransom_11306
2,0.0909090909090909,0.0,1,3,0.0,0.9090909090909092,ransom_11308
0,0.25,0.0,1,1,0.0,0.75,ransom_11309
6,0.05,0.0,1,5,-0.0860485929317658,0.95,ransom_1131
4,0.1428571428571428,0.0,1,2,0.0,0.8571428571428571,ransom_11310
4,0.0625,0.0,1,5,0.0338837073785846,0.9375,ransom_11311
1,0.0833333333333333,0.0,1,3,-0.3268602252303066,0.9166666666666666,ransom_11312
3,0.0666666666666666,0.0,1,4,-0.0912870929175288,0.9333333333333332,ransom_11313
0,0.3333333333333333,0.0,1,1,0.0,0.6666666666666666,ransom_11314
0,0.3333333333333333,0.0,1,1,0.0,0.6666666666666666,ransom_11315
8,0.1,0.0,1,3,-0.1889822365046146,0.9,ransom_11316
0,0.125,0.0,1,2,0.0,0.875,ransom_11317
0,0.125,0.0,1,2,0.0,0.875,ransom_11318
3,0.25,0.0,1,1,0.0,0.75,ransom_11319
2,0.25,0.0,1,1,0.0,0.75,ransom_11320
0,0.3333333333333333,0.0,1,1,0.0,0.6666666666666666,ransom_11321
0,0.25,0.0,1,1,0.0,0.75,ransom_11323
2,0.3333333333333333,0.0,1,1,0.0,0.6666666666666666,ransom_11324
2,0.125,0.0,1,2,0.0,0.875,ransom_11325
0,0.125,0.0,1,3,0.0,0.875,ransom_11326
0,0.25,0.0,1,1,0.0,0.75,ransom_11327
0,0.1666666666666666,0.0,1,1,0.0,0.8333333333333334,ransom_1133
0,0.1666666666666666,0.0,1,2,0.0,0.8333333333333334,ransom_11330
0,0.1666666666666666,0.0,1,2,0.0,0.8333333333333334,ransom_11331
0,0.1666666666666666,0.0,1,2,0.0,0.8333333333333334,ransom_11332
0,0.1666666666666666,0.0,1,2,0.0,0.8333333333333334,ransom_11334
0,0.25,0.0,1,1,0.0,0.75,ransom_11337
0,0.25,0.0,1,1,0.0,0.75,ransom_11338
0,0.1111111111111111,0.0,1,2,0.0,0.8888888888888888,ransom_1134
1,0.1428571428571428,0.0,1,2,-0.250000000000001,0.8571428571428571,ransom_11340
0,0.1111111111111111,0.0,1,2,-0.6546536707079772,0.8888888888888888,ransom_11342
0,0.25,0.0,1,1,0.0,0.75,ransom_11343
0,0.25,0.0,1,1,0.0,0.75,ransom_11344
1,0.1666666666666666,0.0,1,2,0.0,0.8333333333333334,ransom_11346
0,0.25,0.0,1,1,0.0,0.75,ransom_11347
0,0.3333333333333333,0.0,1,1,0.0,0.6666666666666666,ransom_11348
1,0.3333333333333333,0.0,1,1,0.0,0.6666666666666666,ransom_11349
0,0.2,0.0,1,1,0.0,0.8,ransom_1135
1,0.3333333333333333,0.0,1,1,0.0,0.6666666666666666,ransom_11350
0,0.1428571428571428,0.0,1,2,0.0,0.8571428571428571,ransom_11351
0,0.1428571428571428,0.0,1,2,-0.250000000000001,0.8571428571428571,ransom_11352
0,0.125,0.0,1,2,0.0,0.875,ransom_11353
1,0.1111111111111111,0.0,1,2,-0.6546536707079772,0.8888888888888888,ransom_11354
0,0.25,0.0,1,1,0.0,0.75,ransom_11356
0,0.125,0.0,1,2,0.0,0.875,ransom_11357
0,0.125,0.0,1,1,-0.9999999999999996,0.875,ransom_1136
0,0.2,0.0,1,1,-1.0,0.8,ransom_11362
0,0.2,0.0,1,1,0.0,0.8,ransom_11363
0,0.25,0.0,1,1,0.0,0.75,ransom_11364
0,0.125,0.0,1,3,0.0,0.875,ransom_11365
0,0.25,0.0,1,1,0.0,0.75,ransom_11366
0,0.3333333333333333,0.0,1,1,0.0,0.6666666666666666,ransom_11367
0,0.25,0.0,1,1,0.0,0.75,ransom_11369
2,0.0555555555555555,0.0,1,3,-0.5811139213546027,0.9444444444444444,ransom_1137
0,0.2,0.0,1,1,-1.0,0.8,ransom_11370
0,0.125,0.0,1,2,-0.6454972243679025,0.875,ransom_11371
0,0.1666666666666666,0.0,1,1,-0.9999999999999992,0.8333333333333334,ransom_11372
0,0.25,0.0,1,1,0.0,0.75,ransom_11373
0,0.0833333333333333,0.0,1,4,0.0,0.9166666666666666,ransom_11374
0,0.1666666666666666,0.0,1,2,0.1666666666666655,0.8333333333333334,ransom_11375
0,0.25,0.0,1,1,0.0,0.75,ransom_11376
0,0.25,0.0,1,1,0.0,0.75,ransom_11377
1,0.125,0.0,1,2,0.0,0.875,ransom_11378
0,0.1,0.0,1,2,-0.8237544710479152,0.9,ransom_11379
0,0.0625,0.0,1,4,-0.2763949964113911,0.9375,ransom_1138
0,0.1666666666666666,0.0,1,2,0.0,0.8333333333333334,ransom_11380
0,0.1428571428571428,0.0,1,2,0.0,0.8571428571428571,ransom_11381
2,0.1111111111111111,0.0,1,2,0.0,0.8888888888888888,ransom_11383
0,0.25,0.0,1,1,0.0,0.75,ransom_11384
5,0.0833333333333333,0.0,1,4,0.0173762011714225,0.9166666666666666,ransom_11385
0,0.2,0.0,1,2,0.0,0.8,ransom_11387
0,0.25,0.0,1,1,0.0,0.75,ransom_11388
0,0.2,0.0,1,1,0.0,0.8,ransom_11389
0,0.1666666666666666,0.0,1,1,-0.9999999999999992,0.8333333333333334,ransom_1139
0,0.0714285714285714,0.0,1,4,-0.0769321818620843,0.9285714285714286,ransom_11392
1,0.25,0.0,1,1,0.0,0.75,ransom_11393
0,0.1666666666666666,0.0,1,2,0.0,0.8333333333333334,ransom_11394
0,0.25,0.0,1,1,0.0,0.75,ransom_11395
2,0.3333333333333333,0.0,1,1,0.0,0.6666666666666666,ransom_11396
0,0.1666666666666666,0.0,1,1,-0.9999999999999992,0.8333333333333334,ransom_11397
0,0.25,0.0,1,1,0.0,0.75,ransom_11398
0,0.0909090909090909,0.0,1,3,0.0,0.9090909090909092,ransom_11399
0,0.2,0.0,1,2,0.0,0.8,ransom_11400
1,0.1,0.0,1,3,0.0,0.9,ransom_11401
0,0.1428571428571428,0.0,1,2,0.0,0.8571428571428571,ransom_11402
0,0.25,0.0,1,1,0.0,0.75,ransom_11403
0,0.1666666666666666,0.0,1,2,0.0,0.8333333333333334,ransom_11404
0,0.25,0.0,1,1,0.0,0.75,ransom_11405
1,0.1,0.0,1,3,-0.0805822964025377,0.9,ransom_11406
0,0.25,0.0,1,1,0.0,0.75,ransom_11408
0,0.0909090909090909,0.0,1,3,0.0,0.9090909090909092,ransom_11409
3,0.1111111111111111,0.0,1,2,0.0,0.8888888888888888,ransom_1141
0,0.2,0.0,1,1,0.0,0.8,ransom_11411
0,0.1111111111111111,0.0,1,3,0.0,0.8888888888888888,ransom_11412
0,0.3333333333333333,0.0,1,1,0.0,0.6666666666666666,ransom_11413
0,0.25,0.0,1,1,0.0,0.75,ransom_11415
0,0.1428571428571428,0.0,1,2,0.0,0.8571428571428571,ransom_11416
2,0.1,0.0,1,3,0.0,0.9,ransom_11417
0,0.3333333333333333,0.0,1,1,0.0,0.6666666666666666,ransom_11418
0,0.2,0.0,1,1,0.0,0.8,ransom_11419
2,0.0344827586206896,0.0,1,7,-0.1155181964515816,0.9655172413793104,ransom_1142
0,0.25,0.0,1,1,0.0,0.75,ransom_11420
0,0.2,0.0,1,2,0.0,0.8,ransom_11422
0,0.25,0.0,1,1,0.0,0.75,ransom_11423
0,0.25,0.0,1,1,0.0,0.75,ransom_11426
0,0.25,0.0,1,1,0.0,0.75,ransom_11427
3,0.1111111111111111,0.0,1,2,0.0,0.8888888888888888,ransom_11428
0,0.125,0.0,1,2,0.0,0.875,ransom_11429
0,0.25,0.0,1,1,0.0,0.75,ransom_1143
0,0.1111111111111111,0.0,1,3,0.0,0.8888888888888888,ransom_11430
2,0.0714285714285714,0.0,1,4,0.067115605521402,0.9285714285714286,ransom_11431
0,0.1666666666666666,0.0,1,1,-0.9999999999999992,0.8333333333333334,ransom_11432
0,0.1666666666666666,0.0,1,1,-0.9999999999999992,0.8333333333333334,ransom_11433
0,0.3333333333333333,0.0,1,1,0.0,0.6666666666666666,ransom_11434
0,0.1428571428571428,0.0,1,2,0.0,0.8571428571428571,ransom_11435
7,0.125,0.0,1,2,0.0,0.875,ransom_11436
1,0.0833333333333333,0.0,1,3,-0.3888888888888903,0.9166666666666666,ransom_11437
0,0.3333333333333333,0.0,1,1,0.0,0.6666666666666666,ransom_11438
3,0.25,0.0,1,1,0.0,0.75,ransom_11439
1,0.1666666666666666,0.0,1,2,0.0,0.8333333333333334,ransom_1144
1,0.2,0.0,1,1,0.0,0.8,ransom_11440
0,0.25,0.0,1,1,0.0,0.75,ransom_11441
0,0.1,0.0,1,3,0.0,0.9,ransom_11442
1,0.3333333333333333,0.0,1,1,0.0,0.6666666666666666,ransom_11444
0,0.2,0.0,1,1,0.0,0.8,ransom_11445
0,0.3333333333333333,0.0,1,1,0.0,0.6666666666666666,ransom_11446
0,0.0769230769230769,0.0,1,3,0.0,0.9230769230769232,ransom_11448
0,0.2,0.0,1,1,0.0,0.8,ransom_11449
0,0.25,0.0,1,1,0.0,0.75,ransom_1145
3,0.0769230769230769,0.0,1,4,0.0,0.9230769230769232,ransom_11450
0,0.25,0.0,1,1,0.0,0.75,ransom_11451
3,0.1,0.0,1,3,0.0,0.9,ransom_11453
1,0.2,0.0,1,1,-1.0,0.8,ransom_11454
2,0.25,0.0,1,1,0.0,0.75,ransom_11455
0,0.1666666666666666,0.0,1,2,0.0,0.8333333333333334,ransom_11456
0,0.2,0.0,1,1,-1.0,0.8,ransom_11457
0,0.25,0.0,1,1,0.0,0.75,ransom_11458
0,0.1111111111111111,0.0,1,1,-1.0,0.8888888888888888,ransom_1146
0,0.2,0.0,1,1,0.0,0.8,ransom_11461
0,0.25,0.0,1,1,0.0,0.75,ransom_11462
0,0.2,0.0,1,1,0.0,0.8,ransom_11463
0,0.1,0.0,1,3,-0.0805822964025377,0.9,ransom_11465
0,0.25,0.0,1,1,0.0,0.75,ransom_11466
0,0.2,0.0,1,1,0.0,0.8,ransom_11467
1,0.2,0.0,1,2,0.0,0.8,ransom_11468
0,0.1428571428571428,0.0,1,2,0.0,0.8571428571428571,ransom_11469
0,0.0666666666666666,0.0,1,2,-0.6766922918967376,0.9333333333333332,ransom_1147
0,0.2,0.0,1,1,0.0,0.8,ransom_11470
0,0.1,0.0,1,3,0.0,0.9,ransom_11471
7,0.1428571428571428,0.0,1,2,0.0,0.8571428571428571,ransom_11472
0,0.2,0.0,1,1,0.0,0.8,ransom_11473
0,0.25,0.0,1,1,0.0,0.75,ransom_11474
0,0.125,0.0,1,2,0.0,0.875,ransom_11475
0,0.2,0.0,1,1,0.0,0.8,ransom_11476
5,0.0909090909090909,0.0,1,3,-0.166666666666668,0.9090909090909092,ransom_11478
1,0.1666666666666666,0.0,1,2,0.0,0.8333333333333334,ransom_11479
0,0.25,0.0,1,1,0.0,0.75,ransom_1148
0,0.2,0.0,1,2,0.0,0.8,ransom_11480
0,0.3333333333333333,0.0,1,1,0.0,0.6666666666666666,ransom_11481
2,0.125,0.0,1,2,0.0,0.875,ransom_11482
0,0.2,0.0,1,1,0.0,0.8,ransom_11483
0,0.25,0.0,1,1,0.0,0.75,ransom_11484
6,0.25,0.0,1,1,0.0,0.75,ransom_11485
0,0.25,0.0,1,1,0.0,0.75,ransom_11487
0,0.1,0.0,1,3,-0.0805822964025377,0.9,ransom_11488
0,0.25,0.0,1,1,0.0,0.75,ransom_11489
0,0.25,0.0,1,1,0.0,0.75,ransom_1149
0,0.25,0.0,1,1,0.0,0.75,ransom_11490
1,0.125,0.0,1,2,0.0,0.875,ransom_11491
0,0.25,0.0,1,1,0.0,0.75,ransom_11492
1,0.25,0.0,1,1,0.0,0.75,ransom_11493
0,0.25,0.0,1,1,0.0,0.75,ransom_11495
9,0.3333333333333333,0.0,1,1,0.0,0.6666666666666666,ransom_11497
0,0.2,0.0,1,1,0.0,0.8,ransom_11498
0,0.2,0.0,1,1,-1.0,0.8,ransom_11499
0,0.3333333333333333,0.0,1,1,0.0,0.6666666666666666,ransom_11500
0,0.1428571428571428,0.0,1,2,-0.250000000000001,0.8571428571428571,ransom_11501
0,0.25,0.0,1,1,0.0,0.75,ransom_11502
1,0.1111111111111111,0.0,1,3,0.0,0.8888888888888888,ransom_11503
0,0.2,0.0,1,1,0.0,0.8,ransom_11504
0,0.25,0.0,1,1,0.0,0.75,ransom_11505
0,0.1428571428571428,0.0,1,2,-0.250000000000001,0.8571428571428571,ransom_11506
1,0.25,0.0,1,1,0.0,0.75,ransom_11507
0,0.1111111111111111,0.0,1,2,-0.6546536707079772,0.8888888888888888,ransom_11511
0,0.1666666666666666,0.0,1,2,0.0,0.8333333333333334,ransom_11512
2,0.25,0.0,1,1,0.0,0.75,ransom_11513
0,0.25,0.0,1,1,0.0,0.75,ransom_11515
1,0.3333333333333333,0.0,1,1,0.0,0.6666666666666666,ransom_11516
0,0.3333333333333333,0.0,1,1,0.0,0.6666666666666666,ransom_11517
0,0.25,0.0,1,1,0.0,0.75,ransom_11518
0,0.0833333333333333,0.0,1,3,-0.3268602252303066,0.9166666666666666,ransom_11519
0,0.125,0.0,1,1,-0.9999999999999996,0.875,ransom_1152
0,0.25,0.0,1,1,0.0,0.75,ransom_11521
0,0.1111111111111111,0.0,1,2,-0.6546536707079772,0.8888888888888888,ransom_11522
1,0.1111111111111111,0.0,1,3,0.0,0.8888888888888888,ransom_11523
0,0.3333333333333333,0.0,1,1,0.0,0.6666666666666666,ransom_11524
0,0.25,0.0,1,1,0.0,0.75,ransom_11525
0,0.1428571428571428,0.0,1,2,0.0,0.8571428571428571,ransom_11526
0,0.25,0.0,1,1,0.0,0.75,ransom_11527
0,0.1,0.0,1,3,0.0,0.9,ransom_11528
14,0.3333333333333333,0.0,1,1,0.0,0.6666666666666666,ransom_11529
0,0.1111111111111111,0.0,1,2,-0.6546536707079772,0.8888888888888888,ransom_1153
0,0.2,0.0,1,2,0.0,0.8,ransom_11530
0,0.1111111111111111,0.0,1,2,-0.6546536707079772,0.8888888888888888,ransom_11531
0,0.25,0.0,1,1,0.0,0.75,ransom_11532
1,0.125,0.0,1,2,-0.6454972243679025,0.875,ransom_11533
0,0.3333333333333333,0.0,1,1,0.0,0.6666666666666666,ransom_11534
0,0.25,0.0,1,1,0.0,0.75,ransom_11535
2,0.1428571428571428,0.0,1,2,-0.250000000000001,0.8571428571428571,ransom_11536
0,0.1428571428571428,0.0,1,2,0.0,0.8571428571428571,ransom_11537
1,0.3333333333333333,0.0,1,1,0.0,0.6666666666666666,ransom_11538
0,0.25,0.0,1,1,0.0,0.75,ransom_11539
0,0.0909090909090909,0.0,1,3,-0.2500000000000005,0.9090909090909092,ransom_1154
0,0.1111111111111111,0.0,1,3,0.0,0.8888888888888888,ransom_11540
21,0.1,0.0,1,2,-0.8237544710479152,0.9,ransom_11541
2,0.1666666666666666,0.0,1,2,0.0,0.8333333333333334,ransom_11542
1,0.125,0.0,1,2,0.0,0.875,ransom_11543
1,0.125,0.0,1,2,-0.4880935300919782,0.875,ransom_11544
0,0.25,0.0,1,1,0.0,0.75,ransom_11545
0,0.3333333333333333,0.0,1,1,0.0,0.6666666666666666,ransom_11546
1,0.25,0.0,1,1,0.0,0.75,ransom_11547
0,0.25,0.0,1,1,0.0,0.75,ransom_11549
1,0.0769230769230769,0.0,1,3,-0.3779644730092285,0.9230769230769232,ransom_1155
0,0.2,0.0,1,1,0.0,0.8,ransom_11550
0,0.125,0.0,1,2,0.0,0.875,ransom_11551
0,0.0909090909090909,0.0,1,3,-0.166666666666668,0.9090909090909092,ransom_11552
0,0.25,0.0,1,1,0.0,0.75,ransom_11553
0,0.2,0.0,1,1,0.0,0.8,ransom_11554
1,0.1,0.0,1,3,0.0,0.9,ransom_11555
0,0.1428571428571428,0.0,1,2,-0.250000000000001,0.8571428571428571,ransom_11557
0,0.2,0.0,1,1,0.0,0.8,ransom_11558
1,0.25,0.0,1,1,0.0,0.75,ransom_11559
0,0.3333333333333333,0.0,1,1,0.0,0.6666666666666666,ransom_1156
0,0.1666666666666666,0.0,1,2,0.0,0.8333333333333334,ransom_11560
0,0.3333333333333333,0.0,1,1,0.0,0.6666666666666666,ransom_11561
0,0.3333333333333333,0.0,1,1,0.0,0.6666666666666666,ransom_11562
5,0.125,0.0,1,2,0.0,0.875,ransom_11565
0,0.1666666666666666,0.0,1,2,0.0,0.8333333333333334,ransom_11566
1,0.1111111111111111,0.0,1,3,0.0,0.8888888888888888,ransom_11568
1,0.2,0.0,1,2,0.0,0.8,ransom_11569
0,0.25,0.0,1,1,0.0,0.75,ransom_1157
0,0.1666666666666666,0.0,1,2,0.0,0.8333333333333334,ransom_11570
0,0.1428571428571428,0.0,1,2,0.0,0.8571428571428571,ransom_11571
0,0.2,0.0,1,1,0.0,0.8,ransom_11572
0,0.25,0.0,1,1,0.0,0.75,ransom_11573
1,0.2,0.0,1,1,0.0,0.8,ransom_11574
0,0.25,0.0,1,1,0.0,0.75,ransom_11575
0,0.1428571428571428,0.0,1,2,-0.250000000000001,0.8571428571428571,ransom_11576
0,0.25,0.0,1,1,0.0,0.75,ransom_11578
1,0.25,0.0,1,1,0.0,0.75,ransom_11579
0,0.0476190476190476,0.0,1,4,-0.458821794507289,0.9523809523809524,ransom_1158
2,0.1111111111111111,0.0,1,2,-0.6546536707079772,0.8888888888888888,ransom_11580
0,0.3333333333333333,0.0,1,1,0.0,0.6666666666666666,ransom_11581
12,0.1428571428571428,0.0,1,2,0.0,0.8571428571428571,ransom_11583
1,0.1666666666666666,0.0,1,2,0.0,0.8333333333333334,ransom_11584
1,0.1,0.0,1,2,-0.7416198487095668,0.9,ransom_11586
0,0.25,0.0,1,1,0.0,0.75,ransom_11588
0,0.25,0.0,1,1,0.0,0.75,ransom_11589
4,0.0625,0.0,1,4,-0.1324295304292306,0.9375,ransom_1159
2,0.1666666666666666,0.0,1,2,0.0,0.8333333333333334,ransom_11591
2,0.1428571428571428,0.0,1,2,0.0,0.8571428571428571,ransom_11592
0,0.0769230769230769,0.0,1,3,-0.4082482904638635,0.9230769230769232,ransom_11594
0,0.2,0.0,1,1,0.0,0.8,ransom_11595
0,0.2,0.0,1,1,-1.0,0.8,ransom_11596
0,0.2,0.0,1,1,-1.0,0.8,ransom_11597
0,0.3333333333333333,0.0,1,1,0.0,0.6666666666666666,ransom_11599
0,0.0909090909090909,0.0,1,2,0.0,0.9090909090909092,ransom_1160
1,0.1111111111111111,0.0,1,3,0.0,0.8888888888888888,ransom_11600
1,0.125,0.0,1,2,-0.4880935300919782,0.875,ransom_11601
2,0.1428571428571428,0.0,1,2,0.0,0.8571428571428571,ransom_11602
0,0.25,0.0,1,1,0.0,0.75,ransom_11603
13,0.1666666666666666,0.0,1,2,0.0,0.8333333333333334,ransom_11604
0,0.3333333333333333,0.0,1,1,0.0,0.6666666666666666,ransom_11606
0,0.25,0.0,1,1,0.0,0.75,ransom_11608
6,0.3333333333333333,0.0,1,1,0.0,0.6666666666666666,ransom_11609
0,0.0769230769230769,0.0,1,3,-0.4780914437337626,0.9230769230769232,ransom_1161
0,0.2,0.0,1,1,-1.0,0.8,ransom_11610
0,0.25,0.0,1,1,0.0,0.75,ransom_11612
0,0.1428571428571428,0.0,1,2,0.0,0.8571428571428571,ransom_11613
0,0.2,0.0,1,1,0.0,0.8,ransom_11614
0,0.125,0.0,1,2,-0.6454972243679025,0.875,ransom_11615
0,0.3333333333333333,0.0,1,1,0.0,0.6666666666666666,ransom_11616
0,0.3333333333333333,0.0,1,1,0.0,0.6666666666666666,ransom_11617
0,0.3333333333333333,0.0,1,1,0.0,0.6666666666666666,ransom_11618
3,0.125,0.0,1,2,-0.6454972243679025,0.875,ransom_1162
1,0.25,0.0,1,1,0.0,0.75,ransom_11620
0,0.1428571428571428,0.0,1,2,-0.250000000000001,0.8571428571428571,ransom_11622
0,0.3333333333333333,0.0,1,1,0.0,0.6666666666666666,ransom_11624
0,0.2,0.0,1,1,0.0,0.8,ransom_11626
0,0.125,0.0,1,2,0.0,0.875,ransom_11627
0,0.25,0.0,1,1,0.0,0.75,ransom_11628
0,0.3333333333333333,0.0,1,1,0.0,0.6666666666666666,ransom_11629
0,0.1428571428571428,0.0,1,2,0.0,0.8571428571428571,ransom_11630
0,0.3333333333333333,0.0,1,1,0.0,0.6666666666666666,ransom_11631
0,0.1111111111111111,0.0,1,3,0.0,0.8888888888888888,ransom_11632
1,0.1666666666666666,0.0,1,2,0.0,0.8333333333333334,ransom_11633
0,0.1,0.0,1,3,0.0,0.9,ransom_11634
0,0.1428571428571428,0.0,1,2,0.0,0.8571428571428571,ransom_11635
0,0.1428571428571428,0.0,1,2,0.0,0.8571428571428571,ransom_11636
0,0.3333333333333333,0.0,1,1,0.0,0.6666666666666666,ransom_11638
0,0.2,0.0,1,1,0.0,0.8,ransom_11639
0,0.25,0.0,1,1,0.0,0.75,ransom_11640
0,0.1428571428571428,0.0,1,2,0.0,0.8571428571428571,ransom_11641
0,0.1428571428571428,0.0,1,2,-0.250000000000001,0.8571428571428571,ransom_11642
0,0.25,0.0,1,1,0.0,0.75,ransom_11643
0,0.25,0.0,1,1,0.0,0.75,ransom_11645
0,0.3333333333333333,0.0,1,1,0.0,0.6666666666666666,ransom_11647
1,0.125,0.0,1,2,0.0,0.875,ransom_11648
5,0.125,0.0,1,2,-0.6454972243679025,0.875,ransom_11649
0,0.3333333333333333,0.0,1,1,0.0,0.6666666666666666,ransom_1165
1,0.1666666666666666,0.0,1,2,0.0,0.8333333333333334,ransom_11650
0,0.3333333333333333,0.0,1,1,0.0,0.6666666666666666,ransom_11651
0,0.25,0.0,1,1,0.0,0.75,ransom_11653
0,0.3333333333333333,0.0,1,1,0.0,0.6666666666666666,ransom_11655
1,0.3333333333333333,0.0,1,1,0.0,0.6666666666666666,ransom_11656
0,0.25,0.0,1,1,0.0,0.75,ransom_11658
0,0.25,0.0,1,1,0.0,0.75,ransom_11659
0,0.2,0.0,1,1,0.0,0.8,ransom_1166
1,0.125,0.0,1,2,0.0,0.875,ransom_11660
0,0.2,0.0,1,1,0.0,0.8,ransom_11661
0,0.25,0.0,1,1,0.0,0.75,ransom_11663
1,0.3333333333333333,0.0,1,1,0.0,0.6666666666666666,ransom_11664
1,0.25,0.0,1,1,0.0,0.75,ransom_11665
3,0.0833333333333333,0.0,1,3,-0.3268602252303066,0.9166666666666666,ransom_11666
0,0.2,0.0,1,2,0.0,0.8,ransom_11667
5,0.25,0.0,1,1,0.0,0.75,ransom_11669
0,0.03125,0.0,1,8,0.0227429413073673,0.96875,ransom_1167
2,0.25,0.0,1,1,0.0,0.75,ransom_11670
0,0.1111111111111111,0.0,1,2,-0.6546536707079772,0.8888888888888888,ransom_11671
0,0.25,0.0,1,1,0.0,0.75,ransom_11673
0,0.3333333333333333,0.0,1,1,0.0,0.6666666666666666,ransom_11675
0,0.0909090909090909,0.0,1,3,-0.166666666666668,0.9090909090909092,ransom_11676
0,0.25,0.0,1,1,0.0,0.75,ransom_11678
0,0.0909090909090909,0.0,1,3,-0.166666666666668,0.9090909090909092,ransom_11679
0,0.3333333333333333,0.0,1,1,0.0,0.6666666666666666,ransom_1168
0,0.25,0.0,1,1,0.0,0.75,ransom_11680
0,0.25,0.0,1,1,0.0,0.75,ransom_11681
0,0.0714285714285714,0.0,1,4,-0.0162564022190598,0.9285714285714286,ransom_11682
1,0.1428571428571428,0.0,1,2,0.0,0.8571428571428571,ransom_11683
0,0.3333333333333333,0.0,1,1,0.0,0.6666666666666666,ransom_11685
0,0.25,0.0,1,1,0.0,0.75,ransom_11686
1,0.125,0.0,1,2,-0.4880935300919782,0.875,ransom_11687
2,0.2,0.0,1,1,0.0,0.8,ransom_11688
0,0.1111111111111111,0.0,1,2,-0.6546536707079772,0.8888888888888888,ransom_11689
0,0.2,0.0,1,1,-1.0,0.8,ransom_1169
1,0.1666666666666666,0.0,1,2,0.0,0.8333333333333334,ransom_11690
0,0.3333333333333333,0.0,1,1,0.0,0.6666666666666666,ransom_11691
0,0.2,0.0,1,1,0.0,0.8,ransom_11692
0,0.25,0.0,1,1,0.0,0.75,ransom_11693
0,0.25,0.0,1,1,0.0,0.75,ransom_11695
11,0.25,0.0,1,1,0.0,0.75,ransom_11696
1,0.1,0.0,1,3,-0.0805822964025377,0.9,ransom_11698
1,0.1428571428571428,0.0,1,2,0.0,0.8571428571428571,ransom_11699
0,0.25,0.0,1,1,0.0,0.75,ransom_1170
1,0.1428571428571428,0.0,1,2,0.0,0.8571428571428571,ransom_11700
0,0.2,0.0,1,1,-1.0,0.8,ransom_11702
0,0.25,0.0,1,1,0.0,0.75,ransom_11703
0,0.1666666666666666,0.0,1,2,0.1666666666666655,0.8333333333333334,ransom_11704
0,0.25,0.0,1,1,0.0,0.75,ransom_11706
0,0.1666666666666666,0.0,1,2,0.0,0.8333333333333334,ransom_11707
0,0.1666666666666666,0.0,1,2,0.0,0.8333333333333334,ransom_11708
0,0.125,0.0,1,2,-0.6454972243679025,0.875,ransom_11709
1,0.3333333333333333,0.0,1,1,0.0,0.6666666666666666,ransom_1171
0,0.25,0.0,1,1,0.0,0.75,ransom_11710
0,0.1666666666666666,0.0,1,1,-0.9999999999999992,0.8333333333333334,ransom_11711
1,0.3333333333333333,0.0,1,1,0.0,0.6666666666666666,ransom_11712
2,0.1111111111111111,0.0,1,2,0.0,0.8888888888888888,ransom_11713
0,0.25,0.0,1,1,0.0,0.75,ransom_11714
3,0.0909090909090909,0.0,1,3,-0.166666666666668,0.9090909090909092,ransom_11715
2,0.1666666666666666,0.0,1,2,0.0,0.8333333333333334,ransom_11716
0,0.1111111111111111,0.0,1,2,-0.5773502691896258,0.8888888888888888,ransom_11717
0,0.25,0.0,1,1,0.0,0.75,ransom_11718
0,0.1428571428571428,0.0,1,2,0.0,0.8571428571428571,ransom_11719
1,0.0714285714285714,0.0,1,4,-0.0210818510677897,0.9285714285714286,ransom_1172
2,0.0625,0.0,1,5,0.0,0.9375,ransom_11720
0,0.3333333333333333,0.0,1,1,0.0,0.6666666666666666,ransom_11721
0,0.25,0.0,1,1,0.0,0.75,ransom_11722
11,0.1666666666666666,0.0,1,2,0.0,0.8333333333333334,ransom_11725
0,0.2,0.0,1,1,0.0,0.8,ransom_11726
0,0.1666666666666666,0.0,1,2,0.0,0.8333333333333334,ransom_11727
1,0.2,0.0,1,2,0.0,0.8,ransom_11728
0,0.25,0.0,1,1,0.0,0.75,ransom_11729
1,0.05,0.0,1,5,0.0,0.95,ransom_1173
0,0.125,0.0,1,2,0.0,0.875,ransom_11730
0,0.1666666666666666,0.0,1,1,-0.9999999999999992,0.8333333333333334,ransom_11731
1,0.3333333333333333,0.0,1,1,0.0,0.6666666666666666,ransom_11732
0,0.25,0.0,1,1,0.0,0.75,ransom_11733
0,0.0909090909090909,0.0,1,3,0.0,0.9090909090909092,ransom_11734
1,0.3333333333333333,0.0,1,1,0.0,0.6666666666666666,ransom_11735
0,0.2,0.0,1,1,0.0,0.8,ransom_11736
0,0.2,0.0,1,1,0.0,0.8,ransom_11737
0,0.0833333333333333,0.0,1,3,-0.2390457218668779,0.9166666666666666,ransom_11738
5,0.1428571428571428,0.0,1,2,0.0,0.8571428571428571,ransom_11739
0,0.1111111111111111,0.0,1,1,-1.0,0.8888888888888888,ransom_1174
0,0.0625,0.0,1,4,-0.1626109088969974,0.9375,ransom_11740
0,0.2,0.0,1,1,0.0,0.8,ransom_11741
0,0.125,0.0,1,2,0.0,0.875,ransom_11742
0,0.125,0.0,1,2,-0.6454972243679025,0.875,ransom_11743
0,0.1666666666666666,0.0,1,1,-0.9999999999999992,0.8333333333333334,ransom_11744
0,0.3333333333333333,0.0,1,1,0.0,0.6666666666666666,ransom_11745
0,0.2,0.0,1,1,0.0,0.8,ransom_11747
0,0.1428571428571428,0.0,1,2,0.0,0.8571428571428571,ransom_11748
0,0.1,0.0,1,3,0.0,0.9,ransom_11749
0,0.0666666666666666,0.0,1,2,-0.9113820735293288,0.9333333333333332,ransom_1175
2,0.0909090909090909,0.0,1,3,0.0,0.9090909090909092,ransom_11750
0,0.2,0.0,1,1,0.0,0.8,ransom_11751
11,0.0833333333333333,0.0,1,4,0.0173762011714225,0.9166666666666666,ransom_11752
0,0.1666666666666666,0.0,1,1,-0.9999999999999992,0.8333333333333334,ransom_11753
1,0.25,0.0,1,1,0.0,0.75,ransom_11754
0,0.125,0.0,1,3,0.0,0.875,ransom_11755
1,0.1428571428571428,0.0,1,2,0.0,0.8571428571428571,ransom_11756
0,0.2,0.0,1,1,0.0,0.8,ransom_11757
0,0.2,0.0,1,2,0.0,0.8,ransom_11758
0,0.1111111111111111,0.0,1,2,-0.6546536707079772,0.8888888888888888,ransom_11759
0,0.2,0.0,1,1,0.0,0.8,ransom_1176
0,0.25,0.0,1,1,0.0,0.75,ransom_11760
0,0.2,0.0,1,1,0.0,0.8,ransom_11761
0,0.25,0.0,1,1,0.0,0.75,ransom_11762
0,0.3333333333333333,0.0,1,1,0.0,0.6666666666666666,ransom_11763
0,0.2,0.0,1,1,-1.0,0.8,ransom_11764
0,0.25,0.0,1,1,0.0,0.75,ransom_11765
0,0.25,0.0,1,1,0.0,0.75,ransom_11766
0,0.25,0.0,1,1,0.0,0.75,ransom_11767
0,0.1666666666666666,0.0,1,2,0.0,0.8333333333333334,ransom_11768
0,0.25,0.0,1,1,0.0,0.75,ransom_11769
0,0.3333333333333333,0.0,1,1,0.0,0.6666666666666666,ransom_11770
0,0.0833333333333333,0.0,1,3,0.0,0.9166666666666666,ransom_11771
2,0.1,0.0,1,3,0.0,0.9,ransom_11772
0,0.0769230769230769,0.0,1,4,0.0,0.9230769230769232,ransom_11773
0,0.2,0.0,1,1,-1.0,0.8,ransom_11775
0,0.3333333333333333,0.0,1,1,0.0,0.6666666666666666,ransom_11777
0,0.125,0.0,1,2,-0.4880935300919782,0.875,ransom_11778
0,0.1428571428571428,0.0,1,2,0.0,0.8571428571428571,ransom_11779
0,0.2,0.0,1,2,0.0,0.8,ransom_1178
0,0.2,0.0,1,1,0.0,0.8,ransom_11781
0,0.25,0.0,1,1,0.0,0.75,ransom_11782
0,0.25,0.0,1,1,0.0,0.75,ransom_11783
0,0.25,0.0,1,1,0.0,0.75,ransom_11784
0,0.25,0.0,1,1,0.0,0.75,ransom_11785
0,0.3333333333333333,0.0,1,1,0.0,0.6666666666666666,ransom_11787
0,0.1428571428571428,0.0,1,2,0.0,0.8571428571428571,ransom_11788
0,0.2,0.0,1,1,0.0,0.8,ransom_11789
14,0.0833333333333333,0.0,1,2,-0.7390740429532632,0.9166666666666666,ransom_1179
0,0.3333333333333333,0.0,1,1,0.0,0.6666666666666666,ransom_11790
0,0.25,0.0,1,1,0.0,0.75,ransom_11791
0,0.3333333333333333,0.0,1,1,0.0,0.6666666666666666,ransom_11792
0,0.1428571428571428,0.0,1,2,-0.250000000000001,0.8571428571428571,ransom_11793
4,0.125,0.0,1,2,0.0,0.875,ransom_11794
1,0.1666666666666666,0.0,1,2,0.0,0.8333333333333334,ransom_11795
0,0.1666666666666666,0.0,1,2,0.0,0.8333333333333334,ransom_11796
0,0.25,0.0,1,1,0.0,0.75,ransom_11797
0,0.25,0.0,1,1,0.0,0.75,ransom_11798
0,0.0714285714285714,0.0,1,5,0.0,0.9285714285714286,ransom_11800
0,0.25,0.0,1,1,0.0,0.75,ransom_11801
2,0.1,0.0,1,3,0.0,0.9,ransom_11802
0,0.1666666666666666,0.0,1,2,0.0,0.8333333333333334,ransom_11803
2,0.0769230769230769,0.0,1,4,0.0,0.9230769230769232,ransom_11804
0,0.0625,0.0,1,4,-0.1626109088969974,0.9375,ransom_11805
0,0.25,0.0,1,1,0.0,0.75,ransom_11806
0,0.1111111111111111,0.0,1,2,0.0,0.8888888888888888,ransom_11807
0,0.3333333333333333,0.0,1,1,0.0,0.6666666666666666,ransom_11808
0,0.25,0.0,1,1,0.0,0.75,ransom_11810
0,0.2,0.0,1,1,0.0,0.8,ransom_11811
0,0.1111111111111111,0.0,1,2,-0.6546536707079772,0.8888888888888888,ransom_11812
0,0.25,0.0,1,1,0.0,0.75,ransom_11813
0,0.125,0.0,1,2,-0.6454972243679025,0.875,ransom_11814
0,0.25,0.0,1,1,0.0,0.75,ransom_11815
0,0.1428571428571428,0.0,1,2,0.0,0.8571428571428571,ransom_11816
0,0.25,0.0,1,1,0.0,0.75,ransom_11817
0,0.1666666666666666,0.0,1,2,0.0,0.8333333333333334,ransom_11818
1,0.3333333333333333,0.0,1,1,0.0,0.6666666666666666,ransom_11819
0,0.1428571428571428,0.0,1,1,-1.0000000000000002,0.8571428571428571,ransom_1182
0,0.1666666666666666,0.0,1,2,0.0,0.8333333333333334,ransom_11820
0,0.1666666666666666,0.0,1,2,0.0,0.8333333333333334,ransom_11821
1,0.1,0.0,1,3,0.0,0.9,ransom_11822
0,0.1111111111111111,0.0,1,2,0.0,0.8888888888888888,ransom_11823
0,0.25,0.0,1,1,0.0,0.75,ransom_11824
0,0.25,0.0,1,1,0.0,0.75,ransom_11825
1,0.0833333333333333,0.0,1,3,-0.2390457218668779,0.9166666666666666,ransom_11828
1,0.25,0.0,1,1,0.0,0.75,ransom_11829
0,0.2,0.0,1,1,0.0,0.8,ransom_1183
0,0.1666666666666666,0.0,1,1,-0.9999999999999992,0.8333333333333334,ransom_11830
1,0.25,0.0,1,1,0.0,0.75,ransom_11831
2,0.125,0.0,1,3,0.0,0.875,ransom_11832
0,0.1,0.0,1,2,-0.8237544710479152,0.9,ransom_11833
2,0.1428571428571428,0.0,1,2,-0.250000000000001,0.8571428571428571,ransom_11834
0,0.1428571428571428,0.0,1,2,-0.250000000000001,0.8571428571428571,ransom_11835
0,0.1666666666666666,0.0,1,2,0.0,0.8333333333333334,ransom_11836
0,0.1666666666666666,0.0,1,2,0.0,0.8333333333333334,ransom_11838
0,0.2,0.0,1,1,-1.0,0.8,ransom_11839
2,0.0555555555555555,0.0,1,3,-0.600371189651534,0.9444444444444444,ransom_1184
0,0.1666666666666666,0.0,1,1,-0.9999999999999992,0.8333333333333334,ransom_11840
0,0.25,0.0,1,1,0.0,0.75,ransom_11841
0,0.1428571428571428,0.0,1,2,0.0,0.8571428571428571,ransom_11842
0,0.25,0.0,1,1,0.0,0.75,ransom_11843
0,0.1666666666666666,0.0,1,2,0.0,0.8333333333333334,ransom_11844
0,0.3333333333333333,0.0,1,1,0.0,0.6666666666666666,ransom_11845
2,0.1428571428571428,0.0,1,2,0.0,0.8571428571428571,ransom_11846
0,0.125,0.0,1,2,-0.6454972243679025,0.875,ransom_11847
2,0.3333333333333333,0.0,1,1,0.0,0.6666666666666666,ransom_11848
0,0.1111111111111111,0.0,1,3,0.0,0.8888888888888888,ransom_11849
0,0.0909090909090909,0.0,1,3,-0.3202563076101756,0.9090909090909092,ransom_1185
2,0.25,0.0,1,1,0.0,0.75,ransom_11850
0,0.2,0.0,1,1,-1.0,0.8,ransom_11852
0,0.25,0.0,1,1,0.0,0.75,ransom_11853
0,0.125,0.0,1,2,0.0,0.875,ransom_11854
3,0.125,0.0,1,2,0.0,0.875,ransom_11857
0,0.1666666666666666,0.0,1,2,0.0,0.8333333333333334,ransom_11858
0,0.0909090909090909,0.0,1,3,-0.166666666666668,0.9090909090909092,ransom_11859
0,0.1111111111111111,0.0,1,2,0.0,0.8888888888888888,ransom_1186
0,0.25,0.0,1,1,0.0,0.75,ransom_11860
0,0.25,0.0,1,1,0.0,0.75,ransom_11861
0,0.25,0.0,1,1,0.0,0.75,ransom_11862
0,0.1428571428571428,0.0,1,2,-0.250000000000001,0.8571428571428571,ransom_11863
0,0.25,0.0,1,1,0.0,0.75,ransom_11864
0,0.1111111111111111,0.0,1,2,-0.6546536707079772,0.8888888888888888,ransom_11865
2,0.1666666666666666,0.0,1,2,0.0,0.8333333333333334,ransom_11867
5,0.125,0.0,1,2,-0.4880935300919782,0.875,ransom_11868
0,0.25,0.0,1,1,0.0,0.75,ransom_11869
0,0.3333333333333333,0.0,1,1,0.0,0.6666666666666666,ransom_11870
0,0.3333333333333333,0.0,1,1,0.0,0.6666666666666666,ransom_11871
1,0.0909090909090909,0.0,1,3,-0.166666666666668,0.9090909090909092,ransom_11872
1,0.125,0.0,1,3,0.0912870929175268,0.875,ransom_11873
0,0.1,0.0,1,3,0.0,0.9,ransom_11874
0,0.2,0.0,1,1,-1.0,0.8,ransom_11876
0,0.3333333333333333,0.0,1,1,0.0,0.6666666666666666,ransom_11877
0,0.2,0.0,1,2,0.0,0.8,ransom_11878
0,0.3333333333333333,0.0,1,1,0.0,0.6666666666666666,ransom_11879
0,0.0434782608695652,0.0,1,5,-0.1447293425343255,0.9565217391304348,ransom_1188
0,0.1666666666666666,0.0,1,2,0.0,0.8333333333333334,ransom_11880
0,0.0769230769230769,0.0,1,4,0.0,0.9230769230769232,ransom_11881
1,0.2,0.0,1,1,0.0,0.8,ransom_11882
0,0.1666666666666666,0.0,1,2,0.0,0.8333333333333334,ransom_11883
0,0.25,0.0,1,1,0.0,0.75,ransom_11885
0,0.2,0.0,1,1,-1.0,0.8,ransom_11886
0,0.25,0.0,1,1,0.0,0.75,ransom_11888
0,0.2,0.0,1,1,0.0,0.8,ransom_11889
0,0.25,0.0,1,1,0.0,0.75,ransom_1189
0,0.1,0.0,1,3,0.0,0.9,ransom_11890
6,0.0833333333333333,0.0,1,3,-0.3268602252303066,0.9166666666666666,ransom_11891
0,0.25,0.0,1,1,0.0,0.75,ransom_11893
0,0.1428571428571428,0.0,1,2,0.0,0.8571428571428571,ransom_11895
0,0.1666666666666666,0.0,1,2,0.0,0.8333333333333334,ransom_11896
3,0.2,0.0,1,1,0.0,0.8,ransom_11897
0,0.3333333333333333,0.0,1,1,0.0,0.6666666666666666,ransom_11898
0,0.1666666666666666,0.0,1,2,0.0,0.8333333333333334,ransom_11899
0,0.0833333333333333,0.0,1,2,0.0,0.9166666666666666,ransom_1190
1,0.0833333333333333,0.0,1,3,-0.1028688999747275,0.9166666666666666,ransom_11900
0,0.1,0.0,1,3,0.0,0.9,ransom_11901
0,0.2,0.0,1,1,0.0,0.8,ransom_11902
5,0.2,0.0,1,1,0.0,0.8,ransom_11904
0,0.2,0.0,1,1,0.0,0.8,ransom_11905
0,0.3333333333333333,0.0,1,1,0.0,0.6666666666666666,ransom_11906
0,0.1666666666666666,0.0,1,2,0.0,0.8333333333333334,ransom_11908
0,0.25,0.0,1,1,0.0,0.75,ransom_11909
0,0.1428571428571428,0.0,1,1,0.0,0.8571428571428571,ransom_1191
6,0.0833333333333333,0.0,1,4,0.0173762011714225,0.9166666666666666,ransom_11910
0,0.3333333333333333,0.0,1,1,0.0,0.6666666666666666,ransom_11911
2,0.1666666666666666,0.0,1,2,0.0,0.8333333333333334,ransom_11912
0,0.1666666666666666,0.0,1,1,-0.9999999999999992,0.8333333333333334,ransom_11913
0,0.2,0.0,1,1,0.0,0.8,ransom_11914
0,0.1428571428571428,0.0,1,2,0.0,0.8571428571428571,ransom_11915
0,0.25,0.0,1,1,0.0,0.75,ransom_11916
1,0.0909090909090909,0.0,1,3,-0.1666666666666678,0.9090909090909092,ransom_11917
0,0.125,0.0,1,2,-0.166666666666668,0.875,ransom_11919
0,0.2,0.0,1,1,0.0,0.8,ransom_1192
0,0.25,0.0,1,1,0.0,0.75,ransom_11921
0,0.25,0.0,1,1,0.0,0.75,ransom_11922
0,0.3333333333333333,0.0,1,1,0.0,0.6666666666666666,ransom_11923
0,0.25,0.0,1,1,0.0,0.75,ransom_11924
1,0.0769230769230769,0.0,1,3,-0.4780914437337626,0.9230769230769232,ransom_11926
0,0.25,0.0,1,1,0.0,0.75,ransom_11928
3,0.1,0.0,1,3,0.0,0.9,ransom_11929
0,0.1428571428571428,0.0,1,1,0.0,0.8571428571428571,ransom_1193
1,0.25,0.0,1,1,0.0,0.75,ransom_11930
0,0.3333333333333333,0.0,1,1,0.0,0.6666666666666666,ransom_11932
1,0.25,0.0,1,1,0.0,0.75,ransom_11933
1,0.1666666666666666,0.0,1,2,0.0,0.8333333333333334,ransom_11934
0,0.3333333333333333,0.0,1,1,0.0,0.6666666666666666,ransom_11935
0,0.1111111111111111,0.0,1,3,0.0,0.8888888888888888,ransom_11936
0,0.25,0.0,1,1,0.0,0.75,ransom_11937
0,0.3333333333333333,0.0,1,1,0.0,0.6666666666666666,ransom_11938
0,0.1111111111111111,0.0,1,2,-0.6546536707079772,0.8888888888888888,ransom_11939
1,0.0714285714285714,0.0,1,3,0.0,0.9285714285714286,ransom_1194
0,0.1428571428571428,0.0,1,2,0.0,0.8571428571428571,ransom_11941
0,0.2,0.0,1,1,0.0,0.8,ransom_11942
2,0.1428571428571428,0.0,1,2,-0.250000000000001,0.8571428571428571,ransom_11945
0,0.25,0.0,1,1,0.0,0.75,ransom_11946
0,0.1666666666666666,0.0,1,2,0.0,0.8333333333333334,ransom_11947
0,0.3333333333333333,0.0,1,1,0.0,0.6666666666666666,ransom_11948
0,0.1428571428571428,0.0,1,2,0.0,0.8571428571428571,ransom_11949
0,0.25,0.0,1,1,0.0,0.75,ransom_11950
0,0.1666666666666666,0.0,1,2,0.0,0.8333333333333334,ransom_11951
0,0.1,0.0,1,3,0.0,0.9,ransom_11952
0,0.2,0.0,1,1,0.0,0.8,ransom_11953
0,0.2,0.0,1,1,-1.0,0.8,ransom_11954
0,0.2,0.0,1,1,0.0,0.8,ransom_11955
0,0.0714285714285714,0.0,1,3,-0.4813299149207699,0.9285714285714286,ransom_11956
0,0.125,0.0,1,3,0.0,0.875,ransom_11957
0,0.1666666666666666,0.0,1,2,0.0,0.8333333333333334,ransom_11958
0,0.25,0.0,1,1,0.0,0.75,ransom_11959
0,0.1111111111111111,0.0,1,3,0.0,0.8888888888888888,ransom_11961
1,0.3333333333333333,0.0,1,1,0.0,0.6666666666666666,ransom_11962
0,0.25,0.0,1,1,0.0,0.75,ransom_11963
1,0.125,0.0,1,2,0.0,0.875,ransom_11964
1,0.1666666666666666,0.0,1,2,0.0,0.8333333333333334,ransom_11965
0,0.3333333333333333,0.0,1,1,0.0,0.6666666666666666,ransom_11967
3,0.1111111111111111,0.0,1,3,0.0,0.8888888888888888,ransom_11968
0,0.1666666666666666,0.0,1,2,0.0,0.8333333333333334,ransom_11969
1,0.0454545454545454,0.0,1,4,-0.5314433683814116,0.9545454545454546,ransom_1197
0,0.1111111111111111,0.0,1,2,0.0,0.8888888888888888,ransom_11971
0,0.1666666666666666,0.0,1,2,0.1666666666666655,0.8333333333333334,ransom_11972
3,0.3333333333333333,0.0,1,1,0.0,0.6666666666666666,ransom_11974
0,0.25,0.0,1,1,0.0,0.75,ransom_11975
2,0.125,0.0,1,2,0.0,0.875,ransom_11979
0,0.0588235294117647,0.0,1,2,-0.9152086306448588,0.9411764705882352,ransom_1198
0,0.2,0.0,1,1,0.0,0.8,ransom_11983
0,0.25,0.0,1,1,0.0,0.75,ransom_11984
0,0.1428571428571428,0.0,1,2,0.0,0.8571428571428571,ransom_11985
0,0.2,0.0,1,1,0.0,0.8,ransom_11986
0,0.1666666666666666,0.0,1,2,0.0,0.8333333333333334,ransom_11987
1,0.125,0.0,1,2,0.0,0.875,ransom_11988
0,0.25,0.0,1,1,0.0,0.75,ransom_11989
0,0.0625,0.0,1,4,-0.1972248222390367,0.9375,ransom_1199
0,0.2,0.0,1,2,0.0,0.8,ransom_11990
0,0.3333333333333333,0.0,1,1,0.0,0.6666666666666666,ransom_11991
0,0.125,0.0,1,2,0.0,0.875,ransom_11994
0,0.25,0.0,1,1,0.0,0.75,ransom_11995
0,0.3333333333333333,0.0,1,1,0.0,0.6666666666666666,ransom_11996
0,0.25,0.0,1,1,0.0,0.75,ransom_11997
0,0.2,0.0,1,1,0.0,0.8,ransom_11998
9,0.0285714285714285,0.0,1,8,-0.1550464090143438,0.9714285714285714,ransom_1200
0,0.25,0.0,1,1,0.0,0.75,ransom_12001
0,0.1,0.0,1,3,0.0,0.9,ransom_12002
0,0.25,0.0,1,1,0.0,0.75,ransom_12003
0,0.25,0.0,1,1,0.0,0.75,ransom_12004
0,0.125,0.0,1,2,0.0,0.875,ransom_12005
1,0.25,0.0,1,1,0.0,0.75,ransom_12006
0,0.3333333333333333,0.0,1,1,0.0,0.6666666666666666,ransom_12007
0,0.1428571428571428,0.0,1,2,-0.250000000000001,0.8571428571428571,ransom_12008
0,0.1111111111111111,0.0,1,3,0.0,0.8888888888888888,ransom_12009
7,0.125,0.0,1,2,0.0,0.875,ransom_1201
0,0.0833333333333333,0.0,1,4,0.0,0.9166666666666666,ransom_12012
4,0.1111111111111111,0.0,1,2,0.0,0.8888888888888888,ransom_12013
0,0.3333333333333333,0.0,1,1,0.0,0.6666666666666666,ransom_12014
4,0.125,0.0,1,3,0.0912870929175268,0.875,ransom_12016
0,0.2,0.0,1,1,-1.0,0.8,ransom_12017
0,0.25,0.0,1,1,0.0,0.75,ransom_12018
0,0.125,0.0,1,1,0.0,0.875,ransom_1202
0,0.1428571428571428,0.0,1,2,0.0,0.8571428571428571,ransom_12020
0,0.1111111111111111,0.0,1,2,-0.6546536707079772,0.8888888888888888,ransom_12021
0,0.25,0.0,1,1,0.0,0.75,ransom_12024
1,0.1666666666666666,0.0,1,2,0.0,0.8333333333333334,ransom_12026
0,0.1666666666666666,0.0,1,2,0.0,0.8333333333333334,ransom_12027
0,0.0909090909090909,0.0,1,3,0.0,0.9090909090909092,ransom_12029
7,0.3333333333333333,0.0,1,1,0.0,0.6666666666666666,ransom_1203
0,0.25,0.0,1,1,0.0,0.75,ransom_12030
0,0.3333333333333333,0.0,1,1,0.0,0.6666666666666666,ransom_12031
0,0.1428571428571428,0.0,1,2,0.0,0.8571428571428571,ransom_12032
0,0.125,0.0,1,2,0.0,0.875,ransom_12035
0,0.25,0.0,1,1,0.0,0.75,ransom_12038
0,0.0714285714285714,0.0,1,4,0.0,0.9285714285714286,ransom_12039
0,0.25,0.0,1,1,0.0,0.75,ransom_12040
0,0.125,0.0,1,2,0.0,0.875,ransom_12041
0,0.2,0.0,1,1,0.0,0.8,ransom_12042
0,0.1428571428571428,0.0,1,2,-0.250000000000001,0.8571428571428571,ransom_12043
0,0.25,0.0,1,1,0.0,0.75,ransom_12044
0,0.3333333333333333,0.0,1,1,0.0,0.6666666666666666,ransom_12046
0,0.3333333333333333,0.0,1,1,0.0,0.6666666666666666,ransom_12047
0,0.2,0.0,1,1,0.0,0.8,ransom_1205
1,0.1,0.0,1,2,-0.8237544710479152,0.9,ransom_12050
0,0.3333333333333333,0.0,1,1,0.0,0.6666666666666666,ransom_12051
0,0.25,0.0,1,1,0.0,0.75,ransom_12052
0,0.25,0.0,1,1,0.0,0.75,ransom_12053
3,0.125,0.0,1,2,0.0,0.875,ransom_12055
0,0.25,0.0,1,1,0.0,0.75,ransom_12056
0,0.2,0.0,1,1,-1.0,0.8,ransom_12057
0,0.3333333333333333,0.0,1,1,0.0,0.6666666666666666,ransom_12058
0,0.1111111111111111,0.0,1,2,-0.6546536707079772,0.8888888888888888,ransom_12059
0,0.3333333333333333,0.0,1,1,0.0,0.6666666666666666,ransom_1206
0,0.2,0.0,1,1,-1.0,0.8,ransom_12060
0,0.2,0.0,1,1,0.0,0.8,ransom_12062
0,0.1666666666666666,0.0,1,2,0.0,0.8333333333333334,ransom_12063
1,0.0909090909090909,0.0,1,3,0.0,0.9090909090909092,ransom_12064
2,0.1666666666666666,0.0,1,2,0.0,0.8333333333333334,ransom_12066
3,0.1,0.0,1,3,0.0,0.9,ransom_12068
0,0.2,0.0,1,1,0.0,0.8,ransom_12069
0,0.25,0.0,1,1,0.0,0.75,ransom_12070
0,0.1428571428571428,0.0,1,2,0.0,0.8571428571428571,ransom_12071
0,0.2,0.0,1,1,-1.0,0.8,ransom_12072
0,0.3333333333333333,0.0,1,1,0.0,0.6666666666666666,ransom_12073
9,0.0714285714285714,0.0,1,4,-0.0769321818620843,0.9285714285714286,ransom_12074
0,0.1428571428571428,0.0,1,2,0.0,0.8571428571428571,ransom_12075
0,0.25,0.0,1,1,0.0,0.75,ransom_12076
0,0.1428571428571428,0.0,1,2,-0.250000000000001,0.8571428571428571,ransom_12077
0,0.25,0.0,1,1,0.0,0.75,ransom_12078
1,0.1,0.0,1,2,-0.8237544710479152,0.9,ransom_12079
0,0.2,0.0,1,1,-1.0,0.8,ransom_1208
0,0.25,0.0,1,1,0.0,0.75,ransom_12080
0,0.1111111111111111,0.0,1,2,-0.6546536707079772,0.8888888888888888,ransom_12081
0,0.3333333333333333,0.0,1,1,0.0,0.6666666666666666,ransom_12082
0,0.25,0.0,1,1,0.0,0.75,ransom_12085
2,0.1428571428571428,0.0,1,2,-0.250000000000001,0.8571428571428571,ransom_12086
1,0.125,0.0,1,2,-0.4880935300919782,0.875,ransom_12087
0,0.2,0.0,1,1,-1.0,0.8,ransom_12088
3,0.1666666666666666,0.0,1,2,0.0,0.8333333333333334,ransom_12089
0,0.0714285714285714,0.0,1,3,0.0,0.9285714285714286,ransom_1209
0,0.1666666666666666,0.0,1,2,0.0,0.8333333333333334,ransom_12090
3,0.25,0.0,1,1,0.0,0.75,ransom_12092
0,0.1428571428571428,0.0,1,2,0.0,0.8571428571428571,ransom_12094
0,0.25,0.0,1,1,0.0,0.75,ransom_12095
0,0.1428571428571428,0.0,1,2,0.0,0.8571428571428571,ransom_12096
0,0.1111111111111111,0.0,1,2,-0.6546536707079772,0.8888888888888888,ransom_12097
0,0.2,0.0,1,1,0.0,0.8,ransom_12098
0,0.2,0.0,1,1,-1.0,0.8,ransom_12099
0,0.125,0.0,1,1,-0.9999999999999996,0.875,ransom_1210
0,0.1111111111111111,0.0,1,2,-0.6546536707079772,0.8888888888888888,ransom_12100
0,0.2,0.0,1,1,-1.0,0.8,ransom_12102
0,0.3333333333333333,0.0,1,1,0.0,0.6666666666666666,ransom_12104
0,0.3333333333333333,0.0,1,1,0.0,0.6666666666666666,ransom_12105
0,0.0909090909090909,0.0,1,3,-0.2500000000000005,0.9090909090909092,ransom_12106
0,0.25,0.0,1,1,0.0,0.75,ransom_12107
1,0.25,0.0,1,1,0.0,0.75,ransom_12109
0,0.25,0.0,1,1,0.0,0.75,ransom_1211
0,0.25,0.0,1,1,0.0,0.75,ransom_12111
0,0.25,0.0,1,1,0.0,0.75,ransom_12112
0,0.2,0.0,1,1,0.0,0.8,ransom_12113
0,0.25,0.0,1,1,0.0,0.75,ransom_12114
1,0.0833333333333333,0.0,1,4,0.0,0.9166666666666666,ransom_12116
0,0.2,0.0,1,1,-1.0,0.8,ransom_12117
2,0.25,0.0,1,1,0.0,0.75,ransom_12118
0,0.1428571428571428,0.0,1,2,0.0,0.8571428571428571,ransom_12119
0,0.1,0.0,1,3,-0.0805822964025377,0.9,ransom_12120
0,0.1666666666666666,0.0,1,2,0.0,0.8333333333333334,ransom_12121
0,0.2,0.0,1,1,0.0,0.8,ransom_12122
0,0.25,0.0,1,1,0.0,0.75,ransom_12123
0,0.2,0.0,1,1,0.0,0.8,ransom_12124
0,0.1111111111111111,0.0,1,3,0.0,0.8888888888888888,ransom_12125
0,0.1428571428571428,0.0,1,2,0.0,0.8571428571428571,ransom_12126
1,0.0666666666666666,0.0,1,4,0.0499999999999997,0.9333333333333332,ransom_12127
2,0.1666666666666666,0.0,1,2,0.0,0.8333333333333334,ransom_12128
0,0.2,0.0,1,2,0.0,0.8,ransom_12129
1,0.125,0.0,1,2,0.0,0.875,ransom_12130
0,0.1428571428571428,0.0,1,2,0.0,0.8571428571428571,ransom_12131
5,0.1111111111111111,0.0,1,2,-0.6546536707079772,0.8888888888888888,ransom_12132
2,0.2,0.0,1,1,-1.0,0.8,ransom_12133
0,0.0769230769230769,0.0,1,3,-0.1856953381770529,0.9230769230769232,ransom_12134
0,0.1428571428571428,0.0,1,2,0.0,0.8571428571428571,ransom_12136
2,0.1666666666666666,0.0,1,2,0.0,0.8333333333333334,ransom_12137
1,0.3333333333333333,0.0,1,1,0.0,0.6666666666666666,ransom_12138
0,0.25,0.0,1,1,0.0,0.75,ransom_12139
15,0.0625,0.0,1,5,4.216374612302231e-16,0.9375,ransom_1214
0,0.25,0.0,1,1,0.0,0.75,ransom_12140
0,0.3333333333333333,0.0,1,1,0.0,0.6666666666666666,ransom_12141
0,0.125,0.0,1,2,-0.4880935300919782,0.875,ransom_12143
0,0.3333333333333333,0.0,1,1,0.0,0.6666666666666666,ransom_12144
0,0.2,0.0,1,1,0.0,0.8,ransom_12145
1,0.1,0.0,1,3,-0.0805822964025377,0.9,ransom_12146
2,0.1666666666666666,0.0,1,2,0.0,0.8333333333333334,ransom_12148
0,0.2,0.0,1,1,0.0,0.8,ransom_1215
0,0.25,0.0,1,1,0.0,0.75,ransom_12150
0,0.1428571428571428,0.0,1,2,0.0,0.8571428571428571,ransom_12151
0,0.3333333333333333,0.0,1,1,0.0,0.6666666666666666,ransom_12152
0,0.1666666666666666,0.0,1,1,-0.9999999999999992,0.8333333333333334,ransom_12153
0,0.25,0.0,1,1,0.0,0.75,ransom_12154
1,0.25,0.0,1,1,0.0,0.75,ransom_12155
0,0.1428571428571428,0.0,1,2,0.0,0.8571428571428571,ransom_12156
0,0.3333333333333333,0.0,1,1,0.0,0.6666666666666666,ransom_12157
2,0.1666666666666666,0.0,1,2,0.0,0.8333333333333334,ransom_12158
0,0.1428571428571428,0.0,1,1,0.0,0.8571428571428571,ransom_1216
0,0.1666666666666666,0.0,1,2,0.0,0.8333333333333334,ransom_12160
0,0.1428571428571428,0.0,1,2,0.0,0.8571428571428571,ransom_12161
0,0.125,0.0,1,2,0.0,0.875,ransom_12162
3,0.0714285714285714,0.0,1,3,-0.6770032003863304,0.9285714285714286,ransom_12163
0,0.0909090909090909,0.0,1,3,-0.166666666666668,0.9090909090909092,ransom_12165
0,0.1111111111111111,0.0,1,2,0.0,0.8888888888888888,ransom_12166
0,0.1666666666666666,0.0,1,1,-0.9999999999999992,0.8333333333333334,ransom_12167
2,0.0666666666666666,0.0,1,4,-0.0912870929175288,0.9333333333333332,ransom_12169
0,0.0714285714285714,0.0,1,2,-0.8137549989765098,0.9285714285714286,ransom_1217
0,0.2,0.0,1,1,0.0,0.8,ransom_12170
0,0.1428571428571428,0.0,1,2,0.0,0.8571428571428571,ransom_12171
2,0.1428571428571428,0.0,1,2,-0.250000000000001,0.8571428571428571,ransom_12174
1,0.1428571428571428,0.0,1,2,-0.250000000000001,0.8571428571428571,ransom_12175
0,0.3333333333333333,0.0,1,1,0.0,0.6666666666666666,ransom_12176
0,0.25,0.0,1,1,0.0,0.75,ransom_12177
0,0.2,0.0,1,1,-1.0,0.8,ransom_12178
0,0.2,0.0,1,1,0.0,0.8,ransom_12179
0,0.1666666666666666,0.0,1,1,-0.9999999999999992,0.8333333333333334,ransom_1218
0,0.2,0.0,1,1,-1.0,0.8,ransom_12180
0,0.1666666666666666,0.0,1,2,0.0,0.8333333333333334,ransom_12181
0,0.1428571428571428,0.0,1,2,0.0,0.8571428571428571,ransom_12182
0,0.2,0.0,1,1,0.0,0.8,ransom_12183
0,0.1428571428571428,0.0,1,2,0.0,0.8571428571428571,ransom_12184
0,0.2,0.0,1,1,-1.0,0.8,ransom_12185
0,0.1,0.0,1,3,0.0,0.9,ransom_12186
0,0.25,0.0,1,1,0.0,0.75,ransom_12187
0,0.25,0.0,1,1,0.0,0.75,ransom_12188
1,0.0909090909090909,0.0,1,3,-0.2500000000000005,0.9090909090909092,ransom_12189
0,0.1666666666666666,0.0,1,1,0.0,0.8333333333333334,ransom_1219
1,0.1111111111111111,0.0,1,3,0.0,0.8888888888888888,ransom_12190
0,0.25,0.0,1,1,0.0,0.75,ransom_12191
1,0.1111111111111111,0.0,1,3,0.0,0.8888888888888888,ransom_12192
0,0.25,0.0,1,1,0.0,0.75,ransom_12193
1,0.1666666666666666,0.0,1,1,-0.9999999999999992,0.8333333333333334,ransom_12194
0,0.2,0.0,1,1,0.0,0.8,ransom_12195
0,0.1,0.0,1,3,-0.0805822964025377,0.9,ransom_12197
3,0.25,0.0,1,1,0.0,0.75,ransom_12198
0,0.3333333333333333,0.0,1,1,0.0,0.6666666666666666,ransom_12199
0,0.1666666666666666,0.0,1,1,0.0,0.8333333333333334,ransom_1220
0,0.3333333333333333,0.0,1,1,0.0,0.6666666666666666,ransom_12201
0,0.2,0.0,1,1,-1.0,0.8,ransom_12202
0,0.25,0.0,1,1,0.0,0.75,ransom_12204
0,0.1666666666666666,0.0,1,2,0.0,0.8333333333333334,ransom_12205
0,0.25,0.0,1,1,0.0,0.75,ransom_12208
0,0.25,0.0,1,1,0.0,0.75,ransom_12209
0,0.25,0.0,1,1,0.0,0.75,ransom_1221
0,0.3333333333333333,0.0,1,1,0.0,0.6666666666666666,ransom_12210
0,0.2,0.0,1,1,0.0,0.8,ransom_12212
0,0.2,0.0,1,1,0.0,0.8,ransom_12213
0,0.25,0.0,1,1,0.0,0.75,ransom_12214
0,0.25,0.0,1,1,0.0,0.75,ransom_12215
2,0.1428571428571428,0.0,1,2,0.0,0.8571428571428571,ransom_12216
4,0.1428571428571428,0.0,1,2,0.0,0.8571428571428571,ransom_12217
0,0.1428571428571428,0.0,1,2,0.0,0.8571428571428571,ransom_12218
0,0.1111111111111111,0.0,1,3,0.0,0.8888888888888888,ransom_12219
0,0.125,0.0,1,1,-0.9999999999999994,0.875,ransom_1222
0,0.2,0.0,1,1,0.0,0.8,ransom_12220
13,0.1111111111111111,0.0,1,3,0.0,0.8888888888888888,ransom_12221
0,0.0714285714285714,0.0,1,4,-0.0769321818620843,0.9285714285714286,ransom_12222
7,0.3333333333333333,0.0,1,1,0.0,0.6666666666666666,ransom_12223
0,0.3333333333333333,0.0,1,1,0.0,0.6666666666666666,ransom_12224
1,0.2,0.0,1,1,0.0,0.8,ransom_12225
1,0.125,0.0,1,2,-0.6454972243679025,0.875,ransom_12226
0,0.3333333333333333,0.0,1,1,0.0,0.6666666666666666,ransom_12227
0,0.1111111111111111,0.0,1,2,-0.6546536707079772,0.8888888888888888,ransom_12228
0,0.1111111111111111,0.0,1,2,-0.6546536707079772,0.8888888888888888,ransom_1223
1,0.1428571428571428,0.0,1,2,0.0,0.8571428571428571,ransom_12231
0,0.0833333333333333,0.0,1,3,0.0,0.9166666666666666,ransom_12232
0,0.2,0.0,1,1,-1.0,0.8,ransom_12234
0,0.25,0.0,1,1,0.0,0.75,ransom_12235
0,0.1666666666666666,0.0,1,2,0.0,0.8333333333333334,ransom_12236
0,0.0833333333333333,0.0,1,3,-0.2390457218668779,0.9166666666666666,ransom_12237
1,0.25,0.0,1,1,0.0,0.75,ransom_12238
0,0.3333333333333333,0.0,1,1,0.0,0.6666666666666666,ransom_12239
3,0.0416666666666666,0.0,1,6,-0.2125329407316838,0.9583333333333334,ransom_1224
0,0.3333333333333333,0.0,1,1,0.0,0.6666666666666666,ransom_12240
0,0.0909090909090909,0.0,1,3,-5.851389114294497e-16,0.9090909090909092,ransom_12241
0,0.25,0.0,1,1,0.0,0.75,ransom_12243
0,0.25,0.0,1,1,0.0,0.75,ransom_12244
2,0.0833333333333333,0.0,1,4,0.0,0.9166666666666666,ransom_12245
0,0.125,0.0,1,2,-0.4880935300919782,0.875,ransom_12246
0,0.0555555555555555,0.0,1,5,-3.501225939933164e-16,0.9444444444444444,ransom_12248
2,0.25,0.0,1,1,0.0,0.75,ransom_12249
0,0.3333333333333333,0.0,1,1,0.0,0.6666666666666666,ransom_1225
0,0.3333333333333333,0.0,1,1,0.0,0.6666666666666666,ransom_12250
12,0.0909090909090909,0.0,1,3,-0.2500000000000005,0.9090909090909092,ransom_12251
0,0.25,0.0,1,1,0.0,0.75,ransom_12252
0,0.2,0.0,1,1,0.0,0.8,ransom_12253
0,0.25,0.0,1,1,0.0,0.75,ransom_12254
0,0.3333333333333333,0.0,1,1,0.0,0.6666666666666666,ransom_12255
0,0.3333333333333333,0.0,1,1,0.0,0.6666666666666666,ransom_12256
0,0.25,0.0,1,1,0.0,0.75,ransom_12257
1,0.1428571428571428,0.0,1,2,0.0,0.8571428571428571,ransom_12259
1,0.0714285714285714,0.0,1,3,-0.486172434804399,0.9285714285714286,ransom_1226
0,0.125,0.0,1,2,-0.6454972243679025,0.875,ransom_12260
0,0.3333333333333333,0.0,1,1,0.0,0.6666666666666666,ransom_12261
1,0.0714285714285714,0.0,1,4,0.0,0.9285714285714286,ransom_12262
1,0.125,0.0,1,2,0.0,0.875,ransom_12264
12,0.1428571428571428,0.0,1,2,0.0,0.8571428571428571,ransom_12265
0,0.2,0.0,1,1,0.0,0.8,ransom_12266
7,0.1111111111111111,0.0,1,3,0.0,0.8888888888888888,ransom_12268
0,0.1666666666666666,0.0,1,2,0.0,0.8333333333333334,ransom_12269
0,0.3333333333333333,0.0,1,1,0.0,0.6666666666666666,ransom_12270
1,0.0909090909090909,0.0,1,3,-0.2500000000000005,0.9090909090909092,ransom_12271
0,0.25,0.0,1,1,0.0,0.75,ransom_12272
0,0.25,0.0,1,1,0.0,0.75,ransom_12274
0,0.2,0.0,1,1,0.0,0.8,ransom_12275
2,0.0714285714285714,0.0,1,4,-0.0162564022190598,0.9285714285714286,ransom_12276
1,0.25,0.0,1,1,0.0,0.75,ransom_12277
0,0.3333333333333333,0.0,1,1,0.0,0.6666666666666666,ransom_12278
0,0.2,0.0,1,2,0.0,0.8,ransom_12279
0,0.1666666666666666,0.0,1,1,0.0,0.8333333333333334,ransom_1228
1,0.3333333333333333,0.0,1,1,0.0,0.6666666666666666,ransom_12280
0,0.25,0.0,1,1,0.0,0.75,ransom_12281
0,0.25,0.0,1,1,0.0,0.75,ransom_12282
0,0.1666666666666666,0.0,1,1,-0.9999999999999992,0.8333333333333334,ransom_12283
0,0.25,0.0,1,1,0.0,0.75,ransom_12284
0,0.25,0.0,1,1,0.0,0.75,ransom_12285
0,0.1428571428571428,0.0,1,2,0.0,0.8571428571428571,ransom_12286
0,0.1,0.0,1,3,0.0,0.9,ransom_12287
0,0.1,0.0,1,3,0.0,0.9,ransom_12289
0,0.125,0.0,1,2,0.0,0.875,ransom_1229
0,0.25,0.0,1,1,0.0,0.75,ransom_12290
1,0.3333333333333333,0.0,1,1,0.0,0.6666666666666666,ransom_12291
0,0.3333333333333333,0.0,1,1,0.0,0.6666666666666666,ransom_12292
0,0.25,0.0,1,1,0.0,0.75,ransom_12293
1,0.0555555555555555,0.0,1,5,0.0,0.9444444444444444,ransom_12294
0,0.1428571428571428,0.0,1,2,-0.250000000000001,0.8571428571428571,ransom_12295
1,0.1428571428571428,0.0,1,2,0.0,0.8571428571428571,ransom_12297
0,0.25,0.0,1,1,0.0,0.75,ransom_12298
2,0.125,0.0,1,2,0.0,0.875,ransom_12299
0,0.1,0.0,1,3,-0.0805822964025377,0.9,ransom_1230
2,0.1428571428571428,0.0,1,2,0.0,0.8571428571428571,ransom_12301
0,0.1666666666666666,0.0,1,1,-0.9999999999999992,0.8333333333333334,ransom_12302
0,0.1428571428571428,0.0,1,2,0.0,0.8571428571428571,ransom_12303
0,0.1666666666666666,0.0,1,1,-0.9999999999999992,0.8333333333333334,ransom_12304
0,0.3333333333333333,0.0,1,1,0.0,0.6666666666666666,ransom_12305
0,0.1666666666666666,0.0,1,2,0.0,0.8333333333333334,ransom_12308
0,0.25,0.0,1,1,0.0,0.75,ransom_12309
0,0.0555555555555555,0.0,1,2,-0.9598953080526268,0.9444444444444444,ransom_1231
0,0.2,0.0,1,1,0.0,0.8,ransom_12310
0,0.2,0.0,1,1,0.0,0.8,ransom_12311
0,0.25,0.0,1,1,0.0,0.75,ransom_12312
0,0.1666666666666666,0.0,1,2,0.0,0.8333333333333334,ransom_12313
0,0.1,0.0,1,3,0.0,0.9,ransom_12314
0,0.2,0.0,1,1,0.0,0.8,ransom_12315
0,0.25,0.0,1,1,0.0,0.75,ransom_12316
1,0.1428571428571428,0.0,1,2,0.0,0.8571428571428571,ransom_12317
0,0.3333333333333333,0.0,1,1,0.0,0.6666666666666666,ransom_12318
0,0.25,0.0,1,1,0.0,0.75,ransom_12319
1,0.1428571428571428,0.0,1,2,0.0,0.8571428571428571,ransom_1232
0,0.2,0.0,1,1,0.0,0.8,ransom_12320
0,0.25,0.0,1,1,0.0,0.75,ransom_12322
0,0.3333333333333333,0.0,1,1,0.0,0.6666666666666666,ransom_12323
1,0.25,0.0,1,1,0.0,0.75,ransom_12324
0,0.25,0.0,1,1,0.0,0.75,ransom_12325
1,0.3333333333333333,0.0,1,1,0.0,0.6666666666666666,ransom_12326
0,0.1666666666666666,0.0,1,2,0.0,0.8333333333333334,ransom_12327
0,0.125,0.0,1,2,0.0,0.875,ransom_12328
0,0.2,0.0,1,1,0.0,0.8,ransom_12329
0,0.2,0.0,1,1,0.0,0.8,ransom_1233
3,0.2,0.0,1,2,0.0,0.8,ransom_12330
0,0.1428571428571428,0.0,1,2,-0.250000000000001,0.8571428571428571,ransom_12331
0,0.1428571428571428,0.0,1,2,-0.250000000000001,0.8571428571428571,ransom_12332
4,0.0833333333333333,0.0,1,3,0.0,0.9166666666666666,ransom_12333
1,0.0833333333333333,0.0,1,3,0.0,0.9166666666666666,ransom_12334
0,0.1111111111111111,0.0,1,2,-0.6546536707079772,0.8888888888888888,ransom_12336
0,0.125,0.0,1,2,0.0,0.875,ransom_12337
0,0.1,0.0,1,3,0.0,0.9,ransom_12338
0,0.2,0.0,1,1,-1.0,0.8,ransom_12339
0,0.0714285714285714,0.0,1,3,-0.4813299149207699,0.9285714285714286,ransom_1234
0,0.0833333333333333,0.0,1,3,-0.3268602252303066,0.9166666666666666,ransom_12340
1,0.25,0.0,1,1,0.0,0.75,ransom_12341
0,0.2,0.0,1,1,0.0,0.8,ransom_12342
0,0.1,0.0,1,3,0.0,0.9,ransom_12343
4,0.1428571428571428,0.0,1,2,0.0,0.8571428571428571,ransom_12344
52,0.3333333333333333,0.0,1,1,0.0,0.6666666666666666,ransom_12345
0,0.25,0.0,1,1,0.0,0.75,ransom_12346
0,0.0666666666666666,0.0,1,4,-0.1473139127471972,0.9333333333333332,ransom_12347
0,0.125,0.0,1,2,0.0,0.875,ransom_12348
0,0.25,0.0,1,1,0.0,0.75,ransom_1235
0,0.25,0.0,1,1,0.0,0.75,ransom_12350
0,0.3333333333333333,0.0,1,1,0.0,0.6666666666666666,ransom_12352
0,0.125,0.0,1,3,0.0,0.875,ransom_12353
0,0.1428571428571428,0.0,1,2,0.0,0.8571428571428571,ransom_12354
0,0.3333333333333333,0.0,1,1,0.0,0.6666666666666666,ransom_12355
0,0.1,0.0,1,3,0.0,0.9,ransom_12357
0,0.3333333333333333,0.0,1,1,0.0,0.6666666666666666,ransom_12358
0,0.25,0.0,1,1,0.0,0.75,ransom_12359
3,0.125,0.0,1,2,-0.4880935300919782,0.875,ransom_1236
0,0.25,0.0,1,1,0.0,0.75,ransom_12360
0,0.25,0.0,1,1,0.0,0.75,ransom_12361
1,0.125,0.0,1,2,-0.6454972243679025,0.875,ransom_12363
0,0.1428571428571428,0.0,1,2,0.0,0.8571428571428571,ransom_12364
0,0.25,0.0,1,1,0.0,0.75,ransom_12365
0,0.3333333333333333,0.0,1,1,0.0,0.6666666666666666,ransom_12366
0,0.3333333333333333,0.0,1,1,0.0,0.6666666666666666,ransom_12367
0,0.1666666666666666,0.0,1,2,0.0,0.8333333333333334,ransom_12369
0,0.1666666666666666,0.0,1,1,0.0,0.8333333333333334,ransom_1237
0,0.2,0.0,1,1,-1.0,0.8,ransom_12371
1,0.125,0.0,1,2,0.0,0.875,ransom_12372
0,0.3333333333333333,0.0,1,1,0.0,0.6666666666666666,ransom_12374
1,0.25,0.0,1,1,0.0,0.75,ransom_12375
0,0.1,0.0,1,3,-0.0805822964025377,0.9,ransom_12376
0,0.1428571428571428,0.0,1,2,0.0,0.8571428571428571,ransom_12377
0,0.3333333333333333,0.0,1,1,0.0,0.6666666666666666,ransom_12378
1,0.1111111111111111,0.0,1,2,-0.6546536707079772,0.8888888888888888,ransom_12379
2,0.0833333333333333,0.0,1,3,-0.1692777916923357,0.9166666666666666,ransom_1238
0,0.2,0.0,1,1,-1.0,0.8,ransom_12380
0,0.125,0.0,1,2,0.0,0.875,ransom_12382
2,0.1111111111111111,0.0,1,2,-0.5773502691896258,0.8888888888888888,ransom_12383
0,0.25,0.0,1,1,0.0,0.75,ransom_12384
1,0.1111111111111111,0.0,1,3,0.0,0.8888888888888888,ransom_12385
0,0.1666666666666666,0.0,1,1,-0.9999999999999992,0.8333333333333334,ransom_12386
0,0.2,0.0,1,1,-1.0,0.8,ransom_12387
0,0.1428571428571428,0.0,1,2,-0.250000000000001,0.8571428571428571,ransom_12388
2,0.125,0.0,1,2,-0.6454972243679025,0.875,ransom_12389
0,0.1666666666666666,0.0,1,2,0.0,0.8333333333333334,ransom_12393
0,0.0833333333333333,0.0,1,3,-0.3888888888888903,0.9166666666666666,ransom_12395
0,0.25,0.0,1,1,0.0,0.75,ransom_12396
5,0.25,0.0,1,1,0.0,0.75,ransom_12397
0,0.1666666666666666,0.0,1,1,0.0,0.8333333333333334,ransom_1240
1,0.1111111111111111,0.0,1,2,-0.6546536707079772,0.8888888888888888,ransom_12400
0,0.125,0.0,1,2,0.0,0.875,ransom_12401
0,0.25,0.0,1,1,0.0,0.75,ransom_12403
0,0.125,0.0,1,2,-0.4880935300919782,0.875,ransom_12405
0,0.25,0.0,1,1,0.0,0.75,ransom_12406
0,0.25,0.0,1,1,0.0,0.75,ransom_12407
0,0.25,0.0,1,1,0.0,0.75,ransom_12409
0,0.1111111111111111,0.0,1,2,-0.5,0.8888888888888888,ransom_1241
0,0.25,0.0,1,1,0.0,0.75,ransom_12410
0,0.3333333333333333,0.0,1,1,0.0,0.6666666666666666,ransom_12411
0,0.25,0.0,1,1,0.0,0.75,ransom_12412
1,0.125,0.0,1,2,0.0,0.875,ransom_12415
1,0.1666666666666666,0.0,1,2,0.1666666666666655,0.8333333333333334,ransom_12416
0,0.25,0.0,1,1,0.0,0.75,ransom_12417
0,0.2,0.0,1,1,0.0,0.8,ransom_12418
0,0.2,0.0,1,1,0.0,0.8,ransom_12419
0,0.0833333333333333,0.0,1,3,-0.3857583749052289,0.9166666666666666,ransom_1242
1,0.25,0.0,1,1,0.0,0.75,ransom_12420
1,0.1111111111111111,0.0,1,3,0.0,0.8888888888888888,ransom_12421
0,0.1666666666666666,0.0,1,2,0.0,0.8333333333333334,ransom_12422
3,0.1428571428571428,0.0,1,2,0.0,0.8571428571428571,ransom_12424
0,0.1,0.0,1,3,0.0,0.9,ransom_12426
0,0.2,0.0,1,1,0.0,0.8,ransom_12427
0,0.3333333333333333,0.0,1,1,0.0,0.6666666666666666,ransom_12429
1,0.0909090909090909,0.0,1,3,-0.2500000000000005,0.9090909090909092,ransom_1243
2,0.1666666666666666,0.0,1,2,0.0,0.8333333333333334,ransom_12430
0,0.25,0.0,1,1,0.0,0.75,ransom_12432
0,0.25,0.0,1,1,0.0,0.75,ransom_12434
0,0.25,0.0,1,1,0.0,0.75,ransom_12435
0,0.25,0.0,1,1,0.0,0.75,ransom_12436
0,0.25,0.0,1,1,0.0,0.75,ransom_12437
0,0.25,0.0,1,1,0.0,0.75,ransom_12438
0,0.25,0.0,1,1,0.0,0.75,ransom_12439
1,0.3333333333333333,0.0,1,1,0.0,0.6666666666666666,ransom_12440
0,0.1666666666666666,0.0,1,2,0.1666666666666655,0.8333333333333334,ransom_12441
0,0.25,0.0,1,1,0.0,0.75,ransom_12442
0,0.25,0.0,1,1,0.0,0.75,ransom_12443
4,0.1666666666666666,0.0,1,2,0.0,0.8333333333333334,ransom_12444
0,0.2,0.0,1,2,0.0,0.8,ransom_12445
0,0.25,0.0,1,1,0.0,0.75,ransom_12447
1,0.2,0.0,1,1,0.0,0.8,ransom_12448
1,0.0909090909090909,0.0,1,3,-0.166666666666668,0.9090909090909092,ransom_12449
0,0.25,0.0,1,1,0.0,0.75,ransom_1245
1,0.1111111111111111,0.0,1,3,0.0,0.8888888888888888,ransom_12450
0,0.1111111111111111,0.0,1,3,0.0,0.8888888888888888,ransom_12452
2,0.0909090909090909,0.0,1,3,0.0,0.9090909090909092,ransom_12453
1,0.1111111111111111,0.0,1,2,-0.5773502691896258,0.8888888888888888,ransom_12455
0,0.3333333333333333,0.0,1,1,0.0,0.6666666666666666,ransom_12457
0,0.2,0.0,1,1,0.0,0.8,ransom_12458
0,0.3333333333333333,0.0,1,1,0.0,0.6666666666666666,ransom_12459
0,0.0833333333333333,0.0,1,2,0.0,0.9166666666666666,ransom_1246
0,0.25,0.0,1,1,0.0,0.75,ransom_12460
0,0.0714285714285714,0.0,1,4,-0.0769321818620843,0.9285714285714286,ransom_12461
1,0.125,0.0,1,2,0.0,0.875,ransom_12462
9,0.1666666666666666,0.0,1,2,0.1666666666666655,0.8333333333333334,ransom_12464
0,0.3333333333333333,0.0,1,1,0.0,0.6666666666666666,ransom_12469
0,0.3333333333333333,0.0,1,1,0.0,0.6666666666666666,ransom_12470
0,0.25,0.0,1,1,0.0,0.75,ransom_12473
0,0.3333333333333333,0.0,1,1,0.0,0.6666666666666666,ransom_12474
0,0.25,0.0,1,1,0.0,0.75,ransom_12475
0,0.2,0.0,1,1,-1.0,0.8,ransom_12476
0,0.25,0.0,1,1,0.0,0.75,ransom_12477
0,0.0909090909090909,0.0,1,3,0.0,0.9090909090909092,ransom_12480
0,0.1428571428571428,0.0,1,2,0.0,0.8571428571428571,ransom_12481
3,0.3333333333333333,0.0,1,1,0.0,0.6666666666666666,ransom_12483
0,0.25,0.0,1,1,0.0,0.75,ransom_12484
0,0.1428571428571428,0.0,1,2,0.0,0.8571428571428571,ransom_12485
0,0.25,0.0,1,1,0.0,0.75,ransom_12486
0,0.1,0.0,1,3,-0.0805822964025377,0.9,ransom_12489
0,0.3333333333333333,0.0,1,1,0.0,0.6666666666666666,ransom_12490
1,0.3333333333333333,0.0,1,1,0.0,0.6666666666666666,ransom_12493
0,0.0833333333333333,0.0,1,3,0.0,0.9166666666666666,ransom_12496
0,0.125,0.0,1,2,0.0,0.875,ransom_12497
0,0.1428571428571428,0.0,1,2,0.0,0.8571428571428571,ransom_1250
0,0.1666666666666666,0.0,1,2,0.0,0.8333333333333334,ransom_12501
1,0.1111111111111111,0.0,1,3,0.0,0.8888888888888888,ransom_12502
0,0.1666666666666666,0.0,1,2,0.0,0.8333333333333334,ransom_12503
0,0.1666666666666666,0.0,1,2,0.0,0.8333333333333334,ransom_12505
5,0.3333333333333333,0.0,1,1,0.0,0.6666666666666666,ransom_12506
0,0.3333333333333333,0.0,1,1,0.0,0.6666666666666666,ransom_12507
0,0.1428571428571428,0.0,1,2,-0.250000000000001,0.8571428571428571,ransom_12508
1,0.2,0.0,1,1,0.0,0.8,ransom_12509
0,0.3333333333333333,0.0,1,1,0.0,0.6666666666666666,ransom_12510
1,0.1428571428571428,0.0,1,2,-0.250000000000001,0.8571428571428571,ransom_12512
0,0.1666666666666666,0.0,1,1,-0.9999999999999992,0.8333333333333334,ransom_12514
0,0.1428571428571428,0.0,1,2,-0.250000000000001,0.8571428571428571,ransom_12515
5,0.0909090909090909,0.0,1,3,0.0,0.9090909090909092,ransom_12516
0,0.25,0.0,1,1,0.0,0.75,ransom_12517
0,0.125,0.0,1,2,0.0,0.875,ransom_12518
0,0.25,0.0,1,1,0.0,0.75,ransom_12519
0,0.0769230769230769,0.0,1,2,-0.6251717321316496,0.9230769230769232,ransom_1252
0,0.0909090909090909,0.0,1,3,0.0,0.9090909090909092,ransom_12520
0,0.2,0.0,1,1,0.0,0.8,ransom_12521
1,0.1428571428571428,0.0,1,2,0.0,0.8571428571428571,ransom_12522
0,0.2,0.0,1,1,0.0,0.8,ransom_12523
0,0.3333333333333333,0.0,1,1,0.0,0.6666666666666666,ransom_12524
0,0.25,0.0,1,1,0.0,0.75,ransom_12525
0,0.3333333333333333,0.0,1,1,0.0,0.6666666666666666,ransom_12527
1,0.2,0.0,1,2,0.0,0.8,ransom_12528
0,0.2,0.0,1,1,0.0,0.8,ransom_12529
0,0.2,0.0,1,1,0.0,0.8,ransom_1253
0,0.25,0.0,1,1,0.0,0.75,ransom_12530
0,0.25,0.0,1,1,0.0,0.75,ransom_12531
0,0.1428571428571428,0.0,1,2,0.0,0.8571428571428571,ransom_12532
0,0.3333333333333333,0.0,1,1,0.0,0.6666666666666666,ransom_12534
0,0.1111111111111111,0.0,1,3,0.0,0.8888888888888888,ransom_12536
0,0.25,0.0,1,1,0.0,0.75,ransom_12537
0,0.25,0.0,1,1,0.0,0.75,ransom_12538
0,0.25,0.0,1,1,0.0,0.75,ransom_12539
1,0.2,0.0,1,1,0.0,0.8,ransom_1254
0,0.1428571428571428,0.0,1,2,0.0,0.8571428571428571,ransom_12540
0,0.3333333333333333,0.0,1,1,0.0,0.6666666666666666,ransom_12541
1,0.125,0.0,1,3,0.0,0.875,ransom_12543
0,0.25,0.0,1,1,0.0,0.75,ransom_12544
0,0.1,0.0,1,2,-0.7416198487095668,0.9,ransom_12545
6,0.2,0.0,1,1,-1.0,0.8,ransom_12546
3,0.25,0.0,1,1,0.0,0.75,ransom_12547
0,0.1428571428571428,0.0,1,3,0.0,0.8571428571428571,ransom_12549
1,0.1428571428571428,0.0,1,2,0.0,0.8571428571428571,ransom_1255
0,0.25,0.0,1,1,0.0,0.75,ransom_12550
0,0.2,0.0,1,1,0.0,0.8,ransom_12551
0,0.25,0.0,1,1,0.0,0.75,ransom_12554
4,0.1,0.0,1,3,-0.0805822964025377,0.9,ransom_12555
0,0.125,0.0,1,2,-0.4880935300919782,0.875,ransom_12556
0,0.0909090909090909,0.0,1,3,0.0,0.9090909090909092,ransom_12557
0,0.3333333333333333,0.0,1,1,0.0,0.6666666666666666,ransom_12558
1,0.0555555555555555,0.0,1,3,-0.560695519000654,0.9444444444444444,ransom_1256
1,0.3333333333333333,0.0,1,1,0.0,0.6666666666666666,ransom_12560
0,0.2,0.0,1,1,0.0,0.8,ransom_12561
1,0.1111111111111111,0.0,1,2,0.0,0.8888888888888888,ransom_12562
5,0.2,0.0,1,1,0.0,0.8,ransom_12563
0,0.125,0.0,1,2,-0.4880935300919782,0.875,ransom_12564
0,0.125,0.0,1,2,0.0,0.875,ransom_12565
0,0.3333333333333333,0.0,1,1,0.0,0.6666666666666666,ransom_12566
0,0.1666666666666666,0.0,1,2,0.0,0.8333333333333334,ransom_12567
0,0.0769230769230769,0.0,1,3,-0.5345224838248488,0.9230769230769232,ransom_1257
0,0.25,0.0,1,1,0.0,0.75,ransom_12570
0,0.2,0.0,1,1,0.0,0.8,ransom_12572
0,0.2,0.0,1,1,0.0,0.8,ransom_12576
1,0.1666666666666666,0.0,1,2,0.0,0.8333333333333334,ransom_12577
4,0.25,0.0,1,1,0.0,0.75,ransom_12579
0,0.3333333333333333,0.0,1,1,0.0,0.6666666666666666,ransom_1258
6,0.1111111111111111,0.0,1,3,0.0,0.8888888888888888,ransom_12580
0,0.3333333333333333,0.0,1,1,0.0,0.6666666666666666,ransom_12582
0,0.3333333333333333,0.0,1,1,0.0,0.6666666666666666,ransom_12584
1,0.1,0.0,1,3,0.0,0.9,ransom_12585
0,0.25,0.0,1,1,0.0,0.75,ransom_12586
0,0.0909090909090909,0.0,1,3,-0.2500000000000005,0.9090909090909092,ransom_12587
0,0.1428571428571428,0.0,1,2,0.0,0.8571428571428571,ransom_12588
0,0.1666666666666666,0.0,1,1,-0.9999999999999992,0.8333333333333334,ransom_12589
0,0.125,0.0,1,2,-0.6454972243679025,0.875,ransom_1259
0,0.1428571428571428,0.0,1,2,0.0,0.8571428571428571,ransom_12590
0,0.3333333333333333,0.0,1,1,0.0,0.6666666666666666,ransom_12592
0,0.1666666666666666,0.0,1,2,0.0,0.8333333333333334,ransom_12593
0,0.2,0.0,1,2,0.0,0.8,ransom_12594
0,0.1428571428571428,0.0,1,2,-0.250000000000001,0.8571428571428571,ransom_12595
0,0.25,0.0,1,1,0.0,0.75,ransom_12596
0,0.3333333333333333,0.0,1,1,0.0,0.6666666666666666,ransom_12597
0,0.25,0.0,1,1,0.0,0.75,ransom_12598
0,0.2,0.0,1,1,0.0,0.8,ransom_12599
0,0.1,0.0,1,3,0.0,0.9,ransom_1260
0,0.25,0.0,1,1,0.0,0.75,ransom_12600
0,0.1666666666666666,0.0,1,1,-0.9999999999999992,0.8333333333333334,ransom_12601
1,0.125,0.0,1,3,0.0,0.875,ransom_12602
0,0.1428571428571428,0.0,1,2,-0.250000000000001,0.8571428571428571,ransom_12603
3,0.1666666666666666,0.0,1,2,0.0,0.8333333333333334,ransom_12605
0,0.2,0.0,1,1,0.0,0.8,ransom_12609
2,0.125,0.0,1,2,-0.4880935300919782,0.875,ransom_1261
0,0.125,0.0,1,2,-0.6454972243679025,0.875,ransom_12610
1,0.2,0.0,1,2,0.0,0.8,ransom_12611
1,0.1,0.0,1,3,0.0,0.9,ransom_12612
1,0.25,0.0,1,1,0.0,0.75,ransom_12614
0,0.0909090909090909,0.0,1,3,0.0,0.9090909090909092,ransom_12615
0,0.3333333333333333,0.0,1,1,0.0,0.6666666666666666,ransom_12616
0,0.25,0.0,1,1,0.0,0.75,ransom_12617
2,0.0833333333333333,0.0,1,3,-0.2390457218668779,0.9166666666666666,ransom_12618
1,0.1666666666666666,0.0,1,2,0.0,0.8333333333333334,ransom_12619
0,0.1666666666666666,0.0,1,2,0.0,0.8333333333333334,ransom_1262
0,0.25,0.0,1,1,0.0,0.75,ransom_12620
4,0.0909090909090909,0.0,1,3,0.0,0.9090909090909092,ransom_12621
0,0.2,0.0,1,1,0.0,0.8,ransom_12622
0,0.1111111111111111,0.0,1,3,0.0,0.8888888888888888,ransom_12623
0,0.3333333333333333,0.0,1,1,0.0,0.6666666666666666,ransom_12624
0,0.25,0.0,1,1,0.0,0.75,ransom_12625
0,0.2,0.0,1,1,0.0,0.8,ransom_12626
0,0.25,0.0,1,1,0.0,0.75,ransom_12627
0,0.25,0.0,1,1,0.0,0.75,ransom_12628
0,0.25,0.0,1,1,0.0,0.75,ransom_12629
0,0.125,0.0,1,2,0.0,0.875,ransom_1263
5,0.2,0.0,1,1,0.0,0.8,ransom_12631
3,0.3333333333333333,0.0,1,1,0.0,0.6666666666666666,ransom_12632
0,0.25,0.0,1,1,0.0,0.75,ransom_12633
0,0.125,0.0,1,2,0.0,0.875,ransom_12635
2,0.2,0.0,1,1,-1.0,0.8,ransom_12636
0,0.3333333333333333,0.0,1,1,0.0,0.6666666666666666,ransom_12637
13,0.1111111111111111,0.0,1,2,0.0,0.8888888888888888,ransom_12638
0,0.1428571428571428,0.0,1,2,0.0,0.8571428571428571,ransom_12639
0,0.1,0.0,1,1,-1.0000000000000009,0.9,ransom_1264
0,0.3333333333333333,0.0,1,1,0.0,0.6666666666666666,ransom_12640
0,0.25,0.0,1,1,0.0,0.75,ransom_12641
0,0.25,0.0,1,1,0.0,0.75,ransom_12643
0,0.25,0.0,1,1,0.0,0.75,ransom_12644
0,0.25,0.0,1,1,0.0,0.75,ransom_12645
1,0.1666666666666666,0.0,1,2,0.0,0.8333333333333334,ransom_12646
1,0.125,0.0,1,2,-0.4880935300919782,0.875,ransom_12648
4,0.1111111111111111,0.0,1,3,0.0,0.8888888888888888,ransom_12649
1,0.0625,0.0,1,3,0.0,0.9375,ransom_1265
0,0.2,0.0,1,1,0.0,0.8,ransom_12650
3,0.25,0.0,1,1,0.0,0.75,ransom_12651
0,0.25,0.0,1,1,0.0,0.75,ransom_12652
4,0.1,0.0,1,3,-0.0805822964025377,0.9,ransom_12653
0,0.25,0.0,1,1,0.0,0.75,ransom_12654
0,0.25,0.0,1,1,0.0,0.75,ransom_12656
15,0.25,0.0,1,1,0.0,0.75,ransom_12657
0,0.1111111111111111,0.0,1,2,-0.6546536707079772,0.8888888888888888,ransom_12659
1,0.1111111111111111,0.0,1,2,-0.6546536707079772,0.8888888888888888,ransom_1266
6,0.2,0.0,1,1,0.0,0.8,ransom_12661
1,0.125,0.0,1,2,0.0,0.875,ransom_12662
0,0.2,0.0,1,1,0.0,0.8,ransom_12665
0,0.1428571428571428,0.0,1,2,-0.250000000000001,0.8571428571428571,ransom_12666
0,0.1428571428571428,0.0,1,2,-0.250000000000001,0.8571428571428571,ransom_12667
2,0.125,0.0,1,2,-0.6454972243679025,0.875,ransom_12668
0,0.1,0.0,1,2,-0.8237544710479152,0.9,ransom_1267
0,0.2,0.0,1,1,0.0,0.8,ransom_12670
0,0.25,0.0,1,1,0.0,0.75,ransom_12671
0,0.1666666666666666,0.0,1,1,-0.9999999999999992,0.8333333333333334,ransom_12672
0,0.3333333333333333,0.0,1,1,0.0,0.6666666666666666,ransom_12673
0,0.2,0.0,1,1,0.0,0.8,ransom_12674
0,0.3333333333333333,0.0,1,1,0.0,0.6666666666666666,ransom_12675
0,0.125,0.0,1,2,0.0,0.875,ransom_12676
0,0.25,0.0,1,1,0.0,0.75,ransom_12677
0,0.2,0.0,1,1,0.0,0.8,ransom_12678
0,0.125,0.0,1,2,0.0,0.875,ransom_12679
0,0.1666666666666666,0.0,1,2,0.0,0.8333333333333334,ransom_12680
1,0.1666666666666666,0.0,1,2,0.0,0.8333333333333334,ransom_12681
0,0.1666666666666666,0.0,1,2,0.0,0.8333333333333334,ransom_12682
0,0.25,0.0,1,1,0.0,0.75,ransom_12683
0,0.3333333333333333,0.0,1,1,0.0,0.6666666666666666,ransom_12684
1,0.25,0.0,1,1,0.0,0.75,ransom_12686
0,0.25,0.0,1,1,0.0,0.75,ransom_12687
0,0.25,0.0,1,1,0.0,0.75,ransom_12688
0,0.25,0.0,1,1,0.0,0.75,ransom_12689
0,0.2,0.0,1,1,0.0,0.8,ransom_1269
3,0.25,0.0,1,1,0.0,0.75,ransom_12691
0,0.25,0.0,1,1,0.0,0.75,ransom_12692
0,0.3333333333333333,0.0,1,1,0.0,0.6666666666666666,ransom_12693
0,0.25,0.0,1,1,0.0,0.75,ransom_12694
0,0.1666666666666666,0.0,1,2,0.0,0.8333333333333334,ransom_12695
1,0.25,0.0,1,1,0.0,0.75,ransom_12697
0,0.3333333333333333,0.0,1,1,0.0,0.6666666666666666,ransom_12699
0,0.2,0.0,1,1,0.0,0.8,ransom_1270
6,0.25,0.0,1,1,0.0,0.75,ransom_12701
0,0.25,0.0,1,1,0.0,0.75,ransom_12703
0,0.3333333333333333,0.0,1,1,0.0,0.6666666666666666,ransom_12704
0,0.125,0.0,1,2,-0.4880935300919782,0.875,ransom_12705
0,0.1111111111111111,0.0,1,2,-0.6546536707079772,0.8888888888888888,ransom_12707
0,0.1428571428571428,0.0,1,2,0.0,0.8571428571428571,ransom_12708
0,0.3333333333333333,0.0,1,1,0.0,0.6666666666666666,ransom_12709
0,0.1666666666666666,0.0,1,2,0.0,0.8333333333333334,ransom_1271
0,0.25,0.0,1,1,0.0,0.75,ransom_12710
0,0.125,0.0,1,3,0.0,0.875,ransom_12711
0,0.125,0.0,1,2,0.0,0.875,ransom_12713
1,0.1111111111111111,0.0,1,2,-0.6546536707079772,0.8888888888888888,ransom_12714
0,0.25,0.0,1,1,0.0,0.75,ransom_12715
0,0.3333333333333333,0.0,1,1,0.0,0.6666666666666666,ransom_12716
0,0.25,0.0,1,1,0.0,0.75,ransom_12717
0,0.3333333333333333,0.0,1,1,0.0,0.6666666666666666,ransom_12718
0,0.125,0.0,1,2,0.0,0.875,ransom_12719
0,0.0769230769230769,0.0,1,1,-0.9999999999999998,0.9230769230769232,ransom_1272
0,0.25,0.0,1,1,0.0,0.75,ransom_12720
0,0.25,0.0,1,1,0.0,0.75,ransom_12721
1,0.1666666666666666,0.0,1,2,0.0,0.8333333333333334,ransom_12722
0,0.2,0.0,1,1,0.0,0.8,ransom_12723
0,0.25,0.0,1,1,0.0,0.75,ransom_12724
0,0.1111111111111111,0.0,1,2,-0.6546536707079772,0.8888888888888888,ransom_12725
0,0.3333333333333333,0.0,1,1,0.0,0.6666666666666666,ransom_12727
0,0.1666666666666666,0.0,1,1,-0.9999999999999992,0.8333333333333334,ransom_12729
1,0.25,0.0,1,1,0.0,0.75,ransom_1273
1,0.1111111111111111,0.0,1,3,0.0,0.8888888888888888,ransom_12730
0,0.25,0.0,1,1,0.0,0.75,ransom_12731
0,0.25,0.0,1,1,0.0,0.75,ransom_12733
0,0.25,0.0,1,1,0.0,0.75,ransom_12734
1,0.3333333333333333,0.0,1,1,0.0,0.6666666666666666,ransom_12737
0,0.2,0.0,1,1,0.0,0.8,ransom_12738
1,0.1666666666666666,0.0,1,2,0.0,0.8333333333333334,ransom_12739
4,0.0625,0.0,1,3,-0.6741998624632418,0.9375,ransom_1274
1,0.1428571428571428,0.0,1,2,0.0,0.8571428571428571,ransom_12740
0,0.25,0.0,1,1,0.0,0.75,ransom_12741
0,0.1111111111111111,0.0,1,3,0.0,0.8888888888888888,ransom_12742
0,0.3333333333333333,0.0,1,1,0.0,0.6666666666666666,ransom_12743
0,0.1666666666666666,0.0,1,2,0.0,0.8333333333333334,ransom_12744
1,0.1428571428571428,0.0,1,2,0.0,0.8571428571428571,ransom_12745
0,0.1666666666666666,0.0,1,1,-0.9999999999999992,0.8333333333333334,ransom_12747
0,0.25,0.0,1,1,0.0,0.75,ransom_12748
0,0.2,0.0,1,1,0.0,0.8,ransom_12749
0,0.1666666666666666,0.0,1,1,0.0,0.8333333333333334,ransom_1275
0,0.3333333333333333,0.0,1,1,0.0,0.6666666666666666,ransom_12751
0,0.1666666666666666,0.0,1,1,-0.9999999999999992,0.8333333333333334,ransom_12752
0,0.25,0.0,1,1,0.0,0.75,ransom_12753
0,0.0666666666666666,0.0,1,4,-0.0912870929175288,0.9333333333333332,ransom_12754
0,0.1666666666666666,0.0,1,2,0.0,0.8333333333333334,ransom_12755
0,0.1111111111111111,0.0,1,3,0.0,0.8888888888888888,ransom_12756
0,0.1111111111111111,0.0,1,2,0.0,0.8888888888888888,ransom_12757
0,0.25,0.0,1,1,0.0,0.75,ransom_12759
1,0.1666666666666666,0.0,1,2,0.1666666666666655,0.8333333333333334,ransom_1276
0,0.25,0.0,1,1,0.0,0.75,ransom_12762
0,0.1111111111111111,0.0,1,2,0.0,0.8888888888888888,ransom_12763
0,0.1111111111111111,0.0,1,2,0.0,0.8888888888888888,ransom_12764
0,0.1666666666666666,0.0,1,2,0.0,0.8333333333333334,ransom_12765
0,0.125,0.0,1,2,-0.4880935300919782,0.875,ransom_12766
0,0.25,0.0,1,1,0.0,0.75,ransom_12767
0,0.1666666666666666,0.0,1,1,-0.9999999999999992,0.8333333333333334,ransom_12768
1,0.3333333333333333,0.0,1,1,0.0,0.6666666666666666,ransom_12769
5,0.0666666666666666,0.0,1,2,-0.6766922918967376,0.9333333333333332,ransom_1277
0,0.25,0.0,1,1,0.0,0.75,ransom_12770
0,0.1666666666666666,0.0,1,2,0.1666666666666655,0.8333333333333334,ransom_12771
0,0.3333333333333333,0.0,1,1,0.0,0.6666666666666666,ransom_12772
2,0.3333333333333333,0.0,1,1,0.0,0.6666666666666666,ransom_12773
2,0.1428571428571428,0.0,1,2,0.0,0.8571428571428571,ransom_12774
0,0.3333333333333333,0.0,1,1,0.0,0.6666666666666666,ransom_12775
0,0.1666666666666666,0.0,1,1,-0.9999999999999992,0.8333333333333334,ransom_12776
3,0.125,0.0,1,2,0.0,0.875,ransom_12777
3,0.125,0.0,1,2,-0.166666666666668,0.875,ransom_12778
0,0.1428571428571428,0.0,1,2,0.0,0.8571428571428571,ransom_12779
0,0.1428571428571428,0.0,1,2,0.0,0.8571428571428571,ransom_1278
1,0.3333333333333333,0.0,1,1,0.0,0.6666666666666666,ransom_12780
0,0.25,0.0,1,1,0.0,0.75,ransom_12781
0,0.25,0.0,1,1,0.0,0.75,ransom_12782
1,0.25,0.0,1,1,0.0,0.75,ransom_12783
0,0.1666666666666666,0.0,1,2,0.0,0.8333333333333334,ransom_12784
0,0.25,0.0,1,1,0.0,0.75,ransom_12786
0,0.25,0.0,1,1,0.0,0.75,ransom_12787
8,0.3333333333333333,0.0,1,1,0.0,0.6666666666666666,ransom_12788
0,0.1666666666666666,0.0,1,1,-0.9999999999999992,0.8333333333333334,ransom_12789
0,0.1428571428571428,0.0,1,1,-1.0,0.8571428571428571,ransom_1279
1,0.1111111111111111,0.0,1,2,-0.6546536707079772,0.8888888888888888,ransom_12790
0,0.2,0.0,1,1,-1.0,0.8,ransom_12791
0,0.0769230769230769,0.0,1,3,-0.3162277660168375,0.9230769230769232,ransom_12792
0,0.25,0.0,1,1,0.0,0.75,ransom_12794
0,0.2,0.0,1,1,0.0,0.8,ransom_12795
0,0.1666666666666666,0.0,1,1,-0.9999999999999992,0.8333333333333334,ransom_12796
0,0.25,0.0,1,1,0.0,0.75,ransom_12797
0,0.3333333333333333,0.0,1,1,0.0,0.6666666666666666,ransom_12798
0,0.2,0.0,1,1,0.0,0.8,ransom_12799
0,0.2,0.0,1,1,0.0,0.8,ransom_12800
1,0.3333333333333333,0.0,1,1,0.0,0.6666666666666666,ransom_12801
16,0.25,0.0,1,1,0.0,0.75,ransom_12803
0,0.125,0.0,1,2,-0.6454972243679025,0.875,ransom_12804
0,0.25,0.0,1,1,0.0,0.75,ransom_12805
0,0.25,0.0,1,1,0.0,0.75,ransom_12806
0,0.1428571428571428,0.0,1,2,0.0,0.8571428571428571,ransom_12807
0,0.125,0.0,1,2,-0.4880935300919782,0.875,ransom_12809
0,0.0625,0.0,1,2,-0.8163443762793051,0.9375,ransom_1281
1,0.1666666666666666,0.0,1,2,0.0,0.8333333333333334,ransom_12810
0,0.25,0.0,1,1,0.0,0.75,ransom_12811
0,0.25,0.0,1,1,0.0,0.75,ransom_12812
0,0.2,0.0,1,1,-1.0,0.8,ransom_12813
1,0.1111111111111111,0.0,1,3,0.0,0.8888888888888888,ransom_12814
0,0.25,0.0,1,1,0.0,0.75,ransom_12815
2,0.125,0.0,1,2,0.0,0.875,ransom_12816
1,0.1111111111111111,0.0,1,3,0.0,0.8888888888888888,ransom_12817
0,0.25,0.0,1,1,0.0,0.75,ransom_12818
0,0.25,0.0,1,1,0.0,0.75,ransom_12819
2,0.25,0.0,1,1,0.0,0.75,ransom_1282
0,0.3333333333333333,0.0,1,1,0.0,0.6666666666666666,ransom_12820
0,0.125,0.0,1,2,-0.4880935300919782,0.875,ransom_12821
0,0.25,0.0,1,1,0.0,0.75,ransom_12822
1,0.25,0.0,1,1,0.0,0.75,ransom_12823
0,0.2,0.0,1,1,0.0,0.8,ransom_12824
0,0.2,0.0,1,1,0.0,0.8,ransom_12826
0,0.25,0.0,1,1,0.0,0.75,ransom_12828
0,0.25,0.0,1,1,0.0,0.75,ransom_12829
1,0.25,0.0,1,1,0.0,0.75,ransom_1283
3,0.25,0.0,1,1,0.0,0.75,ransom_12830
0,0.1666666666666666,0.0,1,1,-0.9999999999999992,0.8333333333333334,ransom_12832
0,0.1666666666666666,0.0,1,1,-0.9999999999999992,0.8333333333333334,ransom_12835
0,0.3333333333333333,0.0,1,1,0.0,0.6666666666666666,ransom_12836
0,0.25,0.0,1,1,0.0,0.75,ransom_12837
0,0.1666666666666666,0.0,1,2,0.0,0.8333333333333334,ransom_12838
0,0.0666666666666666,0.0,1,4,-0.1473139127471972,0.9333333333333332,ransom_12839
0,0.3333333333333333,0.0,1,1,0.0,0.6666666666666666,ransom_1284
0,0.25,0.0,1,1,0.0,0.75,ransom_12840
0,0.2,0.0,1,1,0.0,0.8,ransom_12841
0,0.0833333333333333,0.0,1,4,0.0173762011714225,0.9166666666666666,ransom_12842
0,0.2,0.0,1,1,-1.0,0.8,ransom_12843
0,0.2,0.0,1,1,-1.0,0.8,ransom_12844
1,0.0769230769230769,0.0,1,4,-0.063245553203368,0.9230769230769232,ransom_12845
0,0.25,0.0,1,1,0.0,0.75,ransom_12846
0,0.2,0.0,1,1,-1.0,0.8,ransom_12847
0,0.25,0.0,1,1,0.0,0.75,ransom_12848
0,0.2,0.0,1,1,0.0,0.8,ransom_1285
0,0.3333333333333333,0.0,1,1,0.0,0.6666666666666666,ransom_12851
0,0.25,0.0,1,1,0.0,0.75,ransom_12852
0,0.25,0.0,1,1,0.0,0.75,ransom_12853
0,0.25,0.0,1,1,0.0,0.75,ransom_12854
0,0.1428571428571428,0.0,1,2,0.0,0.8571428571428571,ransom_12855
0,0.2,0.0,1,1,-1.0,0.8,ransom_12856
0,0.25,0.0,1,1,0.0,0.75,ransom_12857
1,0.2,0.0,1,1,0.0,0.8,ransom_12858
0,0.1428571428571428,0.0,1,2,-0.250000000000001,0.8571428571428571,ransom_12859
0,0.2,0.0,1,1,0.0,0.8,ransom_1286
0,0.2,0.0,1,1,0.0,0.8,ransom_12861
3,0.125,0.0,1,2,0.0,0.875,ransom_12862
0,0.25,0.0,1,1,0.0,0.75,ransom_12863
0,0.2,0.0,1,1,-1.0,0.8,ransom_12864
0,0.25,0.0,1,1,0.0,0.75,ransom_12865
0,0.25,0.0,1,1,0.0,0.75,ransom_12867
0,0.25,0.0,1,1,0.0,0.75,ransom_12869
0,0.25,0.0,1,1,0.0,0.75,ransom_1287
0,0.25,0.0,1,1,0.0,0.75,ransom_12870
0,0.25,0.0,1,1,0.0,0.75,ransom_12871
0,0.25,0.0,1,1,0.0,0.75,ransom_12872
0,0.3333333333333333,0.0,1,1,0.0,0.6666666666666666,ransom_12873
0,0.25,0.0,1,1,0.0,0.75,ransom_12874
0,0.125,0.0,1,2,-0.6454972243679025,0.875,ransom_12875
0,0.3333333333333333,0.0,1,1,0.0,0.6666666666666666,ransom_12876
0,0.1428571428571428,0.0,1,2,0.0,0.8571428571428571,ransom_12877
5,0.3333333333333333,0.0,1,1,0.0,0.6666666666666666,ransom_12878
0,0.1428571428571428,0.0,1,2,0.0,0.8571428571428571,ransom_12879
0,0.25,0.0,1,1,0.0,0.75,ransom_12880
0,0.25,0.0,1,1,0.0,0.75,ransom_12881
0,0.1428571428571428,0.0,1,2,0.0,0.8571428571428571,ransom_12882
0,0.2,0.0,1,1,0.0,0.8,ransom_12883
0,0.2,0.0,1,1,-1.0,0.8,ransom_12884
0,0.125,0.0,1,2,0.0,0.875,ransom_12885
2,0.25,0.0,1,1,0.0,0.75,ransom_12886
2,0.2,0.0,1,1,0.0,0.8,ransom_12887
0,0.2,0.0,1,1,0.0,0.8,ransom_12888
0,0.2,0.0,1,1,0.0,0.8,ransom_12889
0,0.25,0.0,1,1,0.0,0.75,ransom_12891
0,0.25,0.0,1,1,0.0,0.75,ransom_12892
0,0.25,0.0,1,1,0.0,0.75,ransom_12893
1,0.1428571428571428,0.0,1,2,0.0,0.8571428571428571,ransom_12895
0,0.2,0.0,1,1,-1.0,0.8,ransom_12896
0,0.25,0.0,1,1,0.0,0.75,ransom_12897
0,0.1,0.0,1,3,0.0,0.9,ransom_12898
0,0.125,0.0,1,2,-0.4880935300919782,0.875,ransom_12899
0,0.25,0.0,1,1,0.0,0.75,ransom_1290
0,0.25,0.0,1,1,0.0,0.75,ransom_12900
0,0.25,0.0,1,1,0.0,0.75,ransom_12901
1,0.25,0.0,1,1,0.0,0.75,ransom_12902
0,0.25,0.0,1,1,0.0,0.75,ransom_12903
0,0.2,0.0,1,1,-1.0,0.8,ransom_12904
0,0.25,0.0,1,1,0.0,0.75,ransom_12905
0,0.1428571428571428,0.0,1,2,0.0,0.8571428571428571,ransom_12906
1,0.25,0.0,1,1,0.0,0.75,ransom_12908
0,0.25,0.0,1,1,0.0,0.75,ransom_12909
0,0.1111111111111111,0.0,1,3,0.0,0.8888888888888888,ransom_12910
0,0.2,0.0,1,1,0.0,0.8,ransom_12911
0,0.1666666666666666,0.0,1,2,0.0,0.8333333333333334,ransom_12912
0,0.25,0.0,1,1,0.0,0.75,ransom_12913
1,0.1111111111111111,0.0,1,3,0.0,0.8888888888888888,ransom_12914
0,0.1666666666666666,0.0,1,2,0.1666666666666655,0.8333333333333334,ransom_12915
0,0.0833333333333333,0.0,1,4,0.0,0.9166666666666666,ransom_12916
0,0.1111111111111111,0.0,1,2,-0.6546536707079772,0.8888888888888888,ransom_12918
0,0.2,0.0,1,2,0.0,0.8,ransom_12919
0,0.2,0.0,1,1,0.0,0.8,ransom_12920
5,0.1666666666666666,0.0,1,2,0.0,0.8333333333333334,ransom_12923
0,0.1428571428571428,0.0,1,2,0.0,0.8571428571428571,ransom_12924
0,0.2,0.0,1,1,0.0,0.8,ransom_12925
1,0.2,0.0,1,1,0.0,0.8,ransom_12926
0,0.1111111111111111,0.0,1,3,0.0,0.8888888888888888,ransom_12927
0,0.2,0.0,1,2,0.0,0.8,ransom_12928
0,0.3333333333333333,0.0,1,1,0.0,0.6666666666666666,ransom_12929
0,0.1111111111111111,0.0,1,2,-0.5555555555555556,0.8888888888888888,ransom_1293
0,0.25,0.0,1,1,0.0,0.75,ransom_12930
0,0.0909090909090909,0.0,1,3,-0.166666666666668,0.9090909090909092,ransom_12931
0,0.1428571428571428,0.0,1,2,-0.250000000000001,0.8571428571428571,ransom_12933
0,0.2,0.0,1,1,-1.0,0.8,ransom_12934
0,0.1428571428571428,0.0,1,2,-0.250000000000001,0.8571428571428571,ransom_12935
0,0.25,0.0,1,1,0.0,0.75,ransom_12936
18,0.1428571428571428,0.0,1,2,0.0,0.8571428571428571,ransom_12937
0,0.2,0.0,1,1,-1.0,0.8,ransom_12938
0,0.1666666666666666,0.0,1,1,-0.9999999999999992,0.8333333333333334,ransom_1294
0,0.3333333333333333,0.0,1,1,0.0,0.6666666666666666,ransom_12940
1,0.1,0.0,1,3,-0.1889822365046146,0.9,ransom_12941
0,0.25,0.0,1,1,0.0,0.75,ransom_12943
0,0.25,0.0,1,1,0.0,0.75,ransom_12944
0,0.25,0.0,1,1,0.0,0.75,ransom_12945
2,0.1428571428571428,0.0,1,2,-0.250000000000001,0.8571428571428571,ransom_12946
0,0.25,0.0,1,1,0.0,0.75,ransom_12947
1,0.125,0.0,1,2,0.0,0.875,ransom_12948
2,0.1666666666666666,0.0,1,2,0.0,0.8333333333333334,ransom_12949
0,0.0909090909090909,0.0,1,2,-0.6910233190806424,0.9090909090909092,ransom_1295
0,0.2,0.0,1,1,0.0,0.8,ransom_12950
0,0.3333333333333333,0.0,1,1,0.0,0.6666666666666666,ransom_12951
0,0.25,0.0,1,1,0.0,0.75,ransom_12952
0,0.1428571428571428,0.0,1,2,-0.250000000000001,0.8571428571428571,ransom_12953
0,0.125,0.0,1,2,0.0,0.875,ransom_12955
1,0.3333333333333333,0.0,1,1,0.0,0.6666666666666666,ransom_12956
0,0.2,0.0,1,2,0.0,0.8,ransom_12957
0,0.1428571428571428,0.0,1,2,0.0,0.8571428571428571,ransom_12958
1,0.1111111111111111,0.0,1,3,0.0,0.8888888888888888,ransom_12959
0,0.2,0.0,1,1,-1.0,0.8,ransom_12960
0,0.25,0.0,1,1,0.0,0.75,ransom_12961
6,0.25,0.0,1,1,0.0,0.75,ransom_12965
0,0.1666666666666666,0.0,1,2,0.0,0.8333333333333334,ransom_12966
0,0.1666666666666666,0.0,1,1,-0.9999999999999992,0.8333333333333334,ransom_12967
0,0.25,0.0,1,1,0.0,0.75,ransom_12968
0,0.125,0.0,1,2,-0.6454972243679025,0.875,ransom_12969
0,0.0833333333333333,0.0,1,3,-0.1692777916923357,0.9166666666666666,ransom_1297
0,0.2,0.0,1,2,0.0,0.8,ransom_12970
0,0.1428571428571428,0.0,1,2,0.0,0.8571428571428571,ransom_12972
0,0.25,0.0,1,1,0.0,0.75,ransom_12973
1,0.0714285714285714,0.0,1,4,0.0,0.9285714285714286,ransom_12974
0,0.25,0.0,1,1,0.0,0.75,ransom_12975
5,0.1428571428571428,0.0,1,2,0.0,0.8571428571428571,ransom_12976
0,0.2,0.0,1,1,0.0,0.8,ransom_12977
1,0.1666666666666666,0.0,1,2,0.0,0.8333333333333334,ransom_12978
1,0.125,0.0,1,2,0.0,0.875,ransom_1298
0,0.25,0.0,1,1,0.0,0.75,ransom_12980
0,0.125,0.0,1,2,-0.6454972243679025,0.875,ransom_12981
0,0.25,0.0,1,1,0.0,0.75,ransom_12982
0,0.2,0.0,1,1,0.0,0.8,ransom_12983
0,0.1,0.0,1,3,-0.1889822365046146,0.9,ransom_12984
0,0.2,0.0,1,1,-1.0,0.8,ransom_12986
0,0.1428571428571428,0.0,1,2,0.0,0.8571428571428571,ransom_12989
2,0.0833333333333333,0.0,1,4,0.0,0.9166666666666666,ransom_1299
0,0.25,0.0,1,1,0.0,0.75,ransom_12990
0,0.3333333333333333,0.0,1,1,0.0,0.6666666666666666,ransom_12991
0,0.3333333333333333,0.0,1,1,0.0,0.6666666666666666,ransom_12992
0,0.25,0.0,1,1,0.0,0.75,ransom_12993
0,0.0833333333333333,0.0,1,3,0.0,0.9166666666666666,ransom_12995
0,0.1,0.0,1,3,0.0,0.9,ransom_12996
0,0.25,0.0,1,1,0.0,0.75,ransom_12997
0,0.1666666666666666,0.0,1,1,-0.9999999999999992,0.8333333333333334,ransom_12998
0,0.2,0.0,1,1,0.0,0.8,ransom_12999
1,0.1111111111111111,0.0,1,2,0.0,0.8888888888888888,ransom_1300
1,0.1428571428571428,0.0,1,2,0.0,0.8571428571428571,ransom_13000
0,0.25,0.0,1,1,0.0,0.75,ransom_13001
0,0.3333333333333333,0.0,1,1,0.0,0.6666666666666666,ransom_13002
0,0.3333333333333333,0.0,1,1,0.0,0.6666666666666666,ransom_13003
0,0.125,0.0,1,2,0.0,0.875,ransom_13004
1,0.125,0.0,1,2,-0.6454972243679025,0.875,ransom_13005
0,0.1428571428571428,0.0,1,2,0.0,0.8571428571428571,ransom_13006
0,0.25,0.0,1,1,0.0,0.75,ransom_13008
0,0.25,0.0,1,1,0.0,0.75,ransom_13009
0,0.2,0.0,1,1,0.0,0.8,ransom_1301
0,0.2,0.0,1,1,-1.0,0.8,ransom_13011
0,0.25,0.0,1,1,0.0,0.75,ransom_13012
0,0.125,0.0,1,2,0.0,0.875,ransom_13013
0,0.25,0.0,1,1,0.0,0.75,ransom_13014
0,0.25,0.0,1,1,0.0,0.75,ransom_13016
0,0.0909090909090909,0.0,1,3,-0.166666666666668,0.9090909090909092,ransom_13018
0,0.1666666666666666,0.0,1,2,0.0,0.8333333333333334,ransom_13019
1,0.0526315789473684,0.0,1,4,-0.3809492348606628,0.9473684210526316,ransom_1302
0,0.1428571428571428,0.0,1,2,0.0,0.8571428571428571,ransom_13020
1,0.0769230769230769,0.0,1,3,-0.3162277660168375,0.9230769230769232,ransom_13021
7,0.1428571428571428,0.0,1,2,0.0,0.8571428571428571,ransom_13022
0,0.25,0.0,1,1,0.0,0.75,ransom_13023
0,0.125,0.0,1,2,0.0,0.875,ransom_13024
0,0.25,0.0,1,1,0.0,0.75,ransom_13025
0,0.1666666666666666,0.0,1,2,0.0,0.8333333333333334,ransom_13026
0,0.2,0.0,1,1,0.0,0.8,ransom_13027
1,0.25,0.0,1,1,0.0,0.75,ransom_13029
0,0.0909090909090909,0.0,1,2,0.0,0.9090909090909092,ransom_1303
0,0.1428571428571428,0.0,1,2,0.0,0.8571428571428571,ransom_13030
4,0.1428571428571428,0.0,1,2,-0.250000000000001,0.8571428571428571,ransom_13031
0,0.3333333333333333,0.0,1,1,0.0,0.6666666666666666,ransom_13032
0,0.25,0.0,1,1,0.0,0.75,ransom_13033
0,0.3333333333333333,0.0,1,1,0.0,0.6666666666666666,ransom_13034
2,0.25,0.0,1,1,0.0,0.75,ransom_13035
0,0.2,0.0,1,2,0.0,0.8,ransom_13036
0,0.3333333333333333,0.0,1,1,0.0,0.6666666666666666,ransom_13038
0,0.0833333333333333,0.0,1,3,-0.1028688999747275,0.9166666666666666,ransom_13039
0,0.2,0.0,1,1,0.0,0.8,ransom_1304
0,0.25,0.0,1,1,0.0,0.75,ransom_13040
1,0.2,0.0,1,1,-1.0,0.8,ransom_13041
0,0.1428571428571428,0.0,1,2,-0.250000000000001,0.8571428571428571,ransom_13042
0,0.1666666666666666,0.0,1,2,0.0,0.8333333333333334,ransom_13043
0,0.1,0.0,1,2,-0.8237544710479152,0.9,ransom_13044
0,0.125,0.0,1,2,-0.6454972243679025,0.875,ransom_13046
0,0.1666666666666666,0.0,1,1,-0.9999999999999992,0.8333333333333334,ransom_13047
2,0.1428571428571428,0.0,1,2,0.0,0.8571428571428571,ransom_13048
0,0.25,0.0,1,1,0.0,0.75,ransom_13049
0,0.3333333333333333,0.0,1,1,0.0,0.6666666666666666,ransom_1305
0,0.2,0.0,1,1,0.0,0.8,ransom_13050
0,0.25,0.0,1,1,0.0,0.75,ransom_13052
0,0.1428571428571428,0.0,1,2,0.0,0.8571428571428571,ransom_13054
0,0.1428571428571428,0.0,1,2,0.0,0.8571428571428571,ransom_13055
0,0.1666666666666666,0.0,1,1,-0.9999999999999992,0.8333333333333334,ransom_13056
0,0.2,0.0,1,2,0.0,0.8,ransom_13057
0,0.25,0.0,1,1,0.0,0.75,ransom_13058
0,0.0555555555555555,0.0,1,3,-0.6028673043071274,0.9444444444444444,ransom_1306
2,0.1666666666666666,0.0,1,2,0.0,0.8333333333333334,ransom_13060
2,0.1428571428571428,0.0,1,2,0.0,0.8571428571428571,ransom_13061
0,0.0909090909090909,0.0,1,3,-0.166666666666668,0.9090909090909092,ransom_13062
0,0.25,0.0,1,1,0.0,0.75,ransom_13064
1,0.1428571428571428,0.0,1,2,0.0,0.8571428571428571,ransom_13065
0,0.25,0.0,1,1,0.0,0.75,ransom_13066
0,0.25,0.0,1,1,0.0,0.75,ransom_13067
0,0.2,0.0,1,1,-1.0,0.8,ransom_13068
0,0.2,0.0,1,2,0.0,0.8,ransom_13069
0,0.125,0.0,1,1,-0.9999999999999994,0.875,ransom_1307
0,0.3333333333333333,0.0,1,1,0.0,0.6666666666666666,ransom_13070
3,0.25,0.0,1,1,0.0,0.75,ransom_13072
0,0.25,0.0,1,1,0.0,0.75,ransom_13073
1,0.0769230769230769,0.0,1,3,-0.3162277660168375,0.9230769230769232,ransom_13074
0,0.125,0.0,1,2,-0.4880935300919782,0.875,ransom_13075
0,0.2,0.0,1,2,0.0,0.8,ransom_13076
0,0.2,0.0,1,1,-1.0,0.8,ransom_13077
0,0.25,0.0,1,1,0.0,0.75,ransom_13078
0,0.1111111111111111,0.0,1,2,0.0,0.8888888888888888,ransom_13079
0,0.25,0.0,1,1,0.0,0.75,ransom_1308
0,0.25,0.0,1,1,0.0,0.75,ransom_13080
0,0.2,0.0,1,1,0.0,0.8,ransom_13081
18,0.1428571428571428,0.0,1,2,0.0,0.8571428571428571,ransom_13082
0,0.1428571428571428,0.0,1,2,0.0,0.8571428571428571,ransom_13083
1,0.25,0.0,1,1,0.0,0.75,ransom_13084
0,0.3333333333333333,0.0,1,1,0.0,0.6666666666666666,ransom_13085
0,0.25,0.0,1,1,0.0,0.75,ransom_13086
0,0.3333333333333333,0.0,1,1,0.0,0.6666666666666666,ransom_13087
0,0.1,0.0,1,3,0.0,0.9,ransom_13088
0,0.2,0.0,1,1,0.0,0.8,ransom_13089
4,0.0714285714285714,0.0,1,3,-0.5134360308102701,0.9285714285714286,ransom_1309
0,0.3333333333333333,0.0,1,1,0.0,0.6666666666666666,ransom_13091
0,0.3333333333333333,0.0,1,1,0.0,0.6666666666666666,ransom_13092
0,0.25,0.0,1,1,0.0,0.75,ransom_13094
0,0.3333333333333333,0.0,1,1,0.0,0.6666666666666666,ransom_13095
0,0.2,0.0,1,1,0.0,0.8,ransom_13096
1,0.1428571428571428,0.0,1,2,-0.250000000000001,0.8571428571428571,ransom_13098
0,0.1428571428571428,0.0,1,2,0.0,0.8571428571428571,ransom_13099
2,0.0833333333333333,0.0,1,4,0.0173762011714225,0.9166666666666666,ransom_1310
0,0.1111111111111111,0.0,1,2,-0.6546536707079772,0.8888888888888888,ransom_13100
0,0.2,0.0,1,1,-1.0,0.8,ransom_13101
0,0.1,0.0,1,3,0.0,0.9,ransom_13102
1,0.25,0.0,1,1,0.0,0.75,ransom_13103
0,0.25,0.0,1,1,0.0,0.75,ransom_13104
0,0.1428571428571428,0.0,1,2,0.0,0.8571428571428571,ransom_13105
1,0.2,0.0,1,1,-1.0,0.8,ransom_13106
0,0.3333333333333333,0.0,1,1,0.0,0.6666666666666666,ransom_13107
0,0.25,0.0,1,1,0.0,0.75,ransom_13108
4,0.0666666666666666,0.0,1,4,-0.0912870929175288,0.9333333333333332,ransom_13109
0,0.3333333333333333,0.0,1,1,0.0,0.6666666666666666,ransom_1311
0,0.1666666666666666,0.0,1,2,0.0,0.8333333333333334,ransom_13110
0,0.125,0.0,1,2,-0.6454972243679025,0.875,ransom_13112
0,0.2,0.0,1,2,0.0,0.8,ransom_13114
0,0.3333333333333333,0.0,1,1,0.0,0.6666666666666666,ransom_13116
0,0.1,0.0,1,3,-0.0805822964025377,0.9,ransom_13117
0,0.25,0.0,1,1,0.0,0.75,ransom_13118
1,0.25,0.0,1,1,0.0,0.75,ransom_13119
0,0.1666666666666666,0.0,1,2,0.0,0.8333333333333334,ransom_13120
0,0.1428571428571428,0.0,1,2,0.0,0.8571428571428571,ransom_13121
0,0.25,0.0,1,1,0.0,0.75,ransom_13122
0,0.125,0.0,1,2,-0.6454972243679025,0.875,ransom_13123
0,0.25,0.0,1,1,0.0,0.75,ransom_13124
0,0.3333333333333333,0.0,1,1,0.0,0.6666666666666666,ransom_13126
0,0.25,0.0,1,1,0.0,0.75,ransom_13127
0,0.25,0.0,1,1,0.0,0.75,ransom_13129
1,0.0769230769230769,0.0,1,2,-0.7526446627986582,0.9230769230769232,ransom_1313
0,0.3333333333333333,0.0,1,1,0.0,0.6666666666666666,ransom_13133
0,0.1666666666666666,0.0,1,2,0.0,0.8333333333333334,ransom_13134
0,0.125,0.0,1,2,-0.6454972243679025,0.875,ransom_13135
0,0.25,0.0,1,1,0.0,0.75,ransom_13136
2,0.25,0.0,1,1,0.0,0.75,ransom_13137
0,0.2,0.0,1,1,0.0,0.8,ransom_13138
1,0.1428571428571428,0.0,1,2,0.0,0.8571428571428571,ransom_13139
0,0.3333333333333333,0.0,1,1,0.0,0.6666666666666666,ransom_1314
0,0.25,0.0,1,1,0.0,0.75,ransom_13140
0,0.2,0.0,1,1,0.0,0.8,ransom_13141
0,0.3333333333333333,0.0,1,1,0.0,0.6666666666666666,ransom_13142
0,0.3333333333333333,0.0,1,1,0.0,0.6666666666666666,ransom_13143
0,0.25,0.0,1,1,0.0,0.75,ransom_13145
0,0.2,0.0,1,2,0.0,0.8,ransom_13146
0,0.3333333333333333,0.0,1,1,0.0,0.6666666666666666,ransom_13147
0,0.1111111111111111,0.0,1,3,0.0,0.8888888888888888,ransom_13148
0,0.2,0.0,1,1,0.0,0.8,ransom_13149
0,0.2,0.0,1,1,0.0,0.8,ransom_1315
1,0.3333333333333333,0.0,1,1,0.0,0.6666666666666666,ransom_13150
0,0.3333333333333333,0.0,1,1,0.0,0.6666666666666666,ransom_13151
5,0.2,0.0,1,1,0.0,0.8,ransom_13152
0,0.2,0.0,1,1,0.0,0.8,ransom_13153
0,0.25,0.0,1,1,0.0,0.75,ransom_13154
0,0.2,0.0,1,1,0.0,0.8,ransom_13156
1,0.25,0.0,1,1,0.0,0.75,ransom_13157
0,0.25,0.0,1,1,0.0,0.75,ransom_13159
2,0.1666666666666666,0.0,1,2,0.1666666666666655,0.8333333333333334,ransom_1316
0,0.1666666666666666,0.0,1,2,0.0,0.8333333333333334,ransom_13160
0,0.25,0.0,1,1,0.0,0.75,ransom_13161
0,0.25,0.0,1,1,0.0,0.75,ransom_13162
1,0.1,0.0,1,2,-0.8237544710479152,0.9,ransom_13163
1,0.125,0.0,1,2,0.0,0.875,ransom_13164
0,0.25,0.0,1,1,0.0,0.75,ransom_13166
2,0.125,0.0,1,2,0.0,0.875,ransom_13167
1,0.125,0.0,1,2,0.0,0.875,ransom_13168
0,0.125,0.0,1,2,0.0,0.875,ransom_13169
0,0.1428571428571428,0.0,1,1,0.0,0.8571428571428571,ransom_1317
0,0.2,0.0,1,1,0.0,0.8,ransom_13170
1,0.2,0.0,1,2,0.0,0.8,ransom_13171
5,0.25,0.0,1,1,0.0,0.75,ransom_13172
0,0.3333333333333333,0.0,1,1,0.0,0.6666666666666666,ransom_13173
0,0.25,0.0,1,1,0.0,0.75,ransom_13174
0,0.1111111111111111,0.0,1,2,-0.5773502691896258,0.8888888888888888,ransom_13178
0,0.0714285714285714,0.0,1,4,-0.0769321818620843,0.9285714285714286,ransom_13179
0,0.0454545454545454,0.0,1,4,-0.4885699182018382,0.9545454545454546,ransom_1318
0,0.25,0.0,1,1,0.0,0.75,ransom_13180
0,0.25,0.0,1,1,0.0,0.75,ransom_13181
0,0.25,0.0,1,1,0.0,0.75,ransom_13182
0,0.2,0.0,1,1,-1.0,0.8,ransom_13183
0,0.3333333333333333,0.0,1,1,0.0,0.6666666666666666,ransom_13184
0,0.1428571428571428,0.0,1,2,0.0,0.8571428571428571,ransom_13185
0,0.125,0.0,1,2,-0.166666666666668,0.875,ransom_13186
0,0.1428571428571428,0.0,1,2,0.0,0.8571428571428571,ransom_13187
0,0.25,0.0,1,1,0.0,0.75,ransom_13188
0,0.2,0.0,1,1,0.0,0.8,ransom_13189
3,0.1,0.0,1,2,-0.6531561093841249,0.9,ransom_1319
0,0.25,0.0,1,1,0.0,0.75,ransom_13190
1,0.25,0.0,1,1,0.0,0.75,ransom_13191
0,0.3333333333333333,0.0,1,1,0.0,0.6666666666666666,ransom_13192
0,0.1428571428571428,0.0,1,2,0.0,0.8571428571428571,ransom_13193
0,0.25,0.0,1,1,0.0,0.75,ransom_13194
0,0.3333333333333333,0.0,1,1,0.0,0.6666666666666666,ransom_13195
0,0.3333333333333333,0.0,1,1,0.0,0.6666666666666666,ransom_13196
0,0.1428571428571428,0.0,1,2,0.0,0.8571428571428571,ransom_13197
0,0.25,0.0,1,1,0.0,0.75,ransom_13199
0,0.25,0.0,1,1,0.0,0.75,ransom_1320
0,0.25,0.0,1,1,0.0,0.75,ransom_13200
4,0.25,0.0,1,1,0.0,0.75,ransom_13201
1,0.25,0.0,1,1,0.0,0.75,ransom_13202
2,0.2,0.0,1,1,0.0,0.8,ransom_13204
0,0.3333333333333333,0.0,1,1,0.0,0.6666666666666666,ransom_13205
0,0.1666666666666666,0.0,1,1,-0.9999999999999992,0.8333333333333334,ransom_13206
0,0.3333333333333333,0.0,1,1,0.0,0.6666666666666666,ransom_13207
0,0.25,0.0,1,1,0.0,0.75,ransom_13208
1,0.1111111111111111,0.0,1,3,0.0,0.8888888888888888,ransom_13209
1,0.2,0.0,1,1,0.0,0.8,ransom_1321
0,0.25,0.0,1,1,0.0,0.75,ransom_13211
0,0.125,0.0,1,2,-0.4880935300919782,0.875,ransom_13212
0,0.25,0.0,1,1,0.0,0.75,ransom_13213
0,0.3333333333333333,0.0,1,1,0.0,0.6666666666666666,ransom_13214
0,0.25,0.0,1,1,0.0,0.75,ransom_13215
2,0.1111111111111111,0.0,1,3,0.0,0.8888888888888888,ransom_13216
0,0.3333333333333333,0.0,1,1,0.0,0.6666666666666666,ransom_13217
0,0.2,0.0,1,1,0.0,0.8,ransom_13218
0,0.3333333333333333,0.0,1,1,0.0,0.6666666666666666,ransom_13219
0,0.1428571428571428,0.0,1,1,0.0,0.8571428571428571,ransom_1322
1,0.1111111111111111,0.0,1,2,-0.6546536707079772,0.8888888888888888,ransom_13220
4,0.25,0.0,1,1,0.0,0.75,ransom_13222
0,0.25,0.0,1,1,0.0,0.75,ransom_13223
0,0.25,0.0,1,1,0.0,0.75,ransom_13224
0,0.0833333333333333,0.0,1,3,0.0,0.9166666666666666,ransom_13225
0,0.25,0.0,1,1,0.0,0.75,ransom_13226
0,0.3333333333333333,0.0,1,1,0.0,0.6666666666666666,ransom_13227
0,0.1428571428571428,0.0,1,2,0.0,0.8571428571428571,ransom_13228
0,0.2,0.0,1,1,-1.0,0.8,ransom_13229
3,0.25,0.0,1,1,0.0,0.75,ransom_13230
1,0.0909090909090909,0.0,1,3,-0.2500000000000005,0.9090909090909092,ransom_13231
0,0.1111111111111111,0.0,1,2,0.0,0.8888888888888888,ransom_13233
0,0.1666666666666666,0.0,1,1,-0.9999999999999992,0.8333333333333334,ransom_13236
0,0.3333333333333333,0.0,1,1,0.0,0.6666666666666666,ransom_13237
2,0.1111111111111111,0.0,1,2,-0.6546536707079772,0.8888888888888888,ransom_13238
0,0.125,0.0,1,2,0.0,0.875,ransom_13239
0,0.3333333333333333,0.0,1,1,0.0,0.6666666666666666,ransom_1324
0,0.2,0.0,1,1,0.0,0.8,ransom_13240
0,0.25,0.0,1,1,0.0,0.75,ransom_13241
1,0.1666666666666666,0.0,1,2,0.0,0.8333333333333334,ransom_13242
1,0.25,0.0,1,1,0.0,0.75,ransom_13243
1,0.2,0.0,1,1,0.0,0.8,ransom_13244
0,0.25,0.0,1,1,0.0,0.75,ransom_13247
0,0.25,0.0,1,1,0.0,0.75,ransom_13248
0,0.2,0.0,1,1,0.0,0.8,ransom_13249
0,0.2,0.0,1,1,0.0,0.8,ransom_1325
0,0.25,0.0,1,1,0.0,0.75,ransom_13250
5,0.1666666666666666,0.0,1,2,0.0,0.8333333333333334,ransom_13255
0,0.25,0.0,1,1,0.0,0.75,ransom_13256
0,0.25,0.0,1,1,0.0,0.75,ransom_13257
0,0.2,0.0,1,1,0.0,0.8,ransom_13259
2,0.0833333333333333,0.0,1,4,0.0,0.9166666666666666,ransom_13260
0,0.2,0.0,1,1,0.0,0.8,ransom_13261
0,0.2,0.0,1,1,0.0,0.8,ransom_13262
0,0.25,0.0,1,1,0.0,0.75,ransom_13263
2,0.1428571428571428,0.0,1,2,0.0,0.8571428571428571,ransom_13264
0,0.25,0.0,1,1,0.0,0.75,ransom_13265
0,0.2,0.0,1,1,0.0,0.8,ransom_13267
0,0.25,0.0,1,1,0.0,0.75,ransom_13268
0,0.1111111111111111,0.0,1,2,0.0,0.8888888888888888,ransom_13269
0,0.125,0.0,1,2,0.0,0.875,ransom_13270
0,0.125,0.0,1,2,0.0,0.875,ransom_13271
0,0.3333333333333333,0.0,1,1,0.0,0.6666666666666666,ransom_13273
0,0.1666666666666666,0.0,1,1,-0.9999999999999992,0.8333333333333334,ransom_13274
0,0.1666666666666666,0.0,1,2,0.0,0.8333333333333334,ransom_13275
0,0.25,0.0,1,1,0.0,0.75,ransom_13276
0,0.2,0.0,1,1,0.0,0.8,ransom_13277
0,0.1428571428571428,0.0,1,2,0.0,0.8571428571428571,ransom_13278
0,0.2,0.0,1,1,0.0,0.8,ransom_13279
0,0.3333333333333333,0.0,1,1,0.0,0.6666666666666666,ransom_1328
0,0.3333333333333333,0.0,1,1,0.0,0.6666666666666666,ransom_13280
0,0.1666666666666666,0.0,1,2,0.1666666666666655,0.8333333333333334,ransom_13281
0,0.1,0.0,1,3,0.0,0.9,ransom_13282
0,0.2,0.0,1,1,0.0,0.8,ransom_13283
0,0.25,0.0,1,1,0.0,0.75,ransom_13285
0,0.1666666666666666,0.0,1,2,0.0,0.8333333333333334,ransom_13286
0,0.25,0.0,1,1,0.0,0.75,ransom_13289
0,0.1111111111111111,0.0,1,1,-1.0,0.8888888888888888,ransom_1329
0,0.25,0.0,1,1,0.0,0.75,ransom_13290
0,0.25,0.0,1,1,0.0,0.75,ransom_13291
1,0.1428571428571428,0.0,1,2,-0.250000000000001,0.8571428571428571,ransom_13292
1,0.25,0.0,1,1,0.0,0.75,ransom_13293
0,0.25,0.0,1,1,0.0,0.75,ransom_13294
0,0.1666666666666666,0.0,1,2,0.1666666666666655,0.8333333333333334,ransom_13296
2,0.1,0.0,1,3,0.0,0.9,ransom_13297
0,0.2,0.0,1,1,0.0,0.8,ransom_13298
0,0.2,0.0,1,1,0.0,0.8,ransom_1330
0,0.3333333333333333,0.0,1,1,0.0,0.6666666666666666,ransom_13300
0,0.25,0.0,1,1,0.0,0.75,ransom_13301
0,0.25,0.0,1,1,0.0,0.75,ransom_13302
0,0.25,0.0,1,1,0.0,0.75,ransom_13303
0,0.25,0.0,1,1,0.0,0.75,ransom_13304
2,0.1428571428571428,0.0,1,2,0.0,0.8571428571428571,ransom_13305
0,0.3333333333333333,0.0,1,1,0.0,0.6666666666666666,ransom_13306
0,0.1428571428571428,0.0,1,2,0.0,0.8571428571428571,ransom_13307
0,0.3333333333333333,0.0,1,1,0.0,0.6666666666666666,ransom_13308
0,0.1666666666666666,0.0,1,2,0.0,0.8333333333333334,ransom_13309
0,0.2,0.0,1,1,0.0,0.8,ransom_1331
0,0.3333333333333333,0.0,1,1,0.0,0.6666666666666666,ransom_13310
0,0.125,0.0,1,2,-0.6454972243679025,0.875,ransom_13311
3,0.1,0.0,1,2,-0.7416198487095668,0.9,ransom_13312
0,0.25,0.0,1,1,0.0,0.75,ransom_13314
0,0.3333333333333333,0.0,1,1,0.0,0.6666666666666666,ransom_13316
0,0.1428571428571428,0.0,1,2,0.0,0.8571428571428571,ransom_13318
0,0.1666666666666666,0.0,1,2,0.0,0.8333333333333334,ransom_1332
0,0.3333333333333333,0.0,1,1,0.0,0.6666666666666666,ransom_13321
0,0.0909090909090909,0.0,1,3,0.0,0.9090909090909092,ransom_13323
0,0.25,0.0,1,1,0.0,0.75,ransom_13324
1,0.25,0.0,1,1,0.0,0.75,ransom_13325
0,0.1666666666666666,0.0,1,2,0.0,0.8333333333333334,ransom_13327
0,0.1666666666666666,0.0,1,2,0.0,0.8333333333333334,ransom_13328
0,0.3333333333333333,0.0,1,1,0.0,0.6666666666666666,ransom_13329
0,0.0666666666666666,0.0,1,3,-0.547722557505165,0.9333333333333332,ransom_1333
0,0.3333333333333333,0.0,1,1,0.0,0.6666666666666666,ransom_13330
5,0.2,0.0,1,1,0.0,0.8,ransom_13331
1,0.25,0.0,1,1,0.0,0.75,ransom_13332
0,0.1666666666666666,0.0,1,2,0.0,0.8333333333333334,ransom_13334
0,0.2,0.0,1,1,0.0,0.8,ransom_13335
0,0.1111111111111111,0.0,1,3,0.0,0.8888888888888888,ransom_13337
0,0.25,0.0,1,1,0.0,0.75,ransom_13338
0,0.1666666666666666,0.0,1,2,0.0,0.8333333333333334,ransom_13339
0,0.0909090909090909,0.0,1,2,-0.6882472016116848,0.9090909090909092,ransom_1334
2,0.1666666666666666,0.0,1,2,0.0,0.8333333333333334,ransom_13340
0,0.25,0.0,1,1,0.0,0.75,ransom_13342
2,0.2,0.0,1,1,0.0,0.8,ransom_13343
2,0.25,0.0,1,1,0.0,0.75,ransom_13344
0,0.25,0.0,1,1,0.0,0.75,ransom_13345
0,0.2,0.0,1,1,0.0,0.8,ransom_13346
0,0.1428571428571428,0.0,1,2,0.0,0.8571428571428571,ransom_13347
4,0.1428571428571428,0.0,1,2,-0.250000000000001,0.8571428571428571,ransom_13348
0,0.25,0.0,1,1,0.0,0.75,ransom_13349
0,0.1428571428571428,0.0,1,2,-0.250000000000001,0.8571428571428571,ransom_1335
0,0.25,0.0,1,1,0.0,0.75,ransom_13350
0,0.3333333333333333,0.0,1,1,0.0,0.6666666666666666,ransom_13351
0,0.2,0.0,1,1,0.0,0.8,ransom_13352
1,0.2,0.0,1,1,0.0,0.8,ransom_13353
0,0.1111111111111111,0.0,1,2,-0.5773502691896258,0.8888888888888888,ransom_13354
0,0.125,0.0,1,2,-0.6454972243679025,0.875,ransom_13355
0,0.0909090909090909,0.0,1,3,-0.2500000000000005,0.9090909090909092,ransom_13356
1,0.2,0.0,1,1,0.0,0.8,ransom_13357
0,0.3333333333333333,0.0,1,1,0.0,0.6666666666666666,ransom_13358
4,0.3333333333333333,0.0,1,1,0.0,0.6666666666666666,ransom_13359
2,0.0833333333333333,0.0,1,4,0.0173762011714225,0.9166666666666666,ransom_1336
2,0.3333333333333333,0.0,1,1,0.0,0.6666666666666666,ransom_13360
0,0.3333333333333333,0.0,1,1,0.0,0.6666666666666666,ransom_13362
0,0.1428571428571428,0.0,1,2,0.0,0.8571428571428571,ransom_13364
0,0.25,0.0,1,1,0.0,0.75,ransom_13365
0,0.1428571428571428,0.0,1,2,-0.250000000000001,0.8571428571428571,ransom_13366
0,0.2,0.0,1,1,0.0,0.8,ransom_13368
0,0.1111111111111111,0.0,1,2,0.0,0.8888888888888888,ransom_13369
0,0.0909090909090909,0.0,1,2,0.0,0.9090909090909092,ransom_1337
0,0.1666666666666666,0.0,1,2,0.0,0.8333333333333334,ransom_13370
0,0.3333333333333333,0.0,1,1,0.0,0.6666666666666666,ransom_13371
4,0.0833333333333333,0.0,1,3,-0.3268602252303066,0.9166666666666666,ransom_13372
0,0.25,0.0,1,1,0.0,0.75,ransom_13373
0,0.3333333333333333,0.0,1,1,0.0,0.6666666666666666,ransom_13374
0,0.25,0.0,1,1,0.0,0.75,ransom_13375
0,0.3333333333333333,0.0,1,1,0.0,0.6666666666666666,ransom_13377
0,0.1428571428571428,0.0,1,2,0.0,0.8571428571428571,ransom_13378
0,0.2,0.0,1,1,0.0,0.8,ransom_13379
2,0.1428571428571428,0.0,1,1,-1.0000000000000002,0.8571428571428571,ransom_1338
0,0.25,0.0,1,1,0.0,0.75,ransom_13380
1,0.25,0.0,1,1,0.0,0.75,ransom_13382
2,0.25,0.0,1,1,0.0,0.75,ransom_13383
0,0.2,0.0,1,1,0.0,0.8,ransom_13384
0,0.1428571428571428,0.0,1,2,0.0,0.8571428571428571,ransom_13385
0,0.3333333333333333,0.0,1,1,0.0,0.6666666666666666,ransom_13386
0,0.3333333333333333,0.0,1,1,0.0,0.6666666666666666,ransom_13387
1,0.1111111111111111,0.0,1,3,0.0,0.8888888888888888,ransom_13388
0,0.25,0.0,1,1,0.0,0.75,ransom_13390
0,0.25,0.0,1,1,0.0,0.75,ransom_13391
0,0.2,0.0,1,1,0.0,0.8,ransom_13392
0,0.2,0.0,1,2,0.0,0.8,ransom_13394
0,0.3333333333333333,0.0,1,1,0.0,0.6666666666666666,ransom_13395
0,0.1666666666666666,0.0,1,2,0.0,0.8333333333333334,ransom_13396
0,0.125,0.0,1,2,0.0,0.875,ransom_13397
0,0.25,0.0,1,1,0.0,0.75,ransom_13399
0,0.2,0.0,1,1,0.0,0.8,ransom_1340
0,0.25,0.0,1,1,0.0,0.75,ransom_13400
0,0.1666666666666666,0.0,1,1,-0.9999999999999992,0.8333333333333334,ransom_13402
0,0.125,0.0,1,2,0.0,0.875,ransom_13403
0,0.3333333333333333,0.0,1,1,0.0,0.6666666666666666,ransom_13404
0,0.1428571428571428,0.0,1,2,0.0,0.8571428571428571,ransom_13405
0,0.25,0.0,1,1,0.0,0.75,ransom_13406
0,0.25,0.0,1,1,0.0,0.75,ransom_13407
0,0.1111111111111111,0.0,1,2,0.0,0.8888888888888888,ransom_13408
1,0.25,0.0,1,1,0.0,0.75,ransom_13409
3,0.25,0.0,1,1,0.0,0.75,ransom_1341
0,0.25,0.0,1,1,0.0,0.75,ransom_13410
0,0.1666666666666666,0.0,1,2,0.0,0.8333333333333334,ransom_13411
1,0.25,0.0,1,1,0.0,0.75,ransom_13412
1,0.2,0.0,1,2,0.0,0.8,ransom_13413
0,0.1666666666666666,0.0,1,2,0.0,0.8333333333333334,ransom_13414
1,0.25,0.0,1,1,0.0,0.75,ransom_13415
0,0.1428571428571428,0.0,1,2,0.0,0.8571428571428571,ransom_13417
1,0.2,0.0,1,1,0.0,0.8,ransom_13418
0,0.3333333333333333,0.0,1,1,0.0,0.6666666666666666,ransom_13420
0,0.3333333333333333,0.0,1,1,0.0,0.6666666666666666,ransom_13421
0,0.125,0.0,1,2,-0.4880935300919782,0.875,ransom_13422
0,0.125,0.0,1,2,-0.4880935300919782,0.875,ransom_13423
3,0.1428571428571428,0.0,1,2,0.0,0.8571428571428571,ransom_13424
0,0.2,0.0,1,1,0.0,0.8,ransom_13425
7,0.1666666666666666,0.0,1,2,0.0,0.8333333333333334,ransom_13426
0,0.125,0.0,1,2,-0.6454972243679025,0.875,ransom_13427
0,0.2,0.0,1,1,-1.0,0.8,ransom_13428
0,0.1428571428571428,0.0,1,2,0.0,0.8571428571428571,ransom_13429
0,0.0769230769230769,0.0,1,3,-0.4898979485566356,0.9230769230769232,ransom_1343
0,0.25,0.0,1,1,0.0,0.75,ransom_13430
0,0.25,0.0,1,1,0.0,0.75,ransom_13431
4,0.1666666666666666,0.0,1,2,0.0,0.8333333333333334,ransom_13432
4,0.1428571428571428,0.0,1,2,0.0,0.8571428571428571,ransom_13434
0,0.2,0.0,1,1,0.0,0.8,ransom_13436
0,0.1,0.0,1,2,-0.8237544710479152,0.9,ransom_13439
0,0.0714285714285714,0.0,1,3,-0.3885777727501212,0.9285714285714286,ransom_1344
4,0.1428571428571428,0.0,1,2,-0.250000000000001,0.8571428571428571,ransom_13440
1,0.1666666666666666,0.0,1,2,0.0,0.8333333333333334,ransom_13441
5,0.125,0.0,1,2,0.0,0.875,ransom_13442
2,0.25,0.0,1,1,0.0,0.75,ransom_13443
0,0.3333333333333333,0.0,1,1,0.0,0.6666666666666666,ransom_13444
0,0.0909090909090909,0.0,1,3,-0.166666666666668,0.9090909090909092,ransom_13445
0,0.25,0.0,1,1,0.0,0.75,ransom_13447
0,0.125,0.0,1,2,-0.6454972243679025,0.875,ransom_13448
0,0.3333333333333333,0.0,1,1,0.0,0.6666666666666666,ransom_13449
0,0.1428571428571428,0.0,1,1,-1.0,0.8571428571428571,ransom_1345
1,0.25,0.0,1,1,0.0,0.75,ransom_13452
0,0.1428571428571428,0.0,1,2,0.0,0.8571428571428571,ransom_13455
0,0.25,0.0,1,1,0.0,0.75,ransom_13456
4,0.2,0.0,1,2,0.0,0.8,ransom_13457
0,0.25,0.0,1,1,0.0,0.75,ransom_13458
0,0.125,0.0,1,2,0.0,0.875,ransom_13459
0,0.0714285714285714,0.0,1,2,-0.7094439130137363,0.9285714285714286,ransom_1346
0,0.3333333333333333,0.0,1,1,0.0,0.6666666666666666,ransom_13461
0,0.3333333333333333,0.0,1,1,0.0,0.6666666666666666,ransom_13462
0,0.3333333333333333,0.0,1,1,0.0,0.6666666666666666,ransom_13463
0,0.25,0.0,1,1,0.0,0.75,ransom_13464
0,0.25,0.0,1,1,0.0,0.75,ransom_13466
0,0.3333333333333333,0.0,1,1,0.0,0.6666666666666666,ransom_13467
0,0.2,0.0,1,1,0.0,0.8,ransom_13468
6,0.0555555555555555,0.0,1,3,-0.6206610393654197,0.9444444444444444,ransom_1347
0,0.25,0.0,1,1,0.0,0.75,ransom_13470
0,0.25,0.0,1,1,0.0,0.75,ransom_13471
0,0.3333333333333333,0.0,1,1,0.0,0.6666666666666666,ransom_13472
0,0.25,0.0,1,1,0.0,0.75,ransom_13473
7,0.125,0.0,1,2,-0.6454972243679025,0.875,ransom_13474
0,0.3333333333333333,0.0,1,1,0.0,0.6666666666666666,ransom_13475
1,0.1428571428571428,0.0,1,2,0.0,0.8571428571428571,ransom_13476
3,0.1428571428571428,0.0,1,2,-0.250000000000001,0.8571428571428571,ransom_13477
0,0.25,0.0,1,1,0.0,0.75,ransom_13478
0,0.25,0.0,1,1,0.0,0.75,ransom_13479
1,0.0526315789473684,0.0,1,3,-0.7905694150420958,0.9473684210526316,ransom_1348
1,0.25,0.0,1,1,0.0,0.75,ransom_13480
0,0.125,0.0,1,2,0.0,0.875,ransom_13481
0,0.2,0.0,1,1,0.0,0.8,ransom_13482
0,0.3333333333333333,0.0,1,1,0.0,0.6666666666666666,ransom_13483
0,0.25,0.0,1,1,0.0,0.75,ransom_13484
0,0.1428571428571428,0.0,1,2,0.0,0.8571428571428571,ransom_13485
1,0.1428571428571428,0.0,1,2,0.0,0.8571428571428571,ransom_13486
0,0.25,0.0,1,1,0.0,0.75,ransom_13487
0,0.25,0.0,1,1,0.0,0.75,ransom_13488
1,0.1428571428571428,0.0,1,1,-1.0,0.8571428571428571,ransom_1349
4,0.2,0.0,1,1,-1.0,0.8,ransom_13491
1,0.1,0.0,1,3,0.0,0.9,ransom_13492
0,0.2,0.0,1,1,0.0,0.8,ransom_13493
0,0.25,0.0,1,1,0.0,0.75,ransom_13494
0,0.25,0.0,1,1,0.0,0.75,ransom_13495
0,0.3333333333333333,0.0,1,1,0.0,0.6666666666666666,ransom_13496
7,0.2,0.0,1,1,0.0,0.8,ransom_13497
0,0.2,0.0,1,2,0.0,0.8,ransom_13498
1,0.2,0.0,1,2,0.0,0.8,ransom_13499
0,0.25,0.0,1,1,0.0,0.75,ransom_1350
0,0.25,0.0,1,1,0.0,0.75,ransom_13500
0,0.1666666666666666,0.0,1,1,-0.9999999999999992,0.8333333333333334,ransom_13501
0,0.1428571428571428,0.0,1,2,0.0,0.8571428571428571,ransom_13502
0,0.3333333333333333,0.0,1,1,0.0,0.6666666666666666,ransom_13503
0,0.25,0.0,1,1,0.0,0.75,ransom_13504
0,0.1111111111111111,0.0,1,2,-0.6546536707079772,0.8888888888888888,ransom_13505
1,0.0909090909090909,0.0,1,3,-0.166666666666668,0.9090909090909092,ransom_13506
1,0.0909090909090909,0.0,1,3,0.0,0.9090909090909092,ransom_13508
0,0.25,0.0,1,1,0.0,0.75,ransom_13509
0,0.0384615384615384,0.0,1,4,-0.5742822660841126,0.9615384615384616,ransom_1351
0,0.3333333333333333,0.0,1,1,0.0,0.6666666666666666,ransom_13510
0,0.1428571428571428,0.0,1,2,-0.250000000000001,0.8571428571428571,ransom_13511
0,0.25,0.0,1,1,0.0,0.75,ransom_13512
0,0.3333333333333333,0.0,1,1,0.0,0.6666666666666666,ransom_13513
1,0.2,0.0,1,1,0.0,0.8,ransom_13514
0,0.2,0.0,1,1,-1.0,0.8,ransom_13515
2,0.3333333333333333,0.0,1,1,0.0,0.6666666666666666,ransom_13516
0,0.125,0.0,1,2,0.0,0.875,ransom_13517
2,0.3333333333333333,0.0,1,1,0.0,0.6666666666666666,ransom_13519
0,0.25,0.0,1,1,0.0,0.75,ransom_1352
0,0.0833333333333333,0.0,1,3,-0.2390457218668779,0.9166666666666666,ransom_13520
0,0.25,0.0,1,1,0.0,0.75,ransom_13521
0,0.0909090909090909,0.0,1,3,0.0,0.9090909090909092,ransom_13522
0,0.25,0.0,1,1,0.0,0.75,ransom_13525
0,0.25,0.0,1,1,0.0,0.75,ransom_13526
0,0.3333333333333333,0.0,1,1,0.0,0.6666666666666666,ransom_13527
0,0.3333333333333333,0.0,1,1,0.0,0.6666666666666666,ransom_13528
1,0.25,0.0,1,1,0.0,0.75,ransom_13529
0,0.2,0.0,1,1,0.0,0.8,ransom_13530
0,0.1428571428571428,0.0,1,2,0.0,0.8571428571428571,ransom_13531
0,0.3333333333333333,0.0,1,1,0.0,0.6666666666666666,ransom_13532
1,0.1666666666666666,0.0,1,2,0.0,0.8333333333333334,ransom_13533
0,0.25,0.0,1,1,0.0,0.75,ransom_13534
1,0.1,0.0,1,2,-0.7416198487095668,0.9,ransom_13536
0,0.3333333333333333,0.0,1,1,0.0,0.6666666666666666,ransom_13537
0,0.125,0.0,1,2,-0.6454972243679025,0.875,ransom_13538
0,0.2,0.0,1,1,0.0,0.8,ransom_13539
1,0.0555555555555555,0.0,1,4,-0.2749999999999993,0.9444444444444444,ransom_1354
2,0.1,0.0,1,3,-0.0805822964025377,0.9,ransom_13540
0,0.25,0.0,1,1,0.0,0.75,ransom_13542
7,0.25,0.0,1,1,0.0,0.75,ransom_13544
0,0.2,0.0,1,1,-1.0,0.8,ransom_13545
1,0.25,0.0,1,1,0.0,0.75,ransom_13546
0,0.25,0.0,1,1,0.0,0.75,ransom_13547
0,0.3333333333333333,0.0,1,1,0.0,0.6666666666666666,ransom_13548
0,0.2,0.0,1,2,0.0,0.8,ransom_13549
0,0.1428571428571428,0.0,1,2,-0.250000000000001,0.8571428571428571,ransom_13550
0,0.125,0.0,1,2,0.0,0.875,ransom_13551
3,0.125,0.0,1,3,0.0,0.875,ransom_13552
0,0.25,0.0,1,1,0.0,0.75,ransom_13553
0,0.125,0.0,1,2,0.0,0.875,ransom_13555
0,0.3333333333333333,0.0,1,1,0.0,0.6666666666666666,ransom_13556
0,0.1428571428571428,0.0,1,2,0.0,0.8571428571428571,ransom_13558
3,0.25,0.0,1,1,0.0,0.75,ransom_13559
1,0.125,0.0,1,2,-0.4166666666666659,0.875,ransom_1356
0,0.1428571428571428,0.0,1,2,0.0,0.8571428571428571,ransom_13562
1,0.25,0.0,1,1,0.0,0.75,ransom_13563
0,0.1666666666666666,0.0,1,2,0.0,0.8333333333333334,ransom_13564
0,0.25,0.0,1,1,0.0,0.75,ransom_13565
0,0.2,0.0,1,1,0.0,0.8,ransom_13566
0,0.3333333333333333,0.0,1,1,0.0,0.6666666666666666,ransom_13567
0,0.125,0.0,1,2,-0.4880935300919782,0.875,ransom_13568
1,0.3333333333333333,0.0,1,1,0.0,0.6666666666666666,ransom_13569
0,0.0769230769230769,0.0,1,3,-0.4472135954999569,0.9230769230769232,ransom_1357
0,0.3333333333333333,0.0,1,1,0.0,0.6666666666666666,ransom_13570
0,0.3333333333333333,0.0,1,1,0.0,0.6666666666666666,ransom_13572
0,0.1428571428571428,0.0,1,2,0.0,0.8571428571428571,ransom_13573
0,0.25,0.0,1,1,0.0,0.75,ransom_13575
0,0.2,0.0,1,2,0.0,0.8,ransom_13576
1,0.3333333333333333,0.0,1,1,0.0,0.6666666666666666,ransom_13577
0,0.2,0.0,1,1,-1.0,0.8,ransom_13578
1,0.1666666666666666,0.0,1,2,0.0,0.8333333333333334,ransom_13579
0,0.2,0.0,1,1,0.0,0.8,ransom_1358
0,0.25,0.0,1,1,0.0,0.75,ransom_13580
0,0.25,0.0,1,1,0.0,0.75,ransom_13581
0,0.25,0.0,1,1,0.0,0.75,ransom_13584
0,0.1111111111111111,0.0,1,2,0.0,0.8888888888888888,ransom_13586
1,0.0833333333333333,0.0,1,4,0.0,0.9166666666666666,ransom_13588
10,0.125,0.0,1,2,-0.6454972243679025,0.875,ransom_13589
0,0.1666666666666666,0.0,1,1,0.0,0.8333333333333334,ransom_1359
0,0.1428571428571428,0.0,1,2,0.0,0.8571428571428571,ransom_13590
0,0.1666666666666666,0.0,1,1,-0.9999999999999992,0.8333333333333334,ransom_13591
0,0.3333333333333333,0.0,1,1,0.0,0.6666666666666666,ransom_13592
0,0.3333333333333333,0.0,1,1,0.0,0.6666666666666666,ransom_13593
0,0.25,0.0,1,1,0.0,0.75,ransom_13594
0,0.1,0.0,1,3,-0.1889822365046146,0.9,ransom_13595
0,0.125,0.0,1,2,0.0,0.875,ransom_13596
0,0.2,0.0,1,1,-1.0,0.8,ransom_13598
1,0.1,0.0,1,2,-0.7462025072446367,0.9,ransom_1360
1,0.3333333333333333,0.0,1,1,0.0,0.6666666666666666,ransom_13600
0,0.1,0.0,1,3,0.0,0.9,ransom_13601
0,0.1666666666666666,0.0,1,2,0.0,0.8333333333333334,ransom_13602
0,0.3333333333333333,0.0,1,1,0.0,0.6666666666666666,ransom_13603
0,0.3333333333333333,0.0,1,1,0.0,0.6666666666666666,ransom_13604
3,0.1428571428571428,0.0,1,2,0.0,0.8571428571428571,ransom_13605
0,0.125,0.0,1,2,-0.4880935300919782,0.875,ransom_13609
0,0.2,0.0,1,1,0.0,0.8,ransom_1361
1,0.125,0.0,1,2,0.0,0.875,ransom_13610
0,0.25,0.0,1,1,0.0,0.75,ransom_13611
0,0.25,0.0,1,1,0.0,0.75,ransom_13612
0,0.25,0.0,1,1,0.0,0.75,ransom_13613
1,0.25,0.0,1,1,0.0,0.75,ransom_13614
0,0.2,0.0,1,1,-1.0,0.8,ransom_13616
0,0.25,0.0,1,1,0.0,0.75,ransom_13617
0,0.2,0.0,1,1,0.0,0.8,ransom_13619
0,0.0909090909090909,0.0,1,3,-0.2500000000000005,0.9090909090909092,ransom_1362
0,0.25,0.0,1,1,0.0,0.75,ransom_13620
0,0.125,0.0,1,2,-0.4880935300919782,0.875,ransom_13621
0,0.3333333333333333,0.0,1,1,0.0,0.6666666666666666,ransom_13622
0,0.25,0.0,1,1,0.0,0.75,ransom_13623
1,0.25,0.0,1,1,0.0,0.75,ransom_13624
0,0.3333333333333333,0.0,1,1,0.0,0.6666666666666666,ransom_13626
0,0.0909090909090909,0.0,1,3,0.0,0.9090909090909092,ransom_13627
1,0.25,0.0,1,1,0.0,0.75,ransom_13628
0,0.2,0.0,1,1,0.0,0.8,ransom_13629
0,0.3333333333333333,0.0,1,1,0.0,0.6666666666666666,ransom_1363
5,0.2,0.0,1,1,0.0,0.8,ransom_13630
1,0.1428571428571428,0.0,1,2,0.0,0.8571428571428571,ransom_13631
1,0.3333333333333333,0.0,1,1,0.0,0.6666666666666666,ransom_13632
1,0.25,0.0,1,1,0.0,0.75,ransom_13633
0,0.1428571428571428,0.0,1,2,-0.250000000000001,0.8571428571428571,ransom_13634
0,0.2,0.0,1,1,-1.0,0.8,ransom_13636
0,0.2,0.0,1,1,0.0,0.8,ransom_13638
1,0.0555555555555555,0.0,1,3,-0.5531393216524777,0.9444444444444444,ransom_1364
0,0.25,0.0,1,1,0.0,0.75,ransom_13641
0,0.1,0.0,1,2,-0.8237544710479152,0.9,ransom_13642
0,0.25,0.0,1,1,0.0,0.75,ransom_13643
0,0.25,0.0,1,1,0.0,0.75,ransom_13644
0,0.2,0.0,1,1,0.0,0.8,ransom_13645
0,0.25,0.0,1,1,0.0,0.75,ransom_13647
0,0.2,0.0,1,2,0.0,0.8,ransom_13648
0,0.2,0.0,1,1,-1.0,0.8,ransom_13649
0,0.0909090909090909,0.0,1,2,-0.816496580927727,0.9090909090909092,ransom_1365
0,0.2,0.0,1,1,0.0,0.8,ransom_13650
0,0.3333333333333333,0.0,1,1,0.0,0.6666666666666666,ransom_13653
0,0.2,0.0,1,1,-1.0,0.8,ransom_13654
0,0.2,0.0,1,1,0.0,0.8,ransom_13655
1,0.25,0.0,1,1,0.0,0.75,ransom_13656
0,0.3333333333333333,0.0,1,1,0.0,0.6666666666666666,ransom_13657
0,0.3333333333333333,0.0,1,1,0.0,0.6666666666666666,ransom_13658
0,0.1666666666666666,0.0,1,2,0.0,0.8333333333333334,ransom_13659
0,0.0714285714285714,0.0,1,2,-0.8185287822415229,0.9285714285714286,ransom_1366
0,0.125,0.0,1,2,0.0,0.875,ransom_13660
0,0.25,0.0,1,1,0.0,0.75,ransom_13661
5,0.2,0.0,1,1,0.0,0.8,ransom_13662
0,0.1666666666666666,0.0,1,2,0.0,0.8333333333333334,ransom_13663
1,0.1666666666666666,0.0,1,1,-0.9999999999999992,0.8333333333333334,ransom_13664
0,0.125,0.0,1,2,-0.6454972243679025,0.875,ransom_13665
0,0.25,0.0,1,1,0.0,0.75,ransom_13666
1,0.2,0.0,1,1,0.0,0.8,ransom_13667
0,0.25,0.0,1,1,0.0,0.75,ransom_13668
0,0.1428571428571428,0.0,1,2,0.0,0.8571428571428571,ransom_13669
0,0.2,0.0,1,1,0.0,0.8,ransom_13671
0,0.1666666666666666,0.0,1,1,-0.9999999999999992,0.8333333333333334,ransom_13672
0,0.2,0.0,1,1,-1.0,0.8,ransom_13673
0,0.2,0.0,1,1,0.0,0.8,ransom_13674
0,0.3333333333333333,0.0,1,1,0.0,0.6666666666666666,ransom_13675
0,0.25,0.0,1,1,0.0,0.75,ransom_13677
0,0.1111111111111111,0.0,1,2,-0.5773502691896258,0.8888888888888888,ransom_13678
0,0.2,0.0,1,1,0.0,0.8,ransom_13679
0,0.25,0.0,1,1,0.0,0.75,ransom_13680
1,0.2,0.0,1,1,0.0,0.8,ransom_13681
0,0.25,0.0,1,1,0.0,0.75,ransom_13682
1,0.1428571428571428,0.0,1,2,-0.250000000000001,0.8571428571428571,ransom_13684
2,0.1666666666666666,0.0,1,2,0.0,0.8333333333333334,ransom_13685
0,0.2,0.0,1,1,-1.0,0.8,ransom_13688
0,0.2,0.0,1,1,0.0,0.8,ransom_13689
0,0.1,0.0,1,1,0.0,0.9,ransom_1369
1,0.1666666666666666,0.0,1,2,0.0,0.8333333333333334,ransom_13690
0,0.3333333333333333,0.0,1,1,0.0,0.6666666666666666,ransom_13691
2,0.1428571428571428,0.0,1,2,0.0,0.8571428571428571,ransom_13692
6,0.0714285714285714,0.0,1,4,0.0,0.9285714285714286,ransom_13693
0,0.1428571428571428,0.0,1,2,0.0,0.8571428571428571,ransom_13695
1,0.1111111111111111,0.0,1,3,0.0,0.8888888888888888,ransom_13696
0,0.25,0.0,1,1,0.0,0.75,ransom_13697
0,0.25,0.0,1,1,0.0,0.75,ransom_13698
0,0.25,0.0,1,1,0.0,0.75,ransom_1370
0,0.25,0.0,1,1,0.0,0.75,ransom_13700
2,0.1666666666666666,0.0,1,2,0.0,0.8333333333333334,ransom_13701
4,0.1111111111111111,0.0,1,2,0.0,0.8888888888888888,ransom_13702
0,0.25,0.0,1,1,0.0,0.75,ransom_13703
1,0.25,0.0,1,1,0.0,0.75,ransom_13704
0,0.2,0.0,1,2,0.0,0.8,ransom_13706
0,0.2,0.0,1,1,0.0,0.8,ransom_13707
0,0.2,0.0,1,1,0.0,0.8,ransom_13709
0,0.1666666666666666,0.0,1,1,-0.9999999999999992,0.8333333333333334,ransom_1371
2,0.1111111111111111,0.0,1,2,-0.6546536707079772,0.8888888888888888,ransom_13710
0,0.1428571428571428,0.0,1,2,-0.250000000000001,0.8571428571428571,ransom_13711
0,0.1111111111111111,0.0,1,2,-0.6546536707079772,0.8888888888888888,ransom_13712
0,0.25,0.0,1,1,0.0,0.75,ransom_13716
0,0.125,0.0,1,2,0.0,0.875,ransom_13717
0,0.1111111111111111,0.0,1,2,0.0,0.8888888888888888,ransom_13718
1,0.3333333333333333,0.0,1,1,0.0,0.6666666666666666,ransom_13719
0,0.25,0.0,1,1,0.0,0.75,ransom_1372
0,0.2,0.0,1,1,0.0,0.8,ransom_13720
0,0.2,0.0,1,1,0.0,0.8,ransom_13722
0,0.25,0.0,1,1,0.0,0.75,ransom_13723
1,0.125,0.0,1,2,0.0,0.875,ransom_13724
0,0.25,0.0,1,1,0.0,0.75,ransom_13725
0,0.125,0.0,1,2,0.0,0.875,ransom_13726
0,0.3333333333333333,0.0,1,1,0.0,0.6666666666666666,ransom_13727
0,0.2,0.0,1,1,0.0,0.8,ransom_13728
0,0.3333333333333333,0.0,1,1,0.0,0.6666666666666666,ransom_13730
0,0.25,0.0,1,1,0.0,0.75,ransom_13731
0,0.25,0.0,1,1,0.0,0.75,ransom_13733
0,0.25,0.0,1,1,0.0,0.75,ransom_13734
0,0.25,0.0,1,1,0.0,0.75,ransom_13738
0,0.25,0.0,1,1,0.0,0.75,ransom_13739
0,0.3333333333333333,0.0,1,1,0.0,0.6666666666666666,ransom_1374
0,0.25,0.0,1,1,0.0,0.75,ransom_13740
0,0.25,0.0,1,1,0.0,0.75,ransom_13741
0,0.3333333333333333,0.0,1,1,0.0,0.6666666666666666,ransom_13742
0,0.25,0.0,1,1,0.0,0.75,ransom_13743
0,0.2,0.0,1,1,-1.0,0.8,ransom_13744
0,0.3333333333333333,0.0,1,1,0.0,0.6666666666666666,ransom_13745
1,0.2,0.0,1,1,0.0,0.8,ransom_13746
0,0.2,0.0,1,1,0.0,0.8,ransom_13747
0,0.25,0.0,1,1,0.0,0.75,ransom_13748
0,0.2,0.0,1,1,0.0,0.8,ransom_13749
4,0.1428571428571428,0.0,1,1,0.0,0.8571428571428571,ransom_1375
1,0.1428571428571428,0.0,1,2,0.0,0.8571428571428571,ransom_13750
0,0.1428571428571428,0.0,1,2,-0.250000000000001,0.8571428571428571,ransom_13752
0,0.25,0.0,1,1,0.0,0.75,ransom_13753
0,0.25,0.0,1,1,0.0,0.75,ransom_13754
0,0.125,0.0,1,2,0.0,0.875,ransom_13755
2,0.3333333333333333,0.0,1,1,0.0,0.6666666666666666,ransom_13756
0,0.1111111111111111,0.0,1,2,-0.6546536707079772,0.8888888888888888,ransom_13758
1,0.3333333333333333,0.0,1,1,0.0,0.6666666666666666,ransom_13759
1,0.25,0.0,1,1,0.0,0.75,ransom_1376
1,0.1666666666666666,0.0,1,2,0.0,0.8333333333333334,ransom_13760
0,0.2,0.0,1,1,0.0,0.8,ransom_13761
0,0.1428571428571428,0.0,1,2,-0.250000000000001,0.8571428571428571,ransom_13762
6,0.3333333333333333,0.0,1,1,0.0,0.6666666666666666,ransom_13763
0,0.2,0.0,1,1,0.0,0.8,ransom_13764
1,0.25,0.0,1,1,0.0,0.75,ransom_13765
0,0.25,0.0,1,1,0.0,0.75,ransom_13766
2,0.3333333333333333,0.0,1,1,0.0,0.6666666666666666,ransom_13767
0,0.125,0.0,1,2,0.0,0.875,ransom_13768
1,0.25,0.0,1,1,0.0,0.75,ransom_13769
0,0.25,0.0,1,1,0.0,0.75,ransom_1377
4,0.25,0.0,1,1,0.0,0.75,ransom_13770
0,0.1666666666666666,0.0,1,1,-0.9999999999999992,0.8333333333333334,ransom_13771
0,0.25,0.0,1,1,0.0,0.75,ransom_13772
1,0.25,0.0,1,1,0.0,0.75,ransom_13774
0,0.1666666666666666,0.0,1,2,0.0,0.8333333333333334,ransom_13775
0,0.25,0.0,1,1,0.0,0.75,ransom_13776
0,0.1666666666666666,0.0,1,2,0.0,0.8333333333333334,ransom_13778
0,0.125,0.0,1,2,0.0,0.875,ransom_13779
2,0.0909090909090909,0.0,1,2,-0.7500000000000017,0.9090909090909092,ransom_1378
0,0.25,0.0,1,1,0.0,0.75,ransom_13781
0,0.3333333333333333,0.0,1,1,0.0,0.6666666666666666,ransom_13783
9,0.1111111111111111,0.0,1,3,0.0,0.8888888888888888,ransom_13784
0,0.25,0.0,1,1,0.0,0.75,ransom_13785
2,0.25,0.0,1,1,0.0,0.75,ransom_13786
0,0.3333333333333333,0.0,1,1,0.0,0.6666666666666666,ransom_13787
0,0.25,0.0,1,1,0.0,0.75,ransom_13788
0,0.25,0.0,1,1,0.0,0.75,ransom_13789
0,0.125,0.0,1,2,-0.4880935300919782,0.875,ransom_1379
0,0.25,0.0,1,1,0.0,0.75,ransom_13790
0,0.25,0.0,1,1,0.0,0.75,ransom_13791
0,0.1666666666666666,0.0,1,2,0.0,0.8333333333333334,ransom_13792
0,0.3333333333333333,0.0,1,1,0.0,0.6666666666666666,ransom_13793
0,0.3333333333333333,0.0,1,1,0.0,0.6666666666666666,ransom_13794
0,0.25,0.0,1,1,0.0,0.75,ransom_13795
1,0.2,0.0,1,1,0.0,0.8,ransom_13797
0,0.25,0.0,1,1,0.0,0.75,ransom_13798
0,0.2,0.0,1,2,0.0,0.8,ransom_13800
0,0.2,0.0,1,1,0.0,0.8,ransom_13801
5,0.0909090909090909,0.0,1,3,0.0,0.9090909090909092,ransom_13802
0,0.25,0.0,1,1,0.0,0.75,ransom_13803
0,0.2,0.0,1,1,0.0,0.8,ransom_13806
5,0.125,0.0,1,2,-0.6454972243679025,0.875,ransom_13807
0,0.25,0.0,1,1,0.0,0.75,ransom_13808
0,0.1428571428571428,0.0,1,1,-1.0,0.8571428571428571,ransom_1381
0,0.25,0.0,1,1,0.0,0.75,ransom_13810
3,0.0769230769230769,0.0,1,4,0.0,0.9230769230769232,ransom_13811
0,0.1,0.0,1,3,0.0,0.9,ransom_13812
0,0.25,0.0,1,1,0.0,0.75,ransom_13813
0,0.2,0.0,1,1,0.0,0.8,ransom_13814
0,0.2,0.0,1,1,0.0,0.8,ransom_13815
0,0.25,0.0,1,1,0.0,0.75,ransom_13816
1,0.1666666666666666,0.0,1,2,0.1666666666666655,0.8333333333333334,ransom_13817
2,0.25,0.0,1,1,0.0,0.75,ransom_13818
1,0.25,0.0,1,1,0.0,0.75,ransom_13819
0,0.1666666666666666,0.0,1,1,-0.9999999999999992,0.8333333333333334,ransom_1382
0,0.2,0.0,1,1,-1.0,0.8,ransom_13820
2,0.125,0.0,1,2,0.0,0.875,ransom_13822
1,0.0769230769230769,0.0,1,4,0.0,0.9230769230769232,ransom_13823
1,0.25,0.0,1,1,0.0,0.75,ransom_13824
0,0.1666666666666666,0.0,1,1,-0.9999999999999992,0.8333333333333334,ransom_13825
1,0.2,0.0,1,1,0.0,0.8,ransom_13827
0,0.25,0.0,1,1,0.0,0.75,ransom_13828
0,0.25,0.0,1,1,0.0,0.75,ransom_13829
0,0.25,0.0,1,1,0.0,0.75,ransom_1383
0,0.3333333333333333,0.0,1,1,0.0,0.6666666666666666,ransom_13830
6,0.3333333333333333,0.0,1,1,0.0,0.6666666666666666,ransom_13831
2,0.3333333333333333,0.0,1,1,0.0,0.6666666666666666,ransom_13832
1,0.25,0.0,1,1,0.0,0.75,ransom_13833
6,0.3333333333333333,0.0,1,1,0.0,0.6666666666666666,ransom_13834
0,0.2,0.0,1,1,0.0,0.8,ransom_13835
0,0.25,0.0,1,1,0.0,0.75,ransom_13836
0,0.25,0.0,1,1,0.0,0.75,ransom_13837
0,0.3333333333333333,0.0,1,1,0.0,0.6666666666666666,ransom_13838
0,0.125,0.0,1,2,0.0,0.875,ransom_13839
0,0.3333333333333333,0.0,1,1,0.0,0.6666666666666666,ransom_13840
0,0.3333333333333333,0.0,1,1,0.0,0.6666666666666666,ransom_13841
0,0.25,0.0,1,1,0.0,0.75,ransom_13842
1,0.2,0.0,1,1,0.0,0.8,ransom_13843
0,0.2,0.0,1,1,0.0,0.8,ransom_13844
0,0.2,0.0,1,1,0.0,0.8,ransom_13845
0,0.1666666666666666,0.0,1,2,0.0,0.8333333333333334,ransom_13846
2,0.1428571428571428,0.0,1,2,-0.250000000000001,0.8571428571428571,ransom_13847
0,0.2,0.0,1,1,-1.0,0.8,ransom_13848
1,0.2,0.0,1,1,0.0,0.8,ransom_1385
0,0.25,0.0,1,1,0.0,0.75,ransom_13850
5,0.25,0.0,1,1,0.0,0.75,ransom_13851
0,0.3333333333333333,0.0,1,1,0.0,0.6666666666666666,ransom_13854
0,0.3333333333333333,0.0,1,1,0.0,0.6666666666666666,ransom_13855
0,0.2,0.0,1,1,0.0,0.8,ransom_13859
0,0.125,0.0,1,1,0.0,0.875,ransom_1386
0,0.25,0.0,1,1,0.0,0.75,ransom_13860
2,0.1428571428571428,0.0,1,2,0.0,0.8571428571428571,ransom_13861
0,0.2,0.0,1,1,0.0,0.8,ransom_13864
1,0.3333333333333333,0.0,1,1,0.0,0.6666666666666666,ransom_13867
0,0.25,0.0,1,1,0.0,0.75,ransom_13868
0,0.3333333333333333,0.0,1,1,0.0,0.6666666666666666,ransom_13869
0,0.125,0.0,1,1,0.0,0.875,ransom_1387
0,0.2,0.0,1,1,0.0,0.8,ransom_13870
0,0.1,0.0,1,3,-0.1889822365046146,0.9,ransom_13872
0,0.3333333333333333,0.0,1,1,0.0,0.6666666666666666,ransom_13873
1,0.1666666666666666,0.0,1,2,0.0,0.8333333333333334,ransom_13874
0,0.1111111111111111,0.0,1,2,0.0,0.8888888888888888,ransom_13875
0,0.2,0.0,1,1,0.0,0.8,ransom_13876
0,0.2,0.0,1,2,0.0,0.8,ransom_13877
0,0.2,0.0,1,1,0.0,0.8,ransom_13878
1,0.25,0.0,1,1,0.0,0.75,ransom_13879
0,0.3333333333333333,0.0,1,1,0.0,0.6666666666666666,ransom_1388
6,0.1111111111111111,0.0,1,3,0.0,0.8888888888888888,ransom_13880
0,0.25,0.0,1,1,0.0,0.75,ransom_13881
0,0.125,0.0,1,2,-0.6454972243679025,0.875,ransom_13882
0,0.2,0.0,1,2,0.0,0.8,ransom_13883
0,0.1428571428571428,0.0,1,2,0.0,0.8571428571428571,ransom_13884
0,0.2,0.0,1,1,-1.0,0.8,ransom_13885
1,0.1428571428571428,0.0,1,2,-0.250000000000001,0.8571428571428571,ransom_13886
0,0.3333333333333333,0.0,1,1,0.0,0.6666666666666666,ransom_13887
0,0.2,0.0,1,1,-1.0,0.8,ransom_13889
1,0.0833333333333333,0.0,1,2,-0.7496578310876254,0.9166666666666666,ransom_1389
1,0.25,0.0,1,1,0.0,0.75,ransom_13890
0,0.125,0.0,1,2,-0.6454972243679025,0.875,ransom_13892
0,0.2,0.0,1,1,0.0,0.8,ransom_13893
0,0.1111111111111111,0.0,1,3,0.0,0.8888888888888888,ransom_13894
1,0.2,0.0,1,1,0.0,0.8,ransom_13895
0,0.0588235294117647,0.0,1,4,-0.2390457218668787,0.9411764705882352,ransom_13896
0,0.3333333333333333,0.0,1,1,0.0,0.6666666666666666,ransom_13897
0,0.125,0.0,1,2,0.0,0.875,ransom_13898
0,0.3333333333333333,0.0,1,1,0.0,0.6666666666666666,ransom_13899
0,0.1428571428571428,0.0,1,1,0.0,0.8571428571428571,ransom_1390
0,0.1666666666666666,0.0,1,1,-0.9999999999999992,0.8333333333333334,ransom_13900
0,0.3333333333333333,0.0,1,1,0.0,0.6666666666666666,ransom_13902
0,0.2,0.0,1,1,-1.0,0.8,ransom_13903
0,0.25,0.0,1,1,0.0,0.75,ransom_13904
0,0.1428571428571428,0.0,1,2,0.0,0.8571428571428571,ransom_13906
2,0.25,0.0,1,1,0.0,0.75,ransom_13907
0,0.3333333333333333,0.0,1,1,0.0,0.6666666666666666,ransom_13908
0,0.1,0.0,1,2,-0.643726309578718,0.9,ransom_1391
0,0.1111111111111111,0.0,1,3,0.0,0.8888888888888888,ransom_13910
0,0.25,0.0,1,1,0.0,0.75,ransom_13911
1,0.1428571428571428,0.0,1,2,0.0,0.8571428571428571,ransom_13912
0,0.1666666666666666,0.0,1,1,-0.9999999999999992,0.8333333333333334,ransom_13913
0,0.2,0.0,1,1,-1.0,0.8,ransom_13914
2,0.3333333333333333,0.0,1,1,0.0,0.6666666666666666,ransom_13915
0,0.1428571428571428,0.0,1,2,0.0,0.8571428571428571,ransom_13916
0,0.3333333333333333,0.0,1,1,0.0,0.6666666666666666,ransom_13917
0,0.3333333333333333,0.0,1,1,0.0,0.6666666666666666,ransom_13918
0,0.25,0.0,1,1,0.0,0.75,ransom_13919
0,0.0833333333333333,0.0,1,2,-0.6674743670369231,0.9166666666666666,ransom_1392
0,0.1428571428571428,0.0,1,2,0.0,0.8571428571428571,ransom_13920
0,0.1428571428571428,0.0,1,2,0.0,0.8571428571428571,ransom_13921
1,0.125,0.0,1,2,0.0,0.875,ransom_13922
0,0.1428571428571428,0.0,1,2,0.0,0.8571428571428571,ransom_13923
0,0.2,0.0,1,1,0.0,0.8,ransom_13924
1,0.3333333333333333,0.0,1,1,0.0,0.6666666666666666,ransom_13925
2,0.1111111111111111,0.0,1,2,-0.6546536707079772,0.8888888888888888,ransom_13926
0,0.2,0.0,1,1,0.0,0.8,ransom_13927
2,0.2,0.0,1,1,0.0,0.8,ransom_13928
0,0.2,0.0,1,1,0.0,0.8,ransom_13929
1,0.25,0.0,1,1,0.0,0.75,ransom_1393
0,0.1111111111111111,0.0,1,2,-0.5773502691896258,0.8888888888888888,ransom_13930
0,0.3333333333333333,0.0,1,1,0.0,0.6666666666666666,ransom_13931
0,0.1666666666666666,0.0,1,1,-0.9999999999999992,0.8333333333333334,ransom_13932
0,0.1428571428571428,0.0,1,2,0.0,0.8571428571428571,ransom_13933
0,0.1111111111111111,0.0,1,2,0.0,0.8888888888888888,ransom_13934
0,0.25,0.0,1,1,0.0,0.75,ransom_13935
0,0.1428571428571428,0.0,1,2,0.0,0.8571428571428571,ransom_13936
0,0.2,0.0,1,1,0.0,0.8,ransom_13938
0,0.3333333333333333,0.0,1,1,0.0,0.6666666666666666,ransom_13939
1,0.1,0.0,1,3,0.0,0.9,ransom_1394
0,0.3333333333333333,0.0,1,1,0.0,0.6666666666666666,ransom_13940
1,0.1428571428571428,0.0,1,2,0.0,0.8571428571428571,ransom_13941
0,0.25,0.0,1,1,0.0,0.75,ransom_13942
0,0.25,0.0,1,1,0.0,0.75,ransom_13943
0,0.2,0.0,1,1,0.0,0.8,ransom_13944
0,0.25,0.0,1,1,0.0,0.75,ransom_13945
1,0.1428571428571428,0.0,1,2,-0.250000000000001,0.8571428571428571,ransom_13946
2,0.0909090909090909,0.0,1,2,-0.790569415042095,0.9090909090909092,ransom_1395
0,0.1428571428571428,0.0,1,2,0.0,0.8571428571428571,ransom_13953
0,0.1428571428571428,0.0,1,2,0.0,0.8571428571428571,ransom_13954
0,0.2,0.0,1,1,-1.0,0.8,ransom_13955
5,0.125,0.0,1,2,0.0,0.875,ransom_13956
0,0.3333333333333333,0.0,1,1,0.0,0.6666666666666666,ransom_13958
0,0.2,0.0,1,1,0.0,0.8,ransom_13959
0,0.0909090909090909,0.0,1,3,-0.2500000000000005,0.9090909090909092,ransom_13960
0,0.2,0.0,1,1,-1.0,0.8,ransom_13961
1,0.25,0.0,1,1,0.0,0.75,ransom_13962
6,0.25,0.0,1,1,0.0,0.75,ransom_13963
0,0.1111111111111111,0.0,1,3,0.0,0.8888888888888888,ransom_13964
0,0.25,0.0,1,1,0.0,0.75,ransom_13965
0,0.25,0.0,1,1,0.0,0.75,ransom_13966
0,0.25,0.0,1,1,0.0,0.75,ransom_13967
0,0.3333333333333333,0.0,1,1,0.0,0.6666666666666666,ransom_13968
1,0.3333333333333333,0.0,1,1,0.0,0.6666666666666666,ransom_13969
0,0.25,0.0,1,1,0.0,0.75,ransom_13970
0,0.2,0.0,1,1,0.0,0.8,ransom_13971
0,0.3333333333333333,0.0,1,1,0.0,0.6666666666666666,ransom_13972
0,0.25,0.0,1,1,0.0,0.75,ransom_13974
1,0.1,0.0,1,3,-0.0805822964025377,0.9,ransom_13975
0,0.3333333333333333,0.0,1,1,0.0,0.6666666666666666,ransom_13976
1,0.125,0.0,1,2,-0.166666666666668,0.875,ransom_13978
0,0.25,0.0,1,1,0.0,0.75,ransom_13979
0,0.3333333333333333,0.0,1,1,0.0,0.6666666666666666,ransom_1398
1,0.25,0.0,1,1,0.0,0.75,ransom_13980
0,0.1428571428571428,0.0,1,2,0.0,0.8571428571428571,ransom_13981
0,0.25,0.0,1,1,0.0,0.75,ransom_13982
0,0.2,0.0,1,1,-1.0,0.8,ransom_13983
0,0.25,0.0,1,1,0.0,0.75,ransom_13984
5,0.3333333333333333,0.0,1,1,0.0,0.6666666666666666,ransom_13986
0,0.125,0.0,1,2,0.0,0.875,ransom_13987
0,0.1666666666666666,0.0,1,2,0.1666666666666655,0.8333333333333334,ransom_13988
2,0.1666666666666666,0.0,1,2,0.0,0.8333333333333334,ransom_13989
0,0.2,0.0,1,1,0.0,0.8,ransom_1399
0,0.1428571428571428,0.0,1,2,0.0,0.8571428571428571,ransom_13990
0,0.2,0.0,1,1,0.0,0.8,ransom_13992
0,0.25,0.0,1,1,0.0,0.75,ransom_13993
0,0.2,0.0,1,1,0.0,0.8,ransom_13994
0,0.2,0.0,1,1,-1.0,0.8,ransom_13996
0,0.25,0.0,1,1,0.0,0.75,ransom_13997
0,0.3333333333333333,0.0,1,1,0.0,0.6666666666666666,ransom_13998
1,0.25,0.0,1,1,0.0,0.75,ransom_13999
0,0.2,0.0,1,1,0.0,0.8,ransom_1400
0,0.3333333333333333,0.0,1,1,0.0,0.6666666666666666,ransom_14000
0,0.25,0.0,1,1,0.0,0.75,ransom_14001
1,0.3333333333333333,0.0,1,1,0.0,0.6666666666666666,ransom_14002
0,0.25,0.0,1,1,0.0,0.75,ransom_14003
2,0.3333333333333333,0.0,1,1,0.0,0.6666666666666666,ransom_14004
0,0.3333333333333333,0.0,1,1,0.0,0.6666666666666666,ransom_14005
0,0.25,0.0,1,1,0.0,0.75,ransom_14006
0,0.1428571428571428,0.0,1,2,0.0,0.8571428571428571,ransom_14007
0,0.1428571428571428,0.0,1,2,0.0,0.8571428571428571,ransom_14008
0,0.25,0.0,1,1,0.0,0.75,ransom_14010
0,0.2,0.0,1,1,0.0,0.8,ransom_14011
0,0.25,0.0,1,1,0.0,0.75,ransom_14013
1,0.25,0.0,1,1,0.0,0.75,ransom_14014
1,0.125,0.0,1,2,-0.6454972243679025,0.875,ransom_14016
0,0.2,0.0,1,1,0.0,0.8,ransom_14017
0,0.25,0.0,1,1,0.0,0.75,ransom_14018
0,0.2,0.0,1,1,0.0,0.8,ransom_1402
0,0.2,0.0,1,1,0.0,0.8,ransom_14020
0,0.1428571428571428,0.0,1,2,0.0,0.8571428571428571,ransom_14022
0,0.25,0.0,1,1,0.0,0.75,ransom_14023
2,0.1,0.0,1,3,0.0,0.9,ransom_14024
0,0.3333333333333333,0.0,1,1,0.0,0.6666666666666666,ransom_14025
0,0.125,0.0,1,2,0.0,0.875,ransom_14026
3,0.3333333333333333,0.0,1,1,0.0,0.6666666666666666,ransom_14027
0,0.25,0.0,1,1,0.0,0.75,ransom_14028
0,0.3333333333333333,0.0,1,1,0.0,0.6666666666666666,ransom_14029
0,0.2,0.0,1,1,0.0,0.8,ransom_14031
0,0.1666666666666666,0.0,1,2,0.0,0.8333333333333334,ransom_14033
0,0.25,0.0,1,1,0.0,0.75,ransom_14034
0,0.25,0.0,1,1,0.0,0.75,ransom_14035
24,0.25,0.0,1,1,0.0,0.75,ransom_14037
2,0.25,0.0,1,1,0.0,0.75,ransom_14038
0,0.25,0.0,1,1,0.0,0.75,ransom_14040
0,0.1666666666666666,0.0,1,2,0.0,0.8333333333333334,ransom_14042
2,0.25,0.0,1,1,0.0,0.75,ransom_14043
19,0.2,0.0,1,1,0.0,0.8,ransom_14045
0,0.25,0.0,1,1,0.0,0.75,ransom_14048
0,0.1666666666666666,0.0,1,1,-0.9999999999999992,0.8333333333333334,ransom_14049
0,0.1,0.0,1,2,0.0,0.9,ransom_1405
0,0.2,0.0,1,1,-1.0,0.8,ransom_14050
0,0.1111111111111111,0.0,1,3,0.0,0.8888888888888888,ransom_14051
7,0.3333333333333333,0.0,1,1,0.0,0.6666666666666666,ransom_14052
0,0.125,0.0,1,2,-0.166666666666668,0.875,ransom_14053
1,0.125,0.0,1,2,0.0,0.875,ransom_14054
0,0.0909090909090909,0.0,1,3,0.0,0.9090909090909092,ransom_14055
0,0.1666666666666666,0.0,1,2,0.0,0.8333333333333334,ransom_14056
0,0.2,0.0,1,1,-1.0,0.8,ransom_14057
0,0.25,0.0,1,1,0.0,0.75,ransom_14059
0,0.1,0.0,1,3,0.1135923668494129,0.9,ransom_1406
1,0.3333333333333333,0.0,1,1,0.0,0.6666666666666666,ransom_14060
3,0.3333333333333333,0.0,1,1,0.0,0.6666666666666666,ransom_14061
0,0.25,0.0,1,1,0.0,0.75,ransom_14062
3,0.1666666666666666,0.0,1,2,0.0,0.8333333333333334,ransom_14064
0,0.3333333333333333,0.0,1,1,0.0,0.6666666666666666,ransom_14065
0,0.25,0.0,1,1,0.0,0.75,ransom_14067
0,0.3333333333333333,0.0,1,1,0.0,0.6666666666666666,ransom_14068
0,0.1428571428571428,0.0,1,2,-0.250000000000001,0.8571428571428571,ransom_14069
0,0.2,0.0,1,1,0.0,0.8,ransom_14070
0,0.25,0.0,1,1,0.0,0.75,ransom_14071
1,0.1,0.0,1,3,0.0,0.9,ransom_14072
0,0.3333333333333333,0.0,1,1,0.0,0.6666666666666666,ransom_14073
0,0.25,0.0,1,1,0.0,0.75,ransom_14074
0,0.25,0.0,1,1,0.0,0.75,ransom_14076
0,0.25,0.0,1,1,0.0,0.75,ransom_14077
0,0.2,0.0,1,1,0.0,0.8,ransom_14078
3,0.2,0.0,1,1,0.0,0.8,ransom_14079
5,0.0204081632653061,0.0,1,11,-0.0491349244605356,0.979591836734694,ransom_1408
1,0.125,0.0,1,2,-0.6454972243679025,0.875,ransom_14080
0,0.25,0.0,1,1,0.0,0.75,ransom_14081
1,0.1666666666666666,0.0,1,2,0.0,0.8333333333333334,ransom_14082
0,0.25,0.0,1,1,0.0,0.75,ransom_14083
0,0.1428571428571428,0.0,1,2,0.0,0.8571428571428571,ransom_14084
0,0.1428571428571428,0.0,1,2,-0.250000000000001,0.8571428571428571,ransom_14085
0,0.2,0.0,1,1,0.0,0.8,ransom_14086
0,0.25,0.0,1,1,0.0,0.75,ransom_14088
1,0.25,0.0,1,1,0.0,0.75,ransom_14089
1,0.1428571428571428,0.0,1,2,-0.250000000000001,0.8571428571428571,ransom_14090
0,0.125,0.0,1,2,-0.4880935300919782,0.875,ransom_14091
6,0.1428571428571428,0.0,1,2,0.0,0.8571428571428571,ransom_14092
0,0.25,0.0,1,1,0.0,0.75,ransom_14093
0,0.1111111111111111,0.0,1,2,-0.6546536707079772,0.8888888888888888,ransom_14094
0,0.25,0.0,1,1,0.0,0.75,ransom_14095
0,0.2,0.0,1,1,0.0,0.8,ransom_14096
0,0.1111111111111111,0.0,1,3,0.0,0.8888888888888888,ransom_14097
0,0.25,0.0,1,1,0.0,0.75,ransom_14098
0,0.3333333333333333,0.0,1,1,0.0,0.6666666666666666,ransom_14099
0,0.2,0.0,1,1,0.0,0.8,ransom_1410
0,0.25,0.0,1,1,0.0,0.75,ransom_14101
2,0.3333333333333333,0.0,1,1,0.0,0.6666666666666666,ransom_14102
0,0.2,0.0,1,1,0.0,0.8,ransom_14103
0,0.3333333333333333,0.0,1,1,0.0,0.6666666666666666,ransom_14104
0,0.3333333333333333,0.0,1,1,0.0,0.6666666666666666,ransom_14105
0,0.125,0.0,1,2,0.0,0.875,ransom_14106
1,0.25,0.0,1,1,0.0,0.75,ransom_14107
0,0.1,0.0,1,3,0.0,0.9,ransom_14108
0,0.25,0.0,1,1,0.0,0.75,ransom_14109
0,0.25,0.0,1,1,0.0,0.75,ransom_14110
0,0.2,0.0,1,1,0.0,0.8,ransom_14111
0,0.3333333333333333,0.0,1,1,0.0,0.6666666666666666,ransom_14112
0,0.25,0.0,1,1,0.0,0.75,ransom_14113
0,0.2,0.0,1,1,0.0,0.8,ransom_14115
1,0.25,0.0,1,1,0.0,0.75,ransom_14116
1,0.2,0.0,1,2,0.0,0.8,ransom_14117
0,0.3333333333333333,0.0,1,1,0.0,0.6666666666666666,ransom_14118
0,0.1666666666666666,0.0,1,1,-0.9999999999999992,0.8333333333333334,ransom_14119
0,0.2,0.0,1,1,0.0,0.8,ransom_1412
0,0.1428571428571428,0.0,1,2,0.0,0.8571428571428571,ransom_14120
0,0.25,0.0,1,1,0.0,0.75,ransom_14121
0,0.2,0.0,1,1,0.0,0.8,ransom_14122
0,0.25,0.0,1,1,0.0,0.75,ransom_14123
7,0.1111111111111111,0.0,1,3,0.0,0.8888888888888888,ransom_14124
0,0.1428571428571428,0.0,1,2,0.0,0.8571428571428571,ransom_14125
0,0.2,0.0,1,1,0.0,0.8,ransom_14126
0,0.3333333333333333,0.0,1,1,0.0,0.6666666666666666,ransom_14128
2,0.1111111111111111,0.0,1,2,-0.6546536707079772,0.8888888888888888,ransom_14129
0,0.3333333333333333,0.0,1,1,0.0,0.6666666666666666,ransom_14131
0,0.25,0.0,1,1,0.0,0.75,ransom_14132
0,0.3333333333333333,0.0,1,1,0.0,0.6666666666666666,ransom_14134
0,0.25,0.0,1,1,0.0,0.75,ransom_14136
0,0.25,0.0,1,1,0.0,0.75,ransom_14137
0,0.25,0.0,1,1,0.0,0.75,ransom_14138
0,0.25,0.0,1,1,0.0,0.75,ransom_14139
1,0.0714285714285714,0.0,1,3,-0.6770032003863304,0.9285714285714286,ransom_1414
0,0.1666666666666666,0.0,1,2,0.0,0.8333333333333334,ransom_14140
0,0.25,0.0,1,1,0.0,0.75,ransom_14141
0,0.25,0.0,1,1,0.0,0.75,ransom_14142
0,0.25,0.0,1,1,0.0,0.75,ransom_14143
0,0.2,0.0,1,2,0.0,0.8,ransom_14144
0,0.0909090909090909,0.0,1,4,0.0,0.9090909090909092,ransom_14145
2,0.2,0.0,1,1,-1.0,0.8,ransom_14147
1,0.25,0.0,1,1,0.0,0.75,ransom_14148
0,0.3333333333333333,0.0,1,1,0.0,0.6666666666666666,ransom_14149
6,0.0555555555555555,0.0,1,4,-0.4178358252465957,0.9444444444444444,ransom_1415
0,0.3333333333333333,0.0,1,1,0.0,0.6666666666666666,ransom_14151
0,0.25,0.0,1,1,0.0,0.75,ransom_14152
0,0.2,0.0,1,1,-1.0,0.8,ransom_14153
0,0.125,0.0,1,2,0.0,0.875,ransom_14155
0,0.25,0.0,1,1,0.0,0.75,ransom_14157
1,0.2,0.0,1,1,-1.0,0.8,ransom_14158
1,0.125,0.0,1,2,0.0,0.875,ransom_14160
0,0.3333333333333333,0.0,1,1,0.0,0.6666666666666666,ransom_14161
0,0.1666666666666666,0.0,1,2,0.0,0.8333333333333334,ransom_14162
0,0.125,0.0,1,2,0.0,0.875,ransom_14163
0,0.3333333333333333,0.0,1,1,0.0,0.6666666666666666,ransom_14164
0,0.1428571428571428,0.0,1,2,0.0,0.8571428571428571,ransom_14165
0,0.1428571428571428,0.0,1,2,0.0,0.8571428571428571,ransom_14166
0,0.125,0.0,1,2,0.0,0.875,ransom_14167
1,0.2,0.0,1,1,-1.0,0.8,ransom_14168
0,0.0909090909090909,0.0,1,3,-0.2500000000000005,0.9090909090909092,ransom_1417
0,0.25,0.0,1,1,0.0,0.75,ransom_14170
0,0.25,0.0,1,1,0.0,0.75,ransom_14172
0,0.2,0.0,1,1,0.0,0.8,ransom_14176
0,0.2,0.0,1,1,0.0,0.8,ransom_14177
0,0.1111111111111111,0.0,1,3,0.0,0.8888888888888888,ransom_14178
0,0.2,0.0,1,1,0.0,0.8,ransom_14179
0,0.1111111111111111,0.0,1,2,0.0,0.8888888888888888,ransom_1418
0,0.25,0.0,1,1,0.0,0.75,ransom_14180
0,0.125,0.0,1,2,-0.6454972243679025,0.875,ransom_14181
0,0.3333333333333333,0.0,1,1,0.0,0.6666666666666666,ransom_14182
0,0.25,0.0,1,1,0.0,0.75,ransom_14183
0,0.3333333333333333,0.0,1,1,0.0,0.6666666666666666,ransom_14184
0,0.3333333333333333,0.0,1,1,0.0,0.6666666666666666,ransom_14185
0,0.25,0.0,1,1,0.0,0.75,ransom_14186
0,0.25,0.0,1,1,0.0,0.75,ransom_14187
0,0.1666666666666666,0.0,1,1,-0.9999999999999992,0.8333333333333334,ransom_14188
0,0.2,0.0,1,1,0.0,0.8,ransom_1419
0,0.25,0.0,1,1,0.0,0.75,ransom_14190
0,0.2,0.0,1,1,0.0,0.8,ransom_14191
0,0.3333333333333333,0.0,1,1,0.0,0.6666666666666666,ransom_14192
0,0.2,0.0,1,1,0.0,0.8,ransom_14193
0,0.1111111111111111,0.0,1,2,-0.6546536707079772,0.8888888888888888,ransom_14194
0,0.25,0.0,1,1,0.0,0.75,ransom_14195
0,0.2,0.0,1,1,-1.0,0.8,ransom_14196
0,0.2,0.0,1,1,-1.0,0.8,ransom_14197
0,0.25,0.0,1,1,0.0,0.75,ransom_14198
5,0.25,0.0,1,1,0.0,0.75,ransom_14199
0,0.25,0.0,1,1,0.0,0.75,ransom_14200
0,0.2,0.0,1,1,0.0,0.8,ransom_14202
0,0.125,0.0,1,2,-0.6454972243679025,0.875,ransom_14203
0,0.25,0.0,1,1,0.0,0.75,ransom_14205
0,0.25,0.0,1,1,0.0,0.75,ransom_14207
0,0.25,0.0,1,1,0.0,0.75,ransom_14208
0,0.1428571428571428,0.0,1,2,0.0,0.8571428571428571,ransom_14209
0,0.25,0.0,1,1,0.0,0.75,ransom_1421
0,0.1111111111111111,0.0,1,2,-0.6546536707079772,0.8888888888888888,ransom_14211
0,0.2,0.0,1,1,-1.0,0.8,ransom_14212
0,0.2,0.0,1,1,0.0,0.8,ransom_14214
1,0.0769230769230769,0.0,1,4,0.0,0.9230769230769232,ransom_14215
0,0.1666666666666666,0.0,1,2,0.0,0.8333333333333334,ransom_14217
0,0.25,0.0,1,1,0.0,0.75,ransom_14218
0,0.1666666666666666,0.0,1,2,0.0,0.8333333333333334,ransom_14219
0,0.25,0.0,1,1,0.0,0.75,ransom_1422
0,0.1428571428571428,0.0,1,2,0.0,0.8571428571428571,ransom_14220
3,0.2,0.0,1,1,0.0,0.8,ransom_14221
1,0.3333333333333333,0.0,1,1,0.0,0.6666666666666666,ransom_14222
0,0.1666666666666666,0.0,1,1,-0.9999999999999992,0.8333333333333334,ransom_14223
0,0.25,0.0,1,1,0.0,0.75,ransom_14224
2,0.3333333333333333,0.0,1,1,0.0,0.6666666666666666,ransom_14226
0,0.2,0.0,1,1,0.0,0.8,ransom_14227
0,0.25,0.0,1,1,0.0,0.75,ransom_14228
0,0.2,0.0,1,1,0.0,0.8,ransom_14229
0,0.125,0.0,1,1,0.0,0.875,ransom_1423
0,0.1666666666666666,0.0,1,2,0.0,0.8333333333333334,ransom_14230
0,0.25,0.0,1,1,0.0,0.75,ransom_14231
0,0.3333333333333333,0.0,1,1,0.0,0.6666666666666666,ransom_14234
0,0.25,0.0,1,1,0.0,0.75,ransom_14236
0,0.2,0.0,1,1,-1.0,0.8,ransom_14237
0,0.1111111111111111,0.0,1,3,0.0,0.8888888888888888,ransom_14239
0,0.0555555555555555,0.0,1,4,-0.4178358252465957,0.9444444444444444,ransom_1424
0,0.25,0.0,1,1,0.0,0.75,ransom_14240
0,0.25,0.0,1,1,0.0,0.75,ransom_14241
0,0.25,0.0,1,1,0.0,0.75,ransom_14242
1,0.1428571428571428,0.0,1,2,0.0,0.8571428571428571,ransom_14243
0,0.1428571428571428,0.0,1,2,0.0,0.8571428571428571,ransom_14245
0,0.2,0.0,1,1,-1.0,0.8,ransom_14249
0,0.25,0.0,1,1,0.0,0.75,ransom_1425
0,0.125,0.0,1,2,-0.4880935300919782,0.875,ransom_14251
2,0.25,0.0,1,1,0.0,0.75,ransom_14252
4,0.25,0.0,1,1,0.0,0.75,ransom_14253
0,0.25,0.0,1,1,0.0,0.75,ransom_14254
0,0.125,0.0,1,2,0.0,0.875,ransom_14255
1,0.3333333333333333,0.0,1,1,0.0,0.6666666666666666,ransom_14256
0,0.3333333333333333,0.0,1,1,0.0,0.6666666666666666,ransom_14257
0,0.1666666666666666,0.0,1,2,0.0,0.8333333333333334,ransom_14258
0,0.2,0.0,1,1,-1.0,0.8,ransom_14259
0,0.2,0.0,1,1,-1.0,0.8,ransom_14261
7,0.25,0.0,1,1,0.0,0.75,ransom_14262
0,0.3333333333333333,0.0,1,1,0.0,0.6666666666666666,ransom_14263
0,0.25,0.0,1,1,0.0,0.75,ransom_14265
0,0.1111111111111111,0.0,1,2,-0.6546536707079772,0.8888888888888888,ransom_14266
0,0.25,0.0,1,1,0.0,0.75,ransom_14268
0,0.25,0.0,1,1,0.0,0.75,ransom_14269
0,0.1,0.0,1,1,-0.9999999999999996,0.9,ransom_1427
0,0.2,0.0,1,1,-1.0,0.8,ransom_14270
0,0.25,0.0,1,1,0.0,0.75,ransom_14271
0,0.25,0.0,1,1,0.0,0.75,ransom_14273
0,0.25,0.0,1,1,0.0,0.75,ransom_14274
0,0.1428571428571428,0.0,1,2,0.0,0.8571428571428571,ransom_14275
0,0.25,0.0,1,1,0.0,0.75,ransom_14276
0,0.25,0.0,1,1,0.0,0.75,ransom_14278
0,0.25,0.0,1,1,0.0,0.75,ransom_14279
2,0.3333333333333333,0.0,1,1,0.0,0.6666666666666666,ransom_1428
1,0.1428571428571428,0.0,1,2,0.0,0.8571428571428571,ransom_14280
0,0.25,0.0,1,1,0.0,0.75,ransom_14281
0,0.125,0.0,1,2,0.0,0.875,ransom_14282
0,0.2,0.0,1,2,0.0,0.8,ransom_14283
0,0.2,0.0,1,1,0.0,0.8,ransom_14284
1,0.2,0.0,1,1,0.0,0.8,ransom_14285
0,0.25,0.0,1,1,0.0,0.75,ransom_14286
0,0.125,0.0,1,2,-0.166666666666668,0.875,ransom_14287
0,0.1428571428571428,0.0,1,2,0.0,0.8571428571428571,ransom_14288
0,0.1666666666666666,0.0,1,1,-0.9999999999999992,0.8333333333333334,ransom_1429
3,0.3333333333333333,0.0,1,1,0.0,0.6666666666666666,ransom_14290
0,0.3333333333333333,0.0,1,1,0.0,0.6666666666666666,ransom_14291
0,0.125,0.0,1,2,-0.6454972243679025,0.875,ransom_14292
0,0.25,0.0,1,1,0.0,0.75,ransom_14294
1,0.1111111111111111,0.0,1,3,0.0,0.8888888888888888,ransom_14296
0,0.125,0.0,1,2,-0.6454972243679025,0.875,ransom_14297
0,0.25,0.0,1,1,0.0,0.75,ransom_14298
0,0.2,0.0,1,1,0.0,0.8,ransom_14299
0,0.2,0.0,1,1,0.0,0.8,ransom_1430
0,0.3333333333333333,0.0,1,1,0.0,0.6666666666666666,ransom_14300
3,0.125,0.0,1,2,-0.6454972243679025,0.875,ransom_14301
0,0.1428571428571428,0.0,1,2,0.0,0.8571428571428571,ransom_14302
0,0.25,0.0,1,1,0.0,0.75,ransom_14303
3,0.2,0.0,1,2,0.0,0.8,ransom_14304
0,0.25,0.0,1,1,0.0,0.75,ransom_14305
0,0.2,0.0,1,1,-1.0,0.8,ransom_14306
2,0.2,0.0,1,1,0.0,0.8,ransom_14307
0,0.1428571428571428,0.0,1,2,0.0,0.8571428571428571,ransom_14309
0,0.3333333333333333,0.0,1,1,0.0,0.6666666666666666,ransom_1431
0,0.1428571428571428,0.0,1,2,0.0,0.8571428571428571,ransom_14310
4,0.1666666666666666,0.0,1,2,0.0,0.8333333333333334,ransom_14311
0,0.25,0.0,1,1,0.0,0.75,ransom_14312
0,0.25,0.0,1,1,0.0,0.75,ransom_14314
0,0.1428571428571428,0.0,1,2,0.0,0.8571428571428571,ransom_14315
0,0.0833333333333333,0.0,1,3,-0.3268602252303066,0.9166666666666666,ransom_14316
0,0.25,0.0,1,1,0.0,0.75,ransom_14317
2,0.25,0.0,1,1,0.0,0.75,ransom_14318
0,0.2,0.0,1,1,-1.0,0.8,ransom_14319
1,0.0625,0.0,1,3,-0.2364541036459091,0.9375,ransom_1432
4,0.125,0.0,1,2,0.0,0.875,ransom_14321
3,0.125,0.0,1,2,0.0,0.875,ransom_14322
0,0.2,0.0,1,1,0.0,0.8,ransom_14323
0,0.25,0.0,1,1,0.0,0.75,ransom_14324
3,0.25,0.0,1,1,0.0,0.75,ransom_14326
0,0.2,0.0,1,1,-1.0,0.8,ransom_14327
0,0.25,0.0,1,1,0.0,0.75,ransom_14328
0,0.3333333333333333,0.0,1,1,0.0,0.6666666666666666,ransom_14329
0,0.3333333333333333,0.0,1,1,0.0,0.6666666666666666,ransom_1433
0,0.3333333333333333,0.0,1,1,0.0,0.6666666666666666,ransom_14330
0,0.3333333333333333,0.0,1,1,0.0,0.6666666666666666,ransom_14331
0,0.2,0.0,1,1,0.0,0.8,ransom_14332
0,0.25,0.0,1,1,0.0,0.75,ransom_14333
5,0.3333333333333333,0.0,1,1,0.0,0.6666666666666666,ransom_14334
0,0.1666666666666666,0.0,1,2,0.0,0.8333333333333334,ransom_14335
0,0.25,0.0,1,1,0.0,0.75,ransom_14336
0,0.25,0.0,1,1,0.0,0.75,ransom_14337
0,0.25,0.0,1,1,0.0,0.75,ransom_14338
0,0.1428571428571428,0.0,1,1,-1.0,0.8571428571428571,ransom_1434
3,0.2,0.0,1,1,0.0,0.8,ransom_14341
0,0.25,0.0,1,1,0.0,0.75,ransom_14344
6,0.3333333333333333,0.0,1,1,0.0,0.6666666666666666,ransom_14346
0,0.25,0.0,1,1,0.0,0.75,ransom_14347
0,0.1666666666666666,0.0,1,2,0.0,0.8333333333333334,ransom_14349
0,0.2,0.0,1,1,0.0,0.8,ransom_14350
0,0.125,0.0,1,2,-0.6454972243679025,0.875,ransom_14351
0,0.25,0.0,1,1,0.0,0.75,ransom_14352
1,0.2,0.0,1,1,0.0,0.8,ransom_14353
3,0.1111111111111111,0.0,1,2,0.0,0.8888888888888888,ransom_14355
2,0.25,0.0,1,1,0.0,0.75,ransom_14357
3,0.2,0.0,1,1,0.0,0.8,ransom_14359
1,0.0333333333333333,0.0,1,8,-0.2006551287362008,0.9666666666666668,ransom_1436
0,0.2,0.0,1,1,0.0,0.8,ransom_14360
1,0.25,0.0,1,1,0.0,0.75,ransom_14362
0,0.3333333333333333,0.0,1,1,0.0,0.6666666666666666,ransom_14363
1,0.1111111111111111,0.0,1,3,0.0,0.8888888888888888,ransom_14364
0,0.25,0.0,1,1,0.0,0.75,ransom_14365
0,0.2,0.0,1,1,0.0,0.8,ransom_14366
1,0.25,0.0,1,1,0.0,0.75,ransom_14367
0,0.125,0.0,1,2,0.0,0.875,ransom_14368
4,0.3333333333333333,0.0,1,1,0.0,0.6666666666666666,ransom_14369
0,0.1111111111111111,0.0,1,2,-0.6546536707079772,0.8888888888888888,ransom_14370
0,0.25,0.0,1,1,0.0,0.75,ransom_14372
0,0.25,0.0,1,1,0.0,0.75,ransom_14374
0,0.3333333333333333,0.0,1,1,0.0,0.6666666666666666,ransom_14375
0,0.1666666666666666,0.0,1,2,0.0,0.8333333333333334,ransom_14376
0,0.2,0.0,1,1,0.0,0.8,ransom_14377
0,0.25,0.0,1,1,0.0,0.75,ransom_14378
0,0.25,0.0,1,1,0.0,0.75,ransom_14379
0,0.0666666666666666,0.0,1,2,-0.866141797226774,0.9333333333333332,ransom_1438
1,0.25,0.0,1,1,0.0,0.75,ransom_14381
0,0.3333333333333333,0.0,1,1,0.0,0.6666666666666666,ransom_14382
0,0.25,0.0,1,1,0.0,0.75,ransom_14383
0,0.2,0.0,1,1,0.0,0.8,ransom_14384
0,0.125,0.0,1,2,0.0,0.875,ransom_14386
0,0.1111111111111111,0.0,1,3,0.0,0.8888888888888888,ransom_14387
0,0.2,0.0,1,1,-1.0,0.8,ransom_14388
2,0.0714285714285714,0.0,1,4,-0.0210818510677897,0.9285714285714286,ransom_1439
1,0.25,0.0,1,1,0.0,0.75,ransom_14390
1,0.25,0.0,1,1,0.0,0.75,ransom_14391
5,0.2,0.0,1,1,0.0,0.8,ransom_14392
0,0.1111111111111111,0.0,1,2,-0.6546536707079772,0.8888888888888888,ransom_14394
0,0.25,0.0,1,1,0.0,0.75,ransom_14395
0,0.2,0.0,1,1,0.0,0.8,ransom_14396
0,0.3333333333333333,0.0,1,1,0.0,0.6666666666666666,ransom_14397
0,0.1,0.0,1,3,-0.0805822964025377,0.9,ransom_14398
0,0.1666666666666666,0.0,1,1,-0.9999999999999992,0.8333333333333334,ransom_14399
0,0.3333333333333333,0.0,1,1,0.0,0.6666666666666666,ransom_1440
0,0.1428571428571428,0.0,1,2,0.0,0.8571428571428571,ransom_14400
0,0.1428571428571428,0.0,1,2,0.0,0.8571428571428571,ransom_14401
0,0.3333333333333333,0.0,1,1,0.0,0.6666666666666666,ransom_14403
0,0.1666666666666666,0.0,1,1,-0.9999999999999992,0.8333333333333334,ransom_14404
0,0.3333333333333333,0.0,1,1,0.0,0.6666666666666666,ransom_14406
0,0.3333333333333333,0.0,1,1,0.0,0.6666666666666666,ransom_14407
0,0.1666666666666666,0.0,1,1,-0.9999999999999992,0.8333333333333334,ransom_14408
0,0.25,0.0,1,1,0.0,0.75,ransom_14409
1,0.0416666666666666,0.0,1,4,-0.5844269152140193,0.9583333333333334,ransom_1441
0,0.2,0.0,1,1,0.0,0.8,ransom_14410
0,0.25,0.0,1,1,0.0,0.75,ransom_14411
0,0.3333333333333333,0.0,1,1,0.0,0.6666666666666666,ransom_14412
1,0.3333333333333333,0.0,1,1,0.0,0.6666666666666666,ransom_14413
0,0.25,0.0,1,1,0.0,0.75,ransom_14414
5,0.25,0.0,1,1,0.0,0.75,ransom_14415
1,0.25,0.0,1,1,0.0,0.75,ransom_14416
0,0.25,0.0,1,1,0.0,0.75,ransom_14417
5,0.125,0.0,1,2,-0.4880935300919782,0.875,ransom_14418
1,0.25,0.0,1,1,0.0,0.75,ransom_14419
0,0.125,0.0,1,2,0.0,0.875,ransom_1442
0,0.25,0.0,1,1,0.0,0.75,ransom_14420
0,0.25,0.0,1,1,0.0,0.75,ransom_14421
0,0.1666666666666666,0.0,1,2,0.0,0.8333333333333334,ransom_14422
1,0.25,0.0,1,1,0.0,0.75,ransom_14423
0,0.1111111111111111,0.0,1,2,-0.6546536707079772,0.8888888888888888,ransom_14424
0,0.3333333333333333,0.0,1,1,0.0,0.6666666666666666,ransom_14426
0,0.125,0.0,1,2,-0.6454972243679025,0.875,ransom_14427
0,0.25,0.0,1,1,0.0,0.75,ransom_14428
0,0.25,0.0,1,1,0.0,0.75,ransom_14429
0,0.2,0.0,1,1,0.0,0.8,ransom_1443
0,0.25,0.0,1,1,0.0,0.75,ransom_14430
0,0.3333333333333333,0.0,1,1,0.0,0.6666666666666666,ransom_14431
0,0.25,0.0,1,1,0.0,0.75,ransom_14432
0,0.3333333333333333,0.0,1,1,0.0,0.6666666666666666,ransom_14433
0,0.3333333333333333,0.0,1,1,0.0,0.6666666666666666,ransom_14434
0,0.3333333333333333,0.0,1,1,0.0,0.6666666666666666,ransom_14435
0,0.2,0.0,1,1,0.0,0.8,ransom_14437
1,0.3333333333333333,0.0,1,1,0.0,0.6666666666666666,ransom_14438
0,0.2,0.0,1,1,0.0,0.8,ransom_14439
0,0.2,0.0,1,1,-1.0,0.8,ransom_1444
0,0.2,0.0,1,1,0.0,0.8,ransom_14440
0,0.2,0.0,1,1,0.0,0.8,ransom_14441
0,0.25,0.0,1,1,0.0,0.75,ransom_14442
0,0.3333333333333333,0.0,1,1,0.0,0.6666666666666666,ransom_14444
0,0.25,0.0,1,1,0.0,0.75,ransom_14446
0,0.2,0.0,1,1,0.0,0.8,ransom_14448
1,0.1,0.0,1,3,0.0,0.9,ransom_14449
0,0.25,0.0,1,1,0.0,0.75,ransom_1445
0,0.25,0.0,1,1,0.0,0.75,ransom_14451
0,0.3333333333333333,0.0,1,1,0.0,0.6666666666666666,ransom_14453
0,0.25,0.0,1,1,0.0,0.75,ransom_14454
0,0.3333333333333333,0.0,1,1,0.0,0.6666666666666666,ransom_14455
0,0.25,0.0,1,1,0.0,0.75,ransom_14457
0,0.2,0.0,1,2,0.0,0.8,ransom_14458
2,0.0833333333333333,0.0,1,3,0.0,0.9166666666666666,ransom_1446
0,0.25,0.0,1,1,0.0,0.75,ransom_14462
0,0.25,0.0,1,1,0.0,0.75,ransom_14463
0,0.25,0.0,1,1,0.0,0.75,ransom_14464
0,0.2,0.0,1,1,0.0,0.8,ransom_14465
0,0.1111111111111111,0.0,1,3,0.0,0.8888888888888888,ransom_14466
0,0.25,0.0,1,1,0.0,0.75,ransom_14467
1,0.125,0.0,1,2,0.0,0.875,ransom_14468
15,0.125,0.0,1,2,0.0,0.875,ransom_14469
0,0.0833333333333333,0.0,1,2,0.0,0.9166666666666666,ransom_1447
0,0.2,0.0,1,1,-1.0,0.8,ransom_14470
1,0.0909090909090909,0.0,1,3,0.0,0.9090909090909092,ransom_14471
4,0.2,0.0,1,1,-1.0,0.8,ransom_14472
0,0.25,0.0,1,1,0.0,0.75,ransom_14473
1,0.2,0.0,1,1,0.0,0.8,ransom_14474
4,0.2,0.0,1,1,0.0,0.8,ransom_14475
0,0.25,0.0,1,1,0.0,0.75,ransom_14476
0,0.2,0.0,1,1,0.0,0.8,ransom_14477
0,0.2,0.0,1,1,0.0,0.8,ransom_1448
0,0.3333333333333333,0.0,1,1,0.0,0.6666666666666666,ransom_14480
0,0.25,0.0,1,1,0.0,0.75,ransom_14482
0,0.25,0.0,1,1,0.0,0.75,ransom_14483
0,0.25,0.0,1,1,0.0,0.75,ransom_14484
0,0.25,0.0,1,1,0.0,0.75,ransom_14485
1,0.25,0.0,1,1,0.0,0.75,ransom_14487
0,0.25,0.0,1,1,0.0,0.75,ransom_14488
0,0.1428571428571428,0.0,1,2,0.0,0.8571428571428571,ransom_14489
0,0.1666666666666666,0.0,1,1,-0.9999999999999992,0.8333333333333334,ransom_1449
0,0.125,0.0,1,2,0.0,0.875,ransom_14491
0,0.3333333333333333,0.0,1,1,0.0,0.6666666666666666,ransom_14492
0,0.1666666666666666,0.0,1,1,-0.9999999999999992,0.8333333333333334,ransom_14493
0,0.3333333333333333,0.0,1,1,0.0,0.6666666666666666,ransom_14494
0,0.25,0.0,1,1,0.0,0.75,ransom_14495
1,0.1666666666666666,0.0,1,2,0.0,0.8333333333333334,ransom_14496
0,0.1428571428571428,0.0,1,2,-0.250000000000001,0.8571428571428571,ransom_14499
0,0.2,0.0,1,1,0.0,0.8,ransom_1450
0,0.3333333333333333,0.0,1,1,0.0,0.6666666666666666,ransom_14500
1,0.125,0.0,1,2,0.0,0.875,ransom_14502
0,0.0909090909090909,0.0,1,3,0.0,0.9090909090909092,ransom_14503
0,0.1666666666666666,0.0,1,2,0.0,0.8333333333333334,ransom_14504
0,0.1666666666666666,0.0,1,1,-0.9999999999999992,0.8333333333333334,ransom_14505
0,0.25,0.0,1,1,0.0,0.75,ransom_14506
0,0.25,0.0,1,1,0.0,0.75,ransom_14507
0,0.3333333333333333,0.0,1,1,0.0,0.6666666666666666,ransom_14508
0,0.25,0.0,1,1,0.0,0.75,ransom_14509
0,0.1428571428571428,0.0,1,2,0.0,0.8571428571428571,ransom_1451
0,0.1666666666666666,0.0,1,2,0.0,0.8333333333333334,ransom_14510
0,0.25,0.0,1,1,0.0,0.75,ransom_14512
5,0.1428571428571428,0.0,1,2,0.0,0.8571428571428571,ransom_14513
0,0.125,0.0,1,2,-0.6454972243679025,0.875,ransom_14514
1,0.1666666666666666,0.0,1,1,-0.9999999999999992,0.8333333333333334,ransom_14515
0,0.25,0.0,1,1,0.0,0.75,ransom_14516
0,0.1428571428571428,0.0,1,2,0.0,0.8571428571428571,ransom_14517
0,0.25,0.0,1,1,0.0,0.75,ransom_14518
0,0.25,0.0,1,1,0.0,0.75,ransom_14519
0,0.1111111111111111,0.0,1,2,-0.5,0.8888888888888888,ransom_1452
0,0.25,0.0,1,1,0.0,0.75,ransom_14520
0,0.3333333333333333,0.0,1,1,0.0,0.6666666666666666,ransom_14522
0,0.3333333333333333,0.0,1,1,0.0,0.6666666666666666,ransom_14523
0,0.1,0.0,1,2,-0.8237544710479152,0.9,ransom_14525
1,0.25,0.0,1,1,0.0,0.75,ransom_14527
0,0.25,0.0,1,1,0.0,0.75,ransom_14528
1,0.3333333333333333,0.0,1,1,0.0,0.6666666666666666,ransom_14529
0,0.1666666666666666,0.0,1,1,0.0,0.8333333333333334,ransom_1453
0,0.2,0.0,1,1,0.0,0.8,ransom_14530
0,0.25,0.0,1,1,0.0,0.75,ransom_14531
1,0.25,0.0,1,1,0.0,0.75,ransom_14532
0,0.1666666666666666,0.0,1,1,-0.9999999999999992,0.8333333333333334,ransom_14533
0,0.25,0.0,1,1,0.0,0.75,ransom_14534
0,0.3333333333333333,0.0,1,1,0.0,0.6666666666666666,ransom_14535
1,0.25,0.0,1,1,0.0,0.75,ransom_14536
0,0.3333333333333333,0.0,1,1,0.0,0.6666666666666666,ransom_14537
0,0.2,0.0,1,1,0.0,0.8,ransom_14538
4,0.1428571428571428,0.0,1,2,0.0,0.8571428571428571,ransom_14539
0,0.1666666666666666,0.0,1,1,-0.9999999999999992,0.8333333333333334,ransom_1454
0,0.25,0.0,1,1,0.0,0.75,ransom_14540
0,0.25,0.0,1,1,0.0,0.75,ransom_14542
0,0.2,0.0,1,1,0.0,0.8,ransom_14544
4,0.25,0.0,1,1,0.0,0.75,ransom_14545
0,0.2,0.0,1,1,0.0,0.8,ransom_14546
1,0.25,0.0,1,1,0.0,0.75,ransom_14547
1,0.1666666666666666,0.0,1,2,0.0,0.8333333333333334,ransom_14548
1,0.2,0.0,1,1,0.0,0.8,ransom_14549
3,0.0833333333333333,0.0,1,2,-0.62384396009716,0.9166666666666666,ransom_1455
0,0.25,0.0,1,1,0.0,0.75,ransom_14550
9,0.1111111111111111,0.0,1,2,-0.6546536707079772,0.8888888888888888,ransom_14551
0,0.25,0.0,1,1,0.0,0.75,ransom_14553
2,0.2,0.0,1,1,0.0,0.8,ransom_14554
0,0.2,0.0,1,1,0.0,0.8,ransom_14555
0,0.2,0.0,1,1,0.0,0.8,ransom_14556
0,0.3333333333333333,0.0,1,1,0.0,0.6666666666666666,ransom_14558
0,0.3333333333333333,0.0,1,1,0.0,0.6666666666666666,ransom_14559
0,0.0909090909090909,0.0,1,2,-0.7484551991837501,0.9090909090909092,ransom_1456
0,0.125,0.0,1,2,0.0,0.875,ransom_14560
0,0.3333333333333333,0.0,1,1,0.0,0.6666666666666666,ransom_14561
0,0.25,0.0,1,1,0.0,0.75,ransom_14562
0,0.2,0.0,1,1,0.0,0.8,ransom_14564
0,0.3333333333333333,0.0,1,1,0.0,0.6666666666666666,ransom_14565
0,0.25,0.0,1,1,0.0,0.75,ransom_14566
0,0.2,0.0,1,1,0.0,0.8,ransom_14567
0,0.2,0.0,1,1,-1.0,0.8,ransom_14568
0,0.1428571428571428,0.0,1,2,0.0,0.8571428571428571,ransom_14569
0,0.1666666666666666,0.0,1,1,0.0,0.8333333333333334,ransom_1457
0,0.3333333333333333,0.0,1,1,0.0,0.6666666666666666,ransom_14570
3,0.25,0.0,1,1,0.0,0.75,ransom_14572
0,0.3333333333333333,0.0,1,1,0.0,0.6666666666666666,ransom_14573
0,0.25,0.0,1,1,0.0,0.75,ransom_14575
1,0.3333333333333333,0.0,1,1,0.0,0.6666666666666666,ransom_14576
1,0.25,0.0,1,1,0.0,0.75,ransom_14577
1,0.3333333333333333,0.0,1,1,0.0,0.6666666666666666,ransom_14578
0,0.1428571428571428,0.0,1,1,0.0,0.8571428571428571,ransom_1458
0,0.25,0.0,1,1,0.0,0.75,ransom_14580
0,0.2,0.0,1,1,0.0,0.8,ransom_14581
0,0.3333333333333333,0.0,1,1,0.0,0.6666666666666666,ransom_14583
0,0.2,0.0,1,1,0.0,0.8,ransom_14584
0,0.2,0.0,1,1,0.0,0.8,ransom_14585
0,0.3333333333333333,0.0,1,1,0.0,0.6666666666666666,ransom_14586
2,0.125,0.0,1,2,0.0,0.875,ransom_14587
0,0.25,0.0,1,1,0.0,0.75,ransom_14591
0,0.3333333333333333,0.0,1,1,0.0,0.6666666666666666,ransom_14592
0,0.2,0.0,1,1,0.0,0.8,ransom_14594
0,0.3333333333333333,0.0,1,1,0.0,0.6666666666666666,ransom_14595
0,0.3333333333333333,0.0,1,1,0.0,0.6666666666666666,ransom_14596
0,0.3333333333333333,0.0,1,1,0.0,0.6666666666666666,ransom_14598
0,0.25,0.0,1,1,0.0,0.75,ransom_14599
0,0.2,0.0,1,1,0.0,0.8,ransom_14600
0,0.25,0.0,1,1,0.0,0.75,ransom_14601
0,0.25,0.0,1,1,0.0,0.75,ransom_14602
0,0.3333333333333333,0.0,1,1,0.0,0.6666666666666666,ransom_14604
0,0.125,0.0,1,2,0.0,0.875,ransom_14605
0,0.25,0.0,1,1,0.0,0.75,ransom_14606
0,0.3333333333333333,0.0,1,1,0.0,0.6666666666666666,ransom_14607
1,0.3333333333333333,0.0,1,1,0.0,0.6666666666666666,ransom_14609
0,0.125,0.0,1,1,0.0,0.875,ransom_1461
0,0.1428571428571428,0.0,1,2,0.0,0.8571428571428571,ransom_14610
1,0.3333333333333333,0.0,1,1,0.0,0.6666666666666666,ransom_14611
0,0.1666666666666666,0.0,1,1,-0.9999999999999992,0.8333333333333334,ransom_14612
2,0.1428571428571428,0.0,1,2,0.0,0.8571428571428571,ransom_14613
0,0.25,0.0,1,1,0.0,0.75,ransom_14614
0,0.1111111111111111,0.0,1,2,0.0,0.8888888888888888,ransom_14615
11,0.25,0.0,1,1,0.0,0.75,ransom_14616
0,0.2,0.0,1,1,0.0,0.8,ransom_14618
1,0.2,0.0,1,1,-1.0,0.8,ransom_14619
0,0.25,0.0,1,1,0.0,0.75,ransom_1462
0,0.25,0.0,1,1,0.0,0.75,ransom_14621
0,0.25,0.0,1,1,0.0,0.75,ransom_14622
0,0.2,0.0,1,1,0.0,0.8,ransom_14623
0,0.25,0.0,1,1,0.0,0.75,ransom_14624
0,0.25,0.0,1,1,0.0,0.75,ransom_14625
0,0.25,0.0,1,1,0.0,0.75,ransom_14626
3,0.0357142857142857,0.0,1,8,0.0,0.9642857142857144,ransom_1463
0,0.25,0.0,1,1,0.0,0.75,ransom_14631
0,0.25,0.0,1,1,0.0,0.75,ransom_14632
0,0.2,0.0,1,1,-1.0,0.8,ransom_14633
0,0.1111111111111111,0.0,1,2,-0.6546536707079772,0.8888888888888888,ransom_14635
2,0.125,0.0,1,2,0.0,0.875,ransom_14637
0,0.3333333333333333,0.0,1,1,0.0,0.6666666666666666,ransom_14638
0,0.25,0.0,1,1,0.0,0.75,ransom_1464
0,0.3333333333333333,0.0,1,1,0.0,0.6666666666666666,ransom_14640
0,0.25,0.0,1,1,0.0,0.75,ransom_14641
1,0.25,0.0,1,1,0.0,0.75,ransom_14642
2,0.1428571428571428,0.0,1,2,0.0,0.8571428571428571,ransom_14643
0,0.2,0.0,1,1,0.0,0.8,ransom_14644
0,0.25,0.0,1,1,0.0,0.75,ransom_14645
0,0.25,0.0,1,1,0.0,0.75,ransom_14646
0,0.25,0.0,1,1,0.0,0.75,ransom_14647
0,0.25,0.0,1,1,0.0,0.75,ransom_14648
0,0.1666666666666666,0.0,1,1,-0.9999999999999992,0.8333333333333334,ransom_14649
4,0.0476190476190476,0.0,1,5,-0.0909090909090905,0.9523809523809524,ransom_1465
2,0.1666666666666666,0.0,1,1,-0.9999999999999992,0.8333333333333334,ransom_14652
0,0.1428571428571428,0.0,1,2,0.0,0.8571428571428571,ransom_14653
0,0.3333333333333333,0.0,1,1,0.0,0.6666666666666666,ransom_14654
0,0.1428571428571428,0.0,1,2,0.0,0.8571428571428571,ransom_14655
0,0.1666666666666666,0.0,1,2,0.0,0.8333333333333334,ransom_14656
0,0.2,0.0,1,1,-1.0,0.8,ransom_14657
0,0.25,0.0,1,1,0.0,0.75,ransom_14658
0,0.1666666666666666,0.0,1,2,0.0,0.8333333333333334,ransom_14659
0,0.0833333333333333,0.0,1,2,-0.6708203932499353,0.9166666666666666,ransom_1466
6,0.125,0.0,1,2,0.0,0.875,ransom_14660
1,0.25,0.0,1,1,0.0,0.75,ransom_14661
0,0.25,0.0,1,1,0.0,0.75,ransom_14662
1,0.25,0.0,1,1,0.0,0.75,ransom_14663
1,0.25,0.0,1,1,0.0,0.75,ransom_14664
2,0.0769230769230769,0.0,1,3,-0.3162277660168375,0.9230769230769232,ransom_14665
0,0.2,0.0,1,1,0.0,0.8,ransom_14667
0,0.25,0.0,1,1,0.0,0.75,ransom_14668
0,0.1666666666666666,0.0,1,1,-0.9999999999999992,0.8333333333333334,ransom_14669
0,0.0588235294117647,0.0,1,3,-0.4055002010470495,0.9411764705882352,ransom_1467
0,0.3333333333333333,0.0,1,1,0.0,0.6666666666666666,ransom_14670
0,0.25,0.0,1,1,0.0,0.75,ransom_14671
1,0.2,0.0,1,1,-1.0,0.8,ransom_14674
0,0.2,0.0,1,1,-1.0,0.8,ransom_14676
0,0.3333333333333333,0.0,1,1,0.0,0.6666666666666666,ransom_14678
7,0.25,0.0,1,1,0.0,0.75,ransom_14679
0,0.1428571428571428,0.0,1,1,0.0,0.8571428571428571,ransom_1468
1,0.1428571428571428,0.0,1,2,0.0,0.8571428571428571,ransom_14680
0,0.3333333333333333,0.0,1,1,0.0,0.6666666666666666,ransom_14681
0,0.25,0.0,1,1,0.0,0.75,ransom_14683
1,0.25,0.0,1,1,0.0,0.75,ransom_14684
1,0.1428571428571428,0.0,1,2,0.0,0.8571428571428571,ransom_14685
0,0.25,0.0,1,1,0.0,0.75,ransom_14688
0,0.25,0.0,1,1,0.0,0.75,ransom_14689
0,0.125,0.0,1,1,0.0,0.875,ransom_1469
0,0.2,0.0,1,1,0.0,0.8,ransom_14690
0,0.25,0.0,1,1,0.0,0.75,ransom_14691
0,0.1428571428571428,0.0,1,2,0.0,0.8571428571428571,ransom_14692
0,0.25,0.0,1,1,0.0,0.75,ransom_14693
3,0.1428571428571428,0.0,1,2,-0.250000000000001,0.8571428571428571,ransom_14694
0,0.0909090909090909,0.0,1,3,0.0,0.9090909090909092,ransom_14696
0,0.1428571428571428,0.0,1,2,0.0,0.8571428571428571,ransom_14697
0,0.2,0.0,1,1,0.0,0.8,ransom_14698
2,0.125,0.0,1,2,0.0,0.875,ransom_14699
1,0.0476190476190476,0.0,1,4,-0.3816612668068966,0.9523809523809524,ransom_1470
0,0.1428571428571428,0.0,1,2,-0.250000000000001,0.8571428571428571,ransom_14700
0,0.3333333333333333,0.0,1,1,0.0,0.6666666666666666,ransom_14703
0,0.25,0.0,1,1,0.0,0.75,ransom_14704
0,0.1428571428571428,0.0,1,2,0.0,0.8571428571428571,ransom_14705
0,0.25,0.0,1,1,0.0,0.75,ransom_14706
0,0.3333333333333333,0.0,1,1,0.0,0.6666666666666666,ransom_14707
0,0.2,0.0,1,2,0.0,0.8,ransom_14708
1,0.25,0.0,1,1,0.0,0.75,ransom_14709
0,0.25,0.0,1,1,0.0,0.75,ransom_1471
0,0.3333333333333333,0.0,1,1,0.0,0.6666666666666666,ransom_14710
0,0.2,0.0,1,1,0.0,0.8,ransom_14711
0,0.3333333333333333,0.0,1,1,0.0,0.6666666666666666,ransom_14713
0,0.2,0.0,1,1,0.0,0.8,ransom_14714
0,0.125,0.0,1,2,0.0,0.875,ransom_14715
0,0.1111111111111111,0.0,1,2,-0.6546536707079772,0.8888888888888888,ransom_14716
0,0.2,0.0,1,1,0.0,0.8,ransom_14717
0,0.3333333333333333,0.0,1,1,0.0,0.6666666666666666,ransom_14718
0,0.3333333333333333,0.0,1,1,0.0,0.6666666666666666,ransom_14719
0,0.1,0.0,1,1,0.0,0.9,ransom_1472
0,0.3333333333333333,0.0,1,1,0.0,0.6666666666666666,ransom_14720
0,0.1666666666666666,0.0,1,2,0.0,0.8333333333333334,ransom_14721
1,0.3333333333333333,0.0,1,1,0.0,0.6666666666666666,ransom_14722
0,0.1666666666666666,0.0,1,1,-0.9999999999999992,0.8333333333333334,ransom_14723
0,0.25,0.0,1,1,0.0,0.75,ransom_14724
0,0.2,0.0,1,1,-1.0,0.8,ransom_14725
1,0.25,0.0,1,1,0.0,0.75,ransom_14727
0,0.2,0.0,1,2,0.0,0.8,ransom_14728
0,0.2,0.0,1,1,0.0,0.8,ransom_14729
0,0.0833333333333333,0.0,1,2,0.0,0.9166666666666666,ransom_1473
0,0.2,0.0,1,1,0.0,0.8,ransom_14730
0,0.25,0.0,1,1,0.0,0.75,ransom_14731
4,0.1111111111111111,0.0,1,2,-0.6546536707079772,0.8888888888888888,ransom_14732
2,0.125,0.0,1,2,0.0,0.875,ransom_14733
1,0.25,0.0,1,1,0.0,0.75,ransom_14735
0,0.1666666666666666,0.0,1,1,-0.9999999999999992,0.8333333333333334,ransom_14736
0,0.2,0.0,1,1,0.0,0.8,ransom_14737
1,0.3333333333333333,0.0,1,1,0.0,0.6666666666666666,ransom_14738
4,0.1428571428571428,0.0,1,2,0.0,0.8571428571428571,ransom_14739
0,0.125,0.0,1,1,0.0,0.875,ransom_1474
1,0.25,0.0,1,1,0.0,0.75,ransom_14740
0,0.25,0.0,1,1,0.0,0.75,ransom_14741
2,0.25,0.0,1,1,0.0,0.75,ransom_14742
6,0.25,0.0,1,1,0.0,0.75,ransom_14745
0,0.1111111111111111,0.0,1,2,0.0,0.8888888888888888,ransom_14746
0,0.25,0.0,1,1,0.0,0.75,ransom_14747
0,0.25,0.0,1,1,0.0,0.75,ransom_14748
1,0.1666666666666666,0.0,1,1,-0.9999999999999992,0.8333333333333334,ransom_14749
0,0.0588235294117647,0.0,1,3,-0.6035874759133595,0.9411764705882352,ransom_1475
1,0.3333333333333333,0.0,1,1,0.0,0.6666666666666666,ransom_14750
0,0.2,0.0,1,1,0.0,0.8,ransom_14751
0,0.25,0.0,1,1,0.0,0.75,ransom_14752
4,0.25,0.0,1,1,0.0,0.75,ransom_14754
0,0.1428571428571428,0.0,1,2,0.0,0.8571428571428571,ransom_14756
0,0.25,0.0,1,1,0.0,0.75,ransom_14757
0,0.3333333333333333,0.0,1,1,0.0,0.6666666666666666,ransom_14758
2,0.3333333333333333,0.0,1,1,0.0,0.6666666666666666,ransom_14759
0,0.25,0.0,1,1,0.0,0.75,ransom_1476
0,0.0909090909090909,0.0,1,3,-0.1666666666666678,0.9090909090909092,ransom_14761
0,0.1428571428571428,0.0,1,2,0.0,0.8571428571428571,ransom_14762
0,0.1666666666666666,0.0,1,1,-0.9999999999999992,0.8333333333333334,ransom_14763
0,0.1,0.0,1,3,0.0,0.9,ransom_14764
0,0.25,0.0,1,1,0.0,0.75,ransom_14765
0,0.3333333333333333,0.0,1,1,0.0,0.6666666666666666,ransom_14767
1,0.25,0.0,1,1,0.0,0.75,ransom_14768
0,0.25,0.0,1,1,0.0,0.75,ransom_14769
0,0.25,0.0,1,1,0.0,0.75,ransom_14770
0,0.3333333333333333,0.0,1,1,0.0,0.6666666666666666,ransom_14771
0,0.2,0.0,1,1,-1.0,0.8,ransom_14772
0,0.25,0.0,1,1,0.0,0.75,ransom_14773
0,0.3333333333333333,0.0,1,1,0.0,0.6666666666666666,ransom_14775
0,0.1428571428571428,0.0,1,2,-0.250000000000001,0.8571428571428571,ransom_14776
0,0.25,0.0,1,1,0.0,0.75,ransom_14777
0,0.2,0.0,1,2,0.0,0.8,ransom_14778
1,0.1666666666666666,0.0,1,2,0.0,0.8333333333333334,ransom_14780
0,0.25,0.0,1,1,0.0,0.75,ransom_14781
0,0.25,0.0,1,1,0.0,0.75,ransom_14782
0,0.25,0.0,1,1,0.0,0.75,ransom_14783
0,0.25,0.0,1,1,0.0,0.75,ransom_14785
0,0.2,0.0,1,1,0.0,0.8,ransom_14786
1,0.125,0.0,1,2,0.0,0.875,ransom_14787
0,0.2,0.0,1,1,-1.0,0.8,ransom_14788
0,0.25,0.0,1,1,0.0,0.75,ransom_14790
0,0.25,0.0,1,1,0.0,0.75,ransom_14791
0,0.25,0.0,1,1,0.0,0.75,ransom_14792
0,0.2,0.0,1,1,0.0,0.8,ransom_14794
2,0.1428571428571428,0.0,1,2,0.0,0.8571428571428571,ransom_14796
0,0.25,0.0,1,1,0.0,0.75,ransom_14798
0,0.25,0.0,1,1,0.0,0.75,ransom_14799
0,0.2,0.0,1,1,-1.0,0.8,ransom_14800
0,0.1428571428571428,0.0,1,2,0.0,0.8571428571428571,ransom_14801
0,0.25,0.0,1,1,0.0,0.75,ransom_14802
0,0.25,0.0,1,1,0.0,0.75,ransom_14803
0,0.125,0.0,1,2,0.0,0.875,ransom_14806
0,0.2,0.0,1,1,-1.0,0.8,ransom_14807
0,0.25,0.0,1,1,0.0,0.75,ransom_14808
0,0.25,0.0,1,1,0.0,0.75,ransom_14809
0,0.0909090909090909,0.0,1,2,0.0,0.9090909090909092,ransom_1481
0,0.2,0.0,1,1,0.0,0.8,ransom_14810
0,0.3333333333333333,0.0,1,1,0.0,0.6666666666666666,ransom_14811
0,0.125,0.0,1,2,-0.6454972243679025,0.875,ransom_14812
2,0.2,0.0,1,1,0.0,0.8,ransom_14815
0,0.25,0.0,1,1,0.0,0.75,ransom_14817
0,0.3333333333333333,0.0,1,1,0.0,0.6666666666666666,ransom_14819
0,0.1666666666666666,0.0,1,1,-0.9999999999999992,0.8333333333333334,ransom_1482
3,0.25,0.0,1,1,0.0,0.75,ransom_14820
0,0.2,0.0,1,1,0.0,0.8,ransom_14823
0,0.125,0.0,1,2,0.0,0.875,ransom_14824
0,0.25,0.0,1,1,0.0,0.75,ransom_14825
0,0.1111111111111111,0.0,1,2,-0.6546536707079772,0.8888888888888888,ransom_14826
0,0.3333333333333333,0.0,1,1,0.0,0.6666666666666666,ransom_14827
0,0.3333333333333333,0.0,1,1,0.0,0.6666666666666666,ransom_14828
1,0.1666666666666666,0.0,1,2,0.0,0.8333333333333334,ransom_14829
0,0.2,0.0,1,1,0.0,0.8,ransom_1483
0,0.2,0.0,1,1,-1.0,0.8,ransom_14831
0,0.3333333333333333,0.0,1,1,0.0,0.6666666666666666,ransom_14832
6,0.25,0.0,1,1,0.0,0.75,ransom_14833
0,0.2,0.0,1,1,-1.0,0.8,ransom_14836
0,0.25,0.0,1,1,0.0,0.75,ransom_14837
0,0.2,0.0,1,1,-1.0,0.8,ransom_14838
0,0.25,0.0,1,1,0.0,0.75,ransom_14839
4,0.25,0.0,1,1,0.0,0.75,ransom_1484
0,0.1428571428571428,0.0,1,2,0.0,0.8571428571428571,ransom_14840
0,0.25,0.0,1,1,0.0,0.75,ransom_14841
0,0.3333333333333333,0.0,1,1,0.0,0.6666666666666666,ransom_14842
1,0.1666666666666666,0.0,1,2,0.0,0.8333333333333334,ransom_14843
6,0.25,0.0,1,1,0.0,0.75,ransom_14844
2,0.25,0.0,1,1,0.0,0.75,ransom_14845
2,0.25,0.0,1,1,0.0,0.75,ransom_14846
2,0.3333333333333333,0.0,1,1,0.0,0.6666666666666666,ransom_14847
0,0.2,0.0,1,1,0.0,0.8,ransom_14848
0,0.3333333333333333,0.0,1,1,0.0,0.6666666666666666,ransom_14849
0,0.1428571428571428,0.0,1,1,0.0,0.8571428571428571,ransom_1485
0,0.25,0.0,1,1,0.0,0.75,ransom_14850
0,0.25,0.0,1,1,0.0,0.75,ransom_14851
8,0.2,0.0,1,1,0.0,0.8,ransom_14853
1,0.3333333333333333,0.0,1,1,0.0,0.6666666666666666,ransom_14854
6,0.1428571428571428,0.0,1,2,0.0,0.8571428571428571,ransom_14855
1,0.3333333333333333,0.0,1,1,0.0,0.6666666666666666,ransom_14856
0,0.25,0.0,1,1,0.0,0.75,ransom_14858
0,0.3333333333333333,0.0,1,1,0.0,0.6666666666666666,ransom_1486
0,0.1666666666666666,0.0,1,1,-0.9999999999999992,0.8333333333333334,ransom_14860
0,0.3333333333333333,0.0,1,1,0.0,0.6666666666666666,ransom_14861
0,0.25,0.0,1,1,0.0,0.75,ransom_14862
0,0.25,0.0,1,1,0.0,0.75,ransom_14863
0,0.2,0.0,1,1,-1.0,0.8,ransom_14864
0,0.25,0.0,1,1,0.0,0.75,ransom_14865
0,0.2,0.0,1,1,0.0,0.8,ransom_14869
0,0.1111111111111111,0.0,1,2,-0.6546536707079772,0.8888888888888888,ransom_14870
0,0.2,0.0,1,1,0.0,0.8,ransom_14871
0,0.25,0.0,1,1,0.0,0.75,ransom_14872
0,0.2,0.0,1,1,0.0,0.8,ransom_14873
0,0.2,0.0,1,1,0.0,0.8,ransom_14876
0,0.1666666666666666,0.0,1,2,0.0,0.8333333333333334,ransom_14877
0,0.3333333333333333,0.0,1,1,0.0,0.6666666666666666,ransom_14878
0,0.2,0.0,1,1,-1.0,0.8,ransom_14879
0,0.0769230769230769,0.0,1,2,0.0,0.9230769230769232,ransom_1488
0,0.2,0.0,1,1,0.0,0.8,ransom_14881
0,0.1428571428571428,0.0,1,2,0.0,0.8571428571428571,ransom_14883
13,0.25,0.0,1,1,0.0,0.75,ransom_14884
3,0.1428571428571428,0.0,1,2,0.0,0.8571428571428571,ransom_14885
0,0.1666666666666666,0.0,1,2,0.0,0.8333333333333334,ransom_14886
0,0.2,0.0,1,1,-1.0,0.8,ransom_14887
0,0.2,0.0,1,1,0.0,0.8,ransom_14889
1,0.2,0.0,1,1,-1.0,0.8,ransom_1489
0,0.2,0.0,1,1,0.0,0.8,ransom_14890
1,0.2,0.0,1,1,0.0,0.8,ransom_14891
0,0.25,0.0,1,1,0.0,0.75,ransom_14893
1,0.3333333333333333,0.0,1,1,0.0,0.6666666666666666,ransom_14894
2,0.3333333333333333,0.0,1,1,0.0,0.6666666666666666,ransom_14895
0,0.1666666666666666,0.0,1,2,0.0,0.8333333333333334,ransom_14896
0,0.1666666666666666,0.0,1,2,0.0,0.8333333333333334,ransom_14897
0,0.25,0.0,1,1,0.0,0.75,ransom_14898
0,0.2,0.0,1,1,0.0,0.8,ransom_14899
0,0.2,0.0,1,1,0.0,0.8,ransom_1490
0,0.1111111111111111,0.0,1,2,-0.6546536707079772,0.8888888888888888,ransom_14900
0,0.25,0.0,1,1,0.0,0.75,ransom_14901
0,0.25,0.0,1,1,0.0,0.75,ransom_14902
1,0.2,0.0,1,1,0.0,0.8,ransom_14903
2,0.25,0.0,1,1,0.0,0.75,ransom_14904
0,0.25,0.0,1,1,0.0,0.75,ransom_14905
0,0.2,0.0,1,1,0.0,0.8,ransom_14906
0,0.3333333333333333,0.0,1,1,0.0,0.6666666666666666,ransom_14908
0,0.1666666666666666,0.0,1,2,0.0,0.8333333333333334,ransom_14909
1,0.0526315789473684,0.0,1,4,0.0,0.9473684210526316,ransom_1491
0,0.2,0.0,1,1,0.0,0.8,ransom_14911
0,0.25,0.0,1,1,0.0,0.75,ransom_14912
0,0.3333333333333333,0.0,1,1,0.0,0.6666666666666666,ransom_14914
0,0.2,0.0,1,1,0.0,0.8,ransom_14916
0,0.25,0.0,1,1,0.0,0.75,ransom_14917
0,0.25,0.0,1,1,0.0,0.75,ransom_14918
1,0.3333333333333333,0.0,1,1,0.0,0.6666666666666666,ransom_14920
0,0.3333333333333333,0.0,1,1,0.0,0.6666666666666666,ransom_14921
0,0.2,0.0,1,1,0.0,0.8,ransom_14922
2,0.25,0.0,1,1,0.0,0.75,ransom_14923
0,0.25,0.0,1,1,0.0,0.75,ransom_14925
0,0.25,0.0,1,1,0.0,0.75,ransom_14926
0,0.125,0.0,1,2,-0.4880935300919782,0.875,ransom_14927
0,0.25,0.0,1,1,0.0,0.75,ransom_14929
0,0.1111111111111111,0.0,1,2,-0.5962847939999439,0.8888888888888888,ransom_1493
0,0.25,0.0,1,1,0.0,0.75,ransom_14930
0,0.2,0.0,1,1,0.0,0.8,ransom_14931
2,0.25,0.0,1,1,0.0,0.75,ransom_14932
0,0.3333333333333333,0.0,1,1,0.0,0.6666666666666666,ransom_14933
0,0.2,0.0,1,1,-1.0,0.8,ransom_14934
0,0.25,0.0,1,1,0.0,0.75,ransom_14935
1,0.1428571428571428,0.0,1,2,0.0,0.8571428571428571,ransom_14936
1,0.25,0.0,1,1,0.0,0.75,ransom_14938
0,0.1666666666666666,0.0,1,1,-0.9999999999999992,0.8333333333333334,ransom_14939
3,0.1,0.0,1,2,0.0,0.9,ransom_1494
0,0.3333333333333333,0.0,1,1,0.0,0.6666666666666666,ransom_14940
0,0.25,0.0,1,1,0.0,0.75,ransom_14941
0,0.3333333333333333,0.0,1,1,0.0,0.6666666666666666,ransom_14942
0,0.3333333333333333,0.0,1,1,0.0,0.6666666666666666,ransom_14943
0,0.25,0.0,1,1,0.0,0.75,ransom_14944
0,0.3333333333333333,0.0,1,1,0.0,0.6666666666666666,ransom_14946
0,0.3333333333333333,0.0,1,1,0.0,0.6666666666666666,ransom_14948
0,0.2,0.0,1,1,-1.0,0.8,ransom_14949
1,0.1666666666666666,0.0,1,2,0.0,0.8333333333333334,ransom_1495
0,0.25,0.0,1,1,0.0,0.75,ransom_14952
0,0.125,0.0,1,2,0.0,0.875,ransom_14953
0,0.125,0.0,1,2,0.0,0.875,ransom_14954
0,0.25,0.0,1,1,0.0,0.75,ransom_14956
1,0.25,0.0,1,1,0.0,0.75,ransom_14957
0,0.2,0.0,1,1,-1.0,0.8,ransom_14958
0,0.2,0.0,1,1,-1.0,0.8,ransom_14959
0,0.2,0.0,1,1,-1.0,0.8,ransom_1496
0,0.1428571428571428,0.0,1,2,0.0,0.8571428571428571,ransom_14960
0,0.25,0.0,1,1,0.0,0.75,ransom_14961
1,0.3333333333333333,0.0,1,1,0.0,0.6666666666666666,ransom_14962
0,0.3333333333333333,0.0,1,1,0.0,0.6666666666666666,ransom_14963
7,0.2,0.0,1,1,0.0,0.8,ransom_14964
0,0.25,0.0,1,1,0.0,0.75,ransom_14965
4,0.3333333333333333,0.0,1,1,0.0,0.6666666666666666,ransom_14966
0,0.25,0.0,1,1,0.0,0.75,ransom_14967
0,0.1666666666666666,0.0,1,2,0.0,0.8333333333333334,ransom_14968
1,0.0769230769230769,0.0,1,3,-0.4780914437337626,0.9230769230769232,ransom_1497
0,0.25,0.0,1,1,0.0,0.75,ransom_14970
0,0.25,0.0,1,1,0.0,0.75,ransom_14973
0,0.25,0.0,1,1,0.0,0.75,ransom_14975
0,0.3333333333333333,0.0,1,1,0.0,0.6666666666666666,ransom_14976
0,0.25,0.0,1,1,0.0,0.75,ransom_14978
0,0.3333333333333333,0.0,1,1,0.0,0.6666666666666666,ransom_14979
0,0.25,0.0,1,1,0.0,0.75,ransom_14980
0,0.25,0.0,1,1,0.0,0.75,ransom_14981
0,0.1428571428571428,0.0,1,2,0.0,0.8571428571428571,ransom_14982
0,0.3333333333333333,0.0,1,1,0.0,0.6666666666666666,ransom_14983
0,0.25,0.0,1,1,0.0,0.75,ransom_14984
0,0.2,0.0,1,1,0.0,0.8,ransom_14985
0,0.25,0.0,1,1,0.0,0.75,ransom_14986
0,0.25,0.0,1,1,0.0,0.75,ransom_14987
0,0.25,0.0,1,1,0.0,0.75,ransom_14988
0,0.3333333333333333,0.0,1,1,0.0,0.6666666666666666,ransom_14989
0,0.3333333333333333,0.0,1,1,0.0,0.6666666666666666,ransom_14990
0,0.25,0.0,1,1,0.0,0.75,ransom_14991
0,0.25,0.0,1,1,0.0,0.75,ransom_14992
0,0.25,0.0,1,1,0.0,0.75,ransom_14993
0,0.25,0.0,1,1,0.0,0.75,ransom_14995
0,0.25,0.0,1,1,0.0,0.75,ransom_14996
0,0.125,0.0,1,2,0.0,0.875,ransom_14997
0,0.1666666666666666,0.0,1,2,0.0,0.8333333333333334,ransom_14998
0,0.3333333333333333,0.0,1,1,0.0,0.6666666666666666,ransom_14999
0,0.1666666666666666,0.0,1,1,-0.9999999999999992,0.8333333333333334,ransom_1500
0,0.3333333333333333,0.0,1,1,0.0,0.6666666666666666,ransom_15000
1,0.3333333333333333,0.0,1,1,0.0,0.6666666666666666,ransom_15001
1,0.25,0.0,1,1,0.0,0.75,ransom_15002
0,0.25,0.0,1,1,0.0,0.75,ransom_15003
0,0.1111111111111111,0.0,1,2,0.0,0.8888888888888888,ransom_15004
0,0.25,0.0,1,1,0.0,0.75,ransom_15005
0,0.1428571428571428,0.0,1,2,0.0,0.8571428571428571,ransom_15007
0,0.25,0.0,1,1,0.0,0.75,ransom_15008
0,0.125,0.0,1,2,-0.6454972243679025,0.875,ransom_1501
0,0.25,0.0,1,1,0.0,0.75,ransom_15011
0,0.25,0.0,1,1,0.0,0.75,ransom_15012
0,0.3333333333333333,0.0,1,1,0.0,0.6666666666666666,ransom_15013
0,0.25,0.0,1,1,0.0,0.75,ransom_15014
0,0.3333333333333333,0.0,1,1,0.0,0.6666666666666666,ransom_15016
0,0.25,0.0,1,1,0.0,0.75,ransom_15017
0,0.125,0.0,1,2,0.0,0.875,ransom_15019
0,0.3333333333333333,0.0,1,1,0.0,0.6666666666666666,ransom_1502
0,0.2,0.0,1,1,0.0,0.8,ransom_15020
0,0.25,0.0,1,1,0.0,0.75,ransom_15021
0,0.1428571428571428,0.0,1,2,0.0,0.8571428571428571,ransom_15022
0,0.3333333333333333,0.0,1,1,0.0,0.6666666666666666,ransom_15024
0,0.25,0.0,1,1,0.0,0.75,ransom_15026
0,0.25,0.0,1,1,0.0,0.75,ransom_15027
1,0.25,0.0,1,1,0.0,0.75,ransom_15029
0,0.3333333333333333,0.0,1,1,0.0,0.6666666666666666,ransom_1503
0,0.125,0.0,1,2,-0.4880935300919782,0.875,ransom_15030
0,0.25,0.0,1,1,0.0,0.75,ransom_15032
0,0.2,0.0,1,1,0.0,0.8,ransom_15033
0,0.3333333333333333,0.0,1,1,0.0,0.6666666666666666,ransom_15034
0,0.25,0.0,1,1,0.0,0.75,ransom_15036
1,0.3333333333333333,0.0,1,1,0.0,0.6666666666666666,ransom_15038
0,0.25,0.0,1,1,0.0,0.75,ransom_1504
1,0.25,0.0,1,1,0.0,0.75,ransom_15040
0,0.25,0.0,1,1,0.0,0.75,ransom_15041
0,0.1666666666666666,0.0,1,1,-0.9999999999999992,0.8333333333333334,ransom_15042
0,0.2,0.0,1,1,0.0,0.8,ransom_15043
0,0.3333333333333333,0.0,1,1,0.0,0.6666666666666666,ransom_15046
0,0.125,0.0,1,2,-0.6454972243679025,0.875,ransom_15047
2,0.25,0.0,1,1,0.0,0.75,ransom_15048
0,0.25,0.0,1,1,0.0,0.75,ransom_15049
1,0.1428571428571428,0.0,1,1,0.0,0.8571428571428571,ransom_1505
0,0.25,0.0,1,1,0.0,0.75,ransom_15051
0,0.25,0.0,1,1,0.0,0.75,ransom_15052
0,0.25,0.0,1,1,0.0,0.75,ransom_15053
1,0.25,0.0,1,1,0.0,0.75,ransom_15054
0,0.1666666666666666,0.0,1,2,0.0,0.8333333333333334,ransom_15055
0,0.3333333333333333,0.0,1,1,0.0,0.6666666666666666,ransom_15056
0,0.25,0.0,1,1,0.0,0.75,ransom_15057
4,0.0909090909090909,0.0,1,3,-0.356348322549899,0.9090909090909092,ransom_1506
1,0.25,0.0,1,1,0.0,0.75,ransom_15061
0,0.3333333333333333,0.0,1,1,0.0,0.6666666666666666,ransom_15062
0,0.2,0.0,1,1,-1.0,0.8,ransom_15063
0,0.25,0.0,1,1,0.0,0.75,ransom_15065
0,0.2,0.0,1,1,0.0,0.8,ransom_15066
4,0.1666666666666666,0.0,1,2,0.0,0.8333333333333334,ransom_15069
3,0.0555555555555555,0.0,1,4,-0.2355368216216365,0.9444444444444444,ransom_1507
0,0.25,0.0,1,1,0.0,0.75,ransom_15070
0,0.25,0.0,1,1,0.0,0.75,ransom_15071
0,0.3333333333333333,0.0,1,1,0.0,0.6666666666666666,ransom_15073
0,0.2,0.0,1,1,0.0,0.8,ransom_15075
0,0.3333333333333333,0.0,1,1,0.0,0.6666666666666666,ransom_15077
1,0.25,0.0,1,1,0.0,0.75,ransom_15078
0,0.25,0.0,1,1,0.0,0.75,ransom_15079
2,0.0344827586206896,0.0,1,6,-0.2877557846975814,0.9655172413793104,ransom_1508
0,0.3333333333333333,0.0,1,1,0.0,0.6666666666666666,ransom_15082
0,0.125,0.0,1,2,0.0,0.875,ransom_15084
0,0.25,0.0,1,1,0.0,0.75,ransom_15086
1,0.3333333333333333,0.0,1,1,0.0,0.6666666666666666,ransom_15087
0,0.3333333333333333,0.0,1,1,0.0,0.6666666666666666,ransom_15088
0,0.3333333333333333,0.0,1,1,0.0,0.6666666666666666,ransom_15089
6,0.0625,0.0,1,3,-0.6127576206206948,0.9375,ransom_1509
0,0.25,0.0,1,1,0.0,0.75,ransom_15091
0,0.125,0.0,1,2,-0.4880935300919782,0.875,ransom_15092
0,0.25,0.0,1,1,0.0,0.75,ransom_15094
0,0.1666666666666666,0.0,1,2,0.0,0.8333333333333334,ransom_15095
0,0.2,0.0,1,1,0.0,0.8,ransom_15096
0,0.25,0.0,1,1,0.0,0.75,ransom_15097
0,0.3333333333333333,0.0,1,1,0.0,0.6666666666666666,ransom_15098
0,0.25,0.0,1,1,0.0,0.75,ransom_15099
0,0.25,0.0,1,1,0.0,0.75,ransom_1510
0,0.25,0.0,1,1,0.0,0.75,ransom_15101
0,0.3333333333333333,0.0,1,1,0.0,0.6666666666666666,ransom_15102
0,0.2,0.0,1,1,0.0,0.8,ransom_15103
0,0.25,0.0,1,1,0.0,0.75,ransom_15105
0,0.25,0.0,1,1,0.0,0.75,ransom_15106
2,0.1111111111111111,0.0,1,2,-0.6546536707079772,0.8888888888888888,ransom_15107
0,0.3333333333333333,0.0,1,1,0.0,0.6666666666666666,ransom_15108
1,0.25,0.0,1,1,0.0,0.75,ransom_15109
0,0.25,0.0,1,1,0.0,0.75,ransom_1511
1,0.25,0.0,1,1,0.0,0.75,ransom_15110
0,0.2,0.0,1,1,0.0,0.8,ransom_15111
0,0.3333333333333333,0.0,1,1,0.0,0.6666666666666666,ransom_15112
0,0.25,0.0,1,1,0.0,0.75,ransom_15113
0,0.2,0.0,1,1,0.0,0.8,ransom_15114
0,0.25,0.0,1,1,0.0,0.75,ransom_15116
0,0.1428571428571428,0.0,1,2,0.0,0.8571428571428571,ransom_15119
0,0.2,0.0,1,1,-1.0,0.8,ransom_1512
1,0.2,0.0,1,1,0.0,0.8,ransom_15120
1,0.1666666666666666,0.0,1,2,0.0,0.8333333333333334,ransom_15122
1,0.25,0.0,1,1,0.0,0.75,ransom_15124
0,0.3333333333333333,0.0,1,1,0.0,0.6666666666666666,ransom_15125
0,0.25,0.0,1,1,0.0,0.75,ransom_15127
0,0.25,0.0,1,1,0.0,0.75,ransom_15128
0,0.1428571428571428,0.0,1,2,0.0,0.8571428571428571,ransom_15129
5,0.1666666666666666,0.0,1,2,0.0,0.8333333333333334,ransom_15132
0,0.2,0.0,1,1,0.0,0.8,ransom_15133
0,0.1428571428571428,0.0,1,2,0.0,0.8571428571428571,ransom_15134
0,0.3333333333333333,0.0,1,1,0.0,0.6666666666666666,ransom_15135
0,0.2,0.0,1,1,0.0,0.8,ransom_15136
1,0.2,0.0,1,1,0.0,0.8,ransom_15137
0,0.25,0.0,1,1,0.0,0.75,ransom_15138
0,0.1,0.0,1,2,-0.7462025072446367,0.9,ransom_1514
0,0.2,0.0,1,1,-1.0,0.8,ransom_15140
3,0.3333333333333333,0.0,1,1,0.0,0.6666666666666666,ransom_15141
0,0.125,0.0,1,2,0.0,0.875,ransom_15143
0,0.3333333333333333,0.0,1,1,0.0,0.6666666666666666,ransom_15144
1,0.2,0.0,1,1,0.0,0.8,ransom_15146
0,0.3333333333333333,0.0,1,1,0.0,0.6666666666666666,ransom_15147
0,0.3333333333333333,0.0,1,1,0.0,0.6666666666666666,ransom_15148
0,0.1428571428571428,0.0,1,2,0.0,0.8571428571428571,ransom_15149
0,0.1666666666666666,0.0,1,1,-0.9999999999999992,0.8333333333333334,ransom_1515
0,0.2,0.0,1,1,0.0,0.8,ransom_15150
0,0.25,0.0,1,1,0.0,0.75,ransom_15151
0,0.3333333333333333,0.0,1,1,0.0,0.6666666666666666,ransom_15152
0,0.3333333333333333,0.0,1,1,0.0,0.6666666666666666,ransom_15153
1,0.125,0.0,1,2,-0.166666666666668,0.875,ransom_15154
0,0.25,0.0,1,1,0.0,0.75,ransom_15155
0,0.25,0.0,1,1,0.0,0.75,ransom_15156
0,0.25,0.0,1,1,0.0,0.75,ransom_15157
0,0.25,0.0,1,1,0.0,0.75,ransom_15158
2,0.125,0.0,1,3,0.0,0.875,ransom_15160
0,0.3333333333333333,0.0,1,1,0.0,0.6666666666666666,ransom_15161
0,0.25,0.0,1,1,0.0,0.75,ransom_15162
0,0.25,0.0,1,1,0.0,0.75,ransom_15163
9,0.125,0.0,1,2,0.0,0.875,ransom_15164
0,0.25,0.0,1,1,0.0,0.75,ransom_15165
0,0.1428571428571428,0.0,1,2,0.0,0.8571428571428571,ransom_15166
0,0.125,0.0,1,2,-0.6454972243679025,0.875,ransom_15168
0,0.25,0.0,1,1,0.0,0.75,ransom_15169
0,0.0909090909090909,0.0,1,3,-0.052631578947369,0.9090909090909092,ransom_1517
6,0.1111111111111111,0.0,1,2,-0.6546536707079772,0.8888888888888888,ransom_15171
1,0.2,0.0,1,1,-1.0,0.8,ransom_15173
0,0.2,0.0,1,1,0.0,0.8,ransom_15174
0,0.3333333333333333,0.0,1,1,0.0,0.6666666666666666,ransom_15175
0,0.2,0.0,1,1,0.0,0.8,ransom_15176
0,0.3333333333333333,0.0,1,1,0.0,0.6666666666666666,ransom_15177
0,0.25,0.0,1,1,0.0,0.75,ransom_15178
0,0.3333333333333333,0.0,1,1,0.0,0.6666666666666666,ransom_1518
1,0.3333333333333333,0.0,1,1,0.0,0.6666666666666666,ransom_15180
0,0.25,0.0,1,1,0.0,0.75,ransom_15181
0,0.2,0.0,1,1,0.0,0.8,ransom_15182
0,0.25,0.0,1,1,0.0,0.75,ransom_15184
0,0.25,0.0,1,1,0.0,0.75,ransom_15185
0,0.25,0.0,1,1,0.0,0.75,ransom_15187
1,0.25,0.0,1,1,0.0,0.75,ransom_15188
5,0.25,0.0,1,1,0.0,0.75,ransom_15190
0,0.2,0.0,1,1,-1.0,0.8,ransom_15192
0,0.125,0.0,1,2,0.0,0.875,ransom_15193
0,0.3333333333333333,0.0,1,1,0.0,0.6666666666666666,ransom_15194
0,0.1666666666666666,0.0,1,2,0.0,0.8333333333333334,ransom_15195
0,0.3333333333333333,0.0,1,1,0.0,0.6666666666666666,ransom_15196
0,0.2,0.0,1,1,0.0,0.8,ransom_15198
0,0.125,0.0,1,2,0.0,0.875,ransom_15199
3,0.0454545454545454,0.0,1,4,-0.5118810358093084,0.9545454545454546,ransom_1520
2,0.3333333333333333,0.0,1,1,0.0,0.6666666666666666,ransom_15200
0,0.25,0.0,1,1,0.0,0.75,ransom_15202
0,0.1111111111111111,0.0,1,2,-0.6546536707079772,0.8888888888888888,ransom_15203
0,0.3333333333333333,0.0,1,1,0.0,0.6666666666666666,ransom_15204
0,0.2,0.0,1,1,0.0,0.8,ransom_15205
0,0.25,0.0,1,1,0.0,0.75,ransom_15206
0,0.2,0.0,1,1,0.0,0.8,ransom_15207
9,0.1111111111111111,0.0,1,2,-0.5773502691896258,0.8888888888888888,ransom_15208
0,0.2,0.0,1,1,0.0,0.8,ransom_15209
0,0.25,0.0,1,1,0.0,0.75,ransom_1521
0,0.25,0.0,1,1,0.0,0.75,ransom_15212
0,0.25,0.0,1,1,0.0,0.75,ransom_15213
0,0.2,0.0,1,1,0.0,0.8,ransom_15214
0,0.25,0.0,1,1,0.0,0.75,ransom_15215
0,0.3333333333333333,0.0,1,1,0.0,0.6666666666666666,ransom_15216
0,0.3333333333333333,0.0,1,1,0.0,0.6666666666666666,ransom_15217
1,0.25,0.0,1,1,0.0,0.75,ransom_15218
1,0.25,0.0,1,1,0.0,0.75,ransom_15219
1,0.2,0.0,1,1,0.0,0.8,ransom_1522
6,0.25,0.0,1,1,0.0,0.75,ransom_15220
0,0.2,0.0,1,1,0.0,0.8,ransom_15221
0,0.25,0.0,1,1,0.0,0.75,ransom_15223
1,0.3333333333333333,0.0,1,1,0.0,0.6666666666666666,ransom_15224
0,0.25,0.0,1,1,0.0,0.75,ransom_15225
0,0.2,0.0,1,1,-1.0,0.8,ransom_15227
0,0.25,0.0,1,1,0.0,0.75,ransom_15228
1,0.2,0.0,1,2,0.0,0.8,ransom_15229
4,0.125,0.0,1,2,-0.4166666666666659,0.875,ransom_1523
0,0.1428571428571428,0.0,1,2,-0.250000000000001,0.8571428571428571,ransom_15230
0,0.25,0.0,1,1,0.0,0.75,ransom_15231
0,0.3333333333333333,0.0,1,1,0.0,0.6666666666666666,ransom_15232
0,0.25,0.0,1,1,0.0,0.75,ransom_15233
0,0.125,0.0,1,3,0.0,0.875,ransom_15234
2,0.25,0.0,1,1,0.0,0.75,ransom_15235
0,0.25,0.0,1,1,0.0,0.75,ransom_15236
0,0.3333333333333333,0.0,1,1,0.0,0.6666666666666666,ransom_15237
0,0.125,0.0,1,2,-0.6454972243679025,0.875,ransom_15238
0,0.2,0.0,1,1,0.0,0.8,ransom_15239
0,0.2,0.0,1,1,-1.0,0.8,ransom_15241
0,0.3333333333333333,0.0,1,1,0.0,0.6666666666666666,ransom_15242
1,0.3333333333333333,0.0,1,1,0.0,0.6666666666666666,ransom_15243
3,0.25,0.0,1,1,0.0,0.75,ransom_15244
18,0.2,0.0,1,1,0.0,0.8,ransom_15245
0,0.2,0.0,1,1,0.0,0.8,ransom_15248
0,0.25,0.0,1,1,0.0,0.75,ransom_15249
1,0.25,0.0,1,1,0.0,0.75,ransom_1525
1,0.1666666666666666,0.0,1,2,0.0,0.8333333333333334,ransom_15250
0,0.3333333333333333,0.0,1,1,0.0,0.6666666666666666,ransom_15251
0,0.25,0.0,1,1,0.0,0.75,ransom_15252
0,0.25,0.0,1,1,0.0,0.75,ransom_15253
0,0.3333333333333333,0.0,1,1,0.0,0.6666666666666666,ransom_15254
1,0.25,0.0,1,1,0.0,0.75,ransom_15256
0,0.125,0.0,1,2,0.0,0.875,ransom_15257
0,0.25,0.0,1,1,0.0,0.75,ransom_15258
1,0.3333333333333333,0.0,1,1,0.0,0.6666666666666666,ransom_15259
0,0.1666666666666666,0.0,1,2,0.1666666666666655,0.8333333333333334,ransom_1526
0,0.3333333333333333,0.0,1,1,0.0,0.6666666666666666,ransom_15260
0,0.25,0.0,1,1,0.0,0.75,ransom_15264
0,0.25,0.0,1,1,0.0,0.75,ransom_15265
0,0.1666666666666666,0.0,1,2,0.0,0.8333333333333334,ransom_15266
2,0.25,0.0,1,1,0.0,0.75,ransom_15268
0,0.3333333333333333,0.0,1,1,0.0,0.6666666666666666,ransom_15269
4,0.1428571428571428,0.0,1,2,0.0,0.8571428571428571,ransom_15270
0,0.25,0.0,1,1,0.0,0.75,ransom_15271
0,0.25,0.0,1,1,0.0,0.75,ransom_15272
0,0.1666666666666666,0.0,1,1,-0.9999999999999992,0.8333333333333334,ransom_15273
0,0.2,0.0,1,1,-1.0,0.8,ransom_15274
0,0.25,0.0,1,1,0.0,0.75,ransom_15275
0,0.1666666666666666,0.0,1,2,0.1666666666666655,0.8333333333333334,ransom_15276
0,0.2,0.0,1,1,0.0,0.8,ransom_15277
3,0.3333333333333333,0.0,1,1,0.0,0.6666666666666666,ransom_15278
1,0.1428571428571428,0.0,1,2,0.0,0.8571428571428571,ransom_15279
4,0.25,0.0,1,1,0.0,0.75,ransom_15280
0,0.25,0.0,1,1,0.0,0.75,ransom_15281
0,0.2,0.0,1,1,0.0,0.8,ransom_15282
0,0.25,0.0,1,1,0.0,0.75,ransom_15283
0,0.2,0.0,1,1,0.0,0.8,ransom_15286
0,0.25,0.0,1,1,0.0,0.75,ransom_15287
0,0.3333333333333333,0.0,1,1,0.0,0.6666666666666666,ransom_15289
0,0.1666666666666666,0.0,1,1,0.0,0.8333333333333334,ransom_1529
0,0.25,0.0,1,1,0.0,0.75,ransom_15290
0,0.25,0.0,1,1,0.0,0.75,ransom_15291
0,0.2,0.0,1,1,0.0,0.8,ransom_15292
0,0.25,0.0,1,1,0.0,0.75,ransom_15293
0,0.2,0.0,1,1,0.0,0.8,ransom_15295
0,0.25,0.0,1,1,0.0,0.75,ransom_15296
0,0.3333333333333333,0.0,1,1,0.0,0.6666666666666666,ransom_15297
0,0.1666666666666666,0.0,1,2,0.0,0.8333333333333334,ransom_15298
1,0.1,0.0,1,2,-0.8237544710479152,0.9,ransom_15299
0,0.125,0.0,1,2,-0.6454972243679025,0.875,ransom_1530
0,0.3333333333333333,0.0,1,1,0.0,0.6666666666666666,ransom_15300
0,0.3333333333333333,0.0,1,1,0.0,0.6666666666666666,ransom_15301
0,0.1666666666666666,0.0,1,2,0.0,0.8333333333333334,ransom_15302
0,0.2,0.0,1,1,0.0,0.8,ransom_15303
0,0.1666666666666666,0.0,1,1,-0.9999999999999992,0.8333333333333334,ransom_15304
1,0.0833333333333333,0.0,1,3,0.0,0.9166666666666666,ransom_15305
1,0.1,0.0,1,2,-0.8237544710479152,0.9,ransom_15306
0,0.3333333333333333,0.0,1,1,0.0,0.6666666666666666,ransom_15307
0,0.2,0.0,1,1,-1.0,0.8,ransom_15308
0,0.25,0.0,1,1,0.0,0.75,ransom_15309
0,0.1111111111111111,0.0,1,2,-0.2886751345948129,0.8888888888888888,ransom_1531
0,0.2,0.0,1,1,-1.0,0.8,ransom_15311
0,0.3333333333333333,0.0,1,1,0.0,0.6666666666666666,ransom_15312
0,0.2,0.0,1,1,-1.0,0.8,ransom_15313
0,0.3333333333333333,0.0,1,1,0.0,0.6666666666666666,ransom_15314
2,0.25,0.0,1,1,0.0,0.75,ransom_15316
0,0.25,0.0,1,1,0.0,0.75,ransom_15317
0,0.3333333333333333,0.0,1,1,0.0,0.6666666666666666,ransom_15318
0,0.3333333333333333,0.0,1,1,0.0,0.6666666666666666,ransom_15319
0,0.1111111111111111,0.0,1,2,0.0,0.8888888888888888,ransom_1532
0,0.2,0.0,1,2,0.0,0.8,ransom_15321
0,0.25,0.0,1,1,0.0,0.75,ransom_15322
1,0.25,0.0,1,1,0.0,0.75,ransom_15323
1,0.3333333333333333,0.0,1,1,0.0,0.6666666666666666,ransom_15324
0,0.3333333333333333,0.0,1,1,0.0,0.6666666666666666,ransom_15325
4,0.3333333333333333,0.0,1,1,0.0,0.6666666666666666,ransom_15326
4,0.1428571428571428,0.0,1,2,0.0,0.8571428571428571,ransom_15327
0,0.1666666666666666,0.0,1,2,0.0,0.8333333333333334,ransom_15328
0,0.1428571428571428,0.0,1,2,0.0,0.8571428571428571,ransom_15329
0,0.0833333333333333,0.0,1,2,-0.6708203932499353,0.9166666666666666,ransom_1533
0,0.25,0.0,1,1,0.0,0.75,ransom_15330
0,0.25,0.0,1,1,0.0,0.75,ransom_15331
0,0.2,0.0,1,1,-1.0,0.8,ransom_15332
0,0.25,0.0,1,1,0.0,0.75,ransom_15333
0,0.25,0.0,1,1,0.0,0.75,ransom_15334
0,0.25,0.0,1,1,0.0,0.75,ransom_15337
0,0.25,0.0,1,1,0.0,0.75,ransom_15338
1,0.125,0.0,1,2,0.0,0.875,ransom_15339
0,0.0769230769230769,0.0,1,3,0.0,0.9230769230769232,ransom_1534
0,0.2,0.0,1,1,-1.0,0.8,ransom_15340
0,0.2,0.0,1,2,0.0,0.8,ransom_15341
1,0.1666666666666666,0.0,1,2,0.1666666666666655,0.8333333333333334,ransom_15342
0,0.2,0.0,1,1,0.0,0.8,ransom_15343
0,0.3333333333333333,0.0,1,1,0.0,0.6666666666666666,ransom_15344
0,0.1428571428571428,0.0,1,2,0.0,0.8571428571428571,ransom_15345
4,0.1428571428571428,0.0,1,2,0.0,0.8571428571428571,ransom_15346
0,0.25,0.0,1,1,0.0,0.75,ransom_15348
0,0.2,0.0,1,1,-1.0,0.8,ransom_15349
0,0.0833333333333333,0.0,1,2,-0.6195991719677594,0.9166666666666666,ransom_1535
0,0.25,0.0,1,1,0.0,0.75,ransom_15350
0,0.1666666666666666,0.0,1,2,0.0,0.8333333333333334,ransom_15351
0,0.25,0.0,1,1,0.0,0.75,ransom_15352
0,0.25,0.0,1,1,0.0,0.75,ransom_15353
0,0.3333333333333333,0.0,1,1,0.0,0.6666666666666666,ransom_15354
1,0.25,0.0,1,1,0.0,0.75,ransom_15355
0,0.25,0.0,1,1,0.0,0.75,ransom_15356
0,0.25,0.0,1,1,0.0,0.75,ransom_15358
0,0.25,0.0,1,1,0.0,0.75,ransom_15360
0,0.25,0.0,1,1,0.0,0.75,ransom_15361
0,0.2,0.0,1,1,0.0,0.8,ransom_15362
0,0.3333333333333333,0.0,1,1,0.0,0.6666666666666666,ransom_15363
1,0.3333333333333333,0.0,1,1,0.0,0.6666666666666666,ransom_15365
0,0.3333333333333333,0.0,1,1,0.0,0.6666666666666666,ransom_15366
0,0.2,0.0,1,1,0.0,0.8,ransom_15367
0,0.3333333333333333,0.0,1,1,0.0,0.6666666666666666,ransom_15368
1,0.25,0.0,1,1,0.0,0.75,ransom_1537
0,0.25,0.0,1,1,0.0,0.75,ransom_15371
0,0.2,0.0,1,1,0.0,0.8,ransom_15372
0,0.2,0.0,1,1,0.0,0.8,ransom_15374
0,0.25,0.0,1,1,0.0,0.75,ransom_15375
0,0.3333333333333333,0.0,1,1,0.0,0.6666666666666666,ransom_15376
0,0.2,0.0,1,1,0.0,0.8,ransom_15377
0,0.1666666666666666,0.0,1,1,-0.9999999999999992,0.8333333333333334,ransom_15378
0,0.1111111111111111,0.0,1,3,0.0,0.8888888888888888,ransom_15379
0,0.2,0.0,1,1,0.0,0.8,ransom_15380
0,0.1666666666666666,0.0,1,2,0.0,0.8333333333333334,ransom_15382
0,0.25,0.0,1,1,0.0,0.75,ransom_15383
0,0.25,0.0,1,1,0.0,0.75,ransom_15384
1,0.25,0.0,1,1,0.0,0.75,ransom_15385
0,0.2,0.0,1,1,-1.0,0.8,ransom_15387
0,0.2,0.0,1,1,0.0,0.8,ransom_15388
0,0.3333333333333333,0.0,1,1,0.0,0.6666666666666666,ransom_15389
0,0.1666666666666666,0.0,1,1,-0.9999999999999992,0.8333333333333334,ransom_15390
0,0.25,0.0,1,1,0.0,0.75,ransom_15391
0,0.25,0.0,1,1,0.0,0.75,ransom_15392
1,0.3333333333333333,0.0,1,1,0.0,0.6666666666666666,ransom_15393
1,0.3333333333333333,0.0,1,1,0.0,0.6666666666666666,ransom_15394
0,0.25,0.0,1,1,0.0,0.75,ransom_15395
1,0.3333333333333333,0.0,1,1,0.0,0.6666666666666666,ransom_15396
0,0.25,0.0,1,1,0.0,0.75,ransom_15398
0,0.25,0.0,1,1,0.0,0.75,ransom_15399
0,0.05,0.0,1,3,-0.8107743343350275,0.95,ransom_1540
0,0.25,0.0,1,1,0.0,0.75,ransom_15400
0,0.3333333333333333,0.0,1,1,0.0,0.6666666666666666,ransom_15401
0,0.3333333333333333,0.0,1,1,0.0,0.6666666666666666,ransom_15402
0,0.3333333333333333,0.0,1,1,0.0,0.6666666666666666,ransom_15403
2,0.25,0.0,1,1,0.0,0.75,ransom_15404
0,0.2,0.0,1,1,0.0,0.8,ransom_15405
0,0.3333333333333333,0.0,1,1,0.0,0.6666666666666666,ransom_15406
0,0.25,0.0,1,1,0.0,0.75,ransom_15407
0,0.25,0.0,1,1,0.0,0.75,ransom_15408
0,0.2,0.0,1,1,-1.0,0.8,ransom_15409
0,0.2,0.0,1,1,0.0,0.8,ransom_1541
0,0.25,0.0,1,1,0.0,0.75,ransom_15410
0,0.125,0.0,1,2,0.0,0.875,ransom_15411
1,0.25,0.0,1,1,0.0,0.75,ransom_15412
1,0.3333333333333333,0.0,1,1,0.0,0.6666666666666666,ransom_15413
0,0.25,0.0,1,1,0.0,0.75,ransom_15414
0,0.25,0.0,1,1,0.0,0.75,ransom_15415
0,0.2,0.0,1,1,-1.0,0.8,ransom_15416
0,0.25,0.0,1,1,0.0,0.75,ransom_15417
0,0.3333333333333333,0.0,1,1,0.0,0.6666666666666666,ransom_15418
0,0.3333333333333333,0.0,1,1,0.0,0.6666666666666666,ransom_15419
0,0.25,0.0,1,1,0.0,0.75,ransom_1542
0,0.25,0.0,1,1,0.0,0.75,ransom_15420
1,0.0909090909090909,0.0,1,3,-0.2500000000000005,0.9090909090909092,ransom_15422
0,0.125,0.0,1,2,0.0,0.875,ransom_15423
0,0.25,0.0,1,1,0.0,0.75,ransom_15424
0,0.25,0.0,1,1,0.0,0.75,ransom_15425
0,0.2,0.0,1,1,0.0,0.8,ransom_15426
0,0.25,0.0,1,1,0.0,0.75,ransom_15427
0,0.1666666666666666,0.0,1,2,0.0,0.8333333333333334,ransom_15428
0,0.25,0.0,1,1,0.0,0.75,ransom_1543
0,0.2,0.0,1,1,-1.0,0.8,ransom_15430
0,0.1428571428571428,0.0,1,2,-0.250000000000001,0.8571428571428571,ransom_15431
0,0.25,0.0,1,1,0.0,0.75,ransom_15432
0,0.2,0.0,1,1,0.0,0.8,ransom_15434
2,0.2,0.0,1,1,-1.0,0.8,ransom_15435
0,0.25,0.0,1,1,0.0,0.75,ransom_15438
2,0.2,0.0,1,1,-1.0,0.8,ransom_15439
0,0.3333333333333333,0.0,1,1,0.0,0.6666666666666666,ransom_1544
0,0.1428571428571428,0.0,1,2,-0.250000000000001,0.8571428571428571,ransom_15440
1,0.3333333333333333,0.0,1,1,0.0,0.6666666666666666,ransom_15442
0,0.25,0.0,1,1,0.0,0.75,ransom_15443
0,0.25,0.0,1,1,0.0,0.75,ransom_15444
0,0.2,0.0,1,1,0.0,0.8,ransom_15445
0,0.25,0.0,1,1,0.0,0.75,ransom_15447
1,0.3333333333333333,0.0,1,1,0.0,0.6666666666666666,ransom_15448
0,0.1666666666666666,0.0,1,2,0.0,0.8333333333333334,ransom_1545
0,0.25,0.0,1,1,0.0,0.75,ransom_15450
0,0.25,0.0,1,1,0.0,0.75,ransom_15451
0,0.3333333333333333,0.0,1,1,0.0,0.6666666666666666,ransom_15452
0,0.25,0.0,1,1,0.0,0.75,ransom_15453
0,0.2,0.0,1,1,-1.0,0.8,ransom_15456
0,0.25,0.0,1,1,0.0,0.75,ransom_15459
0,0.25,0.0,1,1,0.0,0.75,ransom_15461
0,0.125,0.0,1,2,0.0,0.875,ransom_15462
1,0.1428571428571428,0.0,1,2,0.0,0.8571428571428571,ransom_15466
0,0.3333333333333333,0.0,1,1,0.0,0.6666666666666666,ransom_15467
2,0.2,0.0,1,1,0.0,0.8,ransom_15469
2,0.25,0.0,1,1,0.0,0.75,ransom_15470
0,0.2,0.0,1,1,0.0,0.8,ransom_15471
0,0.25,0.0,1,1,0.0,0.75,ransom_15472
0,0.25,0.0,1,1,0.0,0.75,ransom_15473
0,0.25,0.0,1,1,0.0,0.75,ransom_15474
0,0.25,0.0,1,1,0.0,0.75,ransom_15475
0,0.2,0.0,1,1,0.0,0.8,ransom_15476
1,0.3333333333333333,0.0,1,1,0.0,0.6666666666666666,ransom_15477
0,0.25,0.0,1,1,0.0,0.75,ransom_15478
0,0.25,0.0,1,1,0.0,0.75,ransom_15479
0,0.2,0.0,1,1,0.0,0.8,ransom_15480
1,0.25,0.0,1,1,0.0,0.75,ransom_15482
0,0.25,0.0,1,1,0.0,0.75,ransom_15484
0,0.3333333333333333,0.0,1,1,0.0,0.6666666666666666,ransom_15485
1,0.25,0.0,1,1,0.0,0.75,ransom_15486
0,0.25,0.0,1,1,0.0,0.75,ransom_15487
0,0.3333333333333333,0.0,1,1,0.0,0.6666666666666666,ransom_15488
0,0.3333333333333333,0.0,1,1,0.0,0.6666666666666666,ransom_15489
0,0.25,0.0,1,1,0.0,0.75,ransom_1549
0,0.25,0.0,1,1,0.0,0.75,ransom_15490
0,0.2,0.0,1,1,0.0,0.8,ransom_15491
0,0.25,0.0,1,1,0.0,0.75,ransom_15492
0,0.25,0.0,1,1,0.0,0.75,ransom_15493
0,0.2,0.0,1,1,0.0,0.8,ransom_15494
1,0.3333333333333333,0.0,1,1,0.0,0.6666666666666666,ransom_15495
0,0.1428571428571428,0.0,1,2,-0.250000000000001,0.8571428571428571,ransom_15497
0,0.25,0.0,1,1,0.0,0.75,ransom_15498
0,0.25,0.0,1,1,0.0,0.75,ransom_15499
0,0.2,0.0,1,1,0.0,0.8,ransom_1550
0,0.2,0.0,1,1,0.0,0.8,ransom_15500
1,0.2,0.0,1,1,0.0,0.8,ransom_15501
1,0.2,0.0,1,1,0.0,0.8,ransom_15503
0,0.2,0.0,1,1,-1.0,0.8,ransom_15504
2,0.25,0.0,1,1,0.0,0.75,ransom_15505
0,0.25,0.0,1,1,0.0,0.75,ransom_15506
0,0.25,0.0,1,1,0.0,0.75,ransom_15508
0,0.3333333333333333,0.0,1,1,0.0,0.6666666666666666,ransom_1551
0,0.2,0.0,1,1,0.0,0.8,ransom_15510
0,0.2,0.0,1,1,-1.0,0.8,ransom_15512
0,0.2,0.0,1,2,0.0,0.8,ransom_15514
0,0.2,0.0,1,1,-1.0,0.8,ransom_15515
0,0.1428571428571428,0.0,1,2,0.0,0.8571428571428571,ransom_15516
0,0.2,0.0,1,1,-1.0,0.8,ransom_15517
4,0.3333333333333333,0.0,1,1,0.0,0.6666666666666666,ransom_15519
0,0.0909090909090909,0.0,1,2,-0.790569415042095,0.9090909090909092,ransom_1552
0,0.2,0.0,1,1,0.0,0.8,ransom_15520
0,0.1666666666666666,0.0,1,1,-0.9999999999999992,0.8333333333333334,ransom_15521
1,0.3333333333333333,0.0,1,1,0.0,0.6666666666666666,ransom_15522
2,0.25,0.0,1,1,0.0,0.75,ransom_15523
0,0.25,0.0,1,1,0.0,0.75,ransom_15524
0,0.25,0.0,1,1,0.0,0.75,ransom_15525
0,0.2,0.0,1,1,0.0,0.8,ransom_15526
1,0.3333333333333333,0.0,1,1,0.0,0.6666666666666666,ransom_15527
14,0.1666666666666666,0.0,1,2,0.0,0.8333333333333334,ransom_15528
0,0.1111111111111111,0.0,1,2,-0.6546536707079772,0.8888888888888888,ransom_15529
0,0.2,0.0,1,1,0.0,0.8,ransom_1553
0,0.25,0.0,1,1,0.0,0.75,ransom_15532
0,0.1666666666666666,0.0,1,1,-0.9999999999999992,0.8333333333333334,ransom_15533
1,0.1428571428571428,0.0,1,2,0.0,0.8571428571428571,ransom_15534
0,0.25,0.0,1,1,0.0,0.75,ransom_15536
1,0.2,0.0,1,1,0.0,0.8,ransom_15537
0,0.25,0.0,1,1,0.0,0.75,ransom_15538
0,0.2,0.0,1,1,0.0,0.8,ransom_15539
0,0.1111111111111111,0.0,1,1,0.0,0.8888888888888888,ransom_1554
0,0.25,0.0,1,1,0.0,0.75,ransom_15541
1,0.1428571428571428,0.0,1,2,0.0,0.8571428571428571,ransom_15544
0,0.3333333333333333,0.0,1,1,0.0,0.6666666666666666,ransom_15546
1,0.25,0.0,1,1,0.0,0.75,ransom_15547
0,0.2,0.0,1,1,0.0,0.8,ransom_15549
0,0.0833333333333333,0.0,1,1,-0.9999999999999998,0.9166666666666666,ransom_1555
0,0.25,0.0,1,1,0.0,0.75,ransom_15550
0,0.2,0.0,1,1,0.0,0.8,ransom_15551
0,0.3333333333333333,0.0,1,1,0.0,0.6666666666666666,ransom_15552
3,0.3333333333333333,0.0,1,1,0.0,0.6666666666666666,ransom_15553
0,0.25,0.0,1,1,0.0,0.75,ransom_15554
0,0.2,0.0,1,1,0.0,0.8,ransom_15555
0,0.2,0.0,1,1,0.0,0.8,ransom_15556
0,0.25,0.0,1,1,0.0,0.75,ransom_15557
0,0.2,0.0,1,1,0.0,0.8,ransom_15558
1,0.3333333333333333,0.0,1,1,0.0,0.6666666666666666,ransom_15560
0,0.3333333333333333,0.0,1,1,0.0,0.6666666666666666,ransom_15562
0,0.2,0.0,1,1,0.0,0.8,ransom_15563
0,0.25,0.0,1,1,0.0,0.75,ransom_15564
0,0.25,0.0,1,1,0.0,0.75,ransom_15568
0,0.2,0.0,1,1,0.0,0.8,ransom_15569
0,0.125,0.0,1,2,-0.0912870929175285,0.875,ransom_1557
0,0.3333333333333333,0.0,1,1,0.0,0.6666666666666666,ransom_15570
11,0.25,0.0,1,1,0.0,0.75,ransom_15572
1,0.2,0.0,1,1,0.0,0.8,ransom_15573
2,0.3333333333333333,0.0,1,1,0.0,0.6666666666666666,ransom_15574
0,0.25,0.0,1,1,0.0,0.75,ransom_15575
0,0.3333333333333333,0.0,1,1,0.0,0.6666666666666666,ransom_15577
0,0.25,0.0,1,1,0.0,0.75,ransom_15578
0,0.25,0.0,1,1,0.0,0.75,ransom_15579
0,0.3333333333333333,0.0,1,1,0.0,0.6666666666666666,ransom_15580
0,0.25,0.0,1,1,0.0,0.75,ransom_15581
0,0.25,0.0,1,1,0.0,0.75,ransom_15582
1,0.125,0.0,1,2,0.0,0.875,ransom_15583
0,0.25,0.0,1,1,0.0,0.75,ransom_15584
0,0.2,0.0,1,1,0.0,0.8,ransom_15585
0,0.2,0.0,1,1,0.0,0.8,ransom_15586
0,0.2,0.0,1,1,-1.0,0.8,ransom_15587
0,0.3333333333333333,0.0,1,1,0.0,0.6666666666666666,ransom_15588
0,0.2,0.0,1,1,0.0,0.8,ransom_15589
1,0.0833333333333333,0.0,1,2,-0.6708203932499353,0.9166666666666666,ransom_1559
1,0.25,0.0,1,1,0.0,0.75,ransom_15590
0,0.25,0.0,1,1,0.0,0.75,ransom_15591
0,0.2,0.0,1,1,0.0,0.8,ransom_15593
7,0.2,0.0,1,1,0.0,0.8,ransom_15594
1,0.25,0.0,1,1,0.0,0.75,ransom_15598
0,0.25,0.0,1,1,0.0,0.75,ransom_15599
1,0.0769230769230769,0.0,1,3,0.0,0.9230769230769232,ransom_1560
0,0.3333333333333333,0.0,1,1,0.0,0.6666666666666666,ransom_15602
0,0.1428571428571428,0.0,1,2,0.0,0.8571428571428571,ransom_15603
0,0.3333333333333333,0.0,1,1,0.0,0.6666666666666666,ransom_15604
0,0.3333333333333333,0.0,1,1,0.0,0.6666666666666666,ransom_15608
1,0.25,0.0,1,1,0.0,0.75,ransom_15609
0,0.1666666666666666,0.0,1,2,0.0,0.8333333333333334,ransom_15610
1,0.3333333333333333,0.0,1,1,0.0,0.6666666666666666,ransom_15611
1,0.25,0.0,1,1,0.0,0.75,ransom_15612
1,0.2,0.0,1,1,-1.0,0.8,ransom_15613
0,0.3333333333333333,0.0,1,1,0.0,0.6666666666666666,ransom_15615
0,0.25,0.0,1,1,0.0,0.75,ransom_15617
0,0.25,0.0,1,1,0.0,0.75,ransom_15619
0,0.1428571428571428,0.0,1,1,-1.0000000000000002,0.8571428571428571,ransom_1562
0,0.25,0.0,1,1,0.0,0.75,ransom_15620
0,0.3333333333333333,0.0,1,1,0.0,0.6666666666666666,ransom_15622
3,0.1428571428571428,0.0,1,2,0.0,0.8571428571428571,ransom_15623
0,0.25,0.0,1,1,0.0,0.75,ransom_15625
3,0.2,0.0,1,1,0.0,0.8,ransom_15626
0,0.1428571428571428,0.0,1,2,0.0,0.8571428571428571,ransom_15627
0,0.2,0.0,1,1,0.0,0.8,ransom_15629
0,0.1428571428571428,0.0,1,2,0.0,0.8571428571428571,ransom_1563
1,0.25,0.0,1,1,0.0,0.75,ransom_15631
0,0.2,0.0,1,1,-1.0,0.8,ransom_15632
0,0.2,0.0,1,1,0.0,0.8,ransom_15633
5,0.2,0.0,1,1,0.0,0.8,ransom_15634
0,0.25,0.0,1,1,0.0,0.75,ransom_15635
0,0.3333333333333333,0.0,1,1,0.0,0.6666666666666666,ransom_15636
0,0.2,0.0,1,1,0.0,0.8,ransom_15637
0,0.25,0.0,1,1,0.0,0.75,ransom_15638
0,0.3333333333333333,0.0,1,1,0.0,0.6666666666666666,ransom_15639
0,0.1,0.0,1,2,0.0,0.9,ransom_1564
0,0.25,0.0,1,1,0.0,0.75,ransom_15640
0,0.25,0.0,1,1,0.0,0.75,ransom_15641
0,0.1666666666666666,0.0,1,1,-0.9999999999999992,0.8333333333333334,ransom_15642
0,0.2,0.0,1,1,0.0,0.8,ransom_15643
0,0.125,0.0,1,2,0.0,0.875,ransom_15644
0,0.3333333333333333,0.0,1,1,0.0,0.6666666666666666,ransom_15645
0,0.25,0.0,1,1,0.0,0.75,ransom_15646
1,0.3333333333333333,0.0,1,1,0.0,0.6666666666666666,ransom_15647
0,0.25,0.0,1,1,0.0,0.75,ransom_15648
0,0.25,0.0,1,1,0.0,0.75,ransom_15649
0,0.3333333333333333,0.0,1,1,0.0,0.6666666666666666,ransom_1565
0,0.25,0.0,1,1,0.0,0.75,ransom_15650
0,0.2,0.0,1,1,0.0,0.8,ransom_15651
0,0.2,0.0,1,1,0.0,0.8,ransom_15652
3,0.3333333333333333,0.0,1,1,0.0,0.6666666666666666,ransom_15653
0,0.3333333333333333,0.0,1,1,0.0,0.6666666666666666,ransom_15654
0,0.25,0.0,1,1,0.0,0.75,ransom_15655
0,0.2,0.0,1,1,-1.0,0.8,ransom_15656
0,0.25,0.0,1,1,0.0,0.75,ransom_15657
0,0.25,0.0,1,1,0.0,0.75,ransom_15658
0,0.3333333333333333,0.0,1,1,0.0,0.6666666666666666,ransom_15659
0,0.25,0.0,1,1,0.0,0.75,ransom_1566
0,0.25,0.0,1,1,0.0,0.75,ransom_15662
2,0.3333333333333333,0.0,1,1,0.0,0.6666666666666666,ransom_15663
0,0.25,0.0,1,1,0.0,0.75,ransom_15665
0,0.3333333333333333,0.0,1,1,0.0,0.6666666666666666,ransom_15667
0,0.3333333333333333,0.0,1,1,0.0,0.6666666666666666,ransom_15668
0,0.2,0.0,1,1,-1.0,0.8,ransom_15669
0,0.2,0.0,1,1,0.0,0.8,ransom_1567
0,0.25,0.0,1,1,0.0,0.75,ransom_15670
0,0.1666666666666666,0.0,1,1,-0.9999999999999992,0.8333333333333334,ransom_15671
0,0.1666666666666666,0.0,1,1,-0.9999999999999992,0.8333333333333334,ransom_15673
0,0.3333333333333333,0.0,1,1,0.0,0.6666666666666666,ransom_15675
0,0.3333333333333333,0.0,1,1,0.0,0.6666666666666666,ransom_15676
0,0.25,0.0,1,1,0.0,0.75,ransom_15677
0,0.25,0.0,1,1,0.0,0.75,ransom_15678
0,0.25,0.0,1,1,0.0,0.75,ransom_15679
0,0.1,0.0,1,2,0.0,0.9,ransom_1568
0,0.2,0.0,1,1,-1.0,0.8,ransom_15680
0,0.25,0.0,1,1,0.0,0.75,ransom_15681
0,0.2,0.0,1,1,0.0,0.8,ransom_15682
0,0.25,0.0,1,1,0.0,0.75,ransom_15683
0,0.25,0.0,1,1,0.0,0.75,ransom_15684
0,0.1666666666666666,0.0,1,1,-0.9999999999999992,0.8333333333333334,ransom_15685
6,0.25,0.0,1,1,0.0,0.75,ransom_15686
0,0.25,0.0,1,1,0.0,0.75,ransom_15687
0,0.3333333333333333,0.0,1,1,0.0,0.6666666666666666,ransom_15688
0,0.125,0.0,1,2,0.0,0.875,ransom_15689
1,0.0909090909090909,0.0,1,2,0.0,0.9090909090909092,ransom_1569
0,0.125,0.0,1,2,0.0,0.875,ransom_15690
2,0.25,0.0,1,1,0.0,0.75,ransom_15691
0,0.125,0.0,1,2,-0.4880935300919782,0.875,ransom_15692
0,0.3333333333333333,0.0,1,1,0.0,0.6666666666666666,ransom_15693
0,0.2,0.0,1,1,0.0,0.8,ransom_15694
0,0.25,0.0,1,1,0.0,0.75,ransom_15696
0,0.3333333333333333,0.0,1,1,0.0,0.6666666666666666,ransom_15698
0,0.25,0.0,1,1,0.0,0.75,ransom_15699
1,0.2,0.0,1,1,0.0,0.8,ransom_15700
0,0.3333333333333333,0.0,1,1,0.0,0.6666666666666666,ransom_15701
0,0.25,0.0,1,1,0.0,0.75,ransom_15702
12,0.25,0.0,1,1,0.0,0.75,ransom_15703
0,0.3333333333333333,0.0,1,1,0.0,0.6666666666666666,ransom_15704
1,0.25,0.0,1,1,0.0,0.75,ransom_15705
2,0.3333333333333333,0.0,1,1,0.0,0.6666666666666666,ransom_15706
0,0.25,0.0,1,1,0.0,0.75,ransom_15707
0,0.2,0.0,1,1,-1.0,0.8,ransom_15708
0,0.2,0.0,1,1,0.0,0.8,ransom_15709
0,0.0714285714285714,0.0,1,3,-0.486172434804399,0.9285714285714286,ransom_1571
0,0.25,0.0,1,1,0.0,0.75,ransom_15710
1,0.3333333333333333,0.0,1,1,0.0,0.6666666666666666,ransom_15711
4,0.3333333333333333,0.0,1,1,0.0,0.6666666666666666,ransom_15712
0,0.3333333333333333,0.0,1,1,0.0,0.6666666666666666,ransom_15713
0,0.25,0.0,1,1,0.0,0.75,ransom_15715
0,0.25,0.0,1,1,0.0,0.75,ransom_15717
0,0.25,0.0,1,1,0.0,0.75,ransom_15718
0,0.3333333333333333,0.0,1,1,0.0,0.6666666666666666,ransom_15719
4,0.25,0.0,1,1,0.0,0.75,ransom_15720
0,0.2,0.0,1,1,0.0,0.8,ransom_15721
0,0.1428571428571428,0.0,1,2,0.0,0.8571428571428571,ransom_15724
0,0.25,0.0,1,1,0.0,0.75,ransom_15725
2,0.125,0.0,1,2,0.0,0.875,ransom_15726
0,0.25,0.0,1,1,0.0,0.75,ransom_15727
0,0.25,0.0,1,1,0.0,0.75,ransom_15728
0,0.25,0.0,1,1,0.0,0.75,ransom_15729
0,0.3333333333333333,0.0,1,1,0.0,0.6666666666666666,ransom_1573
0,0.25,0.0,1,1,0.0,0.75,ransom_15730
0,0.3333333333333333,0.0,1,1,0.0,0.6666666666666666,ransom_15731
0,0.3333333333333333,0.0,1,1,0.0,0.6666666666666666,ransom_15732
1,0.25,0.0,1,1,0.0,0.75,ransom_15733
0,0.2,0.0,1,1,0.0,0.8,ransom_15734
0,0.1666666666666666,0.0,1,2,0.0,0.8333333333333334,ransom_15735
1,0.25,0.0,1,1,0.0,0.75,ransom_15736
0,0.2,0.0,1,1,-1.0,0.8,ransom_15737
0,0.1666666666666666,0.0,1,1,-0.9999999999999992,0.8333333333333334,ransom_1574
0,0.3333333333333333,0.0,1,1,0.0,0.6666666666666666,ransom_15741
0,0.25,0.0,1,1,0.0,0.75,ransom_15742
0,0.3333333333333333,0.0,1,1,0.0,0.6666666666666666,ransom_15743
0,0.3333333333333333,0.0,1,1,0.0,0.6666666666666666,ransom_15744
0,0.3333333333333333,0.0,1,1,0.0,0.6666666666666666,ransom_15745
3,0.1666666666666666,0.0,1,1,-0.9999999999999992,0.8333333333333334,ransom_15746
0,0.25,0.0,1,1,0.0,0.75,ransom_15748
0,0.2,0.0,1,1,0.0,0.8,ransom_15749
0,0.3333333333333333,0.0,1,1,0.0,0.6666666666666666,ransom_1575
0,0.2,0.0,1,1,0.0,0.8,ransom_15750
0,0.125,0.0,1,2,0.0,0.875,ransom_15751
4,0.25,0.0,1,1,0.0,0.75,ransom_15753
2,0.3333333333333333,0.0,1,1,0.0,0.6666666666666666,ransom_15755
0,0.25,0.0,1,1,0.0,0.75,ransom_15756
1,0.2,0.0,1,1,0.0,0.8,ransom_15757
0,0.2,0.0,1,1,0.0,0.8,ransom_15758
0,0.2,0.0,1,1,0.0,0.8,ransom_15759
1,0.125,0.0,1,1,-0.9999999999999994,0.875,ransom_1576
0,0.25,0.0,1,1,0.0,0.75,ransom_15760
2,0.25,0.0,1,1,0.0,0.75,ransom_15761
0,0.3333333333333333,0.0,1,1,0.0,0.6666666666666666,ransom_15762
0,0.25,0.0,1,1,0.0,0.75,ransom_15763
0,0.3333333333333333,0.0,1,1,0.0,0.6666666666666666,ransom_15765
0,0.2,0.0,1,1,0.0,0.8,ransom_15766
0,0.25,0.0,1,1,0.0,0.75,ransom_15767
0,0.3333333333333333,0.0,1,1,0.0,0.6666666666666666,ransom_15768
1,0.0714285714285714,0.0,1,3,-0.5063160398440772,0.9285714285714286,ransom_1577
0,0.25,0.0,1,1,0.0,0.75,ransom_15770
0,0.25,0.0,1,1,0.0,0.75,ransom_15771
0,0.25,0.0,1,1,0.0,0.75,ransom_15772
1,0.2,0.0,1,1,0.0,0.8,ransom_15773
0,0.3333333333333333,0.0,1,1,0.0,0.6666666666666666,ransom_15775
3,0.2,0.0,1,2,0.0,0.8,ransom_15777
0,0.25,0.0,1,1,0.0,0.75,ransom_15779
0,0.1,0.0,1,2,-0.6531561093841249,0.9,ransom_1578
1,0.25,0.0,1,1,0.0,0.75,ransom_15781
0,0.3333333333333333,0.0,1,1,0.0,0.6666666666666666,ransom_15782
0,0.25,0.0,1,1,0.0,0.75,ransom_15783
0,0.25,0.0,1,1,0.0,0.75,ransom_15784
0,0.25,0.0,1,1,0.0,0.75,ransom_15785
0,0.25,0.0,1,1,0.0,0.75,ransom_15786
0,0.3333333333333333,0.0,1,1,0.0,0.6666666666666666,ransom_15787
0,0.125,0.0,1,2,-0.4880935300919782,0.875,ransom_15788
1,0.1428571428571428,0.0,1,2,-0.250000000000001,0.8571428571428571,ransom_15789
0,0.25,0.0,1,1,0.0,0.75,ransom_15790
2,0.25,0.0,1,1,0.0,0.75,ransom_15791
1,0.3333333333333333,0.0,1,1,0.0,0.6666666666666666,ransom_15792
0,0.1666666666666666,0.0,1,1,-0.9999999999999992,0.8333333333333334,ransom_15793
0,0.25,0.0,1,1,0.0,0.75,ransom_15796
3,0.3333333333333333,0.0,1,1,0.0,0.6666666666666666,ransom_15797
0,0.3333333333333333,0.0,1,1,0.0,0.6666666666666666,ransom_15798
0,0.2,0.0,1,1,0.0,0.8,ransom_1580
3,0.3333333333333333,0.0,1,1,0.0,0.6666666666666666,ransom_15801
0,0.25,0.0,1,1,0.0,0.75,ransom_15802
0,0.25,0.0,1,1,0.0,0.75,ransom_15803
0,0.2,0.0,1,1,-1.0,0.8,ransom_15804
0,0.3333333333333333,0.0,1,1,0.0,0.6666666666666666,ransom_15805
2,0.2,0.0,1,1,0.0,0.8,ransom_15806
0,0.3333333333333333,0.0,1,1,0.0,0.6666666666666666,ransom_15807
0,0.25,0.0,1,1,0.0,0.75,ransom_15808
0,0.25,0.0,1,1,0.0,0.75,ransom_15809
0,0.1428571428571428,0.0,1,1,-1.0,0.8571428571428571,ransom_1581
0,0.2,0.0,1,1,0.0,0.8,ransom_15810
0,0.3333333333333333,0.0,1,1,0.0,0.6666666666666666,ransom_15811
0,0.2,0.0,1,1,0.0,0.8,ransom_15812
0,0.2,0.0,1,1,0.0,0.8,ransom_15815
0,0.2,0.0,1,1,0.0,0.8,ransom_15818
1,0.2,0.0,1,1,0.0,0.8,ransom_15819
0,0.2,0.0,1,1,0.0,0.8,ransom_1582
0,0.25,0.0,1,1,0.0,0.75,ransom_15820
0,0.2,0.0,1,1,0.0,0.8,ransom_15821
0,0.2,0.0,1,1,0.0,0.8,ransom_15822
0,0.3333333333333333,0.0,1,1,0.0,0.6666666666666666,ransom_15823
0,0.2,0.0,1,1,0.0,0.8,ransom_15824
0,0.3333333333333333,0.0,1,1,0.0,0.6666666666666666,ransom_15825
0,0.25,0.0,1,1,0.0,0.75,ransom_15826
0,0.3333333333333333,0.0,1,1,0.0,0.6666666666666666,ransom_15827
1,0.2,0.0,1,1,-1.0,0.8,ransom_15828
2,0.25,0.0,1,1,0.0,0.75,ransom_15829
0,0.0833333333333333,0.0,1,3,-0.3268602252303066,0.9166666666666666,ransom_1583
0,0.25,0.0,1,1,0.0,0.75,ransom_15830
0,0.3333333333333333,0.0,1,1,0.0,0.6666666666666666,ransom_15831
0,0.3333333333333333,0.0,1,1,0.0,0.6666666666666666,ransom_15833
0,0.3333333333333333,0.0,1,1,0.0,0.6666666666666666,ransom_15834
0,0.2,0.0,1,1,0.0,0.8,ransom_15836
0,0.25,0.0,1,1,0.0,0.75,ransom_15837
0,0.2,0.0,1,1,0.0,0.8,ransom_15839
0,0.3333333333333333,0.0,1,1,0.0,0.6666666666666666,ransom_15841
0,0.2,0.0,1,1,0.0,0.8,ransom_15844
0,0.25,0.0,1,1,0.0,0.75,ransom_15847
0,0.3333333333333333,0.0,1,1,0.0,0.6666666666666666,ransom_15849
0,0.04,0.0,1,5,-0.2335496832484556,0.96,ransom_1585
0,0.25,0.0,1,1,0.0,0.75,ransom_15850
0,0.25,0.0,1,1,0.0,0.75,ransom_15851
0,0.3333333333333333,0.0,1,1,0.0,0.6666666666666666,ransom_15853
0,0.2,0.0,1,1,-1.0,0.8,ransom_15854
1,0.3333333333333333,0.0,1,1,0.0,0.6666666666666666,ransom_15855
0,0.25,0.0,1,1,0.0,0.75,ransom_15856
0,0.3333333333333333,0.0,1,1,0.0,0.6666666666666666,ransom_15857
0,0.1666666666666666,0.0,1,1,-0.9999999999999992,0.8333333333333334,ransom_15858
0,0.25,0.0,1,1,0.0,0.75,ransom_15859
0,0.04,0.0,1,5,-0.3162277660168364,0.96,ransom_1586
0,0.25,0.0,1,1,0.0,0.75,ransom_15861
0,0.125,0.0,1,2,0.0,0.875,ransom_15862
0,0.2,0.0,1,1,0.0,0.8,ransom_15863
0,0.25,0.0,1,1,0.0,0.75,ransom_15864
0,0.3333333333333333,0.0,1,1,0.0,0.6666666666666666,ransom_15866
0,0.25,0.0,1,1,0.0,0.75,ransom_15867
0,0.3333333333333333,0.0,1,1,0.0,0.6666666666666666,ransom_15868
3,0.2,0.0,1,1,0.0,0.8,ransom_15869
0,0.125,0.0,1,1,-0.9999999999999996,0.875,ransom_1587
0,0.25,0.0,1,1,0.0,0.75,ransom_15870
0,0.3333333333333333,0.0,1,1,0.0,0.6666666666666666,ransom_15871
0,0.3333333333333333,0.0,1,1,0.0,0.6666666666666666,ransom_15872
0,0.2,0.0,1,1,0.0,0.8,ransom_15873
0,0.25,0.0,1,1,0.0,0.75,ransom_15876
0,0.25,0.0,1,1,0.0,0.75,ransom_15877
0,0.3333333333333333,0.0,1,1,0.0,0.6666666666666666,ransom_15878
0,0.25,0.0,1,1,0.0,0.75,ransom_15879
0,0.2,0.0,1,1,0.0,0.8,ransom_1588
0,0.3333333333333333,0.0,1,1,0.0,0.6666666666666666,ransom_15881
0,0.3333333333333333,0.0,1,1,0.0,0.6666666666666666,ransom_15883
0,0.25,0.0,1,1,0.0,0.75,ransom_15884
0,0.3333333333333333,0.0,1,1,0.0,0.6666666666666666,ransom_15886
0,0.25,0.0,1,1,0.0,0.75,ransom_15887
0,0.25,0.0,1,1,0.0,0.75,ransom_15888
0,0.25,0.0,1,1,0.0,0.75,ransom_15889
4,0.0833333333333333,0.0,1,4,0.0,0.9166666666666666,ransom_1589
0,0.3333333333333333,0.0,1,1,0.0,0.6666666666666666,ransom_15890
0,0.2,0.0,1,1,0.0,0.8,ransom_15892
0,0.25,0.0,1,1,0.0,0.75,ransom_15893
0,0.3333333333333333,0.0,1,1,0.0,0.6666666666666666,ransom_15894
0,0.2,0.0,1,1,0.0,0.8,ransom_15895
0,0.2,0.0,1,1,0.0,0.8,ransom_15896
0,0.25,0.0,1,1,0.0,0.75,ransom_15897
0,0.25,0.0,1,1,0.0,0.75,ransom_15898
0,0.1666666666666666,0.0,1,1,-0.9999999999999992,0.8333333333333334,ransom_15899
0,0.0909090909090909,0.0,1,3,0.0,0.9090909090909092,ransom_1590
0,0.3333333333333333,0.0,1,1,0.0,0.6666666666666666,ransom_15902
0,0.25,0.0,1,1,0.0,0.75,ransom_15903
1,0.2,0.0,1,1,-1.0,0.8,ransom_15904
0,0.3333333333333333,0.0,1,1,0.0,0.6666666666666666,ransom_15905
1,0.25,0.0,1,1,0.0,0.75,ransom_15906
0,0.25,0.0,1,1,0.0,0.75,ransom_15907
0,0.25,0.0,1,1,0.0,0.75,ransom_15908
0,0.25,0.0,1,1,0.0,0.75,ransom_15909
1,0.0833333333333333,0.0,1,2,0.0,0.9166666666666666,ransom_1591
2,0.3333333333333333,0.0,1,1,0.0,0.6666666666666666,ransom_15910
0,0.25,0.0,1,1,0.0,0.75,ransom_15911
0,0.1428571428571428,0.0,1,2,0.0,0.8571428571428571,ransom_15912
0,0.3333333333333333,0.0,1,1,0.0,0.6666666666666666,ransom_15914
0,0.2,0.0,1,1,0.0,0.8,ransom_15915
0,0.3333333333333333,0.0,1,1,0.0,0.6666666666666666,ransom_15916
0,0.2,0.0,1,1,0.0,0.8,ransom_15917
0,0.2,0.0,1,1,-1.0,0.8,ransom_15918
0,0.25,0.0,1,1,0.0,0.75,ransom_15919
1,0.2,0.0,1,1,0.0,0.8,ransom_1592
0,0.1428571428571428,0.0,1,2,0.0,0.8571428571428571,ransom_15920
0,0.3333333333333333,0.0,1,1,0.0,0.6666666666666666,ransom_15921
0,0.25,0.0,1,1,0.0,0.75,ransom_15922
0,0.2,0.0,1,1,0.0,0.8,ransom_15923
0,0.2,0.0,1,1,0.0,0.8,ransom_15924
5,0.2,0.0,1,1,-1.0,0.8,ransom_15925
1,0.3333333333333333,0.0,1,1,0.0,0.6666666666666666,ransom_15926
0,0.3333333333333333,0.0,1,1,0.0,0.6666666666666666,ransom_15928
0,0.1666666666666666,0.0,1,1,0.0,0.8333333333333334,ransom_1593
0,0.3333333333333333,0.0,1,1,0.0,0.6666666666666666,ransom_15930
0,0.25,0.0,1,1,0.0,0.75,ransom_15931
0,0.2,0.0,1,1,0.0,0.8,ransom_15932
0,0.2,0.0,1,1,0.0,0.8,ransom_15933
0,0.2,0.0,1,1,0.0,0.8,ransom_15935
1,0.25,0.0,1,1,0.0,0.75,ransom_15936
0,0.25,0.0,1,1,0.0,0.75,ransom_15937
0,0.25,0.0,1,1,0.0,0.75,ransom_15939
0,0.1666666666666666,0.0,1,2,0.0,0.8333333333333334,ransom_1594
0,0.2,0.0,1,1,-1.0,0.8,ransom_15940
0,0.25,0.0,1,1,0.0,0.75,ransom_15941
0,0.2,0.0,1,1,0.0,0.8,ransom_15942
0,0.25,0.0,1,1,0.0,0.75,ransom_15944
0,0.25,0.0,1,1,0.0,0.75,ransom_15945
0,0.3333333333333333,0.0,1,1,0.0,0.6666666666666666,ransom_15946
0,0.25,0.0,1,1,0.0,0.75,ransom_15947
0,0.25,0.0,1,1,0.0,0.75,ransom_15948
0,0.25,0.0,1,1,0.0,0.75,ransom_15949
0,0.25,0.0,1,1,0.0,0.75,ransom_15950
0,0.25,0.0,1,1,0.0,0.75,ransom_15951
0,0.3333333333333333,0.0,1,1,0.0,0.6666666666666666,ransom_15954
0,0.25,0.0,1,1,0.0,0.75,ransom_15955
0,0.25,0.0,1,1,0.0,0.75,ransom_15956
2,0.25,0.0,1,1,0.0,0.75,ransom_15957
0,0.25,0.0,1,1,0.0,0.75,ransom_15958
0,0.1666666666666666,0.0,1,2,0.0,0.8333333333333334,ransom_15959
0,0.1111111111111111,0.0,1,2,-0.5962847939999439,0.8888888888888888,ransom_1596
0,0.25,0.0,1,1,0.0,0.75,ransom_15960
0,0.25,0.0,1,1,0.0,0.75,ransom_15962
2,0.3333333333333333,0.0,1,1,0.0,0.6666666666666666,ransom_15963
0,0.3333333333333333,0.0,1,1,0.0,0.6666666666666666,ransom_15964
0,0.25,0.0,1,1,0.0,0.75,ransom_15966
1,0.125,0.0,1,2,0.0,0.875,ransom_15967
0,0.25,0.0,1,1,0.0,0.75,ransom_15968
0,0.25,0.0,1,1,0.0,0.75,ransom_15969
0,0.125,0.0,1,2,-0.4880935300919782,0.875,ransom_1597
0,0.2,0.0,1,1,-1.0,0.8,ransom_15970
0,0.25,0.0,1,1,0.0,0.75,ransom_15974
0,0.2,0.0,1,1,0.0,0.8,ransom_15975
0,0.25,0.0,1,1,0.0,0.75,ransom_15976
0,0.25,0.0,1,1,0.0,0.75,ransom_15978
1,0.25,0.0,1,1,0.0,0.75,ransom_15979
0,0.0416666666666666,0.0,1,5,-0.3677294994727877,0.9583333333333334,ransom_1598
0,0.2,0.0,1,1,-1.0,0.8,ransom_15980
2,0.25,0.0,1,1,0.0,0.75,ransom_15981
0,0.25,0.0,1,1,0.0,0.75,ransom_15982
0,0.3333333333333333,0.0,1,1,0.0,0.6666666666666666,ransom_15983
0,0.2,0.0,1,1,0.0,0.8,ransom_15984
0,0.25,0.0,1,1,0.0,0.75,ransom_15985
0,0.25,0.0,1,1,0.0,0.75,ransom_15986
0,0.2,0.0,1,1,0.0,0.8,ransom_15987
0,0.3333333333333333,0.0,1,1,0.0,0.6666666666666666,ransom_15988
0,0.3333333333333333,0.0,1,1,0.0,0.6666666666666666,ransom_15989
1,0.1428571428571428,0.0,1,2,-0.250000000000001,0.8571428571428571,ransom_1599
0,0.1428571428571428,0.0,1,2,0.0,0.8571428571428571,ransom_15990
1,0.125,0.0,1,2,-0.6454972243679025,0.875,ransom_15991
0,0.3333333333333333,0.0,1,1,0.0,0.6666666666666666,ransom_15992
0,0.25,0.0,1,1,0.0,0.75,ransom_15993
0,0.25,0.0,1,1,0.0,0.75,ransom_15994
0,0.25,0.0,1,1,0.0,0.75,ransom_15997
0,0.2,0.0,1,1,0.0,0.8,ransom_15999
9,0.0833333333333333,0.0,1,2,-0.7117435966472905,0.9166666666666666,ransom_1600
0,0.1666666666666666,0.0,1,1,-0.9999999999999992,0.8333333333333334,ransom_16000
0,0.2,0.0,1,1,0.0,0.8,ransom_16001
0,0.25,0.0,1,1,0.0,0.75,ransom_16002
1,0.25,0.0,1,1,0.0,0.75,ransom_16003
0,0.3333333333333333,0.0,1,1,0.0,0.6666666666666666,ransom_16006
1,0.25,0.0,1,1,0.0,0.75,ransom_16007
0,0.25,0.0,1,1,0.0,0.75,ransom_16008
0,0.25,0.0,1,1,0.0,0.75,ransom_16009
0,0.0666666666666666,0.0,1,3,-0.5239368319955849,0.9333333333333332,ransom_1601
0,0.25,0.0,1,1,0.0,0.75,ransom_16011
0,0.25,0.0,1,1,0.0,0.75,ransom_16012
1,0.25,0.0,1,1,0.0,0.75,ransom_16013
22,0.3333333333333333,0.0,1,1,0.0,0.6666666666666666,ransom_16014
0,0.25,0.0,1,1,0.0,0.75,ransom_16016
0,0.3333333333333333,0.0,1,1,0.0,0.6666666666666666,ransom_16018
0,0.25,0.0,1,1,0.0,0.75,ransom_16019
0,0.1111111111111111,0.0,1,1,0.0,0.8888888888888888,ransom_1602
0,0.2,0.0,1,1,0.0,0.8,ransom_16021
0,0.1666666666666666,0.0,1,2,0.0,0.8333333333333334,ransom_16022
0,0.25,0.0,1,1,0.0,0.75,ransom_16023
1,0.25,0.0,1,1,0.0,0.75,ransom_16024
0,0.25,0.0,1,1,0.0,0.75,ransom_16025
9,0.25,0.0,1,1,0.0,0.75,ransom_16026
0,0.25,0.0,1,1,0.0,0.75,ransom_16028
0,0.125,0.0,1,2,0.0,0.875,ransom_16029
0,0.3333333333333333,0.0,1,1,0.0,0.6666666666666666,ransom_1603
0,0.25,0.0,1,1,0.0,0.75,ransom_16030
0,0.25,0.0,1,1,0.0,0.75,ransom_16031
0,0.3333333333333333,0.0,1,1,0.0,0.6666666666666666,ransom_16032
0,0.1666666666666666,0.0,1,1,-0.9999999999999992,0.8333333333333334,ransom_16033
0,0.25,0.0,1,1,0.0,0.75,ransom_16034
0,0.25,0.0,1,1,0.0,0.75,ransom_16036
4,0.25,0.0,1,1,0.0,0.75,ransom_16037
0,0.25,0.0,1,1,0.0,0.75,ransom_16038
0,0.25,0.0,1,1,0.0,0.75,ransom_16039
0,0.2,0.0,1,1,-1.0,0.8,ransom_1604
0,0.3333333333333333,0.0,1,1,0.0,0.6666666666666666,ransom_16040
0,0.25,0.0,1,1,0.0,0.75,ransom_16041
0,0.3333333333333333,0.0,1,1,0.0,0.6666666666666666,ransom_16042
0,0.2,0.0,1,1,0.0,0.8,ransom_16043
0,0.2,0.0,1,1,0.0,0.8,ransom_16044
0,0.25,0.0,1,1,0.0,0.75,ransom_16045
0,0.2,0.0,1,1,-1.0,0.8,ransom_16048
0,0.2,0.0,1,1,0.0,0.8,ransom_16049
1,0.25,0.0,1,1,0.0,0.75,ransom_1605
0,0.25,0.0,1,1,0.0,0.75,ransom_16050
0,0.25,0.0,1,1,0.0,0.75,ransom_16051
0,0.25,0.0,1,1,0.0,0.75,ransom_16052
1,0.25,0.0,1,1,0.0,0.75,ransom_16053
0,0.2,0.0,1,1,-1.0,0.8,ransom_16055
0,0.25,0.0,1,1,0.0,0.75,ransom_16057
0,0.2,0.0,1,1,0.0,0.8,ransom_16058
0,0.25,0.0,1,1,0.0,0.75,ransom_16059
1,0.25,0.0,1,1,0.0,0.75,ransom_1606
0,0.3333333333333333,0.0,1,1,0.0,0.6666666666666666,ransom_16060
0,0.2,0.0,1,1,-1.0,0.8,ransom_16061
0,0.3333333333333333,0.0,1,1,0.0,0.6666666666666666,ransom_16062
0,0.25,0.0,1,1,0.0,0.75,ransom_16063
1,0.3333333333333333,0.0,1,1,0.0,0.6666666666666666,ransom_16064
1,0.2,0.0,1,1,-1.0,0.8,ransom_16065
0,0.25,0.0,1,1,0.0,0.75,ransom_16066
0,0.25,0.0,1,1,0.0,0.75,ransom_16067
0,0.3333333333333333,0.0,1,1,0.0,0.6666666666666666,ransom_16068
1,0.3333333333333333,0.0,1,1,0.0,0.6666666666666666,ransom_16069
0,0.1666666666666666,0.0,1,1,0.0,0.8333333333333334,ransom_1607
0,0.25,0.0,1,1,0.0,0.75,ransom_16070
0,0.2,0.0,1,1,-1.0,0.8,ransom_16071
0,0.25,0.0,1,1,0.0,0.75,ransom_16072
0,0.3333333333333333,0.0,1,1,0.0,0.6666666666666666,ransom_16073
0,0.25,0.0,1,1,0.0,0.75,ransom_16074
0,0.25,0.0,1,1,0.0,0.75,ransom_16075
0,0.25,0.0,1,1,0.0,0.75,ransom_16076
0,0.3333333333333333,0.0,1,1,0.0,0.6666666666666666,ransom_16078
0,0.25,0.0,1,1,0.0,0.75,ransom_16079
1,0.25,0.0,1,1,0.0,0.75,ransom_1608
9,0.2,0.0,1,1,0.0,0.8,ransom_16080
0,0.25,0.0,1,1,0.0,0.75,ransom_16081
0,0.25,0.0,1,1,0.0,0.75,ransom_16082
0,0.3333333333333333,0.0,1,1,0.0,0.6666666666666666,ransom_16083
0,0.25,0.0,1,1,0.0,0.75,ransom_16084
0,0.25,0.0,1,1,0.0,0.75,ransom_16086
0,0.3333333333333333,0.0,1,1,0.0,0.6666666666666666,ransom_16087
0,0.3333333333333333,0.0,1,1,0.0,0.6666666666666666,ransom_16088
1,0.0666666666666666,0.0,1,4,-0.2211629342323452,0.9333333333333332,ransom_1609
0,0.3333333333333333,0.0,1,1,0.0,0.6666666666666666,ransom_16090
0,0.25,0.0,1,1,0.0,0.75,ransom_16091
1,0.1666666666666666,0.0,1,1,-0.9999999999999992,0.8333333333333334,ransom_16092
2,0.25,0.0,1,1,0.0,0.75,ransom_16093
1,0.25,0.0,1,1,0.0,0.75,ransom_16095
0,0.2,0.0,1,1,0.0,0.8,ransom_16097
0,0.2,0.0,1,1,0.0,0.8,ransom_16098
2,0.3333333333333333,0.0,1,1,0.0,0.6666666666666666,ransom_16099
0,0.25,0.0,1,1,0.0,0.75,ransom_1610
0,0.25,0.0,1,1,0.0,0.75,ransom_16101
0,0.3333333333333333,0.0,1,1,0.0,0.6666666666666666,ransom_16102
2,0.25,0.0,1,1,0.0,0.75,ransom_16103
0,0.25,0.0,1,1,0.0,0.75,ransom_16104
0,0.3333333333333333,0.0,1,1,0.0,0.6666666666666666,ransom_16105
3,0.25,0.0,1,1,0.0,0.75,ransom_16106
0,0.2,0.0,1,1,0.0,0.8,ransom_16107
0,0.2,0.0,1,1,0.0,0.8,ransom_16109
0,0.0625,0.0,1,4,-0.1324295304292306,0.9375,ransom_1611
1,0.25,0.0,1,1,0.0,0.75,ransom_16110
0,0.25,0.0,1,1,0.0,0.75,ransom_16111
0,0.3333333333333333,0.0,1,1,0.0,0.6666666666666666,ransom_16112
1,0.25,0.0,1,1,0.0,0.75,ransom_16113
0,0.2,0.0,1,1,0.0,0.8,ransom_16115
2,0.25,0.0,1,1,0.0,0.75,ransom_16116
1,0.25,0.0,1,1,0.0,0.75,ransom_16117
0,0.25,0.0,1,1,0.0,0.75,ransom_16118
0,0.25,0.0,1,1,0.0,0.75,ransom_1612
0,0.25,0.0,1,1,0.0,0.75,ransom_16120
0,0.3333333333333333,0.0,1,1,0.0,0.6666666666666666,ransom_16121
1,0.25,0.0,1,1,0.0,0.75,ransom_16122
0,0.1428571428571428,0.0,1,1,-1.0000000000000002,0.8571428571428571,ransom_1613
0,0.3333333333333333,0.0,1,1,0.0,0.6666666666666666,ransom_1615
0,0.25,0.0,1,1,0.0,0.75,ransom_1616
0,0.25,0.0,1,1,0.0,0.75,ransom_1617
0,0.3333333333333333,0.0,1,1,0.0,0.6666666666666666,ransom_1618
0,0.3333333333333333,0.0,1,1,0.0,0.6666666666666666,ransom_1619
0,0.1428571428571428,0.0,1,2,-0.250000000000001,0.8571428571428571,ransom_1621
0,0.1428571428571428,0.0,1,1,-1.0000000000000002,0.8571428571428571,ransom_1622
0,0.2,0.0,1,1,0.0,0.8,ransom_1623
1,0.1666666666666666,0.0,1,1,0.0,0.8333333333333334,ransom_1624
0,0.2,0.0,1,1,-1.0,0.8,ransom_1625
0,0.1,0.0,1,2,-0.3701166050988024,0.9,ransom_1626
0,0.2,0.0,1,1,0.0,0.8,ransom_1627
0,0.0454545454545454,0.0,1,4,-0.537280272599135,0.9545454545454546,ransom_1628
0,0.2,0.0,1,1,0.0,0.8,ransom_1629
2,0.2,0.0,1,1,0.0,0.8,ransom_1630
0,0.05,0.0,1,5,-0.3100662045932632,0.95,ransom_1631
1,0.1666666666666666,0.0,1,1,-0.9999999999999992,0.8333333333333334,ransom_1632
1,0.125,0.0,1,2,0.0,0.875,ransom_1633
52,0.2,0.0,1,1,0.0,0.8,ransom_1634
0,0.25,0.0,1,1,0.0,0.75,ransom_1635
0,0.1,0.0,1,2,-0.5869311620423462,0.9,ransom_1637
0,0.1428571428571428,0.0,1,1,0.0,0.8571428571428571,ransom_1638
0,0.0769230769230769,0.0,1,3,0.0,0.9230769230769232,ransom_1640
1,0.3333333333333333,0.0,1,1,0.0,0.6666666666666666,ransom_1642
0,0.25,0.0,1,1,0.0,0.75,ransom_1643
0,0.125,0.0,1,2,-0.4880935300919782,0.875,ransom_1644
0,0.1428571428571428,0.0,1,2,0.0,0.8571428571428571,ransom_1645
0,0.0526315789473684,0.0,1,5,-0.1170411471961301,0.9473684210526316,ransom_1646
0,0.1666666666666666,0.0,1,1,-0.9999999999999992,0.8333333333333334,ransom_1647
3,0.1111111111111111,0.0,1,2,-0.6546536707079772,0.8888888888888888,ransom_1648
0,0.0833333333333333,0.0,1,3,-0.3888888888888903,0.9166666666666666,ransom_1649
0,0.25,0.0,1,1,0.0,0.75,ransom_1650
2,0.1,0.0,1,3,0.0,0.9,ransom_1651
0,0.0769230769230769,0.0,1,2,-0.6251717321316496,0.9230769230769232,ransom_1652
0,0.0454545454545454,0.0,1,3,-0.7111079911453826,0.9545454545454546,ransom_1653
4,0.025,0.0,1,6,-0.4692231306428101,0.975,ransom_1654
0,0.2,0.0,1,1,-1.0,0.8,ransom_1655
0,0.1,0.0,1,1,-1.0000000000000009,0.9,ransom_1657
0,0.0526315789473684,0.0,1,3,-0.8045383282468312,0.9473684210526316,ransom_1658
0,0.0909090909090909,0.0,1,3,-0.280975743474509,0.9090909090909092,ransom_1659
0,0.0769230769230769,0.0,1,2,0.0,0.9230769230769232,ransom_1660
0,0.1666666666666666,0.0,1,1,-0.9999999999999992,0.8333333333333334,ransom_1661
0,0.25,0.0,1,1,0.0,0.75,ransom_1662
15,0.0714285714285714,0.0,1,2,-0.8357636518982,0.9285714285714286,ransom_1663
0,0.1111111111111111,0.0,1,2,-0.6546536707079772,0.8888888888888888,ransom_1664
1,0.1666666666666666,0.0,1,1,-0.9999999999999992,0.8333333333333334,ransom_1665
0,0.1666666666666666,0.0,1,2,0.0,0.8333333333333334,ransom_1668
0,0.1428571428571428,0.0,1,1,-1.0,0.8571428571428571,ransom_1669
0,0.0769230769230769,0.0,1,3,-0.5555555555555557,0.9230769230769232,ransom_1670
0,0.1666666666666666,0.0,1,1,-0.9999999999999992,0.8333333333333334,ransom_1671
1,0.1111111111111111,0.0,1,2,-0.5962847939999439,0.8888888888888888,ransom_1672
5,0.037037037037037,0.0,1,6,0.0,0.9629629629629628,ransom_1673
0,0.1666666666666666,0.0,1,1,0.0,0.8333333333333334,ransom_1674
0,0.25,0.0,1,1,0.0,0.75,ransom_1675
0,0.2,0.0,1,1,0.0,0.8,ransom_1676
0,0.1111111111111111,0.0,1,1,-1.0,0.8888888888888888,ransom_1677
0,0.0909090909090909,0.0,1,2,-0.6882472016116848,0.9090909090909092,ransom_1678
0,0.3333333333333333,0.0,1,1,0.0,0.6666666666666666,ransom_1679
0,0.25,0.0,1,1,0.0,0.75,ransom_1680
0,0.2,0.0,1,1,-1.0,0.8,ransom_1681
0,0.1428571428571428,0.0,1,2,0.0,0.8571428571428571,ransom_1683
0,0.0714285714285714,0.0,1,3,-0.5692099788303082,0.9285714285714286,ransom_1684
0,0.25,0.0,1,1,0.0,0.75,ransom_1685
5,0.1666666666666666,0.0,1,2,0.0,0.8333333333333334,ransom_1686
0,0.2,0.0,1,1,0.0,0.8,ransom_1687
0,0.3333333333333333,0.0,1,1,0.0,0.6666666666666666,ransom_1688
0,0.3333333333333333,0.0,1,1,0.0,0.6666666666666666,ransom_1689
2,0.0588235294117647,0.0,1,3,-0.4665694748158434,0.9411764705882352,ransom_1692
0,0.0416666666666666,0.0,1,4,-0.5474793886782838,0.9583333333333334,ransom_1694
0,0.1111111111111111,0.0,1,2,-0.6546536707079772,0.8888888888888888,ransom_1695
0,0.3333333333333333,0.0,1,1,0.0,0.6666666666666666,ransom_1697
0,0.1428571428571428,0.0,1,1,0.0,0.8571428571428571,ransom_1698
0,0.0833333333333333,0.0,1,4,0.1268365723579602,0.9166666666666666,ransom_1699
1,0.1111111111111111,0.0,1,3,0.0,0.8888888888888888,ransom_1700
1,0.25,0.0,1,1,0.0,0.75,ransom_1702
0,0.1111111111111111,0.0,1,1,-1.0,0.8888888888888888,ransom_1703
0,0.0833333333333333,0.0,1,2,-0.8167651211688063,0.9166666666666666,ransom_1704
0,0.125,0.0,1,2,-0.6454972243679025,0.875,ransom_1705
0,0.2,0.0,1,1,0.0,0.8,ransom_1706
1,0.0526315789473684,0.0,1,5,0.0,0.9473684210526316,ransom_1707
0,0.04,0.0,1,6,-0.1912254276478531,0.96,ransom_1708
0,0.1666666666666666,0.0,1,1,-0.9999999999999992,0.8333333333333334,ransom_1709
0,0.2,0.0,1,1,0.0,0.8,ransom_1710
0,0.1111111111111111,0.0,1,1,0.0,0.8888888888888888,ransom_1712
0,0.1111111111111111,0.0,1,2,-0.5555555555555556,0.8888888888888888,ransom_1714
0,0.1,0.0,1,1,-1.0,0.9,ransom_1715
1,0.0384615384615384,0.0,1,6,-0.1575521978122218,0.9615384615384616,ransom_1716
0,0.25,0.0,1,1,0.0,0.75,ransom_1717
0,0.1111111111111111,0.0,1,2,0.0,0.8888888888888888,ransom_1718
1,0.2,0.0,1,1,0.0,0.8,ransom_1719
7,0.1,0.0,1,3,-0.0805822964025377,0.9,ransom_1722
2,0.125,0.0,1,1,0.0,0.875,ransom_1723
0,0.25,0.0,1,1,0.0,0.75,ransom_1724
0,0.0769230769230769,0.0,1,2,-0.735980072193987,0.9230769230769232,ransom_1725
0,0.2,0.0,1,1,0.0,0.8,ransom_1727
0,0.0476190476190476,0.0,1,5,0.0,0.9523809523809524,ransom_1728
0,0.25,0.0,1,1,0.0,0.75,ransom_1730
1,0.2,0.0,1,1,0.0,0.8,ransom_1731
1,0.2,0.0,1,1,0.0,0.8,ransom_1732
0,0.0769230769230769,0.0,1,2,-0.5785568541403724,0.9230769230769232,ransom_1733
0,0.3333333333333333,0.0,1,1,0.0,0.6666666666666666,ransom_1734
0,0.1,0.0,1,1,0.0,0.9,ransom_1736
0,0.3333333333333333,0.0,1,1,0.0,0.6666666666666666,ransom_1737
1,0.1428571428571428,0.0,1,1,0.0,0.8571428571428571,ransom_1738
0,0.3333333333333333,0.0,1,1,0.0,0.6666666666666666,ransom_1739
0,0.125,0.0,1,2,0.27116307227332,0.875,ransom_1740
0,0.3333333333333333,0.0,1,1,0.0,0.6666666666666666,ransom_1741
0,0.25,0.0,1,1,0.0,0.75,ransom_1742
0,0.1111111111111111,0.0,1,2,-0.6546536707079772,0.8888888888888888,ransom_1743
0,0.1,0.0,1,2,-0.6027637811151019,0.9,ransom_1746
1,0.25,0.0,1,1,0.0,0.75,ransom_1747
0,0.1,0.0,1,2,-0.6531561093841249,0.9,ransom_1749
0,0.1428571428571428,0.0,1,2,0.0,0.8571428571428571,ransom_1750
0,0.25,0.0,1,1,0.0,0.75,ransom_1751
0,0.2,0.0,1,1,0.0,0.8,ransom_1752
1,0.1,0.0,1,2,-0.7416198487095668,0.9,ransom_1754
0,0.1666666666666666,0.0,1,2,0.0,0.8333333333333334,ransom_1755
0,0.2,0.0,1,1,0.0,0.8,ransom_1756
0,0.1,0.0,1,2,-0.5869311620423462,0.9,ransom_1757
0,0.1,0.0,1,2,-0.7462025072446367,0.9,ransom_1759
0,0.1,0.0,1,2,-0.7462025072446367,0.9,ransom_1760
2,0.0384615384615384,0.0,1,7,0.0057025667612136,0.9615384615384616,ransom_1761
8,0.125,0.0,1,2,0.0,0.875,ransom_1762
1,0.0526315789473684,0.0,1,4,-0.5195170441705191,0.9473684210526316,ransom_1763
0,0.2,0.0,1,1,0.0,0.8,ransom_1764
1,0.0588235294117647,0.0,1,3,-0.5222329678670935,0.9411764705882352,ransom_1765
0,0.1,0.0,1,1,0.0,0.9,ransom_1767
0,0.25,0.0,1,1,0.0,0.75,ransom_1768
0,0.1428571428571428,0.0,1,1,-1.0000000000000002,0.8571428571428571,ransom_1769
1,0.0833333333333333,0.0,1,2,-0.7372701346602806,0.9166666666666666,ransom_1770
0,0.1428571428571428,0.0,1,1,-1.0000000000000002,0.8571428571428571,ransom_1771
0,0.3333333333333333,0.0,1,1,0.0,0.6666666666666666,ransom_1772
0,0.0769230769230769,0.0,1,3,-0.4780914437337626,0.9230769230769232,ransom_1773
0,0.25,0.0,1,1,0.0,0.75,ransom_1775
0,0.2,0.0,1,1,0.0,0.8,ransom_1777
1,0.0909090909090909,0.0,1,3,-0.052631578947369,0.9090909090909092,ransom_1778
0,0.0909090909090909,0.0,1,3,0.0,0.9090909090909092,ransom_1781
0,0.3333333333333333,0.0,1,1,0.0,0.6666666666666666,ransom_1783
0,0.1666666666666666,0.0,1,1,0.0,0.8333333333333334,ransom_1785
1,0.1666666666666666,0.0,1,1,0.0,0.8333333333333334,ransom_1786
4,0.0476190476190476,0.0,1,5,0.0,0.9523809523809524,ransom_1788
0,0.2,0.0,1,1,-1.0,0.8,ransom_1789
0,0.3333333333333333,0.0,1,1,0.0,0.6666666666666666,ransom_1790
0,0.1666666666666666,0.0,1,1,0.0,0.8333333333333334,ransom_1792
3,0.25,0.0,1,1,0.0,0.75,ransom_1793
3,0.1111111111111111,0.0,1,1,0.0,0.8888888888888888,ransom_1794
0,0.0769230769230769,0.0,1,3,0.0,0.9230769230769232,ransom_1795
2,0.0714285714285714,0.0,1,3,-0.3885777727501212,0.9285714285714286,ransom_1796
0,0.3333333333333333,0.0,1,1,0.0,0.6666666666666666,ransom_1797
0,0.125,0.0,1,1,-0.9999999999999988,0.875,ransom_1798
0,0.1428571428571428,0.0,1,2,0.0,0.8571428571428571,ransom_1799
0,0.0833333333333333,0.0,1,2,-0.6876096403802533,0.9166666666666666,ransom_1801
0,0.0555555555555555,0.0,1,4,0.0,0.9444444444444444,ransom_1802
0,0.1111111111111111,0.0,1,1,-1.0,0.8888888888888888,ransom_1803
3,0.0588235294117647,0.0,1,4,-0.238095238095238,0.9411764705882352,ransom_1804
0,0.1,0.0,1,1,0.0,0.9,ransom_1806
0,0.1111111111111111,0.0,1,2,-0.5773502691896258,0.8888888888888888,ransom_1808
2,0.0666666666666666,0.0,1,4,-0.0912870929175288,0.9333333333333332,ransom_1809
0,0.25,0.0,1,1,0.0,0.75,ransom_1810
0,0.25,0.0,1,1,0.0,0.75,ransom_1811
0,0.2,0.0,1,1,0.0,0.8,ransom_1812
0,0.25,0.0,1,1,0.0,0.75,ransom_1814
1,0.2,0.0,1,1,0.0,0.8,ransom_1815
1,0.0769230769230769,0.0,1,2,0.0,0.9230769230769232,ransom_1818
0,0.1111111111111111,0.0,1,2,0.0,0.8888888888888888,ransom_1819
0,0.125,0.0,1,2,0.0,0.875,ransom_1820
0,0.1666666666666666,0.0,1,1,-0.9999999999999992,0.8333333333333334,ransom_1821
0,0.1666666666666666,0.0,1,2,0.0,0.8333333333333334,ransom_1822
0,0.1666666666666666,0.0,1,1,0.0,0.8333333333333334,ransom_1823
0,0.0666666666666666,0.0,1,3,-0.5785419118799018,0.9333333333333332,ransom_1824
0,0.125,0.0,1,1,0.0,0.875,ransom_1825
0,0.0769230769230769,0.0,1,2,-0.8499999999999998,0.9230769230769232,ransom_1826
0,0.125,0.0,1,2,-0.6454972243679025,0.875,ransom_1827
8,0.25,0.0,1,1,0.0,0.75,ransom_1829
0,0.0714285714285714,0.0,1,3,-0.4813299149207699,0.9285714285714286,ransom_1830
0,0.1,0.0,1,2,-0.7462025072446367,0.9,ransom_1831
2,0.0714285714285714,0.0,1,3,0.0,0.9285714285714286,ransom_1832
0,0.1428571428571428,0.0,1,1,-1.0000000000000002,0.8571428571428571,ransom_1833
0,0.25,0.0,1,1,0.0,0.75,ransom_1834
0,0.125,0.0,1,2,-0.6454972243679025,0.875,ransom_1835
0,0.2,0.0,1,1,-1.0,0.8,ransom_1836
0,0.125,0.0,1,2,0.0,0.875,ransom_1837
0,0.1,0.0,1,2,-0.7905694150420954,0.9,ransom_1838
0,0.0833333333333333,0.0,1,2,-0.8949594297801342,0.9166666666666666,ransom_1840
0,0.25,0.0,1,1,0.0,0.75,ransom_1841
0,0.0625,0.0,1,3,-0.5934023546706955,0.9375,ransom_1842
2,0.3333333333333333,0.0,1,1,0.0,0.6666666666666666,ransom_1843
0,0.1666666666666666,0.0,1,1,0.0,0.8333333333333334,ransom_1844
0,0.3333333333333333,0.0,1,1,0.0,0.6666666666666666,ransom_1846
1,0.1428571428571428,0.0,1,1,-1.0,0.8571428571428571,ransom_1847
0,0.25,0.0,1,1,0.0,0.75,ransom_1848
0,0.0833333333333333,0.0,1,2,0.0,0.9166666666666666,ransom_1849
3,0.25,0.0,1,1,0.0,0.75,ransom_1850
0,0.25,0.0,1,1,0.0,0.75,ransom_1851
0,0.25,0.0,1,1,0.0,0.75,ransom_1852
0,0.25,0.0,1,1,0.0,0.75,ransom_1853
0,0.2,0.0,1,1,0.0,0.8,ransom_1854
0,0.0833333333333333,0.0,1,2,-0.8964214570007943,0.9166666666666666,ransom_1855
0,0.2,0.0,1,1,0.0,0.8,ransom_1856
0,0.1,0.0,1,1,-0.9999999999999996,0.9,ransom_1859
0,0.3333333333333333,0.0,1,1,0.0,0.6666666666666666,ransom_1861
0,0.2,0.0,1,1,-1.0,0.8,ransom_1862
2,0.0909090909090909,0.0,1,2,-0.6882472016116848,0.9090909090909092,ransom_1863
0,0.3333333333333333,0.0,1,1,0.0,0.6666666666666666,ransom_1865
1,0.0526315789473684,0.0,1,4,-0.4153161768200691,0.9473684210526316,ransom_1866
0,0.3333333333333333,0.0,1,1,0.0,0.6666666666666666,ransom_1867
1,0.0555555555555555,0.0,1,5,-0.2262814111007101,0.9444444444444444,ransom_1868
2,0.0277777777777777,0.0,1,9,-0.0892926652074375,0.9722222222222222,ransom_1869
0,0.3333333333333333,0.0,1,1,0.0,0.6666666666666666,ransom_1870
2,0.2,0.0,1,1,0.0,0.8,ransom_1872
0,0.1111111111111111,0.0,1,3,0.0,0.8888888888888888,ransom_1873
0,0.3333333333333333,0.0,1,1,0.0,0.6666666666666666,ransom_1874
0,0.1666666666666666,0.0,1,2,0.0,0.8333333333333334,ransom_1876
3,0.25,0.0,1,1,0.0,0.75,ransom_1878
0,0.1111111111111111,0.0,1,2,0.0,0.8888888888888888,ransom_1879
0,0.1666666666666666,0.0,1,2,0.0,0.8333333333333334,ransom_1880
0,0.3333333333333333,0.0,1,1,0.0,0.6666666666666666,ransom_1881
0,0.3333333333333333,0.0,1,1,0.0,0.6666666666666666,ransom_1883
0,0.0714285714285714,0.0,1,3,-0.6770032003863304,0.9285714285714286,ransom_1884
1,0.0625,0.0,1,4,-0.3451006928259872,0.9375,ransom_1885
0,0.1428571428571428,0.0,1,1,-1.0000000000000002,0.8571428571428571,ransom_1886
3,0.2,0.0,1,1,-1.0,0.8,ransom_1887
0,0.2,0.0,1,1,0.0,0.8,ransom_1888
12,0.125,0.0,1,2,-0.6454972243679025,0.875,ransom_1889
0,0.125,0.0,1,2,0.0,0.875,ransom_1890
0,0.3333333333333333,0.0,1,1,0.0,0.6666666666666666,ransom_1891
0,0.0909090909090909,0.0,1,2,-0.5846845821518312,0.9090909090909092,ransom_1892
0,0.0588235294117647,0.0,1,3,-0.8001322641986387,0.9411764705882352,ransom_1893
2,0.25,0.0,1,1,0.0,0.75,ransom_1896
4,0.0714285714285714,0.0,1,3,-0.4813299149207699,0.9285714285714286,ransom_1897
0,0.2,0.0,1,1,0.0,0.8,ransom_1898
0,0.125,0.0,1,1,0.0,0.875,ransom_1899
8,0.0833333333333333,0.0,1,3,-0.0999999999999996,0.9166666666666666,ransom_1900
0,0.0434782608695652,0.0,1,6,0.0118896062501063,0.9565217391304348,ransom_1901
0,0.25,0.0,1,1,0.0,0.75,ransom_1902
0,0.3333333333333333,0.0,1,1,0.0,0.6666666666666666,ransom_1903
3,0.0714285714285714,0.0,1,4,0.0,0.9285714285714286,ransom_1904
1,0.0666666666666666,0.0,1,3,-0.0803219328902501,0.9333333333333332,ransom_1905
0,0.1666666666666666,0.0,1,1,-0.9999999999999992,0.8333333333333334,ransom_1906
2,0.0434782608695652,0.0,1,6,-0.2768759306451643,0.9565217391304348,ransom_1907
1,0.0714285714285714,0.0,1,2,-0.7048045182768419,0.9285714285714286,ransom_1908
0,0.2,0.0,1,2,0.0,0.8,ransom_1909
0,0.1,0.0,1,3,-0.0805822964025377,0.9,ransom_1912
0,0.0833333333333333,0.0,1,3,-0.2390457218668779,0.9166666666666666,ransom_1913
9,0.0384615384615384,0.0,1,6,-0.1997694925497469,0.9615384615384616,ransom_1915
0,0.25,0.0,1,1,0.0,0.75,ransom_1916
0,0.0769230769230769,0.0,1,2,0.0,0.9230769230769232,ransom_1917
0,0.3333333333333333,0.0,1,1,0.0,0.6666666666666666,ransom_1918
1,0.1666666666666666,0.0,1,2,0.1666666666666655,0.8333333333333334,ransom_1919
0,0.2,0.0,1,1,0.0,0.8,ransom_1920
0,0.0666666666666666,0.0,1,2,0.0,0.9333333333333332,ransom_1922
0,0.0769230769230769,0.0,1,3,0.0,0.9230769230769232,ransom_1923
0,0.3333333333333333,0.0,1,1,0.0,0.6666666666666666,ransom_1924
0,0.0384615384615384,0.0,1,5,-0.5178476879983365,0.9615384615384616,ransom_1925
0,0.0588235294117647,0.0,1,3,0.0,0.9411764705882352,ransom_1926
1,0.125,0.0,1,2,-0.6454972243679025,0.875,ransom_1927
4,0.027027027027027,0.0,1,8,-0.2531682823777361,0.972972972972973,ransom_1928
0,0.3333333333333333,0.0,1,1,0.0,0.6666666666666666,ransom_1929
0,0.1111111111111111,0.0,1,1,0.0,0.8888888888888888,ransom_1930
0,0.1428571428571428,0.0,1,2,0.0,0.8571428571428571,ransom_1931
1,0.1666666666666666,0.0,1,1,0.0,0.8333333333333334,ransom_1932
0,0.1111111111111111,0.0,1,1,-1.0,0.8888888888888888,ransom_1933
0,0.0625,0.0,1,5,0.0,0.9375,ransom_1934
11,0.25,0.0,1,1,0.0,0.75,ransom_1935
0,0.0909090909090909,0.0,1,1,-1.0000000000000004,0.9090909090909092,ransom_1936
0,0.25,0.0,1,1,0.0,0.75,ransom_1937
0,0.125,0.0,1,1,0.0,0.875,ransom_1938
0,0.0714285714285714,0.0,1,4,-0.0769321818620843,0.9285714285714286,ransom_1939
0,0.2,0.0,1,1,-1.0,0.8,ransom_1940
1,0.0555555555555555,0.0,1,5,0.0437845409846389,0.9444444444444444,ransom_1941
0,0.3333333333333333,0.0,1,1,0.0,0.6666666666666666,ransom_1942
0,0.125,0.0,1,1,0.0,0.875,ransom_1943
0,0.1666666666666666,0.0,1,1,0.0,0.8333333333333334,ransom_1944
1,0.1428571428571428,0.0,1,1,0.0,0.8571428571428571,ransom_1945
0,0.1666666666666666,0.0,1,1,0.0,0.8333333333333334,ransom_1947
0,0.3333333333333333,0.0,1,1,0.0,0.6666666666666666,ransom_1948
0,0.1666666666666666,0.0,1,1,0.0,0.8333333333333334,ransom_1949
12,0.25,0.0,1,1,0.0,0.75,ransom_1950
0,0.2,0.0,1,1,0.0,0.8,ransom_1952
0,0.0909090909090909,0.0,1,3,-0.2500000000000005,0.9090909090909092,ransom_1953
2,0.0416666666666666,0.0,1,5,-0.2107362079182935,0.9583333333333334,ransom_1954
5,0.2,0.0,1,1,0.0,0.8,ransom_1955
0,0.1111111111111111,0.0,1,1,-1.0,0.8888888888888888,ransom_1957
0,0.1666666666666666,0.0,1,1,-0.9999999999999992,0.8333333333333334,ransom_1959
4,0.1,0.0,1,2,0.0,0.9,ransom_1960
0,0.125,0.0,1,2,-0.4166666666666659,0.875,ransom_1961
0,0.1,0.0,1,3,0.0,0.9,ransom_1962
1,0.1111111111111111,0.0,1,1,0.0,0.8888888888888888,ransom_1963
0,0.25,0.0,1,1,0.0,0.75,ransom_1964
0,0.2,0.0,1,1,0.0,0.8,ransom_1967
0,0.1111111111111111,0.0,1,1,-1.0,0.8888888888888888,ransom_1968
0,0.25,0.0,1,1,0.0,0.75,ransom_1969
0,0.1666666666666666,0.0,1,1,-0.9999999999999992,0.8333333333333334,ransom_1970
0,0.1666666666666666,0.0,1,1,0.0,0.8333333333333334,ransom_1971
1,0.1666666666666666,0.0,1,1,-0.9999999999999992,0.8333333333333334,ransom_1972
1,0.2,0.0,1,1,0.0,0.8,ransom_1973
5,0.1,0.0,1,1,0.0,0.9,ransom_1974
1,0.125,0.0,1,1,0.0,0.875,ransom_1975
0,0.2,0.0,1,1,0.0,0.8,ransom_1976
1,0.0357142857142857,0.0,1,6,-0.0771136598641862,0.9642857142857144,ransom_1977
0,0.25,0.0,1,1,0.0,0.75,ransom_1979
0,0.1428571428571428,0.0,1,2,0.0,0.8571428571428571,ransom_1980
0,0.0714285714285714,0.0,1,4,-0.0210818510677897,0.9285714285714286,ransom_1982
0,0.1666666666666666,0.0,1,1,-0.9999999999999992,0.8333333333333334,ransom_1984
0,0.1666666666666666,0.0,1,1,-0.9999999999999992,0.8333333333333334,ransom_1985
0,0.2,0.0,1,1,0.0,0.8,ransom_1986
0,0.1,0.0,1,1,-0.9999999999999996,0.9,ransom_1987
0,0.25,0.0,1,1,0.0,0.75,ransom_1988
0,0.25,0.0,1,1,0.0,0.75,ransom_1989
1,0.1666666666666666,0.0,1,2,0.0,0.8333333333333334,ransom_1990
7,0.25,0.0,1,1,0.0,0.75,ransom_1991
5,0.0588235294117647,0.0,1,4,-0.3721042037676254,0.9411764705882352,ransom_1992
0,0.125,0.0,1,2,-0.4880935300919782,0.875,ransom_1993
2,0.125,0.0,1,2,0.27116307227332,0.875,ransom_1994
0,0.3333333333333333,0.0,1,1,0.0,0.6666666666666666,ransom_1995
0,0.125,0.0,1,2,-0.4880935300919782,0.875,ransom_1996
0,0.2,0.0,1,1,0.0,0.8,ransom_1997
0,0.05,0.0,1,3,-0.5957020200251812,0.95,ransom_1999
2,0.05,0.0,1,4,-0.3799724792235872,0.95,ransom_2000
0,0.1111111111111111,0.0,1,1,0.0,0.8888888888888888,ransom_2002
2,0.2,0.0,1,1,0.0,0.8,ransom_2004
0,0.1111111111111111,0.0,1,3,0.0,0.8888888888888888,ransom_2005
0,0.1428571428571428,0.0,1,1,-1.0,0.8571428571428571,ransom_2006
0,0.0666666666666666,0.0,1,3,-0.5763539780776882,0.9333333333333332,ransom_2007
2,0.05,0.0,1,4,-0.345389805360637,0.95,ransom_2008
8,0.0769230769230769,0.0,1,3,-0.478510148917265,0.9230769230769232,ransom_2009
0,0.2,0.0,1,1,0.0,0.8,ransom_2010
0,0.2,0.0,1,1,0.0,0.8,ransom_2012
0,0.0769230769230769,0.0,1,2,-0.6251717321316496,0.9230769230769232,ransom_2013
1,0.125,0.0,1,2,-0.166666666666668,0.875,ransom_2014
0,0.25,0.0,1,1,0.0,0.75,ransom_2015
0,0.2,0.0,1,2,0.0,0.8,ransom_2016
0,0.0833333333333333,0.0,1,3,-0.346410161513775,0.9166666666666666,ransom_2017
0,0.2,0.0,1,1,0.0,0.8,ransom_2018
1,0.3333333333333333,0.0,1,1,0.0,0.6666666666666666,ransom_2019
0,0.2,0.0,1,1,-1.0,0.8,ransom_2020
0,0.0714285714285714,0.0,1,3,-0.4813299149207699,0.9285714285714286,ransom_2021
0,0.1111111111111111,0.0,1,2,0.0,0.8888888888888888,ransom_2022
3,0.0384615384615384,0.0,1,4,-0.5663521139548544,0.9615384615384616,ransom_2023
0,0.0666666666666666,0.0,1,3,-0.4508348173337171,0.9333333333333332,ransom_2024
0,0.1666666666666666,0.0,1,2,0.0,0.8333333333333334,ransom_2025
0,0.25,0.0,1,1,0.0,0.75,ransom_2027
7,0.0714285714285714,0.0,1,3,-0.406410055476473,0.9285714285714286,ransom_2028
0,0.1428571428571428,0.0,1,1,0.0,0.8571428571428571,ransom_2029
0,0.3333333333333333,0.0,1,1,0.0,0.6666666666666666,ransom_2030
6,0.0769230769230769,0.0,1,3,-0.4447495899966606,0.9230769230769232,ransom_2031
0,0.1,0.0,1,2,-0.7905694150420954,0.9,ransom_2032
0,0.1428571428571428,0.0,1,1,-1.0,0.8571428571428571,ransom_2034
0,0.25,0.0,1,1,0.0,0.75,ransom_2035
1,0.1,0.0,1,1,-1.0000000000000009,0.9,ransom_2036
0,0.1666666666666666,0.0,1,1,-0.9999999999999992,0.8333333333333334,ransom_2037
3,0.3333333333333333,0.0,1,1,0.0,0.6666666666666666,ransom_2038
0,0.1428571428571428,0.0,1,1,0.0,0.8571428571428571,ransom_2039
0,0.05,0.0,1,5,-0.1706302322963319,0.95,ransom_2040
2,0.0588235294117647,0.0,1,3,-0.4055002010470495,0.9411764705882352,ransom_2041
0,0.1428571428571428,0.0,1,1,-1.0000000000000002,0.8571428571428571,ransom_2042
0,0.0476190476190476,0.0,1,4,-0.3112663518825621,0.9523809523809524,ransom_2043
0,0.3333333333333333,0.0,1,1,0.0,0.6666666666666666,ransom_2044
0,0.2,0.0,1,1,0.0,0.8,ransom_2045
0,0.3333333333333333,0.0,1,1,0.0,0.6666666666666666,ransom_2046
1,0.0714285714285714,0.0,1,4,-0.0210818510677897,0.9285714285714286,ransom_2047
0,0.1,0.0,1,1,-1.0000000000000009,0.9,ransom_2048
0,0.2,0.0,1,1,0.0,0.8,ransom_2049
0,0.1,0.0,1,3,-0.0805822964025377,0.9,ransom_2050
0,0.2,0.0,1,1,0.0,0.8,ransom_2051
1,0.0833333333333333,0.0,1,3,-0.3857583749052289,0.9166666666666666,ransom_2053
0,0.2,0.0,1,1,0.0,0.8,ransom_2054
0,0.0416666666666666,0.0,1,5,0.0,0.9583333333333334,ransom_2055
0,0.1111111111111111,0.0,1,2,-0.5962847939999439,0.8888888888888888,ransom_2056
0,0.0769230769230769,0.0,1,3,-0.4780914437337626,0.9230769230769232,ransom_2058
0,0.0434782608695652,0.0,1,5,-0.2405626121623435,0.9565217391304348,ransom_2059
1,0.0625,0.0,1,3,-0.7592566023652956,0.9375,ransom_2061
0,0.25,0.0,1,1,0.0,0.75,ransom_2062
0,0.0909090909090909,0.0,1,2,-0.790569415042095,0.9090909090909092,ransom_2063
0,0.0909090909090909,0.0,1,3,-0.2500000000000005,0.9090909090909092,ransom_2065
1,0.1111111111111111,0.0,1,2,0.0,0.8888888888888888,ransom_2066
3,0.0769230769230769,0.0,1,3,-0.5252257314388902,0.9230769230769232,ransom_2068
0,0.1666666666666666,0.0,1,1,-0.9999999999999992,0.8333333333333334,ransom_2069
1,0.0833333333333333,0.0,1,3,0.0,0.9166666666666666,ransom_2070
0,0.0416666666666666,0.0,1,5,-0.331961503504111,0.9583333333333334,ransom_2071
0,0.1111111111111111,0.0,1,2,-0.2886751345948129,0.8888888888888888,ransom_2073
0,0.25,0.0,1,1,0.0,0.75,ransom_2074
0,0.1428571428571428,0.0,1,2,-0.250000000000001,0.8571428571428571,ransom_2075
0,0.25,0.0,1,1,0.0,0.75,ransom_2076
0,0.125,0.0,1,1,-0.9999999999999996,0.875,ransom_2078
0,0.0833333333333333,0.0,1,3,-0.3268602252303066,0.9166666666666666,ransom_2079
0,0.0434782608695652,0.0,1,5,-0.4593152121746255,0.9565217391304348,ransom_2080
0,0.2,0.0,1,1,0.0,0.8,ransom_2081
0,0.0256410256410256,0.0,1,8,-0.2615426512149758,0.9743589743589745,ransom_2082
0,0.2,0.0,1,1,0.0,0.8,ransom_2083
0,0.2,0.0,1,1,-1.0,0.8,ransom_2084
0,0.1428571428571428,0.0,1,2,-0.250000000000001,0.8571428571428571,ransom_2085
0,0.3333333333333333,0.0,1,1,0.0,0.6666666666666666,ransom_2086
0,0.1666666666666666,0.0,1,1,0.0,0.8333333333333334,ransom_2087
0,0.3333333333333333,0.0,1,1,0.0,0.6666666666666666,ransom_2089
0,0.1666666666666666,0.0,1,1,0.0,0.8333333333333334,ransom_2092
0,0.125,0.0,1,1,0.0,0.875,ransom_2093
1,0.0588235294117647,0.0,1,3,-0.5661385170722978,0.9411764705882352,ransom_2094
1,0.03125,0.0,1,7,-0.2072482691837734,0.96875,ransom_2095
0,0.0625,0.0,1,2,-0.7330248059240446,0.9375,ransom_2096
0,0.1428571428571428,0.0,1,1,0.0,0.8571428571428571,ransom_2099
3,0.25,0.0,1,1,0.0,0.75,ransom_2100
0,0.0666666666666666,0.0,1,4,-0.0404888165089451,0.9333333333333332,ransom_2101
0,0.1,0.0,1,2,-0.7462025072446367,0.9,ransom_2103
0,0.0588235294117647,0.0,1,4,-0.284627226785928,0.9411764705882352,ransom_2104
0,0.1666666666666666,0.0,1,1,0.0,0.8333333333333334,ransom_2107
0,0.1,0.0,1,2,-0.7462025072446367,0.9,ransom_2108
0,0.1666666666666666,0.0,1,1,-0.9999999999999992,0.8333333333333334,ransom_2109
0,0.1111111111111111,0.0,1,3,0.0,0.8888888888888888,ransom_2110
0,0.1,0.0,1,2,-0.6027637811151019,0.9,ransom_2111
1,0.1666666666666666,0.0,1,1,-0.9999999999999992,0.8333333333333334,ransom_2113
0,0.25,0.0,1,1,0.0,0.75,ransom_2114
0,0.1666666666666666,0.0,1,1,-0.9999999999999992,0.8333333333333334,ransom_2115
0,0.1,0.0,1,2,-0.8237544710479152,0.9,ransom_2116
0,0.0714285714285714,0.0,1,3,-0.486172434804399,0.9285714285714286,ransom_2117
0,0.125,0.0,1,2,0.0,0.875,ransom_2118
0,0.125,0.0,1,1,-0.9999999999999996,0.875,ransom_2119
0,0.0588235294117647,0.0,1,4,-0.4481472365903106,0.9411764705882352,ransom_2120
2,0.0909090909090909,0.0,1,3,-0.2500000000000005,0.9090909090909092,ransom_2121
1,0.1666666666666666,0.0,1,2,0.0,0.8333333333333334,ransom_2123
0,0.1666666666666666,0.0,1,1,-0.9999999999999992,0.8333333333333334,ransom_2124
0,0.0769230769230769,0.0,1,2,0.0,0.9230769230769232,ransom_2125
0,0.0666666666666666,0.0,1,2,-0.9113820735293288,0.9333333333333332,ransom_2126
1,0.0666666666666666,0.0,1,3,-0.4409585518440994,0.9333333333333332,ransom_2127
0,0.125,0.0,1,1,0.0,0.875,ransom_2128
2,0.1428571428571428,0.0,1,2,-0.250000000000001,0.8571428571428571,ransom_2129
1,0.125,0.0,1,1,0.0,0.875,ransom_2130
0,0.2,0.0,1,1,-1.0,0.8,ransom_2131
0,0.1111111111111111,0.0,1,2,0.0,0.8888888888888888,ransom_2132
0,0.04,0.0,1,6,-0.1053726739547663,0.96,ransom_2133
0,0.0588235294117647,0.0,1,3,-0.4360060060885994,0.9411764705882352,ransom_2134
8,0.2,0.0,1,1,0.0,0.8,ransom_2135
0,0.3333333333333333,0.0,1,1,0.0,0.6666666666666666,ransom_2138
0,0.1111111111111111,0.0,1,2,-0.6546536707079772,0.8888888888888888,ransom_2139
0,0.1111111111111111,0.0,1,1,-1.0,0.8888888888888888,ransom_2140
0,0.25,0.0,1,1,0.0,0.75,ransom_2141
0,0.2,0.0,1,1,-1.0,0.8,ransom_2143
1,0.0714285714285714,0.0,1,3,-0.6770032003863304,0.9285714285714286,ransom_2145
0,0.25,0.0,1,1,0.0,0.75,ransom_2146
6,0.0833333333333333,0.0,1,3,-0.3901994862858541,0.9166666666666666,ransom_2147
0,0.1111111111111111,0.0,1,2,-0.2886751345948129,0.8888888888888888,ransom_2148
1,0.1428571428571428,0.0,1,2,-0.250000000000001,0.8571428571428571,ransom_2149
0,0.1666666666666666,0.0,1,1,0.0,0.8333333333333334,ransom_2150
0,0.125,0.0,1,1,0.0,0.875,ransom_2151
0,0.1666666666666666,0.0,1,1,0.0,0.8333333333333334,ransom_2152
0,0.0833333333333333,0.0,1,2,-0.7229610450589112,0.9166666666666666,ransom_2154
1,0.1666666666666666,0.0,1,2,0.0,0.8333333333333334,ransom_2156
0,0.3333333333333333,0.0,1,1,0.0,0.6666666666666666,ransom_2157
0,0.2,0.0,1,1,-1.0,0.8,ransom_2158
5,0.0833333333333333,0.0,1,3,-0.1692777916923357,0.9166666666666666,ransom_2159
0,0.1,0.0,1,1,0.0,0.9,ransom_2160
0,0.0666666666666666,0.0,1,3,-0.6647029903343884,0.9333333333333332,ransom_2161
0,0.25,0.0,1,1,0.0,0.75,ransom_2162
0,0.1666666666666666,0.0,1,1,0.0,0.8333333333333334,ransom_2163
1,0.2,0.0,1,1,0.0,0.8,ransom_2165
0,0.25,0.0,1,1,0.0,0.75,ransom_2166
2,0.0666666666666666,0.0,1,3,-0.5785419118799018,0.9333333333333332,ransom_2167
0,0.1666666666666666,0.0,1,1,-0.9999999999999992,0.8333333333333334,ransom_2168
0,0.0666666666666666,0.0,1,4,-0.0404888165089451,0.9333333333333332,ransom_2169
0,0.2,0.0,1,1,-1.0,0.8,ransom_2170
2,0.125,0.0,1,1,-0.9999999999999988,0.875,ransom_2171
0,0.0666666666666666,0.0,1,2,-0.7475311477800827,0.9333333333333332,ransom_2172
2,0.25,0.0,1,1,0.0,0.75,ransom_2173
2,0.2,0.0,1,1,-1.0,0.8,ransom_2174
0,0.2,0.0,1,1,0.0,0.8,ransom_2175
0,0.0833333333333333,0.0,1,2,0.0,0.9166666666666666,ransom_2176
0,0.2,0.0,1,1,0.0,0.8,ransom_2177
0,0.1428571428571428,0.0,1,1,-1.0,0.8571428571428571,ransom_2178
1,0.0769230769230769,0.0,1,3,-0.2085144140570746,0.9230769230769232,ransom_2179
0,0.0384615384615384,0.0,1,4,-0.5010319928420143,0.9615384615384616,ransom_2180
1,0.0833333333333333,0.0,1,2,-0.7390740429532632,0.9166666666666666,ransom_2181
1,0.1,0.0,1,3,-0.0805822964025377,0.9,ransom_2182
0,0.0555555555555555,0.0,1,3,-0.5425307573230381,0.9444444444444444,ransom_2183
0,0.03125,0.0,1,6,-0.3918939615782348,0.96875,ransom_2184
0,0.2,0.0,1,1,0.0,0.8,ransom_2186
4,0.0357142857142857,0.0,1,6,-0.3159000121550453,0.9642857142857144,ransom_2187
0,0.25,0.0,1,1,0.0,0.75,ransom_2188
1,0.0909090909090909,0.0,1,3,-0.1666666666666678,0.9090909090909092,ransom_2189
1,0.05,0.0,1,4,-0.3181762823224967,0.95,ransom_2190
0,0.3333333333333333,0.0,1,1,0.0,0.6666666666666666,ransom_2191
0,0.2,0.0,1,1,0.0,0.8,ransom_2192
0,0.1666666666666666,0.0,1,1,0.0,0.8333333333333334,ransom_2194
2,0.0769230769230769,0.0,1,3,-0.3779644730092285,0.9230769230769232,ransom_2195
0,0.0909090909090909,0.0,1,4,0.0,0.9090909090909092,ransom_2196
0,0.3333333333333333,0.0,1,1,0.0,0.6666666666666666,ransom_2197
0,0.2,0.0,1,1,-1.0,0.8,ransom_2200
0,0.1428571428571428,0.0,1,1,-1.0,0.8571428571428571,ransom_2201
0,0.1666666666666666,0.0,1,1,-0.9999999999999992,0.8333333333333334,ransom_2202
0,0.25,0.0,1,1,0.0,0.75,ransom_2204
0,0.1666666666666666,0.0,1,2,0.1666666666666655,0.8333333333333334,ransom_2205
5,0.1428571428571428,0.0,1,2,-0.250000000000001,0.8571428571428571,ransom_2206
0,0.1,0.0,1,2,0.0,0.9,ransom_2208
0,0.25,0.0,1,1,0.0,0.75,ransom_2209
0,0.1666666666666666,0.0,1,1,0.0,0.8333333333333334,ransom_2210
0,0.0833333333333333,0.0,1,2,0.0,0.9166666666666666,ransom_2212
0,0.2,0.0,1,1,-1.0,0.8,ransom_2213
0,0.125,0.0,1,1,0.0,0.875,ransom_2214
3,0.1,0.0,1,2,-0.8237544710479152,0.9,ransom_2215
1,0.2,0.0,1,1,0.0,0.8,ransom_2216
0,0.0909090909090909,0.0,1,1,-1.0,0.9090909090909092,ransom_2217
0,0.25,0.0,1,1,0.0,0.75,ransom_2218
1,0.1111111111111111,0.0,1,2,-0.5555555555555556,0.8888888888888888,ransom_2219
0,0.1428571428571428,0.0,1,2,0.0,0.8571428571428571,ransom_2220
0,0.0769230769230769,0.0,1,2,-0.8597853041491064,0.9230769230769232,ransom_2221
0,0.2,0.0,1,1,0.0,0.8,ransom_2222
1,0.125,0.0,1,2,0.0,0.875,ransom_2224
0,0.25,0.0,1,1,0.0,0.75,ransom_2225
2,0.1666666666666666,0.0,1,1,-0.9999999999999992,0.8333333333333334,ransom_2226
2,0.1428571428571428,0.0,1,1,0.0,0.8571428571428571,ransom_2227
0,0.25,0.0,1,1,0.0,0.75,ransom_2229
0,0.1666666666666666,0.0,1,2,0.0,0.8333333333333334,ransom_2230
0,0.25,0.0,1,1,0.0,0.75,ransom_2232
0,0.0833333333333333,0.0,1,2,-0.6195991719677594,0.9166666666666666,ransom_2233
1,0.0769230769230769,0.0,1,3,-0.4000000000000012,0.9230769230769232,ransom_2234
2,0.1428571428571428,0.0,1,1,0.0,0.8571428571428571,ransom_2236
0,0.1,0.0,1,2,-0.6027637811151019,0.9,ransom_2237
1,0.0181818181818181,0.0,1,10,-0.3059324231683873,0.9818181818181818,ransom_2238
4,0.1428571428571428,0.0,1,2,0.0,0.8571428571428571,ransom_2239
0,0.2,0.0,1,1,-1.0,0.8,ransom_2240
3,0.1666666666666666,0.0,1,2,0.0,0.8333333333333334,ransom_2241
0,0.1428571428571428,0.0,1,1,0.0,0.8571428571428571,ransom_2242
0,0.2,0.0,1,1,-1.0,0.8,ransom_2244
1,0.1428571428571428,0.0,1,1,0.0,0.8571428571428571,ransom_2245
0,0.1666666666666666,0.0,1,1,0.0,0.8333333333333334,ransom_2246
0,0.1666666666666666,0.0,1,1,-0.9999999999999992,0.8333333333333334,ransom_2247
0,0.0909090909090909,0.0,1,2,0.0,0.9090909090909092,ransom_2248
0,0.1111111111111111,0.0,1,1,-1.0,0.8888888888888888,ransom_2249
0,0.1666666666666666,0.0,1,1,-0.9999999999999992,0.8333333333333334,ransom_2250
1,0.0909090909090909,0.0,1,3,-0.166666666666668,0.9090909090909092,ransom_2251
0,0.3333333333333333,0.0,1,1,0.0,0.6666666666666666,ransom_2252
0,0.2,0.0,1,1,0.0,0.8,ransom_2253
0,0.25,0.0,1,1,0.0,0.75,ransom_2254
0,0.125,0.0,1,1,0.0,0.875,ransom_2255
0,0.2,0.0,1,1,0.0,0.8,ransom_2256
1,0.2,0.0,1,2,0.0,0.8,ransom_2257
0,0.25,0.0,1,1,0.0,0.75,ransom_2258
0,0.1428571428571428,0.0,1,1,0.0,0.8571428571428571,ransom_2260
0,0.0434782608695652,0.0,1,3,-0.675989663616577,0.9565217391304348,ransom_2261
0,0.1111111111111111,0.0,1,1,-1.0,0.8888888888888888,ransom_2262
4,0.2,0.0,1,1,0.0,0.8,ransom_2263
0,0.25,0.0,1,1,0.0,0.75,ransom_2265
8,0.0294117647058823,0.0,1,5,-0.5198248913581809,0.9705882352941176,ransom_2266
0,0.1,0.0,1,2,0.0,0.9,ransom_2268
2,0.0625,0.0,1,4,-0.3671086215711884,0.9375,ransom_2269
0,0.3333333333333333,0.0,1,1,0.0,0.6666666666666666,ransom_2271
0,0.3333333333333333,0.0,1,1,0.0,0.6666666666666666,ransom_2272
0,0.0833333333333333,0.0,1,2,0.0,0.9166666666666666,ransom_2273
0,0.3333333333333333,0.0,1,1,0.0,0.6666666666666666,ransom_2274
2,0.25,0.0,1,1,0.0,0.75,ransom_2275
0,0.0555555555555555,0.0,1,3,-0.7317856802352796,0.9444444444444444,ransom_2276
7,0.25,0.0,1,1,0.0,0.75,ransom_2277
2,0.125,0.0,1,2,-0.4880935300919782,0.875,ransom_2278
0,0.125,0.0,1,2,-0.4166666666666659,0.875,ransom_2279
3,0.125,0.0,1,2,-0.4880935300919782,0.875,ransom_2280
0,0.0833333333333333,0.0,1,2,-0.6815940677933079,0.9166666666666666,ransom_2281
0,0.2,0.0,1,1,0.0,0.8,ransom_2282
0,0.1666666666666666,0.0,1,1,0.0,0.8333333333333334,ransom_2283
9,0.0526315789473684,0.0,1,4,-0.5786375623578444,0.9473684210526316,ransom_2284
0,0.1666666666666666,0.0,1,1,-0.9999999999999992,0.8333333333333334,ransom_2285
0,0.0666666666666666,0.0,1,3,0.0,0.9333333333333332,ransom_2286
0,0.0416666666666666,0.0,1,5,-0.2310094209006638,0.9583333333333334,ransom_2287
0,0.0769230769230769,0.0,1,2,-0.6251717321316496,0.9230769230769232,ransom_2288
0,0.0769230769230769,0.0,1,2,-0.7470873676376283,0.9230769230769232,ransom_2289
6,0.0833333333333333,0.0,1,2,0.0,0.9166666666666666,ransom_2290
0,0.125,0.0,1,1,0.0,0.875,ransom_2291
1,0.037037037037037,0.0,1,8,-0.0438107954338324,0.9629629629629628,ransom_2292
0,0.1111111111111111,0.0,1,2,0.0,0.8888888888888888,ransom_2293
6,0.0555555555555555,0.0,1,4,-0.2982045035305907,0.9444444444444444,ransom_2294
0,0.125,0.0,1,1,-0.9999999999999988,0.875,ransom_2295
0,0.25,0.0,1,1,0.0,0.75,ransom_2297
0,0.2,0.0,1,1,0.0,0.8,ransom_2298
0,0.25,0.0,1,1,0.0,0.75,ransom_2299
1,0.1,0.0,1,2,-0.8237544710479152,0.9,ransom_2300
0,0.125,0.0,1,2,0.0,0.875,ransom_2301
0,0.1428571428571428,0.0,1,1,0.0,0.8571428571428571,ransom_2302
0,0.1666666666666666,0.0,1,1,0.0,0.8333333333333334,ransom_2303
1,0.1666666666666666,0.0,1,1,0.0,0.8333333333333334,ransom_2304
0,0.3333333333333333,0.0,1,1,0.0,0.6666666666666666,ransom_2305
0,0.0833333333333333,0.0,1,3,-0.3464101615137753,0.9166666666666666,ransom_2306
0,0.25,0.0,1,1,0.0,0.75,ransom_2308
0,0.25,0.0,1,1,0.0,0.75,ransom_2309
0,0.1666666666666666,0.0,1,1,-0.9999999999999992,0.8333333333333334,ransom_2310
0,0.2,0.0,1,1,0.0,0.8,ransom_2312
0,0.0588235294117647,0.0,1,4,-0.2773500981126145,0.9411764705882352,ransom_2315
0,0.25,0.0,1,1,0.0,0.75,ransom_2317
6,0.125,0.0,1,2,0.0,0.875,ransom_2318
0,0.25,0.0,1,1,0.0,0.75,ransom_2319
0,0.2,0.0,1,1,0.0,0.8,ransom_2321
0,0.25,0.0,1,1,0.0,0.75,ransom_2322
1,0.0384615384615384,0.0,1,6,-0.1148388983272526,0.9615384615384616,ransom_2324
0,0.0909090909090909,0.0,1,2,0.0,0.9090909090909092,ransom_2325
0,0.1428571428571428,0.0,1,1,0.0,0.8571428571428571,ransom_2327
0,0.04,0.0,1,5,-0.4345747171784112,0.96,ransom_2328
0,0.3333333333333333,0.0,1,1,0.0,0.6666666666666666,ransom_2329
0,0.3333333333333333,0.0,1,1,0.0,0.6666666666666666,ransom_2330
0,0.3333333333333333,0.0,1,1,0.0,0.6666666666666666,ransom_2332
2,0.0909090909090909,0.0,1,2,0.0,0.9090909090909092,ransom_2333
0,0.1666666666666666,0.0,1,2,0.0,0.8333333333333334,ransom_2334
0,0.25,0.0,1,1,0.0,0.75,ransom_2335
0,0.1666666666666666,0.0,1,2,0.0,0.8333333333333334,ransom_2337
0,0.2,0.0,1,1,0.0,0.8,ransom_2338
0,0.0588235294117647,0.0,1,3,-0.6459751934999393,0.9411764705882352,ransom_2340
6,0.1666666666666666,0.0,1,1,-0.9999999999999992,0.8333333333333334,ransom_2341
1,0.125,0.0,1,2,0.0,0.875,ransom_2342
0,0.2,0.0,1,1,0.0,0.8,ransom_2344
7,0.1428571428571428,0.0,1,2,0.0,0.8571428571428571,ransom_2346
0,0.0769230769230769,0.0,1,3,-0.5252257314388902,0.9230769230769232,ransom_2347
0,0.1428571428571428,0.0,1,1,0.0,0.8571428571428571,ransom_2348
0,0.1666666666666666,0.0,1,1,0.0,0.8333333333333334,ransom_2349
0,0.1666666666666666,0.0,1,1,-0.9999999999999992,0.8333333333333334,ransom_2351
0,0.1428571428571428,0.0,1,1,-1.0,0.8571428571428571,ransom_2353
1,0.1,0.0,1,3,0.0,0.9,ransom_2355
0,0.0526315789473684,0.0,1,4,-0.3231227432571582,0.9473684210526316,ransom_2356
2,0.0909090909090909,0.0,1,3,0.0,0.9090909090909092,ransom_2357
0,0.0625,0.0,1,3,-0.6285527866495554,0.9375,ransom_2358
0,0.1111111111111111,0.0,1,1,0.0,0.8888888888888888,ransom_2359
0,0.25,0.0,1,1,0.0,0.75,ransom_2360
0,0.0714285714285714,0.0,1,3,-0.3885777727501212,0.9285714285714286,ransom_2361
0,0.1,0.0,1,2,0.0,0.9,ransom_2362
1,0.0769230769230769,0.0,1,3,-0.4000000000000012,0.9230769230769232,ransom_2363
5,0.1666666666666666,0.0,1,1,-0.9999999999999992,0.8333333333333334,ransom_2364
2,0.2,0.0,1,2,0.0,0.8,ransom_2365
0,0.0909090909090909,0.0,1,4,0.0,0.9090909090909092,ransom_2366
0,0.1666666666666666,0.0,1,2,0.0,0.8333333333333334,ransom_2367
0,0.1,0.0,1,1,-1.0000000000000009,0.9,ransom_2368
0,0.1428571428571428,0.0,1,2,-0.250000000000001,0.8571428571428571,ransom_2370
0,0.0769230769230769,0.0,1,3,-0.3641785203646157,0.9230769230769232,ransom_2371
1,0.25,0.0,1,1,0.0,0.75,ransom_2372
0,0.0833333333333333,0.0,1,3,0.0,0.9166666666666666,ransom_2373
0,0.2,0.0,1,1,0.0,0.8,ransom_2374
0,0.1666666666666666,0.0,1,1,0.0,0.8333333333333334,ransom_2376
0,0.1428571428571428,0.0,1,1,0.0,0.8571428571428571,ransom_2377
0,0.25,0.0,1,1,0.0,0.75,ransom_2378
0,0.1428571428571428,0.0,1,1,-1.0,0.8571428571428571,ransom_2379
0,0.3333333333333333,0.0,1,1,0.0,0.6666666666666666,ransom_2380
2,0.3333333333333333,0.0,1,1,0.0,0.6666666666666666,ransom_2382
0,0.0833333333333333,0.0,1,2,0.0,0.9166666666666666,ransom_2384
0,0.0909090909090909,0.0,1,2,0.0,0.9090909090909092,ransom_2385
0,0.1,0.0,1,2,-0.55,0.9,ransom_2387
0,0.25,0.0,1,1,0.0,0.75,ransom_2388
0,0.0714285714285714,0.0,1,2,-0.5992736161034256,0.9285714285714286,ransom_2389
0,0.1666666666666666,0.0,1,2,0.1666666666666655,0.8333333333333334,ransom_2390
0,0.1,0.0,1,2,0.0,0.9,ransom_2391
0,0.25,0.0,1,1,0.0,0.75,ransom_2392
0,0.0833333333333333,0.0,1,3,0.0,0.9166666666666666,ransom_2393
0,0.125,0.0,1,1,0.0,0.875,ransom_2394
0,0.125,0.0,1,1,-0.9999999999999996,0.875,ransom_2395
8,0.3333333333333333,0.0,1,1,0.0,0.6666666666666666,ransom_2396
0,0.1,0.0,1,2,-0.7416198487095668,0.9,ransom_2397
2,0.0588235294117647,0.0,1,5,-0.0478091443733757,0.9411764705882352,ransom_2398
0,0.2,0.0,1,1,0.0,0.8,ransom_2399
0,0.1,0.0,1,3,0.0,0.9,ransom_2400
3,0.0476190476190476,0.0,1,5,-0.2857142857142858,0.9523809523809524,ransom_2401
5,0.0588235294117647,0.0,1,4,0.0,0.9411764705882352,ransom_2402
2,0.0476190476190476,0.0,1,6,-0.0182391885054865,0.9523809523809524,ransom_2403
0,0.1111111111111111,0.0,1,1,-1.0,0.8888888888888888,ransom_2404
4,0.1428571428571428,0.0,1,1,0.0,0.8571428571428571,ransom_2405
0,0.25,0.0,1,1,0.0,0.75,ransom_2406
0,0.1111111111111111,0.0,1,1,-1.0,0.8888888888888888,ransom_2407
0,0.1666666666666666,0.0,1,1,0.0,0.8333333333333334,ransom_2408
0,0.1,0.0,1,3,-0.0805822964025377,0.9,ransom_2409
0,0.125,0.0,1,1,-0.9999999999999996,0.875,ransom_2410
0,0.1111111111111111,0.0,1,2,0.0,0.8888888888888888,ransom_2412
0,0.3333333333333333,0.0,1,1,0.0,0.6666666666666666,ransom_2414
0,0.0714285714285714,0.0,1,3,-0.5270462766947305,0.9285714285714286,ransom_2415
0,0.1111111111111111,0.0,1,2,-0.5555555555555556,0.8888888888888888,ransom_2416
1,0.1,0.0,1,3,0.0,0.9,ransom_2417
7,0.0714285714285714,0.0,1,3,-0.5134360308102701,0.9285714285714286,ransom_2418
2,0.2,0.0,1,1,0.0,0.8,ransom_2419
0,0.25,0.0,1,1,0.0,0.75,ransom_2420
2,0.3333333333333333,0.0,1,1,0.0,0.6666666666666666,ransom_2421
17,0.1111111111111111,0.0,1,2,0.0,0.8888888888888888,ransom_2422
1,0.0227272727272727,0.0,1,7,-0.4280237784180768,0.9772727272727272,ransom_2423
1,0.0476190476190476,0.0,1,3,-0.5869974991724958,0.9523809523809524,ransom_2424
1,0.1428571428571428,0.0,1,2,0.0,0.8571428571428571,ransom_2428
0,0.0909090909090909,0.0,1,1,-1.0,0.9090909090909092,ransom_2430
0,0.0555555555555555,0.0,1,3,0.0,0.9444444444444444,ransom_2432
7,0.0588235294117647,0.0,1,4,-0.2136968788054322,0.9411764705882352,ransom_2435
0,0.0476190476190476,0.0,1,4,-0.5664705542999467,0.9523809523809524,ransom_2436
0,0.25,0.0,1,1,0.0,0.75,ransom_2437
0,0.25,0.0,1,1,0.0,0.75,ransom_2438
0,0.25,0.0,1,1,0.0,0.75,ransom_2441
0,0.1428571428571428,0.0,1,1,-1.0,0.8571428571428571,ransom_2443
0,0.25,0.0,1,1,0.0,0.75,ransom_2445
0,0.0666666666666666,0.0,1,4,-0.0404888165089451,0.9333333333333332,ransom_2446
0,0.0909090909090909,0.0,1,3,-0.166666666666668,0.9090909090909092,ransom_2448
0,0.1428571428571428,0.0,1,2,0.0,0.8571428571428571,ransom_2449
1,0.0555555555555555,0.0,1,5,0.0,0.9444444444444444,ransom_2450
0,0.2,0.0,1,2,0.0,0.8,ransom_2451
1,0.1428571428571428,0.0,1,2,0.0,0.8571428571428571,ransom_2452
0,0.125,0.0,1,2,0.0,0.875,ransom_2454
0,0.0769230769230769,0.0,1,3,0.0,0.9230769230769232,ransom_2455
0,0.25,0.0,1,1,0.0,0.75,ransom_2457
0,0.3333333333333333,0.0,1,1,0.0,0.6666666666666666,ransom_2458
8,0.0833333333333333,0.0,1,3,-0.3268602252303066,0.9166666666666666,ransom_2459
1,0.0666666666666666,0.0,1,4,0.043033148291194,0.9333333333333332,ransom_2460
18,0.0769230769230769,0.0,1,4,0.0,0.9230769230769232,ransom_2461
1,0.1666666666666666,0.0,1,2,0.0,0.8333333333333334,ransom_2463
0,0.1111111111111111,0.0,1,3,0.0,0.8888888888888888,ransom_2465
1,0.0714285714285714,0.0,1,4,-0.0769321818620843,0.9285714285714286,ransom_2467
35,0.25,0.0,1,1,0.0,0.75,ransom_2470
1,0.1111111111111111,0.0,1,2,-0.6546536707079772,0.8888888888888888,ransom_2471
0,0.25,0.0,1,1,0.0,0.75,ransom_2472
1,0.1666666666666666,0.0,1,2,0.0,0.8333333333333334,ransom_2474
0,0.1428571428571428,0.0,1,2,0.0,0.8571428571428571,ransom_2476
0,0.0909090909090909,0.0,1,3,-0.2500000000000005,0.9090909090909092,ransom_2478
0,0.125,0.0,1,2,-0.4880935300919782,0.875,ransom_2480
0,0.1666666666666666,0.0,1,2,0.0,0.8333333333333334,ransom_2481
2,0.1,0.0,1,3,0.0,0.9,ransom_2482
0,0.1428571428571428,0.0,1,2,-0.250000000000001,0.8571428571428571,ransom_2484
0,0.0909090909090909,0.0,1,3,0.0,0.9090909090909092,ransom_2485
0,0.0588235294117647,0.0,1,5,0.0,0.9411764705882352,ransom_2486
0,0.1428571428571428,0.0,1,2,0.0,0.8571428571428571,ransom_2487
2,0.1666666666666666,0.0,1,2,0.0,0.8333333333333334,ransom_2488
7,0.125,0.0,1,2,-0.4880935300919782,0.875,ransom_2490
0,0.1666666666666666,0.0,1,2,0.0,0.8333333333333334,ransom_2491
0,0.125,0.0,1,2,-0.4880935300919782,0.875,ransom_2492
0,0.2,0.0,1,1,-1.0,0.8,ransom_2493
5,0.1428571428571428,0.0,1,2,0.0,0.8571428571428571,ransom_2495
0,0.1428571428571428,0.0,1,2,-0.250000000000001,0.8571428571428571,ransom_2496
0,0.2,0.0,1,1,0.0,0.8,ransom_2498
0,0.0909090909090909,0.0,1,3,-0.2500000000000005,0.9090909090909092,ransom_2499
0,0.25,0.0,1,1,0.0,0.75,ransom_2500
0,0.3333333333333333,0.0,1,1,0.0,0.6666666666666666,ransom_2502
0,0.125,0.0,1,2,-0.6454972243679025,0.875,ransom_2503
6,0.0769230769230769,0.0,1,5,0.0399999999999995,0.9230769230769232,ransom_2504
2,0.125,0.0,1,2,0.0,0.875,ransom_2505
0,0.25,0.0,1,1,0.0,0.75,ransom_2506
0,0.125,0.0,1,3,0.0,0.875,ransom_2507
0,0.1428571428571428,0.0,1,2,0.4999999999999995,0.8571428571428571,ransom_2508
0,0.125,0.0,1,2,-0.166666666666668,0.875,ransom_2509
5,0.0833333333333333,0.0,1,3,-0.3888888888888903,0.9166666666666666,ransom_2511
0,0.1428571428571428,0.0,1,2,0.0,0.8571428571428571,ransom_2512
1,0.1,0.0,1,3,-0.0805822964025377,0.9,ransom_2513
0,0.1428571428571428,0.0,1,2,-0.250000000000001,0.8571428571428571,ransom_2515
0,0.2,0.0,1,2,0.0,0.8,ransom_2516
9,0.0769230769230769,0.0,1,4,0.0,0.9230769230769232,ransom_2517
0,0.1666666666666666,0.0,1,2,0.0,0.8333333333333334,ransom_2518
0,0.25,0.0,1,1,0.0,0.75,ransom_2519
0,0.1111111111111111,0.0,1,3,0.0,0.8888888888888888,ransom_2520
0,0.0833333333333333,0.0,1,3,-0.3888888888888903,0.9166666666666666,ransom_2521
0,0.25,0.0,1,1,0.0,0.75,ransom_2522
0,0.125,0.0,1,2,-0.6454972243679025,0.875,ransom_2523
0,0.3333333333333333,0.0,1,1,0.0,0.6666666666666666,ransom_2524
2,0.25,0.0,1,1,0.0,0.75,ransom_2525
4,0.0666666666666666,0.0,1,5,0.0,0.9333333333333332,ransom_2527
2,0.1,0.0,1,3,-0.0805822964025377,0.9,ransom_2528
3,0.1,0.0,1,3,0.0,0.9,ransom_2529
0,0.125,0.0,1,2,0.0,0.875,ransom_2531
0,0.1428571428571428,0.0,1,2,0.0,0.8571428571428571,ransom_2532
0,0.1666666666666666,0.0,1,2,0.0,0.8333333333333334,ransom_2533
3,0.125,0.0,1,3,0.0,0.875,ransom_2535
10,0.125,0.0,1,3,0.0,0.875,ransom_2536
0,0.1,0.0,1,3,0.0,0.9,ransom_2537
0,0.0909090909090909,0.0,1,3,0.0,0.9090909090909092,ransom_2538
0,0.0769230769230769,0.0,1,4,0.0,0.9230769230769232,ransom_2539
0,0.2,0.0,1,1,-1.0,0.8,ransom_2541
0,0.125,0.0,1,2,0.0,0.875,ransom_2542
0,0.1666666666666666,0.0,1,1,-0.9999999999999992,0.8333333333333334,ransom_2543
1,0.1,0.0,1,3,0.0,0.9,ransom_2544
0,0.1111111111111111,0.0,1,3,0.0,0.8888888888888888,ransom_2546
0,0.1666666666666666,0.0,1,2,0.0,0.8333333333333334,ransom_2547
1,0.1428571428571428,0.0,1,2,-0.250000000000001,0.8571428571428571,ransom_2548
0,0.1,0.0,1,3,0.0,0.9,ransom_2549
0,0.125,0.0,1,3,0.0,0.875,ransom_2550
0,0.2,0.0,1,1,-1.0,0.8,ransom_2551
0,0.2,0.0,1,1,0.0,0.8,ransom_2552
0,0.2,0.0,1,1,0.0,0.8,ransom_2553
2,0.0833333333333333,0.0,1,3,-0.2390457218668779,0.9166666666666666,ransom_2555
0,0.1111111111111111,0.0,1,2,-0.6546536707079772,0.8888888888888888,ransom_2556
1,0.1666666666666666,0.0,1,2,0.0,0.8333333333333334,ransom_2557
0,0.1428571428571428,0.0,1,2,-0.250000000000001,0.8571428571428571,ransom_2559
0,0.3333333333333333,0.0,1,1,0.0,0.6666666666666666,ransom_2561
0,0.0833333333333333,0.0,1,3,0.0,0.9166666666666666,ransom_2562
0,0.2,0.0,1,1,0.0,0.8,ransom_2563
0,0.1111111111111111,0.0,1,2,0.0,0.8888888888888888,ransom_2564
1,0.0833333333333333,0.0,1,4,0.0,0.9166666666666666,ransom_2565
0,0.0909090909090909,0.0,1,3,-0.1666666666666678,0.9090909090909092,ransom_2566
1,0.0833333333333333,0.0,1,4,0.0,0.9166666666666666,ransom_2567
0,0.3333333333333333,0.0,1,1,0.0,0.6666666666666666,ransom_2568
1,0.25,0.0,1,1,0.0,0.75,ransom_2570
2,0.25,0.0,1,1,0.0,0.75,ransom_2571
1,0.0588235294117647,0.0,1,6,0.0436435780471984,0.9411764705882352,ransom_2572
1,0.0909090909090909,0.0,1,3,-0.166666666666668,0.9090909090909092,ransom_2573
0,0.1111111111111111,0.0,1,3,0.0,0.8888888888888888,ransom_2574
0,0.3333333333333333,0.0,1,1,0.0,0.6666666666666666,ransom_2575
0,0.125,0.0,1,3,0.0,0.875,ransom_2576
0,0.3333333333333333,0.0,1,1,0.0,0.6666666666666666,ransom_2577
1,0.1666666666666666,0.0,1,2,0.0,0.8333333333333334,ransom_2578
6,0.1,0.0,1,3,-0.0805822964025377,0.9,ransom_2579
0,0.1666666666666666,0.0,1,2,0.0,0.8333333333333334,ransom_2580
0,0.0714285714285714,0.0,1,5,0.0375425527889134,0.9285714285714286,ransom_2581
1,0.0909090909090909,0.0,1,3,0.0,0.9090909090909092,ransom_2582
1,0.0666666666666666,0.0,1,4,0.0,0.9333333333333332,ransom_2583
3,0.125,0.0,1,2,0.0,0.875,ransom_2586
0,0.3333333333333333,0.0,1,1,0.0,0.6666666666666666,ransom_2587
0,0.25,0.0,1,1,0.0,0.75,ransom_2588
0,0.1,0.0,1,3,0.0,0.9,ransom_2591
0,0.1111111111111111,0.0,1,2,0.0,0.8888888888888888,ransom_2593
5,0.1666666666666666,0.0,1,2,0.1666666666666655,0.8333333333333334,ransom_2594
0,0.3333333333333333,0.0,1,1,0.0,0.6666666666666666,ransom_2595
0,0.2,0.0,1,1,0.0,0.8,ransom_2596
1,0.1428571428571428,0.0,1,2,0.0,0.8571428571428571,ransom_2597
0,0.1111111111111111,0.0,1,3,0.0,0.8888888888888888,ransom_2598
0,0.125,0.0,1,3,0.0,0.875,ransom_2599
4,0.0666666666666666,0.0,1,4,-0.0912870929175288,0.9333333333333332,ransom_2600
5,0.25,0.0,1,1,0.0,0.75,ransom_2601
1,0.125,0.0,1,2,0.0,0.875,ransom_2602
0,0.1111111111111111,0.0,1,3,0.0,0.8888888888888888,ransom_2603
3,0.1111111111111111,0.0,1,3,0.0,0.8888888888888888,ransom_2604
1,0.0833333333333333,0.0,1,4,0.0,0.9166666666666666,ransom_2605
0,0.1428571428571428,0.0,1,2,0.0,0.8571428571428571,ransom_2606
0,0.1666666666666666,0.0,1,2,0.0,0.8333333333333334,ransom_2607
3,0.1111111111111111,0.0,1,2,-0.6546536707079772,0.8888888888888888,ransom_2608
0,0.0769230769230769,0.0,1,4,0.0,0.9230769230769232,ransom_2609
0,0.1428571428571428,0.0,1,2,0.0,0.8571428571428571,ransom_2610
0,0.25,0.0,1,1,0.0,0.75,ransom_2613
0,0.0666666666666666,0.0,1,5,0.0,0.9333333333333332,ransom_2614
0,0.1666666666666666,0.0,1,2,0.0,0.8333333333333334,ransom_2617
0,0.0714285714285714,0.0,1,4,0.067115605521402,0.9285714285714286,ransom_2618
2,0.0833333333333333,0.0,1,4,0.0,0.9166666666666666,ransom_2619
2,0.1666666666666666,0.0,1,2,0.0,0.8333333333333334,ransom_2620
0,0.1,0.0,1,2,-0.8237544710479152,0.9,ransom_2621
1,0.0833333333333333,0.0,1,3,-0.2390457218668779,0.9166666666666666,ransom_2622
0,0.05,0.0,1,7,0.0,0.95,ransom_2623
0,0.0909090909090909,0.0,1,3,-0.2500000000000005,0.9090909090909092,ransom_2624
4,0.0625,0.0,1,4,-0.1324295304292306,0.9375,ransom_2625
4,0.0769230769230769,0.0,1,4,-0.063245553203368,0.9230769230769232,ransom_2626
0,0.1111111111111111,0.0,1,2,-0.6546536707079772,0.8888888888888888,ransom_2627
0,0.1428571428571428,0.0,1,2,0.0,0.8571428571428571,ransom_2628
1,0.0769230769230769,0.0,1,4,0.0,0.9230769230769232,ransom_2629
0,0.3333333333333333,0.0,1,1,0.0,0.6666666666666666,ransom_2630
0,0.25,0.0,1,1,0.0,0.75,ransom_2631
0,0.1428571428571428,0.0,1,2,0.0,0.8571428571428571,ransom_2633
2,0.1666666666666666,0.0,1,2,0.0,0.8333333333333334,ransom_2634
0,0.1428571428571428,0.0,1,2,0.0,0.8571428571428571,ransom_2635
0,0.1,0.0,1,4,0.0,0.9,ransom_2636
0,0.05,0.0,1,5,-0.0603984338889137,0.95,ransom_2637
0,0.0909090909090909,0.0,1,3,0.0,0.9090909090909092,ransom_2638
1,0.1,0.0,1,3,0.0,0.9,ransom_2639
0,0.3333333333333333,0.0,1,1,0.0,0.6666666666666666,ransom_2640
0,0.25,0.0,1,1,0.0,0.75,ransom_2641
0,0.125,0.0,1,2,0.0,0.875,ransom_2642
1,0.1111111111111111,0.0,1,2,0.0,0.8888888888888888,ransom_2643
0,0.3333333333333333,0.0,1,1,0.0,0.6666666666666666,ransom_2646
0,0.125,0.0,1,2,-0.4880935300919782,0.875,ransom_2647
0,0.25,0.0,1,1,0.0,0.75,ransom_2649
0,0.25,0.0,1,1,0.0,0.75,ransom_2650
0,0.0588235294117647,0.0,1,5,0.0325300024316177,0.9411764705882352,ransom_2651
0,0.0833333333333333,0.0,1,4,0.0,0.9166666666666666,ransom_2652
1,0.0909090909090909,0.0,1,3,-0.166666666666668,0.9090909090909092,ransom_2653
2,0.1666666666666666,0.0,1,2,0.0,0.8333333333333334,ransom_2654
0,0.125,0.0,1,3,0.0,0.875,ransom_2655
2,0.125,0.0,1,2,-0.6454972243679025,0.875,ransom_2656
0,0.0833333333333333,0.0,1,4,0.0,0.9166666666666666,ransom_2657
0,0.125,0.0,1,2,-0.6454972243679025,0.875,ransom_2659
0,0.1666666666666666,0.0,1,2,0.1666666666666655,0.8333333333333334,ransom_2662
0,0.3333333333333333,0.0,1,1,0.0,0.6666666666666666,ransom_2664
2,0.0714285714285714,0.0,1,5,0.0,0.9285714285714286,ransom_2666
0,0.1666666666666666,0.0,1,2,0.0,0.8333333333333334,ransom_2668
0,0.25,0.0,1,1,0.0,0.75,ransom_2669
0,0.1666666666666666,0.0,1,2,0.0,0.8333333333333334,ransom_2671
0,0.125,0.0,1,2,-0.6454972243679025,0.875,ransom_2672
0,0.0833333333333333,0.0,1,3,-0.1028688999747275,0.9166666666666666,ransom_2673
10,0.0714285714285714,0.0,1,4,0.0,0.9285714285714286,ransom_2674
0,0.1111111111111111,0.0,1,3,0.0,0.8888888888888888,ransom_2675
0,0.25,0.0,1,1,0.0,0.75,ransom_2676
0,0.1666666666666666,0.0,1,2,0.0,0.8333333333333334,ransom_2677
0,0.25,0.0,1,1,0.0,0.75,ransom_2679
1,0.1428571428571428,0.0,1,2,0.0,0.8571428571428571,ransom_2680
1,0.1111111111111111,0.0,1,3,0.0,0.8888888888888888,ransom_2681
0,0.0769230769230769,0.0,1,4,-1.7803175061665275e-16,0.9230769230769232,ransom_2683
0,0.25,0.0,1,1,0.0,0.75,ransom_2684
0,0.1428571428571428,0.0,1,2,0.0,0.8571428571428571,ransom_2685
0,0.1428571428571428,0.0,1,2,0.0,0.8571428571428571,ransom_2686
1,0.0909090909090909,0.0,1,3,0.0,0.9090909090909092,ransom_2687
2,0.25,0.0,1,1,0.0,0.75,ransom_2688
5,0.1,0.0,1,3,-0.0805822964025377,0.9,ransom_2690
1,0.2,0.0,1,1,0.0,0.8,ransom_2691
0,0.0769230769230769,0.0,1,4,-0.063245553203368,0.9230769230769232,ransom_2692
0,0.0666666666666666,0.0,1,4,-0.0912870929175288,0.9333333333333332,ransom_2693
0,0.0909090909090909,0.0,1,2,-0.9185586535436924,0.9090909090909092,ransom_2694
0,0.1428571428571428,0.0,1,2,0.0,0.8571428571428571,ransom_2695
0,0.1428571428571428,0.0,1,2,-0.250000000000001,0.8571428571428571,ransom_2696
0,0.1111111111111111,0.0,1,2,-0.6546536707079772,0.8888888888888888,ransom_2697
1,0.1666666666666666,0.0,1,2,0.0,0.8333333333333334,ransom_2698
0,0.1111111111111111,0.0,1,3,0.0,0.8888888888888888,ransom_2699
0,0.1428571428571428,0.0,1,2,0.0,0.8571428571428571,ransom_2700
0,0.1111111111111111,0.0,1,2,-0.6546536707079772,0.8888888888888888,ransom_2701
0,0.1,0.0,1,3,-0.1889822365046146,0.9,ransom_2702
0,0.1111111111111111,0.0,1,3,0.0,0.8888888888888888,ransom_2703
0,0.25,0.0,1,1,0.0,0.75,ransom_2704
1,0.1,0.0,1,3,0.0,0.9,ransom_2705
0,0.0833333333333333,0.0,1,3,-0.1028688999747275,0.9166666666666666,ransom_2706
1,0.25,0.0,1,1,0.0,0.75,ransom_2707
6,0.1428571428571428,0.0,1,2,-0.250000000000001,0.8571428571428571,ransom_2708
0,0.1666666666666666,0.0,1,2,0.0,0.8333333333333334,ransom_2710
0,0.1666666666666666,0.0,1,1,-0.9999999999999992,0.8333333333333334,ransom_2711
0,0.0714285714285714,0.0,1,4,-0.0769321818620843,0.9285714285714286,ransom_2712
8,0.125,0.0,1,2,-0.6454972243679025,0.875,ransom_2714
2,0.1666666666666666,0.0,1,2,0.0,0.8333333333333334,ransom_2715
0,0.1428571428571428,0.0,1,2,0.0,0.8571428571428571,ransom_2716
0,0.2,0.0,1,1,0.0,0.8,ransom_2717
1,0.1,0.0,1,3,-0.0805822964025377,0.9,ransom_2718
3,0.2,0.0,1,1,-1.0,0.8,ransom_2720
1,0.125,0.0,1,2,0.0,0.875,ransom_2722
2,0.0714285714285714,0.0,1,5,0.0,0.9285714285714286,ransom_2723
2,0.0833333333333333,0.0,1,4,0.0173762011714225,0.9166666666666666,ransom_2724
0,0.1666666666666666,0.0,1,1,-0.9999999999999992,0.8333333333333334,ransom_2725
0,0.25,0.0,1,1,0.0,0.75,ransom_2727
0,0.25,0.0,1,1,0.0,0.75,ransom_2728
1,0.0384615384615384,0.0,1,7,0.1280265312604466,0.9615384615384616,ransom_2730
0,0.0833333333333333,0.0,1,3,0.0,0.9166666666666666,ransom_2732
0,0.1428571428571428,0.0,1,2,0.0,0.8571428571428571,ransom_2733
0,0.25,0.0,1,1,0.0,0.75,ransom_2734
0,0.0769230769230769,0.0,1,4,-1.7803175061665275e-16,0.9230769230769232,ransom_2735
0,0.125,0.0,1,3,0.0,0.875,ransom_2738
0,0.2,0.0,1,1,0.0,0.8,ransom_2739
10,0.1666666666666666,0.0,1,2,0.0,0.8333333333333334,ransom_2740
0,0.2,0.0,1,2,0.0,0.8,ransom_2741
0,0.0526315789473684,0.0,1,5,-0.0305423610890756,0.9473684210526316,ransom_2742
1,0.1428571428571428,0.0,1,2,0.0,0.8571428571428571,ransom_2743
0,0.25,0.0,1,1,0.0,0.75,ransom_2744
0,0.1666666666666666,0.0,1,1,-0.9999999999999992,0.8333333333333334,ransom_2745
0,0.1666666666666666,0.0,1,2,0.0,0.8333333333333334,ransom_2746
0,0.25,0.0,1,1,0.0,0.75,ransom_2747
0,0.1666666666666666,0.0,1,2,0.0,0.8333333333333334,ransom_2748
0,0.0909090909090909,0.0,1,2,-0.9185586535436924,0.9090909090909092,ransom_2749
0,0.0588235294117647,0.0,1,4,-0.2390457218668787,0.9411764705882352,ransom_2750
0,0.0833333333333333,0.0,1,4,0.0173762011714225,0.9166666666666666,ransom_2751
4,0.125,0.0,1,2,0.0,0.875,ransom_2752
1,0.0666666666666666,0.0,1,4,-0.0912870929175288,0.9333333333333332,ransom_2753
0,0.1428571428571428,0.0,1,2,0.0,0.8571428571428571,ransom_2754
1,0.1428571428571428,0.0,1,2,0.0,0.8571428571428571,ransom_2755
0,0.1428571428571428,0.0,1,2,-0.250000000000001,0.8571428571428571,ransom_2756
0,0.125,0.0,1,3,0.0,0.875,ransom_2757
1,0.25,0.0,1,1,0.0,0.75,ransom_2758
2,0.1,0.0,1,3,0.0,0.9,ransom_2759
0,0.2,0.0,1,1,0.0,0.8,ransom_2760
1,0.0666666666666666,0.0,1,5,0.0355334527259353,0.9333333333333332,ransom_2761
0,0.1428571428571428,0.0,1,2,0.0,0.8571428571428571,ransom_2763
3,0.1,0.0,1,3,-0.0805822964025377,0.9,ransom_2764
1,0.1428571428571428,0.0,1,2,0.0,0.8571428571428571,ransom_2765
1,0.125,0.0,1,2,0.0,0.875,ransom_2766
0,0.0909090909090909,0.0,1,3,-5.851389114294497e-16,0.9090909090909092,ransom_2767
5,0.125,0.0,1,3,0.0,0.875,ransom_2768
0,0.0769230769230769,0.0,1,4,0.0,0.9230769230769232,ransom_2770
1,0.0909090909090909,0.0,1,3,0.0,0.9090909090909092,ransom_2771
0,0.1428571428571428,0.0,1,2,0.0,0.8571428571428571,ransom_2774
0,0.1111111111111111,0.0,1,2,-0.6546536707079772,0.8888888888888888,ransom_2775
0,0.25,0.0,1,1,0.0,0.75,ransom_2776
1,0.2,0.0,1,2,0.0,0.8,ransom_2777
0,0.1111111111111111,0.0,1,3,0.0,0.8888888888888888,ransom_2778
0,0.125,0.0,1,2,0.0,0.875,ransom_2779
0,0.25,0.0,1,1,0.0,0.75,ransom_2780
0,0.1428571428571428,0.0,1,2,0.0,0.8571428571428571,ransom_2781
5,0.0909090909090909,0.0,1,3,-0.166666666666668,0.9090909090909092,ransom_2782
0,0.0625,0.0,1,6,0.0,0.9375,ransom_2786
0,0.3333333333333333,0.0,1,1,0.0,0.6666666666666666,ransom_2787
0,0.1428571428571428,0.0,1,2,0.0,0.8571428571428571,ransom_2788
1,0.25,0.0,1,1,0.0,0.75,ransom_2789
0,0.1,0.0,1,3,0.0,0.9,ransom_2790
0,0.25,0.0,1,1,0.0,0.75,ransom_2791
7,0.0909090909090909,0.0,1,3,-0.2500000000000005,0.9090909090909092,ransom_2792
8,0.1111111111111111,0.0,1,3,0.0,0.8888888888888888,ransom_2794
2,0.1428571428571428,0.0,1,2,-0.250000000000001,0.8571428571428571,ransom_2795
0,0.2,0.0,1,1,0.0,0.8,ransom_2796
2,0.1,0.0,1,3,0.0,0.9,ransom_2797
0,0.125,0.0,1,2,-0.6454972243679025,0.875,ransom_2800
0,0.1,0.0,1,3,-0.0805822964025377,0.9,ransom_2801
9,0.0909090909090909,0.0,1,3,-0.2500000000000005,0.9090909090909092,ransom_2802
1,0.125,0.0,1,2,0.0,0.875,ransom_2803
0,0.1428571428571428,0.0,1,2,0.0,0.8571428571428571,ransom_2804
0,0.2,0.0,1,1,-1.0,0.8,ransom_2806
0,0.2,0.0,1,2,0.0,0.8,ransom_2807
0,0.1666666666666666,0.0,1,1,-0.9999999999999992,0.8333333333333334,ransom_2808
1,0.125,0.0,1,2,-0.4880935300919782,0.875,ransom_2810
1,0.0769230769230769,0.0,1,5,0.0,0.9230769230769232,ransom_2811
2,0.0769230769230769,0.0,1,3,-0.4780914437337626,0.9230769230769232,ransom_2812
0,0.25,0.0,1,1,0.0,0.75,ransom_2813
0,0.25,0.0,1,1,0.0,0.75,ransom_2814
3,0.0625,0.0,1,5,-0.0338837073785842,0.9375,ransom_2815
0,0.0666666666666666,0.0,1,4,0.0,0.9333333333333332,ransom_2816
1,0.1111111111111111,0.0,1,3,0.0,0.8888888888888888,ransom_2817
0,0.125,0.0,1,2,0.0,0.875,ransom_2818
0,0.1428571428571428,0.0,1,2,0.0,0.8571428571428571,ransom_2820
0,0.1666666666666666,0.0,1,1,-0.9999999999999992,0.8333333333333334,ransom_2821
0,0.2,0.0,1,1,0.0,0.8,ransom_2822
0,0.125,0.0,1,2,0.0,0.875,ransom_2823
0,0.125,0.0,1,2,-0.6454972243679025,0.875,ransom_2825
0,0.25,0.0,1,1,0.0,0.75,ransom_2826
0,0.25,0.0,1,1,0.0,0.75,ransom_2827
0,0.3333333333333333,0.0,1,1,0.0,0.6666666666666666,ransom_2828
0,0.2,0.0,1,2,0.0,0.8,ransom_2829
0,0.25,0.0,1,1,0.0,0.75,ransom_2830
0,0.2,0.0,1,2,0.0,0.8,ransom_2831
0,0.1,0.0,1,3,0.0,0.9,ransom_2833
0,0.0625,0.0,1,5,0.0,0.9375,ransom_2834
2,0.0769230769230769,0.0,1,4,0.0,0.9230769230769232,ransom_2835
0,0.125,0.0,1,3,0.0,0.875,ransom_2836
0,0.1428571428571428,0.0,1,2,-0.250000000000001,0.8571428571428571,ransom_2837
0,0.0714285714285714,0.0,1,3,-0.6770032003863304,0.9285714285714286,ransom_2838
0,0.125,0.0,1,2,0.0,0.875,ransom_2839
2,0.125,0.0,1,3,0.0,0.875,ransom_2840
0,0.0666666666666666,0.0,1,4,0.0,0.9333333333333332,ransom_2841
0,0.1428571428571428,0.0,1,2,0.0,0.8571428571428571,ransom_2843
0,0.125,0.0,1,2,0.0,0.875,ransom_2844
0,0.1666666666666666,0.0,1,2,0.0,0.8333333333333334,ransom_2846
0,0.3333333333333333,0.0,1,1,0.0,0.6666666666666666,ransom_2847
0,0.1428571428571428,0.0,1,2,0.0,0.8571428571428571,ransom_2848
3,0.1,0.0,1,3,0.1135923668494129,0.9,ransom_2849
0,0.1,0.0,1,3,0.0,0.9,ransom_2850
0,0.25,0.0,1,1,0.0,0.75,ransom_2851
1,0.1,0.0,1,3,-0.1889822365046146,0.9,ransom_2852
0,0.1428571428571428,0.0,1,2,0.0,0.8571428571428571,ransom_2853
3,0.2,0.0,1,2,0.0,0.8,ransom_2854
0,0.25,0.0,1,1,0.0,0.75,ransom_2855
0,0.0666666666666666,0.0,1,4,0.0,0.9333333333333332,ransom_2856
0,0.1111111111111111,0.0,1,3,0.0,0.8888888888888888,ransom_2857
0,0.1,0.0,1,3,0.0,0.9,ransom_2859
8,0.1428571428571428,0.0,1,2,0.0,0.8571428571428571,ransom_2860
0,0.3333333333333333,0.0,1,1,0.0,0.6666666666666666,ransom_2861
0,0.1111111111111111,0.0,1,2,0.0,0.8888888888888888,ransom_2863
0,0.1111111111111111,0.0,1,3,0.0,0.8888888888888888,ransom_2864
0,0.25,0.0,1,1,0.0,0.75,ransom_2867
0,0.0833333333333333,0.0,1,4,0.0,0.9166666666666666,ransom_2868
0,0.25,0.0,1,1,0.0,0.75,ransom_2869
0,0.25,0.0,1,1,0.0,0.75,ransom_2870
0,0.25,0.0,1,1,0.0,0.75,ransom_2871
0,0.1666666666666666,0.0,1,2,0.0,0.8333333333333334,ransom_2872
2,0.1111111111111111,0.0,1,2,0.0,0.8888888888888888,ransom_2873
3,0.0833333333333333,0.0,1,3,-0.1028688999747275,0.9166666666666666,ransom_2874
0,0.25,0.0,1,1,0.0,0.75,ransom_2875
2,0.1,0.0,1,3,-0.0805822964025377,0.9,ransom_2876
0,0.1666666666666666,0.0,1,2,0.0,0.8333333333333334,ransom_2877
1,0.1111111111111111,0.0,1,3,0.0,0.8888888888888888,ransom_2878
0,0.0909090909090909,0.0,1,3,-0.2500000000000005,0.9090909090909092,ransom_2879
0,0.25,0.0,1,1,0.0,0.75,ransom_2880
9,0.125,0.0,1,2,0.0,0.875,ransom_2881
1,0.1428571428571428,0.0,1,3,0.0,0.8571428571428571,ransom_2882
0,0.1111111111111111,0.0,1,3,0.0,0.8888888888888888,ransom_2883
0,0.0909090909090909,0.0,1,3,-0.166666666666668,0.9090909090909092,ransom_2884
0,0.0625,0.0,1,4,-0.1626109088969974,0.9375,ransom_2885
1,0.2,0.0,1,2,0.0,0.8,ransom_2886
0,0.0769230769230769,0.0,1,4,-0.063245553203368,0.9230769230769232,ransom_2890
0,0.125,0.0,1,2,0.0,0.875,ransom_2892
1,0.1111111111111111,0.0,1,2,0.0,0.8888888888888888,ransom_2893
0,0.25,0.0,1,1,0.0,0.75,ransom_2894
1,0.0833333333333333,0.0,1,3,0.0,0.9166666666666666,ransom_2896
0,0.25,0.0,1,1,0.0,0.75,ransom_2897
0,0.2,0.0,1,1,0.0,0.8,ransom_2898
3,0.0833333333333333,0.0,1,4,0.0,0.9166666666666666,ransom_2899
0,0.0909090909090909,0.0,1,3,0.0,0.9090909090909092,ransom_2900
0,0.2,0.0,1,1,-1.0,0.8,ransom_2901
0,0.25,0.0,1,1,0.0,0.75,ransom_2902
0,0.1428571428571428,0.0,1,2,0.0,0.8571428571428571,ransom_2903
2,0.1111111111111111,0.0,1,2,-0.6546536707079772,0.8888888888888888,ransom_2904
0,0.25,0.0,1,1,0.0,0.75,ransom_2905
0,0.125,0.0,1,2,0.0,0.875,ransom_2907
0,0.0909090909090909,0.0,1,3,-5.851389114294497e-16,0.9090909090909092,ransom_2908
7,0.125,0.0,1,3,0.0,0.875,ransom_2911
0,0.0555555555555555,0.0,1,5,0.0,0.9444444444444444,ransom_2912
0,0.1111111111111111,0.0,1,2,0.0,0.8888888888888888,ransom_2913
0,0.25,0.0,1,1,0.0,0.75,ransom_2914
0,0.1111111111111111,0.0,1,3,0.0,0.8888888888888888,ransom_2915
0,0.1428571428571428,0.0,1,2,0.0,0.8571428571428571,ransom_2916
2,0.125,0.0,1,2,0.0,0.875,ransom_2917
0,0.1428571428571428,0.0,1,2,0.0,0.8571428571428571,ransom_2918
0,0.125,0.0,1,2,0.0,0.875,ransom_2921
0,0.1428571428571428,0.0,1,2,-0.250000000000001,0.8571428571428571,ransom_2922
0,0.1111111111111111,0.0,1,3,0.0,0.8888888888888888,ransom_2923
0,0.125,0.0,1,2,-0.166666666666668,0.875,ransom_2926
3,0.0666666666666666,0.0,1,4,-0.0912870929175288,0.9333333333333332,ransom_2927
4,0.125,0.0,1,2,-0.6454972243679025,0.875,ransom_2928
0,0.2,0.0,1,1,-1.0,0.8,ransom_2929
0,0.1666666666666666,0.0,1,1,-0.9999999999999992,0.8333333333333334,ransom_2930
6,0.0833333333333333,0.0,1,3,-0.2390457218668779,0.9166666666666666,ransom_2931
0,0.0769230769230769,0.0,1,4,0.0,0.9230769230769232,ransom_2932
0,0.1666666666666666,0.0,1,2,0.0,0.8333333333333334,ransom_2933
1,0.2,0.0,1,1,0.0,0.8,ransom_2934
0,0.1428571428571428,0.0,1,2,-0.250000000000001,0.8571428571428571,ransom_2935
0,0.2,0.0,1,1,0.0,0.8,ransom_2936
1,0.0555555555555555,0.0,1,5,-3.501225939933164e-16,0.9444444444444444,ransom_2937
0,0.3333333333333333,0.0,1,1,0.0,0.6666666666666666,ransom_2938
3,0.0833333333333333,0.0,1,3,-0.3268602252303066,0.9166666666666666,ransom_2940
0,0.1111111111111111,0.0,1,2,-0.6546536707079772,0.8888888888888888,ransom_2941
0,0.1111111111111111,0.0,1,2,-0.6546536707079772,0.8888888888888888,ransom_2942
0,0.1111111111111111,0.0,1,3,0.0,0.8888888888888888,ransom_2944
1,0.0714285714285714,0.0,1,3,-0.4813299149207699,0.9285714285714286,ransom_2946
1,0.1666666666666666,0.0,1,2,0.0,0.8333333333333334,ransom_2947
0,0.25,0.0,1,1,0.0,0.75,ransom_2948
0,0.1428571428571428,0.0,1,2,0.0,0.8571428571428571,ransom_2949
0,0.125,0.0,1,3,0.0,0.875,ransom_2950
2,0.1428571428571428,0.0,1,2,0.0,0.8571428571428571,ransom_2951
0,0.0909090909090909,0.0,1,3,0.0,0.9090909090909092,ransom_2953
3,0.2,0.0,1,2,0.0,0.8,ransom_2954
0,0.25,0.0,1,1,0.0,0.75,ransom_2957
0,0.1428571428571428,0.0,1,2,0.0,0.8571428571428571,ransom_2959
0,0.25,0.0,1,1,0.0,0.75,ransom_2960
0,0.1428571428571428,0.0,1,2,0.0,0.8571428571428571,ransom_2962
0,0.2,0.0,1,1,-1.0,0.8,ransom_2963
0,0.1428571428571428,0.0,1,2,-0.250000000000001,0.8571428571428571,ransom_2966
1,0.0666666666666666,0.0,1,5,0.0355334527259353,0.9333333333333332,ransom_2967
1,0.1,0.0,1,3,-0.1889822365046146,0.9,ransom_2968
0,0.25,0.0,1,1,0.0,0.75,ransom_2969
2,0.125,0.0,1,2,0.0,0.875,ransom_2971
0,0.0769230769230769,0.0,1,3,0.0,0.9230769230769232,ransom_2973
1,0.0909090909090909,0.0,1,3,-0.2500000000000005,0.9090909090909092,ransom_2974
0,0.3333333333333333,0.0,1,1,0.0,0.6666666666666666,ransom_2975
0,0.125,0.0,1,2,0.0,0.875,ransom_2977
0,0.0769230769230769,0.0,1,3,-0.3162277660168375,0.9230769230769232,ransom_2978
2,0.1666666666666666,0.0,1,2,0.0,0.8333333333333334,ransom_2980
0,0.25,0.0,1,1,0.0,0.75,ransom_2981
2,0.0434782608695652,0.0,1,6,0.1053376214500487,0.9565217391304348,ransom_2982
0,0.1111111111111111,0.0,1,2,-0.6546536707079772,0.8888888888888888,ransom_2984
0,0.1428571428571428,0.0,1,2,-0.250000000000001,0.8571428571428571,ransom_2985
8,0.125,0.0,1,2,0.0,0.875,ransom_2989
0,0.2,0.0,1,1,0.0,0.8,ransom_2990
2,0.1666666666666666,0.0,1,2,0.0,0.8333333333333334,ransom_2991
1,0.2,0.0,1,2,0.0,0.8,ransom_2993
0,0.1428571428571428,0.0,1,2,0.0,0.8571428571428571,ransom_2994
0,0.125,0.0,1,2,-0.6454972243679025,0.875,ransom_2995
0,0.25,0.0,1,1,0.0,0.75,ransom_2996
1,0.0666666666666666,0.0,1,5,0.0355334527259353,0.9333333333333332,ransom_2997
0,0.1428571428571428,0.0,1,2,0.0,0.8571428571428571,ransom_2999
2,0.0588235294117647,0.0,1,5,0.045786854649563,0.9411764705882352,ransom_3001
0,0.1666666666666666,0.0,1,2,0.0,0.8333333333333334,ransom_3002
0,0.1666666666666666,0.0,1,2,0.0,0.8333333333333334,ransom_3003
0,0.0666666666666666,0.0,1,4,-0.0912870929175288,0.9333333333333332,ransom_3004
0,0.3333333333333333,0.0,1,1,0.0,0.6666666666666666,ransom_3006
0,0.3333333333333333,0.0,1,1,0.0,0.6666666666666666,ransom_3007
2,0.125,0.0,1,2,-0.6454972243679025,0.875,ransom_3008
0,0.1428571428571428,0.0,1,2,-0.250000000000001,0.8571428571428571,ransom_3010
0,0.1666666666666666,0.0,1,2,0.0,0.8333333333333334,ransom_3011
1,0.1428571428571428,0.0,1,2,0.0,0.8571428571428571,ransom_3014
0,0.1,0.0,1,3,-0.0805822964025377,0.9,ransom_3015
0,0.25,0.0,1,1,0.0,0.75,ransom_3016
3,0.1428571428571428,0.0,1,2,-0.250000000000001,0.8571428571428571,ransom_3017
0,0.125,0.0,1,2,-0.4880935300919782,0.875,ransom_3018
0,0.125,0.0,1,2,-0.6454972243679025,0.875,ransom_3019
0,0.0833333333333333,0.0,1,3,-0.3268602252303066,0.9166666666666666,ransom_3020
0,0.1428571428571428,0.0,1,2,0.0,0.8571428571428571,ransom_3021
0,0.25,0.0,1,1,0.0,0.75,ransom_3022
0,0.3333333333333333,0.0,1,1,0.0,0.6666666666666666,ransom_3023
0,0.0833333333333333,0.0,1,4,0.0,0.9166666666666666,ransom_3024
0,0.1428571428571428,0.0,1,3,0.0,0.8571428571428571,ransom_3025
0,0.3333333333333333,0.0,1,1,0.0,0.6666666666666666,ransom_3026
0,0.0714285714285714,0.0,1,4,0.0,0.9285714285714286,ransom_3027
0,0.1428571428571428,0.0,1,2,0.0,0.8571428571428571,ransom_3028
0,0.2,0.0,1,1,0.0,0.8,ransom_3029
1,0.1428571428571428,0.0,1,2,-0.250000000000001,0.8571428571428571,ransom_3030
0,0.125,0.0,1,2,0.0,0.875,ransom_3033
0,0.25,0.0,1,1,0.0,0.75,ransom_3034
0,0.1111111111111111,0.0,1,2,-0.6546536707079772,0.8888888888888888,ransom_3035
2,0.2,0.0,1,2,0.0,0.8,ransom_3036
0,0.1428571428571428,0.0,1,2,0.0,0.8571428571428571,ransom_3037
0,0.125,0.0,1,2,-0.6454972243679025,0.875,ransom_3039
4,0.1666666666666666,0.0,1,2,0.1666666666666655,0.8333333333333334,ransom_3040
3,0.25,0.0,1,1,0.0,0.75,ransom_3041
0,0.125,0.0,1,2,0.0,0.875,ransom_3042
0,0.1111111111111111,0.0,1,3,0.0,0.8888888888888888,ransom_3044
1,0.1111111111111111,0.0,1,3,0.0,0.8888888888888888,ransom_3045
0,0.1111111111111111,0.0,1,3,0.0,0.8888888888888888,ransom_3047
0,0.2,0.0,1,1,0.0,0.8,ransom_3048
0,0.2,0.0,1,1,0.0,0.8,ransom_3051
0,0.0769230769230769,0.0,1,3,-0.4780914437337626,0.9230769230769232,ransom_3052
4,0.1428571428571428,0.0,1,2,0.0,0.8571428571428571,ransom_3054
5,0.1111111111111111,0.0,1,3,0.0,0.8888888888888888,ransom_3056
0,0.125,0.0,1,2,-0.4880935300919782,0.875,ransom_3058
0,0.0666666666666666,0.0,1,4,0.043033148291194,0.9333333333333332,ransom_3059
0,0.3333333333333333,0.0,1,1,0.0,0.6666666666666666,ransom_3060
0,0.0833333333333333,0.0,1,4,0.0173762011714225,0.9166666666666666,ransom_3061
10,0.0909090909090909,0.0,1,3,0.0,0.9090909090909092,ransom_3062
0,0.3333333333333333,0.0,1,1,0.0,0.6666666666666666,ransom_3063
0,0.25,0.0,1,1,0.0,0.75,ransom_3064
0,0.125,0.0,1,2,0.0,0.875,ransom_3065
8,0.1,0.0,1,3,0.0,0.9,ransom_3066
1,0.0909090909090909,0.0,1,3,0.0,0.9090909090909092,ransom_3067
0,0.0769230769230769,0.0,1,4,0.0,0.9230769230769232,ransom_3069
0,0.3333333333333333,0.0,1,1,0.0,0.6666666666666666,ransom_3070
0,0.1666666666666666,0.0,1,2,0.1666666666666655,0.8333333333333334,ransom_3071
0,0.1666666666666666,0.0,1,2,0.0,0.8333333333333334,ransom_3072
0,0.25,0.0,1,1,0.0,0.75,ransom_3073
0,0.3333333333333333,0.0,1,1,0.0,0.6666666666666666,ransom_3075
1,0.2,0.0,1,2,0.0,0.8,ransom_3076
2,0.25,0.0,1,1,0.0,0.75,ransom_3077
2,0.1428571428571428,0.0,1,2,0.0,0.8571428571428571,ransom_3079
0,0.1111111111111111,0.0,1,3,0.0,0.8888888888888888,ransom_3080
0,0.1,0.0,1,3,-0.0805822964025377,0.9,ransom_3082
1,0.1111111111111111,0.0,1,3,0.0,0.8888888888888888,ransom_3083
0,0.1666666666666666,0.0,1,2,0.0,0.8333333333333334,ransom_3085
1,0.0625,0.0,1,5,4.216374612302231e-16,0.9375,ransom_3087
0,0.1666666666666666,0.0,1,2,0.0,0.8333333333333334,ransom_3088
0,0.0714285714285714,0.0,1,4,-0.0162564022190598,0.9285714285714286,ransom_3089
0,0.0909090909090909,0.0,1,3,-0.166666666666668,0.9090909090909092,ransom_3090
0,0.0833333333333333,0.0,1,3,-0.3888888888888903,0.9166666666666666,ransom_3091
0,0.0833333333333333,0.0,1,4,0.0,0.9166666666666666,ransom_3092
0,0.1428571428571428,0.0,1,2,0.0,0.8571428571428571,ransom_3094
0,0.1111111111111111,0.0,1,2,0.0,0.8888888888888888,ransom_3095
0,0.1428571428571428,0.0,1,2,0.0,0.8571428571428571,ransom_3097
0,0.0833333333333333,0.0,1,3,-0.3268602252303066,0.9166666666666666,ransom_3098
0,0.2,0.0,1,1,-1.0,0.8,ransom_3099
0,0.0666666666666666,0.0,1,4,-0.0404888165089451,0.9333333333333332,ransom_3100
0,0.1111111111111111,0.0,1,3,0.0,0.8888888888888888,ransom_3102
2,0.1666666666666666,0.0,1,2,0.0,0.8333333333333334,ransom_3103
1,0.25,0.0,1,1,0.0,0.75,ransom_3104
0,0.2,0.0,1,2,0.0,0.8,ransom_3106
0,0.0833333333333333,0.0,1,3,-0.3888888888888903,0.9166666666666666,ransom_3107
0,0.2,0.0,1,2,0.0,0.8,ransom_3108
1,0.0833333333333333,0.0,1,4,0.0,0.9166666666666666,ransom_3109
0,0.0833333333333333,0.0,1,4,0.0,0.9166666666666666,ransom_3110
1,0.125,0.0,1,2,0.0,0.875,ransom_3111
1,0.125,0.0,1,2,-0.4880935300919782,0.875,ransom_3112
2,0.1666666666666666,0.0,1,2,0.0,0.8333333333333334,ransom_3114
0,0.2,0.0,1,1,0.0,0.8,ransom_3115
0,0.3333333333333333,0.0,1,1,0.0,0.6666666666666666,ransom_3116
0,0.1428571428571428,0.0,1,2,0.0,0.8571428571428571,ransom_3117
0,0.3333333333333333,0.0,1,1,0.0,0.6666666666666666,ransom_3118
1,0.1111111111111111,0.0,1,3,0.0,0.8888888888888888,ransom_3119
0,0.125,0.0,1,2,-0.4880935300919782,0.875,ransom_3121
4,0.25,0.0,1,1,0.0,0.75,ransom_3122
1,0.1111111111111111,0.0,1,3,0.0,0.8888888888888888,ransom_3123
1,0.0769230769230769,0.0,1,4,0.0,0.9230769230769232,ransom_3124
0,0.2,0.0,1,1,-1.0,0.8,ransom_3125
5,0.1,0.0,1,2,-0.7416198487095668,0.9,ransom_3126
0,0.1,0.0,1,3,0.0,0.9,ransom_3127
0,0.1428571428571428,0.0,1,2,-0.250000000000001,0.8571428571428571,ransom_3129
6,0.0909090909090909,0.0,1,3,-0.2500000000000005,0.9090909090909092,ransom_3130
0,0.1666666666666666,0.0,1,2,0.0,0.8333333333333334,ransom_3131
0,0.2,0.0,1,2,0.0,0.8,ransom_3132
0,0.25,0.0,1,1,0.0,0.75,ransom_3133
1,0.0625,0.0,1,5,4.216374612302231e-16,0.9375,ransom_3135
1,0.1111111111111111,0.0,1,2,-0.6546536707079772,0.8888888888888888,ransom_3136
0,0.1428571428571428,0.0,1,2,0.0,0.8571428571428571,ransom_3138
0,0.125,0.0,1,2,0.0,0.875,ransom_3139
1,0.1111111111111111,0.0,1,3,0.0,0.8888888888888888,ransom_3141
0,0.3333333333333333,0.0,1,1,0.0,0.6666666666666666,ransom_3142
1,0.0625,0.0,1,6,0.0,0.9375,ransom_3143
0,0.0833333333333333,0.0,1,3,-0.3268602252303066,0.9166666666666666,ransom_3144
2,0.0909090909090909,0.0,1,3,-0.2500000000000005,0.9090909090909092,ransom_3145
0,0.3333333333333333,0.0,1,1,0.0,0.6666666666666666,ransom_3146
0,0.1666666666666666,0.0,1,2,0.0,0.8333333333333334,ransom_3147
0,0.25,0.0,1,1,0.0,0.75,ransom_3148
1,0.1428571428571428,0.0,1,2,0.0,0.8571428571428571,ransom_3149
0,0.1111111111111111,0.0,1,2,-0.6546536707079772,0.8888888888888888,ransom_3150
0,0.0666666666666666,0.0,1,4,-0.1473139127471972,0.9333333333333332,ransom_3151
0,0.1666666666666666,0.0,1,2,0.0,0.8333333333333334,ransom_3153
11,0.0909090909090909,0.0,1,3,-0.1666666666666678,0.9090909090909092,ransom_3154
0,0.1428571428571428,0.0,1,2,-0.250000000000001,0.8571428571428571,ransom_3156
0,0.1,0.0,1,3,0.0,0.9,ransom_3157
2,0.0833333333333333,0.0,1,3,-0.3268602252303066,0.9166666666666666,ransom_3158
3,0.1,0.0,1,3,0.0,0.9,ransom_3159
0,0.125,0.0,1,2,0.0,0.875,ransom_3160
4,0.0909090909090909,0.0,1,3,-0.2500000000000005,0.9090909090909092,ransom_3162
0,0.0666666666666666,0.0,1,4,0.0,0.9333333333333332,ransom_3163
2,0.1428571428571428,0.0,1,2,0.0,0.8571428571428571,ransom_3164
0,0.25,0.0,1,1,0.0,0.75,ransom_3165
0,0.3333333333333333,0.0,1,1,0.0,0.6666666666666666,ransom_3166
0,0.1428571428571428,0.0,1,2,0.0,0.8571428571428571,ransom_3167
0,0.25,0.0,1,1,0.0,0.75,ransom_3168
0,0.3333333333333333,0.0,1,1,0.0,0.6666666666666666,ransom_3169
0,0.1666666666666666,0.0,1,2,0.0,0.8333333333333334,ransom_3170
0,0.2,0.0,1,1,0.0,0.8,ransom_3171
1,0.1111111111111111,0.0,1,3,0.0,0.8888888888888888,ransom_3172
0,0.0526315789473684,0.0,1,6,0.0494105884401302,0.9473684210526316,ransom_3173
3,0.1428571428571428,0.0,1,2,0.0,0.8571428571428571,ransom_3174
0,0.25,0.0,1,1,0.0,0.75,ransom_3175
0,0.1666666666666666,0.0,1,2,0.0,0.8333333333333334,ransom_3178
2,0.0714285714285714,0.0,1,4,-0.0162564022190598,0.9285714285714286,ransom_3179
0,0.25,0.0,1,1,0.0,0.75,ransom_3181
0,0.1,0.0,1,3,0.0,0.9,ransom_3182
0,0.0909090909090909,0.0,1,3,0.0,0.9090909090909092,ransom_3183
0,0.3333333333333333,0.0,1,1,0.0,0.6666666666666666,ransom_3184
0,0.1666666666666666,0.0,1,2,0.0,0.8333333333333334,ransom_3185
0,0.25,0.0,1,1,0.0,0.75,ransom_3186
0,0.2,0.0,1,1,-1.0,0.8,ransom_3187
1,0.1111111111111111,0.0,1,3,0.0,0.8888888888888888,ransom_3188
0,0.1428571428571428,0.0,1,2,0.0,0.8571428571428571,ransom_3189
0,0.125,0.0,1,3,0.0,0.875,ransom_3191
0,0.0909090909090909,0.0,1,3,-0.2500000000000005,0.9090909090909092,ransom_3192
2,0.0769230769230769,0.0,1,5,0.0399999999999995,0.9230769230769232,ransom_3193
0,0.1428571428571428,0.0,1,2,0.0,0.8571428571428571,ransom_3194
2,0.125,0.0,1,2,0.0,0.875,ransom_3195
0,0.0625,0.0,1,5,0.097344060699102,0.9375,ransom_3196
0,0.1111111111111111,0.0,1,3,0.0,0.8888888888888888,ransom_3197
22,0.0769230769230769,0.0,1,5,0.0399999999999995,0.9230769230769232,ransom_3198
0,0.1428571428571428,0.0,1,2,0.0,0.8571428571428571,ransom_3199
0,0.1666666666666666,0.0,1,2,0.0,0.8333333333333334,ransom_3200
0,0.0714285714285714,0.0,1,5,0.0,0.9285714285714286,ransom_3201
0,0.2,0.0,1,1,0.0,0.8,ransom_3205
0,0.0769230769230769,0.0,1,3,-0.3162277660168375,0.9230769230769232,ransom_3206
0,0.25,0.0,1,1,0.0,0.75,ransom_3207
3,0.0714285714285714,0.0,1,5,0.0,0.9285714285714286,ransom_3208
5,0.1111111111111111,0.0,1,3,0.0,0.8888888888888888,ransom_3209
0,0.3333333333333333,0.0,1,1,0.0,0.6666666666666666,ransom_3210
0,0.25,0.0,1,1,0.0,0.75,ransom_3211
0,0.2,0.0,1,1,0.0,0.8,ransom_3212
0,0.2,0.0,1,1,0.0,0.8,ransom_3214
1,0.1428571428571428,0.0,1,3,0.0,0.8571428571428571,ransom_3215
0,0.25,0.0,1,1,0.0,0.75,ransom_3216
0,0.0769230769230769,0.0,1,3,0.0,0.9230769230769232,ransom_3217
0,0.1111111111111111,0.0,1,3,0.0,0.8888888888888888,ransom_3218
0,0.1111111111111111,0.0,1,3,0.0,0.8888888888888888,ransom_3219
0,0.2,0.0,1,1,0.0,0.8,ransom_3221
0,0.1428571428571428,0.0,1,2,0.0,0.8571428571428571,ransom_3222
4,0.1428571428571428,0.0,1,2,0.0,0.8571428571428571,ransom_3223
1,0.0769230769230769,0.0,1,4,0.0,0.9230769230769232,ransom_3225
1,0.1666666666666666,0.0,1,2,0.0,0.8333333333333334,ransom_3226
0,0.25,0.0,1,1,0.0,0.75,ransom_3227
10,0.0769230769230769,0.0,1,4,0.0944911182523065,0.9230769230769232,ransom_3228
0,0.125,0.0,1,2,0.0,0.875,ransom_3229
0,0.3333333333333333,0.0,1,1,0.0,0.6666666666666666,ransom_3230
0,0.0833333333333333,0.0,1,3,-0.3268602252303066,0.9166666666666666,ransom_3231
0,0.1,0.0,1,3,0.0,0.9,ransom_3232
0,0.25,0.0,1,1,0.0,0.75,ransom_3233
0,0.1666666666666666,0.0,1,2,0.0,0.8333333333333334,ransom_3234
0,0.2,0.0,1,1,0.0,0.8,ransom_3235
0,0.1428571428571428,0.0,1,2,0.0,0.8571428571428571,ransom_3236
0,0.1666666666666666,0.0,1,2,0.0,0.8333333333333334,ransom_3237
0,0.0909090909090909,0.0,1,4,0.0,0.9090909090909092,ransom_3238
1,0.1428571428571428,0.0,1,2,0.0,0.8571428571428571,ransom_3239
1,0.0588235294117647,0.0,1,5,0.0,0.9411764705882352,ransom_3240
0,0.3333333333333333,0.0,1,1,0.0,0.6666666666666666,ransom_3241
5,0.0909090909090909,0.0,1,3,-5.851389114294497e-16,0.9090909090909092,ransom_3242
0,0.25,0.0,1,1,0.0,0.75,ransom_3243
0,0.3333333333333333,0.0,1,1,0.0,0.6666666666666666,ransom_3244
0,0.1111111111111111,0.0,1,3,0.0,0.8888888888888888,ransom_3245
0,0.0714285714285714,0.0,1,4,-0.0210818510677897,0.9285714285714286,ransom_3246
0,0.1,0.0,1,3,0.0,0.9,ransom_3249
0,0.25,0.0,1,1,0.0,0.75,ransom_3250
1,0.1111111111111111,0.0,1,2,-0.6546536707079772,0.8888888888888888,ransom_3251
0,0.0666666666666666,0.0,1,4,-0.0912870929175288,0.9333333333333332,ransom_3252
0,0.0833333333333333,0.0,1,3,0.1256561724875087,0.9166666666666666,ransom_3253
0,0.1428571428571428,0.0,1,2,0.0,0.8571428571428571,ransom_3254
0,0.1,0.0,1,3,0.0,0.9,ransom_3255
0,0.25,0.0,1,1,0.0,0.75,ransom_3256
0,0.125,0.0,1,2,0.0,0.875,ransom_3257
0,0.25,0.0,1,1,0.0,0.75,ransom_3258
4,0.1,0.0,1,3,0.0,0.9,ransom_3259
0,0.1111111111111111,0.0,1,2,-0.6546536707079772,0.8888888888888888,ransom_3261
5,0.1428571428571428,0.0,1,2,0.0,0.8571428571428571,ransom_3262
3,0.0909090909090909,0.0,1,3,0.0,0.9090909090909092,ransom_3263
0,0.125,0.0,1,2,-0.6454972243679025,0.875,ransom_3264
4,0.1666666666666666,0.0,1,2,0.0,0.8333333333333334,ransom_3265
4,0.1428571428571428,0.0,1,2,0.0,0.8571428571428571,ransom_3267
0,0.1666666666666666,0.0,1,1,-0.9999999999999992,0.8333333333333334,ransom_3268
1,0.125,0.0,1,2,-0.6454972243679025,0.875,ransom_3269
1,0.0769230769230769,0.0,1,4,-0.063245553203368,0.9230769230769232,ransom_3270
0,0.25,0.0,1,1,0.0,0.75,ransom_3271
0,0.0625,0.0,1,5,0.0,0.9375,ransom_3272
0,0.1428571428571428,0.0,1,3,0.0,0.8571428571428571,ransom_3273
11,0.0588235294117647,0.0,1,5,0.0,0.9411764705882352,ransom_3274
0,0.1111111111111111,0.0,1,2,-0.6546536707079772,0.8888888888888888,ransom_3275
0,0.2,0.0,1,1,0.0,0.8,ransom_3277
0,0.2,0.0,1,1,-1.0,0.8,ransom_3279
5,0.0666666666666666,0.0,1,4,-0.0404888165089451,0.9333333333333332,ransom_3280
0,0.1,0.0,1,3,-0.0805822964025377,0.9,ransom_3281
0,0.1666666666666666,0.0,1,2,0.0,0.8333333333333334,ransom_3282
0,0.2,0.0,1,1,0.0,0.8,ransom_3284
0,0.0909090909090909,0.0,1,3,0.0,0.9090909090909092,ransom_3285
2,0.1428571428571428,0.0,1,2,0.0,0.8571428571428571,ransom_3287
0,0.1428571428571428,0.0,1,2,0.0,0.8571428571428571,ransom_3288
0,0.125,0.0,1,2,-0.6454972243679025,0.875,ransom_3289
1,0.3333333333333333,0.0,1,1,0.0,0.6666666666666666,ransom_3290
0,0.0909090909090909,0.0,1,3,-0.2500000000000005,0.9090909090909092,ransom_3291
0,0.1428571428571428,0.0,1,2,0.0,0.8571428571428571,ransom_3292
0,0.25,0.0,1,1,0.0,0.75,ransom_3293
0,0.2,0.0,1,2,0.0,0.8,ransom_3294
4,0.25,0.0,1,1,0.0,0.75,ransom_3295
0,0.2,0.0,1,2,0.0,0.8,ransom_3296
0,0.3333333333333333,0.0,1,1,0.0,0.6666666666666666,ransom_3297
0,0.2,0.0,1,1,-1.0,0.8,ransom_3298
3,0.1111111111111111,0.0,1,3,0.0,0.8888888888888888,ransom_3299
0,0.0909090909090909,0.0,1,3,-0.2500000000000005,0.9090909090909092,ransom_3300
1,0.1428571428571428,0.0,1,2,0.0,0.8571428571428571,ransom_3301
0,0.25,0.0,1,1,0.0,0.75,ransom_3303
0,0.125,0.0,1,2,0.0,0.875,ransom_3304
0,0.25,0.0,1,1,0.0,0.75,ransom_3305
2,0.0625,0.0,1,5,4.216374612302231e-16,0.9375,ransom_3308
3,0.1428571428571428,0.0,1,2,0.0,0.8571428571428571,ransom_3309
0,0.125,0.0,1,2,0.0,0.875,ransom_3310
0,0.25,0.0,1,1,0.0,0.75,ransom_3312
3,0.1666666666666666,0.0,1,2,0.0,0.8333333333333334,ransom_3314
0,0.0769230769230769,0.0,1,4,0.0,0.9230769230769232,ransom_3316
1,0.1,0.0,1,3,0.0,0.9,ransom_3318
0,0.2,0.0,1,2,0.0,0.8,ransom_3319
0,0.1428571428571428,0.0,1,2,0.0,0.8571428571428571,ransom_3320
0,0.125,0.0,1,2,-0.6454972243679025,0.875,ransom_3321
0,0.1111111111111111,0.0,1,2,0.0,0.8888888888888888,ransom_3323
1,0.2,0.0,1,1,0.0,0.8,ransom_3324
0,0.1111111111111111,0.0,1,3,0.0,0.8888888888888888,ransom_3325
1,0.125,0.0,1,2,-0.4880935300919782,0.875,ransom_3326
0,0.2,0.0,1,1,0.0,0.8,ransom_3328
0,0.0909090909090909,0.0,1,3,-0.166666666666668,0.9090909090909092,ransom_3329
0,0.1428571428571428,0.0,1,2,-0.250000000000001,0.8571428571428571,ransom_3330
0,0.0909090909090909,0.0,1,3,0.0,0.9090909090909092,ransom_3331
3,0.0909090909090909,0.0,1,3,-0.166666666666668,0.9090909090909092,ransom_3332
0,0.0666666666666666,0.0,1,4,0.0,0.9333333333333332,ransom_3333
0,0.1111111111111111,0.0,1,2,-0.6546536707079772,0.8888888888888888,ransom_3335
0,0.3333333333333333,0.0,1,1,0.0,0.6666666666666666,ransom_3336
9,0.0666666666666666,0.0,1,5,0.0,0.9333333333333332,ransom_3337
0,0.1111111111111111,0.0,1,3,0.0,0.8888888888888888,ransom_3338
0,0.3333333333333333,0.0,1,1,0.0,0.6666666666666666,ransom_3340
0,0.3333333333333333,0.0,1,1,0.0,0.6666666666666666,ransom_3341
0,0.2,0.0,1,2,0.0,0.8,ransom_3342
0,0.1111111111111111,0.0,1,3,0.0,0.8888888888888888,ransom_3344
2,0.1428571428571428,0.0,1,2,0.0,0.8571428571428571,ransom_3346
1,0.0666666666666666,0.0,1,5,0.0355334527259353,0.9333333333333332,ransom_3347
0,0.1428571428571428,0.0,1,2,0.0,0.8571428571428571,ransom_3348
11,0.0555555555555555,0.0,1,5,0.0,0.9444444444444444,ransom_3349
2,0.1666666666666666,0.0,1,2,0.0,0.8333333333333334,ransom_3351
0,0.2,0.0,1,1,-1.0,0.8,ransom_3352
5,0.1666666666666666,0.0,1,2,0.0,0.8333333333333334,ransom_3356
0,0.1,0.0,1,3,-0.0805822964025377,0.9,ransom_3357
2,0.0909090909090909,0.0,1,4,0.0,0.9090909090909092,ransom_3358
1,0.1,0.0,1,3,0.0,0.9,ransom_3359
0,0.0588235294117647,0.0,1,5,-0.0325300024316177,0.9411764705882352,ransom_3360
0,0.1,0.0,1,4,0.0,0.9,ransom_3361
0,0.2,0.0,1,1,0.0,0.8,ransom_3362
2,0.0714285714285714,0.0,1,5,0.0,0.9285714285714286,ransom_3363
1,0.1666666666666666,0.0,1,2,0.0,0.8333333333333334,ransom_3364
1,0.0833333333333333,0.0,1,3,-0.3268602252303066,0.9166666666666666,ransom_3365
0,0.0909090909090909,0.0,1,3,-0.166666666666668,0.9090909090909092,ransom_3366
1,0.125,0.0,1,2,0.0,0.875,ransom_3367
8,0.0714285714285714,0.0,1,5,0.0,0.9285714285714286,ransom_3368
4,0.25,0.0,1,1,0.0,0.75,ransom_3370
0,0.0476190476190476,0.0,1,5,-0.0909090909090905,0.9523809523809524,ransom_3372
0,0.1666666666666666,0.0,1,2,0.0,0.8333333333333334,ransom_3375
1,0.1666666666666666,0.0,1,2,0.0,0.8333333333333334,ransom_3376
0,0.125,0.0,1,2,-0.166666666666668,0.875,ransom_3378
3,0.1111111111111111,0.0,1,3,0.0,0.8888888888888888,ransom_3380
1,0.125,0.0,1,2,0.0,0.875,ransom_3382
6,0.0454545454545454,0.0,1,7,0.1008728671325955,0.9545454545454546,ransom_3383
0,0.25,0.0,1,1,0.0,0.75,ransom_3384
1,0.0909090909090909,0.0,1,3,0.0,0.9090909090909092,ransom_3385
1,0.1111111111111111,0.0,1,3,0.0,0.8888888888888888,ransom_3387
3,0.0666666666666666,0.0,1,5,0.0355334527259353,0.9333333333333332,ransom_3388
0,0.25,0.0,1,1,0.0,0.75,ransom_3389
0,0.1111111111111111,0.0,1,3,0.0,0.8888888888888888,ransom_3390
0,0.1,0.0,1,3,0.0,0.9,ransom_3391
0,0.0833333333333333,0.0,1,3,0.0,0.9166666666666666,ransom_3392
1,0.1428571428571428,0.0,1,2,0.0,0.8571428571428571,ransom_3393
0,0.125,0.0,1,2,-0.6454972243679025,0.875,ransom_3395
0,0.125,0.0,1,2,-0.4880935300919782,0.875,ransom_3398
0,0.0625,0.0,1,4,-0.1324295304292306,0.9375,ransom_3399
0,0.2,0.0,1,1,-1.0,0.8,ransom_3400
8,0.1428571428571428,0.0,1,2,0.0,0.8571428571428571,ransom_3401
0,0.1428571428571428,0.0,1,2,0.0,0.8571428571428571,ransom_3402
0,0.2,0.0,1,1,0.0,0.8,ransom_3403
0,0.25,0.0,1,1,0.0,0.75,ransom_3404
0,0.0769230769230769,0.0,1,3,0.0,0.9230769230769232,ransom_3405
0,0.125,0.0,1,3,0.0,0.875,ransom_3407
0,0.1666666666666666,0.0,1,2,0.0,0.8333333333333334,ransom_3408
0,0.2,0.0,1,2,0.0,0.8,ransom_3409
0,0.1666666666666666,0.0,1,2,0.0,0.8333333333333334,ransom_3410
0,0.0833333333333333,0.0,1,3,-0.3268602252303066,0.9166666666666666,ransom_3411
1,0.0769230769230769,0.0,1,3,-0.4780914437337626,0.9230769230769232,ransom_3412
0,0.1428571428571428,0.0,1,2,0.0,0.8571428571428571,ransom_3413
0,0.125,0.0,1,2,0.0,0.875,ransom_3414
3,0.1,0.0,1,3,0.1135923668494129,0.9,ransom_3415
0,0.1428571428571428,0.0,1,2,0.0,0.8571428571428571,ransom_3416
0,0.1666666666666666,0.0,1,2,0.0,0.8333333333333334,ransom_3418
0,0.125,0.0,1,2,-0.6454972243679025,0.875,ransom_3419
3,0.2,0.0,1,2,0.0,0.8,ransom_3420
0,0.25,0.0,1,1,0.0,0.75,ransom_3421
0,0.25,0.0,1,1,0.0,0.75,ransom_3422
0,0.25,0.0,1,1,0.0,0.75,ransom_3423
0,0.0769230769230769,0.0,1,3,0.0,0.9230769230769232,ransom_3424
1,0.0769230769230769,0.0,1,4,-0.063245553203368,0.9230769230769232,ransom_3426
4,0.0833333333333333,0.0,1,3,-0.3268602252303066,0.9166666666666666,ransom_3427
0,0.1666666666666666,0.0,1,2,0.0,0.8333333333333334,ransom_3428
14,0.1,0.0,1,3,-0.0805822964025377,0.9,ransom_3429
0,0.1666666666666666,0.0,1,2,0.0,0.8333333333333334,ransom_3430
1,0.1,0.0,1,3,0.0,0.9,ransom_3431
0,0.1666666666666666,0.0,1,2,0.0,0.8333333333333334,ransom_3432
0,0.125,0.0,1,2,0.0,0.875,ransom_3433
0,0.25,0.0,1,1,0.0,0.75,ransom_3436
0,0.1428571428571428,0.0,1,2,0.0,0.8571428571428571,ransom_3437
1,0.0625,0.0,1,4,0.2750095491084639,0.9375,ransom_3439
0,0.0833333333333333,0.0,1,4,0.0,0.9166666666666666,ransom_3440
0,0.1111111111111111,0.0,1,2,-0.5773502691896258,0.8888888888888888,ransom_3441
0,0.0833333333333333,0.0,1,3,-0.3268602252303066,0.9166666666666666,ransom_3442
0,0.1428571428571428,0.0,1,2,0.0,0.8571428571428571,ransom_3443
0,0.1428571428571428,0.0,1,2,0.0,0.8571428571428571,ransom_3444
0,0.25,0.0,1,1,0.0,0.75,ransom_3445
0,0.1666666666666666,0.0,1,2,0.0,0.8333333333333334,ransom_3446
0,0.3333333333333333,0.0,1,1,0.0,0.6666666666666666,ransom_3448
0,0.0909090909090909,0.0,1,3,-0.166666666666668,0.9090909090909092,ransom_3449
2,0.0588235294117647,0.0,1,5,0.0,0.9411764705882352,ransom_3450
3,0.1,0.0,1,3,0.0,0.9,ransom_3451
1,0.0833333333333333,0.0,1,3,0.0,0.9166666666666666,ransom_3452
0,0.2,0.0,1,1,-1.0,0.8,ransom_3453
0,0.0588235294117647,0.0,1,5,0.0,0.9411764705882352,ransom_3454
0,0.1428571428571428,0.0,1,2,-0.250000000000001,0.8571428571428571,ransom_3455
0,0.3333333333333333,0.0,1,1,0.0,0.6666666666666666,ransom_3456
0,0.1111111111111111,0.0,1,2,-0.6546536707079772,0.8888888888888888,ransom_3458
0,0.1666666666666666,0.0,1,2,0.0,0.8333333333333334,ransom_3459
0,0.1428571428571428,0.0,1,2,0.0,0.8571428571428571,ransom_3462
0,0.1666666666666666,0.0,1,2,0.0,0.8333333333333334,ransom_3463
0,0.25,0.0,1,1,0.0,0.75,ransom_3464
0,0.1111111111111111,0.0,1,3,0.0,0.8888888888888888,ransom_3466
0,0.1666666666666666,0.0,1,2,0.0,0.8333333333333334,ransom_3467
0,0.1666666666666666,0.0,1,2,0.0,0.8333333333333334,ransom_3468
0,0.1428571428571428,0.0,1,2,-0.250000000000001,0.8571428571428571,ransom_3470
0,0.2,0.0,1,2,0.0,0.8,ransom_3471
0,0.25,0.0,1,1,0.0,0.75,ransom_3472
0,0.25,0.0,1,1,0.0,0.75,ransom_3473
0,0.1666666666666666,0.0,1,1,-0.9999999999999992,0.8333333333333334,ransom_3475
0,0.125,0.0,1,2,0.0,0.875,ransom_3476
0,0.1666666666666666,0.0,1,2,0.1666666666666655,0.8333333333333334,ransom_3477
0,0.2,0.0,1,1,0.0,0.8,ransom_3479
0,0.1428571428571428,0.0,1,2,0.0,0.8571428571428571,ransom_3480
0,0.25,0.0,1,1,0.0,0.75,ransom_3481
0,0.2,0.0,1,1,0.0,0.8,ransom_3482
4,0.0769230769230769,0.0,1,4,0.0,0.9230769230769232,ransom_3483
3,0.1428571428571428,0.0,1,2,0.0,0.8571428571428571,ransom_3484
1,0.0769230769230769,0.0,1,4,0.0,0.9230769230769232,ransom_3485
0,0.25,0.0,1,1,0.0,0.75,ransom_3486
2,0.3333333333333333,0.0,1,1,0.0,0.6666666666666666,ransom_3487
3,0.2,0.0,1,1,0.0,0.8,ransom_3489
1,0.3333333333333333,0.0,1,1,0.0,0.6666666666666666,ransom_3490
0,0.0909090909090909,0.0,1,3,0.0,0.9090909090909092,ransom_3491
0,0.1111111111111111,0.0,1,2,-0.6546536707079772,0.8888888888888888,ransom_3493
1,0.25,0.0,1,1,0.0,0.75,ransom_3494
0,0.1,0.0,1,3,-0.0805822964025377,0.9,ransom_3495
4,0.1,0.0,1,3,-0.1889822365046146,0.9,ransom_3496
0,0.125,0.0,1,3,0.0,0.875,ransom_3497
0,0.125,0.0,1,2,0.0,0.875,ransom_3498
0,0.1111111111111111,0.0,1,3,0.0,0.8888888888888888,ransom_3499
0,0.1428571428571428,0.0,1,2,-0.250000000000001,0.8571428571428571,ransom_3500
5,0.125,0.0,1,2,0.0,0.875,ransom_3501
0,0.0666666666666666,0.0,1,4,-0.1473139127471972,0.9333333333333332,ransom_3502
0,0.25,0.0,1,1,0.0,0.75,ransom_3503
0,0.1111111111111111,0.0,1,3,0.0,0.8888888888888888,ransom_3504
2,0.0769230769230769,0.0,1,3,0.0,0.9230769230769232,ransom_3505
0,0.1111111111111111,0.0,1,3,0.0,0.8888888888888888,ransom_3506
1,0.0588235294117647,0.0,1,6,0.0,0.9411764705882352,ransom_3507
0,0.25,0.0,1,1,0.0,0.75,ransom_3508
0,0.0714285714285714,0.0,1,4,-0.0769321818620843,0.9285714285714286,ransom_3510
4,0.0666666666666666,0.0,1,4,-0.0404888165089451,0.9333333333333332,ransom_3512
3,0.3333333333333333,0.0,1,1,0.0,0.6666666666666666,ransom_3513
0,0.125,0.0,1,2,-0.6454972243679025,0.875,ransom_3514
3,0.0833333333333333,0.0,1,3,-0.3888888888888903,0.9166666666666666,ransom_3515
0,0.2,0.0,1,1,0.0,0.8,ransom_3516
0,0.1,0.0,1,2,-0.8237544710479152,0.9,ransom_3517
14,0.0666666666666666,0.0,1,4,0.0,0.9333333333333332,ransom_3518
0,0.1,0.0,1,3,0.0,0.9,ransom_3520
2,0.0714285714285714,0.0,1,3,-0.4813299149207699,0.9285714285714286,ransom_3521
0,0.1111111111111111,0.0,1,3,0.0,0.8888888888888888,ransom_3522
0,0.125,0.0,1,2,0.0,0.875,ransom_3524
0,0.125,0.0,1,2,-0.6454972243679025,0.875,ransom_3525
0,0.0833333333333333,0.0,1,3,-0.3268602252303066,0.9166666666666666,ransom_3526
0,0.3333333333333333,0.0,1,1,0.0,0.6666666666666666,ransom_3528
0,0.2,0.0,1,1,0.0,0.8,ransom_3530
0,0.2,0.0,1,1,-1.0,0.8,ransom_3534
0,0.1,0.0,1,3,0.1135923668494129,0.9,ransom_3535
1,0.1428571428571428,0.0,1,2,0.0,0.8571428571428571,ransom_3537
0,0.25,0.0,1,1,0.0,0.75,ransom_3538
0,0.0625,0.0,1,5,0.097344060699102,0.9375,ransom_3539
0,0.0909090909090909,0.0,1,3,0.0,0.9090909090909092,ransom_3540
0,0.1428571428571428,0.0,1,2,0.0,0.8571428571428571,ransom_3541
0,0.25,0.0,1,1,0.0,0.75,ransom_3542
1,0.2,0.0,1,1,-1.0,0.8,ransom_3543
0,0.1666666666666666,0.0,1,2,0.0,0.8333333333333334,ransom_3544
0,0.125,0.0,1,2,-0.6454972243679025,0.875,ransom_3546
0,0.1666666666666666,0.0,1,2,0.0,0.8333333333333334,ransom_3547
1,0.125,0.0,1,3,0.0,0.875,ransom_3548
1,0.0833333333333333,0.0,1,4,0.0,0.9166666666666666,ransom_3549
3,0.0909090909090909,0.0,1,3,-0.2500000000000005,0.9090909090909092,ransom_3550
6,0.0909090909090909,0.0,1,4,0.0,0.9090909090909092,ransom_3551
4,0.1,0.0,1,4,0.0,0.9,ransom_3552
1,0.3333333333333333,0.0,1,1,0.0,0.6666666666666666,ransom_3553
0,0.1666666666666666,0.0,1,2,0.0,0.8333333333333334,ransom_3554
0,0.1111111111111111,0.0,1,2,0.0,0.8888888888888888,ransom_3555
1,0.1,0.0,1,3,0.0,0.9,ransom_3557
5,0.0769230769230769,0.0,1,4,0.0,0.9230769230769232,ransom_3558
0,0.1111111111111111,0.0,1,2,0.0,0.8888888888888888,ransom_3559
2,0.125,0.0,1,2,0.0,0.875,ransom_3560
0,0.25,0.0,1,1,0.0,0.75,ransom_3561
0,0.0833333333333333,0.0,1,3,-0.3268602252303066,0.9166666666666666,ransom_3562
0,0.3333333333333333,0.0,1,1,0.0,0.6666666666666666,ransom_3563
2,0.1666666666666666,0.0,1,2,0.0,0.8333333333333334,ransom_3565
0,0.25,0.0,1,1,0.0,0.75,ransom_3566
0,0.125,0.0,1,2,-0.6454972243679025,0.875,ransom_3567
3,0.125,0.0,1,3,0.0,0.875,ransom_3568
1,0.0769230769230769,0.0,1,4,0.0,0.9230769230769232,ransom_3569
3,0.0714285714285714,0.0,1,4,-0.0769321818620843,0.9285714285714286,ransom_3570
1,0.1111111111111111,0.0,1,3,0.0,0.8888888888888888,ransom_3571
1,0.1428571428571428,0.0,1,2,0.0,0.8571428571428571,ransom_3572
8,0.125,0.0,1,2,0.0,0.875,ransom_3573
0,0.125,0.0,1,2,-0.6454972243679025,0.875,ransom_3574
2,0.0909090909090909,0.0,1,3,-0.166666666666668,0.9090909090909092,ransom_3575
0,0.25,0.0,1,1,0.0,0.75,ransom_3576
0,0.25,0.0,1,1,0.0,0.75,ransom_3577
2,0.0833333333333333,0.0,1,3,-0.1028688999747275,0.9166666666666666,ransom_3579
0,0.1111111111111111,0.0,1,2,-0.6546536707079772,0.8888888888888888,ransom_3581
0,0.2,0.0,1,1,0.0,0.8,ransom_3582
4,0.1666666666666666,0.0,1,2,0.0,0.8333333333333334,ransom_3583
1,0.0714285714285714,0.0,1,4,0.067115605521402,0.9285714285714286,ransom_3584
0,0.25,0.0,1,1,0.0,0.75,ransom_3585
0,0.125,0.0,1,2,-0.166666666666668,0.875,ransom_3586
0,0.0833333333333333,0.0,1,4,0.0,0.9166666666666666,ransom_3587
0,0.125,0.0,1,2,-0.6454972243679025,0.875,ransom_3589
0,0.25,0.0,1,1,0.0,0.75,ransom_3590
0,0.1666666666666666,0.0,1,2,0.0,0.8333333333333334,ransom_3591
0,0.25,0.0,1,1,0.0,0.75,ransom_3594
0,0.0769230769230769,0.0,1,4,0.0,0.9230769230769232,ransom_3595
0,0.1666666666666666,0.0,1,2,0.0,0.8333333333333334,ransom_3596
0,0.25,0.0,1,1,0.0,0.75,ransom_3597
0,0.3333333333333333,0.0,1,1,0.0,0.6666666666666666,ransom_3598
0,0.25,0.0,1,1,0.0,0.75,ransom_3599
11,0.0909090909090909,0.0,1,3,-0.2500000000000005,0.9090909090909092,ransom_3600
0,0.25,0.0,1,1,0.0,0.75,ransom_3601
4,0.1111111111111111,0.0,1,3,0.0,0.8888888888888888,ransom_3602
0,0.25,0.0,1,1,0.0,0.75,ransom_3603
6,0.0666666666666666,0.0,1,4,0.0499999999999997,0.9333333333333332,ransom_3604
0,0.0666666666666666,0.0,1,4,-0.0912870929175288,0.9333333333333332,ransom_3605
0,0.125,0.0,1,2,-0.6454972243679025,0.875,ransom_3606
0,0.3333333333333333,0.0,1,1,0.0,0.6666666666666666,ransom_3607
0,0.125,0.0,1,3,0.0,0.875,ransom_3608
0,0.1,0.0,1,3,0.0,0.9,ransom_3609
6,0.1666666666666666,0.0,1,2,0.0,0.8333333333333334,ransom_3611
0,0.2,0.0,1,1,-1.0,0.8,ransom_3612
0,0.0909090909090909,0.0,1,3,0.0,0.9090909090909092,ransom_3613
0,0.1111111111111111,0.0,1,2,-0.6546536707079772,0.8888888888888888,ransom_3614
0,0.1666666666666666,0.0,1,2,0.0,0.8333333333333334,ransom_3615
1,0.1428571428571428,0.0,1,2,-0.250000000000001,0.8571428571428571,ransom_3618
0,0.1,0.0,1,3,0.0,0.9,ransom_3619
0,0.25,0.0,1,1,0.0,0.75,ransom_3620
0,0.1666666666666666,0.0,1,2,0.0,0.8333333333333334,ransom_3621
0,0.1111111111111111,0.0,1,2,0.0,0.8888888888888888,ransom_3623
0,0.1666666666666666,0.0,1,2,0.0,0.8333333333333334,ransom_3624
0,0.1666666666666666,0.0,1,2,0.0,0.8333333333333334,ransom_3625
0,0.3333333333333333,0.0,1,1,0.0,0.6666666666666666,ransom_3627
0,0.25,0.0,1,1,0.0,0.75,ransom_3628
2,0.1111111111111111,0.0,1,3,0.0,0.8888888888888888,ransom_3629
1,0.125,0.0,1,2,-0.4880935300919782,0.875,ransom_3631
0,0.25,0.0,1,1,0.0,0.75,ransom_3632
1,0.2,0.0,1,2,0.0,0.8,ransom_3633
0,0.125,0.0,1,2,0.0,0.875,ransom_3634
0,0.25,0.0,1,1,0.0,0.75,ransom_3635
0,0.1666666666666666,0.0,1,2,0.0,0.8333333333333334,ransom_3636
0,0.1428571428571428,0.0,1,2,0.0,0.8571428571428571,ransom_3638
0,0.2,0.0,1,1,-1.0,0.8,ransom_3639
0,0.2,0.0,1,1,-1.0,0.8,ransom_3640
3,0.0666666666666666,0.0,1,5,0.0,0.9333333333333332,ransom_3641
0,0.1111111111111111,0.0,1,2,-0.6546536707079772,0.8888888888888888,ransom_3645
0,0.125,0.0,1,2,-0.6454972243679025,0.875,ransom_3648
0,0.1,0.0,1,3,-0.0805822964025377,0.9,ransom_3650
0,0.25,0.0,1,1,0.0,0.75,ransom_3651
1,0.1111111111111111,0.0,1,2,-0.6546536707079772,0.8888888888888888,ransom_3652
0,0.1111111111111111,0.0,1,3,0.0,0.8888888888888888,ransom_3653
1,0.1428571428571428,0.0,1,2,-0.250000000000001,0.8571428571428571,ransom_3656
0,0.0833333333333333,0.0,1,4,-0.0495073771488339,0.9166666666666666,ransom_3658
0,0.3333333333333333,0.0,1,1,0.0,0.6666666666666666,ransom_3659
0,0.2,0.0,1,1,-1.0,0.8,ransom_3660
2,0.3333333333333333,0.0,1,1,0.0,0.6666666666666666,ransom_3663
0,0.3333333333333333,0.0,1,1,0.0,0.6666666666666666,ransom_3665
1,0.25,0.0,1,1,0.0,0.75,ransom_3666
0,0.1,0.0,1,3,-0.0805822964025377,0.9,ransom_3667
0,0.125,0.0,1,2,0.0,0.875,ransom_3668
0,0.1666666666666666,0.0,1,2,0.0,0.8333333333333334,ransom_3669
0,0.1428571428571428,0.0,1,2,0.0,0.8571428571428571,ransom_3670
0,0.25,0.0,1,1,0.0,0.75,ransom_3673
0,0.3333333333333333,0.0,1,1,0.0,0.6666666666666666,ransom_3674
0,0.125,0.0,1,3,0.0,0.875,ransom_3676
1,0.05,0.0,1,6,0.0144598884742024,0.95,ransom_3677
0,0.1428571428571428,0.0,1,2,0.0,0.8571428571428571,ransom_3678
0,0.0833333333333333,0.0,1,4,0.0,0.9166666666666666,ransom_3679
3,0.125,0.0,1,2,-0.4880935300919782,0.875,ransom_3681
2,0.1428571428571428,0.0,1,2,0.0,0.8571428571428571,ransom_3682
0,0.2,0.0,1,1,-1.0,0.8,ransom_3684
1,0.1,0.0,1,2,-0.8237544710479152,0.9,ransom_3685
2,0.1111111111111111,0.0,1,2,0.0,0.8888888888888888,ransom_3686
1,0.0714285714285714,0.0,1,4,-0.0769321818620843,0.9285714285714286,ransom_3687
0,0.25,0.0,1,1,0.0,0.75,ransom_3688
0,0.3333333333333333,0.0,1,1,0.0,0.6666666666666666,ransom_3689
0,0.25,0.0,1,1,0.0,0.75,ransom_3690
0,0.0588235294117647,0.0,1,5,0.0,0.9411764705882352,ransom_3691
0,0.2,0.0,1,1,0.0,0.8,ransom_3692
2,0.1428571428571428,0.0,1,2,0.0,0.8571428571428571,ransom_3693
1,0.0909090909090909,0.0,1,3,0.0,0.9090909090909092,ransom_3696
2,0.2,0.0,1,1,0.0,0.8,ransom_3697
0,0.125,0.0,1,2,-0.4880935300919782,0.875,ransom_3698
0,0.125,0.0,1,2,0.0,0.875,ransom_3700
0,0.1,0.0,1,3,-0.0805822964025377,0.9,ransom_3701
0,0.25,0.0,1,1,0.0,0.75,ransom_3702
0,0.0769230769230769,0.0,1,3,-0.4780914437337626,0.9230769230769232,ransom_3703
0,0.1666666666666666,0.0,1,2,0.0,0.8333333333333334,ransom_3704
25,0.125,0.0,1,2,-0.4880935300919782,0.875,ransom_3705
0,0.0588235294117647,0.0,1,5,0.0,0.9411764705882352,ransom_3706
1,0.125,0.0,1,3,0.0,0.875,ransom_3708
0,0.1428571428571428,0.0,1,2,-0.250000000000001,0.8571428571428571,ransom_3709
1,0.0769230769230769,0.0,1,3,-0.4780914437337626,0.9230769230769232,ransom_3712
2,0.0588235294117647,0.0,1,5,0.0,0.9411764705882352,ransom_3713
0,0.1111111111111111,0.0,1,3,0.0,0.8888888888888888,ransom_3715
0,0.125,0.0,1,2,0.0,0.875,ransom_3716
1,0.0666666666666666,0.0,1,4,-0.0404888165089451,0.9333333333333332,ransom_3717
0,0.1428571428571428,0.0,1,2,0.0,0.8571428571428571,ransom_3718
0,0.1666666666666666,0.0,1,2,0.0,0.8333333333333334,ransom_3719
0,0.0909090909090909,0.0,1,3,0.0,0.9090909090909092,ransom_3720
7,0.0666666666666666,0.0,1,5,0.0355334527259353,0.9333333333333332,ransom_3721
0,0.1111111111111111,0.0,1,3,0.0,0.8888888888888888,ransom_3722
0,0.0909090909090909,0.0,1,3,0.0,0.9090909090909092,ransom_3723
0,0.0833333333333333,0.0,1,3,-0.2390457218668779,0.9166666666666666,ransom_3724
0,0.1111111111111111,0.0,1,3,0.0,0.8888888888888888,ransom_3726
1,0.1,0.0,1,3,0.0,0.9,ransom_3727
0,0.3333333333333333,0.0,1,1,0.0,0.6666666666666666,ransom_3728
0,0.2,0.0,1,1,-1.0,0.8,ransom_3729
2,0.1,0.0,1,3,0.0,0.9,ransom_3731
13,0.0909090909090909,0.0,1,3,0.0,0.9090909090909092,ransom_3732
1,0.1,0.0,1,3,-0.0805822964025377,0.9,ransom_3733
0,0.1111111111111111,0.0,1,2,0.0,0.8888888888888888,ransom_3734
0,0.25,0.0,1,1,0.0,0.75,ransom_3735
0,0.0666666666666666,0.0,1,4,-0.1473139127471972,0.9333333333333332,ransom_3736
0,0.0909090909090909,0.0,1,3,0.0,0.9090909090909092,ransom_3737
1,0.0833333333333333,0.0,1,3,-0.3268602252303066,0.9166666666666666,ransom_3738
1,0.1,0.0,1,3,0.0,0.9,ransom_3739
0,0.1666666666666666,0.0,1,2,0.0,0.8333333333333334,ransom_3740
1,0.25,0.0,1,1,0.0,0.75,ransom_3741
0,0.25,0.0,1,1,0.0,0.75,ransom_3742
1,0.1111111111111111,0.0,1,3,0.0,0.8888888888888888,ransom_3745
4,0.1,0.0,1,3,0.1135923668494129,0.9,ransom_3746
0,0.2,0.0,1,1,0.0,0.8,ransom_3747
0,0.3333333333333333,0.0,1,1,0.0,0.6666666666666666,ransom_3748
4,0.1666666666666666,0.0,1,2,0.0,0.8333333333333334,ransom_3749
0,0.3333333333333333,0.0,1,1,0.0,0.6666666666666666,ransom_3750
0,0.1,0.0,1,2,-0.7416198487095668,0.9,ransom_3752
2,0.1666666666666666,0.0,1,2,0.0,0.8333333333333334,ransom_3753
0,0.25,0.0,1,1,0.0,0.75,ransom_3754
0,0.1666666666666666,0.0,1,2,0.0,0.8333333333333334,ransom_3755
1,0.2,0.0,1,2,0.0,0.8,ransom_3756
1,0.1428571428571428,0.0,1,2,0.0,0.8571428571428571,ransom_3758
4,0.0909090909090909,0.0,1,4,0.0368604890387233,0.9090909090909092,ransom_3759
0,0.25,0.0,1,1,0.0,0.75,ransom_3761
0,0.1111111111111111,0.0,1,2,-0.6546536707079772,0.8888888888888888,ransom_3764
0,0.1,0.0,1,3,-0.0805822964025377,0.9,ransom_3765
0,0.2,0.0,1,1,-1.0,0.8,ransom_3766
0,0.1,0.0,1,3,-0.0805822964025377,0.9,ransom_3769
0,0.25,0.0,1,1,0.0,0.75,ransom_3770
3,0.1666666666666666,0.0,1,2,0.0,0.8333333333333334,ransom_3771
1,0.125,0.0,1,2,0.0,0.875,ransom_3772
0,0.3333333333333333,0.0,1,1,0.0,0.6666666666666666,ransom_3773
0,0.0625,0.0,1,5,4.216374612302231e-16,0.9375,ransom_3774
0,0.1666666666666666,0.0,1,2,0.0,0.8333333333333334,ransom_3775
0,0.125,0.0,1,3,0.0,0.875,ransom_3776
0,0.1666666666666666,0.0,1,1,-0.9999999999999992,0.8333333333333334,ransom_3777
0,0.2,0.0,1,1,0.0,0.8,ransom_3779
0,0.2,0.0,1,1,0.0,0.8,ransom_3780
1,0.3333333333333333,0.0,1,1,0.0,0.6666666666666666,ransom_3782
1,0.2,0.0,1,1,0.0,0.8,ransom_3784
0,0.1666666666666666,0.0,1,2,0.0,0.8333333333333334,ransom_3785
1,0.1666666666666666,0.0,1,2,0.0,0.8333333333333334,ransom_3787
0,0.1428571428571428,0.0,1,2,0.4999999999999995,0.8571428571428571,ransom_3788
2,0.125,0.0,1,2,-0.6454972243679025,0.875,ransom_3790
1,0.25,0.0,1,1,0.0,0.75,ransom_3791
0,0.3333333333333333,0.0,1,1,0.0,0.6666666666666666,ransom_3792
1,0.1666666666666666,0.0,1,2,0.0,0.8333333333333334,ransom_3794
0,0.125,0.0,1,3,0.0,0.875,ransom_3796
2,0.0833333333333333,0.0,1,4,0.0173762011714225,0.9166666666666666,ransom_3797
0,0.125,0.0,1,2,0.0,0.875,ransom_3798
1,0.1666666666666666,0.0,1,2,0.0,0.8333333333333334,ransom_3799
0,0.1,0.0,1,3,0.0,0.9,ransom_3800
0,0.25,0.0,1,1,0.0,0.75,ransom_3801
0,0.1428571428571428,0.0,1,2,0.0,0.8571428571428571,ransom_3802
0,0.25,0.0,1,1,0.0,0.75,ransom_3803
3,0.0769230769230769,0.0,1,4,0.0,0.9230769230769232,ransom_3804
1,0.0769230769230769,0.0,1,4,-0.063245553203368,0.9230769230769232,ransom_3805
0,0.1666666666666666,0.0,1,2,0.0,0.8333333333333334,ransom_3806
9,0.1428571428571428,0.0,1,3,0.0,0.8571428571428571,ransom_3807
1,0.0769230769230769,0.0,1,4,-0.063245553203368,0.9230769230769232,ransom_3808
6,0.1666666666666666,0.0,1,2,0.0,0.8333333333333334,ransom_3809
2,0.125,0.0,1,2,-0.4880935300919782,0.875,ransom_3810
1,0.2,0.0,1,2,0.0,0.8,ransom_3811
4,0.0555555555555555,0.0,1,5,5.023171326768109e-16,0.9444444444444444,ransom_3812
3,0.0909090909090909,0.0,1,3,0.0,0.9090909090909092,ransom_3813
1,0.25,0.0,1,1,0.0,0.75,ransom_3814
0,0.125,0.0,1,2,0.0,0.875,ransom_3815
0,0.2,0.0,1,2,0.0,0.8,ransom_3816
3,0.125,0.0,1,2,-0.6454972243679025,0.875,ransom_3817
0,0.1111111111111111,0.0,1,3,0.0,0.8888888888888888,ransom_3818
2,0.1,0.0,1,3,0.0,0.9,ransom_3819
0,0.0909090909090909,0.0,1,3,-5.851389114294497e-16,0.9090909090909092,ransom_3820
1,0.3333333333333333,0.0,1,1,0.0,0.6666666666666666,ransom_3821
1,0.3333333333333333,0.0,1,1,0.0,0.6666666666666666,ransom_3822
0,0.0909090909090909,0.0,1,3,-0.1666666666666678,0.9090909090909092,ransom_3823
0,0.1428571428571428,0.0,1,2,0.0,0.8571428571428571,ransom_3824
1,0.0588235294117647,0.0,1,5,0.0,0.9411764705882352,ransom_3825
0,0.0909090909090909,0.0,1,3,-0.2500000000000005,0.9090909090909092,ransom_3826
0,0.0909090909090909,0.0,1,3,-0.166666666666668,0.9090909090909092,ransom_3827
0,0.2,0.0,1,1,0.0,0.8,ransom_3828
0,0.1666666666666666,0.0,1,2,0.0,0.8333333333333334,ransom_3830
0,0.0666666666666666,0.0,1,5,0.0,0.9333333333333332,ransom_3831
8,0.1111111111111111,0.0,1,2,-0.6546536707079772,0.8888888888888888,ransom_3832
0,0.2,0.0,1,1,0.0,0.8,ransom_3833
0,0.2,0.0,1,1,0.0,0.8,ransom_3835
16,0.0909090909090909,0.0,1,3,0.0,0.9090909090909092,ransom_3838
0,0.1111111111111111,0.0,1,2,-0.6546536707079772,0.8888888888888888,ransom_3839
0,0.3333333333333333,0.0,1,1,0.0,0.6666666666666666,ransom_3840
0,0.1111111111111111,0.0,1,2,-0.6546536707079772,0.8888888888888888,ransom_3841
1,0.125,0.0,1,2,0.0,0.875,ransom_3842
0,0.0909090909090909,0.0,1,3,-0.166666666666668,0.9090909090909092,ransom_3843
0,0.125,0.0,1,2,0.0,0.875,ransom_3844
1,0.1428571428571428,0.0,1,2,0.0,0.8571428571428571,ransom_3845
1,0.2,0.0,1,1,0.0,0.8,ransom_3847
0,0.1666666666666666,0.0,1,2,0.0,0.8333333333333334,ransom_3848
0,0.2,0.0,1,1,0.0,0.8,ransom_3849
0,0.2,0.0,1,1,-1.0,0.8,ransom_3850
3,0.1428571428571428,0.0,1,2,0.0,0.8571428571428571,ransom_3852
0,0.1666666666666666,0.0,1,2,0.0,0.8333333333333334,ransom_3853
1,0.0909090909090909,0.0,1,3,0.0,0.9090909090909092,ransom_3854
0,0.1,0.0,1,3,0.0,0.9,ransom_3855
0,0.125,0.0,1,2,-0.4880935300919782,0.875,ransom_3856
0,0.3333333333333333,0.0,1,1,0.0,0.6666666666666666,ransom_3857
2,0.1428571428571428,0.0,1,2,0.0,0.8571428571428571,ransom_3858
0,0.3333333333333333,0.0,1,1,0.0,0.6666666666666666,ransom_3859
0,0.25,0.0,1,1,0.0,0.75,ransom_3860
0,0.25,0.0,1,1,0.0,0.75,ransom_3861
0,0.1428571428571428,0.0,1,2,0.0,0.8571428571428571,ransom_3863
0,0.125,0.0,1,2,-0.6454972243679025,0.875,ransom_3864
0,0.0909090909090909,0.0,1,3,0.0,0.9090909090909092,ransom_3865
0,0.2,0.0,1,2,0.0,0.8,ransom_3866
1,0.25,0.0,1,1,0.0,0.75,ransom_3868
0,0.25,0.0,1,1,0.0,0.75,ransom_3870
0,0.3333333333333333,0.0,1,1,0.0,0.6666666666666666,ransom_3871
0,0.3333333333333333,0.0,1,1,0.0,0.6666666666666666,ransom_3872
1,0.1111111111111111,0.0,1,3,0.0,0.8888888888888888,ransom_3873
2,0.1428571428571428,0.0,1,2,0.0,0.8571428571428571,ransom_3874
0,0.3333333333333333,0.0,1,1,0.0,0.6666666666666666,ransom_3875
1,0.1111111111111111,0.0,1,2,-0.6546536707079772,0.8888888888888888,ransom_3876
1,0.0714285714285714,0.0,1,4,0.0,0.9285714285714286,ransom_3877
1,0.125,0.0,1,2,-0.6454972243679025,0.875,ransom_3878
0,0.125,0.0,1,2,0.0,0.875,ransom_3880
0,0.1111111111111111,0.0,1,2,-0.6546536707079772,0.8888888888888888,ransom_3881
0,0.0909090909090909,0.0,1,3,0.0,0.9090909090909092,ransom_3883
0,0.1428571428571428,0.0,1,2,0.0,0.8571428571428571,ransom_3885
0,0.0833333333333333,0.0,1,4,0.0,0.9166666666666666,ransom_3886
1,0.0909090909090909,0.0,1,3,-0.166666666666668,0.9090909090909092,ransom_3887
0,0.0909090909090909,0.0,1,3,0.0,0.9090909090909092,ransom_3888
3,0.0666666666666666,0.0,1,4,0.0,0.9333333333333332,ransom_3889
0,0.0833333333333333,0.0,1,4,0.0,0.9166666666666666,ransom_3890
0,0.125,0.0,1,3,0.0,0.875,ransom_3892
0,0.0909090909090909,0.0,1,3,-0.166666666666668,0.9090909090909092,ransom_3893
1,0.0833333333333333,0.0,1,4,0.0,0.9166666666666666,ransom_3894
0,0.1666666666666666,0.0,1,2,0.0,0.8333333333333334,ransom_3895
0,0.3333333333333333,0.0,1,1,0.0,0.6666666666666666,ransom_3896
1,0.0909090909090909,0.0,1,3,-0.2500000000000005,0.9090909090909092,ransom_3897
0,0.1,0.0,1,3,-0.0805822964025377,0.9,ransom_3898
1,0.0714285714285714,0.0,1,4,0.0,0.9285714285714286,ransom_3899
0,0.1428571428571428,0.0,1,2,0.0,0.8571428571428571,ransom_3900
1,0.0909090909090909,0.0,1,4,0.0,0.9090909090909092,ransom_3901
0,0.25,0.0,1,1,0.0,0.75,ransom_3902
6,0.0833333333333333,0.0,1,4,0.0,0.9166666666666666,ransom_3903
0,0.25,0.0,1,1,0.0,0.75,ransom_3904
0,0.1428571428571428,0.0,1,2,0.0,0.8571428571428571,ransom_3905
0,0.25,0.0,1,1,0.0,0.75,ransom_3907
0,0.25,0.0,1,1,0.0,0.75,ransom_3909
1,0.0625,0.0,1,4,-0.1626109088969974,0.9375,ransom_3910
0,0.125,0.0,1,2,0.0,0.875,ransom_3912
0,0.0833333333333333,0.0,1,3,-0.3268602252303066,0.9166666666666666,ransom_3913
0,0.1428571428571428,0.0,1,2,0.0,0.8571428571428571,ransom_3914
1,0.1666666666666666,0.0,1,2,0.0,0.8333333333333334,ransom_3916
0,0.1428571428571428,0.0,1,2,0.0,0.8571428571428571,ransom_3918
0,0.0555555555555555,0.0,1,5,0.0,0.9444444444444444,ransom_3919
0,0.2,0.0,1,1,0.0,0.8,ransom_3920
0,0.1,0.0,1,4,0.0,0.9,ransom_3921
0,0.25,0.0,1,1,0.0,0.75,ransom_3922
0,0.1666666666666666,0.0,1,2,0.0,0.8333333333333334,ransom_3923
0,0.05,0.0,1,6,0.0144598884742024,0.95,ransom_3924
1,0.1,0.0,1,3,-0.0805822964025377,0.9,ransom_3926
0,0.1111111111111111,0.0,1,2,0.0,0.8888888888888888,ransom_3927
1,0.25,0.0,1,1,0.0,0.75,ransom_3928
0,0.1666666666666666,0.0,1,2,0.0,0.8333333333333334,ransom_3929
0,0.1666666666666666,0.0,1,2,0.0,0.8333333333333334,ransom_3930
0,0.2,0.0,1,2,0.0,0.8,ransom_3932
1,0.0769230769230769,0.0,1,4,-0.063245553203368,0.9230769230769232,ransom_3934
0,0.3333333333333333,0.0,1,1,0.0,0.6666666666666666,ransom_3935
1,0.0909090909090909,0.0,1,3,0.0,0.9090909090909092,ransom_3937
3,0.0714285714285714,0.0,1,4,0.0,0.9285714285714286,ransom_3939
1,0.1111111111111111,0.0,1,3,0.0,0.8888888888888888,ransom_3940
5,0.0833333333333333,0.0,1,4,0.0,0.9166666666666666,ransom_3941
0,0.0833333333333333,0.0,1,3,-0.3268602252303066,0.9166666666666666,ransom_3942
0,0.1111111111111111,0.0,1,2,-0.6546536707079772,0.8888888888888888,ransom_3943
9,0.1666666666666666,0.0,1,2,0.0,0.8333333333333334,ransom_3944
3,0.0769230769230769,0.0,1,4,0.0,0.9230769230769232,ransom_3945
0,0.0909090909090909,0.0,1,3,0.0,0.9090909090909092,ransom_3946
0,0.25,0.0,1,1,0.0,0.75,ransom_3947
3,0.3333333333333333,0.0,1,1,0.0,0.6666666666666666,ransom_3949
0,0.1111111111111111,0.0,1,3,0.0,0.8888888888888888,ransom_3950
0,0.125,0.0,1,2,0.0,0.875,ransom_3951
0,0.1111111111111111,0.0,1,3,0.0,0.8888888888888888,ransom_3952
1,0.0909090909090909,0.0,1,3,0.0,0.9090909090909092,ransom_3953
0,0.0666666666666666,0.0,1,4,-0.0912870929175288,0.9333333333333332,ransom_3954
0,0.1428571428571428,0.0,1,2,-0.250000000000001,0.8571428571428571,ransom_3956
0,0.2,0.0,1,2,0.0,0.8,ransom_3957
0,0.1428571428571428,0.0,1,2,0.0,0.8571428571428571,ransom_3958
1,0.0769230769230769,0.0,1,4,0.0,0.9230769230769232,ransom_3961
1,0.0909090909090909,0.0,1,3,-0.166666666666668,0.9090909090909092,ransom_3962
0,0.0666666666666666,0.0,1,4,-0.1473139127471972,0.9333333333333332,ransom_3963
0,0.125,0.0,1,2,0.0,0.875,ransom_3964
2,0.1666666666666666,0.0,1,2,0.0,0.8333333333333334,ransom_3965
0,0.2,0.0,1,1,-1.0,0.8,ransom_3967
3,0.0588235294117647,0.0,1,5,0.0,0.9411764705882352,ransom_3968
0,0.3333333333333333,0.0,1,1,0.0,0.6666666666666666,ransom_3970
0,0.1,0.0,1,3,0.0,0.9,ransom_3971
0,0.3333333333333333,0.0,1,1,0.0,0.6666666666666666,ransom_3972
0,0.2,0.0,1,1,0.0,0.8,ransom_3973
0,0.0714285714285714,0.0,1,4,0.067115605521402,0.9285714285714286,ransom_3975
0,0.1666666666666666,0.0,1,2,0.0,0.8333333333333334,ransom_3976
1,0.1428571428571428,0.0,1,2,0.0,0.8571428571428571,ransom_3977
0,0.0909090909090909,0.0,1,3,0.0,0.9090909090909092,ransom_3978
0,0.0833333333333333,0.0,1,3,-0.3268602252303066,0.9166666666666666,ransom_3981
1,0.25,0.0,1,1,0.0,0.75,ransom_3982
0,0.1111111111111111,0.0,1,3,0.0,0.8888888888888888,ransom_3983
0,0.3333333333333333,0.0,1,1,0.0,0.6666666666666666,ransom_3985
0,0.1,0.0,1,3,0.1135923668494129,0.9,ransom_3986
0,0.25,0.0,1,1,0.0,0.75,ransom_3987
0,0.1666666666666666,0.0,1,2,0.0,0.8333333333333334,ransom_3988
0,0.0588235294117647,0.0,1,5,0.0,0.9411764705882352,ransom_3989
2,0.125,0.0,1,2,0.0,0.875,ransom_3990
4,0.1666666666666666,0.0,1,2,0.0,0.8333333333333334,ransom_3991
1,0.1428571428571428,0.0,1,2,0.0,0.8571428571428571,ransom_3992
0,0.1428571428571428,0.0,1,2,0.0,0.8571428571428571,ransom_3993
0,0.0555555555555555,0.0,1,6,0.0,0.9444444444444444,ransom_3994
0,0.0625,0.0,1,4,-0.0591312395989085,0.9375,ransom_3995
6,0.0666666666666666,0.0,1,5,0.0,0.9333333333333332,ransom_3996
0,0.1666666666666666,0.0,1,2,0.0,0.8333333333333334,ransom_3997
1,0.1666666666666666,0.0,1,2,0.0,0.8333333333333334,ransom_3998
0,0.25,0.0,1,1,0.0,0.75,ransom_3999
1,0.1428571428571428,0.0,1,2,-0.250000000000001,0.8571428571428571,ransom_4000
2,0.0666666666666666,0.0,1,4,0.0,0.9333333333333332,ransom_4002
6,0.0625,0.0,1,5,4.216374612302231e-16,0.9375,ransom_4003
0,0.25,0.0,1,1,0.0,0.75,ransom_4004
0,0.0769230769230769,0.0,1,4,0.0,0.9230769230769232,ransom_4005
1,0.1666666666666666,0.0,1,2,0.0,0.8333333333333334,ransom_4007
1,0.1428571428571428,0.0,1,2,-0.250000000000001,0.8571428571428571,ransom_4008
0,0.1428571428571428,0.0,1,2,0.0,0.8571428571428571,ransom_4010
0,0.125,0.0,1,2,-0.4880935300919782,0.875,ransom_4011
0,0.125,0.0,1,2,0.0,0.875,ransom_4012
1,0.3333333333333333,0.0,1,1,0.0,0.6666666666666666,ransom_4014
0,0.25,0.0,1,1,0.0,0.75,ransom_4015
0,0.125,0.0,1,2,0.0,0.875,ransom_4016
0,0.1111111111111111,0.0,1,3,0.0,0.8888888888888888,ransom_4018
2,0.0833333333333333,0.0,1,3,0.0,0.9166666666666666,ransom_4019
0,0.1428571428571428,0.0,1,2,-0.250000000000001,0.8571428571428571,ransom_4021
0,0.125,0.0,1,2,-0.6454972243679025,0.875,ransom_4022
0,0.125,0.0,1,2,0.0,0.875,ransom_4024
0,0.1428571428571428,0.0,1,2,0.0,0.8571428571428571,ransom_4025
0,0.0666666666666666,0.0,1,5,0.0,0.9333333333333332,ransom_4026
1,0.1111111111111111,0.0,1,3,0.0,0.8888888888888888,ransom_4027
0,0.3333333333333333,0.0,1,1,0.0,0.6666666666666666,ransom_4028
3,0.0625,0.0,1,4,-0.1626109088969974,0.9375,ransom_4029
0,0.2,0.0,1,1,-1.0,0.8,ransom_4031
0,0.125,0.0,1,2,0.0,0.875,ransom_4032
0,0.0833333333333333,0.0,1,3,-0.3268602252303066,0.9166666666666666,ransom_4033
0,0.2,0.0,1,1,0.0,0.8,ransom_4034
0,0.25,0.0,1,1,0.0,0.75,ransom_4035
8,0.0833333333333333,0.0,1,3,-0.3268602252303066,0.9166666666666666,ransom_4036
1,0.1111111111111111,0.0,1,2,0.0,0.8888888888888888,ransom_4037
3,0.0909090909090909,0.0,1,4,0.0,0.9090909090909092,ransom_4038
9,0.1428571428571428,0.0,1,2,0.0,0.8571428571428571,ransom_4039
0,0.25,0.0,1,1,0.0,0.75,ransom_4040
0,0.0714285714285714,0.0,1,4,-0.0210818510677897,0.9285714285714286,ransom_4041
0,0.1,0.0,1,3,0.0,0.9,ransom_4042
0,0.1111111111111111,0.0,1,3,0.0,0.8888888888888888,ransom_4043
0,0.1111111111111111,0.0,1,3,0.0,0.8888888888888888,ransom_4044
0,0.25,0.0,1,1,0.0,0.75,ransom_4045
1,0.125,0.0,1,3,0.0,0.875,ransom_4046
2,0.1,0.0,1,3,0.0,0.9,ransom_4048
0,0.1,0.0,1,3,0.0,0.9,ransom_4049
0,0.1,0.0,1,3,0.0,0.9,ransom_4050
0,0.25,0.0,1,1,0.0,0.75,ransom_4051
0,0.3333333333333333,0.0,1,1,0.0,0.6666666666666666,ransom_4052
1,0.0833333333333333,0.0,1,4,0.0,0.9166666666666666,ransom_4053
0,0.125,0.0,1,2,0.0,0.875,ransom_4054
1,0.25,0.0,1,1,0.0,0.75,ransom_4060
1,0.125,0.0,1,2,0.0,0.875,ransom_4062
0,0.125,0.0,1,2,-0.6454972243679025,0.875,ransom_4064
0,0.1666666666666666,0.0,1,2,0.0,0.8333333333333334,ransom_4065
0,0.125,0.0,1,2,0.0,0.875,ransom_4067
0,0.2,0.0,1,2,0.0,0.8,ransom_4068
0,0.125,0.0,1,2,0.0,0.875,ransom_4069
0,0.3333333333333333,0.0,1,1,0.0,0.6666666666666666,ransom_4070
0,0.0769230769230769,0.0,1,4,0.0,0.9230769230769232,ransom_4072
0,0.1428571428571428,0.0,1,2,0.0,0.8571428571428571,ransom_4074
0,0.1666666666666666,0.0,1,2,0.0,0.8333333333333334,ransom_4076
2,0.1,0.0,1,3,-0.0805822964025377,0.9,ransom_4077
0,0.1111111111111111,0.0,1,2,-0.6546536707079772,0.8888888888888888,ransom_4078
1,0.125,0.0,1,3,0.0,0.875,ransom_4081
4,0.1428571428571428,0.0,1,3,0.0,0.8571428571428571,ransom_4084
0,0.125,0.0,1,2,-0.6454972243679025,0.875,ransom_4086
0,0.2,0.0,1,1,0.0,0.8,ransom_4087
0,0.0769230769230769,0.0,1,4,0.0,0.9230769230769232,ransom_4088
0,0.0833333333333333,0.0,1,4,0.0,0.9166666666666666,ransom_4090
1,0.0909090909090909,0.0,1,3,-0.2500000000000005,0.9090909090909092,ransom_4092
0,0.1666666666666666,0.0,1,2,0.0,0.8333333333333334,ransom_4093
0,0.1666666666666666,0.0,1,2,0.0,0.8333333333333334,ransom_4094
0,0.1,0.0,1,3,0.0,0.9,ransom_4095
0,0.1111111111111111,0.0,1,3,0.0,0.8888888888888888,ransom_4096
10,0.2,0.0,1,1,-1.0,0.8,ransom_4097
0,0.25,0.0,1,1,0.0,0.75,ransom_4098
0,0.1,0.0,1,3,0.0,0.9,ransom_4099
1,0.3333333333333333,0.0,1,1,0.0,0.6666666666666666,ransom_4101
0,0.1428571428571428,0.0,1,2,0.0,0.8571428571428571,ransom_4102
0,0.25,0.0,1,1,0.0,0.75,ransom_4104
0,0.3333333333333333,0.0,1,1,0.0,0.6666666666666666,ransom_4105
1,0.1666666666666666,0.0,1,2,0.0,0.8333333333333334,ransom_4106
0,0.25,0.0,1,1,0.0,0.75,ransom_4109
0,0.1666666666666666,0.0,1,2,0.0,0.8333333333333334,ransom_4112
0,0.1666666666666666,0.0,1,2,0.0,0.8333333333333334,ransom_4113
0,0.1428571428571428,0.0,1,2,0.0,0.8571428571428571,ransom_4114
1,0.125,0.0,1,2,0.0,0.875,ransom_4115
2,0.1428571428571428,0.0,1,2,0.0,0.8571428571428571,ransom_4117
0,0.0909090909090909,0.0,1,3,-0.166666666666668,0.9090909090909092,ransom_4118
1,0.0625,0.0,1,4,0.1265924208854579,0.9375,ransom_4119
1,0.1666666666666666,0.0,1,2,0.0,0.8333333333333334,ransom_4120
1,0.1428571428571428,0.0,1,2,-0.250000000000001,0.8571428571428571,ransom_4121
0,0.1666666666666666,0.0,1,2,0.0,0.8333333333333334,ransom_4123
0,0.3333333333333333,0.0,1,1,0.0,0.6666666666666666,ransom_4125
0,0.0909090909090909,0.0,1,4,0.0,0.9090909090909092,ransom_4126
1,0.1666666666666666,0.0,1,2,0.0,0.8333333333333334,ransom_4127
0,0.1666666666666666,0.0,1,1,-0.9999999999999992,0.8333333333333334,ransom_4128
0,0.0833333333333333,0.0,1,4,0.0,0.9166666666666666,ransom_4129
0,0.0909090909090909,0.0,1,3,-0.166666666666668,0.9090909090909092,ransom_4130
0,0.25,0.0,1,1,0.0,0.75,ransom_4131
7,0.1,0.0,1,3,-0.0805822964025377,0.9,ransom_4132
2,0.1,0.0,1,3,0.0,0.9,ransom_4133
0,0.1428571428571428,0.0,1,2,-0.250000000000001,0.8571428571428571,ransom_4134
0,0.0909090909090909,0.0,1,3,0.0,0.9090909090909092,ransom_4135
1,0.1428571428571428,0.0,1,2,0.0,0.8571428571428571,ransom_4137
0,0.3333333333333333,0.0,1,1,0.0,0.6666666666666666,ransom_4138
2,0.125,0.0,1,2,0.0,0.875,ransom_4139
1,0.0833333333333333,0.0,1,4,0.0,0.9166666666666666,ransom_4140
0,0.3333333333333333,0.0,1,1,0.0,0.6666666666666666,ransom_4141
0,0.25,0.0,1,1,0.0,0.75,ransom_4142
0,0.3333333333333333,0.0,1,1,0.0,0.6666666666666666,ransom_4144
3,0.0588235294117647,0.0,1,6,0.0,0.9411764705882352,ransom_4145
7,0.1428571428571428,0.0,1,2,0.0,0.8571428571428571,ransom_4146
0,0.1428571428571428,0.0,1,2,0.0,0.8571428571428571,ransom_4147
0,0.1428571428571428,0.0,1,2,0.0,0.8571428571428571,ransom_4150
9,0.125,0.0,1,2,-0.6454972243679025,0.875,ransom_4151
0,0.1111111111111111,0.0,1,3,0.0,0.8888888888888888,ransom_4152
0,0.1666666666666666,0.0,1,2,0.0,0.8333333333333334,ransom_4153
0,0.125,0.0,1,2,-0.6454972243679025,0.875,ransom_4156
0,0.1428571428571428,0.0,1,2,-0.250000000000001,0.8571428571428571,ransom_4157
0,0.1666666666666666,0.0,1,2,0.0,0.8333333333333334,ransom_4158
0,0.1428571428571428,0.0,1,2,0.0,0.8571428571428571,ransom_4159
0,0.3333333333333333,0.0,1,1,0.0,0.6666666666666666,ransom_4160
0,0.1111111111111111,0.0,1,3,0.0,0.8888888888888888,ransom_4161
2,0.1428571428571428,0.0,1,2,0.0,0.8571428571428571,ransom_4162
0,0.2,0.0,1,1,-1.0,0.8,ransom_4163
0,0.0625,0.0,1,4,-0.1626109088969974,0.9375,ransom_4164
6,0.0909090909090909,0.0,1,3,0.0,0.9090909090909092,ransom_4165
2,0.125,0.0,1,2,-0.6454972243679025,0.875,ransom_4167
0,0.1428571428571428,0.0,1,2,0.0,0.8571428571428571,ransom_4168
0,0.3333333333333333,0.0,1,1,0.0,0.6666666666666666,ransom_4169
3,0.1666666666666666,0.0,1,2,0.0,0.8333333333333334,ransom_4170
1,0.0714285714285714,0.0,1,5,0.0375425527889134,0.9285714285714286,ransom_4173
0,0.1666666666666666,0.0,1,2,0.0,0.8333333333333334,ransom_4174
0,0.0833333333333333,0.0,1,3,0.0,0.9166666666666666,ransom_4175
0,0.3333333333333333,0.0,1,1,0.0,0.6666666666666666,ransom_4176
0,0.1428571428571428,0.0,1,2,0.0,0.8571428571428571,ransom_4177
0,0.1111111111111111,0.0,1,3,0.0,0.8888888888888888,ransom_4178
3,0.1428571428571428,0.0,1,2,0.0,0.8571428571428571,ransom_4180
0,0.25,0.0,1,1,0.0,0.75,ransom_4181
0,0.3333333333333333,0.0,1,1,0.0,0.6666666666666666,ransom_4182
1,0.1111111111111111,0.0,1,2,-0.6546536707079772,0.8888888888888888,ransom_4183
1,0.125,0.0,1,3,0.0912870929175268,0.875,ransom_4184
0,0.1,0.0,1,3,0.0,0.9,ransom_4185
1,0.1111111111111111,0.0,1,3,0.0,0.8888888888888888,ransom_4186
1,0.125,0.0,1,3,0.0,0.875,ransom_4187
3,0.1666666666666666,0.0,1,2,0.0,0.8333333333333334,ransom_4188
1,0.0833333333333333,0.0,1,4,0.0173762011714225,0.9166666666666666,ransom_4189
0,0.1428571428571428,0.0,1,2,0.0,0.8571428571428571,ransom_4190
0,0.0833333333333333,0.0,1,3,-0.3268602252303066,0.9166666666666666,ransom_4191
0,0.0909090909090909,0.0,1,3,-0.166666666666668,0.9090909090909092,ransom_4192
1,0.25,0.0,1,1,0.0,0.75,ransom_4193
3,0.0714285714285714,0.0,1,3,-0.4813299149207699,0.9285714285714286,ransom_4194
0,0.2,0.0,1,1,0.0,0.8,ransom_4195
0,0.125,0.0,1,2,0.0,0.875,ransom_4196
0,0.0714285714285714,0.0,1,4,-0.0162564022190598,0.9285714285714286,ransom_4197
1,0.3333333333333333,0.0,1,1,0.0,0.6666666666666666,ransom_4198
4,0.0909090909090909,0.0,1,4,0.0,0.9090909090909092,ransom_4201
0,0.125,0.0,1,3,0.0,0.875,ransom_4202
1,0.1428571428571428,0.0,1,2,-0.250000000000001,0.8571428571428571,ransom_4203
3,0.1111111111111111,0.0,1,3,0.0,0.8888888888888888,ransom_4205
0,0.1666666666666666,0.0,1,2,0.1666666666666655,0.8333333333333334,ransom_4206
1,0.2,0.0,1,1,0.0,0.8,ransom_4207
0,0.1428571428571428,0.0,1,2,0.0,0.8571428571428571,ransom_4208
1,0.0833333333333333,0.0,1,4,0.0,0.9166666666666666,ransom_4211
1,0.1,0.0,1,3,0.0,0.9,ransom_4212
1,0.125,0.0,1,2,-0.4880935300919782,0.875,ransom_4213
2,0.1111111111111111,0.0,1,3,0.0,0.8888888888888888,ransom_4214
4,0.0833333333333333,0.0,1,4,0.0,0.9166666666666666,ransom_4215
3,0.2,0.0,1,2,0.0,0.8,ransom_4216
0,0.2,0.0,1,1,0.0,0.8,ransom_4219
0,0.1428571428571428,0.0,1,2,0.0,0.8571428571428571,ransom_4220
1,0.0714285714285714,0.0,1,4,-0.0769321818620843,0.9285714285714286,ransom_4222
0,0.1666666666666666,0.0,1,2,0.0,0.8333333333333334,ransom_4223
2,0.1111111111111111,0.0,1,3,0.0,0.8888888888888888,ransom_4224
1,0.1428571428571428,0.0,1,2,-0.250000000000001,0.8571428571428571,ransom_4225
1,0.1111111111111111,0.0,1,3,0.0,0.8888888888888888,ransom_4227
0,0.3333333333333333,0.0,1,1,0.0,0.6666666666666666,ransom_4229
2,0.1,0.0,1,3,0.0,0.9,ransom_4230
0,0.1111111111111111,0.0,1,2,-0.6546536707079772,0.8888888888888888,ransom_4231
0,0.25,0.0,1,1,0.0,0.75,ransom_4232
1,0.0588235294117647,0.0,1,5,0.0,0.9411764705882352,ransom_4233
2,0.125,0.0,1,2,-0.6454972243679025,0.875,ransom_4234
0,0.25,0.0,1,1,0.0,0.75,ransom_4235
1,0.1428571428571428,0.0,1,2,0.0,0.8571428571428571,ransom_4236
0,0.3333333333333333,0.0,1,1,0.0,0.6666666666666666,ransom_4237
0,0.125,0.0,1,2,0.0,0.875,ransom_4238
0,0.1111111111111111,0.0,1,2,-0.6546536707079772,0.8888888888888888,ransom_4240
0,0.3333333333333333,0.0,1,1,0.0,0.6666666666666666,ransom_4241
1,0.1,0.0,1,3,-0.0805822964025377,0.9,ransom_4242
3,0.125,0.0,1,2,0.0,0.875,ransom_4243
0,0.2,0.0,1,1,0.0,0.8,ransom_4245
0,0.1666666666666666,0.0,1,2,0.0,0.8333333333333334,ransom_4246
0,0.125,0.0,1,2,-0.6454972243679025,0.875,ransom_4247
0,0.1111111111111111,0.0,1,3,0.0,0.8888888888888888,ransom_4248
1,0.0625,0.0,1,5,4.216374612302231e-16,0.9375,ransom_4249
0,0.125,0.0,1,2,0.0,0.875,ransom_4250
0,0.125,0.0,1,2,-0.6454972243679025,0.875,ransom_4251
5,0.2,0.0,1,1,-1.0,0.8,ransom_4252
0,0.1111111111111111,0.0,1,3,0.0,0.8888888888888888,ransom_4253
0,0.125,0.0,1,2,-0.6454972243679025,0.875,ransom_4254
0,0.0769230769230769,0.0,1,4,0.0,0.9230769230769232,ransom_4255
0,0.0909090909090909,0.0,1,3,-0.2500000000000005,0.9090909090909092,ransom_4257
0,0.125,0.0,1,2,-0.6454972243679025,0.875,ransom_4259
0,0.1428571428571428,0.0,1,2,0.0,0.8571428571428571,ransom_4261
0,0.1,0.0,1,3,-0.0805822964025377,0.9,ransom_4262
0,0.25,0.0,1,1,0.0,0.75,ransom_4263
0,0.25,0.0,1,1,0.0,0.75,ransom_4265
1,0.25,0.0,1,1,0.0,0.75,ransom_4266
0,0.1666666666666666,0.0,1,1,-0.9999999999999992,0.8333333333333334,ransom_4267
0,0.125,0.0,1,3,0.0,0.875,ransom_4268
0,0.0833333333333333,0.0,1,3,-0.3268602252303066,0.9166666666666666,ransom_4269
0,0.0909090909090909,0.0,1,4,0.0,0.9090909090909092,ransom_4270
0,0.1428571428571428,0.0,1,3,0.0,0.8571428571428571,ransom_4271
2,0.1428571428571428,0.0,1,2,0.0,0.8571428571428571,ransom_4272
5,0.125,0.0,1,2,0.0,0.875,ransom_4273
0,0.25,0.0,1,1,0.0,0.75,ransom_4275
0,0.3333333333333333,0.0,1,1,0.0,0.6666666666666666,ransom_4276
2,0.125,0.0,1,2,0.0,0.875,ransom_4277
0,0.1428571428571428,0.0,1,2,0.0,0.8571428571428571,ransom_4278
4,0.0769230769230769,0.0,1,4,0.0,0.9230769230769232,ransom_4279
0,0.2,0.0,1,2,0.0,0.8,ransom_4280
1,0.1428571428571428,0.0,1,2,0.0,0.8571428571428571,ransom_4283
1,0.1666666666666666,0.0,1,2,0.0,0.8333333333333334,ransom_4284
0,0.25,0.0,1,1,0.0,0.75,ransom_4285
6,0.1428571428571428,0.0,1,2,0.0,0.8571428571428571,ransom_4287
1,0.3333333333333333,0.0,1,1,0.0,0.6666666666666666,ransom_4289
1,0.0526315789473684,0.0,1,5,-0.0617802063215208,0.9473684210526316,ransom_4291
0,0.1428571428571428,0.0,1,2,0.0,0.8571428571428571,ransom_4292
0,0.0833333333333333,0.0,1,3,-0.3268602252303066,0.9166666666666666,ransom_4293
0,0.25,0.0,1,1,0.0,0.75,ransom_4294
2,0.0714285714285714,0.0,1,4,-0.0162564022190598,0.9285714285714286,ransom_4295
0,0.2,0.0,1,1,0.0,0.8,ransom_4296
1,0.1,0.0,1,3,0.0,0.9,ransom_4297
0,0.3333333333333333,0.0,1,1,0.0,0.6666666666666666,ransom_4298
6,0.1111111111111111,0.0,1,3,0.0,0.8888888888888888,ransom_4299
1,0.0769230769230769,0.0,1,4,0.0,0.9230769230769232,ransom_4301
3,0.25,0.0,1,1,0.0,0.75,ransom_4302
0,0.1428571428571428,0.0,1,2,-0.250000000000001,0.8571428571428571,ransom_4303
1,0.1666666666666666,0.0,1,2,0.0,0.8333333333333334,ransom_4304
0,0.2,0.0,1,1,0.0,0.8,ransom_4305
8,0.1666666666666666,0.0,1,2,0.0,0.8333333333333334,ransom_4306
0,0.1111111111111111,0.0,1,2,0.0,0.8888888888888888,ransom_4307
1,0.0909090909090909,0.0,1,3,-0.166666666666668,0.9090909090909092,ransom_4309
0,0.0909090909090909,0.0,1,3,0.0,0.9090909090909092,ransom_4310
16,0.1666666666666666,0.0,1,1,-0.9999999999999992,0.8333333333333334,ransom_4312
1,0.1666666666666666,0.0,1,2,0.0,0.8333333333333334,ransom_4314
0,0.25,0.0,1,1,0.0,0.75,ransom_4315
0,0.125,0.0,1,2,0.0,0.875,ransom_4316
1,0.1666666666666666,0.0,1,2,0.0,0.8333333333333334,ransom_4317
4,0.0909090909090909,0.0,1,3,0.0,0.9090909090909092,ransom_4318
0,0.2,0.0,1,1,0.0,0.8,ransom_4319
0,0.125,0.0,1,2,0.0,0.875,ransom_4320
0,0.1,0.0,1,3,0.0,0.9,ransom_4321
0,0.3333333333333333,0.0,1,1,0.0,0.6666666666666666,ransom_4322
1,0.0833333333333333,0.0,1,4,0.0,0.9166666666666666,ransom_4324
0,0.25,0.0,1,1,0.0,0.75,ransom_4325
0,0.1666666666666666,0.0,1,2,0.0,0.8333333333333334,ransom_4328
0,0.0909090909090909,0.0,1,3,0.0,0.9090909090909092,ransom_4329
0,0.25,0.0,1,1,0.0,0.75,ransom_4330
0,0.1428571428571428,0.0,1,2,0.0,0.8571428571428571,ransom_4331
0,0.2,0.0,1,2,0.0,0.8,ransom_4332
1,0.0588235294117647,0.0,1,5,0.0,0.9411764705882352,ransom_4333
1,0.25,0.0,1,1,0.0,0.75,ransom_4334
0,0.1666666666666666,0.0,1,2,0.0,0.8333333333333334,ransom_4335
0,0.2,0.0,1,1,-1.0,0.8,ransom_4336
0,0.125,0.0,1,2,-0.166666666666668,0.875,ransom_4338
0,0.0833333333333333,0.0,1,3,-0.3268602252303066,0.9166666666666666,ransom_4341
5,0.1,0.0,1,3,0.0,0.9,ransom_4342
0,0.1666666666666666,0.0,1,2,0.0,0.8333333333333334,ransom_4343
0,0.2,0.0,1,1,0.0,0.8,ransom_4344
0,0.3333333333333333,0.0,1,1,0.0,0.6666666666666666,ransom_4345
0,0.125,0.0,1,2,-0.6454972243679025,0.875,ransom_4346
0,0.125,0.0,1,2,-0.6454972243679025,0.875,ransom_4348
0,0.2,0.0,1,1,-1.0,0.8,ransom_4349
0,0.3333333333333333,0.0,1,1,0.0,0.6666666666666666,ransom_4350
0,0.3333333333333333,0.0,1,1,0.0,0.6666666666666666,ransom_4352
4,0.1666666666666666,0.0,1,2,0.0,0.8333333333333334,ransom_4353
4,0.1428571428571428,0.0,1,2,0.0,0.8571428571428571,ransom_4354
0,0.1428571428571428,0.0,1,2,-0.250000000000001,0.8571428571428571,ransom_4355
0,0.1428571428571428,0.0,1,2,-0.250000000000001,0.8571428571428571,ransom_4356
1,0.1666666666666666,0.0,1,2,0.0,0.8333333333333334,ransom_4357
0,0.1111111111111111,0.0,1,3,0.0,0.8888888888888888,ransom_4358
0,0.2,0.0,1,1,0.0,0.8,ransom_4359
1,0.3333333333333333,0.0,1,1,0.0,0.6666666666666666,ransom_4361
0,0.25,0.0,1,1,0.0,0.75,ransom_4362
2,0.0714285714285714,0.0,1,4,-0.0769321818620843,0.9285714285714286,ransom_4364
0,0.1666666666666666,0.0,1,2,0.0,0.8333333333333334,ransom_4366
0,0.0769230769230769,0.0,1,4,0.0,0.9230769230769232,ransom_4367
0,0.0909090909090909,0.0,1,3,0.0,0.9090909090909092,ransom_4368
0,0.0909090909090909,0.0,1,3,-0.2500000000000005,0.9090909090909092,ransom_4369
0,0.3333333333333333,0.0,1,1,0.0,0.6666666666666666,ransom_4370
0,0.1666666666666666,0.0,1,2,0.0,0.8333333333333334,ransom_4371
2,0.1428571428571428,0.0,1,2,0.0,0.8571428571428571,ransom_4372
0,0.1111111111111111,0.0,1,2,-0.6546536707079772,0.8888888888888888,ransom_4373
0,0.1,0.0,1,3,0.0,0.9,ransom_4374
1,0.125,0.0,1,2,0.0,0.875,ransom_4375
2,0.1111111111111111,0.0,1,3,0.0,0.8888888888888888,ransom_4376
1,0.1111111111111111,0.0,1,2,-0.6546536707079772,0.8888888888888888,ransom_4377
1,0.1111111111111111,0.0,1,3,0.0,0.8888888888888888,ransom_4378
0,0.25,0.0,1,1,0.0,0.75,ransom_4379
1,0.0666666666666666,0.0,1,4,-0.1473139127471972,0.9333333333333332,ransom_4380
0,0.1428571428571428,0.0,1,2,0.0,0.8571428571428571,ransom_4382
0,0.0714285714285714,0.0,1,4,0.0,0.9285714285714286,ransom_4383
0,0.25,0.0,1,1,0.0,0.75,ransom_4384
1,0.1428571428571428,0.0,1,2,0.0,0.8571428571428571,ransom_4386
3,0.0625,0.0,1,5,0.0,0.9375,ransom_4387
0,0.1666666666666666,0.0,1,2,0.0,0.8333333333333334,ransom_4388
1,0.1,0.0,1,3,0.0,0.9,ransom_4389
0,0.125,0.0,1,2,-0.4880935300919782,0.875,ransom_4391
1,0.0625,0.0,1,5,4.216374612302231e-16,0.9375,ransom_4392
3,0.1428571428571428,0.0,1,2,0.0,0.8571428571428571,ransom_4393
1,0.1,0.0,1,4,0.0,0.9,ransom_4396
1,0.0555555555555555,0.0,1,5,0.0,0.9444444444444444,ransom_4397
0,0.2,0.0,1,2,0.0,0.8,ransom_4398
0,0.0909090909090909,0.0,1,3,0.0,0.9090909090909092,ransom_4400
0,0.1666666666666666,0.0,1,2,0.0,0.8333333333333334,ransom_4402
1,0.0666666666666666,0.0,1,4,-0.0912870929175288,0.9333333333333332,ransom_4403
0,0.25,0.0,1,1,0.0,0.75,ransom_4406
1,0.3333333333333333,0.0,1,1,0.0,0.6666666666666666,ransom_4407
0,0.2,0.0,1,2,0.0,0.8,ransom_4408
0,0.1428571428571428,0.0,1,2,0.0,0.8571428571428571,ransom_4409
3,0.25,0.0,1,1,0.0,0.75,ransom_4413
0,0.1428571428571428,0.0,1,2,0.0,0.8571428571428571,ransom_4414
2,0.2,0.0,1,1,0.0,0.8,ransom_4415
3,0.1,0.0,1,3,0.0,0.9,ransom_4416
0,0.2,0.0,1,1,0.0,0.8,ransom_4417
0,0.1666666666666666,0.0,1,2,0.0,0.8333333333333334,ransom_4418
0,0.25,0.0,1,1,0.0,0.75,ransom_4420
2,0.0909090909090909,0.0,1,3,-0.166666666666668,0.9090909090909092,ransom_4421
2,0.1428571428571428,0.0,1,2,0.0,0.8571428571428571,ransom_4423
0,0.1111111111111111,0.0,1,3,0.0,0.8888888888888888,ransom_4424
1,0.25,0.0,1,1,0.0,0.75,ransom_4425
0,0.1111111111111111,0.0,1,3,0.0,0.8888888888888888,ransom_4426
0,0.25,0.0,1,1,0.0,0.75,ransom_4427
0,0.0555555555555555,0.0,1,5,-0.0314269680527354,0.9444444444444444,ransom_4428
0,0.25,0.0,1,1,0.0,0.75,ransom_4429
2,0.0555555555555555,0.0,1,5,5.023171326768109e-16,0.9444444444444444,ransom_4431
1,0.125,0.0,1,3,0.0,0.875,ransom_4432
0,0.0625,0.0,1,5,0.0,0.9375,ransom_4433
0,0.0909090909090909,0.0,1,4,0.0368604890387233,0.9090909090909092,ransom_4434
1,0.1428571428571428,0.0,1,2,-0.250000000000001,0.8571428571428571,ransom_4435
1,0.0769230769230769,0.0,1,4,0.0,0.9230769230769232,ransom_4436
0,0.25,0.0,1,1,0.0,0.75,ransom_4438
1,0.1,0.0,1,3,0.0,0.9,ransom_4439
2,0.0833333333333333,0.0,1,3,-0.3268602252303066,0.9166666666666666,ransom_4440
0,0.25,0.0,1,1,0.0,0.75,ransom_4441
0,0.1111111111111111,0.0,1,2,-0.6546536707079772,0.8888888888888888,ransom_4442
0,0.25,0.0,1,1,0.0,0.75,ransom_4443
3,0.2,0.0,1,2,0.0,0.8,ransom_4444
0,0.1428571428571428,0.0,1,2,0.0,0.8571428571428571,ransom_4445
0,0.25,0.0,1,1,0.0,0.75,ransom_4447
0,0.1428571428571428,0.0,1,2,0.0,0.8571428571428571,ransom_4448
0,0.1428571428571428,0.0,1,3,0.0,0.8571428571428571,ransom_4453
0,0.1428571428571428,0.0,1,2,0.0,0.8571428571428571,ransom_4455
1,0.1666666666666666,0.0,1,1,-0.9999999999999992,0.8333333333333334,ransom_4456
0,0.25,0.0,1,1,0.0,0.75,ransom_4457
5,0.0769230769230769,0.0,1,5,0.0399999999999995,0.9230769230769232,ransom_4458
0,0.0588235294117647,0.0,1,5,0.0,0.9411764705882352,ransom_4459
0,0.3333333333333333,0.0,1,1,0.0,0.6666666666666666,ransom_4461
0,0.1666666666666666,0.0,1,2,0.0,0.8333333333333334,ransom_4462
6,0.1,0.0,1,3,0.1135923668494129,0.9,ransom_4463
0,0.1,0.0,1,3,0.0,0.9,ransom_4464
0,0.1428571428571428,0.0,1,2,-0.250000000000001,0.8571428571428571,ransom_4466
0,0.2,0.0,1,1,0.0,0.8,ransom_4467
0,0.1428571428571428,0.0,1,2,-0.250000000000001,0.8571428571428571,ransom_4468
3,0.2,0.0,1,1,0.0,0.8,ransom_4469
1,0.3333333333333333,0.0,1,1,0.0,0.6666666666666666,ransom_4472
3,0.1111111111111111,0.0,1,3,0.0,0.8888888888888888,ransom_4474
1,0.2,0.0,1,2,0.0,0.8,ransom_4475
0,0.2,0.0,1,1,0.0,0.8,ransom_4476
0,0.1666666666666666,0.0,1,2,0.0,0.8333333333333334,ransom_4477
0,0.1111111111111111,0.0,1,2,-0.6546536707079772,0.8888888888888888,ransom_4480
1,0.1111111111111111,0.0,1,3,0.0,0.8888888888888888,ransom_4482
6,0.0909090909090909,0.0,1,3,0.0,0.9090909090909092,ransom_4483
0,0.25,0.0,1,1,0.0,0.75,ransom_4484
0,0.25,0.0,1,1,0.0,0.75,ransom_4485
2,0.0909090909090909,0.0,1,3,-0.2500000000000005,0.9090909090909092,ransom_4486
2,0.1428571428571428,0.0,1,2,0.0,0.8571428571428571,ransom_4487
1,0.125,0.0,1,2,0.0,0.875,ransom_4488
1,0.1428571428571428,0.0,1,2,0.0,0.8571428571428571,ransom_4489
7,0.1,0.0,1,3,0.0,0.9,ransom_4490
0,0.2,0.0,1,1,0.0,0.8,ransom_4493
1,0.2,0.0,1,2,0.0,0.8,ransom_4494
2,0.2,0.0,1,1,0.0,0.8,ransom_4496
0,0.125,0.0,1,2,-0.6454972243679025,0.875,ransom_4497
1,0.0909090909090909,0.0,1,3,-0.2500000000000005,0.9090909090909092,ransom_4498
0,0.0833333333333333,0.0,1,3,0.0,0.9166666666666666,ransom_4500
0,0.1428571428571428,0.0,1,3,0.0,0.8571428571428571,ransom_4501
2,0.1428571428571428,0.0,1,2,0.0,0.8571428571428571,ransom_4502
0,0.1666666666666666,0.0,1,2,0.0,0.8333333333333334,ransom_4503
0,0.1428571428571428,0.0,1,2,-0.250000000000001,0.8571428571428571,ransom_4504
5,0.1,0.0,1,3,-0.1889822365046146,0.9,ransom_4505
0,0.25,0.0,1,1,0.0,0.75,ransom_4506
6,0.1111111111111111,0.0,1,2,-0.5773502691896258,0.8888888888888888,ransom_4507
0,0.1666666666666666,0.0,1,1,-0.9999999999999992,0.8333333333333334,ransom_4508
0,0.3333333333333333,0.0,1,1,0.0,0.6666666666666666,ransom_4509
1,0.125,0.0,1,2,-0.4880935300919782,0.875,ransom_4510
2,0.25,0.0,1,1,0.0,0.75,ransom_4511
0,0.25,0.0,1,1,0.0,0.75,ransom_4513
4,0.1428571428571428,0.0,1,2,0.0,0.8571428571428571,ransom_4515
0,0.1,0.0,1,3,0.0,0.9,ransom_4516
6,0.1,0.0,1,3,0.0,0.9,ransom_4517
0,0.125,0.0,1,2,-0.4880935300919782,0.875,ransom_4519
0,0.25,0.0,1,1,0.0,0.75,ransom_4521
0,0.1,0.0,1,3,0.0,0.9,ransom_4523
0,0.0769230769230769,0.0,1,3,-0.4780914437337626,0.9230769230769232,ransom_4524
0,0.1428571428571428,0.0,1,2,0.0,0.8571428571428571,ransom_4525
0,0.1428571428571428,0.0,1,2,0.0,0.8571428571428571,ransom_4526
1,0.0909090909090909,0.0,1,3,0.0,0.9090909090909092,ransom_4527
0,0.1111111111111111,0.0,1,2,-0.6546536707079772,0.8888888888888888,ransom_4528
2,0.05,0.0,1,5,4.071510350552183e-16,0.95,ransom_4530
0,0.1666666666666666,0.0,1,2,0.0,0.8333333333333334,ransom_4532
0,0.125,0.0,1,2,0.0,0.875,ransom_4533
2,0.0909090909090909,0.0,1,3,-0.2500000000000005,0.9090909090909092,ransom_4534
17,0.1111111111111111,0.0,1,3,0.0,0.8888888888888888,ransom_4535
2,0.2,0.0,1,2,0.0,0.8,ransom_4537
0,0.25,0.0,1,1,0.0,0.75,ransom_4540
7,0.1666666666666666,0.0,1,2,0.0,0.8333333333333334,ransom_4541
0,0.125,0.0,1,2,0.0,0.875,ransom_4542
0,0.1428571428571428,0.0,1,2,0.0,0.8571428571428571,ransom_4543
2,0.1666666666666666,0.0,1,2,0.0,0.8333333333333334,ransom_4545
0,0.3333333333333333,0.0,1,1,0.0,0.6666666666666666,ransom_4546
0,0.2,0.0,1,1,0.0,0.8,ransom_4547
0,0.1666666666666666,0.0,1,2,0.0,0.8333333333333334,ransom_4548
1,0.1111111111111111,0.0,1,3,0.0,0.8888888888888888,ransom_4549
1,0.0909090909090909,0.0,1,4,0.0368604890387233,0.9090909090909092,ransom_4551
0,0.2,0.0,1,1,0.0,0.8,ransom_4552
1,0.1111111111111111,0.0,1,2,-0.6546536707079772,0.8888888888888888,ransom_4553
0,0.25,0.0,1,1,0.0,0.75,ransom_4554
0,0.25,0.0,1,1,0.0,0.75,ransom_4555
0,0.0909090909090909,0.0,1,3,0.0,0.9090909090909092,ransom_4556
2,0.25,0.0,1,1,0.0,0.75,ransom_4557
0,0.1666666666666666,0.0,1,2,0.0,0.8333333333333334,ransom_4558
0,0.0909090909090909,0.0,1,3,0.0,0.9090909090909092,ransom_4560
1,0.25,0.0,1,1,0.0,0.75,ransom_4561
0,0.3333333333333333,0.0,1,1,0.0,0.6666666666666666,ransom_4562
0,0.1428571428571428,0.0,1,2,0.0,0.8571428571428571,ransom_4564
0,0.0555555555555555,0.0,1,5,5.023171326768109e-16,0.9444444444444444,ransom_4565
0,0.0769230769230769,0.0,1,4,0.0,0.9230769230769232,ransom_4566
0,0.1428571428571428,0.0,1,2,0.0,0.8571428571428571,ransom_4567
0,0.0909090909090909,0.0,1,4,0.0,0.9090909090909092,ransom_4568
1,0.1,0.0,1,3,-0.0805822964025377,0.9,ransom_4569
1,0.1666666666666666,0.0,1,2,0.0,0.8333333333333334,ransom_4572
0,0.3333333333333333,0.0,1,1,0.0,0.6666666666666666,ransom_4574
1,0.3333333333333333,0.0,1,1,0.0,0.6666666666666666,ransom_4575
0,0.0909090909090909,0.0,1,3,-0.166666666666668,0.9090909090909092,ransom_4578
0,0.3333333333333333,0.0,1,1,0.0,0.6666666666666666,ransom_4579
0,0.25,0.0,1,1,0.0,0.75,ransom_4580
2,0.0714285714285714,0.0,1,4,0.0,0.9285714285714286,ransom_4581
1,0.1,0.0,1,3,-0.0805822964025377,0.9,ransom_4583
3,0.0833333333333333,0.0,1,4,0.0,0.9166666666666666,ransom_4585
0,0.0714285714285714,0.0,1,5,0.0,0.9285714285714286,ransom_4586
0,0.1428571428571428,0.0,1,2,0.0,0.8571428571428571,ransom_4587
0,0.25,0.0,1,1,0.0,0.75,ransom_4588
2,0.1,0.0,1,3,0.0,0.9,ransom_4589
4,0.1111111111111111,0.0,1,3,0.0,0.8888888888888888,ransom_4590
0,0.1666666666666666,0.0,1,2,0.0,0.8333333333333334,ransom_4591
1,0.1428571428571428,0.0,1,2,0.0,0.8571428571428571,ransom_4592
1,0.25,0.0,1,1,0.0,0.75,ransom_4593
1,0.1111111111111111,0.0,1,3,0.0,0.8888888888888888,ransom_4594
1,0.1428571428571428,0.0,1,2,0.0,0.8571428571428571,ransom_4596
0,0.1428571428571428,0.0,1,2,-0.250000000000001,0.8571428571428571,ransom_4599
4,0.0714285714285714,0.0,1,4,0.0,0.9285714285714286,ransom_4600
0,0.3333333333333333,0.0,1,1,0.0,0.6666666666666666,ransom_4601
0,0.0666666666666666,0.0,1,4,-0.0912870929175288,0.9333333333333332,ransom_4603
1,0.0909090909090909,0.0,1,3,-0.166666666666668,0.9090909090909092,ransom_4604
0,0.125,0.0,1,2,0.0,0.875,ransom_4605
0,0.0833333333333333,0.0,1,3,-0.3268602252303066,0.9166666666666666,ransom_4606
0,0.3333333333333333,0.0,1,1,0.0,0.6666666666666666,ransom_4607
0,0.1666666666666666,0.0,1,2,0.0,0.8333333333333334,ransom_4608
1,0.1666666666666666,0.0,1,2,0.0,0.8333333333333334,ransom_4609
1,0.0714285714285714,0.0,1,4,0.0,0.9285714285714286,ransom_4610
0,0.25,0.0,1,1,0.0,0.75,ransom_4612
37,0.3333333333333333,0.0,1,1,0.0,0.6666666666666666,ransom_4613
0,0.3333333333333333,0.0,1,1,0.0,0.6666666666666666,ransom_4617
1,0.1666666666666666,0.0,1,2,0.0,0.8333333333333334,ransom_4618
0,0.3333333333333333,0.0,1,1,0.0,0.6666666666666666,ransom_4619
4,0.125,0.0,1,3,0.0,0.875,ransom_4620
1,0.1428571428571428,0.0,1,2,-0.250000000000001,0.8571428571428571,ransom_4621
0,0.125,0.0,1,2,-0.6454972243679025,0.875,ransom_4622
0,0.2,0.0,1,2,0.0,0.8,ransom_4623
0,0.3333333333333333,0.0,1,1,0.0,0.6666666666666666,ransom_4624
2,0.0833333333333333,0.0,1,3,-0.1028688999747275,0.9166666666666666,ransom_4625
0,0.0769230769230769,0.0,1,4,0.0,0.9230769230769232,ransom_4629
5,0.1428571428571428,0.0,1,2,0.0,0.8571428571428571,ransom_4630
0,0.2,0.0,1,1,0.0,0.8,ransom_4631
1,0.2,0.0,1,2,0.0,0.8,ransom_4633
1,0.1428571428571428,0.0,1,2,0.0,0.8571428571428571,ransom_4635
8,0.2,0.0,1,2,0.0,0.8,ransom_4636
0,0.25,0.0,1,1,0.0,0.75,ransom_4638
1,0.1428571428571428,0.0,1,2,0.0,0.8571428571428571,ransom_4639
2,0.1,0.0,1,3,0.0,0.9,ransom_4640
0,0.3333333333333333,0.0,1,1,0.0,0.6666666666666666,ransom_4641
0,0.0909090909090909,0.0,1,3,-0.1666666666666678,0.9090909090909092,ransom_4642
0,0.1666666666666666,0.0,1,2,0.0,0.8333333333333334,ransom_4643
0,0.1111111111111111,0.0,1,2,-0.6546536707079772,0.8888888888888888,ransom_4644
1,0.1,0.0,1,3,0.0,0.9,ransom_4645
2,0.0666666666666666,0.0,1,4,-0.1167748416242278,0.9333333333333332,ransom_4646
0,0.2,0.0,1,2,0.0,0.8,ransom_4647
0,0.1666666666666666,0.0,1,2,0.0,0.8333333333333334,ransom_4648
0,0.1,0.0,1,3,0.0,0.9,ransom_4649
0,0.25,0.0,1,1,0.0,0.75,ransom_4650
0,0.25,0.0,1,1,0.0,0.75,ransom_4652
8,0.0769230769230769,0.0,1,3,0.0,0.9230769230769232,ransom_4654
0,0.125,0.0,1,2,-0.4880935300919782,0.875,ransom_4655
1,0.0769230769230769,0.0,1,4,-0.063245553203368,0.9230769230769232,ransom_4656
4,0.125,0.0,1,2,0.0,0.875,ransom_4657
2,0.1,0.0,1,3,-0.1889822365046146,0.9,ransom_4658
1,0.125,0.0,1,2,0.0,0.875,ransom_4659
0,0.3333333333333333,0.0,1,1,0.0,0.6666666666666666,ransom_4660
0,0.1428571428571428,0.0,1,3,0.0,0.8571428571428571,ransom_4661
0,0.0833333333333333,0.0,1,4,0.0,0.9166666666666666,ransom_4662
0,0.125,0.0,1,2,-0.6454972243679025,0.875,ransom_4664
2,0.0625,0.0,1,5,0.0338837073785846,0.9375,ransom_4665
0,0.125,0.0,1,3,0.0,0.875,ransom_4666
2,0.1111111111111111,0.0,1,2,-0.6546536707079772,0.8888888888888888,ransom_4667
1,0.3333333333333333,0.0,1,1,0.0,0.6666666666666666,ransom_4668
0,0.25,0.0,1,1,0.0,0.75,ransom_4669
0,0.2,0.0,1,1,0.0,0.8,ransom_4670
0,0.1428571428571428,0.0,1,2,0.0,0.8571428571428571,ransom_4672
0,0.0909090909090909,0.0,1,3,0.0,0.9090909090909092,ransom_4673
0,0.0714285714285714,0.0,1,5,0.0,0.9285714285714286,ransom_4674
1,0.0625,0.0,1,5,0.0,0.9375,ransom_4675
0,0.25,0.0,1,1,0.0,0.75,ransom_4676
0,0.125,0.0,1,2,0.0,0.875,ransom_4677
2,0.1428571428571428,0.0,1,2,-0.250000000000001,0.8571428571428571,ransom_4679
0,0.0769230769230769,0.0,1,4,0.0,0.9230769230769232,ransom_4680
0,0.2,0.0,1,1,0.0,0.8,ransom_4681
0,0.0666666666666666,0.0,1,4,-0.1473139127471972,0.9333333333333332,ransom_4682
1,0.1428571428571428,0.0,1,2,0.0,0.8571428571428571,ransom_4684
0,0.1111111111111111,0.0,1,2,-0.6546536707079772,0.8888888888888888,ransom_4685
6,0.1,0.0,1,3,0.0,0.9,ransom_4686
2,0.125,0.0,1,3,0.0912870929175268,0.875,ransom_4687
6,0.25,0.0,1,1,0.0,0.75,ransom_4688
0,0.2,0.0,1,2,0.0,0.8,ransom_4689
0,0.25,0.0,1,1,0.0,0.75,ransom_4690
7,0.0714285714285714,0.0,1,4,0.1994310088043663,0.9285714285714286,ransom_4691
0,0.25,0.0,1,1,0.0,0.75,ransom_4692
0,0.2,0.0,1,1,-1.0,0.8,ransom_4693
6,0.0833333333333333,0.0,1,4,0.0173762011714225,0.9166666666666666,ransom_4694
1,0.0666666666666666,0.0,1,5,0.0,0.9333333333333332,ransom_4696
0,0.1666666666666666,0.0,1,2,0.0,0.8333333333333334,ransom_4697
0,0.25,0.0,1,1,0.0,0.75,ransom_4698
0,0.0909090909090909,0.0,1,3,0.0,0.9090909090909092,ransom_4699
0,0.2,0.0,1,1,0.0,0.8,ransom_4703
0,0.125,0.0,1,3,0.0,0.875,ransom_4704
0,0.1666666666666666,0.0,1,2,0.0,0.8333333333333334,ransom_4708
3,0.0833333333333333,0.0,1,4,0.1268365723579602,0.9166666666666666,ransom_4710
0,0.3333333333333333,0.0,1,1,0.0,0.6666666666666666,ransom_4711
0,0.1428571428571428,0.0,1,2,0.0,0.8571428571428571,ransom_4712
0,0.1428571428571428,0.0,1,2,0.0,0.8571428571428571,ransom_4713
0,0.0909090909090909,0.0,1,3,-0.2500000000000005,0.9090909090909092,ransom_4714
0,0.0909090909090909,0.0,1,3,0.0,0.9090909090909092,ransom_4716
0,0.1428571428571428,0.0,1,2,-0.250000000000001,0.8571428571428571,ransom_4717
0,0.1111111111111111,0.0,1,2,-0.6546536707079772,0.8888888888888888,ransom_4718
0,0.3333333333333333,0.0,1,1,0.0,0.6666666666666666,ransom_4719
0,0.2,0.0,1,2,0.0,0.8,ransom_4720
0,0.1428571428571428,0.0,1,2,0.0,0.8571428571428571,ransom_4721
0,0.2,0.0,1,1,0.0,0.8,ransom_4723
6,0.0555555555555555,0.0,1,4,-0.3337119062359578,0.9444444444444444,ransom_4724
0,0.25,0.0,1,1,0.0,0.75,ransom_4726
2,0.1666666666666666,0.0,1,2,0.0,0.8333333333333334,ransom_4728
3,0.25,0.0,1,1,0.0,0.75,ransom_4732
0,0.1,0.0,1,3,-0.0805822964025377,0.9,ransom_4733
1,0.1,0.0,1,3,0.0,0.9,ransom_4734
1,0.1111111111111111,0.0,1,2,-0.6546536707079772,0.8888888888888888,ransom_4735
0,0.1428571428571428,0.0,1,2,0.0,0.8571428571428571,ransom_4736
0,0.0909090909090909,0.0,1,3,0.0,0.9090909090909092,ransom_4739
0,0.2,0.0,1,1,0.0,0.8,ransom_4740
0,0.1428571428571428,0.0,1,2,-0.250000000000001,0.8571428571428571,ransom_4742
10,0.0625,0.0,1,5,0.0,0.9375,ransom_4743
1,0.1666666666666666,0.0,1,2,0.0,0.8333333333333334,ransom_4744
2,0.125,0.0,1,2,0.0,0.875,ransom_4746
0,0.2,0.0,1,1,0.0,0.8,ransom_4747
0,0.125,0.0,1,3,0.0,0.875,ransom_4748
0,0.1428571428571428,0.0,1,2,-0.250000000000001,0.8571428571428571,ransom_4749
0,0.1111111111111111,0.0,1,2,-0.5773502691896258,0.8888888888888888,ransom_4750
0,0.125,0.0,1,2,0.0,0.875,ransom_4751
0,0.1,0.0,1,3,0.0,0.9,ransom_4753
0,0.25,0.0,1,1,0.0,0.75,ransom_4754
1,0.0833333333333333,0.0,1,4,0.0,0.9166666666666666,ransom_4755
2,0.0714285714285714,0.0,1,4,0.0,0.9285714285714286,ransom_4757
0,0.0714285714285714,0.0,1,4,0.067115605521402,0.9285714285714286,ransom_4758
2,0.2,0.0,1,2,0.0,0.8,ransom_4759
0,0.3333333333333333,0.0,1,1,0.0,0.6666666666666666,ransom_4760
0,0.125,0.0,1,2,-0.6454972243679025,0.875,ransom_4761
1,0.1111111111111111,0.0,1,2,-0.6546536707079772,0.8888888888888888,ransom_4762
0,0.1428571428571428,0.0,1,2,0.0,0.8571428571428571,ransom_4763
0,0.1111111111111111,0.0,1,3,0.0,0.8888888888888888,ransom_4765
0,0.1,0.0,1,3,0.0,0.9,ransom_4767
0,0.2,0.0,1,1,0.0,0.8,ransom_4768
2,0.1666666666666666,0.0,1,2,0.0,0.8333333333333334,ransom_4769
2,0.1428571428571428,0.0,1,2,0.0,0.8571428571428571,ransom_4770
0,0.0833333333333333,0.0,1,3,-0.3268602252303066,0.9166666666666666,ransom_4771
0,0.1666666666666666,0.0,1,2,0.1666666666666655,0.8333333333333334,ransom_4772
0,0.1666666666666666,0.0,1,2,0.0,0.8333333333333334,ransom_4773
1,0.0666666666666666,0.0,1,5,0.0,0.9333333333333332,ransom_4774
0,0.2,0.0,1,1,0.0,0.8,ransom_4775
4,0.05,0.0,1,7,0.0,0.95,ransom_4776
0,0.3333333333333333,0.0,1,1,0.0,0.6666666666666666,ransom_4777
2,0.25,0.0,1,1,0.0,0.75,ransom_4779
2,0.125,0.0,1,2,0.0,0.875,ransom_4781
0,0.25,0.0,1,1,0.0,0.75,ransom_4782
0,0.1111111111111111,0.0,1,3,0.0,0.8888888888888888,ransom_4783
0,0.3333333333333333,0.0,1,1,0.0,0.6666666666666666,ransom_4785
4,0.0909090909090909,0.0,1,4,0.0368604890387233,0.9090909090909092,ransom_4786
22,0.0909090909090909,0.0,1,3,0.0,0.9090909090909092,ransom_4787
0,0.1666666666666666,0.0,1,2,0.1666666666666655,0.8333333333333334,ransom_4788
0,0.2,0.0,1,1,0.0,0.8,ransom_4789
0,0.1,0.0,1,3,0.0,0.9,ransom_4790
1,0.1111111111111111,0.0,1,2,-0.6546536707079772,0.8888888888888888,ransom_4792
2,0.25,0.0,1,1,0.0,0.75,ransom_4793
0,0.25,0.0,1,1,0.0,0.75,ransom_4794
0,0.1428571428571428,0.0,1,2,-0.250000000000001,0.8571428571428571,ransom_4796
0,0.125,0.0,1,2,-0.6454972243679025,0.875,ransom_4798
2,0.0714285714285714,0.0,1,5,0.0,0.9285714285714286,ransom_4799
0,0.3333333333333333,0.0,1,1,0.0,0.6666666666666666,ransom_4800
0,0.0769230769230769,0.0,1,3,0.0,0.9230769230769232,ransom_4801
0,0.0909090909090909,0.0,1,4,0.0,0.9090909090909092,ransom_4802
0,0.125,0.0,1,2,-0.6454972243679025,0.875,ransom_4803
0,0.25,0.0,1,1,0.0,0.75,ransom_4804
1,0.0666666666666666,0.0,1,4,-0.0912870929175288,0.9333333333333332,ransom_4805
0,0.3333333333333333,0.0,1,1,0.0,0.6666666666666666,ransom_4806
3,0.0833333333333333,0.0,1,3,0.0,0.9166666666666666,ransom_4808
0,0.0909090909090909,0.0,1,3,-5.851389114294497e-16,0.9090909090909092,ransom_4809
0,0.0909090909090909,0.0,1,4,0.0368604890387233,0.9090909090909092,ransom_4810
0,0.1666666666666666,0.0,1,2,0.1666666666666655,0.8333333333333334,ransom_4811
2,0.0588235294117647,0.0,1,5,0.0,0.9411764705882352,ransom_4812
0,0.3333333333333333,0.0,1,1,0.0,0.6666666666666666,ransom_4814
0,0.1428571428571428,0.0,1,2,0.0,0.8571428571428571,ransom_4815
1,0.1,0.0,1,3,0.1135923668494129,0.9,ransom_4816
0,0.125,0.0,1,2,0.0,0.875,ransom_4817
0,0.25,0.0,1,1,0.0,0.75,ransom_4818
6,0.1666666666666666,0.0,1,2,0.0,0.8333333333333334,ransom_4819
1,0.1,0.0,1,3,0.0,0.9,ransom_4820
5,0.0909090909090909,0.0,1,3,0.0,0.9090909090909092,ransom_4821
4,0.1,0.0,1,3,-0.1889822365046146,0.9,ransom_4822
0,0.1428571428571428,0.0,1,2,0.0,0.8571428571428571,ransom_4823
1,0.1666666666666666,0.0,1,2,0.0,0.8333333333333334,ransom_4824
0,0.1666666666666666,0.0,1,2,0.1666666666666655,0.8333333333333334,ransom_4825
1,0.0909090909090909,0.0,1,3,0.0,0.9090909090909092,ransom_4826
2,0.1111111111111111,0.0,1,2,-0.6546536707079772,0.8888888888888888,ransom_4827
0,0.1428571428571428,0.0,1,2,0.0,0.8571428571428571,ransom_4828
1,0.125,0.0,1,2,0.0,0.875,ransom_4829
0,0.2,0.0,1,1,-1.0,0.8,ransom_4830
0,0.1428571428571428,0.0,1,2,0.0,0.8571428571428571,ransom_4831
0,0.3333333333333333,0.0,1,1,0.0,0.6666666666666666,ransom_4832
1,0.0909090909090909,0.0,1,3,0.0,0.9090909090909092,ransom_4833
0,0.25,0.0,1,1,0.0,0.75,ransom_4834
0,0.2,0.0,1,1,0.0,0.8,ransom_4835
2,0.0666666666666666,0.0,1,5,0.0355334527259353,0.9333333333333332,ransom_4836
4,0.0714285714285714,0.0,1,5,0.0,0.9285714285714286,ransom_4837
1,0.1666666666666666,0.0,1,2,0.0,0.8333333333333334,ransom_4839
1,0.1111111111111111,0.0,1,3,0.0,0.8888888888888888,ransom_4840
0,0.1428571428571428,0.0,1,2,-0.250000000000001,0.8571428571428571,ransom_4841
0,0.3333333333333333,0.0,1,1,0.0,0.6666666666666666,ransom_4843
0,0.2,0.0,1,1,0.0,0.8,ransom_4845
6,0.1666666666666666,0.0,1,1,-0.9999999999999992,0.8333333333333334,ransom_4846
2,0.0909090909090909,0.0,1,4,0.0,0.9090909090909092,ransom_4847
1,0.1666666666666666,0.0,1,2,0.0,0.8333333333333334,ransom_4848
0,0.0666666666666666,0.0,1,4,-0.0912870929175288,0.9333333333333332,ransom_4850
0,0.1666666666666666,0.0,1,2,0.0,0.8333333333333334,ransom_4851
0,0.125,0.0,1,2,0.0,0.875,ransom_4852
0,0.1428571428571428,0.0,1,2,0.0,0.8571428571428571,ransom_4853
0,0.1111111111111111,0.0,1,3,0.0,0.8888888888888888,ransom_4854
1,0.25,0.0,1,1,0.0,0.75,ransom_4855
0,0.2,0.0,1,1,0.0,0.8,ransom_4856
0,0.125,0.0,1,3,0.0,0.875,ransom_4857
0,0.2,0.0,1,1,0.0,0.8,ransom_4859
0,0.0833333333333333,0.0,1,3,-0.2390457218668779,0.9166666666666666,ransom_4860
0,0.2,0.0,1,2,0.0,0.8,ransom_4862
2,0.0909090909090909,0.0,1,3,-0.2500000000000005,0.9090909090909092,ransom_4864
0,0.2,0.0,1,1,0.0,0.8,ransom_4865
0,0.2,0.0,1,1,0.0,0.8,ransom_4866
0,0.125,0.0,1,2,0.0,0.875,ransom_4867
0,0.3333333333333333,0.0,1,1,0.0,0.6666666666666666,ransom_4869
0,0.1666666666666666,0.0,1,2,0.0,0.8333333333333334,ransom_4870
0,0.25,0.0,1,1,0.0,0.75,ransom_4872
3,0.1428571428571428,0.0,1,2,0.0,0.8571428571428571,ransom_4873
0,0.1111111111111111,0.0,1,2,0.0,0.8888888888888888,ransom_4874
0,0.25,0.0,1,1,0.0,0.75,ransom_4875
0,0.1111111111111111,0.0,1,2,0.0,0.8888888888888888,ransom_4876
0,0.1,0.0,1,3,-0.0805822964025377,0.9,ransom_4877
0,0.1428571428571428,0.0,1,2,0.0,0.8571428571428571,ransom_4878
0,0.1111111111111111,0.0,1,3,0.0,0.8888888888888888,ransom_4879
0,0.25,0.0,1,1,0.0,0.75,ransom_4881
0,0.0909090909090909,0.0,1,3,0.0,0.9090909090909092,ransom_4882
1,0.125,0.0,1,3,0.0,0.875,ransom_4884
0,0.1666666666666666,0.0,1,2,0.0,0.8333333333333334,ransom_4885
0,0.25,0.0,1,1,0.0,0.75,ransom_4886
0,0.1428571428571428,0.0,1,2,-0.250000000000001,0.8571428571428571,ransom_4887
0,0.125,0.0,1,2,0.0,0.875,ransom_4888
0,0.1111111111111111,0.0,1,2,0.0,0.8888888888888888,ransom_4889
0,0.25,0.0,1,1,0.0,0.75,ransom_4890
0,0.2,0.0,1,1,0.0,0.8,ransom_4891
0,0.25,0.0,1,1,0.0,0.75,ransom_4892
0,0.0909090909090909,0.0,1,3,-0.2500000000000005,0.9090909090909092,ransom_4894
0,0.1428571428571428,0.0,1,2,-0.250000000000001,0.8571428571428571,ransom_4895
1,0.125,0.0,1,2,0.0,0.875,ransom_4896
0,0.25,0.0,1,1,0.0,0.75,ransom_4897
1,0.0526315789473684,0.0,1,6,0.0298807152333592,0.9473684210526316,ransom_4898
2,0.1428571428571428,0.0,1,2,-0.250000000000001,0.8571428571428571,ransom_4899
0,0.0555555555555555,0.0,1,6,0.0680880974252403,0.9444444444444444,ransom_4902
0,0.2,0.0,1,1,-1.0,0.8,ransom_4903
0,0.1111111111111111,0.0,1,2,-0.6546536707079772,0.8888888888888888,ransom_4904
0,0.1,0.0,1,3,0.0,0.9,ransom_4905
0,0.2,0.0,1,1,0.0,0.8,ransom_4906
0,0.25,0.0,1,1,0.0,0.75,ransom_4909
4,0.0909090909090909,0.0,1,3,-0.2500000000000005,0.9090909090909092,ransom_4910
0,0.25,0.0,1,1,0.0,0.75,ransom_4912
0,0.1666666666666666,0.0,1,2,0.1666666666666655,0.8333333333333334,ransom_4913
0,0.1111111111111111,0.0,1,3,0.0,0.8888888888888888,ransom_4915
0,0.25,0.0,1,1,0.0,0.75,ransom_4916
0,0.0833333333333333,0.0,1,3,-0.3268602252303066,0.9166666666666666,ransom_4917
1,0.1666666666666666,0.0,1,2,0.0,0.8333333333333334,ransom_4920
0,0.125,0.0,1,2,0.0,0.875,ransom_4921
0,0.1111111111111111,0.0,1,2,-0.5773502691896258,0.8888888888888888,ransom_4922
2,0.1666666666666666,0.0,1,2,0.0,0.8333333333333334,ransom_4923
0,0.125,0.0,1,2,0.0,0.875,ransom_4924
0,0.125,0.0,1,2,0.0,0.875,ransom_4925
0,0.1428571428571428,0.0,1,2,0.0,0.8571428571428571,ransom_4928
1,0.1,0.0,1,3,0.0,0.9,ransom_4929
0,0.0909090909090909,0.0,1,3,0.0,0.9090909090909092,ransom_4930
0,0.1666666666666666,0.0,1,2,0.0,0.8333333333333334,ransom_4931
1,0.0769230769230769,0.0,1,4,-0.063245553203368,0.9230769230769232,ransom_4932
0,0.1428571428571428,0.0,1,2,0.0,0.8571428571428571,ransom_4933
0,0.0909090909090909,0.0,1,3,-0.166666666666668,0.9090909090909092,ransom_4934
6,0.0909090909090909,0.0,1,3,-0.2500000000000005,0.9090909090909092,ransom_4935
0,0.1428571428571428,0.0,1,2,0.0,0.8571428571428571,ransom_4936
2,0.1,0.0,1,3,0.0,0.9,ransom_4937
0,0.25,0.0,1,1,0.0,0.75,ransom_4938
0,0.125,0.0,1,2,-0.4880935300919782,0.875,ransom_4939
2,0.1666666666666666,0.0,1,2,0.1666666666666655,0.8333333333333334,ransom_4940
6,0.0833333333333333,0.0,1,4,0.0,0.9166666666666666,ransom_4941
0,0.0909090909090909,0.0,1,3,-0.2500000000000005,0.9090909090909092,ransom_4942
0,0.2,0.0,1,1,0.0,0.8,ransom_4943
0,0.1111111111111111,0.0,1,3,0.0,0.8888888888888888,ransom_4944
0,0.1111111111111111,0.0,1,3,0.0,0.8888888888888888,ransom_4945
1,0.125,0.0,1,2,0.0,0.875,ransom_4946
10,0.0833333333333333,0.0,1,4,0.1268365723579602,0.9166666666666666,ransom_4947
0,0.25,0.0,1,1,0.0,0.75,ransom_4948
0,0.2,0.0,1,1,0.0,0.8,ransom_4949
0,0.1428571428571428,0.0,1,2,0.0,0.8571428571428571,ransom_4950
0,0.25,0.0,1,1,0.0,0.75,ransom_4951
0,0.1666666666666666,0.0,1,2,0.0,0.8333333333333334,ransom_4952
1,0.1666666666666666,0.0,1,2,0.0,0.8333333333333334,ransom_4953
0,0.0714285714285714,0.0,1,4,0.067115605521402,0.9285714285714286,ransom_4954
1,0.0454545454545454,0.0,1,5,-0.0783035299659921,0.9545454545454546,ransom_4955
1,0.1666666666666666,0.0,1,2,0.0,0.8333333333333334,ransom_4956
2,0.0833333333333333,0.0,1,3,-0.3268602252303066,0.9166666666666666,ransom_4957
1,0.0909090909090909,0.0,1,3,-0.2500000000000005,0.9090909090909092,ransom_4958
3,0.0588235294117647,0.0,1,4,0.0,0.9411764705882352,ransom_4960
0,0.0714285714285714,0.0,1,3,-0.4813299149207699,0.9285714285714286,ransom_4962
0,0.1428571428571428,0.0,1,2,0.0,0.8571428571428571,ransom_4963
0,0.125,0.0,1,3,0.0,0.875,ransom_4964
0,0.1666666666666666,0.0,1,2,0.0,0.8333333333333334,ransom_4965
5,0.1666666666666666,0.0,1,2,0.0,0.8333333333333334,ransom_4966
0,0.25,0.0,1,1,0.0,0.75,ransom_4967
0,0.3333333333333333,0.0,1,1,0.0,0.6666666666666666,ransom_4968
0,0.1111111111111111,0.0,1,3,0.0,0.8888888888888888,ransom_4969
0,0.1666666666666666,0.0,1,2,0.0,0.8333333333333334,ransom_4970
0,0.25,0.0,1,1,0.0,0.75,ransom_4972
0,0.1428571428571428,0.0,1,2,0.0,0.8571428571428571,ransom_4973
0,0.1666666666666666,0.0,1,2,0.1666666666666655,0.8333333333333334,ransom_4974
2,0.0833333333333333,0.0,1,4,0.0173762011714225,0.9166666666666666,ransom_4975
0,0.1,0.0,1,2,-0.8237544710479152,0.9,ransom_4976
1,0.125,0.0,1,3,0.0,0.875,ransom_4977
4,0.25,0.0,1,1,0.0,0.75,ransom_4978
0,0.1428571428571428,0.0,1,2,0.0,0.8571428571428571,ransom_4980
0,0.1666666666666666,0.0,1,2,0.0,0.8333333333333334,ransom_4981
2,0.0714285714285714,0.0,1,4,0.1994310088043663,0.9285714285714286,ransom_4982
0,0.2,0.0,1,1,-1.0,0.8,ransom_4983
0,0.1666666666666666,0.0,1,2,0.0,0.8333333333333334,ransom_4985
0,0.0833333333333333,0.0,1,4,0.0,0.9166666666666666,ransom_4986
0,0.0833333333333333,0.0,1,3,-0.2390457218668779,0.9166666666666666,ransom_4987
2,0.0833333333333333,0.0,1,4,0.0173762011714225,0.9166666666666666,ransom_4988
0,0.2,0.0,1,1,0.0,0.8,ransom_4989
49,0.0769230769230769,0.0,1,4,0.0,0.9230769230769232,ransom_4990
0,0.1,0.0,1,3,0.0,0.9,ransom_4991
0,0.1,0.0,1,3,0.0,0.9,ransom_4992
0,0.125,0.0,1,2,-0.6454972243679025,0.875,ransom_4993
0,0.0909090909090909,0.0,1,3,-0.2500000000000005,0.9090909090909092,ransom_4995
0,0.125,0.0,1,2,-0.4880935300919782,0.875,ransom_4996
0,0.0666666666666666,0.0,1,5,0.0355334527259353,0.9333333333333332,ransom_4997
4,0.25,0.0,1,1,0.0,0.75,ransom_4999
1,0.25,0.0,1,1,0.0,0.75,ransom_5000
0,0.1111111111111111,0.0,1,3,0.0,0.8888888888888888,ransom_5001
0,0.1666666666666666,0.0,1,2,0.0,0.8333333333333334,ransom_5002
0,0.2,0.0,1,1,0.0,0.8,ransom_5003
0,0.1428571428571428,0.0,1,2,-0.250000000000001,0.8571428571428571,ransom_5004
0,0.3333333333333333,0.0,1,1,0.0,0.6666666666666666,ransom_5005
0,0.1666666666666666,0.0,1,2,0.0,0.8333333333333334,ransom_5007
0,0.1666666666666666,0.0,1,2,0.0,0.8333333333333334,ransom_5009
0,0.0714285714285714,0.0,1,4,-0.0162564022190598,0.9285714285714286,ransom_5011
1,0.0833333333333333,0.0,1,3,0.0,0.9166666666666666,ransom_5012
0,0.2,0.0,1,2,0.0,0.8,ransom_5013
1,0.1666666666666666,0.0,1,2,0.1666666666666655,0.8333333333333334,ransom_5014
1,0.0909090909090909,0.0,1,3,-5.851389114294497e-16,0.9090909090909092,ransom_5015
0,0.0833333333333333,0.0,1,3,-0.3268602252303066,0.9166666666666666,ransom_5018
0,0.3333333333333333,0.0,1,1,0.0,0.6666666666666666,ransom_5019
0,0.125,0.0,1,2,-0.6454972243679025,0.875,ransom_5020
0,0.125,0.0,1,2,0.0,0.875,ransom_5021
1,0.1428571428571428,0.0,1,2,0.0,0.8571428571428571,ransom_5022
0,0.3333333333333333,0.0,1,1,0.0,0.6666666666666666,ransom_5023
1,0.1,0.0,1,3,0.0,0.9,ransom_5024
0,0.0909090909090909,0.0,1,3,-0.2500000000000005,0.9090909090909092,ransom_5025
0,0.0769230769230769,0.0,1,4,0.0,0.9230769230769232,ransom_5027
0,0.1428571428571428,0.0,1,2,0.0,0.8571428571428571,ransom_5030
2,0.0909090909090909,0.0,1,3,0.0,0.9090909090909092,ransom_5031
0,0.1111111111111111,0.0,1,2,-0.6546536707079772,0.8888888888888888,ransom_5033
0,0.1,0.0,1,3,0.0,0.9,ransom_5034
1,0.3333333333333333,0.0,1,1,0.0,0.6666666666666666,ransom_5035
3,0.25,0.0,1,1,0.0,0.75,ransom_5036
6,0.0909090909090909,0.0,1,3,-0.2500000000000005,0.9090909090909092,ransom_5037
0,0.125,0.0,1,2,0.0,0.875,ransom_5038
0,0.25,0.0,1,1,0.0,0.75,ransom_5039
2,0.0666666666666666,0.0,1,5,0.0,0.9333333333333332,ransom_5040
5,0.1666666666666666,0.0,1,2,0.0,0.8333333333333334,ransom_5042
0,0.0909090909090909,0.0,1,3,0.0,0.9090909090909092,ransom_5043
1,0.125,0.0,1,2,0.0,0.875,ransom_5045
0,0.0833333333333333,0.0,1,3,-0.1028688999747275,0.9166666666666666,ransom_5047
1,0.1111111111111111,0.0,1,2,0.0,0.8888888888888888,ransom_5048
0,0.1666666666666666,0.0,1,2,0.0,0.8333333333333334,ransom_5051
0,0.0909090909090909,0.0,1,3,0.0,0.9090909090909092,ransom_5052
0,0.125,0.0,1,2,0.0,0.875,ransom_5053
0,0.25,0.0,1,1,0.0,0.75,ransom_5054
0,0.25,0.0,1,1,0.0,0.75,ransom_5055
0,0.3333333333333333,0.0,1,1,0.0,0.6666666666666666,ransom_5056
0,0.1111111111111111,0.0,1,2,-0.6546536707079772,0.8888888888888888,ransom_5057
1,0.0666666666666666,0.0,1,6,0.0,0.9333333333333332,ransom_5058
1,0.1428571428571428,0.0,1,2,0.0,0.8571428571428571,ransom_5061
0,0.0909090909090909,0.0,1,4,0.0,0.9090909090909092,ransom_5062
0,0.3333333333333333,0.0,1,1,0.0,0.6666666666666666,ransom_5065
2,0.1666666666666666,0.0,1,2,0.1666666666666655,0.8333333333333334,ransom_5066
0,0.25,0.0,1,1,0.0,0.75,ransom_5067
0,0.3333333333333333,0.0,1,1,0.0,0.6666666666666666,ransom_5069
1,0.1428571428571428,0.0,1,2,0.0,0.8571428571428571,ransom_5070
0,0.1428571428571428,0.0,1,2,0.0,0.8571428571428571,ransom_5071
0,0.2,0.0,1,1,-1.0,0.8,ransom_5072
0,0.0909090909090909,0.0,1,3,-0.2500000000000005,0.9090909090909092,ransom_5073
0,0.1,0.0,1,3,-0.0805822964025377,0.9,ransom_5075
0,0.0454545454545454,0.0,1,7,0.0323409582177973,0.9545454545454546,ransom_5076
0,0.1111111111111111,0.0,1,3,0.0,0.8888888888888888,ransom_5077
0,0.25,0.0,1,1,0.0,0.75,ransom_5078
0,0.125,0.0,1,2,-0.6454972243679025,0.875,ransom_5079
2,0.1,0.0,1,3,0.0,0.9,ransom_5080
0,0.3333333333333333,0.0,1,1,0.0,0.6666666666666666,ransom_5081
0,0.25,0.0,1,1,0.0,0.75,ransom_5082
0,0.1111111111111111,0.0,1,3,0.0,0.8888888888888888,ransom_5084
13,0.1,0.0,1,3,0.0,0.9,ransom_5086
0,0.1,0.0,1,2,-0.8237544710479152,0.9,ransom_5087
0,0.0909090909090909,0.0,1,3,0.0,0.9090909090909092,ransom_5088
0,0.25,0.0,1,1,0.0,0.75,ransom_5089
16,0.0769230769230769,0.0,1,4,0.0,0.9230769230769232,ransom_5090
0,0.3333333333333333,0.0,1,1,0.0,0.6666666666666666,ransom_5091
1,0.1111111111111111,0.0,1,2,-0.6546536707079772,0.8888888888888888,ransom_5093
0,0.3333333333333333,0.0,1,1,0.0,0.6666666666666666,ransom_5094
0,0.25,0.0,1,1,0.0,0.75,ransom_5095
0,0.1428571428571428,0.0,1,2,0.0,0.8571428571428571,ransom_5096
0,0.2,0.0,1,1,0.0,0.8,ransom_5097
0,0.0666666666666666,0.0,1,4,-0.0404888165089451,0.9333333333333332,ransom_5098
2,0.1428571428571428,0.0,1,2,-0.250000000000001,0.8571428571428571,ransom_5101
0,0.2,0.0,1,1,-1.0,0.8,ransom_5102
1,0.1666666666666666,0.0,1,2,0.0,0.8333333333333334,ransom_5103
0,0.1428571428571428,0.0,1,2,-0.250000000000001,0.8571428571428571,ransom_5104
1,0.1,0.0,1,3,0.0,0.9,ransom_5105
0,0.25,0.0,1,1,0.0,0.75,ransom_5106
0,0.25,0.0,1,1,0.0,0.75,ransom_5107
0,0.125,0.0,1,2,0.0,0.875,ransom_5108
0,0.0909090909090909,0.0,1,3,0.0,0.9090909090909092,ransom_5109
1,0.0833333333333333,0.0,1,3,-0.3268602252303066,0.9166666666666666,ransom_5110
0,0.25,0.0,1,1,0.0,0.75,ransom_5111
0,0.25,0.0,1,1,0.0,0.75,ransom_5113
0,0.2,0.0,1,1,0.0,0.8,ransom_5114
0,0.25,0.0,1,1,0.0,0.75,ransom_5115
0,0.3333333333333333,0.0,1,1,0.0,0.6666666666666666,ransom_5117
2,0.1428571428571428,0.0,1,2,0.0,0.8571428571428571,ransom_5119
0,0.25,0.0,1,1,0.0,0.75,ransom_5120
0,0.25,0.0,1,1,0.0,0.75,ransom_5121
1,0.1666666666666666,0.0,1,2,0.0,0.8333333333333334,ransom_5123
0,0.1428571428571428,0.0,1,2,0.0,0.8571428571428571,ransom_5125
2,0.0666666666666666,0.0,1,5,0.0,0.9333333333333332,ransom_5126
1,0.0588235294117647,0.0,1,5,0.0,0.9411764705882352,ransom_5127
0,0.0909090909090909,0.0,1,3,-5.851389114294497e-16,0.9090909090909092,ransom_5128
1,0.0714285714285714,0.0,1,4,-0.0769321818620843,0.9285714285714286,ransom_5129
1,0.0714285714285714,0.0,1,5,0.0375425527889134,0.9285714285714286,ransom_5130
0,0.0666666666666666,0.0,1,4,-0.1473139127471972,0.9333333333333332,ransom_5132
0,0.0555555555555555,0.0,1,5,0.0883991392175724,0.9444444444444444,ransom_5133
7,0.25,0.0,1,1,0.0,0.75,ransom_5134
0,0.3333333333333333,0.0,1,1,0.0,0.6666666666666666,ransom_5135
0,0.125,0.0,1,3,0.0,0.875,ransom_5136
0,0.25,0.0,1,1,0.0,0.75,ransom_5137
1,0.1,0.0,1,3,0.0,0.9,ransom_5138
1,0.125,0.0,1,2,-0.6454972243679025,0.875,ransom_5140
0,0.1111111111111111,0.0,1,2,-0.6546536707079772,0.8888888888888888,ransom_5141
2,0.1666666666666666,0.0,1,2,0.0,0.8333333333333334,ransom_5142
0,0.1666666666666666,0.0,1,2,0.0,0.8333333333333334,ransom_5143
0,0.125,0.0,1,2,-0.6454972243679025,0.875,ransom_5144
0,0.125,0.0,1,2,0.0,0.875,ransom_5145
1,0.1428571428571428,0.0,1,2,0.0,0.8571428571428571,ransom_5146
1,0.0769230769230769,0.0,1,4,0.0944911182523065,0.9230769230769232,ransom_5147
0,0.3333333333333333,0.0,1,1,0.0,0.6666666666666666,ransom_5148
0,0.2,0.0,1,2,0.0,0.8,ransom_5149
0,0.2,0.0,1,1,0.0,0.8,ransom_5150
1,0.0769230769230769,0.0,1,4,0.0,0.9230769230769232,ransom_5151
4,0.125,0.0,1,2,0.0,0.875,ransom_5152
0,0.1,0.0,1,2,-0.8237544710479152,0.9,ransom_5153
0,0.2,0.0,1,2,0.0,0.8,ransom_5155
0,0.1,0.0,1,3,-0.0805822964025377,0.9,ransom_5156
3,0.0714285714285714,0.0,1,4,-0.0769321818620843,0.9285714285714286,ransom_5157
0,0.1428571428571428,0.0,1,2,0.0,0.8571428571428571,ransom_5159
0,0.125,0.0,1,3,0.0,0.875,ransom_5160
0,0.125,0.0,1,2,0.0,0.875,ransom_5161
4,0.25,0.0,1,1,0.0,0.75,ransom_5162
0,0.25,0.0,1,1,0.0,0.75,ransom_5163
0,0.0833333333333333,0.0,1,4,0.0173762011714225,0.9166666666666666,ransom_5164
1,0.2,0.0,1,1,-1.0,0.8,ransom_5165
0,0.0714285714285714,0.0,1,4,0.0,0.9285714285714286,ransom_5166
0,0.1666666666666666,0.0,1,2,0.1666666666666655,0.8333333333333334,ransom_5167
0,0.1428571428571428,0.0,1,2,-0.250000000000001,0.8571428571428571,ransom_5168
0,0.3333333333333333,0.0,1,1,0.0,0.6666666666666666,ransom_5169
0,0.25,0.0,1,1,0.0,0.75,ransom_5170
0,0.25,0.0,1,1,0.0,0.75,ransom_5171
4,0.0714285714285714,0.0,1,4,-0.0769321818620843,0.9285714285714286,ransom_5172
2,0.125,0.0,1,2,-0.4880935300919782,0.875,ransom_5173
0,0.1428571428571428,0.0,1,2,0.0,0.8571428571428571,ransom_5175
0,0.2,0.0,1,1,0.0,0.8,ransom_5176
1,0.2,0.0,1,1,-1.0,0.8,ransom_5177
0,0.125,0.0,1,2,0.0,0.875,ransom_5178
0,0.25,0.0,1,1,0.0,0.75,ransom_5179
0,0.0833333333333333,0.0,1,3,-0.3268602252303066,0.9166666666666666,ransom_5180
0,0.0909090909090909,0.0,1,3,-0.166666666666668,0.9090909090909092,ransom_5182
0,0.25,0.0,1,1,0.0,0.75,ransom_5183
0,0.2,0.0,1,1,0.0,0.8,ransom_5184
6,0.1,0.0,1,3,-0.0805822964025377,0.9,ransom_5188
0,0.1,0.0,1,3,0.0,0.9,ransom_5189
0,0.1111111111111111,0.0,1,3,0.0,0.8888888888888888,ransom_5190
0,0.1111111111111111,0.0,1,2,0.0,0.8888888888888888,ransom_5191
0,0.1111111111111111,0.0,1,3,0.0,0.8888888888888888,ransom_5192
1,0.2,0.0,1,1,-1.0,0.8,ransom_5193
1,0.25,0.0,1,1,0.0,0.75,ransom_5194
0,0.1,0.0,1,3,0.1135923668494129,0.9,ransom_5195
1,0.1666666666666666,0.0,1,2,0.0,0.8333333333333334,ransom_5196
1,0.0833333333333333,0.0,1,3,-0.3888888888888903,0.9166666666666666,ransom_5197
0,0.0714285714285714,0.0,1,4,-0.0769321818620843,0.9285714285714286,ransom_5198
0,0.1666666666666666,0.0,1,2,0.0,0.8333333333333334,ransom_5199
1,0.125,0.0,1,2,-0.4880935300919782,0.875,ransom_5200
0,0.3333333333333333,0.0,1,1,0.0,0.6666666666666666,ransom_5201
0,0.2,0.0,1,2,0.0,0.8,ransom_5202
3,0.0666666666666666,0.0,1,5,0.0,0.9333333333333332,ransom_5203
6,0.1666666666666666,0.0,1,2,0.0,0.8333333333333334,ransom_5204
0,0.3333333333333333,0.0,1,1,0.0,0.6666666666666666,ransom_5205
0,0.125,0.0,1,2,0.0,0.875,ransom_5208
2,0.1111111111111111,0.0,1,3,0.0,0.8888888888888888,ransom_5209
0,0.25,0.0,1,1,0.0,0.75,ransom_5212
0,0.1111111111111111,0.0,1,2,-0.6546536707079772,0.8888888888888888,ransom_5213
0,0.1428571428571428,0.0,1,2,0.0,0.8571428571428571,ransom_5214
1,0.125,0.0,1,2,-0.6454972243679025,0.875,ransom_5215
0,0.0769230769230769,0.0,1,4,-0.063245553203368,0.9230769230769232,ransom_5216
0,0.1,0.0,1,3,0.0,0.9,ransom_5218
0,0.2,0.0,1,1,-1.0,0.8,ransom_5219
1,0.3333333333333333,0.0,1,1,0.0,0.6666666666666666,ransom_5220
0,0.125,0.0,1,2,0.0,0.875,ransom_5221
0,0.125,0.0,1,2,-0.6454972243679025,0.875,ransom_5222
0,0.2,0.0,1,1,0.0,0.8,ransom_5223
0,0.2,0.0,1,1,0.0,0.8,ransom_5224
29,0.0833333333333333,0.0,1,4,0.0,0.9166666666666666,ransom_5225
0,0.1428571428571428,0.0,1,2,-0.250000000000001,0.8571428571428571,ransom_5226
0,0.25,0.0,1,1,0.0,0.75,ransom_5229
0,0.1666666666666666,0.0,1,2,0.1666666666666655,0.8333333333333334,ransom_5231
0,0.2,0.0,1,2,0.0,0.8,ransom_5232
0,0.25,0.0,1,1,0.0,0.75,ransom_5233
0,0.1666666666666666,0.0,1,2,0.0,0.8333333333333334,ransom_5234
0,0.1428571428571428,0.0,1,2,0.0,0.8571428571428571,ransom_5235
0,0.0833333333333333,0.0,1,4,0.0,0.9166666666666666,ransom_5236
0,0.1428571428571428,0.0,1,2,0.0,0.8571428571428571,ransom_5237
0,0.1666666666666666,0.0,1,2,0.0,0.8333333333333334,ransom_5238
2,0.3333333333333333,0.0,1,1,0.0,0.6666666666666666,ransom_5239
0,0.25,0.0,1,1,0.0,0.75,ransom_5240
0,0.1428571428571428,0.0,1,2,-0.250000000000001,0.8571428571428571,ransom_5242
0,0.3333333333333333,0.0,1,1,0.0,0.6666666666666666,ransom_5244
1,0.0833333333333333,0.0,1,4,0.0,0.9166666666666666,ransom_5245
0,0.1428571428571428,0.0,1,3,0.0,0.8571428571428571,ransom_5246
1,0.0666666666666666,0.0,1,4,0.0,0.9333333333333332,ransom_5247
0,0.125,0.0,1,2,-0.6454972243679025,0.875,ransom_5248
1,0.1428571428571428,0.0,1,3,0.0,0.8571428571428571,ransom_5251
0,0.2,0.0,1,1,0.0,0.8,ransom_5252
0,0.2,0.0,1,1,0.0,0.8,ransom_5253
0,0.3333333333333333,0.0,1,1,0.0,0.6666666666666666,ransom_5254
0,0.1,0.0,1,3,0.0,0.9,ransom_5255
0,0.0666666666666666,0.0,1,5,0.0,0.9333333333333332,ransom_5256
0,0.3333333333333333,0.0,1,1,0.0,0.6666666666666666,ransom_5257
0,0.1666666666666666,0.0,1,2,0.0,0.8333333333333334,ransom_5262
0,0.125,0.0,1,2,0.0,0.875,ransom_5263
0,0.0769230769230769,0.0,1,4,0.0,0.9230769230769232,ransom_5264
0,0.2,0.0,1,1,0.0,0.8,ransom_5265
0,0.3333333333333333,0.0,1,1,0.0,0.6666666666666666,ransom_5266
0,0.1666666666666666,0.0,1,2,0.0,0.8333333333333334,ransom_5267
0,0.25,0.0,1,1,0.0,0.75,ransom_5269
0,0.25,0.0,1,1,0.0,0.75,ransom_5270
0,0.25,0.0,1,1,0.0,0.75,ransom_5272
0,0.1,0.0,1,3,-0.1889822365046146,0.9,ransom_5273
1,0.0909090909090909,0.0,1,3,0.0,0.9090909090909092,ransom_5274
0,0.125,0.0,1,2,-0.166666666666668,0.875,ransom_5275
0,0.125,0.0,1,2,0.0,0.875,ransom_5276
0,0.1666666666666666,0.0,1,1,-0.9999999999999992,0.8333333333333334,ransom_5277
0,0.25,0.0,1,1,0.0,0.75,ransom_5278
1,0.3333333333333333,0.0,1,1,0.0,0.6666666666666666,ransom_5279
1,0.0666666666666666,0.0,1,4,-0.1473139127471972,0.9333333333333332,ransom_5280
0,0.25,0.0,1,1,0.0,0.75,ransom_5281
0,0.1428571428571428,0.0,1,2,-0.250000000000001,0.8571428571428571,ransom_5282
0,0.2,0.0,1,1,-1.0,0.8,ransom_5283
0,0.3333333333333333,0.0,1,1,0.0,0.6666666666666666,ransom_5284
0,0.2,0.0,1,1,0.0,0.8,ransom_5286
0,0.25,0.0,1,1,0.0,0.75,ransom_5287
0,0.3333333333333333,0.0,1,1,0.0,0.6666666666666666,ransom_5290
0,0.1428571428571428,0.0,1,2,0.0,0.8571428571428571,ransom_5291
1,0.3333333333333333,0.0,1,1,0.0,0.6666666666666666,ransom_5292
0,0.1666666666666666,0.0,1,2,0.1666666666666655,0.8333333333333334,ransom_5293
1,0.125,0.0,1,2,-0.166666666666668,0.875,ransom_5294
0,0.25,0.0,1,1,0.0,0.75,ransom_5295
0,0.1,0.0,1,2,-0.8237544710479152,0.9,ransom_5296
0,0.1666666666666666,0.0,1,2,0.0,0.8333333333333334,ransom_5297
0,0.1666666666666666,0.0,1,2,0.1666666666666655,0.8333333333333334,ransom_5298
2,0.2,0.0,1,2,0.0,0.8,ransom_5300
0,0.25,0.0,1,1,0.0,0.75,ransom_5301
0,0.25,0.0,1,1,0.0,0.75,ransom_5305
0,0.25,0.0,1,1,0.0,0.75,ransom_5306
0,0.0909090909090909,0.0,1,3,-0.2500000000000005,0.9090909090909092,ransom_5307
1,0.125,0.0,1,2,-0.6454972243679025,0.875,ransom_5308
0,0.1428571428571428,0.0,1,2,-0.250000000000001,0.8571428571428571,ransom_5310
0,0.3333333333333333,0.0,1,1,0.0,0.6666666666666666,ransom_5311
0,0.2,0.0,1,2,0.0,0.8,ransom_5312
0,0.25,0.0,1,1,0.0,0.75,ransom_5314
0,0.125,0.0,1,2,0.0,0.875,ransom_5315
0,0.1111111111111111,0.0,1,2,0.0,0.8888888888888888,ransom_5316
0,0.25,0.0,1,1,0.0,0.75,ransom_5318
0,0.1428571428571428,0.0,1,2,-0.250000000000001,0.8571428571428571,ransom_5319
8,0.0666666666666666,0.0,1,4,-0.0404888165089451,0.9333333333333332,ransom_5320
0,0.2,0.0,1,1,0.0,0.8,ransom_5321
1,0.1,0.0,1,3,0.0,0.9,ransom_5322
0,0.25,0.0,1,1,0.0,0.75,ransom_5324
0,0.3333333333333333,0.0,1,1,0.0,0.6666666666666666,ransom_5325
0,0.0434782608695652,0.0,1,7,0.1051903366076433,0.9565217391304348,ransom_5326
1,0.0769230769230769,0.0,1,4,-0.063245553203368,0.9230769230769232,ransom_5327
0,0.125,0.0,1,2,0.0,0.875,ransom_5328
0,0.1111111111111111,0.0,1,3,0.0,0.8888888888888888,ransom_5330
0,0.3333333333333333,0.0,1,1,0.0,0.6666666666666666,ransom_5331
0,0.2,0.0,1,2,0.0,0.8,ransom_5332
2,0.0909090909090909,0.0,1,3,-0.166666666666668,0.9090909090909092,ransom_5333
0,0.1,0.0,1,3,0.0,0.9,ransom_5335
0,0.2,0.0,1,1,0.0,0.8,ransom_5336
2,0.0833333333333333,0.0,1,3,-0.3268602252303066,0.9166666666666666,ransom_5337
0,0.1,0.0,1,3,0.0,0.9,ransom_5338
0,0.25,0.0,1,1,0.0,0.75,ransom_5339
0,0.25,0.0,1,1,0.0,0.75,ransom_5341
0,0.25,0.0,1,1,0.0,0.75,ransom_5342
4,0.1428571428571428,0.0,1,2,0.0,0.8571428571428571,ransom_5343
0,0.3333333333333333,0.0,1,1,0.0,0.6666666666666666,ransom_5344
0,0.25,0.0,1,1,0.0,0.75,ransom_5346
2,0.1111111111111111,0.0,1,4,0.0,0.8888888888888888,ransom_5347
0,0.2,0.0,1,1,0.0,0.8,ransom_5348
0,0.2,0.0,1,1,0.0,0.8,ransom_5349
0,0.2,0.0,1,1,0.0,0.8,ransom_5350
0,0.1111111111111111,0.0,1,3,0.0,0.8888888888888888,ransom_5351
0,0.1428571428571428,0.0,1,2,0.0,0.8571428571428571,ransom_5352
0,0.1428571428571428,0.0,1,2,0.0,0.8571428571428571,ransom_5353
0,0.1,0.0,1,4,0.0,0.9,ransom_5354
2,0.1,0.0,1,2,-0.8237544710479152,0.9,ransom_5356
2,0.0714285714285714,0.0,1,4,-0.0769321818620843,0.9285714285714286,ransom_5358
0,0.1428571428571428,0.0,1,2,0.0,0.8571428571428571,ransom_5359
0,0.3333333333333333,0.0,1,1,0.0,0.6666666666666666,ransom_5360
1,0.125,0.0,1,2,-0.6454972243679025,0.875,ransom_5362
0,0.2,0.0,1,1,0.0,0.8,ransom_5363
0,0.2,0.0,1,1,0.0,0.8,ransom_5365
2,0.1428571428571428,0.0,1,2,-0.250000000000001,0.8571428571428571,ransom_5366
0,0.0555555555555555,0.0,1,5,-0.0314269680527354,0.9444444444444444,ransom_5367
0,0.1666666666666666,0.0,1,2,0.0,0.8333333333333334,ransom_5368
6,0.1666666666666666,0.0,1,2,0.0,0.8333333333333334,ransom_5369
0,0.125,0.0,1,2,0.0,0.875,ransom_5370
3,0.0625,0.0,1,5,0.0,0.9375,ransom_5371
0,0.1428571428571428,0.0,1,2,0.0,0.8571428571428571,ransom_5372
0,0.25,0.0,1,1,0.0,0.75,ransom_5373
2,0.125,0.0,1,2,0.0,0.875,ransom_5374
0,0.125,0.0,1,3,0.0912870929175268,0.875,ransom_5375
0,0.1428571428571428,0.0,1,2,0.0,0.8571428571428571,ransom_5377
0,0.1,0.0,1,3,0.0,0.9,ransom_5378
0,0.3333333333333333,0.0,1,1,0.0,0.6666666666666666,ransom_5379
0,0.25,0.0,1,1,0.0,0.75,ransom_5380
0,0.3333333333333333,0.0,1,1,0.0,0.6666666666666666,ransom_5381
0,0.1666666666666666,0.0,1,2,0.0,0.8333333333333334,ransom_5382
8,0.1111111111111111,0.0,1,3,0.0,0.8888888888888888,ransom_5383
0,0.0714285714285714,0.0,1,4,-0.0769321818620843,0.9285714285714286,ransom_5384
0,0.1111111111111111,0.0,1,2,-0.6546536707079772,0.8888888888888888,ransom_5385
0,0.125,0.0,1,2,0.0,0.875,ransom_5386
0,0.1666666666666666,0.0,1,2,0.0,0.8333333333333334,ransom_5387
3,0.125,0.0,1,3,0.0,0.875,ransom_5388
0,0.0909090909090909,0.0,1,3,0.0,0.9090909090909092,ransom_5389
0,0.1666666666666666,0.0,1,2,0.0,0.8333333333333334,ransom_5390
0,0.0769230769230769,0.0,1,4,-0.063245553203368,0.9230769230769232,ransom_5391
0,0.25,0.0,1,1,0.0,0.75,ransom_5392
0,0.0666666666666666,0.0,1,5,0.0,0.9333333333333332,ransom_5394
6,0.1111111111111111,0.0,1,3,0.0,0.8888888888888888,ransom_5395
0,0.2,0.0,1,1,0.0,0.8,ransom_5396
2,0.1111111111111111,0.0,1,3,0.0,0.8888888888888888,ransom_5397
0,0.125,0.0,1,2,-0.166666666666668,0.875,ransom_5398
0,0.1428571428571428,0.0,1,2,-0.250000000000001,0.8571428571428571,ransom_5400
2,0.0833333333333333,0.0,1,4,0.0,0.9166666666666666,ransom_5401
0,0.2,0.0,1,1,-1.0,0.8,ransom_5402
2,0.2,0.0,1,2,0.0,0.8,ransom_5403
0,0.25,0.0,1,1,0.0,0.75,ransom_5404
1,0.0909090909090909,0.0,1,3,-0.166666666666668,0.9090909090909092,ransom_5405
0,0.0909090909090909,0.0,1,4,0.0,0.9090909090909092,ransom_5407
0,0.1111111111111111,0.0,1,2,-0.6546536707079772,0.8888888888888888,ransom_5410
2,0.1666666666666666,0.0,1,2,0.0,0.8333333333333334,ransom_5411
10,0.125,0.0,1,2,0.0,0.875,ransom_5412
2,0.25,0.0,1,1,0.0,0.75,ransom_5413
0,0.0833333333333333,0.0,1,4,0.1268365723579602,0.9166666666666666,ransom_5415
0,0.1666666666666666,0.0,1,2,0.0,0.8333333333333334,ransom_5416
0,0.3333333333333333,0.0,1,1,0.0,0.6666666666666666,ransom_5417
0,0.2,0.0,1,1,0.0,0.8,ransom_5418
0,0.0666666666666666,0.0,1,4,-0.0404888165089451,0.9333333333333332,ransom_5419
1,0.25,0.0,1,1,0.0,0.75,ransom_5420
0,0.1,0.0,1,3,0.0,0.9,ransom_5422
0,0.25,0.0,1,1,0.0,0.75,ransom_5423
0,0.1666666666666666,0.0,1,2,0.0,0.8333333333333334,ransom_5425
0,0.25,0.0,1,1,0.0,0.75,ransom_5426
0,0.1428571428571428,0.0,1,2,-0.250000000000001,0.8571428571428571,ransom_5427
3,0.0833333333333333,0.0,1,4,0.0173762011714225,0.9166666666666666,ransom_5428
0,0.1666666666666666,0.0,1,1,-0.9999999999999992,0.8333333333333334,ransom_5430
0,0.3333333333333333,0.0,1,1,0.0,0.6666666666666666,ransom_5431
0,0.1428571428571428,0.0,1,2,0.0,0.8571428571428571,ransom_5432
0,0.25,0.0,1,1,0.0,0.75,ransom_5433
3,0.0666666666666666,0.0,1,5,0.0,0.9333333333333332,ransom_5435
0,0.1428571428571428,0.0,1,2,0.0,0.8571428571428571,ransom_5436
0,0.1428571428571428,0.0,1,2,0.0,0.8571428571428571,ransom_5437
2,0.1,0.0,1,3,0.0,0.9,ransom_5438
0,0.2,0.0,1,1,0.0,0.8,ransom_5440
1,0.1428571428571428,0.0,1,2,0.0,0.8571428571428571,ransom_5444
0,0.1428571428571428,0.0,1,2,-0.250000000000001,0.8571428571428571,ransom_5445
3,0.0666666666666666,0.0,1,5,0.0,0.9333333333333332,ransom_5446
0,0.2,0.0,1,2,0.0,0.8,ransom_5447
0,0.25,0.0,1,1,0.0,0.75,ransom_5448
1,0.25,0.0,1,1,0.0,0.75,ransom_5449
0,0.1111111111111111,0.0,1,2,-0.6546536707079772,0.8888888888888888,ransom_5450
2,0.125,0.0,1,2,0.0,0.875,ransom_5451
0,0.25,0.0,1,1,0.0,0.75,ransom_5452
0,0.1111111111111111,0.0,1,2,-0.6546536707079772,0.8888888888888888,ransom_5453
3,0.25,0.0,1,1,0.0,0.75,ransom_5454
1,0.25,0.0,1,1,0.0,0.75,ransom_5456
6,0.0833333333333333,0.0,1,4,0.1268365723579602,0.9166666666666666,ransom_5459
0,0.1111111111111111,0.0,1,2,-0.6546536707079772,0.8888888888888888,ransom_5460
0,0.0909090909090909,0.0,1,3,-0.2500000000000005,0.9090909090909092,ransom_5461
0,0.1666666666666666,0.0,1,2,0.0,0.8333333333333334,ransom_5462
0,0.2,0.0,1,1,-1.0,0.8,ransom_5463
0,0.3333333333333333,0.0,1,1,0.0,0.6666666666666666,ransom_5464
17,0.3333333333333333,0.0,1,1,0.0,0.6666666666666666,ransom_5465
0,0.25,0.0,1,1,0.0,0.75,ransom_5466
3,0.1428571428571428,0.0,1,2,0.0,0.8571428571428571,ransom_5467
2,0.2,0.0,1,2,0.0,0.8,ransom_5469
0,0.1111111111111111,0.0,1,2,-0.6546536707079772,0.8888888888888888,ransom_5470
0,0.25,0.0,1,1,0.0,0.75,ransom_5471
3,0.1428571428571428,0.0,1,2,0.0,0.8571428571428571,ransom_5474
1,0.1666666666666666,0.0,1,2,0.0,0.8333333333333334,ransom_5475
0,0.1428571428571428,0.0,1,2,0.0,0.8571428571428571,ransom_5476
4,0.3333333333333333,0.0,1,1,0.0,0.6666666666666666,ransom_5477
0,0.1,0.0,1,3,-0.0805822964025377,0.9,ransom_5478
0,0.0833333333333333,0.0,1,3,-0.3888888888888903,0.9166666666666666,ransom_5479
5,0.1428571428571428,0.0,1,2,0.0,0.8571428571428571,ransom_5480
0,0.1111111111111111,0.0,1,2,-0.6546536707079772,0.8888888888888888,ransom_5481
0,0.0588235294117647,0.0,1,6,0.0436435780471984,0.9411764705882352,ransom_5482
4,0.1428571428571428,0.0,1,2,0.0,0.8571428571428571,ransom_5483
1,0.0909090909090909,0.0,1,3,0.0,0.9090909090909092,ransom_5485
0,0.1,0.0,1,3,0.0,0.9,ransom_5487
0,0.25,0.0,1,1,0.0,0.75,ransom_5488
0,0.1111111111111111,0.0,1,3,0.0,0.8888888888888888,ransom_5489
5,0.1428571428571428,0.0,1,2,0.0,0.8571428571428571,ransom_5490
0,0.25,0.0,1,1,0.0,0.75,ransom_5492
0,0.1666666666666666,0.0,1,1,-0.9999999999999992,0.8333333333333334,ransom_5494
1,0.25,0.0,1,1,0.0,0.75,ransom_5496
0,0.125,0.0,1,2,0.0,0.875,ransom_5497
5,0.3333333333333333,0.0,1,1,0.0,0.6666666666666666,ransom_5498
0,0.0909090909090909,0.0,1,3,0.0,0.9090909090909092,ransom_5499
1,0.0769230769230769,0.0,1,4,-0.063245553203368,0.9230769230769232,ransom_5502
1,0.0625,0.0,1,5,4.216374612302231e-16,0.9375,ransom_5503
5,0.0909090909090909,0.0,1,3,-0.2500000000000005,0.9090909090909092,ransom_5504
0,0.25,0.0,1,1,0.0,0.75,ransom_5506
0,0.1,0.0,1,3,0.0,0.9,ransom_5507
0,0.25,0.0,1,1,0.0,0.75,ransom_5508
2,0.3333333333333333,0.0,1,1,0.0,0.6666666666666666,ransom_5509
0,0.2,0.0,1,1,-1.0,0.8,ransom_5510
0,0.2,0.0,1,1,0.0,0.8,ransom_5511
5,0.1111111111111111,0.0,1,3,0.0,0.8888888888888888,ransom_5512
0,0.1,0.0,1,3,0.0,0.9,ransom_5513
0,0.3333333333333333,0.0,1,1,0.0,0.6666666666666666,ransom_5514
0,0.0526315789473684,0.0,1,6,0.0298807152333592,0.9473684210526316,ransom_5515
2,0.0769230769230769,0.0,1,4,0.0,0.9230769230769232,ransom_5516
0,0.125,0.0,1,2,0.0,0.875,ransom_5518
1,0.1111111111111111,0.0,1,3,0.0,0.8888888888888888,ransom_5520
0,0.25,0.0,1,1,0.0,0.75,ransom_5521
0,0.25,0.0,1,1,0.0,0.75,ransom_5522
0,0.1111111111111111,0.0,1,3,0.0,0.8888888888888888,ransom_5524
0,0.2,0.0,1,2,0.0,0.8,ransom_5525
0,0.3333333333333333,0.0,1,1,0.0,0.6666666666666666,ransom_5526
0,0.1666666666666666,0.0,1,2,0.0,0.8333333333333334,ransom_5527
1,0.125,0.0,1,2,0.0,0.875,ransom_5528
0,0.05,0.0,1,6,0.1020620726159657,0.95,ransom_5529
0,0.25,0.0,1,1,0.0,0.75,ransom_5530
2,0.1,0.0,1,3,0.0,0.9,ransom_5533
0,0.3333333333333333,0.0,1,1,0.0,0.6666666666666666,ransom_5534
0,0.2,0.0,1,1,-1.0,0.8,ransom_5535
0,0.1666666666666666,0.0,1,1,-0.9999999999999992,0.8333333333333334,ransom_5536
3,0.125,0.0,1,3,0.0,0.875,ransom_5537
0,0.1111111111111111,0.0,1,3,0.0,0.8888888888888888,ransom_5539
0,0.125,0.0,1,2,-0.4880935300919782,0.875,ransom_5540
1,0.1428571428571428,0.0,1,2,-0.250000000000001,0.8571428571428571,ransom_5542
0,0.25,0.0,1,1,0.0,0.75,ransom_5543
0,0.25,0.0,1,1,0.0,0.75,ransom_5544
0,0.2,0.0,1,2,0.0,0.8,ransom_5545
0,0.3333333333333333,0.0,1,1,0.0,0.6666666666666666,ransom_5546
2,0.0714285714285714,0.0,1,4,-0.0769321818620843,0.9285714285714286,ransom_5547
0,0.3333333333333333,0.0,1,1,0.0,0.6666666666666666,ransom_5548
0,0.0769230769230769,0.0,1,4,0.0,0.9230769230769232,ransom_5549
0,0.0833333333333333,0.0,1,4,0.0,0.9166666666666666,ransom_5550
11,0.1111111111111111,0.0,1,3,0.0,0.8888888888888888,ransom_5551
0,0.0666666666666666,0.0,1,4,-0.1473139127471972,0.9333333333333332,ransom_5552
0,0.0588235294117647,0.0,1,5,0.0,0.9411764705882352,ransom_5553
1,0.125,0.0,1,2,-0.4880935300919782,0.875,ransom_5554
0,0.2,0.0,1,2,0.0,0.8,ransom_5556
1,0.1428571428571428,0.0,1,2,0.0,0.8571428571428571,ransom_5557
0,0.1428571428571428,0.0,1,2,0.0,0.8571428571428571,ransom_5559
0,0.2,0.0,1,1,-1.0,0.8,ransom_5560
0,0.0833333333333333,0.0,1,3,0.0,0.9166666666666666,ransom_5561
1,0.0769230769230769,0.0,1,4,0.0,0.9230769230769232,ransom_5563
0,0.2,0.0,1,1,0.0,0.8,ransom_5564
9,0.1428571428571428,0.0,1,2,-0.250000000000001,0.8571428571428571,ransom_5565
2,0.1,0.0,1,3,0.0,0.9,ransom_5566
0,0.125,0.0,1,2,0.0,0.875,ransom_5567
0,0.125,0.0,1,3,0.0,0.875,ransom_5568
0,0.1111111111111111,0.0,1,2,0.0,0.8888888888888888,ransom_5570
0,0.25,0.0,1,1,0.0,0.75,ransom_5571
0,0.25,0.0,1,1,0.0,0.75,ransom_5572
0,0.1666666666666666,0.0,1,1,-0.9999999999999992,0.8333333333333334,ransom_5574
0,0.1666666666666666,0.0,1,2,0.0,0.8333333333333334,ransom_5575
1,0.0833333333333333,0.0,1,4,0.0,0.9166666666666666,ransom_5577
0,0.2,0.0,1,1,0.0,0.8,ransom_5579
0,0.25,0.0,1,1,0.0,0.75,ransom_5580
0,0.1428571428571428,0.0,1,2,0.0,0.8571428571428571,ransom_5583
0,0.2,0.0,1,1,0.0,0.8,ransom_5584
0,0.0833333333333333,0.0,1,3,0.0,0.9166666666666666,ransom_5585
0,0.1666666666666666,0.0,1,2,0.0,0.8333333333333334,ransom_5586
2,0.1666666666666666,0.0,1,1,-0.9999999999999992,0.8333333333333334,ransom_5587
0,0.25,0.0,1,1,0.0,0.75,ransom_5588
0,0.1666666666666666,0.0,1,1,-0.9999999999999992,0.8333333333333334,ransom_5589
0,0.1428571428571428,0.0,1,2,0.0,0.8571428571428571,ransom_5590
0,0.1666666666666666,0.0,1,2,0.0,0.8333333333333334,ransom_5591
0,0.3333333333333333,0.0,1,1,0.0,0.6666666666666666,ransom_5592
0,0.2,0.0,1,1,0.0,0.8,ransom_5594
2,0.125,0.0,1,2,0.0,0.875,ransom_5595
0,0.0833333333333333,0.0,1,3,-0.1028688999747275,0.9166666666666666,ransom_5597
0,0.2,0.0,1,1,-1.0,0.8,ransom_5598
2,0.1111111111111111,0.0,1,3,0.0,0.8888888888888888,ransom_5599
0,0.1,0.0,1,3,0.0,0.9,ransom_5601
0,0.1428571428571428,0.0,1,2,0.0,0.8571428571428571,ransom_5602
0,0.1428571428571428,0.0,1,2,0.0,0.8571428571428571,ransom_5603
3,0.1666666666666666,0.0,1,2,0.0,0.8333333333333334,ransom_5604
1,0.1428571428571428,0.0,1,3,0.0,0.8571428571428571,ransom_5605
0,0.1,0.0,1,3,-0.0805822964025377,0.9,ransom_5606
0,0.1666666666666666,0.0,1,2,0.0,0.8333333333333334,ransom_5607
0,0.1428571428571428,0.0,1,2,0.0,0.8571428571428571,ransom_5608
0,0.1666666666666666,0.0,1,1,-0.9999999999999992,0.8333333333333334,ransom_5609
2,0.1428571428571428,0.0,1,2,0.0,0.8571428571428571,ransom_5610
1,0.1666666666666666,0.0,1,2,0.0,0.8333333333333334,ransom_5611
0,0.1428571428571428,0.0,1,2,-0.250000000000001,0.8571428571428571,ransom_5612
1,0.0833333333333333,0.0,1,4,0.0,0.9166666666666666,ransom_5613
0,0.1428571428571428,0.0,1,2,0.0,0.8571428571428571,ransom_5614
0,0.25,0.0,1,1,0.0,0.75,ransom_5615
3,0.1428571428571428,0.0,1,2,0.0,0.8571428571428571,ransom_5618
1,0.1111111111111111,0.0,1,3,0.0,0.8888888888888888,ransom_5619
0,0.0666666666666666,0.0,1,5,-7.70308793303857e-16,0.9333333333333332,ransom_5620
0,0.25,0.0,1,1,0.0,0.75,ransom_5621
3,0.0909090909090909,0.0,1,3,-0.2500000000000005,0.9090909090909092,ransom_5622
0,0.25,0.0,1,1,0.0,0.75,ransom_5624
0,0.1666666666666666,0.0,1,1,-0.9999999999999992,0.8333333333333334,ransom_5625
0,0.125,0.0,1,2,0.0,0.875,ransom_5626
0,0.3333333333333333,0.0,1,1,0.0,0.6666666666666666,ransom_5628
0,0.25,0.0,1,1,0.0,0.75,ransom_5630
0,0.25,0.0,1,1,0.0,0.75,ransom_5631
0,0.1,0.0,1,3,0.1135923668494129,0.9,ransom_5634
0,0.25,0.0,1,1,0.0,0.75,ransom_5637
1,0.1111111111111111,0.0,1,3,0.0,0.8888888888888888,ransom_5639
0,0.1666666666666666,0.0,1,2,0.0,0.8333333333333334,ransom_5640
0,0.25,0.0,1,1,0.0,0.75,ransom_5641
0,0.1666666666666666,0.0,1,2,0.0,0.8333333333333334,ransom_5642
1,0.125,0.0,1,2,0.0,0.875,ransom_5643
0,0.3333333333333333,0.0,1,1,0.0,0.6666666666666666,ransom_5644
1,0.0588235294117647,0.0,1,5,0.0,0.9411764705882352,ransom_5647
0,0.1111111111111111,0.0,1,3,0.0,0.8888888888888888,ransom_5648
0,0.25,0.0,1,1,0.0,0.75,ransom_5649
0,0.1428571428571428,0.0,1,2,-0.250000000000001,0.8571428571428571,ransom_5650
0,0.2,0.0,1,1,0.0,0.8,ransom_5651
0,0.25,0.0,1,1,0.0,0.75,ransom_5652
0,0.1111111111111111,0.0,1,3,0.0,0.8888888888888888,ransom_5653
1,0.0303030303030303,0.0,1,9,0.0597041855951605,0.9696969696969696,ransom_5654
0,0.25,0.0,1,1,0.0,0.75,ransom_5656
0,0.125,0.0,1,2,-0.6454972243679025,0.875,ransom_5657
1,0.1111111111111111,0.0,1,3,0.0,0.8888888888888888,ransom_5659
0,0.1428571428571428,0.0,1,2,0.0,0.8571428571428571,ransom_5660
0,0.2,0.0,1,2,0.0,0.8,ransom_5661
0,0.125,0.0,1,2,-0.6454972243679025,0.875,ransom_5662
0,0.1111111111111111,0.0,1,3,0.0,0.8888888888888888,ransom_5663
0,0.2,0.0,1,2,0.0,0.8,ransom_5664
1,0.1666666666666666,0.0,1,2,0.0,0.8333333333333334,ransom_5667
0,0.2,0.0,1,1,0.0,0.8,ransom_5668
1,0.1428571428571428,0.0,1,2,0.0,0.8571428571428571,ransom_5669
6,0.1428571428571428,0.0,1,2,0.0,0.8571428571428571,ransom_5670
0,0.1,0.0,1,3,0.0,0.9,ransom_5671
0,0.2,0.0,1,1,0.0,0.8,ransom_5675
0,0.0714285714285714,0.0,1,4,0.0,0.9285714285714286,ransom_5677
0,0.3333333333333333,0.0,1,1,0.0,0.6666666666666666,ransom_5678
0,0.2,0.0,1,1,0.0,0.8,ransom_5680
0,0.1428571428571428,0.0,1,2,0.0,0.8571428571428571,ransom_5681
13,0.3333333333333333,0.0,1,1,0.0,0.6666666666666666,ransom_5682
1,0.2,0.0,1,1,0.0,0.8,ransom_5684
0,0.1666666666666666,0.0,1,2,0.0,0.8333333333333334,ransom_5685
2,0.1666666666666666,0.0,1,2,0.0,0.8333333333333334,ransom_5686
0,0.25,0.0,1,1,0.0,0.75,ransom_5687
0,0.125,0.0,1,2,-0.6454972243679025,0.875,ransom_5690
0,0.25,0.0,1,1,0.0,0.75,ransom_5691
0,0.1428571428571428,0.0,1,2,0.0,0.8571428571428571,ransom_5692
0,0.3333333333333333,0.0,1,1,0.0,0.6666666666666666,ransom_5694
1,0.1428571428571428,0.0,1,2,0.0,0.8571428571428571,ransom_5695
1,0.1,0.0,1,3,0.0,0.9,ransom_5696
0,0.1,0.0,1,3,0.0,0.9,ransom_5697
0,0.0625,0.0,1,4,-0.1626109088969974,0.9375,ransom_5698
0,0.25,0.0,1,1,0.0,0.75,ransom_5699
0,0.1666666666666666,0.0,1,2,0.0,0.8333333333333334,ransom_5700
3,0.1,0.0,1,3,0.0,0.9,ransom_5701
0,0.125,0.0,1,2,-0.166666666666668,0.875,ransom_5703
0,0.25,0.0,1,1,0.0,0.75,ransom_5706
0,0.125,0.0,1,2,0.0,0.875,ransom_5707
0,0.1111111111111111,0.0,1,2,-0.6546536707079772,0.8888888888888888,ransom_5708
2,0.2,0.0,1,1,-1.0,0.8,ransom_5709
0,0.2,0.0,1,2,0.0,0.8,ransom_5710
1,0.0666666666666666,0.0,1,4,-0.1473139127471972,0.9333333333333332,ransom_5711
1,0.1111111111111111,0.0,1,3,0.0,0.8888888888888888,ransom_5713
1,0.1111111111111111,0.0,1,3,0.0,0.8888888888888888,ransom_5716
0,0.0625,0.0,1,5,4.216374612302231e-16,0.9375,ransom_5717
0,0.1111111111111111,0.0,1,3,0.0,0.8888888888888888,ransom_5718
0,0.3333333333333333,0.0,1,1,0.0,0.6666666666666666,ransom_5719
0,0.1,0.0,1,3,0.0,0.9,ransom_5721
0,0.25,0.0,1,1,0.0,0.75,ransom_5723
0,0.2,0.0,1,1,-1.0,0.8,ransom_5724
1,0.25,0.0,1,1,0.0,0.75,ransom_5725
0,0.1666666666666666,0.0,1,2,0.0,0.8333333333333334,ransom_5726
0,0.1,0.0,1,3,0.0,0.9,ransom_5728
0,0.1111111111111111,0.0,1,3,0.0,0.8888888888888888,ransom_5730
0,0.0909090909090909,0.0,1,4,0.0,0.9090909090909092,ransom_5731
0,0.125,0.0,1,3,0.0,0.875,ransom_5732
0,0.0909090909090909,0.0,1,3,0.0,0.9090909090909092,ransom_5733
0,0.1428571428571428,0.0,1,2,0.0,0.8571428571428571,ransom_5734
0,0.25,0.0,1,1,0.0,0.75,ransom_5735
0,0.1428571428571428,0.0,1,2,0.0,0.8571428571428571,ransom_5736
1,0.0833333333333333,0.0,1,4,0.0,0.9166666666666666,ransom_5737
0,0.1428571428571428,0.0,1,2,0.0,0.8571428571428571,ransom_5738
1,0.1,0.0,1,3,-0.1889822365046146,0.9,ransom_5740
1,0.25,0.0,1,1,0.0,0.75,ransom_5742
1,0.3333333333333333,0.0,1,1,0.0,0.6666666666666666,ransom_5744
2,0.0833333333333333,0.0,1,3,-0.3268602252303066,0.9166666666666666,ransom_5746
0,0.0909090909090909,0.0,1,3,-0.2500000000000005,0.9090909090909092,ransom_5747
3,0.0714285714285714,0.0,1,4,0.0,0.9285714285714286,ransom_5750
2,0.0714285714285714,0.0,1,4,-0.1343433226559708,0.9285714285714286,ransom_5752
1,0.1,0.0,1,3,0.0,0.9,ransom_5753
0,0.125,0.0,1,3,0.0,0.875,ransom_5754
1,0.0666666666666666,0.0,1,4,-0.0404888165089451,0.9333333333333332,ransom_5755
2,0.1,0.0,1,3,0.0,0.9,ransom_5756
3,0.125,0.0,1,2,0.0,0.875,ransom_5757
0,0.1,0.0,1,3,-0.0805822964025377,0.9,ransom_5758
0,0.1666666666666666,0.0,1,1,-0.9999999999999992,0.8333333333333334,ransom_5759
0,0.25,0.0,1,1,0.0,0.75,ransom_5760
0,0.1428571428571428,0.0,1,2,-0.250000000000001,0.8571428571428571,ransom_5762
8,0.0769230769230769,0.0,1,4,0.0,0.9230769230769232,ransom_5763
0,0.2,0.0,1,1,0.0,0.8,ransom_5765
0,0.1428571428571428,0.0,1,2,0.0,0.8571428571428571,ransom_5768
0,0.3333333333333333,0.0,1,1,0.0,0.6666666666666666,ransom_5769
1,0.2,0.0,1,2,0.0,0.8,ransom_5771
0,0.25,0.0,1,1,0.0,0.75,ransom_5773
2,0.125,0.0,1,3,0.0,0.875,ransom_5774
0,0.1,0.0,1,4,0.0,0.9,ransom_5776
0,0.1111111111111111,0.0,1,3,0.0,0.8888888888888888,ransom_5777
0,0.1666666666666666,0.0,1,2,0.0,0.8333333333333334,ransom_5778
0,0.0909090909090909,0.0,1,3,-0.2500000000000005,0.9090909090909092,ransom_5779
0,0.125,0.0,1,2,0.0,0.875,ransom_5780
0,0.1428571428571428,0.0,1,2,0.0,0.8571428571428571,ransom_5781
3,0.0588235294117647,0.0,1,5,0.0,0.9411764705882352,ransom_5782
10,0.25,0.0,1,1,0.0,0.75,ransom_5783
1,0.1428571428571428,0.0,1,2,0.0,0.8571428571428571,ransom_5784
3,0.0909090909090909,0.0,1,3,-0.166666666666668,0.9090909090909092,ransom_5785
0,0.1,0.0,1,3,-0.0805822964025377,0.9,ransom_5787
0,0.0714285714285714,0.0,1,4,0.0,0.9285714285714286,ransom_5788
0,0.3333333333333333,0.0,1,1,0.0,0.6666666666666666,ransom_5790
2,0.3333333333333333,0.0,1,1,0.0,0.6666666666666666,ransom_5791
0,0.2,0.0,1,1,0.0,0.8,ransom_5792
0,0.1428571428571428,0.0,1,2,0.0,0.8571428571428571,ransom_5793
0,0.1666666666666666,0.0,1,2,0.0,0.8333333333333334,ransom_5795
0,0.0909090909090909,0.0,1,3,-0.166666666666668,0.9090909090909092,ransom_5797
1,0.0833333333333333,0.0,1,3,0.0,0.9166666666666666,ransom_5798
2,0.1111111111111111,0.0,1,3,0.0,0.8888888888888888,ransom_5800
0,0.1428571428571428,0.0,1,2,-0.250000000000001,0.8571428571428571,ransom_5801
9,0.1428571428571428,0.0,1,2,0.0,0.8571428571428571,ransom_5803
1,0.25,0.0,1,1,0.0,0.75,ransom_5804
0,0.0769230769230769,0.0,1,4,-0.063245553203368,0.9230769230769232,ransom_5806
0,0.1111111111111111,0.0,1,2,-0.5773502691896258,0.8888888888888888,ransom_5808
1,0.3333333333333333,0.0,1,1,0.0,0.6666666666666666,ransom_5809
0,0.1428571428571428,0.0,1,2,0.0,0.8571428571428571,ransom_5810
0,0.25,0.0,1,1,0.0,0.75,ransom_5811
0,0.1666666666666666,0.0,1,2,0.0,0.8333333333333334,ransom_5812
0,0.1428571428571428,0.0,1,3,0.0,0.8571428571428571,ransom_5813
1,0.125,0.0,1,2,0.0,0.875,ransom_5814
0,0.2,0.0,1,1,0.0,0.8,ransom_5815
0,0.2,0.0,1,1,-1.0,0.8,ransom_5816
0,0.2,0.0,1,2,0.0,0.8,ransom_5818
1,0.0769230769230769,0.0,1,4,0.0,0.9230769230769232,ransom_5819
2,0.0625,0.0,1,4,0.0,0.9375,ransom_5820
0,0.2,0.0,1,1,0.0,0.8,ransom_5821
0,0.25,0.0,1,1,0.0,0.75,ransom_5823
0,0.2,0.0,1,1,0.0,0.8,ransom_5824
0,0.0909090909090909,0.0,1,3,0.0,0.9090909090909092,ransom_5825
3,0.1428571428571428,0.0,1,2,-0.250000000000001,0.8571428571428571,ransom_5827
0,0.1666666666666666,0.0,1,1,-0.9999999999999992,0.8333333333333334,ransom_5830
0,0.25,0.0,1,1,0.0,0.75,ransom_5831
0,0.1428571428571428,0.0,1,2,0.0,0.8571428571428571,ransom_5832
0,0.1428571428571428,0.0,1,2,0.0,0.8571428571428571,ransom_5833
0,0.25,0.0,1,1,0.0,0.75,ransom_5835
0,0.2,0.0,1,1,0.0,0.8,ransom_5836
0,0.1666666666666666,0.0,1,2,0.0,0.8333333333333334,ransom_5837
0,0.1111111111111111,0.0,1,3,0.0,0.8888888888888888,ransom_5838
0,0.1111111111111111,0.0,1,3,0.0,0.8888888888888888,ransom_5839
0,0.1428571428571428,0.0,1,3,0.0,0.8571428571428571,ransom_5840
2,0.1666666666666666,0.0,1,2,0.0,0.8333333333333334,ransom_5841
2,0.1666666666666666,0.0,1,2,0.0,0.8333333333333334,ransom_5842
1,0.1428571428571428,0.0,1,2,0.0,0.8571428571428571,ransom_5843
1,0.125,0.0,1,3,0.0,0.875,ransom_5844
0,0.25,0.0,1,1,0.0,0.75,ransom_5845
1,0.1,0.0,1,3,0.0,0.9,ransom_5846
1,0.1111111111111111,0.0,1,3,0.0,0.8888888888888888,ransom_5847
1,0.1428571428571428,0.0,1,2,0.0,0.8571428571428571,ransom_5849
0,0.125,0.0,1,2,-0.4880935300919782,0.875,ransom_5850
0,0.1111111111111111,0.0,1,3,0.0,0.8888888888888888,ransom_5851
1,0.3333333333333333,0.0,1,1,0.0,0.6666666666666666,ransom_5852
0,0.3333333333333333,0.0,1,1,0.0,0.6666666666666666,ransom_5853
6,0.125,0.0,1,3,0.0,0.875,ransom_5854
0,0.2,0.0,1,1,0.0,0.8,ransom_5855
0,0.25,0.0,1,1,0.0,0.75,ransom_5856
1,0.1,0.0,1,3,-0.0805822964025377,0.9,ransom_5857
1,0.125,0.0,1,3,0.0,0.875,ransom_5858
5,0.25,0.0,1,1,0.0,0.75,ransom_5860
0,0.1666666666666666,0.0,1,2,0.0,0.8333333333333334,ransom_5861
1,0.1,0.0,1,3,-0.0805822964025377,0.9,ransom_5862
0,0.1666666666666666,0.0,1,2,0.0,0.8333333333333334,ransom_5864
0,0.1,0.0,1,3,-0.0805822964025377,0.9,ransom_5865
1,0.1428571428571428,0.0,1,2,0.0,0.8571428571428571,ransom_5866
0,0.125,0.0,1,2,0.0,0.875,ransom_5868
0,0.1428571428571428,0.0,1,2,-0.250000000000001,0.8571428571428571,ransom_5869
0,0.0909090909090909,0.0,1,4,0.0368604890387233,0.9090909090909092,ransom_5871
0,0.1111111111111111,0.0,1,3,0.0,0.8888888888888888,ransom_5872
0,0.2,0.0,1,1,-1.0,0.8,ransom_5873
0,0.25,0.0,1,1,0.0,0.75,ransom_5875
5,0.3333333333333333,0.0,1,1,0.0,0.6666666666666666,ransom_5876
1,0.0555555555555555,0.0,1,5,-0.0314269680527354,0.9444444444444444,ransom_5877
0,0.25,0.0,1,1,0.0,0.75,ransom_5880
0,0.3333333333333333,0.0,1,1,0.0,0.6666666666666666,ransom_5882
0,0.1428571428571428,0.0,1,2,0.0,0.8571428571428571,ransom_5883
0,0.2,0.0,1,1,0.0,0.8,ransom_5884
1,0.0666666666666666,0.0,1,5,0.0355334527259353,0.9333333333333332,ransom_5885
2,0.0769230769230769,0.0,1,4,0.0,0.9230769230769232,ransom_5886
0,0.2,0.0,1,1,-1.0,0.8,ransom_5887
0,0.125,0.0,1,2,-0.4880935300919782,0.875,ransom_5888
1,0.25,0.0,1,1,0.0,0.75,ransom_5889
0,0.1111111111111111,0.0,1,2,0.0,0.8888888888888888,ransom_5890
0,0.25,0.0,1,1,0.0,0.75,ransom_5891
0,0.1428571428571428,0.0,1,2,0.0,0.8571428571428571,ransom_5894
0,0.25,0.0,1,1,0.0,0.75,ransom_5895
12,0.0909090909090909,0.0,1,4,0.0,0.9090909090909092,ransom_5896
0,0.1111111111111111,0.0,1,3,0.0,0.8888888888888888,ransom_5897
0,0.3333333333333333,0.0,1,1,0.0,0.6666666666666666,ransom_5900
0,0.3333333333333333,0.0,1,1,0.0,0.6666666666666666,ransom_5901
0,0.25,0.0,1,1,0.0,0.75,ransom_5902
1,0.0833333333333333,0.0,1,3,-0.2390457218668779,0.9166666666666666,ransom_5903
3,0.1,0.0,1,3,-0.0805822964025377,0.9,ransom_5904
0,0.1111111111111111,0.0,1,3,0.0,0.8888888888888888,ransom_5906
1,0.3333333333333333,0.0,1,1,0.0,0.6666666666666666,ransom_5907
0,0.25,0.0,1,1,0.0,0.75,ransom_5908
1,0.1,0.0,1,3,0.0,0.9,ransom_5909
0,0.125,0.0,1,2,-0.6454972243679025,0.875,ransom_5910
0,0.1111111111111111,0.0,1,2,-0.5773502691896258,0.8888888888888888,ransom_5911
0,0.0769230769230769,0.0,1,3,-0.4780914437337626,0.9230769230769232,ransom_5912
1,0.1,0.0,1,3,-0.0805822964025377,0.9,ransom_5913
0,0.0666666666666666,0.0,1,3,-0.6454972243679018,0.9333333333333332,ransom_5914
3,0.25,0.0,1,1,0.0,0.75,ransom_5915
0,0.1666666666666666,0.0,1,2,0.0,0.8333333333333334,ransom_5916
0,0.1666666666666666,0.0,1,2,0.0,0.8333333333333334,ransom_5917
0,0.1428571428571428,0.0,1,2,0.0,0.8571428571428571,ransom_5919
1,0.25,0.0,1,1,0.0,0.75,ransom_5920
0,0.25,0.0,1,1,0.0,0.75,ransom_5922
0,0.1111111111111111,0.0,1,2,-0.6546536707079772,0.8888888888888888,ransom_5923
2,0.0714285714285714,0.0,1,4,0.0,0.9285714285714286,ransom_5925
0,0.1111111111111111,0.0,1,2,0.0,0.8888888888888888,ransom_5926
0,0.1,0.0,1,3,0.0,0.9,ransom_5927
2,0.0833333333333333,0.0,1,4,0.0,0.9166666666666666,ransom_5929
0,0.1666666666666666,0.0,1,2,0.0,0.8333333333333334,ransom_5931
0,0.2,0.0,1,1,-1.0,0.8,ransom_5932
1,0.3333333333333333,0.0,1,1,0.0,0.6666666666666666,ransom_5933
0,0.125,0.0,1,2,0.0,0.875,ransom_5934
0,0.0769230769230769,0.0,1,3,-0.3162277660168375,0.9230769230769232,ransom_5936
0,0.2,0.0,1,1,0.0,0.8,ransom_5937
3,0.1428571428571428,0.0,1,2,0.0,0.8571428571428571,ransom_5939
0,0.0909090909090909,0.0,1,4,0.0,0.9090909090909092,ransom_5940
9,0.2,0.0,1,1,-1.0,0.8,ransom_5942
2,0.25,0.0,1,1,0.0,0.75,ransom_5944
0,0.3333333333333333,0.0,1,1,0.0,0.6666666666666666,ransom_5945
1,0.1428571428571428,0.0,1,2,-0.250000000000001,0.8571428571428571,ransom_5946
0,0.2,0.0,1,1,0.0,0.8,ransom_5947
0,0.2,0.0,1,1,0.0,0.8,ransom_5949
0,0.1666666666666666,0.0,1,2,0.1666666666666655,0.8333333333333334,ransom_5950
0,0.1,0.0,1,3,0.0,0.9,ransom_5951
1,0.1111111111111111,0.0,1,3,0.0,0.8888888888888888,ransom_5952
0,0.0769230769230769,0.0,1,4,0.0,0.9230769230769232,ransom_5954
0,0.2,0.0,1,1,0.0,0.8,ransom_5955
0,0.1111111111111111,0.0,1,3,0.0,0.8888888888888888,ransom_5956
1,0.125,0.0,1,3,0.0912870929175268,0.875,ransom_5957
2,0.0769230769230769,0.0,1,4,0.0,0.9230769230769232,ransom_5959
0,0.25,0.0,1,1,0.0,0.75,ransom_5960
0,0.1111111111111111,0.0,1,3,0.0,0.8888888888888888,ransom_5961
0,0.1666666666666666,0.0,1,2,0.0,0.8333333333333334,ransom_5962
0,0.0833333333333333,0.0,1,4,0.0173762011714225,0.9166666666666666,ransom_5963
0,0.1428571428571428,0.0,1,2,0.0,0.8571428571428571,ransom_5964
0,0.1111111111111111,0.0,1,2,-0.6546536707079772,0.8888888888888888,ransom_5968
0,0.25,0.0,1,1,0.0,0.75,ransom_5970
0,0.25,0.0,1,1,0.0,0.75,ransom_5971
0,0.1428571428571428,0.0,1,2,0.0,0.8571428571428571,ransom_5973
0,0.1666666666666666,0.0,1,1,-0.9999999999999992,0.8333333333333334,ransom_5975
0,0.25,0.0,1,1,0.0,0.75,ransom_5977
0,0.1428571428571428,0.0,1,2,-0.250000000000001,0.8571428571428571,ransom_5978
15,0.1666666666666666,0.0,1,2,0.0,0.8333333333333334,ransom_5979
0,0.1428571428571428,0.0,1,2,0.0,0.8571428571428571,ransom_5980
2,0.1,0.0,1,3,-0.0805822964025377,0.9,ransom_5981
0,0.1111111111111111,0.0,1,2,0.0,0.8888888888888888,ransom_5982
0,0.125,0.0,1,2,0.0,0.875,ransom_5983
0,0.1428571428571428,0.0,1,2,-0.250000000000001,0.8571428571428571,ransom_5984
0,0.1111111111111111,0.0,1,2,0.0,0.8888888888888888,ransom_5985
0,0.0833333333333333,0.0,1,3,0.0,0.9166666666666666,ransom_5986
0,0.1,0.0,1,3,0.0,0.9,ransom_5988
0,0.1111111111111111,0.0,1,2,-0.6546536707079772,0.8888888888888888,ransom_5990
3,0.1666666666666666,0.0,1,2,0.0,0.8333333333333334,ransom_5991
0,0.125,0.0,1,2,-0.4880935300919782,0.875,ransom_5992
0,0.2,0.0,1,1,0.0,0.8,ransom_5994
1,0.0833333333333333,0.0,1,4,0.0,0.9166666666666666,ransom_5995
0,0.25,0.0,1,1,0.0,0.75,ransom_5996
0,0.3333333333333333,0.0,1,1,0.0,0.6666666666666666,ransom_5997
0,0.25,0.0,1,1,0.0,0.75,ransom_5999
4,0.125,0.0,1,2,0.0,0.875,ransom_6000
0,0.3333333333333333,0.0,1,1,0.0,0.6666666666666666,ransom_6001
0,0.25,0.0,1,1,0.0,0.75,ransom_6002
1,0.1428571428571428,0.0,1,2,0.0,0.8571428571428571,ransom_6003
0,0.1111111111111111,0.0,1,3,0.0,0.8888888888888888,ransom_6004
2,0.125,0.0,1,2,0.0,0.875,ransom_6005
0,0.0625,0.0,1,4,-0.1324295304292306,0.9375,ransom_6006
0,0.125,0.0,1,2,0.0,0.875,ransom_6007
5,0.1111111111111111,0.0,1,3,0.0,0.8888888888888888,ransom_6009
0,0.1666666666666666,0.0,1,2,0.0,0.8333333333333334,ransom_6011
0,0.125,0.0,1,2,0.0,0.875,ransom_6012
0,0.2,0.0,1,1,0.0,0.8,ransom_6014
1,0.0714285714285714,0.0,1,5,0.0375425527889134,0.9285714285714286,ransom_6015
0,0.1111111111111111,0.0,1,2,-0.6546536707079772,0.8888888888888888,ransom_6016
0,0.1428571428571428,0.0,1,2,0.0,0.8571428571428571,ransom_6017
0,0.2,0.0,1,1,0.0,0.8,ransom_6018
1,0.1666666666666666,0.0,1,1,-0.9999999999999992,0.8333333333333334,ransom_6019
0,0.0769230769230769,0.0,1,4,0.0,0.9230769230769232,ransom_6020
0,0.0625,0.0,1,5,0.0338837073785846,0.9375,ransom_6021
0,0.2,0.0,1,1,0.0,0.8,ransom_6025
0,0.2,0.0,1,1,-1.0,0.8,ransom_6026
0,0.125,0.0,1,2,0.0,0.875,ransom_6029
0,0.2,0.0,1,1,0.0,0.8,ransom_6030
0,0.1428571428571428,0.0,1,2,0.0,0.8571428571428571,ransom_6031
0,0.2,0.0,1,2,0.0,0.8,ransom_6032
0,0.1428571428571428,0.0,1,2,-0.250000000000001,0.8571428571428571,ransom_6034
0,0.0909090909090909,0.0,1,3,0.0,0.9090909090909092,ransom_6036
0,0.1666666666666666,0.0,1,2,0.0,0.8333333333333334,ransom_6037
0,0.25,0.0,1,1,0.0,0.75,ransom_6038
0,0.1666666666666666,0.0,1,2,0.0,0.8333333333333334,ransom_6039
2,0.0909090909090909,0.0,1,3,0.0,0.9090909090909092,ransom_6040
1,0.0833333333333333,0.0,1,4,0.0,0.9166666666666666,ransom_6041
16,0.0666666666666666,0.0,1,4,-0.0912870929175288,0.9333333333333332,ransom_6042
0,0.0909090909090909,0.0,1,3,-0.2500000000000005,0.9090909090909092,ransom_6043
0,0.3333333333333333,0.0,1,1,0.0,0.6666666666666666,ransom_6044
0,0.0769230769230769,0.0,1,4,0.0,0.9230769230769232,ransom_6047
0,0.25,0.0,1,1,0.0,0.75,ransom_6048
0,0.25,0.0,1,1,0.0,0.75,ransom_6049
5,0.0909090909090909,0.0,1,3,0.0,0.9090909090909092,ransom_6050
0,0.25,0.0,1,1,0.0,0.75,ransom_6051
0,0.1111111111111111,0.0,1,3,0.0,0.8888888888888888,ransom_6052
0,0.125,0.0,1,2,0.0,0.875,ransom_6053
8,0.1111111111111111,0.0,1,3,0.0,0.8888888888888888,ransom_6054
0,0.1428571428571428,0.0,1,2,-0.250000000000001,0.8571428571428571,ransom_6055
0,0.1,0.0,1,3,0.0,0.9,ransom_6057
0,0.3333333333333333,0.0,1,1,0.0,0.6666666666666666,ransom_6059
0,0.125,0.0,1,2,0.0,0.875,ransom_6060
0,0.0833333333333333,0.0,1,3,0.0,0.9166666666666666,ransom_6061
2,0.1111111111111111,0.0,1,2,-0.5773502691896258,0.8888888888888888,ransom_6062
0,0.25,0.0,1,1,0.0,0.75,ransom_6063
0,0.3333333333333333,0.0,1,1,0.0,0.6666666666666666,ransom_6064
3,0.125,0.0,1,3,0.0,0.875,ransom_6065
0,0.2,0.0,1,1,0.0,0.8,ransom_6067
1,0.1111111111111111,0.0,1,3,0.0,0.8888888888888888,ransom_6068
1,0.0714285714285714,0.0,1,4,-0.0769321818620843,0.9285714285714286,ransom_6070
0,0.3333333333333333,0.0,1,1,0.0,0.6666666666666666,ransom_6071
0,0.2,0.0,1,2,0.0,0.8,ransom_6072
0,0.25,0.0,1,1,0.0,0.75,ransom_6073
0,0.1428571428571428,0.0,1,2,-0.250000000000001,0.8571428571428571,ransom_6074
1,0.125,0.0,1,2,0.0,0.875,ransom_6077
1,0.1428571428571428,0.0,1,2,-0.250000000000001,0.8571428571428571,ransom_6080
0,0.1666666666666666,0.0,1,2,0.0,0.8333333333333334,ransom_6081
0,0.1,0.0,1,2,-0.7416198487095668,0.9,ransom_6082
0,0.125,0.0,1,2,-0.4880935300919782,0.875,ransom_6083
0,0.25,0.0,1,1,0.0,0.75,ransom_6084
0,0.1428571428571428,0.0,1,2,0.0,0.8571428571428571,ransom_6085
0,0.2,0.0,1,2,0.0,0.8,ransom_6087
13,0.2,0.0,1,2,0.0,0.8,ransom_6088
0,0.1,0.0,1,3,0.0,0.9,ransom_6089
8,0.1428571428571428,0.0,1,2,0.0,0.8571428571428571,ransom_6090
0,0.25,0.0,1,1,0.0,0.75,ransom_6091
61,0.0909090909090909,0.0,1,3,0.0,0.9090909090909092,ransom_6092
0,0.2,0.0,1,1,0.0,0.8,ransom_6094
0,0.1428571428571428,0.0,1,2,0.0,0.8571428571428571,ransom_6095
0,0.3333333333333333,0.0,1,1,0.0,0.6666666666666666,ransom_6097
2,0.0666666666666666,0.0,1,5,0.0355334527259353,0.9333333333333332,ransom_6098
3,0.3333333333333333,0.0,1,1,0.0,0.6666666666666666,ransom_6099
2,0.1111111111111111,0.0,1,3,0.0,0.8888888888888888,ransom_6100
0,0.25,0.0,1,1,0.0,0.75,ransom_6101
0,0.1666666666666666,0.0,1,1,-0.9999999999999992,0.8333333333333334,ransom_6102
0,0.1111111111111111,0.0,1,2,-0.6546536707079772,0.8888888888888888,ransom_6103
0,0.125,0.0,1,2,-0.6454972243679025,0.875,ransom_6104
3,0.0833333333333333,0.0,1,4,0.0,0.9166666666666666,ransom_6105
1,0.0909090909090909,0.0,1,3,-0.166666666666668,0.9090909090909092,ransom_6106
0,0.1,0.0,1,3,0.0,0.9,ransom_6107
1,0.0833333333333333,0.0,1,3,0.0,0.9166666666666666,ransom_6108
0,0.3333333333333333,0.0,1,1,0.0,0.6666666666666666,ransom_6109
0,0.3333333333333333,0.0,1,1,0.0,0.6666666666666666,ransom_6111
0,0.125,0.0,1,2,0.0,0.875,ransom_6112
0,0.0666666666666666,0.0,1,5,0.0,0.9333333333333332,ransom_6113
0,0.1428571428571428,0.0,1,2,0.0,0.8571428571428571,ransom_6116
0,0.1428571428571428,0.0,1,2,0.0,0.8571428571428571,ransom_6117
0,0.1428571428571428,0.0,1,2,0.0,0.8571428571428571,ransom_6118
0,0.1666666666666666,0.0,1,2,0.0,0.8333333333333334,ransom_6120
0,0.125,0.0,1,2,0.0,0.875,ransom_6121
0,0.3333333333333333,0.0,1,1,0.0,0.6666666666666666,ransom_6122
0,0.2,0.0,1,1,0.0,0.8,ransom_6123
3,0.0769230769230769,0.0,1,4,0.0,0.9230769230769232,ransom_6124
0,0.1666666666666666,0.0,1,2,0.0,0.8333333333333334,ransom_6125
0,0.125,0.0,1,2,0.0,0.875,ransom_6126
1,0.25,0.0,1,1,0.0,0.75,ransom_6127
1,0.0769230769230769,0.0,1,4,0.0,0.9230769230769232,ransom_6128
0,0.0909090909090909,0.0,1,3,-5.851389114294497e-16,0.9090909090909092,ransom_6130
0,0.25,0.0,1,1,0.0,0.75,ransom_6131
1,0.1428571428571428,0.0,1,2,0.0,0.8571428571428571,ransom_6132
0,0.125,0.0,1,2,0.0,0.875,ransom_6133
0,0.1428571428571428,0.0,1,2,0.0,0.8571428571428571,ransom_6134
2,0.1,0.0,1,3,0.0,0.9,ransom_6137
0,0.1428571428571428,0.0,1,2,0.0,0.8571428571428571,ransom_6138
0,0.25,0.0,1,1,0.0,0.75,ransom_6140
1,0.125,0.0,1,3,0.0,0.875,ransom_6141
0,0.25,0.0,1,1,0.0,0.75,ransom_6142
2,0.0833333333333333,0.0,1,3,-0.3268602252303066,0.9166666666666666,ransom_6144
0,0.1666666666666666,0.0,1,2,0.0,0.8333333333333334,ransom_6145
0,0.25,0.0,1,1,0.0,0.75,ransom_6146
3,0.0909090909090909,0.0,1,3,-0.166666666666668,0.9090909090909092,ransom_6147
0,0.25,0.0,1,1,0.0,0.75,ransom_6148
1,0.0769230769230769,0.0,1,3,0.0,0.9230769230769232,ransom_6149
0,0.1428571428571428,0.0,1,2,0.0,0.8571428571428571,ransom_6150
0,0.1428571428571428,0.0,1,2,0.0,0.8571428571428571,ransom_6151
1,0.1428571428571428,0.0,1,2,-0.250000000000001,0.8571428571428571,ransom_6152
0,0.1,0.0,1,3,0.0,0.9,ransom_6154
0,0.2,0.0,1,1,-1.0,0.8,ransom_6155
0,0.25,0.0,1,1,0.0,0.75,ransom_6156
0,0.1428571428571428,0.0,1,2,0.0,0.8571428571428571,ransom_6157
0,0.1666666666666666,0.0,1,2,0.0,0.8333333333333334,ransom_6158
0,0.0909090909090909,0.0,1,3,0.0,0.9090909090909092,ransom_6160
0,0.1111111111111111,0.0,1,2,-0.6546536707079772,0.8888888888888888,ransom_6161
0,0.2,0.0,1,1,0.0,0.8,ransom_6162
0,0.25,0.0,1,1,0.0,0.75,ransom_6164
0,0.25,0.0,1,1,0.0,0.75,ransom_6168
1,0.1428571428571428,0.0,1,2,0.0,0.8571428571428571,ransom_6169
3,0.1666666666666666,0.0,1,1,-0.9999999999999992,0.8333333333333334,ransom_6170
0,0.3333333333333333,0.0,1,1,0.0,0.6666666666666666,ransom_6171
0,0.1666666666666666,0.0,1,2,0.0,0.8333333333333334,ransom_6172
0,0.25,0.0,1,1,0.0,0.75,ransom_6173
0,0.1,0.0,1,2,-0.7416198487095668,0.9,ransom_6174
0,0.125,0.0,1,2,-0.6454972243679025,0.875,ransom_6176
0,0.3333333333333333,0.0,1,1,0.0,0.6666666666666666,ransom_6177
5,0.3333333333333333,0.0,1,1,0.0,0.6666666666666666,ransom_6178
0,0.1666666666666666,0.0,1,2,0.0,0.8333333333333334,ransom_6179
0,0.1428571428571428,0.0,1,2,0.0,0.8571428571428571,ransom_6180
1,0.1428571428571428,0.0,1,2,0.0,0.8571428571428571,ransom_6181
0,0.0833333333333333,0.0,1,3,-0.3268602252303066,0.9166666666666666,ransom_6182
0,0.25,0.0,1,1,0.0,0.75,ransom_6183
1,0.0769230769230769,0.0,1,4,0.0,0.9230769230769232,ransom_6185
3,0.25,0.0,1,1,0.0,0.75,ransom_6186
0,0.125,0.0,1,2,0.0,0.875,ransom_6187
0,0.125,0.0,1,2,0.0,0.875,ransom_6189
0,0.2,0.0,1,2,0.0,0.8,ransom_6190
0,0.1428571428571428,0.0,1,2,-0.250000000000001,0.8571428571428571,ransom_6191
1,0.1428571428571428,0.0,1,2,0.0,0.8571428571428571,ransom_6192
0,0.1666666666666666,0.0,1,2,0.0,0.8333333333333334,ransom_6193
1,0.125,0.0,1,2,-0.4880935300919782,0.875,ransom_6194
1,0.1,0.0,1,3,0.0,0.9,ransom_6195
1,0.1111111111111111,0.0,1,2,-0.6546536707079772,0.8888888888888888,ransom_6196
0,0.125,0.0,1,3,0.0,0.875,ransom_6197
0,0.2,0.0,1,1,0.0,0.8,ransom_6198
0,0.25,0.0,1,1,0.0,0.75,ransom_6199
1,0.1666666666666666,0.0,1,2,0.0,0.8333333333333334,ransom_6202
3,0.1111111111111111,0.0,1,2,-0.6546536707079772,0.8888888888888888,ransom_6203
0,0.2,0.0,1,1,0.0,0.8,ransom_6204
0,0.1,0.0,1,3,-0.1889822365046146,0.9,ransom_6209
0,0.0666666666666666,0.0,1,5,0.0355334527259353,0.9333333333333332,ransom_6210
0,0.1,0.0,1,3,0.0,0.9,ransom_6211
1,0.0833333333333333,0.0,1,3,-0.3268602252303066,0.9166666666666666,ransom_6212
0,0.25,0.0,1,1,0.0,0.75,ransom_6213
0,0.3333333333333333,0.0,1,1,0.0,0.6666666666666666,ransom_6216
0,0.1666666666666666,0.0,1,2,0.0,0.8333333333333334,ransom_6217
0,0.1428571428571428,0.0,1,2,0.0,0.8571428571428571,ransom_6218
0,0.2,0.0,1,1,0.0,0.8,ransom_6219
0,0.3333333333333333,0.0,1,1,0.0,0.6666666666666666,ransom_6220
0,0.2,0.0,1,2,0.0,0.8,ransom_6221
0,0.0769230769230769,0.0,1,3,-0.4780914437337626,0.9230769230769232,ransom_6222
0,0.1666666666666666,0.0,1,2,0.0,0.8333333333333334,ransom_6224
1,0.1428571428571428,0.0,1,2,0.0,0.8571428571428571,ransom_6226
1,0.1428571428571428,0.0,1,3,0.0,0.8571428571428571,ransom_6227
3,0.0769230769230769,0.0,1,3,-0.4780914437337626,0.9230769230769232,ransom_6228
0,0.2,0.0,1,1,-1.0,0.8,ransom_6229
0,0.125,0.0,1,2,0.0,0.875,ransom_6230
0,0.25,0.0,1,1,0.0,0.75,ransom_6231
2,0.0833333333333333,0.0,1,4,0.0,0.9166666666666666,ransom_6232
0,0.0909090909090909,0.0,1,3,0.0,0.9090909090909092,ransom_6234
1,0.0833333333333333,0.0,1,3,-0.3888888888888903,0.9166666666666666,ransom_6235
0,0.1666666666666666,0.0,1,1,-0.9999999999999992,0.8333333333333334,ransom_6236
0,0.25,0.0,1,1,0.0,0.75,ransom_6237
0,0.125,0.0,1,2,0.0,0.875,ransom_6238
0,0.125,0.0,1,2,0.0,0.875,ransom_6239
1,0.1428571428571428,0.0,1,2,0.0,0.8571428571428571,ransom_6240
0,0.125,0.0,1,2,0.0,0.875,ransom_6241
0,0.1666666666666666,0.0,1,2,0.0,0.8333333333333334,ransom_6243
1,0.1428571428571428,0.0,1,2,0.0,0.8571428571428571,ransom_6244
0,0.25,0.0,1,1,0.0,0.75,ransom_6245
1,0.0769230769230769,0.0,1,4,0.0,0.9230769230769232,ransom_6246
0,0.125,0.0,1,3,0.0,0.875,ransom_6248
2,0.1111111111111111,0.0,1,2,0.0,0.8888888888888888,ransom_6249
0,0.1666666666666666,0.0,1,2,0.0,0.8333333333333334,ransom_6250
0,0.1666666666666666,0.0,1,2,0.0,0.8333333333333334,ransom_6253
0,0.2,0.0,1,2,0.0,0.8,ransom_6254
0,0.25,0.0,1,1,0.0,0.75,ransom_6255
0,0.1428571428571428,0.0,1,2,0.0,0.8571428571428571,ransom_6256
0,0.125,0.0,1,2,0.0,0.875,ransom_6258
0,0.1111111111111111,0.0,1,3,0.0,0.8888888888888888,ransom_6259
0,0.0625,0.0,1,4,-0.1626109088969974,0.9375,ransom_6260
0,0.1,0.0,1,3,-0.0805822964025377,0.9,ransom_6261
1,0.0526315789473684,0.0,1,5,0.0,0.9473684210526316,ransom_6262
0,0.1428571428571428,0.0,1,2,0.0,0.8571428571428571,ransom_6263
1,0.1428571428571428,0.0,1,2,0.0,0.8571428571428571,ransom_6264
0,0.3333333333333333,0.0,1,1,0.0,0.6666666666666666,ransom_6265
0,0.3333333333333333,0.0,1,1,0.0,0.6666666666666666,ransom_6266
3,0.1428571428571428,0.0,1,2,0.0,0.8571428571428571,ransom_6267
0,0.1,0.0,1,3,-0.1889822365046146,0.9,ransom_6268
1,0.1666666666666666,0.0,1,2,0.0,0.8333333333333334,ransom_6269
2,0.25,0.0,1,1,0.0,0.75,ransom_6270
0,0.1428571428571428,0.0,1,2,0.0,0.8571428571428571,ransom_6271
0,0.1666666666666666,0.0,1,2,0.0,0.8333333333333334,ransom_6272
0,0.3333333333333333,0.0,1,1,0.0,0.6666666666666666,ransom_6273
1,0.2,0.0,1,1,-1.0,0.8,ransom_6274
0,0.3333333333333333,0.0,1,1,0.0,0.6666666666666666,ransom_6275
4,0.1,0.0,1,2,-0.7416198487095668,0.9,ransom_6278
0,0.3333333333333333,0.0,1,1,0.0,0.6666666666666666,ransom_6279
0,0.1111111111111111,0.0,1,3,0.0,0.8888888888888888,ransom_6280
0,0.1111111111111111,0.0,1,3,0.0,0.8888888888888888,ransom_6281
0,0.125,0.0,1,2,-0.6454972243679025,0.875,ransom_6282
0,0.1,0.0,1,3,0.0,0.9,ransom_6283
2,0.0714285714285714,0.0,1,5,0.0,0.9285714285714286,ransom_6285
0,0.25,0.0,1,1,0.0,0.75,ransom_6286
0,0.25,0.0,1,1,0.0,0.75,ransom_6287
2,0.1666666666666666,0.0,1,2,0.0,0.8333333333333334,ransom_6288
10,0.25,0.0,1,1,0.0,0.75,ransom_6290
0,0.1,0.0,1,3,0.0,0.9,ransom_6292
0,0.25,0.0,1,1,0.0,0.75,ransom_6294
0,0.0909090909090909,0.0,1,3,-5.851389114294497e-16,0.9090909090909092,ransom_6295
0,0.125,0.0,1,3,0.0,0.875,ransom_6296
0,0.1428571428571428,0.0,1,2,0.0,0.8571428571428571,ransom_6298
0,0.3333333333333333,0.0,1,1,0.0,0.6666666666666666,ransom_6299
0,0.1428571428571428,0.0,1,2,-0.250000000000001,0.8571428571428571,ransom_6300
0,0.1428571428571428,0.0,1,2,0.0,0.8571428571428571,ransom_6301
0,0.25,0.0,1,1,0.0,0.75,ransom_6303
0,0.1666666666666666,0.0,1,1,-0.9999999999999992,0.8333333333333334,ransom_6304
0,0.1111111111111111,0.0,1,2,0.0,0.8888888888888888,ransom_6305
5,0.25,0.0,1,1,0.0,0.75,ransom_6306
1,0.3333333333333333,0.0,1,1,0.0,0.6666666666666666,ransom_6307
12,0.1666666666666666,0.0,1,2,0.0,0.8333333333333334,ransom_6309
0,0.1111111111111111,0.0,1,2,0.0,0.8888888888888888,ransom_6310
0,0.25,0.0,1,1,0.0,0.75,ransom_6311
0,0.1,0.0,1,3,0.0,0.9,ransom_6312
0,0.125,0.0,1,2,0.0,0.875,ransom_6313
0,0.1,0.0,1,4,0.0,0.9,ransom_6315
0,0.3333333333333333,0.0,1,1,0.0,0.6666666666666666,ransom_6316
0,0.125,0.0,1,3,0.0,0.875,ransom_6317
3,0.125,0.0,1,2,0.0,0.875,ransom_6318
2,0.2,0.0,1,2,0.0,0.8,ransom_6319
0,0.25,0.0,1,1,0.0,0.75,ransom_6320
1,0.1666666666666666,0.0,1,2,0.0,0.8333333333333334,ransom_6321
0,0.2,0.0,1,1,0.0,0.8,ransom_6322
2,0.125,0.0,1,2,-0.6454972243679025,0.875,ransom_6323
0,0.1,0.0,1,3,0.0,0.9,ransom_6324
0,0.2,0.0,1,1,0.0,0.8,ransom_6328
0,0.1428571428571428,0.0,1,2,0.0,0.8571428571428571,ransom_6329
2,0.125,0.0,1,2,-0.4880935300919782,0.875,ransom_6331
0,0.25,0.0,1,1,0.0,0.75,ransom_6332
0,0.1666666666666666,0.0,1,1,-0.9999999999999992,0.8333333333333334,ransom_6333
0,0.3333333333333333,0.0,1,1,0.0,0.6666666666666666,ransom_6334
0,0.3333333333333333,0.0,1,1,0.0,0.6666666666666666,ransom_6337
0,0.2,0.0,1,1,0.0,0.8,ransom_6338
0,0.25,0.0,1,1,0.0,0.75,ransom_6339
0,0.1428571428571428,0.0,1,2,0.0,0.8571428571428571,ransom_6340
0,0.3333333333333333,0.0,1,1,0.0,0.6666666666666666,ransom_6341
0,0.2,0.0,1,1,0.0,0.8,ransom_6343
0,0.3333333333333333,0.0,1,1,0.0,0.6666666666666666,ransom_6345
0,0.3333333333333333,0.0,1,1,0.0,0.6666666666666666,ransom_6346
0,0.0833333333333333,0.0,1,3,-0.3268602252303066,0.9166666666666666,ransom_6347
1,0.25,0.0,1,1,0.0,0.75,ransom_6349
0,0.1,0.0,1,3,0.0,0.9,ransom_6350
2,0.0833333333333333,0.0,1,4,0.0,0.9166666666666666,ransom_6354
0,0.25,0.0,1,1,0.0,0.75,ransom_6356
1,0.25,0.0,1,1,0.0,0.75,ransom_6357
0,0.1666666666666666,0.0,1,2,0.1666666666666655,0.8333333333333334,ransom_6358
1,0.125,0.0,1,2,0.0,0.875,ransom_6359
0,0.125,0.0,1,2,0.0,0.875,ransom_6360
0,0.2,0.0,1,1,0.0,0.8,ransom_6361
0,0.1666666666666666,0.0,1,2,0.0,0.8333333333333334,ransom_6362
1,0.0909090909090909,0.0,1,3,0.0,0.9090909090909092,ransom_6364
1,0.0909090909090909,0.0,1,3,-0.166666666666668,0.9090909090909092,ransom_6365
0,0.3333333333333333,0.0,1,1,0.0,0.6666666666666666,ransom_6366
1,0.3333333333333333,0.0,1,1,0.0,0.6666666666666666,ransom_6367
0,0.125,0.0,1,2,-0.4880935300919782,0.875,ransom_6368
0,0.25,0.0,1,1,0.0,0.75,ransom_6369
0,0.125,0.0,1,3,0.0,0.875,ransom_6370
1,0.0526315789473684,0.0,1,5,0.0,0.9473684210526316,ransom_6371
1,0.125,0.0,1,2,0.0,0.875,ransom_6372
2,0.0909090909090909,0.0,1,3,-0.2500000000000005,0.9090909090909092,ransom_6373
0,0.25,0.0,1,1,0.0,0.75,ransom_6374
3,0.1111111111111111,0.0,1,3,0.0,0.8888888888888888,ransom_6376
0,0.25,0.0,1,1,0.0,0.75,ransom_6377
0,0.1666666666666666,0.0,1,1,-0.9999999999999992,0.8333333333333334,ransom_6379
0,0.1428571428571428,0.0,1,2,0.0,0.8571428571428571,ransom_6380
1,0.1666666666666666,0.0,1,2,0.1666666666666655,0.8333333333333334,ransom_6381
0,0.2,0.0,1,2,0.0,0.8,ransom_6383
0,0.1666666666666666,0.0,1,2,0.0,0.8333333333333334,ransom_6384
0,0.2,0.0,1,2,0.0,0.8,ransom_6385
10,0.0714285714285714,0.0,1,4,0.0,0.9285714285714286,ransom_6386
0,0.1111111111111111,0.0,1,3,0.0,0.8888888888888888,ransom_6387
1,0.1666666666666666,0.0,1,2,0.0,0.8333333333333334,ransom_6388
0,0.2,0.0,1,1,0.0,0.8,ransom_6389
0,0.1111111111111111,0.0,1,2,-0.6546536707079772,0.8888888888888888,ransom_6391
0,0.2,0.0,1,1,-1.0,0.8,ransom_6392
0,0.125,0.0,1,2,0.0,0.875,ransom_6393
3,0.1666666666666666,0.0,1,2,0.1666666666666655,0.8333333333333334,ransom_6394
0,0.3333333333333333,0.0,1,1,0.0,0.6666666666666666,ransom_6395
1,0.05,0.0,1,6,0.0751593389883222,0.95,ransom_6396
0,0.1111111111111111,0.0,1,3,0.0,0.8888888888888888,ransom_6398
0,0.125,0.0,1,2,-0.4880935300919782,0.875,ransom_6399
0,0.3333333333333333,0.0,1,1,0.0,0.6666666666666666,ransom_6400
0,0.2,0.0,1,1,-1.0,0.8,ransom_6401
1,0.1428571428571428,0.0,1,2,0.0,0.8571428571428571,ransom_6402
0,0.1428571428571428,0.0,1,2,0.0,0.8571428571428571,ransom_6403
0,0.2,0.0,1,1,0.0,0.8,ransom_6404
0,0.0625,0.0,1,5,0.0,0.9375,ransom_6405
0,0.25,0.0,1,1,0.0,0.75,ransom_6406
1,0.0625,0.0,1,5,0.097344060699102,0.9375,ransom_6408
0,0.1666666666666666,0.0,1,2,0.0,0.8333333333333334,ransom_6409
2,0.125,0.0,1,2,-0.166666666666668,0.875,ransom_6410
0,0.2,0.0,1,1,0.0,0.8,ransom_6411
0,0.3333333333333333,0.0,1,1,0.0,0.6666666666666666,ransom_6412
0,0.2,0.0,1,1,0.0,0.8,ransom_6413
2,0.3333333333333333,0.0,1,1,0.0,0.6666666666666666,ransom_6414
0,0.1,0.0,1,3,0.0,0.9,ransom_6415
0,0.2,0.0,1,1,0.0,0.8,ransom_6416
0,0.1111111111111111,0.0,1,3,0.0,0.8888888888888888,ransom_6417
0,0.0909090909090909,0.0,1,3,0.0,0.9090909090909092,ransom_6418
0,0.125,0.0,1,2,-0.4880935300919782,0.875,ransom_6419
1,0.0909090909090909,0.0,1,4,0.0,0.9090909090909092,ransom_6420
0,0.0526315789473684,0.0,1,5,-0.0617802063215208,0.9473684210526316,ransom_6422
6,0.1428571428571428,0.0,1,2,0.0,0.8571428571428571,ransom_6423
0,0.1666666666666666,0.0,1,1,-0.9999999999999992,0.8333333333333334,ransom_6424
0,0.25,0.0,1,1,0.0,0.75,ransom_6425
0,0.1428571428571428,0.0,1,2,0.0,0.8571428571428571,ransom_6426
0,0.1428571428571428,0.0,1,2,0.0,0.8571428571428571,ransom_6428
0,0.3333333333333333,0.0,1,1,0.0,0.6666666666666666,ransom_6429
0,0.1666666666666666,0.0,1,2,0.0,0.8333333333333334,ransom_6430
0,0.25,0.0,1,1,0.0,0.75,ransom_6432
1,0.3333333333333333,0.0,1,1,0.0,0.6666666666666666,ransom_6434
0,0.125,0.0,1,2,0.0,0.875,ransom_6436
1,0.1428571428571428,0.0,1,2,-0.250000000000001,0.8571428571428571,ransom_6437
0,0.0714285714285714,0.0,1,4,0.0,0.9285714285714286,ransom_6438
0,0.1666666666666666,0.0,1,2,0.0,0.8333333333333334,ransom_6439
2,0.05,0.0,1,5,-0.0603984338889137,0.95,ransom_6440
1,0.1666666666666666,0.0,1,2,0.0,0.8333333333333334,ransom_6441
0,0.25,0.0,1,1,0.0,0.75,ransom_6442
0,0.2,0.0,1,1,0.0,0.8,ransom_6443
2,0.0666666666666666,0.0,1,5,0.0355334527259353,0.9333333333333332,ransom_6444
0,0.1666666666666666,0.0,1,2,0.0,0.8333333333333334,ransom_6445
0,0.125,0.0,1,2,-0.6454972243679025,0.875,ransom_6446
0,0.25,0.0,1,1,0.0,0.75,ransom_6447
0,0.25,0.0,1,1,0.0,0.75,ransom_6448
0,0.1,0.0,1,3,-0.0805822964025377,0.9,ransom_6449
0,0.25,0.0,1,1,0.0,0.75,ransom_6450
0,0.0833333333333333,0.0,1,3,0.0,0.9166666666666666,ransom_6451
0,0.25,0.0,1,1,0.0,0.75,ransom_6452
1,0.1,0.0,1,3,-0.1889822365046146,0.9,ransom_6453
0,0.125,0.0,1,2,0.0,0.875,ransom_6455
0,0.1666666666666666,0.0,1,2,0.0,0.8333333333333334,ransom_6456
0,0.25,0.0,1,1,0.0,0.75,ransom_6457
5,0.1666666666666666,0.0,1,2,0.0,0.8333333333333334,ransom_6458
0,0.3333333333333333,0.0,1,1,0.0,0.6666666666666666,ransom_6459
1,0.1111111111111111,0.0,1,2,0.0,0.8888888888888888,ransom_6461
0,0.1666666666666666,0.0,1,2,0.0,0.8333333333333334,ransom_6462
0,0.25,0.0,1,1,0.0,0.75,ransom_6463
0,0.25,0.0,1,1,0.0,0.75,ransom_6464
5,0.1111111111111111,0.0,1,2,-0.6546536707079772,0.8888888888888888,ransom_6465
0,0.25,0.0,1,1,0.0,0.75,ransom_6467
0,0.0625,0.0,1,4,0.0237289498938124,0.9375,ransom_6468
0,0.1111111111111111,0.0,1,3,0.0,0.8888888888888888,ransom_6469
0,0.125,0.0,1,2,-0.6454972243679025,0.875,ransom_6471
0,0.0625,0.0,1,5,4.216374612302231e-16,0.9375,ransom_6474
0,0.125,0.0,1,3,0.0,0.875,ransom_6475
0,0.2,0.0,1,1,-1.0,0.8,ransom_6477
1,0.125,0.0,1,3,0.0,0.875,ransom_6478
0,0.3333333333333333,0.0,1,1,0.0,0.6666666666666666,ransom_6479
0,0.2,0.0,1,1,0.0,0.8,ransom_6481
0,0.125,0.0,1,2,0.0,0.875,ransom_6482
0,0.1428571428571428,0.0,1,2,-0.250000000000001,0.8571428571428571,ransom_6484
0,0.1111111111111111,0.0,1,3,0.0,0.8888888888888888,ransom_6485
3,0.0833333333333333,0.0,1,3,-0.3268602252303066,0.9166666666666666,ransom_6486
3,0.1666666666666666,0.0,1,2,0.1666666666666655,0.8333333333333334,ransom_6487
1,0.1428571428571428,0.0,1,2,0.0,0.8571428571428571,ransom_6488
0,0.1428571428571428,0.0,1,2,0.0,0.8571428571428571,ransom_6490
0,0.125,0.0,1,2,0.0,0.875,ransom_6491
0,0.125,0.0,1,2,-0.166666666666668,0.875,ransom_6492
0,0.1428571428571428,0.0,1,2,0.0,0.8571428571428571,ransom_6493
0,0.125,0.0,1,2,0.0,0.875,ransom_6494
0,0.2,0.0,1,1,0.0,0.8,ransom_6495
0,0.2,0.0,1,2,0.0,0.8,ransom_6496
0,0.1111111111111111,0.0,1,2,-0.5773502691896258,0.8888888888888888,ransom_6497
0,0.2,0.0,1,1,0.0,0.8,ransom_6498
0,0.3333333333333333,0.0,1,1,0.0,0.6666666666666666,ransom_6499
2,0.2,0.0,1,2,0.0,0.8,ransom_6500
1,0.0714285714285714,0.0,1,4,0.0,0.9285714285714286,ransom_6501
0,0.125,0.0,1,2,0.0,0.875,ransom_6502
0,0.1111111111111111,0.0,1,3,0.0,0.8888888888888888,ransom_6504
0,0.1111111111111111,0.0,1,3,0.0,0.8888888888888888,ransom_6505
0,0.0833333333333333,0.0,1,4,0.0,0.9166666666666666,ransom_6506
0,0.1111111111111111,0.0,1,2,0.0,0.8888888888888888,ransom_6507
0,0.1666666666666666,0.0,1,2,0.0,0.8333333333333334,ransom_6508
0,0.1428571428571428,0.0,1,2,0.0,0.8571428571428571,ransom_6509
0,0.125,0.0,1,3,0.0,0.875,ransom_6510
0,0.3333333333333333,0.0,1,1,0.0,0.6666666666666666,ransom_6511
1,0.0909090909090909,0.0,1,3,-0.2500000000000005,0.9090909090909092,ransom_6512
0,0.25,0.0,1,1,0.0,0.75,ransom_6513
0,0.3333333333333333,0.0,1,1,0.0,0.6666666666666666,ransom_6515
0,0.2,0.0,1,1,0.0,0.8,ransom_6516
0,0.1428571428571428,0.0,1,2,0.0,0.8571428571428571,ransom_6517
0,0.1111111111111111,0.0,1,2,-0.5773502691896258,0.8888888888888888,ransom_6520
1,0.1666666666666666,0.0,1,2,0.0,0.8333333333333334,ransom_6522
0,0.1428571428571428,0.0,1,2,0.0,0.8571428571428571,ransom_6523
1,0.1666666666666666,0.0,1,2,0.1666666666666655,0.8333333333333334,ransom_6524
0,0.1111111111111111,0.0,1,2,-0.6546536707079772,0.8888888888888888,ransom_6526
0,0.1428571428571428,0.0,1,2,0.0,0.8571428571428571,ransom_6528
2,0.125,0.0,1,2,0.0,0.875,ransom_6529
0,0.1,0.0,1,3,-0.0805822964025377,0.9,ransom_6530
0,0.25,0.0,1,1,0.0,0.75,ransom_6531
11,0.0625,0.0,1,5,0.0,0.9375,ransom_6532
0,0.0909090909090909,0.0,1,3,0.0,0.9090909090909092,ransom_6533
2,0.1111111111111111,0.0,1,3,0.0,0.8888888888888888,ransom_6534
2,0.3333333333333333,0.0,1,1,0.0,0.6666666666666666,ransom_6535
0,0.125,0.0,1,2,0.0,0.875,ransom_6536
0,0.0833333333333333,0.0,1,3,-0.1028688999747275,0.9166666666666666,ransom_6537
3,0.1111111111111111,0.0,1,3,0.0,0.8888888888888888,ransom_6538
1,0.25,0.0,1,1,0.0,0.75,ransom_6539
0,0.1,0.0,1,4,0.0597614304667192,0.9,ransom_6540
0,0.2,0.0,1,1,0.0,0.8,ransom_6541
22,0.1111111111111111,0.0,1,3,0.0,0.8888888888888888,ransom_6542
1,0.25,0.0,1,1,0.0,0.75,ransom_6543
0,0.1,0.0,1,3,0.0,0.9,ransom_6544
9,0.125,0.0,1,2,0.0,0.875,ransom_6545
0,0.1428571428571428,0.0,1,2,0.0,0.8571428571428571,ransom_6547
0,0.0666666666666666,0.0,1,4,0.0,0.9333333333333332,ransom_6548
1,0.125,0.0,1,2,0.0,0.875,ransom_6550
0,0.1,0.0,1,3,-0.0805822964025377,0.9,ransom_6551
1,0.2,0.0,1,1,0.0,0.8,ransom_6552
2,0.0666666666666666,0.0,1,5,0.0,0.9333333333333332,ransom_6553
1,0.05,0.0,1,6,0.0333727075993281,0.95,ransom_6554
0,0.125,0.0,1,2,0.0,0.875,ransom_6556
0,0.125,0.0,1,2,0.0,0.875,ransom_6557
0,0.0555555555555555,0.0,1,5,0.0,0.9444444444444444,ransom_6558
0,0.2,0.0,1,1,0.0,0.8,ransom_6559
0,0.2,0.0,1,1,0.0,0.8,ransom_6560
10,0.1666666666666666,0.0,1,2,0.0,0.8333333333333334,ransom_6561
0,0.3333333333333333,0.0,1,1,0.0,0.6666666666666666,ransom_6562
4,0.1111111111111111,0.0,1,3,0.0,0.8888888888888888,ransom_6563
0,0.3333333333333333,0.0,1,1,0.0,0.6666666666666666,ransom_6565
0,0.2,0.0,1,1,0.0,0.8,ransom_6566
0,0.1428571428571428,0.0,1,2,0.0,0.8571428571428571,ransom_6567
0,0.125,0.0,1,3,0.0,0.875,ransom_6568
1,0.1428571428571428,0.0,1,2,0.0,0.8571428571428571,ransom_6572
0,0.1,0.0,1,3,0.0,0.9,ransom_6573
0,0.1666666666666666,0.0,1,2,0.1666666666666655,0.8333333333333334,ransom_6574
1,0.125,0.0,1,2,0.0,0.875,ransom_6575
0,0.1,0.0,1,3,-0.1889822365046146,0.9,ransom_6576
0,0.25,0.0,1,1,0.0,0.75,ransom_6577
0,0.1666666666666666,0.0,1,2,0.1666666666666655,0.8333333333333334,ransom_6578
4,0.1,0.0,1,3,-0.0805822964025377,0.9,ransom_6579
0,0.125,0.0,1,2,-0.6454972243679025,0.875,ransom_6580
0,0.2,0.0,1,2,0.0,0.8,ransom_6581
0,0.1428571428571428,0.0,1,2,0.0,0.8571428571428571,ransom_6582
1,0.0769230769230769,0.0,1,4,0.0,0.9230769230769232,ransom_6583
1,0.25,0.0,1,1,0.0,0.75,ransom_6584
1,0.0833333333333333,0.0,1,4,0.0,0.9166666666666666,ransom_6586
0,0.0526315789473684,0.0,1,5,0.0,0.9473684210526316,ransom_6587
2,0.1,0.0,1,3,0.0,0.9,ransom_6588
0,0.2,0.0,1,1,-1.0,0.8,ransom_6589
0,0.1,0.0,1,3,0.0,0.9,ransom_6590
2,0.125,0.0,1,3,0.0,0.875,ransom_6592
0,0.1666666666666666,0.0,1,2,0.0,0.8333333333333334,ransom_6593
8,0.1111111111111111,0.0,1,2,0.0,0.8888888888888888,ransom_6594
1,0.1,0.0,1,3,0.0,0.9,ransom_6595
0,0.25,0.0,1,1,0.0,0.75,ransom_6597
0,0.2,0.0,1,2,0.0,0.8,ransom_6598
0,0.1111111111111111,0.0,1,3,0.0,0.8888888888888888,ransom_6601
7,0.0833333333333333,0.0,1,4,0.0,0.9166666666666666,ransom_6602
2,0.1,0.0,1,3,0.0,0.9,ransom_6603
0,0.0714285714285714,0.0,1,4,-0.0769321818620843,0.9285714285714286,ransom_6604
0,0.2,0.0,1,1,-1.0,0.8,ransom_6605
0,0.25,0.0,1,1,0.0,0.75,ransom_6607
1,0.0666666666666666,0.0,1,4,-0.1473139127471972,0.9333333333333332,ransom_6608
0,0.0909090909090909,0.0,1,3,0.0,0.9090909090909092,ransom_6609
0,0.2,0.0,1,1,0.0,0.8,ransom_6611
0,0.1,0.0,1,3,-0.0805822964025377,0.9,ransom_6613
0,0.25,0.0,1,1,0.0,0.75,ransom_6614
9,0.0909090909090909,0.0,1,4,0.0,0.9090909090909092,ransom_6616
1,0.0769230769230769,0.0,1,4,0.0,0.9230769230769232,ransom_6617
0,0.1111111111111111,0.0,1,3,0.0,0.8888888888888888,ransom_6618
0,0.3333333333333333,0.0,1,1,0.0,0.6666666666666666,ransom_6620
0,0.3333333333333333,0.0,1,1,0.0,0.6666666666666666,ransom_6622
0,0.25,0.0,1,1,0.0,0.75,ransom_6623
0,0.1428571428571428,0.0,1,2,0.0,0.8571428571428571,ransom_6624
5,0.1,0.0,1,3,0.0,0.9,ransom_6625
5,0.25,0.0,1,1,0.0,0.75,ransom_6626
0,0.0909090909090909,0.0,1,3,0.0,0.9090909090909092,ransom_6627
0,0.125,0.0,1,2,-0.6454972243679025,0.875,ransom_6628
0,0.3333333333333333,0.0,1,1,0.0,0.6666666666666666,ransom_6629
0,0.0909090909090909,0.0,1,4,0.0,0.9090909090909092,ransom_6630
0,0.1111111111111111,0.0,1,3,0.0,0.8888888888888888,ransom_6631
0,0.0526315789473684,0.0,1,5,0.0421262731871125,0.9473684210526316,ransom_6632
0,0.1428571428571428,0.0,1,2,0.0,0.8571428571428571,ransom_6634
0,0.2,0.0,1,2,0.0,0.8,ransom_6636
0,0.125,0.0,1,2,0.0,0.875,ransom_6637
0,0.1428571428571428,0.0,1,2,0.0,0.8571428571428571,ransom_6638
0,0.125,0.0,1,2,-0.6454972243679025,0.875,ransom_6639
1,0.2,0.0,1,1,0.0,0.8,ransom_6640
0,0.0625,0.0,1,4,-0.0591312395989085,0.9375,ransom_6642
3,0.0909090909090909,0.0,1,3,-0.166666666666668,0.9090909090909092,ransom_6644
3,0.0769230769230769,0.0,1,4,0.0,0.9230769230769232,ransom_6645
0,0.2,0.0,1,1,-1.0,0.8,ransom_6646
1,0.1428571428571428,0.0,1,2,0.0,0.8571428571428571,ransom_6647
0,0.0833333333333333,0.0,1,4,-0.0495073771488339,0.9166666666666666,ransom_6648
0,0.125,0.0,1,2,-0.4880935300919782,0.875,ransom_6650
4,0.125,0.0,1,2,-0.6454972243679025,0.875,ransom_6651
0,0.25,0.0,1,1,0.0,0.75,ransom_6652
2,0.25,0.0,1,1,0.0,0.75,ransom_6653
1,0.1111111111111111,0.0,1,2,-0.6546536707079772,0.8888888888888888,ransom_6654
0,0.3333333333333333,0.0,1,1,0.0,0.6666666666666666,ransom_6656
1,0.0714285714285714,0.0,1,4,0.0,0.9285714285714286,ransom_6657
0,0.1428571428571428,0.0,1,2,-0.250000000000001,0.8571428571428571,ransom_6658
0,0.1666666666666666,0.0,1,2,0.0,0.8333333333333334,ransom_6661
0,0.2,0.0,1,1,0.0,0.8,ransom_6662
0,0.2,0.0,1,1,0.0,0.8,ransom_6663
1,0.25,0.0,1,1,0.0,0.75,ransom_6664
0,0.1428571428571428,0.0,1,2,-0.250000000000001,0.8571428571428571,ransom_6665
1,0.0666666666666666,0.0,1,4,0.0,0.9333333333333332,ransom_6666
0,0.25,0.0,1,1,0.0,0.75,ransom_6667
0,0.2,0.0,1,1,0.0,0.8,ransom_6668
1,0.2,0.0,1,2,0.0,0.8,ransom_6669
0,0.2,0.0,1,1,0.0,0.8,ransom_6671
0,0.1428571428571428,0.0,1,2,0.0,0.8571428571428571,ransom_6672
0,0.1428571428571428,0.0,1,2,0.0,0.8571428571428571,ransom_6673
0,0.3333333333333333,0.0,1,1,0.0,0.6666666666666666,ransom_6674
1,0.1666666666666666,0.0,1,2,0.1666666666666655,0.8333333333333334,ransom_6676
0,0.1111111111111111,0.0,1,3,0.0,0.8888888888888888,ransom_6677
0,0.125,0.0,1,2,0.0,0.875,ransom_6678
1,0.1666666666666666,0.0,1,2,0.0,0.8333333333333334,ransom_6679
0,0.1111111111111111,0.0,1,3,0.0,0.8888888888888888,ransom_6680
1,0.1111111111111111,0.0,1,3,0.0,0.8888888888888888,ransom_6682
2,0.0909090909090909,0.0,1,3,-0.166666666666668,0.9090909090909092,ransom_6683
0,0.3333333333333333,0.0,1,1,0.0,0.6666666666666666,ransom_6684
2,0.0666666666666666,0.0,1,4,-0.1473139127471972,0.9333333333333332,ransom_6685
1,0.125,0.0,1,3,0.0912870929175268,0.875,ransom_6687
0,0.1666666666666666,0.0,1,2,0.0,0.8333333333333334,ransom_6688
0,0.2,0.0,1,1,0.0,0.8,ransom_6689
1,0.125,0.0,1,3,0.0,0.875,ransom_6690
0,0.25,0.0,1,1,0.0,0.75,ransom_6692
1,0.1111111111111111,0.0,1,3,0.0,0.8888888888888888,ransom_6693
0,0.1666666666666666,0.0,1,2,0.0,0.8333333333333334,ransom_6694
0,0.2,0.0,1,1,0.0,0.8,ransom_6695
0,0.0909090909090909,0.0,1,4,0.0,0.9090909090909092,ransom_6696
8,0.0833333333333333,0.0,1,4,0.0,0.9166666666666666,ransom_6699
0,0.2,0.0,1,2,0.0,0.8,ransom_6700
3,0.1,0.0,1,3,0.0,0.9,ransom_6701
1,0.2,0.0,1,1,0.0,0.8,ransom_6702
0,0.125,0.0,1,2,-0.6454972243679025,0.875,ransom_6703
0,0.25,0.0,1,1,0.0,0.75,ransom_6704
0,0.2,0.0,1,1,0.0,0.8,ransom_6705
0,0.25,0.0,1,1,0.0,0.75,ransom_6708
0,0.3333333333333333,0.0,1,1,0.0,0.6666666666666666,ransom_6709
0,0.1428571428571428,0.0,1,2,0.0,0.8571428571428571,ransom_6710
0,0.1666666666666666,0.0,1,2,0.0,0.8333333333333334,ransom_6711
0,0.125,0.0,1,2,-0.6454972243679025,0.875,ransom_6714
0,0.1428571428571428,0.0,1,2,0.0,0.8571428571428571,ransom_6715
2,0.1428571428571428,0.0,1,2,-0.250000000000001,0.8571428571428571,ransom_6716
1,0.1666666666666666,0.0,1,2,0.0,0.8333333333333334,ransom_6718
0,0.3333333333333333,0.0,1,1,0.0,0.6666666666666666,ransom_6719
0,0.1,0.0,1,3,0.0,0.9,ransom_6720
2,0.125,0.0,1,2,0.0,0.875,ransom_6721
0,0.25,0.0,1,1,0.0,0.75,ransom_6722
0,0.1428571428571428,0.0,1,2,0.0,0.8571428571428571,ransom_6724
2,0.0833333333333333,0.0,1,3,-0.3888888888888903,0.9166666666666666,ransom_6725
0,0.25,0.0,1,1,0.0,0.75,ransom_6726
10,0.1111111111111111,0.0,1,2,0.0,0.8888888888888888,ransom_6727
1,0.1,0.0,1,3,0.0,0.9,ransom_6728
0,0.25,0.0,1,1,0.0,0.75,ransom_6729
32,0.1666666666666666,0.0,1,2,0.0,0.8333333333333334,ransom_6730
1,0.0909090909090909,0.0,1,3,0.0,0.9090909090909092,ransom_6731
0,0.125,0.0,1,2,-0.4880935300919782,0.875,ransom_6732
0,0.1666666666666666,0.0,1,2,0.0,0.8333333333333334,ransom_6733
0,0.1111111111111111,0.0,1,2,-0.6546536707079772,0.8888888888888888,ransom_6734
0,0.0909090909090909,0.0,1,3,-0.2500000000000005,0.9090909090909092,ransom_6736
2,0.3333333333333333,0.0,1,1,0.0,0.6666666666666666,ransom_6737
0,0.0666666666666666,0.0,1,4,0.0,0.9333333333333332,ransom_6738
0,0.0625,0.0,1,4,-0.1324295304292306,0.9375,ransom_6739
0,0.125,0.0,1,2,-0.6454972243679025,0.875,ransom_6740
0,0.2,0.0,1,2,0.0,0.8,ransom_6741
0,0.2,0.0,1,1,0.0,0.8,ransom_6742
0,0.2,0.0,1,1,0.0,0.8,ransom_6743
0,0.1428571428571428,0.0,1,2,0.0,0.8571428571428571,ransom_6748
0,0.2,0.0,1,1,-1.0,0.8,ransom_6750
2,0.25,0.0,1,1,0.0,0.75,ransom_6752
0,0.1666666666666666,0.0,1,1,-0.9999999999999992,0.8333333333333334,ransom_6754
0,0.2,0.0,1,2,0.0,0.8,ransom_6755
0,0.25,0.0,1,1,0.0,0.75,ransom_6756
0,0.125,0.0,1,3,0.0,0.875,ransom_6757
0,0.1428571428571428,0.0,1,2,-0.250000000000001,0.8571428571428571,ransom_6759
0,0.2,0.0,1,2,0.0,0.8,ransom_6760
1,0.1428571428571428,0.0,1,2,0.0,0.8571428571428571,ransom_6761
0,0.1111111111111111,0.0,1,3,0.0,0.8888888888888888,ransom_6762
2,0.125,0.0,1,2,0.0,0.875,ransom_6763
0,0.125,0.0,1,2,-0.166666666666668,0.875,ransom_6764
0,0.0909090909090909,0.0,1,3,-0.2500000000000005,0.9090909090909092,ransom_6765
0,0.2,0.0,1,1,0.0,0.8,ransom_6766
0,0.25,0.0,1,1,0.0,0.75,ransom_6768
0,0.125,0.0,1,3,0.0,0.875,ransom_6769
0,0.2,0.0,1,1,0.0,0.8,ransom_6770
0,0.25,0.0,1,1,0.0,0.75,ransom_6771
1,0.1,0.0,1,3,0.0,0.9,ransom_6773
0,0.3333333333333333,0.0,1,1,0.0,0.6666666666666666,ransom_6774
4,0.25,0.0,1,1,0.0,0.75,ransom_6775
2,0.1666666666666666,0.0,1,2,0.0,0.8333333333333334,ransom_6776
0,0.1428571428571428,0.0,1,2,0.0,0.8571428571428571,ransom_6777
2,0.3333333333333333,0.0,1,1,0.0,0.6666666666666666,ransom_6778
0,0.1111111111111111,0.0,1,2,-0.6546536707079772,0.8888888888888888,ransom_6779
0,0.1666666666666666,0.0,1,2,0.0,0.8333333333333334,ransom_6780
0,0.25,0.0,1,1,0.0,0.75,ransom_6782
0,0.1428571428571428,0.0,1,2,0.0,0.8571428571428571,ransom_6783
14,0.125,0.0,1,2,-0.6454972243679025,0.875,ransom_6785
0,0.1428571428571428,0.0,1,2,-0.250000000000001,0.8571428571428571,ransom_6786
2,0.125,0.0,1,3,0.0,0.875,ransom_6787
1,0.1428571428571428,0.0,1,2,0.0,0.8571428571428571,ransom_6788
0,0.125,0.0,1,3,0.0,0.875,ransom_6789
0,0.1,0.0,1,2,-0.8237544710479152,0.9,ransom_6790
2,0.1,0.0,1,3,0.0,0.9,ransom_6791
1,0.1111111111111111,0.0,1,3,0.0,0.8888888888888888,ransom_6792
1,0.125,0.0,1,2,-0.6454972243679025,0.875,ransom_6793
0,0.125,0.0,1,2,-0.6454972243679025,0.875,ransom_6796
0,0.3333333333333333,0.0,1,1,0.0,0.6666666666666666,ransom_6797
0,0.3333333333333333,0.0,1,1,0.0,0.6666666666666666,ransom_6799
0,0.3333333333333333,0.0,1,1,0.0,0.6666666666666666,ransom_6800
0,0.1428571428571428,0.0,1,2,0.0,0.8571428571428571,ransom_6801
0,0.1,0.0,1,2,-0.8237544710479152,0.9,ransom_6804
1,0.0833333333333333,0.0,1,3,-0.3268602252303066,0.9166666666666666,ransom_6805
1,0.1666666666666666,0.0,1,2,0.0,0.8333333333333334,ransom_6807
1,0.0833333333333333,0.0,1,5,0.0,0.9166666666666666,ransom_6808
0,0.1666666666666666,0.0,1,2,0.0,0.8333333333333334,ransom_6809
0,0.1666666666666666,0.0,1,2,0.0,0.8333333333333334,ransom_6810
0,0.25,0.0,1,1,0.0,0.75,ransom_6811
0,0.1428571428571428,0.0,1,2,0.0,0.8571428571428571,ransom_6812
0,0.25,0.0,1,1,0.0,0.75,ransom_6815
0,0.2,0.0,1,2,0.0,0.8,ransom_6817
0,0.3333333333333333,0.0,1,1,0.0,0.6666666666666666,ransom_6818
1,0.125,0.0,1,2,0.0,0.875,ransom_6819
1,0.1428571428571428,0.0,1,3,0.0,0.8571428571428571,ransom_6820
0,0.25,0.0,1,1,0.0,0.75,ransom_6821
0,0.1428571428571428,0.0,1,2,0.0,0.8571428571428571,ransom_6823
2,0.1666666666666666,0.0,1,1,-0.9999999999999992,0.8333333333333334,ransom_6825
0,0.0769230769230769,0.0,1,3,-0.3162277660168375,0.9230769230769232,ransom_6826
0,0.1111111111111111,0.0,1,2,-0.6546536707079772,0.8888888888888888,ransom_6827
0,0.25,0.0,1,1,0.0,0.75,ransom_6829
2,0.2,0.0,1,2,0.0,0.8,ransom_6831
0,0.1428571428571428,0.0,1,2,0.0,0.8571428571428571,ransom_6832
1,0.1111111111111111,0.0,1,3,0.0,0.8888888888888888,ransom_6833
0,0.3333333333333333,0.0,1,1,0.0,0.6666666666666666,ransom_6834
0,0.0909090909090909,0.0,1,3,0.0,0.9090909090909092,ransom_6835
1,0.125,0.0,1,2,0.0,0.875,ransom_6836
1,0.1,0.0,1,2,-0.8237544710479152,0.9,ransom_6837
0,0.2,0.0,1,1,0.0,0.8,ransom_6839
0,0.1428571428571428,0.0,1,2,-0.250000000000001,0.8571428571428571,ransom_6841
1,0.25,0.0,1,1,0.0,0.75,ransom_6842
0,0.2,0.0,1,1,0.0,0.8,ransom_6843
0,0.1111111111111111,0.0,1,2,0.0,0.8888888888888888,ransom_6845
0,0.25,0.0,1,1,0.0,0.75,ransom_6846
1,0.1666666666666666,0.0,1,2,0.0,0.8333333333333334,ransom_6847
5,0.0909090909090909,0.0,1,3,-0.166666666666668,0.9090909090909092,ransom_6848
0,0.1,0.0,1,3,0.0,0.9,ransom_6849
0,0.1428571428571428,0.0,1,2,-0.250000000000001,0.8571428571428571,ransom_6851
0,0.1666666666666666,0.0,1,2,0.0,0.8333333333333334,ransom_6852
0,0.25,0.0,1,1,0.0,0.75,ransom_6854
0,0.1428571428571428,0.0,1,2,0.0,0.8571428571428571,ransom_6855
1,0.1428571428571428,0.0,1,2,0.0,0.8571428571428571,ransom_6856
0,0.1111111111111111,0.0,1,2,-0.6546536707079772,0.8888888888888888,ransom_6857
0,0.25,0.0,1,1,0.0,0.75,ransom_6858
4,0.1111111111111111,0.0,1,3,0.0,0.8888888888888888,ransom_6859
0,0.1428571428571428,0.0,1,2,0.0,0.8571428571428571,ransom_6861
0,0.3333333333333333,0.0,1,1,0.0,0.6666666666666666,ransom_6862
0,0.3333333333333333,0.0,1,1,0.0,0.6666666666666666,ransom_6863
0,0.25,0.0,1,1,0.0,0.75,ransom_6864
0,0.0909090909090909,0.0,1,3,0.0,0.9090909090909092,ransom_6866
0,0.1428571428571428,0.0,1,2,0.0,0.8571428571428571,ransom_6867
0,0.0833333333333333,0.0,1,3,-0.3888888888888903,0.9166666666666666,ransom_6868
0,0.25,0.0,1,1,0.0,0.75,ransom_6870
0,0.1428571428571428,0.0,1,2,0.0,0.8571428571428571,ransom_6871
0,0.25,0.0,1,1,0.0,0.75,ransom_6872
0,0.3333333333333333,0.0,1,1,0.0,0.6666666666666666,ransom_6873
8,0.1,0.0,1,2,-0.8237544710479152,0.9,ransom_6874
2,0.1,0.0,1,3,-0.0805822964025377,0.9,ransom_6875
0,0.1428571428571428,0.0,1,2,0.0,0.8571428571428571,ransom_6876
4,0.0714285714285714,0.0,1,4,0.0,0.9285714285714286,ransom_6877
0,0.1428571428571428,0.0,1,2,-0.250000000000001,0.8571428571428571,ransom_6878
0,0.25,0.0,1,1,0.0,0.75,ransom_6879
0,0.1428571428571428,0.0,1,2,0.0,0.8571428571428571,ransom_6881
0,0.125,0.0,1,2,-0.6454972243679025,0.875,ransom_6882
0,0.1428571428571428,0.0,1,2,0.0,0.8571428571428571,ransom_6883
0,0.2,0.0,1,1,-1.0,0.8,ransom_6884
0,0.125,0.0,1,2,-0.4880935300919782,0.875,ransom_6885
0,0.2,0.0,1,1,0.0,0.8,ransom_6886
0,0.125,0.0,1,2,0.0,0.875,ransom_6887
0,0.2,0.0,1,1,-1.0,0.8,ransom_6888
0,0.1428571428571428,0.0,1,2,0.0,0.8571428571428571,ransom_6889
0,0.125,0.0,1,2,0.0,0.875,ransom_6890
0,0.2,0.0,1,1,0.0,0.8,ransom_6891
1,0.05,0.0,1,6,0.0333727075993281,0.95,ransom_6892
0,0.2,0.0,1,2,0.0,0.8,ransom_6893
0,0.25,0.0,1,1,0.0,0.75,ransom_6894
1,0.0666666666666666,0.0,1,4,-0.1473139127471972,0.9333333333333332,ransom_6895
0,0.1428571428571428,0.0,1,2,-0.250000000000001,0.8571428571428571,ransom_6897
0,0.2,0.0,1,2,0.0,0.8,ransom_6898
7,0.1111111111111111,0.0,1,3,0.0,0.8888888888888888,ransom_6899
0,0.1428571428571428,0.0,1,2,-0.250000000000001,0.8571428571428571,ransom_6900
0,0.1428571428571428,0.0,1,2,0.0,0.8571428571428571,ransom_6902
0,0.0833333333333333,0.0,1,3,0.0,0.9166666666666666,ransom_6904
0,0.1428571428571428,0.0,1,2,0.0,0.8571428571428571,ransom_6906
0,0.2,0.0,1,1,0.0,0.8,ransom_6907
1,0.2,0.0,1,1,0.0,0.8,ransom_6908
5,0.125,0.0,1,2,-0.4880935300919782,0.875,ransom_6910
0,0.2,0.0,1,1,0.0,0.8,ransom_6911
0,0.1666666666666666,0.0,1,2,0.0,0.8333333333333334,ransom_6912
0,0.2,0.0,1,2,0.0,0.8,ransom_6913
0,0.2,0.0,1,1,0.0,0.8,ransom_6914
0,0.25,0.0,1,1,0.0,0.75,ransom_6915
2,0.1111111111111111,0.0,1,3,0.0,0.8888888888888888,ransom_6916
0,0.2,0.0,1,2,0.0,0.8,ransom_6917
0,0.125,0.0,1,2,-0.6454972243679025,0.875,ransom_6918
0,0.25,0.0,1,1,0.0,0.75,ransom_6919
0,0.2,0.0,1,1,0.0,0.8,ransom_6921
0,0.3333333333333333,0.0,1,1,0.0,0.6666666666666666,ransom_6922
0,0.1428571428571428,0.0,1,2,0.0,0.8571428571428571,ransom_6923
0,0.1428571428571428,0.0,1,2,0.0,0.8571428571428571,ransom_6925
0,0.1428571428571428,0.0,1,2,0.0,0.8571428571428571,ransom_6926
0,0.2,0.0,1,2,0.0,0.8,ransom_6927
14,0.05,0.0,1,5,-0.0407611893677158,0.95,ransom_6928
0,0.125,0.0,1,2,0.0,0.875,ransom_6929
0,0.25,0.0,1,1,0.0,0.75,ransom_6930
0,0.3333333333333333,0.0,1,1,0.0,0.6666666666666666,ransom_6931
1,0.25,0.0,1,1,0.0,0.75,ransom_6932
0,0.0833333333333333,0.0,1,4,0.0173762011714225,0.9166666666666666,ransom_6933
0,0.1,0.0,1,3,0.0,0.9,ransom_6934
13,0.25,0.0,1,1,0.0,0.75,ransom_6936
0,0.3333333333333333,0.0,1,1,0.0,0.6666666666666666,ransom_6937
0,0.0714285714285714,0.0,1,4,0.0,0.9285714285714286,ransom_6938
0,0.1666666666666666,0.0,1,1,-0.9999999999999992,0.8333333333333334,ransom_6939
2,0.2,0.0,1,1,-1.0,0.8,ransom_6941
0,0.1428571428571428,0.0,1,2,0.0,0.8571428571428571,ransom_6942
1,0.0833333333333333,0.0,1,3,-0.2390457218668779,0.9166666666666666,ransom_6943
1,0.1,0.0,1,3,0.0,0.9,ransom_6945
0,0.25,0.0,1,1,0.0,0.75,ransom_6946
2,0.1428571428571428,0.0,1,2,0.0,0.8571428571428571,ransom_6947
0,0.2,0.0,1,1,0.0,0.8,ransom_6949
0,0.0625,0.0,1,5,0.0,0.9375,ransom_6950
1,0.125,0.0,1,2,0.0,0.875,ransom_6951
0,0.25,0.0,1,1,0.0,0.75,ransom_6953
0,0.1111111111111111,0.0,1,2,0.0,0.8888888888888888,ransom_6955
3,0.2,0.0,1,1,-1.0,0.8,ransom_6956
4,0.1428571428571428,0.0,1,2,0.0,0.8571428571428571,ransom_6957
0,0.2,0.0,1,1,0.0,0.8,ransom_6958
0,0.3333333333333333,0.0,1,1,0.0,0.6666666666666666,ransom_6960
0,0.25,0.0,1,1,0.0,0.75,ransom_6961
0,0.25,0.0,1,1,0.0,0.75,ransom_6962
9,0.1,0.0,1,3,-0.0805822964025377,0.9,ransom_6963
0,0.3333333333333333,0.0,1,1,0.0,0.6666666666666666,ransom_6964
0,0.1666666666666666,0.0,1,2,0.0,0.8333333333333334,ransom_6965
1,0.1111111111111111,0.0,1,2,0.0,0.8888888888888888,ransom_6966
1,0.0769230769230769,0.0,1,3,-0.4780914437337626,0.9230769230769232,ransom_6967
1,0.1,0.0,1,3,0.0,0.9,ransom_6968
0,0.3333333333333333,0.0,1,1,0.0,0.6666666666666666,ransom_6969
0,0.2,0.0,1,1,-1.0,0.8,ransom_6970
1,0.125,0.0,1,3,0.0,0.875,ransom_6971
0,0.1666666666666666,0.0,1,1,-0.9999999999999992,0.8333333333333334,ransom_6972
1,0.3333333333333333,0.0,1,1,0.0,0.6666666666666666,ransom_6973
1,0.0833333333333333,0.0,1,3,-0.3268602252303066,0.9166666666666666,ransom_6974
0,0.1428571428571428,0.0,1,2,0.0,0.8571428571428571,ransom_6975
0,0.1111111111111111,0.0,1,3,0.0,0.8888888888888888,ransom_6976
2,0.125,0.0,1,2,-0.4880935300919782,0.875,ransom_6977
0,0.1428571428571428,0.0,1,2,0.0,0.8571428571428571,ransom_6978
0,0.0833333333333333,0.0,1,4,0.0,0.9166666666666666,ransom_6979
0,0.1111111111111111,0.0,1,3,0.0,0.8888888888888888,ransom_6980
1,0.125,0.0,1,2,0.0,0.875,ransom_6981
0,0.1428571428571428,0.0,1,2,-0.250000000000001,0.8571428571428571,ransom_6983
0,0.0909090909090909,0.0,1,3,-0.2500000000000005,0.9090909090909092,ransom_6984
1,0.1428571428571428,0.0,1,3,0.0,0.8571428571428571,ransom_6988
0,0.1,0.0,1,3,0.1135923668494129,0.9,ransom_6989
0,0.1428571428571428,0.0,1,2,0.0,0.8571428571428571,ransom_6990
0,0.1,0.0,1,3,-0.0805822964025377,0.9,ransom_6991
1,0.1666666666666666,0.0,1,2,0.0,0.8333333333333334,ransom_6993
0,0.0909090909090909,0.0,1,3,0.0,0.9090909090909092,ransom_6994
0,0.1428571428571428,0.0,1,2,-0.250000000000001,0.8571428571428571,ransom_6995
0,0.25,0.0,1,1,0.0,0.75,ransom_6996
3,0.1666666666666666,0.0,1,2,0.0,0.8333333333333334,ransom_6997
4,0.0769230769230769,0.0,1,4,0.0,0.9230769230769232,ransom_6999
1,0.0714285714285714,0.0,1,4,-0.0162564022190598,0.9285714285714286,ransom_7001
3,0.1666666666666666,0.0,1,2,0.1666666666666655,0.8333333333333334,ransom_7002
0,0.0909090909090909,0.0,1,3,-5.851389114294497e-16,0.9090909090909092,ransom_7004
4,0.1666666666666666,0.0,1,2,0.1666666666666655,0.8333333333333334,ransom_7006
0,0.1666666666666666,0.0,1,2,0.0,0.8333333333333334,ransom_7007
2,0.1111111111111111,0.0,1,3,0.0,0.8888888888888888,ransom_7008
1,0.125,0.0,1,2,0.0,0.875,ransom_7009
0,0.1428571428571428,0.0,1,2,-0.250000000000001,0.8571428571428571,ransom_7011
5,0.1666666666666666,0.0,1,2,0.1666666666666655,0.8333333333333334,ransom_7012
0,0.1428571428571428,0.0,1,2,-0.250000000000001,0.8571428571428571,ransom_7013
3,0.1111111111111111,0.0,1,3,0.0,0.8888888888888888,ransom_7014
1,0.2,0.0,1,1,-1.0,0.8,ransom_7015
0,0.125,0.0,1,2,0.0,0.875,ransom_7016
5,0.0714285714285714,0.0,1,4,0.0,0.9285714285714286,ransom_7017
0,0.3333333333333333,0.0,1,1,0.0,0.6666666666666666,ransom_7019
0,0.1666666666666666,0.0,1,2,0.0,0.8333333333333334,ransom_7020
5,0.1,0.0,1,4,0.0,0.9,ransom_7021
0,0.0909090909090909,0.0,1,3,0.0,0.9090909090909092,ransom_7022
0,0.25,0.0,1,1,0.0,0.75,ransom_7023
0,0.3333333333333333,0.0,1,1,0.0,0.6666666666666666,ransom_7025
0,0.0769230769230769,0.0,1,3,-0.4780914437337626,0.9230769230769232,ransom_7026
0,0.25,0.0,1,1,0.0,0.75,ransom_7028
8,0.1,0.0,1,2,-0.7416198487095668,0.9,ransom_7030
2,0.1,0.0,1,3,0.0,0.9,ransom_7031
0,0.2,0.0,1,1,-1.0,0.8,ransom_7033
1,0.3333333333333333,0.0,1,1,0.0,0.6666666666666666,ransom_7035
1,0.125,0.0,1,2,-0.4880935300919782,0.875,ransom_7036
0,0.1428571428571428,0.0,1,2,0.0,0.8571428571428571,ransom_7037
0,0.1428571428571428,0.0,1,2,-0.250000000000001,0.8571428571428571,ransom_7038
0,0.1,0.0,1,2,-0.8237544710479152,0.9,ransom_7040
1,0.0909090909090909,0.0,1,3,0.0,0.9090909090909092,ransom_7041
0,0.25,0.0,1,1,0.0,0.75,ransom_7042
0,0.1666666666666666,0.0,1,1,-0.9999999999999992,0.8333333333333334,ransom_7043
0,0.0909090909090909,0.0,1,3,-0.166666666666668,0.9090909090909092,ransom_7044
5,0.0909090909090909,0.0,1,3,0.0,0.9090909090909092,ransom_7045
0,0.1666666666666666,0.0,1,1,-0.9999999999999992,0.8333333333333334,ransom_7047
0,0.1428571428571428,0.0,1,2,0.0,0.8571428571428571,ransom_7048
0,0.1,0.0,1,4,0.0,0.9,ransom_7050
3,0.1666666666666666,0.0,1,2,0.0,0.8333333333333334,ransom_7051
0,0.2,0.0,1,1,0.0,0.8,ransom_7052
0,0.1111111111111111,0.0,1,3,0.0,0.8888888888888888,ransom_7053
3,0.1,0.0,1,3,0.0,0.9,ransom_7054
0,0.2,0.0,1,1,-1.0,0.8,ransom_7055
0,0.1428571428571428,0.0,1,2,0.0,0.8571428571428571,ransom_7057
0,0.0833333333333333,0.0,1,4,0.0173762011714225,0.9166666666666666,ransom_7058
0,0.3333333333333333,0.0,1,1,0.0,0.6666666666666666,ransom_7059
0,0.0769230769230769,0.0,1,3,-0.4780914437337626,0.9230769230769232,ransom_7060
0,0.25,0.0,1,1,0.0,0.75,ransom_7062
2,0.1,0.0,1,3,0.0,0.9,ransom_7063
0,0.1,0.0,1,3,-0.0805822964025377,0.9,ransom_7064
0,0.1,0.0,1,3,-0.0805822964025377,0.9,ransom_7065
0,0.1428571428571428,0.0,1,2,0.0,0.8571428571428571,ransom_7066
0,0.25,0.0,1,1,0.0,0.75,ransom_7067
0,0.1,0.0,1,3,0.0,0.9,ransom_7069
0,0.2,0.0,1,1,0.0,0.8,ransom_7070
0,0.25,0.0,1,1,0.0,0.75,ransom_7072
0,0.25,0.0,1,1,0.0,0.75,ransom_7073
0,0.1666666666666666,0.0,1,2,0.0,0.8333333333333334,ransom_7074
0,0.25,0.0,1,1,0.0,0.75,ransom_7075
0,0.25,0.0,1,1,0.0,0.75,ransom_7076
2,0.25,0.0,1,1,0.0,0.75,ransom_7079
3,0.1428571428571428,0.0,1,2,0.0,0.8571428571428571,ransom_7080
2,0.2,0.0,1,1,0.0,0.8,ransom_7081
0,0.0909090909090909,0.0,1,3,0.0,0.9090909090909092,ransom_7082
1,0.1666666666666666,0.0,1,2,0.0,0.8333333333333334,ransom_7083
0,0.0769230769230769,0.0,1,4,0.0,0.9230769230769232,ransom_7084
1,0.0769230769230769,0.0,1,3,-0.4780914437337626,0.9230769230769232,ransom_7085
0,0.1111111111111111,0.0,1,2,-0.6546536707079772,0.8888888888888888,ransom_7087
0,0.3333333333333333,0.0,1,1,0.0,0.6666666666666666,ransom_7088
0,0.3333333333333333,0.0,1,1,0.0,0.6666666666666666,ransom_7089
0,0.125,0.0,1,3,0.0,0.875,ransom_7090
0,0.125,0.0,1,2,-0.4880935300919782,0.875,ransom_7091
0,0.0909090909090909,0.0,1,3,0.0,0.9090909090909092,ransom_7092
2,0.2,0.0,1,1,-1.0,0.8,ransom_7093
0,0.25,0.0,1,1,0.0,0.75,ransom_7096
0,0.1428571428571428,0.0,1,2,-0.250000000000001,0.8571428571428571,ransom_7097
0,0.25,0.0,1,1,0.0,0.75,ransom_7098
2,0.1428571428571428,0.0,1,2,-0.250000000000001,0.8571428571428571,ransom_7099
0,0.1666666666666666,0.0,1,2,0.0,0.8333333333333334,ransom_7100
0,0.1,0.0,1,3,0.0,0.9,ransom_7101
0,0.2,0.0,1,1,-1.0,0.8,ransom_7102
0,0.1,0.0,1,2,-0.7416198487095668,0.9,ransom_7103
0,0.25,0.0,1,1,0.0,0.75,ransom_7104
0,0.1666666666666666,0.0,1,2,0.0,0.8333333333333334,ransom_7105
1,0.0714285714285714,0.0,1,4,-0.0769321818620843,0.9285714285714286,ransom_7106
2,0.1428571428571428,0.0,1,2,0.0,0.8571428571428571,ransom_7109
1,0.2,0.0,1,2,0.0,0.8,ransom_7110
0,0.25,0.0,1,1,0.0,0.75,ransom_7111
1,0.1,0.0,1,3,-0.0805822964025377,0.9,ransom_7112
0,0.125,0.0,1,2,-0.6454972243679025,0.875,ransom_7114
0,0.1,0.0,1,3,-0.0805822964025377,0.9,ransom_7115
2,0.125,0.0,1,2,0.0,0.875,ransom_7116
0,0.2,0.0,1,1,0.0,0.8,ransom_7118
0,0.1111111111111111,0.0,1,3,0.0,0.8888888888888888,ransom_7119
1,0.0769230769230769,0.0,1,4,0.0,0.9230769230769232,ransom_7120
0,0.1428571428571428,0.0,1,2,0.0,0.8571428571428571,ransom_7121
0,0.2,0.0,1,1,-1.0,0.8,ransom_7122
0,0.2,0.0,1,1,0.0,0.8,ransom_7123
1,0.0555555555555555,0.0,1,5,0.0,0.9444444444444444,ransom_7124
0,0.25,0.0,1,1,0.0,0.75,ransom_7125
1,0.0909090909090909,0.0,1,4,0.0,0.9090909090909092,ransom_7126
0,0.1666666666666666,0.0,1,2,0.0,0.8333333333333334,ransom_7127
1,0.1428571428571428,0.0,1,2,-0.250000000000001,0.8571428571428571,ransom_7128
4,0.125,0.0,1,3,0.0,0.875,ransom_7129
1,0.1428571428571428,0.0,1,2,0.0,0.8571428571428571,ransom_7130
0,0.1666666666666666,0.0,1,2,0.0,0.8333333333333334,ransom_7132
3,0.125,0.0,1,2,-0.4880935300919782,0.875,ransom_7133
1,0.0833333333333333,0.0,1,3,-0.3268602252303066,0.9166666666666666,ransom_7134
0,0.25,0.0,1,1,0.0,0.75,ransom_7135
1,0.125,0.0,1,2,-0.4880935300919782,0.875,ransom_7137
0,0.125,0.0,1,2,-0.6454972243679025,0.875,ransom_7138
0,0.3333333333333333,0.0,1,1,0.0,0.6666666666666666,ransom_7140
0,0.1,0.0,1,3,0.0,0.9,ransom_7141
2,0.1111111111111111,0.0,1,3,0.0,0.8888888888888888,ransom_7142
0,0.3333333333333333,0.0,1,1,0.0,0.6666666666666666,ransom_7143
3,0.2,0.0,1,2,0.0,0.8,ransom_7144
0,0.0909090909090909,0.0,1,3,-0.166666666666668,0.9090909090909092,ransom_7145
0,0.3333333333333333,0.0,1,1,0.0,0.6666666666666666,ransom_7146
5,0.0666666666666666,0.0,1,4,-0.1473139127471972,0.9333333333333332,ransom_7148
0,0.2,0.0,1,1,0.0,0.8,ransom_7151
0,0.1666666666666666,0.0,1,2,0.1666666666666655,0.8333333333333334,ransom_7152
0,0.0833333333333333,0.0,1,3,-0.3268602252303066,0.9166666666666666,ransom_7153
0,0.1666666666666666,0.0,1,2,0.0,0.8333333333333334,ransom_7154
1,0.0625,0.0,1,5,0.0,0.9375,ransom_7155
0,0.0833333333333333,0.0,1,3,-0.3888888888888903,0.9166666666666666,ransom_7156
0,0.1,0.0,1,3,0.0,0.9,ransom_7158
0,0.1111111111111111,0.0,1,3,0.0,0.8888888888888888,ransom_7160
0,0.1666666666666666,0.0,1,1,-0.9999999999999992,0.8333333333333334,ransom_7162
0,0.25,0.0,1,1,0.0,0.75,ransom_7163
11,0.1,0.0,1,3,0.0,0.9,ransom_7165
0,0.25,0.0,1,1,0.0,0.75,ransom_7166
6,0.1428571428571428,0.0,1,2,0.0,0.8571428571428571,ransom_7167
0,0.25,0.0,1,1,0.0,0.75,ransom_7168
0,0.0833333333333333,0.0,1,3,0.0,0.9166666666666666,ransom_7170
2,0.0769230769230769,0.0,1,4,0.0,0.9230769230769232,ransom_7171
0,0.1428571428571428,0.0,1,2,0.0,0.8571428571428571,ransom_7172
0,0.25,0.0,1,1,0.0,0.75,ransom_7173
0,0.25,0.0,1,1,0.0,0.75,ransom_7174
0,0.3333333333333333,0.0,1,1,0.0,0.6666666666666666,ransom_7175
1,0.1428571428571428,0.0,1,2,0.0,0.8571428571428571,ransom_7176
0,0.1428571428571428,0.0,1,2,0.0,0.8571428571428571,ransom_7177
0,0.1,0.0,1,3,-0.1889822365046146,0.9,ransom_7178
0,0.25,0.0,1,1,0.0,0.75,ransom_7179
0,0.1111111111111111,0.0,1,2,-0.6546536707079772,0.8888888888888888,ransom_7180
0,0.25,0.0,1,1,0.0,0.75,ransom_7181
0,0.1666666666666666,0.0,1,2,0.0,0.8333333333333334,ransom_7182
0,0.1666666666666666,0.0,1,2,0.0,0.8333333333333334,ransom_7184
0,0.25,0.0,1,1,0.0,0.75,ransom_7185
2,0.0833333333333333,0.0,1,4,0.0173762011714225,0.9166666666666666,ransom_7186
0,0.25,0.0,1,1,0.0,0.75,ransom_7188
0,0.1666666666666666,0.0,1,2,0.1666666666666655,0.8333333333333334,ransom_7189
0,0.3333333333333333,0.0,1,1,0.0,0.6666666666666666,ransom_7190
0,0.1428571428571428,0.0,1,2,0.0,0.8571428571428571,ransom_7191
0,0.25,0.0,1,1,0.0,0.75,ransom_7192
1,0.125,0.0,1,2,-0.4880935300919782,0.875,ransom_7193
1,0.0454545454545454,0.0,1,7,0.0569597436867933,0.9545454545454546,ransom_7194
0,0.1666666666666666,0.0,1,2,0.0,0.8333333333333334,ransom_7195
0,0.3333333333333333,0.0,1,1,0.0,0.6666666666666666,ransom_7196
0,0.25,0.0,1,1,0.0,0.75,ransom_7198
0,0.25,0.0,1,1,0.0,0.75,ransom_7199
0,0.1111111111111111,0.0,1,3,0.0,0.8888888888888888,ransom_7200
1,0.0909090909090909,0.0,1,3,0.0,0.9090909090909092,ransom_7201
0,0.0909090909090909,0.0,1,3,-0.2500000000000005,0.9090909090909092,ransom_7203
1,0.0909090909090909,0.0,1,3,-0.2500000000000005,0.9090909090909092,ransom_7204
0,0.1111111111111111,0.0,1,3,0.0,0.8888888888888888,ransom_7205
0,0.125,0.0,1,2,0.0,0.875,ransom_7206
0,0.1428571428571428,0.0,1,2,0.0,0.8571428571428571,ransom_7207
1,0.25,0.0,1,1,0.0,0.75,ransom_7208
0,0.125,0.0,1,3,0.0,0.875,ransom_7210
0,0.125,0.0,1,2,0.0,0.875,ransom_7212
0,0.3333333333333333,0.0,1,1,0.0,0.6666666666666666,ransom_7213
0,0.1666666666666666,0.0,1,2,0.1666666666666655,0.8333333333333334,ransom_7214
0,0.25,0.0,1,1,0.0,0.75,ransom_7215
0,0.3333333333333333,0.0,1,1,0.0,0.6666666666666666,ransom_7216
0,0.1666666666666666,0.0,1,2,0.0,0.8333333333333334,ransom_7217
0,0.1,0.0,1,3,0.0,0.9,ransom_7218
0,0.1428571428571428,0.0,1,2,0.0,0.8571428571428571,ransom_7220
0,0.1111111111111111,0.0,1,2,-0.6546536707079772,0.8888888888888888,ransom_7221
0,0.3333333333333333,0.0,1,1,0.0,0.6666666666666666,ransom_7222
0,0.1666666666666666,0.0,1,2,0.0,0.8333333333333334,ransom_7223
2,0.3333333333333333,0.0,1,1,0.0,0.6666666666666666,ransom_7224
0,0.0714285714285714,0.0,1,4,-0.0769321818620843,0.9285714285714286,ransom_7225
0,0.25,0.0,1,1,0.0,0.75,ransom_7226
0,0.1428571428571428,0.0,1,2,-0.250000000000001,0.8571428571428571,ransom_7227
0,0.2,0.0,1,2,0.0,0.8,ransom_7230
5,0.0909090909090909,0.0,1,4,0.0,0.9090909090909092,ransom_7231
1,0.1666666666666666,0.0,1,2,0.0,0.8333333333333334,ransom_7232
4,0.0909090909090909,0.0,1,4,0.0368604890387233,0.9090909090909092,ransom_7234
0,0.1428571428571428,0.0,1,2,-0.250000000000001,0.8571428571428571,ransom_7235
0,0.25,0.0,1,1,0.0,0.75,ransom_7237
0,0.1666666666666666,0.0,1,2,0.0,0.8333333333333334,ransom_7239
0,0.125,0.0,1,3,0.0,0.875,ransom_7240
1,0.125,0.0,1,3,0.0,0.875,ransom_7241
1,0.125,0.0,1,3,0.0,0.875,ransom_7243
0,0.1111111111111111,0.0,1,2,-0.5773502691896258,0.8888888888888888,ransom_7245
0,0.125,0.0,1,2,-0.6454972243679025,0.875,ransom_7247
0,0.1,0.0,1,3,-0.0805822964025377,0.9,ransom_7248
2,0.0476190476190476,0.0,1,7,0.0,0.9523809523809524,ransom_7249
1,0.0833333333333333,0.0,1,5,0.0,0.9166666666666666,ransom_7250
0,0.125,0.0,1,2,-0.4880935300919782,0.875,ransom_7251
0,0.125,0.0,1,2,-0.6454972243679025,0.875,ransom_7252
0,0.1666666666666666,0.0,1,2,0.1666666666666655,0.8333333333333334,ransom_7255
1,0.1111111111111111,0.0,1,2,-0.6546536707079772,0.8888888888888888,ransom_7256
0,0.0909090909090909,0.0,1,3,0.0,0.9090909090909092,ransom_7257
2,0.3333333333333333,0.0,1,1,0.0,0.6666666666666666,ransom_7259
1,0.3333333333333333,0.0,1,1,0.0,0.6666666666666666,ransom_7260
0,0.125,0.0,1,2,-0.166666666666668,0.875,ransom_7261
3,0.1666666666666666,0.0,1,2,0.0,0.8333333333333334,ransom_7262
0,0.1666666666666666,0.0,1,2,0.0,0.8333333333333334,ransom_7263
0,0.25,0.0,1,1,0.0,0.75,ransom_7266
0,0.1111111111111111,0.0,1,2,-0.6546536707079772,0.8888888888888888,ransom_7267
0,0.1111111111111111,0.0,1,2,-0.6546536707079772,0.8888888888888888,ransom_7268
1,0.0909090909090909,0.0,1,3,0.0,0.9090909090909092,ransom_7269
0,0.1111111111111111,0.0,1,3,0.0,0.8888888888888888,ransom_7272
0,0.25,0.0,1,1,0.0,0.75,ransom_7274
1,0.2,0.0,1,1,-1.0,0.8,ransom_7276
0,0.3333333333333333,0.0,1,1,0.0,0.6666666666666666,ransom_7279
1,0.1428571428571428,0.0,1,2,0.0,0.8571428571428571,ransom_7280
1,0.1666666666666666,0.0,1,2,0.0,0.8333333333333334,ransom_7281
1,0.3333333333333333,0.0,1,1,0.0,0.6666666666666666,ransom_7282
0,0.25,0.0,1,1,0.0,0.75,ransom_7283
4,0.1,0.0,1,3,0.0,0.9,ransom_7284
0,0.125,0.0,1,2,-0.6454972243679025,0.875,ransom_7285
4,0.1111111111111111,0.0,1,3,0.0,0.8888888888888888,ransom_7286
2,0.125,0.0,1,2,0.0,0.875,ransom_7287
0,0.1,0.0,1,3,0.0,0.9,ransom_7289
3,0.1666666666666666,0.0,1,2,0.0,0.8333333333333334,ransom_7290
0,0.1428571428571428,0.0,1,2,0.0,0.8571428571428571,ransom_7291
0,0.1428571428571428,0.0,1,2,0.0,0.8571428571428571,ransom_7293
2,0.1666666666666666,0.0,1,2,0.0,0.8333333333333334,ransom_7294
0,0.125,0.0,1,2,-0.6454972243679025,0.875,ransom_7295
0,0.125,0.0,1,2,0.0,0.875,ransom_7296
0,0.1666666666666666,0.0,1,2,0.0,0.8333333333333334,ransom_7297
2,0.0833333333333333,0.0,1,3,0.0,0.9166666666666666,ransom_7298
1,0.1428571428571428,0.0,1,2,0.0,0.8571428571428571,ransom_7301
1,0.1428571428571428,0.0,1,2,0.0,0.8571428571428571,ransom_7303
4,0.0714285714285714,0.0,1,4,-0.0210818510677897,0.9285714285714286,ransom_7304
0,0.1428571428571428,0.0,1,2,0.0,0.8571428571428571,ransom_7305
1,0.1111111111111111,0.0,1,2,-0.6546536707079772,0.8888888888888888,ransom_7307
0,0.25,0.0,1,1,0.0,0.75,ransom_7308
3,0.0833333333333333,0.0,1,4,0.0,0.9166666666666666,ransom_7309
1,0.0909090909090909,0.0,1,3,0.0,0.9090909090909092,ransom_7310
0,0.0909090909090909,0.0,1,3,0.0,0.9090909090909092,ransom_7311
0,0.1428571428571428,0.0,1,2,0.0,0.8571428571428571,ransom_7312
0,0.0769230769230769,0.0,1,3,-0.3162277660168375,0.9230769230769232,ransom_7313
0,0.25,0.0,1,1,0.0,0.75,ransom_7314
0,0.2,0.0,1,1,-1.0,0.8,ransom_7315
0,0.25,0.0,1,1,0.0,0.75,ransom_7316
1,0.3333333333333333,0.0,1,1,0.0,0.6666666666666666,ransom_7317
0,0.25,0.0,1,1,0.0,0.75,ransom_7318
0,0.1111111111111111,0.0,1,2,-0.6546536707079772,0.8888888888888888,ransom_7319
0,0.25,0.0,1,1,0.0,0.75,ransom_7320
0,0.1428571428571428,0.0,1,2,-0.250000000000001,0.8571428571428571,ransom_7321
0,0.25,0.0,1,1,0.0,0.75,ransom_7322
0,0.25,0.0,1,1,0.0,0.75,ransom_7323
1,0.0588235294117647,0.0,1,5,0.0,0.9411764705882352,ransom_7325
1,0.1111111111111111,0.0,1,3,0.0,0.8888888888888888,ransom_7326
1,0.125,0.0,1,2,-0.6454972243679025,0.875,ransom_7327
1,0.1428571428571428,0.0,1,2,0.0,0.8571428571428571,ransom_7328
0,0.1428571428571428,0.0,1,2,0.0,0.8571428571428571,ransom_7329
0,0.125,0.0,1,2,0.0,0.875,ransom_7330
0,0.25,0.0,1,1,0.0,0.75,ransom_7331
0,0.2,0.0,1,2,0.0,0.8,ransom_7332
0,0.3333333333333333,0.0,1,1,0.0,0.6666666666666666,ransom_7333
0,0.0714285714285714,0.0,1,3,-0.4813299149207699,0.9285714285714286,ransom_7334
3,0.1428571428571428,0.0,1,2,0.0,0.8571428571428571,ransom_7335
1,0.125,0.0,1,2,0.0,0.875,ransom_7337
2,0.0909090909090909,0.0,1,3,-0.2500000000000005,0.9090909090909092,ransom_7338
0,0.0769230769230769,0.0,1,4,0.0,0.9230769230769232,ransom_7339
0,0.25,0.0,1,1,0.0,0.75,ransom_7340
0,0.25,0.0,1,1,0.0,0.75,ransom_7341
0,0.1428571428571428,0.0,1,2,0.0,0.8571428571428571,ransom_7342
10,0.1428571428571428,0.0,1,2,0.0,0.8571428571428571,ransom_7343
1,0.1428571428571428,0.0,1,2,0.0,0.8571428571428571,ransom_7344
2,0.25,0.0,1,1,0.0,0.75,ransom_7346
0,0.2,0.0,1,1,0.0,0.8,ransom_7347
0,0.25,0.0,1,1,0.0,0.75,ransom_7348
0,0.2,0.0,1,1,0.0,0.8,ransom_7351
0,0.125,0.0,1,2,-0.6454972243679025,0.875,ransom_7352
0,0.1428571428571428,0.0,1,2,-0.250000000000001,0.8571428571428571,ransom_7353
2,0.25,0.0,1,1,0.0,0.75,ransom_7354
0,0.1,0.0,1,3,0.0,0.9,ransom_7355
0,0.125,0.0,1,2,0.0,0.875,ransom_7356
0,0.25,0.0,1,1,0.0,0.75,ransom_7357
0,0.2,0.0,1,1,0.0,0.8,ransom_7358
1,0.0909090909090909,0.0,1,3,-0.166666666666668,0.9090909090909092,ransom_7360
1,0.125,0.0,1,2,0.0,0.875,ransom_7361
7,0.0833333333333333,0.0,1,4,0.0173762011714225,0.9166666666666666,ransom_7362
0,0.25,0.0,1,1,0.0,0.75,ransom_7363
0,0.0769230769230769,0.0,1,3,-0.3162277660168375,0.9230769230769232,ransom_7364
0,0.1428571428571428,0.0,1,2,-0.250000000000001,0.8571428571428571,ransom_7365
1,0.25,0.0,1,1,0.0,0.75,ransom_7366
0,0.125,0.0,1,2,0.0,0.875,ransom_7368
0,0.125,0.0,1,2,0.0,0.875,ransom_7369
0,0.1666666666666666,0.0,1,2,0.0,0.8333333333333334,ransom_7370
1,0.0666666666666666,0.0,1,4,0.0,0.9333333333333332,ransom_7373
0,0.1428571428571428,0.0,1,2,0.0,0.8571428571428571,ransom_7374
0,0.25,0.0,1,1,0.0,0.75,ransom_7375
0,0.3333333333333333,0.0,1,1,0.0,0.6666666666666666,ransom_7376
0,0.1,0.0,1,3,0.0,0.9,ransom_7377
0,0.2,0.0,1,1,0.0,0.8,ransom_7378
0,0.1111111111111111,0.0,1,2,-0.6546536707079772,0.8888888888888888,ransom_7379
1,0.1666666666666666,0.0,1,2,0.0,0.8333333333333334,ransom_7380
0,0.3333333333333333,0.0,1,1,0.0,0.6666666666666666,ransom_7381
16,0.125,0.0,1,2,-0.4880935300919782,0.875,ransom_7382
3,0.1666666666666666,0.0,1,2,0.0,0.8333333333333334,ransom_7383
0,0.0909090909090909,0.0,1,3,-0.2500000000000005,0.9090909090909092,ransom_7384
2,0.3333333333333333,0.0,1,1,0.0,0.6666666666666666,ransom_7386
0,0.2,0.0,1,1,0.0,0.8,ransom_7387
1,0.1666666666666666,0.0,1,2,0.0,0.8333333333333334,ransom_7388
0,0.2,0.0,1,1,0.0,0.8,ransom_7389
0,0.1428571428571428,0.0,1,2,-0.250000000000001,0.8571428571428571,ransom_7390
1,0.25,0.0,1,1,0.0,0.75,ransom_7391
0,0.1428571428571428,0.0,1,2,0.0,0.8571428571428571,ransom_7393
0,0.3333333333333333,0.0,1,1,0.0,0.6666666666666666,ransom_7394
2,0.125,0.0,1,2,-0.4880935300919782,0.875,ransom_7395
5,0.125,0.0,1,3,0.0,0.875,ransom_7397
0,0.25,0.0,1,1,0.0,0.75,ransom_7398
0,0.25,0.0,1,1,0.0,0.75,ransom_7400
2,0.1111111111111111,0.0,1,3,0.0,0.8888888888888888,ransom_7401
0,0.1,0.0,1,2,-0.8237544710479152,0.9,ransom_7402
1,0.125,0.0,1,2,0.0,0.875,ransom_7403
0,0.25,0.0,1,1,0.0,0.75,ransom_7404
0,0.125,0.0,1,2,-0.6454972243679025,0.875,ransom_7406
0,0.0833333333333333,0.0,1,3,-0.3268602252303066,0.9166666666666666,ransom_7407
0,0.125,0.0,1,2,0.0,0.875,ransom_7408
2,0.2,0.0,1,1,0.0,0.8,ransom_7409
0,0.25,0.0,1,1,0.0,0.75,ransom_7410
0,0.3333333333333333,0.0,1,1,0.0,0.6666666666666666,ransom_7411
0,0.125,0.0,1,2,-0.4880935300919782,0.875,ransom_7412
0,0.1428571428571428,0.0,1,2,0.0,0.8571428571428571,ransom_7413
0,0.125,0.0,1,2,-0.6454972243679025,0.875,ransom_7414
0,0.1111111111111111,0.0,1,2,-0.6546536707079772,0.8888888888888888,ransom_7417
1,0.3333333333333333,0.0,1,1,0.0,0.6666666666666666,ransom_7418
0,0.2,0.0,1,1,0.0,0.8,ransom_7419
0,0.125,0.0,1,2,-0.6454972243679025,0.875,ransom_7420
0,0.1428571428571428,0.0,1,2,0.0,0.8571428571428571,ransom_7421
0,0.1428571428571428,0.0,1,2,0.0,0.8571428571428571,ransom_7423
0,0.1111111111111111,0.0,1,3,0.0,0.8888888888888888,ransom_7424
1,0.125,0.0,1,2,0.0,0.875,ransom_7426
0,0.1428571428571428,0.0,1,2,-0.250000000000001,0.8571428571428571,ransom_7427
0,0.3333333333333333,0.0,1,1,0.0,0.6666666666666666,ransom_7428
2,0.1666666666666666,0.0,1,2,0.0,0.8333333333333334,ransom_7429
0,0.1111111111111111,0.0,1,2,-0.6546536707079772,0.8888888888888888,ransom_7430
0,0.0714285714285714,0.0,1,4,0.067115605521402,0.9285714285714286,ransom_7431
0,0.1666666666666666,0.0,1,2,0.0,0.8333333333333334,ransom_7432
0,0.1,0.0,1,3,0.0,0.9,ransom_7433
0,0.125,0.0,1,2,-0.166666666666668,0.875,ransom_7434
0,0.1111111111111111,0.0,1,3,0.0,0.8888888888888888,ransom_7435
0,0.1111111111111111,0.0,1,2,-0.6546536707079772,0.8888888888888888,ransom_7436
0,0.1428571428571428,0.0,1,2,0.0,0.8571428571428571,ransom_7438
0,0.1428571428571428,0.0,1,2,0.0,0.8571428571428571,ransom_7439
0,0.125,0.0,1,2,0.0,0.875,ransom_7440
0,0.25,0.0,1,1,0.0,0.75,ransom_7441
0,0.1428571428571428,0.0,1,2,0.0,0.8571428571428571,ransom_7444
0,0.1666666666666666,0.0,1,2,0.0,0.8333333333333334,ransom_7446
0,0.1428571428571428,0.0,1,2,0.0,0.8571428571428571,ransom_7447
0,0.0833333333333333,0.0,1,4,0.0,0.9166666666666666,ransom_7448
0,0.1666666666666666,0.0,1,2,0.0,0.8333333333333334,ransom_7449
2,0.1111111111111111,0.0,1,3,0.0,0.8888888888888888,ransom_7451
0,0.1,0.0,1,3,-0.0805822964025377,0.9,ransom_7452
0,0.1666666666666666,0.0,1,2,0.0,0.8333333333333334,ransom_7453
0,0.1428571428571428,0.0,1,2,-0.250000000000001,0.8571428571428571,ransom_7456
0,0.25,0.0,1,1,0.0,0.75,ransom_7458
0,0.1666666666666666,0.0,1,2,0.0,0.8333333333333334,ransom_7459
0,0.1,0.0,1,3,0.0,0.9,ransom_7460
0,0.3333333333333333,0.0,1,1,0.0,0.6666666666666666,ransom_7461
0,0.125,0.0,1,2,0.0,0.875,ransom_7462
6,0.05,0.0,1,5,-0.0603984338889137,0.95,ransom_7463
0,0.1428571428571428,0.0,1,2,0.0,0.8571428571428571,ransom_7464
0,0.125,0.0,1,2,0.0,0.875,ransom_7465
0,0.0833333333333333,0.0,1,3,-0.3888888888888903,0.9166666666666666,ransom_7466
2,0.1428571428571428,0.0,1,2,-0.250000000000001,0.8571428571428571,ransom_7467
0,0.1666666666666666,0.0,1,2,0.1666666666666655,0.8333333333333334,ransom_7468
0,0.125,0.0,1,2,0.0,0.875,ransom_7469
4,0.3333333333333333,0.0,1,1,0.0,0.6666666666666666,ransom_7470
0,0.25,0.0,1,1,0.0,0.75,ransom_7471
0,0.1111111111111111,0.0,1,2,-0.6546536707079772,0.8888888888888888,ransom_7472
3,0.1,0.0,1,3,-0.0805822964025377,0.9,ransom_7473
1,0.1428571428571428,0.0,1,2,0.0,0.8571428571428571,ransom_7474
0,0.1111111111111111,0.0,1,3,0.0,0.8888888888888888,ransom_7475
0,0.25,0.0,1,1,0.0,0.75,ransom_7477
3,0.0909090909090909,0.0,1,3,-0.2500000000000005,0.9090909090909092,ransom_7479
0,0.3333333333333333,0.0,1,1,0.0,0.6666666666666666,ransom_7480
0,0.1,0.0,1,3,0.1135923668494129,0.9,ransom_7481
0,0.2,0.0,1,1,-1.0,0.8,ransom_7482
0,0.3333333333333333,0.0,1,1,0.0,0.6666666666666666,ransom_7484
0,0.0714285714285714,0.0,1,5,0.0,0.9285714285714286,ransom_7485
1,0.1428571428571428,0.0,1,2,0.0,0.8571428571428571,ransom_7486
3,0.0833333333333333,0.0,1,4,0.0,0.9166666666666666,ransom_7487
0,0.1666666666666666,0.0,1,2,0.0,0.8333333333333334,ransom_7488
0,0.3333333333333333,0.0,1,1,0.0,0.6666666666666666,ransom_7489
0,0.0769230769230769,0.0,1,3,0.0,0.9230769230769232,ransom_7491
0,0.125,0.0,1,2,0.0,0.875,ransom_7492
0,0.25,0.0,1,1,0.0,0.75,ransom_7495
1,0.1428571428571428,0.0,1,2,0.0,0.8571428571428571,ransom_7496
0,0.3333333333333333,0.0,1,1,0.0,0.6666666666666666,ransom_7498
1,0.1428571428571428,0.0,1,2,0.0,0.8571428571428571,ransom_7500
5,0.0526315789473684,0.0,1,6,0.0,0.9473684210526316,ransom_7501
0,0.125,0.0,1,2,-0.6454972243679025,0.875,ransom_7502
0,0.1666666666666666,0.0,1,2,0.0,0.8333333333333334,ransom_7503
1,0.0714285714285714,0.0,1,4,0.0,0.9285714285714286,ransom_7504
0,0.3333333333333333,0.0,1,1,0.0,0.6666666666666666,ransom_7505
2,0.1,0.0,1,3,-0.0805822964025377,0.9,ransom_7506
0,0.1,0.0,1,3,0.0,0.9,ransom_7508
0,0.125,0.0,1,2,-0.6454972243679025,0.875,ransom_7510
0,0.1666666666666666,0.0,1,2,0.0,0.8333333333333334,ransom_7511
0,0.1111111111111111,0.0,1,3,0.0,0.8888888888888888,ransom_7514
1,0.3333333333333333,0.0,1,1,0.0,0.6666666666666666,ransom_7515
0,0.1666666666666666,0.0,1,2,0.0,0.8333333333333334,ransom_7516
0,0.0625,0.0,1,4,-0.1626109088969974,0.9375,ransom_7518
0,0.125,0.0,1,3,0.0,0.875,ransom_7519
4,0.1666666666666666,0.0,1,2,0.0,0.8333333333333334,ransom_7520
1,0.2,0.0,1,1,0.0,0.8,ransom_7522
0,0.0714285714285714,0.0,1,4,0.0,0.9285714285714286,ransom_7524
1,0.25,0.0,1,1,0.0,0.75,ransom_7526
0,0.1666666666666666,0.0,1,2,0.0,0.8333333333333334,ransom_7527
0,0.2,0.0,1,1,-1.0,0.8,ransom_7528
0,0.1,0.0,1,3,-0.0805822964025377,0.9,ransom_7529
0,0.25,0.0,1,1,0.0,0.75,ransom_7530
0,0.3333333333333333,0.0,1,1,0.0,0.6666666666666666,ransom_7531
0,0.1666666666666666,0.0,1,2,0.0,0.8333333333333334,ransom_7533
1,0.2,0.0,1,2,0.0,0.8,ransom_7534
1,0.1,0.0,1,3,0.0,0.9,ransom_7535
0,0.3333333333333333,0.0,1,1,0.0,0.6666666666666666,ransom_7536
0,0.125,0.0,1,2,-0.6454972243679025,0.875,ransom_7537
0,0.0714285714285714,0.0,1,4,0.0,0.9285714285714286,ransom_7539
1,0.125,0.0,1,3,0.0,0.875,ransom_7540
0,0.1,0.0,1,3,0.0,0.9,ransom_7541
4,0.125,0.0,1,2,-0.6454972243679025,0.875,ransom_7542
0,0.3333333333333333,0.0,1,1,0.0,0.6666666666666666,ransom_7543
6,0.3333333333333333,0.0,1,1,0.0,0.6666666666666666,ransom_7544
1,0.1666666666666666,0.0,1,2,0.0,0.8333333333333334,ransom_7545
0,0.2,0.0,1,1,0.0,0.8,ransom_7546
1,0.1111111111111111,0.0,1,2,-0.5773502691896258,0.8888888888888888,ransom_7548
0,0.1666666666666666,0.0,1,2,0.0,0.8333333333333334,ransom_7549
1,0.3333333333333333,0.0,1,1,0.0,0.6666666666666666,ransom_7552
0,0.1428571428571428,0.0,1,2,-0.250000000000001,0.8571428571428571,ransom_7554
0,0.1,0.0,1,3,-0.0805822964025377,0.9,ransom_7555
3,0.1,0.0,1,3,0.1135923668494129,0.9,ransom_7556
0,0.1,0.0,1,3,0.0,0.9,ransom_7557
0,0.1666666666666666,0.0,1,2,0.0,0.8333333333333334,ransom_7558
2,0.1666666666666666,0.0,1,2,0.0,0.8333333333333334,ransom_7559
0,0.0833333333333333,0.0,1,3,-0.1028688999747275,0.9166666666666666,ransom_7560
0,0.1666666666666666,0.0,1,1,-0.9999999999999992,0.8333333333333334,ransom_7561
2,0.1,0.0,1,4,0.0,0.9,ransom_7562
0,0.0833333333333333,0.0,1,3,-0.3888888888888903,0.9166666666666666,ransom_7563
0,0.1666666666666666,0.0,1,2,0.0,0.8333333333333334,ransom_7565
0,0.25,0.0,1,1,0.0,0.75,ransom_7566
1,0.3333333333333333,0.0,1,1,0.0,0.6666666666666666,ransom_7567
3,0.125,0.0,1,2,0.0,0.875,ransom_7570
0,0.2,0.0,1,1,0.0,0.8,ransom_7571
0,0.1,0.0,1,3,0.0,0.9,ransom_7572
1,0.0625,0.0,1,5,0.0,0.9375,ransom_7573
0,0.125,0.0,1,3,0.0,0.875,ransom_7574
0,0.1428571428571428,0.0,1,2,0.0,0.8571428571428571,ransom_7575
0,0.1666666666666666,0.0,1,2,0.0,0.8333333333333334,ransom_7577
0,0.1428571428571428,0.0,1,2,-0.250000000000001,0.8571428571428571,ransom_7578
0,0.0909090909090909,0.0,1,4,0.0,0.9090909090909092,ransom_7579
4,0.1,0.0,1,3,0.0,0.9,ransom_7580
1,0.0833333333333333,0.0,1,4,0.0,0.9166666666666666,ransom_7583
0,0.2,0.0,1,1,-1.0,0.8,ransom_7585
0,0.1428571428571428,0.0,1,2,0.0,0.8571428571428571,ransom_7586
0,0.25,0.0,1,1,0.0,0.75,ransom_7587
4,0.25,0.0,1,1,0.0,0.75,ransom_7588
0,0.1666666666666666,0.0,1,1,-0.9999999999999992,0.8333333333333334,ransom_7590
0,0.25,0.0,1,1,0.0,0.75,ransom_7592
0,0.125,0.0,1,2,-0.4880935300919782,0.875,ransom_7593
0,0.1428571428571428,0.0,1,3,0.0,0.8571428571428571,ransom_7597
0,0.2,0.0,1,1,0.0,0.8,ransom_7598
0,0.25,0.0,1,1,0.0,0.75,ransom_7599
0,0.2,0.0,1,1,0.0,0.8,ransom_7600
0,0.3333333333333333,0.0,1,1,0.0,0.6666666666666666,ransom_7601
0,0.1428571428571428,0.0,1,2,0.0,0.8571428571428571,ransom_7602
0,0.25,0.0,1,1,0.0,0.75,ransom_7603
0,0.1,0.0,1,3,0.0,0.9,ransom_7604
3,0.2,0.0,1,2,0.0,0.8,ransom_7607
7,0.1428571428571428,0.0,1,2,0.0,0.8571428571428571,ransom_7608
0,0.3333333333333333,0.0,1,1,0.0,0.6666666666666666,ransom_7609
0,0.1,0.0,1,3,0.0,0.9,ransom_7610
1,0.2,0.0,1,1,0.0,0.8,ransom_7611
1,0.3333333333333333,0.0,1,1,0.0,0.6666666666666666,ransom_7612
0,0.25,0.0,1,1,0.0,0.75,ransom_7614
0,0.3333333333333333,0.0,1,1,0.0,0.6666666666666666,ransom_7615
0,0.125,0.0,1,2,0.0,0.875,ransom_7616
0,0.1428571428571428,0.0,1,2,-0.250000000000001,0.8571428571428571,ransom_7618
0,0.1111111111111111,0.0,1,3,0.0,0.8888888888888888,ransom_7619
1,0.3333333333333333,0.0,1,1,0.0,0.6666666666666666,ransom_7620
0,0.25,0.0,1,1,0.0,0.75,ransom_7621
0,0.2,0.0,1,1,-1.0,0.8,ransom_7622
0,0.2,0.0,1,1,0.0,0.8,ransom_7624
3,0.0909090909090909,0.0,1,3,-0.2500000000000005,0.9090909090909092,ransom_7626
0,0.125,0.0,1,2,-0.6454972243679025,0.875,ransom_7630
2,0.1,0.0,1,3,-0.0805822964025377,0.9,ransom_7632
0,0.1,0.0,1,3,0.0,0.9,ransom_7633
0,0.125,0.0,1,2,0.0,0.875,ransom_7635
0,0.1111111111111111,0.0,1,2,-0.6546536707079772,0.8888888888888888,ransom_7636
0,0.1428571428571428,0.0,1,2,0.0,0.8571428571428571,ransom_7637
0,0.25,0.0,1,1,0.0,0.75,ransom_7640
0,0.0769230769230769,0.0,1,3,-0.4780914437337626,0.9230769230769232,ransom_7641
2,0.1111111111111111,0.0,1,3,0.0,0.8888888888888888,ransom_7642
0,0.25,0.0,1,1,0.0,0.75,ransom_7643
0,0.3333333333333333,0.0,1,1,0.0,0.6666666666666666,ransom_7644
0,0.125,0.0,1,2,-0.6454972243679025,0.875,ransom_7646
0,0.3333333333333333,0.0,1,1,0.0,0.6666666666666666,ransom_7647
0,0.25,0.0,1,1,0.0,0.75,ransom_7648
8,0.0833333333333333,0.0,1,3,-0.3888888888888903,0.9166666666666666,ransom_7649
0,0.0909090909090909,0.0,1,3,0.0,0.9090909090909092,ransom_7650
1,0.3333333333333333,0.0,1,1,0.0,0.6666666666666666,ransom_7651
0,0.3333333333333333,0.0,1,1,0.0,0.6666666666666666,ransom_7653
2,0.1111111111111111,0.0,1,3,0.0,0.8888888888888888,ransom_7654
0,0.1,0.0,1,3,0.0,0.9,ransom_7655
0,0.1111111111111111,0.0,1,3,0.0,0.8888888888888888,ransom_7657
1,0.2,0.0,1,1,0.0,0.8,ransom_7658
0,0.0909090909090909,0.0,1,3,-0.2500000000000005,0.9090909090909092,ransom_7659
0,0.1666666666666666,0.0,1,1,-0.9999999999999992,0.8333333333333334,ransom_7660
0,0.125,0.0,1,2,-0.4880935300919782,0.875,ransom_7661
0,0.2,0.0,1,1,0.0,0.8,ransom_7662
0,0.1428571428571428,0.0,1,2,0.0,0.8571428571428571,ransom_7663
0,0.25,0.0,1,1,0.0,0.75,ransom_7664
0,0.25,0.0,1,1,0.0,0.75,ransom_7665
0,0.2,0.0,1,1,0.0,0.8,ransom_7666
0,0.1428571428571428,0.0,1,2,-0.250000000000001,0.8571428571428571,ransom_7667
0,0.25,0.0,1,1,0.0,0.75,ransom_7668
0,0.25,0.0,1,1,0.0,0.75,ransom_7669
6,0.0909090909090909,0.0,1,4,0.0368604890387233,0.9090909090909092,ransom_7670
0,0.1666666666666666,0.0,1,2,0.0,0.8333333333333334,ransom_7671
1,0.125,0.0,1,2,-0.4880935300919782,0.875,ransom_7673
0,0.25,0.0,1,1,0.0,0.75,ransom_7674
0,0.1666666666666666,0.0,1,2,0.1666666666666655,0.8333333333333334,ransom_7677
11,0.0909090909090909,0.0,1,3,-0.166666666666668,0.9090909090909092,ransom_7678
0,0.1666666666666666,0.0,1,2,0.1666666666666655,0.8333333333333334,ransom_7679
1,0.25,0.0,1,1,0.0,0.75,ransom_7680
0,0.0769230769230769,0.0,1,4,0.0,0.9230769230769232,ransom_7682
4,0.3333333333333333,0.0,1,1,0.0,0.6666666666666666,ransom_7683
2,0.1428571428571428,0.0,1,2,-0.250000000000001,0.8571428571428571,ransom_7684
0,0.25,0.0,1,1,0.0,0.75,ransom_7685
0,0.25,0.0,1,1,0.0,0.75,ransom_7687
0,0.25,0.0,1,1,0.0,0.75,ransom_7688
1,0.125,0.0,1,3,0.0,0.875,ransom_7689
1,0.25,0.0,1,1,0.0,0.75,ransom_7690
0,0.0769230769230769,0.0,1,3,-0.4780914437337626,0.9230769230769232,ransom_7691
0,0.1111111111111111,0.0,1,3,0.0,0.8888888888888888,ransom_7692
0,0.2,0.0,1,1,0.0,0.8,ransom_7693
0,0.1666666666666666,0.0,1,2,0.0,0.8333333333333334,ransom_7694
0,0.0666666666666666,0.0,1,4,-0.0912870929175288,0.9333333333333332,ransom_7695
0,0.3333333333333333,0.0,1,1,0.0,0.6666666666666666,ransom_7696
0,0.1666666666666666,0.0,1,2,0.0,0.8333333333333334,ransom_7697
0,0.25,0.0,1,1,0.0,0.75,ransom_7698
0,0.1666666666666666,0.0,1,1,-0.9999999999999992,0.8333333333333334,ransom_7699
7,0.2,0.0,1,2,0.0,0.8,ransom_7700
0,0.0714285714285714,0.0,1,4,0.0,0.9285714285714286,ransom_7701
0,0.1428571428571428,0.0,1,3,0.0,0.8571428571428571,ransom_7702
0,0.0666666666666666,0.0,1,4,0.0,0.9333333333333332,ransom_7703
4,0.25,0.0,1,1,0.0,0.75,ransom_7704
0,0.1428571428571428,0.0,1,3,0.0,0.8571428571428571,ransom_7705
0,0.1428571428571428,0.0,1,2,0.0,0.8571428571428571,ransom_7707
4,0.0526315789473684,0.0,1,6,0.0,0.9473684210526316,ransom_7708
0,0.1666666666666666,0.0,1,2,0.0,0.8333333333333334,ransom_7709
0,0.1666666666666666,0.0,1,2,0.0,0.8333333333333334,ransom_7710
0,0.3333333333333333,0.0,1,1,0.0,0.6666666666666666,ransom_7711
0,0.0714285714285714,0.0,1,4,-0.0769321818620843,0.9285714285714286,ransom_7712
0,0.1428571428571428,0.0,1,2,0.0,0.8571428571428571,ransom_7715
0,0.1,0.0,1,3,0.0,0.9,ransom_7716
0,0.25,0.0,1,1,0.0,0.75,ransom_7717
1,0.0625,0.0,1,4,-0.1626109088969974,0.9375,ransom_7718
0,0.25,0.0,1,1,0.0,0.75,ransom_7719
0,0.1111111111111111,0.0,1,3,0.0,0.8888888888888888,ransom_7720
0,0.1428571428571428,0.0,1,2,0.0,0.8571428571428571,ransom_7721
0,0.1111111111111111,0.0,1,3,0.0,0.8888888888888888,ransom_7722
0,0.0909090909090909,0.0,1,3,0.0,0.9090909090909092,ransom_7723
0,0.125,0.0,1,2,0.0,0.875,ransom_7724
2,0.0909090909090909,0.0,1,3,0.0,0.9090909090909092,ransom_7725
0,0.1,0.0,1,3,0.0,0.9,ransom_7727
1,0.25,0.0,1,1,0.0,0.75,ransom_7728
14,0.0588235294117647,0.0,1,4,-0.1490711984999859,0.9411764705882352,ransom_7729
0,0.1666666666666666,0.0,1,2,0.0,0.8333333333333334,ransom_7730
0,0.1111111111111111,0.0,1,3,0.0,0.8888888888888888,ransom_7731
0,0.1666666666666666,0.0,1,2,0.0,0.8333333333333334,ransom_7732
0,0.25,0.0,1,1,0.0,0.75,ransom_7734
5,0.125,0.0,1,2,0.0,0.875,ransom_7735
0,0.125,0.0,1,2,0.0,0.875,ransom_7736
2,0.125,0.0,1,3,0.0,0.875,ransom_7737
0,0.25,0.0,1,1,0.0,0.75,ransom_7739
0,0.1111111111111111,0.0,1,2,-0.5773502691896258,0.8888888888888888,ransom_7740
1,0.0714285714285714,0.0,1,4,-0.0769321818620843,0.9285714285714286,ransom_7741
2,0.0833333333333333,0.0,1,4,0.0,0.9166666666666666,ransom_7742
0,0.3333333333333333,0.0,1,1,0.0,0.6666666666666666,ransom_7743
3,0.2,0.0,1,2,0.0,0.8,ransom_7744
3,0.1666666666666666,0.0,1,2,0.1666666666666655,0.8333333333333334,ransom_7745
1,0.1111111111111111,0.0,1,2,-0.6546536707079772,0.8888888888888888,ransom_7746
0,0.1428571428571428,0.0,1,2,0.0,0.8571428571428571,ransom_7747
7,0.125,0.0,1,2,0.0,0.875,ransom_7749
0,0.3333333333333333,0.0,1,1,0.0,0.6666666666666666,ransom_7750
0,0.2,0.0,1,1,0.0,0.8,ransom_7751
0,0.25,0.0,1,1,0.0,0.75,ransom_7752
0,0.3333333333333333,0.0,1,1,0.0,0.6666666666666666,ransom_7754
0,0.125,0.0,1,2,0.0,0.875,ransom_7755
0,0.0833333333333333,0.0,1,3,-0.3268602252303066,0.9166666666666666,ransom_7756
1,0.0833333333333333,0.0,1,3,0.0,0.9166666666666666,ransom_7758
3,0.25,0.0,1,1,0.0,0.75,ransom_7759
0,0.2,0.0,1,2,0.0,0.8,ransom_7760
0,0.2,0.0,1,1,0.0,0.8,ransom_7761
0,0.25,0.0,1,1,0.0,0.75,ransom_7764
0,0.125,0.0,1,2,0.0,0.875,ransom_7765
0,0.3333333333333333,0.0,1,1,0.0,0.6666666666666666,ransom_7766
0,0.1111111111111111,0.0,1,3,0.0,0.8888888888888888,ransom_7767
0,0.25,0.0,1,1,0.0,0.75,ransom_7768
0,0.1,0.0,1,3,0.0,0.9,ransom_7770
0,0.25,0.0,1,1,0.0,0.75,ransom_7771
0,0.125,0.0,1,2,0.0,0.875,ransom_7772
0,0.125,0.0,1,2,-0.6454972243679025,0.875,ransom_7773
0,0.125,0.0,1,2,-0.6454972243679025,0.875,ransom_7774
2,0.3333333333333333,0.0,1,1,0.0,0.6666666666666666,ransom_7775
0,0.1666666666666666,0.0,1,2,0.0,0.8333333333333334,ransom_7776
0,0.1428571428571428,0.0,1,2,0.0,0.8571428571428571,ransom_7777
0,0.2,0.0,1,1,-1.0,0.8,ransom_7778
0,0.25,0.0,1,1,0.0,0.75,ransom_7779
0,0.1428571428571428,0.0,1,2,0.0,0.8571428571428571,ransom_7780
0,0.3333333333333333,0.0,1,1,0.0,0.6666666666666666,ransom_7781
0,0.1666666666666666,0.0,1,2,0.0,0.8333333333333334,ransom_7782
0,0.3333333333333333,0.0,1,1,0.0,0.6666666666666666,ransom_7783
0,0.1111111111111111,0.0,1,3,0.0,0.8888888888888888,ransom_7784
1,0.0666666666666666,0.0,1,4,-0.1473139127471972,0.9333333333333332,ransom_7785
1,0.2,0.0,1,1,0.0,0.8,ransom_7786
0,0.1111111111111111,0.0,1,2,-0.6546536707079772,0.8888888888888888,ransom_7787
0,0.1,0.0,1,3,0.0,0.9,ransom_7789
0,0.2,0.0,1,1,-1.0,0.8,ransom_7790
0,0.25,0.0,1,1,0.0,0.75,ransom_7792
0,0.1,0.0,1,3,0.0,0.9,ransom_7793
0,0.25,0.0,1,1,0.0,0.75,ransom_7794
0,0.3333333333333333,0.0,1,1,0.0,0.6666666666666666,ransom_7796
0,0.25,0.0,1,1,0.0,0.75,ransom_7797
0,0.3333333333333333,0.0,1,1,0.0,0.6666666666666666,ransom_7798
3,0.1111111111111111,0.0,1,2,-0.6546536707079772,0.8888888888888888,ransom_7799
0,0.2,0.0,1,1,-1.0,0.8,ransom_7800
2,0.1111111111111111,0.0,1,3,0.0,0.8888888888888888,ransom_7801
2,0.0833333333333333,0.0,1,3,-0.3268602252303066,0.9166666666666666,ransom_7802
0,0.2,0.0,1,1,-1.0,0.8,ransom_7803
0,0.1,0.0,1,3,-0.0805822964025377,0.9,ransom_7804
2,0.1428571428571428,0.0,1,2,-0.250000000000001,0.8571428571428571,ransom_7805
0,0.1666666666666666,0.0,1,1,-0.9999999999999992,0.8333333333333334,ransom_7806
0,0.125,0.0,1,2,-0.6454972243679025,0.875,ransom_7807
0,0.25,0.0,1,1,0.0,0.75,ransom_7809
2,0.0909090909090909,0.0,1,3,0.0,0.9090909090909092,ransom_7810
0,0.1111111111111111,0.0,1,3,0.0,0.8888888888888888,ransom_7811
3,0.0909090909090909,0.0,1,4,0.0,0.9090909090909092,ransom_7813
0,0.0909090909090909,0.0,1,3,-0.1666666666666678,0.9090909090909092,ransom_7814
1,0.0833333333333333,0.0,1,4,0.0,0.9166666666666666,ransom_7816
0,0.125,0.0,1,2,0.0,0.875,ransom_7817
0,0.1,0.0,1,3,-0.0805822964025377,0.9,ransom_7818
0,0.2,0.0,1,1,-1.0,0.8,ransom_7819
0,0.25,0.0,1,1,0.0,0.75,ransom_7820
0,0.25,0.0,1,1,0.0,0.75,ransom_7823
0,0.3333333333333333,0.0,1,1,0.0,0.6666666666666666,ransom_7824
0,0.3333333333333333,0.0,1,1,0.0,0.6666666666666666,ransom_7826
0,0.1428571428571428,0.0,1,2,0.0,0.8571428571428571,ransom_7827
0,0.3333333333333333,0.0,1,1,0.0,0.6666666666666666,ransom_7828
0,0.1428571428571428,0.0,1,2,-0.250000000000001,0.8571428571428571,ransom_7829
0,0.25,0.0,1,1,0.0,0.75,ransom_7830
0,0.1428571428571428,0.0,1,2,0.0,0.8571428571428571,ransom_7831
0,0.125,0.0,1,2,-0.4880935300919782,0.875,ransom_7832
0,0.125,0.0,1,3,0.0,0.875,ransom_7833
0,0.0833333333333333,0.0,1,3,-0.3888888888888903,0.9166666666666666,ransom_7834
0,0.1428571428571428,0.0,1,2,0.0,0.8571428571428571,ransom_7835
0,0.25,0.0,1,1,0.0,0.75,ransom_7836
2,0.25,0.0,1,1,0.0,0.75,ransom_7838
1,0.1428571428571428,0.0,1,2,0.0,0.8571428571428571,ransom_7839
0,0.3333333333333333,0.0,1,1,0.0,0.6666666666666666,ransom_7840
3,0.1,0.0,1,4,0.0,0.9,ransom_7841
0,0.125,0.0,1,2,0.0,0.875,ransom_7842
0,0.125,0.0,1,2,0.0,0.875,ransom_7844
1,0.125,0.0,1,3,0.0,0.875,ransom_7845
1,0.1111111111111111,0.0,1,2,0.0,0.8888888888888888,ransom_7846
0,0.2,0.0,1,1,0.0,0.8,ransom_7847
0,0.25,0.0,1,1,0.0,0.75,ransom_7849
0,0.3333333333333333,0.0,1,1,0.0,0.6666666666666666,ransom_7850
1,0.1666666666666666,0.0,1,2,0.0,0.8333333333333334,ransom_7851
6,0.2,0.0,1,1,0.0,0.8,ransom_7852
0,0.1666666666666666,0.0,1,2,0.0,0.8333333333333334,ransom_7854
0,0.3333333333333333,0.0,1,1,0.0,0.6666666666666666,ransom_7855
4,0.0833333333333333,0.0,1,4,0.0173762011714225,0.9166666666666666,ransom_7856
1,0.25,0.0,1,1,0.0,0.75,ransom_7857
0,0.3333333333333333,0.0,1,1,0.0,0.6666666666666666,ransom_7858
0,0.1428571428571428,0.0,1,2,0.0,0.8571428571428571,ransom_7860
1,0.0833333333333333,0.0,1,4,0.0,0.9166666666666666,ransom_7861
0,0.1666666666666666,0.0,1,2,0.0,0.8333333333333334,ransom_7862
0,0.1111111111111111,0.0,1,2,-0.6546536707079772,0.8888888888888888,ransom_7863
0,0.0833333333333333,0.0,1,3,0.0,0.9166666666666666,ransom_7864
3,0.1666666666666666,0.0,1,2,0.0,0.8333333333333334,ransom_7865
0,0.0833333333333333,0.0,1,3,-0.3268602252303066,0.9166666666666666,ransom_7866
0,0.1428571428571428,0.0,1,2,0.0,0.8571428571428571,ransom_7867
1,0.0666666666666666,0.0,1,4,0.0,0.9333333333333332,ransom_7868
1,0.0714285714285714,0.0,1,4,0.0,0.9285714285714286,ransom_7869
0,0.1,0.0,1,3,0.0,0.9,ransom_7871
0,0.1,0.0,1,3,0.0,0.9,ransom_7873
1,0.0666666666666666,0.0,1,5,0.0,0.9333333333333332,ransom_7874
1,0.25,0.0,1,1,0.0,0.75,ransom_7877
0,0.125,0.0,1,3,0.0,0.875,ransom_7878
0,0.3333333333333333,0.0,1,1,0.0,0.6666666666666666,ransom_7879
0,0.25,0.0,1,1,0.0,0.75,ransom_7880
0,0.1666666666666666,0.0,1,2,0.0,0.8333333333333334,ransom_7881
2,0.1428571428571428,0.0,1,2,-0.250000000000001,0.8571428571428571,ransom_7882
1,0.0625,0.0,1,4,-0.1626109088969974,0.9375,ransom_7883
0,0.25,0.0,1,1,0.0,0.75,ransom_7884
0,0.25,0.0,1,1,0.0,0.75,ransom_7885
2,0.125,0.0,1,3,0.0,0.875,ransom_7886
1,0.25,0.0,1,1,0.0,0.75,ransom_7888
2,0.25,0.0,1,1,0.0,0.75,ransom_7889
0,0.25,0.0,1,1,0.0,0.75,ransom_7891
0,0.1428571428571428,0.0,1,2,0.0,0.8571428571428571,ransom_7892
0,0.1111111111111111,0.0,1,2,-0.6546536707079772,0.8888888888888888,ransom_7894
0,0.0714285714285714,0.0,1,4,0.0,0.9285714285714286,ransom_7895
3,0.1666666666666666,0.0,1,2,0.0,0.8333333333333334,ransom_7896
0,0.1428571428571428,0.0,1,2,-0.250000000000001,0.8571428571428571,ransom_7897
0,0.25,0.0,1,1,0.0,0.75,ransom_7898
1,0.1,0.0,1,4,0.0,0.9,ransom_7899
1,0.125,0.0,1,3,0.0,0.875,ransom_7900
1,0.1111111111111111,0.0,1,2,-0.6546536707079772,0.8888888888888888,ransom_7901
1,0.1666666666666666,0.0,1,2,0.1666666666666655,0.8333333333333334,ransom_7902
1,0.25,0.0,1,1,0.0,0.75,ransom_7904
0,0.25,0.0,1,1,0.0,0.75,ransom_7905
0,0.2,0.0,1,2,0.0,0.8,ransom_7907
0,0.1666666666666666,0.0,1,2,0.0,0.8333333333333334,ransom_7908
2,0.1111111111111111,0.0,1,3,0.0,0.8888888888888888,ransom_7909
3,0.1111111111111111,0.0,1,3,0.0,0.8888888888888888,ransom_7910
0,0.1428571428571428,0.0,1,2,0.0,0.8571428571428571,ransom_7911
1,0.1666666666666666,0.0,1,2,0.0,0.8333333333333334,ransom_7912
0,0.25,0.0,1,1,0.0,0.75,ransom_7913
1,0.25,0.0,1,1,0.0,0.75,ransom_7915
1,0.2,0.0,1,1,0.0,0.8,ransom_7916
0,0.3333333333333333,0.0,1,1,0.0,0.6666666666666666,ransom_7917
3,0.25,0.0,1,1,0.0,0.75,ransom_7918
0,0.1428571428571428,0.0,1,2,0.0,0.8571428571428571,ransom_7919
0,0.25,0.0,1,1,0.0,0.75,ransom_7922
6,0.1111111111111111,0.0,1,2,-0.6546536707079772,0.8888888888888888,ransom_7923
0,0.1428571428571428,0.0,1,2,0.0,0.8571428571428571,ransom_7925
0,0.1,0.0,1,3,-0.0805822964025377,0.9,ransom_7927
0,0.25,0.0,1,1,0.0,0.75,ransom_7928
0,0.25,0.0,1,1,0.0,0.75,ransom_7931
0,0.25,0.0,1,1,0.0,0.75,ransom_7932
1,0.125,0.0,1,3,0.0,0.875,ransom_7933
2,0.25,0.0,1,1,0.0,0.75,ransom_7935
11,0.0588235294117647,0.0,1,6,0.0436435780471984,0.9411764705882352,ransom_7936
3,0.2,0.0,1,1,0.0,0.8,ransom_7937
0,0.1428571428571428,0.0,1,2,0.0,0.8571428571428571,ransom_7940
4,0.1428571428571428,0.0,1,2,0.0,0.8571428571428571,ransom_7943
0,0.0909090909090909,0.0,1,3,0.0,0.9090909090909092,ransom_7944
0,0.0909090909090909,0.0,1,3,-0.166666666666668,0.9090909090909092,ransom_7945
0,0.25,0.0,1,1,0.0,0.75,ransom_7946
4,0.1428571428571428,0.0,1,2,-0.250000000000001,0.8571428571428571,ransom_7948
0,0.0909090909090909,0.0,1,3,0.0,0.9090909090909092,ransom_7949
0,0.3333333333333333,0.0,1,1,0.0,0.6666666666666666,ransom_7950
1,0.1428571428571428,0.0,1,2,0.0,0.8571428571428571,ransom_7951
0,0.1,0.0,1,3,0.0,0.9,ransom_7952
8,0.2,0.0,1,1,0.0,0.8,ransom_7953
0,0.1428571428571428,0.0,1,2,-0.250000000000001,0.8571428571428571,ransom_7954
1,0.0833333333333333,0.0,1,4,0.0,0.9166666666666666,ransom_7955
4,0.0909090909090909,0.0,1,4,0.0,0.9090909090909092,ransom_7956
0,0.1666666666666666,0.0,1,2,0.0,0.8333333333333334,ransom_7957
7,0.0714285714285714,0.0,1,4,0.0,0.9285714285714286,ransom_7958
0,0.3333333333333333,0.0,1,1,0.0,0.6666666666666666,ransom_7959
0,0.25,0.0,1,1,0.0,0.75,ransom_7962
7,0.3333333333333333,0.0,1,1,0.0,0.6666666666666666,ransom_7963
0,0.1111111111111111,0.0,1,2,-0.6546536707079772,0.8888888888888888,ransom_7964
0,0.1428571428571428,0.0,1,2,0.0,0.8571428571428571,ransom_7966
0,0.1111111111111111,0.0,1,3,0.0,0.8888888888888888,ransom_7968
0,0.1428571428571428,0.0,1,2,0.0,0.8571428571428571,ransom_7969
0,0.2,0.0,1,1,-1.0,0.8,ransom_7970
0,0.25,0.0,1,1,0.0,0.75,ransom_7971
0,0.1428571428571428,0.0,1,2,0.0,0.8571428571428571,ransom_7973
1,0.1428571428571428,0.0,1,2,0.0,0.8571428571428571,ransom_7974
1,0.0588235294117647,0.0,1,5,0.0,0.9411764705882352,ransom_7975
1,0.0909090909090909,0.0,1,3,-0.2500000000000005,0.9090909090909092,ransom_7976
0,0.1428571428571428,0.0,1,2,0.0,0.8571428571428571,ransom_7977
0,0.125,0.0,1,3,0.0,0.875,ransom_7978
0,0.25,0.0,1,1,0.0,0.75,ransom_7979
0,0.25,0.0,1,1,0.0,0.75,ransom_7981
0,0.25,0.0,1,1,0.0,0.75,ransom_7982
0,0.1111111111111111,0.0,1,3,0.0,0.8888888888888888,ransom_7983
5,0.0588235294117647,0.0,1,5,0.0924500327042048,0.9411764705882352,ransom_7984
0,0.3333333333333333,0.0,1,1,0.0,0.6666666666666666,ransom_7985
0,0.25,0.0,1,1,0.0,0.75,ransom_7986
0,0.25,0.0,1,1,0.0,0.75,ransom_7988
0,0.1428571428571428,0.0,1,2,0.0,0.8571428571428571,ransom_7989
0,0.3333333333333333,0.0,1,1,0.0,0.6666666666666666,ransom_7990
1,0.0476190476190476,0.0,1,6,0.0185185185185199,0.9523809523809524,ransom_7994
2,0.3333333333333333,0.0,1,1,0.0,0.6666666666666666,ransom_7995
0,0.0833333333333333,0.0,1,3,-0.3268602252303066,0.9166666666666666,ransom_7996
0,0.1428571428571428,0.0,1,2,-0.250000000000001,0.8571428571428571,ransom_7997
0,0.0909090909090909,0.0,1,3,-0.166666666666668,0.9090909090909092,ransom_7998
0,0.0833333333333333,0.0,1,4,0.0173762011714225,0.9166666666666666,ransom_7999
1,0.3333333333333333,0.0,1,1,0.0,0.6666666666666666,ransom_8000
0,0.3333333333333333,0.0,1,1,0.0,0.6666666666666666,ransom_8001
0,0.1111111111111111,0.0,1,2,0.0,0.8888888888888888,ransom_8003
0,0.25,0.0,1,1,0.0,0.75,ransom_8005
2,0.125,0.0,1,2,-0.6454972243679025,0.875,ransom_8006
0,0.2,0.0,1,1,-1.0,0.8,ransom_8007
0,0.25,0.0,1,1,0.0,0.75,ransom_8008
0,0.3333333333333333,0.0,1,1,0.0,0.6666666666666666,ransom_8009
0,0.125,0.0,1,2,-0.6454972243679025,0.875,ransom_8010
2,0.2,0.0,1,1,0.0,0.8,ransom_8011
0,0.2,0.0,1,1,0.0,0.8,ransom_8012
0,0.1428571428571428,0.0,1,2,0.0,0.8571428571428571,ransom_8014
0,0.25,0.0,1,1,0.0,0.75,ransom_8015
0,0.2,0.0,1,2,0.0,0.8,ransom_8016
0,0.3333333333333333,0.0,1,1,0.0,0.6666666666666666,ransom_8018
0,0.1111111111111111,0.0,1,2,-0.6546536707079772,0.8888888888888888,ransom_8019
0,0.1428571428571428,0.0,1,2,0.0,0.8571428571428571,ransom_8020
0,0.3333333333333333,0.0,1,1,0.0,0.6666666666666666,ransom_8021
0,0.1666666666666666,0.0,1,2,0.0,0.8333333333333334,ransom_8022
1,0.1428571428571428,0.0,1,2,0.0,0.8571428571428571,ransom_8023
1,0.1111111111111111,0.0,1,3,0.0,0.8888888888888888,ransom_8024
0,0.25,0.0,1,1,0.0,0.75,ransom_8025
0,0.1666666666666666,0.0,1,2,0.0,0.8333333333333334,ransom_8026
0,0.1428571428571428,0.0,1,2,0.0,0.8571428571428571,ransom_8027
0,0.1428571428571428,0.0,1,2,0.0,0.8571428571428571,ransom_8029
1,0.25,0.0,1,1,0.0,0.75,ransom_8030
1,0.125,0.0,1,3,0.0,0.875,ransom_8033
1,0.1666666666666666,0.0,1,2,0.0,0.8333333333333334,ransom_8034
0,0.25,0.0,1,1,0.0,0.75,ransom_8035
0,0.0666666666666666,0.0,1,4,-0.0912870929175288,0.9333333333333332,ransom_8036
1,0.2,0.0,1,1,-1.0,0.8,ransom_8037
0,0.1428571428571428,0.0,1,2,0.0,0.8571428571428571,ransom_8038
2,0.1428571428571428,0.0,1,2,-0.250000000000001,0.8571428571428571,ransom_8039
0,0.25,0.0,1,1,0.0,0.75,ransom_8040
0,0.1666666666666666,0.0,1,2,0.0,0.8333333333333334,ransom_8041
0,0.2,0.0,1,1,0.0,0.8,ransom_8042
0,0.3333333333333333,0.0,1,1,0.0,0.6666666666666666,ransom_8043
0,0.2,0.0,1,1,0.0,0.8,ransom_8044
8,0.0714285714285714,0.0,1,4,0.0,0.9285714285714286,ransom_8045
1,0.1666666666666666,0.0,1,2,0.1666666666666655,0.8333333333333334,ransom_8046
1,0.25,0.0,1,1,0.0,0.75,ransom_8047
1,0.0909090909090909,0.0,1,3,-0.2500000000000005,0.9090909090909092,ransom_8048
1,0.0909090909090909,0.0,1,3,0.0,0.9090909090909092,ransom_8051
0,0.3333333333333333,0.0,1,1,0.0,0.6666666666666666,ransom_8052
0,0.3333333333333333,0.0,1,1,0.0,0.6666666666666666,ransom_8053
0,0.2,0.0,1,2,0.0,0.8,ransom_8054
2,0.25,0.0,1,1,0.0,0.75,ransom_8056
0,0.25,0.0,1,1,0.0,0.75,ransom_8057
0,0.1428571428571428,0.0,1,2,0.0,0.8571428571428571,ransom_8058
0,0.1666666666666666,0.0,1,2,0.0,0.8333333333333334,ransom_8059
0,0.1428571428571428,0.0,1,2,0.0,0.8571428571428571,ransom_8060
0,0.2,0.0,1,1,-1.0,0.8,ransom_8061
0,0.1,0.0,1,3,0.0,0.9,ransom_8062
1,0.25,0.0,1,1,0.0,0.75,ransom_8063
1,0.125,0.0,1,2,0.0,0.875,ransom_8064
0,0.1,0.0,1,3,-0.0805822964025377,0.9,ransom_8065
1,0.3333333333333333,0.0,1,1,0.0,0.6666666666666666,ransom_8066
0,0.3333333333333333,0.0,1,1,0.0,0.6666666666666666,ransom_8068
1,0.1111111111111111,0.0,1,3,0.0,0.8888888888888888,ransom_8070
2,0.25,0.0,1,1,0.0,0.75,ransom_8071
0,0.1111111111111111,0.0,1,3,0.0,0.8888888888888888,ransom_8072
0,0.125,0.0,1,2,0.0,0.875,ransom_8073
0,0.125,0.0,1,2,0.0,0.875,ransom_8074
0,0.2,0.0,1,1,-1.0,0.8,ransom_8075
0,0.1666666666666666,0.0,1,2,0.0,0.8333333333333334,ransom_8076
0,0.125,0.0,1,2,0.0,0.875,ransom_8077
2,0.125,0.0,1,2,0.0,0.875,ransom_8078
0,0.0769230769230769,0.0,1,4,0.0,0.9230769230769232,ransom_8079
0,0.3333333333333333,0.0,1,1,0.0,0.6666666666666666,ransom_8080
0,0.1666666666666666,0.0,1,1,-0.9999999999999992,0.8333333333333334,ransom_8082
0,0.25,0.0,1,1,0.0,0.75,ransom_8084
0,0.1428571428571428,0.0,1,2,0.0,0.8571428571428571,ransom_8085
0,0.2,0.0,1,1,-1.0,0.8,ransom_8087
2,0.0666666666666666,0.0,1,4,-0.0404888165089451,0.9333333333333332,ransom_8089
0,0.0833333333333333,0.0,1,3,-0.3888888888888903,0.9166666666666666,ransom_8090
0,0.1,0.0,1,3,0.1135923668494129,0.9,ransom_8092
0,0.3333333333333333,0.0,1,1,0.0,0.6666666666666666,ransom_8094
0,0.0769230769230769,0.0,1,3,0.0,0.9230769230769232,ransom_8095
1,0.1,0.0,1,3,0.0,0.9,ransom_8097
0,0.25,0.0,1,1,0.0,0.75,ransom_8098
0,0.125,0.0,1,2,0.0,0.875,ransom_8099
1,0.25,0.0,1,1,0.0,0.75,ransom_8100
1,0.1111111111111111,0.0,1,3,0.0,0.8888888888888888,ransom_8101
0,0.25,0.0,1,1,0.0,0.75,ransom_8102
0,0.25,0.0,1,1,0.0,0.75,ransom_8103
0,0.2,0.0,1,2,0.0,0.8,ransom_8105
0,0.2,0.0,1,1,0.0,0.8,ransom_8106
1,0.1,0.0,1,3,0.0,0.9,ransom_8107
0,0.1111111111111111,0.0,1,2,0.0,0.8888888888888888,ransom_8108
0,0.1111111111111111,0.0,1,3,0.0,0.8888888888888888,ransom_8109
0,0.1428571428571428,0.0,1,2,-0.250000000000001,0.8571428571428571,ransom_8110
0,0.1428571428571428,0.0,1,2,0.0,0.8571428571428571,ransom_8111
0,0.0909090909090909,0.0,1,3,0.0,0.9090909090909092,ransom_8112
3,0.1428571428571428,0.0,1,2,0.0,0.8571428571428571,ransom_8113
1,0.0588235294117647,0.0,1,5,0.0,0.9411764705882352,ransom_8115
1,0.25,0.0,1,1,0.0,0.75,ransom_8116
1,0.25,0.0,1,1,0.0,0.75,ransom_8117
0,0.0909090909090909,0.0,1,3,0.0,0.9090909090909092,ransom_8118
0,0.0833333333333333,0.0,1,4,0.0,0.9166666666666666,ransom_8119
1,0.1666666666666666,0.0,1,2,0.1666666666666655,0.8333333333333334,ransom_8120
0,0.1666666666666666,0.0,1,2,0.0,0.8333333333333334,ransom_8122
0,0.1111111111111111,0.0,1,3,0.0,0.8888888888888888,ransom_8124
0,0.1666666666666666,0.0,1,2,0.0,0.8333333333333334,ransom_8125
1,0.1428571428571428,0.0,1,2,0.0,0.8571428571428571,ransom_8126
4,0.25,0.0,1,1,0.0,0.75,ransom_8128
0,0.1111111111111111,0.0,1,3,0.0,0.8888888888888888,ransom_8129
0,0.0769230769230769,0.0,1,4,0.0944911182523065,0.9230769230769232,ransom_8130
0,0.0714285714285714,0.0,1,3,-0.6770032003863304,0.9285714285714286,ransom_8131
0,0.125,0.0,1,2,0.0,0.875,ransom_8133
0,0.3333333333333333,0.0,1,1,0.0,0.6666666666666666,ransom_8134
2,0.3333333333333333,0.0,1,1,0.0,0.6666666666666666,ransom_8135
4,0.25,0.0,1,1,0.0,0.75,ransom_8136
0,0.2,0.0,1,2,0.0,0.8,ransom_8137
1,0.125,0.0,1,2,0.0,0.875,ransom_8138
0,0.25,0.0,1,1,0.0,0.75,ransom_8139
0,0.2,0.0,1,1,0.0,0.8,ransom_8140
0,0.1666666666666666,0.0,1,1,-0.9999999999999992,0.8333333333333334,ransom_8141
0,0.125,0.0,1,2,0.0,0.875,ransom_8143
0,0.1428571428571428,0.0,1,2,0.0,0.8571428571428571,ransom_8144
0,0.125,0.0,1,2,0.0,0.875,ransom_8146
4,0.0833333333333333,0.0,1,3,-0.3268602252303066,0.9166666666666666,ransom_8147
4,0.1,0.0,1,3,0.0,0.9,ransom_8148
0,0.0909090909090909,0.0,1,3,-0.2500000000000005,0.9090909090909092,ransom_8150
0,0.0769230769230769,0.0,1,4,0.0,0.9230769230769232,ransom_8151
1,0.125,0.0,1,2,0.0,0.875,ransom_8152
4,0.0909090909090909,0.0,1,3,-0.1666666666666678,0.9090909090909092,ransom_8154
3,0.25,0.0,1,1,0.0,0.75,ransom_8155
0,0.25,0.0,1,1,0.0,0.75,ransom_8156
0,0.25,0.0,1,1,0.0,0.75,ransom_8157
0,0.25,0.0,1,1,0.0,0.75,ransom_8159
0,0.1,0.0,1,3,0.0,0.9,ransom_8160
0,0.1666666666666666,0.0,1,2,0.0,0.8333333333333334,ransom_8161
1,0.125,0.0,1,3,0.0,0.875,ransom_8162
0,0.3333333333333333,0.0,1,1,0.0,0.6666666666666666,ransom_8164
0,0.1111111111111111,0.0,1,2,-0.6546536707079772,0.8888888888888888,ransom_8168
0,0.3333333333333333,0.0,1,1,0.0,0.6666666666666666,ransom_8171
0,0.1428571428571428,0.0,1,2,-0.250000000000001,0.8571428571428571,ransom_8177
3,0.2,0.0,1,1,-1.0,0.8,ransom_8178
0,0.3333333333333333,0.0,1,1,0.0,0.6666666666666666,ransom_8181
2,0.2,0.0,1,1,0.0,0.8,ransom_8182
0,0.3333333333333333,0.0,1,1,0.0,0.6666666666666666,ransom_8183
1,0.125,0.0,1,2,0.0,0.875,ransom_8184
0,0.25,0.0,1,1,0.0,0.75,ransom_8185
1,0.0526315789473684,0.0,1,6,0.0,0.9473684210526316,ransom_8187
0,0.25,0.0,1,1,0.0,0.75,ransom_8188
3,0.0833333333333333,0.0,1,3,0.0,0.9166666666666666,ransom_8189
0,0.1428571428571428,0.0,1,2,0.0,0.8571428571428571,ransom_8190
0,0.3333333333333333,0.0,1,1,0.0,0.6666666666666666,ransom_8191
1,0.0909090909090909,0.0,1,4,0.0,0.9090909090909092,ransom_8192
0,0.25,0.0,1,1,0.0,0.75,ransom_8193
2,0.1,0.0,1,3,-0.1889822365046146,0.9,ransom_8195
1,0.0833333333333333,0.0,1,3,-0.3888888888888903,0.9166666666666666,ransom_8197
2,0.1111111111111111,0.0,1,3,0.0,0.8888888888888888,ransom_8198
1,0.0625,0.0,1,4,-0.1626109088969974,0.9375,ransom_8199
1,0.1428571428571428,0.0,1,2,0.0,0.8571428571428571,ransom_8200
1,0.25,0.0,1,1,0.0,0.75,ransom_8202
1,0.25,0.0,1,1,0.0,0.75,ransom_8203
1,0.0909090909090909,0.0,1,3,0.0,0.9090909090909092,ransom_8205
0,0.1428571428571428,0.0,1,2,0.0,0.8571428571428571,ransom_8206
0,0.1666666666666666,0.0,1,2,0.0,0.8333333333333334,ransom_8207
2,0.1,0.0,1,3,0.0,0.9,ransom_8208
0,0.1111111111111111,0.0,1,3,0.0,0.8888888888888888,ransom_8211
0,0.125,0.0,1,2,-0.6454972243679025,0.875,ransom_8212
0,0.2,0.0,1,1,-1.0,0.8,ransom_8213
0,0.25,0.0,1,1,0.0,0.75,ransom_8214
0,0.1,0.0,1,3,0.0,0.9,ransom_8215
6,0.0555555555555555,0.0,1,5,0.0437845409846389,0.9444444444444444,ransom_8216
0,0.125,0.0,1,2,0.0,0.875,ransom_8217
0,0.3333333333333333,0.0,1,1,0.0,0.6666666666666666,ransom_8218
0,0.1666666666666666,0.0,1,2,0.0,0.8333333333333334,ransom_8219
4,0.1428571428571428,0.0,1,2,0.0,0.8571428571428571,ransom_8220
0,0.2,0.0,1,1,0.0,0.8,ransom_8221
0,0.1428571428571428,0.0,1,2,0.0,0.8571428571428571,ransom_8222
1,0.0625,0.0,1,4,-0.1626109088969974,0.9375,ransom_8223
0,0.1428571428571428,0.0,1,2,0.0,0.8571428571428571,ransom_8224
7,0.3333333333333333,0.0,1,1,0.0,0.6666666666666666,ransom_8225
8,0.0909090909090909,0.0,1,3,-0.2500000000000005,0.9090909090909092,ransom_8226
0,0.0909090909090909,0.0,1,3,-0.166666666666668,0.9090909090909092,ransom_8227
0,0.25,0.0,1,1,0.0,0.75,ransom_8228
0,0.3333333333333333,0.0,1,1,0.0,0.6666666666666666,ransom_8229
0,0.1,0.0,1,3,0.0,0.9,ransom_8230
7,0.2,0.0,1,1,0.0,0.8,ransom_8231
0,0.25,0.0,1,1,0.0,0.75,ransom_8232
0,0.3333333333333333,0.0,1,1,0.0,0.6666666666666666,ransom_8233
0,0.1666666666666666,0.0,1,2,0.0,0.8333333333333334,ransom_8236
0,0.2,0.0,1,1,0.0,0.8,ransom_8237
0,0.0714285714285714,0.0,1,4,0.0,0.9285714285714286,ransom_8238
0,0.2,0.0,1,1,-1.0,0.8,ransom_8239
1,0.1111111111111111,0.0,1,3,0.0,0.8888888888888888,ransom_8240
1,0.1111111111111111,0.0,1,2,0.0,0.8888888888888888,ransom_8241
0,0.25,0.0,1,1,0.0,0.75,ransom_8242
0,0.1428571428571428,0.0,1,2,0.0,0.8571428571428571,ransom_8243
2,0.125,0.0,1,3,0.0,0.875,ransom_8245
0,0.25,0.0,1,1,0.0,0.75,ransom_8247
0,0.2,0.0,1,1,-1.0,0.8,ransom_8248
0,0.1,0.0,1,3,0.0,0.9,ransom_8249
0,0.25,0.0,1,1,0.0,0.75,ransom_8250
0,0.3333333333333333,0.0,1,1,0.0,0.6666666666666666,ransom_8251
1,0.1111111111111111,0.0,1,2,0.0,0.8888888888888888,ransom_8252
0,0.1428571428571428,0.0,1,2,0.0,0.8571428571428571,ransom_8253
1,0.0625,0.0,1,5,0.0,0.9375,ransom_8254
9,0.125,0.0,1,2,-0.6454972243679025,0.875,ransom_8255
0,0.1428571428571428,0.0,1,2,0.0,0.8571428571428571,ransom_8257
1,0.1428571428571428,0.0,1,2,0.0,0.8571428571428571,ransom_8258
3,0.1428571428571428,0.0,1,2,0.0,0.8571428571428571,ransom_8259
0,0.1111111111111111,0.0,1,3,0.0,0.8888888888888888,ransom_8260
0,0.125,0.0,1,2,0.0,0.875,ransom_8261
0,0.25,0.0,1,1,0.0,0.75,ransom_8262
0,0.1428571428571428,0.0,1,2,0.0,0.8571428571428571,ransom_8263
0,0.2,0.0,1,1,0.0,0.8,ransom_8264
0,0.1428571428571428,0.0,1,2,0.0,0.8571428571428571,ransom_8265
0,0.25,0.0,1,1,0.0,0.75,ransom_8266
0,0.2,0.0,1,1,0.0,0.8,ransom_8268
0,0.125,0.0,1,2,-0.6454972243679025,0.875,ransom_8269
1,0.1,0.0,1,3,-0.0805822964025377,0.9,ransom_8270
0,0.1428571428571428,0.0,1,2,0.0,0.8571428571428571,ransom_8272
0,0.1111111111111111,0.0,1,2,-0.6546536707079772,0.8888888888888888,ransom_8273
1,0.2,0.0,1,2,0.0,0.8,ransom_8275
0,0.125,0.0,1,2,0.0,0.875,ransom_8276
0,0.1666666666666666,0.0,1,2,0.0,0.8333333333333334,ransom_8277
0,0.0833333333333333,0.0,1,3,-0.3268602252303066,0.9166666666666666,ransom_8279
5,0.1,0.0,1,3,-0.0805822964025377,0.9,ransom_8280
0,0.0833333333333333,0.0,1,3,-0.2390457218668779,0.9166666666666666,ransom_8281
0,0.1,0.0,1,3,-0.0805822964025377,0.9,ransom_8282
0,0.2,0.0,1,1,0.0,0.8,ransom_8283
1,0.0769230769230769,0.0,1,4,0.0,0.9230769230769232,ransom_8284
0,0.1111111111111111,0.0,1,3,0.0,0.8888888888888888,ransom_8285
0,0.2,0.0,1,1,0.0,0.8,ransom_8286
0,0.0909090909090909,0.0,1,3,-0.2500000000000005,0.9090909090909092,ransom_8287
0,0.25,0.0,1,1,0.0,0.75,ransom_8288
0,0.1111111111111111,0.0,1,2,-0.6546536707079772,0.8888888888888888,ransom_8289
0,0.1111111111111111,0.0,1,3,0.0,0.8888888888888888,ransom_8290
0,0.1,0.0,1,3,0.0,0.9,ransom_8291
1,0.1428571428571428,0.0,1,2,0.0,0.8571428571428571,ransom_8293
0,0.125,0.0,1,2,-0.6454972243679025,0.875,ransom_8294
0,0.3333333333333333,0.0,1,1,0.0,0.6666666666666666,ransom_8296
0,0.3333333333333333,0.0,1,1,0.0,0.6666666666666666,ransom_8297
0,0.25,0.0,1,1,0.0,0.75,ransom_8298
0,0.125,0.0,1,2,0.0,0.875,ransom_8300
0,0.1111111111111111,0.0,1,2,-0.6546536707079772,0.8888888888888888,ransom_8302
0,0.25,0.0,1,1,0.0,0.75,ransom_8303
5,0.0833333333333333,0.0,1,3,-0.3888888888888903,0.9166666666666666,ransom_8304
0,0.25,0.0,1,1,0.0,0.75,ransom_8306
0,0.125,0.0,1,2,-0.4880935300919782,0.875,ransom_8307
0,0.25,0.0,1,1,0.0,0.75,ransom_8308
0,0.1666666666666666,0.0,1,2,0.0,0.8333333333333334,ransom_8309
0,0.0714285714285714,0.0,1,4,-0.0769321818620843,0.9285714285714286,ransom_8311
0,0.1666666666666666,0.0,1,1,-0.9999999999999992,0.8333333333333334,ransom_8312
0,0.0833333333333333,0.0,1,4,0.0,0.9166666666666666,ransom_8313
1,0.1,0.0,1,3,-0.0805822964025377,0.9,ransom_8316
0,0.25,0.0,1,1,0.0,0.75,ransom_8317
0,0.25,0.0,1,1,0.0,0.75,ransom_8318
0,0.3333333333333333,0.0,1,1,0.0,0.6666666666666666,ransom_8319
0,0.0909090909090909,0.0,1,3,0.0,0.9090909090909092,ransom_8320
0,0.0666666666666666,0.0,1,5,0.0,0.9333333333333332,ransom_8321
0,0.0714285714285714,0.0,1,4,-0.1343433226559708,0.9285714285714286,ransom_8323
0,0.2,0.0,1,2,0.0,0.8,ransom_8324
0,0.3333333333333333,0.0,1,1,0.0,0.6666666666666666,ransom_8325
0,0.1666666666666666,0.0,1,2,0.0,0.8333333333333334,ransom_8326
0,0.25,0.0,1,1,0.0,0.75,ransom_8327
4,0.1111111111111111,0.0,1,3,0.0,0.8888888888888888,ransom_8328
0,0.3333333333333333,0.0,1,1,0.0,0.6666666666666666,ransom_8330
0,0.3333333333333333,0.0,1,1,0.0,0.6666666666666666,ransom_8331
0,0.125,0.0,1,2,0.0,0.875,ransom_8332
4,0.0909090909090909,0.0,1,4,0.0,0.9090909090909092,ransom_8333
0,0.1428571428571428,0.0,1,2,-0.250000000000001,0.8571428571428571,ransom_8334
3,0.2,0.0,1,2,0.0,0.8,ransom_8336
0,0.25,0.0,1,1,0.0,0.75,ransom_8338
0,0.1428571428571428,0.0,1,2,0.0,0.8571428571428571,ransom_8339
0,0.1428571428571428,0.0,1,2,0.0,0.8571428571428571,ransom_8340
0,0.3333333333333333,0.0,1,1,0.0,0.6666666666666666,ransom_8341
3,0.25,0.0,1,1,0.0,0.75,ransom_8342
0,0.125,0.0,1,2,0.0,0.875,ransom_8343
0,0.1111111111111111,0.0,1,3,0.0,0.8888888888888888,ransom_8344
0,0.3333333333333333,0.0,1,1,0.0,0.6666666666666666,ransom_8345
2,0.25,0.0,1,1,0.0,0.75,ransom_8347
0,0.25,0.0,1,1,0.0,0.75,ransom_8348
0,0.25,0.0,1,1,0.0,0.75,ransom_8349
0,0.1666666666666666,0.0,1,2,0.0,0.8333333333333334,ransom_8352
0,0.125,0.0,1,2,-0.4880935300919782,0.875,ransom_8353
0,0.3333333333333333,0.0,1,1,0.0,0.6666666666666666,ransom_8354
1,0.1,0.0,1,3,0.0,0.9,ransom_8355
0,0.2,0.0,1,1,0.0,0.8,ransom_8356
0,0.1428571428571428,0.0,1,2,0.0,0.8571428571428571,ransom_8357
0,0.3333333333333333,0.0,1,1,0.0,0.6666666666666666,ransom_8358
1,0.1666666666666666,0.0,1,2,0.0,0.8333333333333334,ransom_8359
0,0.25,0.0,1,1,0.0,0.75,ransom_8360
0,0.1666666666666666,0.0,1,2,0.0,0.8333333333333334,ransom_8361
0,0.1,0.0,1,3,-0.0805822964025377,0.9,ransom_8363
0,0.1428571428571428,0.0,1,2,0.0,0.8571428571428571,ransom_8364
0,0.1666666666666666,0.0,1,2,0.0,0.8333333333333334,ransom_8365
0,0.0909090909090909,0.0,1,3,0.0,0.9090909090909092,ransom_8367
0,0.1666666666666666,0.0,1,2,0.0,0.8333333333333334,ransom_8369
1,0.0714285714285714,0.0,1,3,-0.4813299149207699,0.9285714285714286,ransom_8370
0,0.125,0.0,1,3,0.0,0.875,ransom_8371
0,0.2,0.0,1,1,0.0,0.8,ransom_8374
0,0.25,0.0,1,1,0.0,0.75,ransom_8375
0,0.25,0.0,1,1,0.0,0.75,ransom_8376
0,0.1428571428571428,0.0,1,2,0.0,0.8571428571428571,ransom_8378
0,0.1666666666666666,0.0,1,1,-0.9999999999999992,0.8333333333333334,ransom_8379
1,0.1111111111111111,0.0,1,2,0.0,0.8888888888888888,ransom_8380
0,0.0714285714285714,0.0,1,4,-0.1343433226559708,0.9285714285714286,ransom_8381
0,0.2,0.0,1,1,-1.0,0.8,ransom_8382
0,0.25,0.0,1,1,0.0,0.75,ransom_8383
0,0.1666666666666666,0.0,1,2,0.0,0.8333333333333334,ransom_8384
0,0.3333333333333333,0.0,1,1,0.0,0.6666666666666666,ransom_8386
0,0.1428571428571428,0.0,1,2,0.0,0.8571428571428571,ransom_8387
0,0.1111111111111111,0.0,1,2,-0.6546536707079772,0.8888888888888888,ransom_8388
0,0.1,0.0,1,3,-0.1889822365046146,0.9,ransom_8389
0,0.25,0.0,1,1,0.0,0.75,ransom_8390
0,0.2,0.0,1,1,-1.0,0.8,ransom_8391
0,0.25,0.0,1,1,0.0,0.75,ransom_8393
0,0.2,0.0,1,2,0.0,0.8,ransom_8394
0,0.25,0.0,1,1,0.0,0.75,ransom_8395
0,0.1111111111111111,0.0,1,2,0.0,0.8888888888888888,ransom_8396
0,0.3333333333333333,0.0,1,1,0.0,0.6666666666666666,ransom_8397
0,0.1666666666666666,0.0,1,2,0.0,0.8333333333333334,ransom_8398
0,0.25,0.0,1,1,0.0,0.75,ransom_8399
0,0.25,0.0,1,1,0.0,0.75,ransom_8400
30,0.2,0.0,1,1,0.0,0.8,ransom_8401
0,0.25,0.0,1,1,0.0,0.75,ransom_8402
0,0.1428571428571428,0.0,1,2,0.0,0.8571428571428571,ransom_8403
0,0.125,0.0,1,2,0.0,0.875,ransom_8406
0,0.1666666666666666,0.0,1,1,-0.9999999999999992,0.8333333333333334,ransom_8410
0,0.1428571428571428,0.0,1,2,0.0,0.8571428571428571,ransom_8411
0,0.125,0.0,1,2,0.0,0.875,ransom_8412
2,0.0555555555555555,0.0,1,5,-0.0314269680527354,0.9444444444444444,ransom_8413
1,0.1428571428571428,0.0,1,2,0.0,0.8571428571428571,ransom_8414
0,0.3333333333333333,0.0,1,1,0.0,0.6666666666666666,ransom_8417
18,0.0909090909090909,0.0,1,3,-5.851389114294497e-16,0.9090909090909092,ransom_8418
2,0.25,0.0,1,1,0.0,0.75,ransom_8419
7,0.1666666666666666,0.0,1,2,0.0,0.8333333333333334,ransom_8420
0,0.0714285714285714,0.0,1,5,0.0,0.9285714285714286,ransom_8421
0,0.0909090909090909,0.0,1,3,-0.166666666666668,0.9090909090909092,ransom_8422
2,0.1,0.0,1,3,-0.0805822964025377,0.9,ransom_8423
0,0.3333333333333333,0.0,1,1,0.0,0.6666666666666666,ransom_8424
4,0.125,0.0,1,2,-0.6454972243679025,0.875,ransom_8425
0,0.1428571428571428,0.0,1,2,0.0,0.8571428571428571,ransom_8426
0,0.3333333333333333,0.0,1,1,0.0,0.6666666666666666,ransom_8427
0,0.0666666666666666,0.0,1,5,0.0,0.9333333333333332,ransom_8428
0,0.1428571428571428,0.0,1,2,0.0,0.8571428571428571,ransom_8430
0,0.3333333333333333,0.0,1,1,0.0,0.6666666666666666,ransom_8431
0,0.1428571428571428,0.0,1,2,0.0,0.8571428571428571,ransom_8432
0,0.1111111111111111,0.0,1,3,0.0,0.8888888888888888,ransom_8433
8,0.1428571428571428,0.0,1,2,-0.250000000000001,0.8571428571428571,ransom_8436
0,0.25,0.0,1,1,0.0,0.75,ransom_8439
0,0.0714285714285714,0.0,1,4,-0.0769321818620843,0.9285714285714286,ransom_8440
0,0.25,0.0,1,1,0.0,0.75,ransom_8441
0,0.1666666666666666,0.0,1,2,0.0,0.8333333333333334,ransom_8442
0,0.1428571428571428,0.0,1,2,0.0,0.8571428571428571,ransom_8443
0,0.1428571428571428,0.0,1,2,0.0,0.8571428571428571,ransom_8445
0,0.1666666666666666,0.0,1,2,0.0,0.8333333333333334,ransom_8446
0,0.1111111111111111,0.0,1,3,0.0,0.8888888888888888,ransom_8447
1,0.2,0.0,1,1,0.0,0.8,ransom_8448
3,0.2,0.0,1,1,-1.0,0.8,ransom_8451
2,0.2,0.0,1,2,0.0,0.8,ransom_8453
0,0.2,0.0,1,1,-1.0,0.8,ransom_8456
0,0.25,0.0,1,1,0.0,0.75,ransom_8457
0,0.0909090909090909,0.0,1,4,0.0,0.9090909090909092,ransom_8458
0,0.1111111111111111,0.0,1,3,0.0,0.8888888888888888,ransom_8459
1,0.25,0.0,1,1,0.0,0.75,ransom_8460
0,0.1111111111111111,0.0,1,2,-0.6546536707079772,0.8888888888888888,ransom_8461
0,0.1111111111111111,0.0,1,2,-0.6546536707079772,0.8888888888888888,ransom_8462
2,0.1111111111111111,0.0,1,3,0.0,0.8888888888888888,ransom_8463
3,0.1,0.0,1,3,0.0,0.9,ransom_8464
0,0.0714285714285714,0.0,1,4,-0.1343433226559708,0.9285714285714286,ransom_8465
0,0.0555555555555555,0.0,1,5,-0.0314269680527354,0.9444444444444444,ransom_8467
9,0.1666666666666666,0.0,1,2,0.0,0.8333333333333334,ransom_8468
0,0.1428571428571428,0.0,1,2,0.0,0.8571428571428571,ransom_8469
0,0.2,0.0,1,2,0.0,0.8,ransom_8470
0,0.2,0.0,1,1,0.0,0.8,ransom_8471
0,0.125,0.0,1,2,0.0,0.875,ransom_8472
1,0.1,0.0,1,3,0.0,0.9,ransom_8473
0,0.125,0.0,1,2,0.0,0.875,ransom_8474
0,0.3333333333333333,0.0,1,1,0.0,0.6666666666666666,ransom_8475
0,0.1111111111111111,0.0,1,2,-0.6546536707079772,0.8888888888888888,ransom_8477
0,0.25,0.0,1,1,0.0,0.75,ransom_8478
1,0.1428571428571428,0.0,1,2,0.0,0.8571428571428571,ransom_8479
0,0.1111111111111111,0.0,1,3,0.0,0.8888888888888888,ransom_8480
0,0.125,0.0,1,2,-0.6454972243679025,0.875,ransom_8482
0,0.125,0.0,1,2,0.0,0.875,ransom_8483
2,0.25,0.0,1,1,0.0,0.75,ransom_8484
1,0.25,0.0,1,1,0.0,0.75,ransom_8485
1,0.1428571428571428,0.0,1,2,0.0,0.8571428571428571,ransom_8486
0,0.125,0.0,1,2,0.0,0.875,ransom_8488
0,0.1666666666666666,0.0,1,2,0.0,0.8333333333333334,ransom_8490
0,0.25,0.0,1,1,0.0,0.75,ransom_8491
0,0.1428571428571428,0.0,1,2,0.0,0.8571428571428571,ransom_8492
0,0.1666666666666666,0.0,1,2,0.0,0.8333333333333334,ransom_8494
0,0.1666666666666666,0.0,1,2,0.0,0.8333333333333334,ransom_8495
0,0.2,0.0,1,1,-1.0,0.8,ransom_8496
3,0.0714285714285714,0.0,1,5,0.0,0.9285714285714286,ransom_8497
0,0.25,0.0,1,1,0.0,0.75,ransom_8499
0,0.1111111111111111,0.0,1,2,-0.6546536707079772,0.8888888888888888,ransom_8500
0,0.1666666666666666,0.0,1,2,0.0,0.8333333333333334,ransom_8502
1,0.0909090909090909,0.0,1,3,-0.166666666666668,0.9090909090909092,ransom_8503
1,0.1,0.0,1,3,-0.0805822964025377,0.9,ransom_8505
0,0.2,0.0,1,1,-1.0,0.8,ransom_8506
0,0.3333333333333333,0.0,1,1,0.0,0.6666666666666666,ransom_8507
0,0.2,0.0,1,1,0.0,0.8,ransom_8508
0,0.125,0.0,1,3,0.0,0.875,ransom_8509
0,0.1428571428571428,0.0,1,2,-0.250000000000001,0.8571428571428571,ransom_8510
5,0.1428571428571428,0.0,1,2,0.0,0.8571428571428571,ransom_8511
0,0.25,0.0,1,1,0.0,0.75,ransom_8512
1,0.0833333333333333,0.0,1,3,-0.2390457218668779,0.9166666666666666,ransom_8513
1,0.3333333333333333,0.0,1,1,0.0,0.6666666666666666,ransom_8514
0,0.3333333333333333,0.0,1,1,0.0,0.6666666666666666,ransom_8515
0,0.3333333333333333,0.0,1,1,0.0,0.6666666666666666,ransom_8516
0,0.25,0.0,1,1,0.0,0.75,ransom_8517
3,0.1428571428571428,0.0,1,2,0.0,0.8571428571428571,ransom_8518
0,0.25,0.0,1,1,0.0,0.75,ransom_8519
0,0.1428571428571428,0.0,1,2,-0.250000000000001,0.8571428571428571,ransom_8520
8,0.1428571428571428,0.0,1,2,0.0,0.8571428571428571,ransom_8521
0,0.3333333333333333,0.0,1,1,0.0,0.6666666666666666,ransom_8522
0,0.1666666666666666,0.0,1,2,0.0,0.8333333333333334,ransom_8523
0,0.2,0.0,1,1,-1.0,0.8,ransom_8525
0,0.1111111111111111,0.0,1,3,0.0,0.8888888888888888,ransom_8526
2,0.1111111111111111,0.0,1,3,0.0,0.8888888888888888,ransom_8527
1,0.1111111111111111,0.0,1,2,0.0,0.8888888888888888,ransom_8528
0,0.1111111111111111,0.0,1,2,-0.6546536707079772,0.8888888888888888,ransom_8529
1,0.25,0.0,1,1,0.0,0.75,ransom_8530
0,0.25,0.0,1,1,0.0,0.75,ransom_8531
1,0.1,0.0,1,3,-0.0805822964025377,0.9,ransom_8532
5,0.0909090909090909,0.0,1,3,-0.2500000000000005,0.9090909090909092,ransom_8533
0,0.2,0.0,1,1,-1.0,0.8,ransom_8534
1,0.1,0.0,1,3,0.0,0.9,ransom_8535
0,0.1666666666666666,0.0,1,2,0.0,0.8333333333333334,ransom_8536
2,0.1428571428571428,0.0,1,2,0.0,0.8571428571428571,ransom_8537
0,0.1428571428571428,0.0,1,2,0.0,0.8571428571428571,ransom_8538
2,0.0769230769230769,0.0,1,3,-0.4780914437337626,0.9230769230769232,ransom_8539
0,0.1428571428571428,0.0,1,2,0.0,0.8571428571428571,ransom_8540
0,0.3333333333333333,0.0,1,1,0.0,0.6666666666666666,ransom_8544
0,0.2,0.0,1,1,0.0,0.8,ransom_8545
0,0.125,0.0,1,2,0.0,0.875,ransom_8547
0,0.125,0.0,1,2,-0.6454972243679025,0.875,ransom_8548
0,0.1111111111111111,0.0,1,3,0.0,0.8888888888888888,ransom_8550
0,0.2,0.0,1,1,0.0,0.8,ransom_8551
0,0.2,0.0,1,1,0.0,0.8,ransom_8552
2,0.125,0.0,1,2,0.0,0.875,ransom_8553
0,0.25,0.0,1,1,0.0,0.75,ransom_8554
0,0.125,0.0,1,2,0.0,0.875,ransom_8556
0,0.3333333333333333,0.0,1,1,0.0,0.6666666666666666,ransom_8557
10,0.125,0.0,1,2,-0.6454972243679025,0.875,ransom_8558
0,0.1666666666666666,0.0,1,2,0.1666666666666655,0.8333333333333334,ransom_8560
0,0.0769230769230769,0.0,1,4,0.0,0.9230769230769232,ransom_8561
0,0.0909090909090909,0.0,1,4,0.0,0.9090909090909092,ransom_8562
2,0.2,0.0,1,1,0.0,0.8,ransom_8565
0,0.1,0.0,1,3,-0.0805822964025377,0.9,ransom_8567
0,0.2,0.0,1,1,-1.0,0.8,ransom_8568
0,0.1666666666666666,0.0,1,2,0.1666666666666655,0.8333333333333334,ransom_8569
0,0.1666666666666666,0.0,1,2,0.0,0.8333333333333334,ransom_8570
0,0.3333333333333333,0.0,1,1,0.0,0.6666666666666666,ransom_8571
0,0.2,0.0,1,1,0.0,0.8,ransom_8572
6,0.1428571428571428,0.0,1,3,0.0,0.8571428571428571,ransom_8573
2,0.2,0.0,1,2,0.0,0.8,ransom_8574
0,0.125,0.0,1,2,0.0,0.875,ransom_8575
0,0.1666666666666666,0.0,1,2,0.0,0.8333333333333334,ransom_8576
2,0.2,0.0,1,1,0.0,0.8,ransom_8577
0,0.1428571428571428,0.0,1,2,-0.250000000000001,0.8571428571428571,ransom_8579
2,0.0909090909090909,0.0,1,3,0.0,0.9090909090909092,ransom_8581
0,0.25,0.0,1,1,0.0,0.75,ransom_8582
0,0.25,0.0,1,1,0.0,0.75,ransom_8583
0,0.25,0.0,1,1,0.0,0.75,ransom_8584
0,0.2,0.0,1,1,-1.0,0.8,ransom_8585
0,0.1666666666666666,0.0,1,1,-0.9999999999999992,0.8333333333333334,ransom_8586
0,0.125,0.0,1,2,0.0,0.875,ransom_8587
0,0.1,0.0,1,3,-0.1889822365046146,0.9,ransom_8588
0,0.0769230769230769,0.0,1,3,-0.3162277660168375,0.9230769230769232,ransom_8589
0,0.2,0.0,1,1,-1.0,0.8,ransom_8590
0,0.0909090909090909,0.0,1,3,0.0,0.9090909090909092,ransom_8591
1,0.1666666666666666,0.0,1,1,-0.9999999999999992,0.8333333333333334,ransom_8592
0,0.0909090909090909,0.0,1,3,-0.2500000000000005,0.9090909090909092,ransom_8593
1,0.0714285714285714,0.0,1,4,-0.0769321818620843,0.9285714285714286,ransom_8595
2,0.2,0.0,1,1,0.0,0.8,ransom_8597
0,0.25,0.0,1,1,0.0,0.75,ransom_8598
0,0.0769230769230769,0.0,1,3,-0.4780914437337626,0.9230769230769232,ransom_8599
0,0.0625,0.0,1,4,-0.1626109088969974,0.9375,ransom_8601
0,0.3333333333333333,0.0,1,1,0.0,0.6666666666666666,ransom_8604
1,0.1428571428571428,0.0,1,2,-0.250000000000001,0.8571428571428571,ransom_8605
0,0.1111111111111111,0.0,1,2,-0.5773502691896258,0.8888888888888888,ransom_8607
0,0.125,0.0,1,2,0.0,0.875,ransom_8608
0,0.1111111111111111,0.0,1,2,-0.6546536707079772,0.8888888888888888,ransom_8609
0,0.125,0.0,1,2,-0.6454972243679025,0.875,ransom_8611
0,0.1666666666666666,0.0,1,2,0.0,0.8333333333333334,ransom_8612
0,0.1666666666666666,0.0,1,2,0.1666666666666655,0.8333333333333334,ransom_8615
0,0.1428571428571428,0.0,1,2,0.0,0.8571428571428571,ransom_8616
0,0.25,0.0,1,1,0.0,0.75,ransom_8617
0,0.25,0.0,1,1,0.0,0.75,ransom_8618
0,0.25,0.0,1,1,0.0,0.75,ransom_8619
0,0.1111111111111111,0.0,1,3,0.2581988897471611,0.8888888888888888,ransom_8620
0,0.1428571428571428,0.0,1,2,0.0,0.8571428571428571,ransom_8621
0,0.3333333333333333,0.0,1,1,0.0,0.6666666666666666,ransom_8622
0,0.3333333333333333,0.0,1,1,0.0,0.6666666666666666,ransom_8623
0,0.3333333333333333,0.0,1,1,0.0,0.6666666666666666,ransom_8626
1,0.125,0.0,1,2,-0.6454972243679025,0.875,ransom_8628
0,0.3333333333333333,0.0,1,1,0.0,0.6666666666666666,ransom_8631
0,0.125,0.0,1,2,-0.6454972243679025,0.875,ransom_8633
1,0.25,0.0,1,1,0.0,0.75,ransom_8634
0,0.25,0.0,1,1,0.0,0.75,ransom_8635
0,0.2,0.0,1,1,0.0,0.8,ransom_8636
1,0.125,0.0,1,2,0.0,0.875,ransom_8637
0,0.0833333333333333,0.0,1,3,-0.3268602252303066,0.9166666666666666,ransom_8638
1,0.25,0.0,1,1,0.0,0.75,ransom_8639
0,0.3333333333333333,0.0,1,1,0.0,0.6666666666666666,ransom_8640
0,0.2,0.0,1,1,0.0,0.8,ransom_8641
0,0.25,0.0,1,1,0.0,0.75,ransom_8644
0,0.25,0.0,1,1,0.0,0.75,ransom_8645
0,0.25,0.0,1,1,0.0,0.75,ransom_8646
0,0.2,0.0,1,1,0.0,0.8,ransom_8647
3,0.125,0.0,1,2,-0.4880935300919782,0.875,ransom_8648
1,0.0833333333333333,0.0,1,4,0.0,0.9166666666666666,ransom_8649
0,0.25,0.0,1,1,0.0,0.75,ransom_8650
0,0.1428571428571428,0.0,1,2,0.0,0.8571428571428571,ransom_8651
1,0.0833333333333333,0.0,1,3,0.0,0.9166666666666666,ransom_8652
1,0.0909090909090909,0.0,1,3,0.0,0.9090909090909092,ransom_8653
1,0.1666666666666666,0.0,1,2,0.0,0.8333333333333334,ransom_8654
1,0.125,0.0,1,3,0.0,0.875,ransom_8655
0,0.1666666666666666,0.0,1,2,0.0,0.8333333333333334,ransom_8656
1,0.125,0.0,1,2,0.0,0.875,ransom_8657
0,0.25,0.0,1,1,0.0,0.75,ransom_8659
0,0.125,0.0,1,2,0.0,0.875,ransom_8660
4,0.1,0.0,1,3,0.0,0.9,ransom_8661
0,0.25,0.0,1,1,0.0,0.75,ransom_8663
0,0.25,0.0,1,1,0.0,0.75,ransom_8664
2,0.1428571428571428,0.0,1,2,0.0,0.8571428571428571,ransom_8665
0,0.0769230769230769,0.0,1,4,0.0,0.9230769230769232,ransom_8667
0,0.1428571428571428,0.0,1,2,0.0,0.8571428571428571,ransom_8669
0,0.0909090909090909,0.0,1,3,0.0,0.9090909090909092,ransom_8670
2,0.1111111111111111,0.0,1,2,0.0,0.8888888888888888,ransom_8672
0,0.125,0.0,1,2,-0.6454972243679025,0.875,ransom_8673
0,0.1428571428571428,0.0,1,2,0.0,0.8571428571428571,ransom_8675
0,0.0769230769230769,0.0,1,4,0.0,0.9230769230769232,ransom_8676
0,0.1428571428571428,0.0,1,2,0.0,0.8571428571428571,ransom_8677
0,0.25,0.0,1,1,0.0,0.75,ransom_8678
0,0.0909090909090909,0.0,1,3,0.0,0.9090909090909092,ransom_8679
0,0.1111111111111111,0.0,1,2,-0.6546536707079772,0.8888888888888888,ransom_8682
0,0.1111111111111111,0.0,1,3,0.0,0.8888888888888888,ransom_8683
0,0.2,0.0,1,1,0.0,0.8,ransom_8684
0,0.0833333333333333,0.0,1,4,0.0173762011714225,0.9166666666666666,ransom_8685
1,0.1428571428571428,0.0,1,2,0.0,0.8571428571428571,ransom_8686
0,0.25,0.0,1,1,0.0,0.75,ransom_8687
3,0.0833333333333333,0.0,1,3,-0.3888888888888903,0.9166666666666666,ransom_8688
1,0.0666666666666666,0.0,1,5,0.0,0.9333333333333332,ransom_8689
1,0.1428571428571428,0.0,1,2,0.0,0.8571428571428571,ransom_8690
0,0.0769230769230769,0.0,1,4,-0.063245553203368,0.9230769230769232,ransom_8691
0,0.3333333333333333,0.0,1,1,0.0,0.6666666666666666,ransom_8692
0,0.0909090909090909,0.0,1,3,-0.2500000000000005,0.9090909090909092,ransom_8694
1,0.125,0.0,1,3,0.0912870929175268,0.875,ransom_8695
0,0.3333333333333333,0.0,1,1,0.0,0.6666666666666666,ransom_8697
0,0.2,0.0,1,1,0.0,0.8,ransom_8698
1,0.1,0.0,1,3,0.0,0.9,ransom_8699
0,0.1,0.0,1,3,0.1135923668494129,0.9,ransom_8700
8,0.1111111111111111,0.0,1,3,0.0,0.8888888888888888,ransom_8701
0,0.125,0.0,1,2,0.0,0.875,ransom_8703
1,0.1666666666666666,0.0,1,2,0.0,0.8333333333333334,ransom_8704
1,0.1666666666666666,0.0,1,2,0.0,0.8333333333333334,ransom_8707
0,0.0833333333333333,0.0,1,3,0.0,0.9166666666666666,ransom_8708
3,0.1111111111111111,0.0,1,3,0.0,0.8888888888888888,ransom_8709
0,0.1428571428571428,0.0,1,2,0.0,0.8571428571428571,ransom_8710
0,0.1428571428571428,0.0,1,2,0.0,0.8571428571428571,ransom_8711
0,0.125,0.0,1,2,0.0,0.875,ransom_8712
0,0.1428571428571428,0.0,1,2,0.0,0.8571428571428571,ransom_8713
0,0.2,0.0,1,1,-1.0,0.8,ransom_8714
1,0.1666666666666666,0.0,1,2,0.0,0.8333333333333334,ransom_8715
0,0.25,0.0,1,1,0.0,0.75,ransom_8716
0,0.1111111111111111,0.0,1,3,0.0,0.8888888888888888,ransom_8717
0,0.125,0.0,1,2,-0.4880935300919782,0.875,ransom_8718
0,0.0909090909090909,0.0,1,3,-0.2500000000000005,0.9090909090909092,ransom_8719
0,0.3333333333333333,0.0,1,1,0.0,0.6666666666666666,ransom_8720
10,0.2,0.0,1,1,-1.0,0.8,ransom_8721
0,0.1666666666666666,0.0,1,2,0.0,0.8333333333333334,ransom_8722
4,0.25,0.0,1,1,0.0,0.75,ransom_8723
1,0.0833333333333333,0.0,1,4,0.0,0.9166666666666666,ransom_8725
0,0.3333333333333333,0.0,1,1,0.0,0.6666666666666666,ransom_8726
3,0.125,0.0,1,3,0.0,0.875,ransom_8727
0,0.25,0.0,1,1,0.0,0.75,ransom_8728
0,0.25,0.0,1,1,0.0,0.75,ransom_8729
0,0.1,0.0,1,3,0.0,0.9,ransom_8730
0,0.3333333333333333,0.0,1,1,0.0,0.6666666666666666,ransom_8731
0,0.1428571428571428,0.0,1,2,0.0,0.8571428571428571,ransom_8733
1,0.1428571428571428,0.0,1,2,-0.250000000000001,0.8571428571428571,ransom_8734
0,0.1666666666666666,0.0,1,2,0.0,0.8333333333333334,ransom_8735
0,0.2,0.0,1,2,0.0,0.8,ransom_8736
0,0.3333333333333333,0.0,1,1,0.0,0.6666666666666666,ransom_8738
2,0.1,0.0,1,3,0.0,0.9,ransom_8739
1,0.0909090909090909,0.0,1,3,0.0,0.9090909090909092,ransom_8740
0,0.2,0.0,1,1,0.0,0.8,ransom_8744
2,0.1428571428571428,0.0,1,2,0.0,0.8571428571428571,ransom_8745
0,0.25,0.0,1,1,0.0,0.75,ransom_8746
0,0.2,0.0,1,2,0.0,0.8,ransom_8749
0,0.0769230769230769,0.0,1,4,0.0,0.9230769230769232,ransom_8751
0,0.1428571428571428,0.0,1,2,0.0,0.8571428571428571,ransom_8752
0,0.1428571428571428,0.0,1,2,0.0,0.8571428571428571,ransom_8753
1,0.125,0.0,1,3,0.0,0.875,ransom_8754
1,0.1428571428571428,0.0,1,2,0.0,0.8571428571428571,ransom_8755
3,0.125,0.0,1,3,0.0,0.875,ransom_8756
0,0.1666666666666666,0.0,1,2,0.0,0.8333333333333334,ransom_8757
0,0.1111111111111111,0.0,1,2,-0.6546536707079772,0.8888888888888888,ransom_8758
1,0.2,0.0,1,1,0.0,0.8,ransom_8760
0,0.25,0.0,1,1,0.0,0.75,ransom_8761
9,0.1428571428571428,0.0,1,2,0.0,0.8571428571428571,ransom_8762
0,0.2,0.0,1,2,0.0,0.8,ransom_8763
0,0.3333333333333333,0.0,1,1,0.0,0.6666666666666666,ransom_8765
0,0.2,0.0,1,1,-1.0,0.8,ransom_8766
0,0.25,0.0,1,1,0.0,0.75,ransom_8769
5,0.1666666666666666,0.0,1,2,0.0,0.8333333333333334,ransom_8770
15,0.0434782608695652,0.0,1,7,0.0490143081395863,0.9565217391304348,ransom_8771
1,0.25,0.0,1,1,0.0,0.75,ransom_8773
0,0.2,0.0,1,1,-1.0,0.8,ransom_8774
1,0.0588235294117647,0.0,1,5,0.0924500327042048,0.9411764705882352,ransom_8775
0,0.125,0.0,1,2,0.0,0.875,ransom_8776
0,0.25,0.0,1,1,0.0,0.75,ransom_8777
0,0.1666666666666666,0.0,1,2,0.0,0.8333333333333334,ransom_8778
0,0.125,0.0,1,2,0.0,0.875,ransom_8780
0,0.125,0.0,1,3,0.0,0.875,ransom_8782
5,0.3333333333333333,0.0,1,1,0.0,0.6666666666666666,ransom_8783
0,0.25,0.0,1,1,0.0,0.75,ransom_8786
1,0.125,0.0,1,2,0.0,0.875,ransom_8787
0,0.2,0.0,1,1,-1.0,0.8,ransom_8788
3,0.1,0.0,1,3,0.0,0.9,ransom_8789
0,0.3333333333333333,0.0,1,1,0.0,0.6666666666666666,ransom_8790
0,0.25,0.0,1,1,0.0,0.75,ransom_8791
0,0.1666666666666666,0.0,1,2,0.1666666666666655,0.8333333333333334,ransom_8792
0,0.25,0.0,1,1,0.0,0.75,ransom_8793
0,0.1666666666666666,0.0,1,2,0.0,0.8333333333333334,ransom_8794
0,0.1,0.0,1,3,0.0,0.9,ransom_8795
0,0.25,0.0,1,1,0.0,0.75,ransom_8798
0,0.3333333333333333,0.0,1,1,0.0,0.6666666666666666,ransom_8799
0,0.25,0.0,1,1,0.0,0.75,ransom_8800
0,0.1111111111111111,0.0,1,2,-0.6546536707079772,0.8888888888888888,ransom_8801
1,0.25,0.0,1,1,0.0,0.75,ransom_8803
2,0.3333333333333333,0.0,1,1,0.0,0.6666666666666666,ransom_8804
0,0.0909090909090909,0.0,1,4,0.0,0.9090909090909092,ransom_8805
1,0.0714285714285714,0.0,1,4,-0.0210818510677897,0.9285714285714286,ransom_8806
0,0.125,0.0,1,2,0.0,0.875,ransom_8807
1,0.25,0.0,1,1,0.0,0.75,ransom_8808
1,0.125,0.0,1,3,0.0,0.875,ransom_8809
4,0.1666666666666666,0.0,1,2,0.0,0.8333333333333334,ransom_8810
1,0.25,0.0,1,1,0.0,0.75,ransom_8811
3,0.0769230769230769,0.0,1,4,0.0,0.9230769230769232,ransom_8812
0,0.1,0.0,1,3,0.0,0.9,ransom_8813
0,0.25,0.0,1,1,0.0,0.75,ransom_8814
0,0.2,0.0,1,1,-1.0,0.8,ransom_8815
0,0.1428571428571428,0.0,1,2,0.0,0.8571428571428571,ransom_8816
4,0.1428571428571428,0.0,1,2,0.0,0.8571428571428571,ransom_8819
0,0.125,0.0,1,2,-0.6454972243679025,0.875,ransom_8820
0,0.1666666666666666,0.0,1,2,0.0,0.8333333333333334,ransom_8821
1,0.0714285714285714,0.0,1,4,-0.0769321818620843,0.9285714285714286,ransom_8822
0,0.1111111111111111,0.0,1,2,0.0,0.8888888888888888,ransom_8823
0,0.25,0.0,1,1,0.0,0.75,ransom_8824
0,0.3333333333333333,0.0,1,1,0.0,0.6666666666666666,ransom_8826
0,0.25,0.0,1,1,0.0,0.75,ransom_8827
0,0.2,0.0,1,1,0.0,0.8,ransom_8830
0,0.25,0.0,1,1,0.0,0.75,ransom_8831
0,0.1111111111111111,0.0,1,2,-0.6546536707079772,0.8888888888888888,ransom_8833
0,0.125,0.0,1,2,0.0,0.875,ransom_8834
0,0.25,0.0,1,1,0.0,0.75,ransom_8835
0,0.2,0.0,1,1,0.0,0.8,ransom_8836
0,0.0625,0.0,1,4,-0.1626109088969974,0.9375,ransom_8837
0,0.1428571428571428,0.0,1,2,0.0,0.8571428571428571,ransom_8838
0,0.1111111111111111,0.0,1,3,0.0,0.8888888888888888,ransom_8839
0,0.0909090909090909,0.0,1,3,0.0,0.9090909090909092,ransom_8840
0,0.0833333333333333,0.0,1,3,-0.3268602252303066,0.9166666666666666,ransom_8841
8,0.1,0.0,1,3,0.0,0.9,ransom_8843
1,0.125,0.0,1,2,0.0,0.875,ransom_8844
0,0.1666666666666666,0.0,1,2,0.0,0.8333333333333334,ransom_8845
0,0.3333333333333333,0.0,1,1,0.0,0.6666666666666666,ransom_8846
1,0.0769230769230769,0.0,1,3,-0.3162277660168375,0.9230769230769232,ransom_8847
0,0.2,0.0,1,1,0.0,0.8,ransom_8848
4,0.25,0.0,1,1,0.0,0.75,ransom_8849
0,0.25,0.0,1,1,0.0,0.75,ransom_8850
0,0.25,0.0,1,1,0.0,0.75,ransom_8851
2,0.0909090909090909,0.0,1,3,0.0,0.9090909090909092,ransom_8852
0,0.125,0.0,1,2,0.0,0.875,ransom_8853
0,0.1428571428571428,0.0,1,2,-0.250000000000001,0.8571428571428571,ransom_8855
0,0.1666666666666666,0.0,1,2,0.0,0.8333333333333334,ransom_8857
0,0.1428571428571428,0.0,1,2,0.0,0.8571428571428571,ransom_8858
0,0.1428571428571428,0.0,1,2,0.0,0.8571428571428571,ransom_8859
0,0.1428571428571428,0.0,1,2,0.0,0.8571428571428571,ransom_8860
0,0.3333333333333333,0.0,1,1,0.0,0.6666666666666666,ransom_8862
1,0.25,0.0,1,1,0.0,0.75,ransom_8863
0,0.1666666666666666,0.0,1,2,0.0,0.8333333333333334,ransom_8864
0,0.2,0.0,1,1,0.0,0.8,ransom_8865
3,0.1428571428571428,0.0,1,2,0.0,0.8571428571428571,ransom_8866
0,0.25,0.0,1,1,0.0,0.75,ransom_8867
0,0.1111111111111111,0.0,1,3,0.0,0.8888888888888888,ransom_8868
0,0.1666666666666666,0.0,1,2,0.0,0.8333333333333334,ransom_8869
1,0.0909090909090909,0.0,1,3,0.0,0.9090909090909092,ransom_8870
0,0.25,0.0,1,1,0.0,0.75,ransom_8872
1,0.25,0.0,1,1,0.0,0.75,ransom_8873
0,0.25,0.0,1,1,0.0,0.75,ransom_8875
1,0.25,0.0,1,1,0.0,0.75,ransom_8876
0,0.25,0.0,1,1,0.0,0.75,ransom_8878
0,0.2,0.0,1,1,0.0,0.8,ransom_8879
0,0.0666666666666666,0.0,1,4,-0.0912870929175288,0.9333333333333332,ransom_8880
8,0.1428571428571428,0.0,1,2,0.0,0.8571428571428571,ransom_8881
0,0.0909090909090909,0.0,1,3,0.0,0.9090909090909092,ransom_8882
0,0.25,0.0,1,1,0.0,0.75,ransom_8884
1,0.0909090909090909,0.0,1,3,0.0,0.9090909090909092,ransom_8885
0,0.25,0.0,1,1,0.0,0.75,ransom_8886
0,0.0769230769230769,0.0,1,4,0.0,0.9230769230769232,ransom_8889
5,0.1,0.0,1,3,0.0,0.9,ransom_8890
0,0.1428571428571428,0.0,1,2,0.0,0.8571428571428571,ransom_8891
0,0.2,0.0,1,1,0.0,0.8,ransom_8892
1,0.2,0.0,1,1,0.0,0.8,ransom_8893
1,0.1428571428571428,0.0,1,2,0.0,0.8571428571428571,ransom_8894
1,0.1666666666666666,0.0,1,2,0.0,0.8333333333333334,ransom_8896
0,0.2,0.0,1,1,-1.0,0.8,ransom_8897
0,0.0769230769230769,0.0,1,4,0.0,0.9230769230769232,ransom_8899
0,0.1428571428571428,0.0,1,2,0.0,0.8571428571428571,ransom_8901
0,0.1428571428571428,0.0,1,2,-0.250000000000001,0.8571428571428571,ransom_8902
1,0.125,0.0,1,3,0.0,0.875,ransom_8903
2,0.1666666666666666,0.0,1,2,0.0,0.8333333333333334,ransom_8905
2,0.1428571428571428,0.0,1,2,0.0,0.8571428571428571,ransom_8906
1,0.1111111111111111,0.0,1,3,0.0,0.8888888888888888,ransom_8907
0,0.2,0.0,1,1,-1.0,0.8,ransom_8908
0,0.3333333333333333,0.0,1,1,0.0,0.6666666666666666,ransom_8910
0,0.125,0.0,1,2,-0.6454972243679025,0.875,ransom_8911
0,0.2,0.0,1,1,0.0,0.8,ransom_8912
0,0.125,0.0,1,2,0.0,0.875,ransom_8913
0,0.25,0.0,1,1,0.0,0.75,ransom_8914
0,0.25,0.0,1,1,0.0,0.75,ransom_8915
0,0.125,0.0,1,2,0.0,0.875,ransom_8916
0,0.3333333333333333,0.0,1,1,0.0,0.6666666666666666,ransom_8917
0,0.25,0.0,1,1,0.0,0.75,ransom_8919
0,0.2,0.0,1,1,0.0,0.8,ransom_8920
1,0.1666666666666666,0.0,1,1,-0.9999999999999992,0.8333333333333334,ransom_8921
0,0.2,0.0,1,1,0.0,0.8,ransom_8922
0,0.1666666666666666,0.0,1,2,0.0,0.8333333333333334,ransom_8923
0,0.125,0.0,1,2,0.0,0.875,ransom_8925
0,0.25,0.0,1,1,0.0,0.75,ransom_8926
0,0.3333333333333333,0.0,1,1,0.0,0.6666666666666666,ransom_8927
0,0.1666666666666666,0.0,1,1,-0.9999999999999992,0.8333333333333334,ransom_8928
0,0.2,0.0,1,1,0.0,0.8,ransom_8929
2,0.1111111111111111,0.0,1,3,0.0,0.8888888888888888,ransom_8930
0,0.25,0.0,1,1,0.0,0.75,ransom_8931
0,0.1666666666666666,0.0,1,2,0.0,0.8333333333333334,ransom_8932
2,0.3333333333333333,0.0,1,1,0.0,0.6666666666666666,ransom_8934
3,0.1666666666666666,0.0,1,2,0.1666666666666655,0.8333333333333334,ransom_8935
2,0.0769230769230769,0.0,1,3,-0.4082482904638635,0.9230769230769232,ransom_8936
5,0.1428571428571428,0.0,1,2,0.4999999999999995,0.8571428571428571,ransom_8937
61,0.1,0.0,1,3,0.0,0.9,ransom_8938
0,0.1428571428571428,0.0,1,2,0.0,0.8571428571428571,ransom_8940
0,0.2,0.0,1,1,0.0,0.8,ransom_8941
0,0.125,0.0,1,3,0.0,0.875,ransom_8942
0,0.3333333333333333,0.0,1,1,0.0,0.6666666666666666,ransom_8943
0,0.25,0.0,1,1,0.0,0.75,ransom_8944
0,0.1666666666666666,0.0,1,2,0.0,0.8333333333333334,ransom_8945
0,0.1111111111111111,0.0,1,3,0.0,0.8888888888888888,ransom_8946
1,0.1,0.0,1,3,0.0,0.9,ransom_8948
0,0.1428571428571428,0.0,1,2,0.0,0.8571428571428571,ransom_8950
1,0.2,0.0,1,2,0.0,0.8,ransom_8951
0,0.0714285714285714,0.0,1,4,0.0,0.9285714285714286,ransom_8953
0,0.3333333333333333,0.0,1,1,0.0,0.6666666666666666,ransom_8954
0,0.25,0.0,1,1,0.0,0.75,ransom_8955
0,0.1428571428571428,0.0,1,2,-0.250000000000001,0.8571428571428571,ransom_8956
2,0.1,0.0,1,3,0.0,0.9,ransom_8958
0,0.25,0.0,1,1,0.0,0.75,ransom_8959
0,0.0909090909090909,0.0,1,3,-0.2500000000000005,0.9090909090909092,ransom_8963
2,0.1428571428571428,0.0,1,2,0.0,0.8571428571428571,ransom_8964
1,0.1428571428571428,0.0,1,2,0.0,0.8571428571428571,ransom_8966
0,0.25,0.0,1,1,0.0,0.75,ransom_8967
4,0.125,0.0,1,2,-0.6454972243679025,0.875,ransom_8968
1,0.0833333333333333,0.0,1,4,0.0,0.9166666666666666,ransom_8969
0,0.1666666666666666,0.0,1,2,0.0,0.8333333333333334,ransom_8970
2,0.0714285714285714,0.0,1,3,-0.4813299149207699,0.9285714285714286,ransom_8971
0,0.2,0.0,1,1,0.0,0.8,ransom_8972
0,0.2,0.0,1,2,0.0,0.8,ransom_8973
0,0.25,0.0,1,1,0.0,0.75,ransom_8975
0,0.25,0.0,1,1,0.0,0.75,ransom_8976
0,0.25,0.0,1,1,0.0,0.75,ransom_8977
0,0.1666666666666666,0.0,1,2,0.1666666666666655,0.8333333333333334,ransom_8978
0,0.25,0.0,1,1,0.0,0.75,ransom_8980
0,0.3333333333333333,0.0,1,1,0.0,0.6666666666666666,ransom_8981
0,0.1111111111111111,0.0,1,2,-0.6546536707079772,0.8888888888888888,ransom_8982
6,0.3333333333333333,0.0,1,1,0.0,0.6666666666666666,ransom_8984
3,0.2,0.0,1,2,0.0,0.8,ransom_8987
4,0.1428571428571428,0.0,1,2,0.0,0.8571428571428571,ransom_8988
0,0.25,0.0,1,1,0.0,0.75,ransom_8989
0,0.3333333333333333,0.0,1,1,0.0,0.6666666666666666,ransom_8990
0,0.25,0.0,1,1,0.0,0.75,ransom_8991
0,0.125,0.0,1,2,0.0,0.875,ransom_8992
1,0.0769230769230769,0.0,1,3,-0.3162277660168375,0.9230769230769232,ransom_8993
5,0.0833333333333333,0.0,1,4,0.0,0.9166666666666666,ransom_8994
0,0.0833333333333333,0.0,1,3,-0.3268602252303066,0.9166666666666666,ransom_8996
0,0.1666666666666666,0.0,1,2,0.0,0.8333333333333334,ransom_8997
0,0.1111111111111111,0.0,1,2,-0.6546536707079772,0.8888888888888888,ransom_8998
0,0.1428571428571428,0.0,1,2,-0.250000000000001,0.8571428571428571,ransom_8999
0,0.1428571428571428,0.0,1,2,-0.250000000000001,0.8571428571428571,ransom_9000
1,0.0833333333333333,0.0,1,4,0.0,0.9166666666666666,ransom_9002
0,0.0769230769230769,0.0,1,4,0.0,0.9230769230769232,ransom_9003
1,0.1428571428571428,0.0,1,2,0.0,0.8571428571428571,ransom_9005
0,0.2,0.0,1,2,0.0,0.8,ransom_9006
0,0.0714285714285714,0.0,1,3,-0.4813299149207699,0.9285714285714286,ransom_9007
0,0.0833333333333333,0.0,1,3,-0.3268602252303066,0.9166666666666666,ransom_9008
0,0.1428571428571428,0.0,1,2,0.0,0.8571428571428571,ransom_9009
0,0.1111111111111111,0.0,1,3,0.0,0.8888888888888888,ransom_9010
8,0.1666666666666666,0.0,1,2,0.0,0.8333333333333334,ransom_9011
1,0.1111111111111111,0.0,1,3,0.0,0.8888888888888888,ransom_9012
0,0.1666666666666666,0.0,1,2,0.0,0.8333333333333334,ransom_9013
0,0.2,0.0,1,1,-1.0,0.8,ransom_9016
0,0.1428571428571428,0.0,1,2,-0.250000000000001,0.8571428571428571,ransom_9017
0,0.3333333333333333,0.0,1,1,0.0,0.6666666666666666,ransom_9019
0,0.0909090909090909,0.0,1,3,-0.166666666666668,0.9090909090909092,ransom_9020
1,0.0588235294117647,0.0,1,5,0.0,0.9411764705882352,ransom_9021
0,0.1,0.0,1,3,-0.1889822365046146,0.9,ransom_9022
1,0.1,0.0,1,3,0.0,0.9,ransom_9023
0,0.1111111111111111,0.0,1,3,0.0,0.8888888888888888,ransom_9024
4,0.2,0.0,1,2,0.0,0.8,ransom_9026
0,0.1666666666666666,0.0,1,2,0.0,0.8333333333333334,ransom_9027
7,0.1,0.0,1,3,0.0,0.9,ransom_9028
5,0.3333333333333333,0.0,1,1,0.0,0.6666666666666666,ransom_9030
0,0.25,0.0,1,1,0.0,0.75,ransom_9031
0,0.3333333333333333,0.0,1,1,0.0,0.6666666666666666,ransom_9032
0,0.1666666666666666,0.0,1,2,0.1666666666666655,0.8333333333333334,ransom_9034
1,0.2,0.0,1,1,0.0,0.8,ransom_9035
0,0.25,0.0,1,1,0.0,0.75,ransom_9036
2,0.2,0.0,1,1,0.0,0.8,ransom_9037
1,0.1428571428571428,0.0,1,2,0.0,0.8571428571428571,ransom_9038
1,0.0625,0.0,1,4,-0.0591312395989085,0.9375,ransom_9039
0,0.125,0.0,1,3,0.0,0.875,ransom_9042
0,0.125,0.0,1,2,0.0,0.875,ransom_9043
0,0.1428571428571428,0.0,1,2,0.0,0.8571428571428571,ransom_9044
0,0.1666666666666666,0.0,1,2,0.0,0.8333333333333334,ransom_9045
1,0.3333333333333333,0.0,1,1,0.0,0.6666666666666666,ransom_9046
0,0.3333333333333333,0.0,1,1,0.0,0.6666666666666666,ransom_9047
3,0.1428571428571428,0.0,1,2,-0.250000000000001,0.8571428571428571,ransom_9048
1,0.25,0.0,1,1,0.0,0.75,ransom_9049
1,0.0833333333333333,0.0,1,3,-0.3268602252303066,0.9166666666666666,ransom_9051
0,0.1,0.0,1,3,-0.0805822964025377,0.9,ransom_9052
0,0.125,0.0,1,3,0.0,0.875,ransom_9053
1,0.1,0.0,1,3,0.0,0.9,ransom_9054
0,0.1111111111111111,0.0,1,3,0.0,0.8888888888888888,ransom_9055
0,0.25,0.0,1,1,0.0,0.75,ransom_9056
0,0.3333333333333333,0.0,1,1,0.0,0.6666666666666666,ransom_9058
3,0.0833333333333333,0.0,1,3,-0.3268602252303066,0.9166666666666666,ransom_9059
0,0.125,0.0,1,2,0.0,0.875,ransom_9060
1,0.1111111111111111,0.0,1,3,0.0,0.8888888888888888,ransom_9061
0,0.1428571428571428,0.0,1,2,0.0,0.8571428571428571,ransom_9062
0,0.1428571428571428,0.0,1,2,-0.250000000000001,0.8571428571428571,ransom_9063
0,0.0769230769230769,0.0,1,3,-0.4780914437337626,0.9230769230769232,ransom_9064
15,0.0833333333333333,0.0,1,3,-0.3268602252303066,0.9166666666666666,ransom_9065
0,0.25,0.0,1,1,0.0,0.75,ransom_9066
0,0.1,0.0,1,3,-0.0805822964025377,0.9,ransom_9067
11,0.1,0.0,1,3,-0.0805822964025377,0.9,ransom_9068
0,0.0833333333333333,0.0,1,3,-0.3268602252303066,0.9166666666666666,ransom_9070
0,0.0769230769230769,0.0,1,4,-0.063245553203368,0.9230769230769232,ransom_9071
0,0.0909090909090909,0.0,1,3,0.0,0.9090909090909092,ransom_9074
10,0.3333333333333333,0.0,1,1,0.0,0.6666666666666666,ransom_9075
7,0.0833333333333333,0.0,1,3,-0.3268602252303066,0.9166666666666666,ransom_9076
0,0.1428571428571428,0.0,1,2,-0.250000000000001,0.8571428571428571,ransom_9077
0,0.1666666666666666,0.0,1,2,0.0,0.8333333333333334,ransom_9078
0,0.25,0.0,1,1,0.0,0.75,ransom_9080
0,0.25,0.0,1,1,0.0,0.75,ransom_9081
0,0.1428571428571428,0.0,1,2,0.0,0.8571428571428571,ransom_9083
1,0.1428571428571428,0.0,1,2,0.0,0.8571428571428571,ransom_9084
0,0.2,0.0,1,1,0.0,0.8,ransom_9086
0,0.2,0.0,1,1,0.0,0.8,ransom_9087
0,0.0909090909090909,0.0,1,3,0.0,0.9090909090909092,ransom_9088
0,0.3333333333333333,0.0,1,1,0.0,0.6666666666666666,ransom_9089
0,0.0833333333333333,0.0,1,3,-0.2390457218668779,0.9166666666666666,ransom_9091
0,0.3333333333333333,0.0,1,1,0.0,0.6666666666666666,ransom_9093
0,0.1,0.0,1,3,-0.0805822964025377,0.9,ransom_9095
0,0.2,0.0,1,1,0.0,0.8,ransom_9096
1,0.1428571428571428,0.0,1,2,0.0,0.8571428571428571,ransom_9097
8,0.1428571428571428,0.0,1,2,0.0,0.8571428571428571,ransom_9098
0,0.0909090909090909,0.0,1,2,-0.9185586535436924,0.9090909090909092,ransom_9101
19,0.125,0.0,1,2,-0.4880935300919782,0.875,ransom_9103
0,0.1666666666666666,0.0,1,2,0.0,0.8333333333333334,ransom_9104
0,0.1428571428571428,0.0,1,2,0.0,0.8571428571428571,ransom_9105
0,0.1111111111111111,0.0,1,3,0.0,0.8888888888888888,ransom_9107
0,0.1111111111111111,0.0,1,2,0.0,0.8888888888888888,ransom_9109
0,0.1111111111111111,0.0,1,3,0.0,0.8888888888888888,ransom_9110
0,0.3333333333333333,0.0,1,1,0.0,0.6666666666666666,ransom_9111
0,0.0833333333333333,0.0,1,3,-0.3268602252303066,0.9166666666666666,ransom_9112
0,0.2,0.0,1,2,0.0,0.8,ransom_9113
1,0.1666666666666666,0.0,1,2,0.0,0.8333333333333334,ransom_9114
0,0.2,0.0,1,1,0.0,0.8,ransom_9116
0,0.2,0.0,1,2,0.0,0.8,ransom_9117
1,0.125,0.0,1,2,0.0,0.875,ransom_9118
0,0.1,0.0,1,3,-0.1889822365046146,0.9,ransom_9119
0,0.125,0.0,1,2,-0.4880935300919782,0.875,ransom_9120
1,0.25,0.0,1,1,0.0,0.75,ransom_9121
0,0.1666666666666666,0.0,1,2,0.0,0.8333333333333334,ransom_9123
0,0.125,0.0,1,2,0.0,0.875,ransom_9124
5,0.2,0.0,1,1,0.0,0.8,ransom_9125
0,0.2,0.0,1,1,0.0,0.8,ransom_9126
0,0.25,0.0,1,1,0.0,0.75,ransom_9127
0,0.25,0.0,1,1,0.0,0.75,ransom_9131
0,0.125,0.0,1,2,0.0,0.875,ransom_9133
0,0.1,0.0,1,3,-0.0805822964025377,0.9,ransom_9134
0,0.25,0.0,1,1,0.0,0.75,ransom_9135
0,0.125,0.0,1,3,0.0,0.875,ransom_9136
0,0.2,0.0,1,1,-1.0,0.8,ransom_9137
0,0.1428571428571428,0.0,1,2,0.0,0.8571428571428571,ransom_9138
0,0.25,0.0,1,1,0.0,0.75,ransom_9139
1,0.1,0.0,1,3,0.0,0.9,ransom_9140
0,0.2,0.0,1,1,0.0,0.8,ransom_9141
0,0.0769230769230769,0.0,1,4,0.0,0.9230769230769232,ransom_9142
1,0.2,0.0,1,1,-1.0,0.8,ransom_9143
0,0.1428571428571428,0.0,1,2,0.0,0.8571428571428571,ransom_9144
0,0.25,0.0,1,1,0.0,0.75,ransom_9148
0,0.1428571428571428,0.0,1,2,0.0,0.8571428571428571,ransom_9149
0,0.25,0.0,1,1,0.0,0.75,ransom_9150
0,0.0666666666666666,0.0,1,4,0.0,0.9333333333333332,ransom_9151
0,0.25,0.0,1,1,0.0,0.75,ransom_9152
0,0.1666666666666666,0.0,1,2,0.0,0.8333333333333334,ransom_9153
0,0.1428571428571428,0.0,1,2,0.0,0.8571428571428571,ransom_9154
8,0.3333333333333333,0.0,1,1,0.0,0.6666666666666666,ransom_9155
0,0.0666666666666666,0.0,1,5,0.0,0.9333333333333332,ransom_9156
2,0.1,0.0,1,3,0.0,0.9,ransom_9158
0,0.2,0.0,1,2,0.0,0.8,ransom_9161
0,0.0833333333333333,0.0,1,4,0.0,0.9166666666666666,ransom_9162
0,0.25,0.0,1,1,0.0,0.75,ransom_9163
1,0.1666666666666666,0.0,1,2,0.0,0.8333333333333334,ransom_9164
0,0.3333333333333333,0.0,1,1,0.0,0.6666666666666666,ransom_9165
0,0.3333333333333333,0.0,1,1,0.0,0.6666666666666666,ransom_9166
0,0.125,0.0,1,2,0.0,0.875,ransom_9167
0,0.3333333333333333,0.0,1,1,0.0,0.6666666666666666,ransom_9168
0,0.1111111111111111,0.0,1,2,0.0,0.8888888888888888,ransom_9169
0,0.1666666666666666,0.0,1,2,0.0,0.8333333333333334,ransom_9170
0,0.3333333333333333,0.0,1,1,0.0,0.6666666666666666,ransom_9171
5,0.25,0.0,1,1,0.0,0.75,ransom_9173
2,0.0625,0.0,1,5,4.216374612302231e-16,0.9375,ransom_9174
0,0.0769230769230769,0.0,1,3,-0.3162277660168375,0.9230769230769232,ransom_9175
0,0.1666666666666666,0.0,1,1,-0.9999999999999992,0.8333333333333334,ransom_9176
0,0.1428571428571428,0.0,1,2,0.0,0.8571428571428571,ransom_9177
0,0.25,0.0,1,1,0.0,0.75,ransom_9178
0,0.0909090909090909,0.0,1,4,0.0,0.9090909090909092,ransom_9179
1,0.125,0.0,1,2,0.0,0.875,ransom_9180
1,0.0833333333333333,0.0,1,3,-0.3268602252303066,0.9166666666666666,ransom_9181
0,0.2,0.0,1,2,0.0,0.8,ransom_9182
0,0.3333333333333333,0.0,1,1,0.0,0.6666666666666666,ransom_9183
0,0.1428571428571428,0.0,1,2,0.0,0.8571428571428571,ransom_9184
0,0.1428571428571428,0.0,1,2,-0.250000000000001,0.8571428571428571,ransom_9185
0,0.1666666666666666,0.0,1,2,0.0,0.8333333333333334,ransom_9186
0,0.1428571428571428,0.0,1,2,0.0,0.8571428571428571,ransom_9187
1,0.25,0.0,1,1,0.0,0.75,ransom_9188
1,0.1666666666666666,0.0,1,2,0.0,0.8333333333333334,ransom_9189
0,0.1666666666666666,0.0,1,1,-0.9999999999999992,0.8333333333333334,ransom_9190
0,0.0909090909090909,0.0,1,3,-5.851389114294497e-16,0.9090909090909092,ransom_9193
0,0.1428571428571428,0.0,1,2,0.0,0.8571428571428571,ransom_9194
1,0.1,0.0,1,3,0.0,0.9,ransom_9196
0,0.2,0.0,1,1,0.0,0.8,ransom_9197
1,0.1,0.0,1,3,-0.0805822964025377,0.9,ransom_9198
0,0.1111111111111111,0.0,1,2,-0.6546536707079772,0.8888888888888888,ransom_9201
0,0.25,0.0,1,1,0.0,0.75,ransom_9202
0,0.0909090909090909,0.0,1,3,-0.166666666666668,0.9090909090909092,ransom_9204
0,0.2,0.0,1,2,0.0,0.8,ransom_9205
0,0.0909090909090909,0.0,1,3,-0.2500000000000005,0.9090909090909092,ransom_9206
1,0.25,0.0,1,1,0.0,0.75,ransom_9207
0,0.1111111111111111,0.0,1,2,-0.6546536707079772,0.8888888888888888,ransom_9208
0,0.1111111111111111,0.0,1,3,0.0,0.8888888888888888,ransom_9209
0,0.25,0.0,1,1,0.0,0.75,ransom_9210
1,0.25,0.0,1,1,0.0,0.75,ransom_9213
0,0.2,0.0,1,1,0.0,0.8,ransom_9214
0,0.25,0.0,1,1,0.0,0.75,ransom_9216
3,0.0769230769230769,0.0,1,4,0.0,0.9230769230769232,ransom_9217
0,0.1,0.0,1,3,0.0,0.9,ransom_9219
0,0.25,0.0,1,1,0.0,0.75,ransom_9221
0,0.25,0.0,1,1,0.0,0.75,ransom_9222
0,0.0833333333333333,0.0,1,4,0.0,0.9166666666666666,ransom_9223
0,0.2,0.0,1,1,0.0,0.8,ransom_9224
0,0.1,0.0,1,3,0.0,0.9,ransom_9225
0,0.3333333333333333,0.0,1,1,0.0,0.6666666666666666,ransom_9226
3,0.125,0.0,1,2,-0.4880935300919782,0.875,ransom_9231
1,0.0625,0.0,1,5,4.216374612302231e-16,0.9375,ransom_9232
2,0.1666666666666666,0.0,1,2,0.1666666666666655,0.8333333333333334,ransom_9233
0,0.1,0.0,1,3,0.0,0.9,ransom_9234
0,0.25,0.0,1,1,0.0,0.75,ransom_9235
0,0.1666666666666666,0.0,1,2,0.0,0.8333333333333334,ransom_9236
0,0.0909090909090909,0.0,1,3,-0.2500000000000005,0.9090909090909092,ransom_9237
0,0.25,0.0,1,1,0.0,0.75,ransom_9239
3,0.3333333333333333,0.0,1,1,0.0,0.6666666666666666,ransom_9240
6,0.0909090909090909,0.0,1,3,-0.2500000000000005,0.9090909090909092,ransom_9241
0,0.2,0.0,1,1,0.0,0.8,ransom_9243
0,0.1666666666666666,0.0,1,2,0.0,0.8333333333333334,ransom_9245
0,0.1428571428571428,0.0,1,2,0.0,0.8571428571428571,ransom_9246
0,0.125,0.0,1,2,-0.6454972243679025,0.875,ransom_9247
1,0.1111111111111111,0.0,1,3,0.0,0.8888888888888888,ransom_9248
0,0.125,0.0,1,2,-0.6454972243679025,0.875,ransom_9249
7,0.25,0.0,1,1,0.0,0.75,ransom_9250
0,0.125,0.0,1,2,-0.4880935300919782,0.875,ransom_9251
0,0.25,0.0,1,1,0.0,0.75,ransom_9252
1,0.1428571428571428,0.0,1,2,0.0,0.8571428571428571,ransom_9253
0,0.25,0.0,1,1,0.0,0.75,ransom_9254
0,0.1666666666666666,0.0,1,1,-0.9999999999999992,0.8333333333333334,ransom_9255
0,0.0909090909090909,0.0,1,3,-0.166666666666668,0.9090909090909092,ransom_9256
0,0.1111111111111111,0.0,1,2,-0.6546536707079772,0.8888888888888888,ransom_9257
1,0.1428571428571428,0.0,1,2,0.0,0.8571428571428571,ransom_9258
1,0.0769230769230769,0.0,1,3,0.0,0.9230769230769232,ransom_9259
0,0.2,0.0,1,1,0.0,0.8,ransom_9260
0,0.1428571428571428,0.0,1,2,-0.250000000000001,0.8571428571428571,ransom_9261
0,0.125,0.0,1,2,-0.6454972243679025,0.875,ransom_9263
0,0.125,0.0,1,2,-0.6454972243679025,0.875,ransom_9264
1,0.3333333333333333,0.0,1,1,0.0,0.6666666666666666,ransom_9265
0,0.3333333333333333,0.0,1,1,0.0,0.6666666666666666,ransom_9266
3,0.0769230769230769,0.0,1,4,0.0,0.9230769230769232,ransom_9267
0,0.125,0.0,1,2,0.0,0.875,ransom_9268
1,0.1428571428571428,0.0,1,2,0.0,0.8571428571428571,ransom_9269
0,0.25,0.0,1,1,0.0,0.75,ransom_9271
0,0.1666666666666666,0.0,1,2,0.1666666666666655,0.8333333333333334,ransom_9272
0,0.1666666666666666,0.0,1,2,0.0,0.8333333333333334,ransom_9273
1,0.3333333333333333,0.0,1,1,0.0,0.6666666666666666,ransom_9274
1,0.0714285714285714,0.0,1,5,0.0,0.9285714285714286,ransom_9275
1,0.0769230769230769,0.0,1,4,0.0944911182523065,0.9230769230769232,ransom_9277
0,0.3333333333333333,0.0,1,1,0.0,0.6666666666666666,ransom_9278
2,0.1666666666666666,0.0,1,2,0.0,0.8333333333333334,ransom_9279
0,0.1666666666666666,0.0,1,2,0.0,0.8333333333333334,ransom_9280
7,0.25,0.0,1,1,0.0,0.75,ransom_9281
1,0.3333333333333333,0.0,1,1,0.0,0.6666666666666666,ransom_9282
0,0.1428571428571428,0.0,1,2,-0.250000000000001,0.8571428571428571,ransom_9283
0,0.2,0.0,1,1,0.0,0.8,ransom_9284
3,0.0666666666666666,0.0,1,4,0.043033148291194,0.9333333333333332,ransom_9285
0,0.25,0.0,1,1,0.0,0.75,ransom_9286
1,0.0769230769230769,0.0,1,4,0.0,0.9230769230769232,ransom_9287
0,0.25,0.0,1,1,0.0,0.75,ransom_9288
0,0.1428571428571428,0.0,1,2,0.0,0.8571428571428571,ransom_9290
0,0.0833333333333333,0.0,1,3,0.0,0.9166666666666666,ransom_9291
0,0.125,0.0,1,2,0.0,0.875,ransom_9292
1,0.0833333333333333,0.0,1,3,-0.3268602252303066,0.9166666666666666,ransom_9293
0,0.0714285714285714,0.0,1,4,0.0,0.9285714285714286,ransom_9294
2,0.1428571428571428,0.0,1,2,0.0,0.8571428571428571,ransom_9297
0,0.2,0.0,1,1,0.0,0.8,ransom_9298
0,0.1,0.0,1,3,0.0,0.9,ransom_9299
0,0.25,0.0,1,1,0.0,0.75,ransom_9300
0,0.125,0.0,1,2,0.0,0.875,ransom_9301
0,0.1111111111111111,0.0,1,2,0.0,0.8888888888888888,ransom_9302
0,0.3333333333333333,0.0,1,1,0.0,0.6666666666666666,ransom_9304
0,0.1428571428571428,0.0,1,2,0.0,0.8571428571428571,ransom_9305
0,0.1,0.0,1,3,0.0,0.9,ransom_9306
0,0.25,0.0,1,1,0.0,0.75,ransom_9307
0,0.2,0.0,1,1,0.0,0.8,ransom_9308
1,0.25,0.0,1,1,0.0,0.75,ransom_9310
0,0.25,0.0,1,1,0.0,0.75,ransom_9311
0,0.1428571428571428,0.0,1,2,0.0,0.8571428571428571,ransom_9312
1,0.25,0.0,1,1,0.0,0.75,ransom_9318
0,0.2,0.0,1,1,0.0,0.8,ransom_9319
0,0.1,0.0,1,3,0.0,0.9,ransom_9320
0,0.2,0.0,1,1,0.0,0.8,ransom_9321
0,0.25,0.0,1,1,0.0,0.75,ransom_9322
0,0.25,0.0,1,1,0.0,0.75,ransom_9324
4,0.0769230769230769,0.0,1,4,0.0,0.9230769230769232,ransom_9325
0,0.1111111111111111,0.0,1,3,0.0,0.8888888888888888,ransom_9326
0,0.2,0.0,1,1,0.0,0.8,ransom_9329
1,0.0588235294117647,0.0,1,4,-0.2390457218668787,0.9411764705882352,ransom_9330
3,0.1111111111111111,0.0,1,3,0.0,0.8888888888888888,ransom_9331
0,0.25,0.0,1,1,0.0,0.75,ransom_9332
0,0.3333333333333333,0.0,1,1,0.0,0.6666666666666666,ransom_9334
0,0.25,0.0,1,1,0.0,0.75,ransom_9335
0,0.2,0.0,1,2,0.0,0.8,ransom_9336
0,0.1428571428571428,0.0,1,2,0.0,0.8571428571428571,ransom_9338
4,0.125,0.0,1,3,0.0,0.875,ransom_9339
0,0.3333333333333333,0.0,1,1,0.0,0.6666666666666666,ransom_9341
0,0.1666666666666666,0.0,1,2,0.0,0.8333333333333334,ransom_9342
0,0.25,0.0,1,1,0.0,0.75,ransom_9343
0,0.2,0.0,1,1,-1.0,0.8,ransom_9344
0,0.3333333333333333,0.0,1,1,0.0,0.6666666666666666,ransom_9345
0,0.125,0.0,1,2,0.0,0.875,ransom_9346
1,0.1428571428571428,0.0,1,2,0.0,0.8571428571428571,ransom_9347
1,0.1111111111111111,0.0,1,3,0.0,0.8888888888888888,ransom_9348
1,0.2,0.0,1,1,-1.0,0.8,ransom_9349
0,0.25,0.0,1,1,0.0,0.75,ransom_9350
0,0.2,0.0,1,1,-1.0,0.8,ransom_9351
3,0.2,0.0,1,2,0.0,0.8,ransom_9352
0,0.125,0.0,1,3,0.0,0.875,ransom_9353
0,0.1428571428571428,0.0,1,2,0.0,0.8571428571428571,ransom_9356
0,0.25,0.0,1,1,0.0,0.75,ransom_9357
0,0.2,0.0,1,1,0.0,0.8,ransom_9358
6,0.0909090909090909,0.0,1,3,-0.2500000000000005,0.9090909090909092,ransom_9359
0,0.25,0.0,1,1,0.0,0.75,ransom_9360
0,0.1428571428571428,0.0,1,2,0.0,0.8571428571428571,ransom_9361
0,0.25,0.0,1,1,0.0,0.75,ransom_9362
1,0.0666666666666666,0.0,1,4,0.043033148291194,0.9333333333333332,ransom_9363
0,0.25,0.0,1,1,0.0,0.75,ransom_9364
0,0.25,0.0,1,1,0.0,0.75,ransom_9365
1,0.1111111111111111,0.0,1,3,0.0,0.8888888888888888,ransom_9366
0,0.2,0.0,1,1,-1.0,0.8,ransom_9367
0,0.0714285714285714,0.0,1,4,-0.0210818510677897,0.9285714285714286,ransom_9368
0,0.3333333333333333,0.0,1,1,0.0,0.6666666666666666,ransom_9369
0,0.3333333333333333,0.0,1,1,0.0,0.6666666666666666,ransom_9370
0,0.1666666666666666,0.0,1,2,0.0,0.8333333333333334,ransom_9371
0,0.2,0.0,1,1,0.0,0.8,ransom_9372
0,0.0909090909090909,0.0,1,2,-0.9185586535436924,0.9090909090909092,ransom_9373
0,0.1111111111111111,0.0,1,4,0.0,0.8888888888888888,ransom_9375
0,0.1666666666666666,0.0,1,2,0.0,0.8333333333333334,ransom_9376
0,0.125,0.0,1,2,0.0,0.875,ransom_9377
1,0.3333333333333333,0.0,1,1,0.0,0.6666666666666666,ransom_9378
0,0.1428571428571428,0.0,1,2,0.0,0.8571428571428571,ransom_9379
2,0.125,0.0,1,3,0.0,0.875,ransom_9381
0,0.0714285714285714,0.0,1,4,0.0,0.9285714285714286,ransom_9383
1,0.1428571428571428,0.0,1,2,0.0,0.8571428571428571,ransom_9385
0,0.1428571428571428,0.0,1,2,0.0,0.8571428571428571,ransom_9386
0,0.25,0.0,1,1,0.0,0.75,ransom_9387
0,0.25,0.0,1,1,0.0,0.75,ransom_9388
2,0.1428571428571428,0.0,1,2,0.0,0.8571428571428571,ransom_9389
0,0.3333333333333333,0.0,1,1,0.0,0.6666666666666666,ransom_9390
0,0.3333333333333333,0.0,1,1,0.0,0.6666666666666666,ransom_9392
0,0.25,0.0,1,1,0.0,0.75,ransom_9393
0,0.2,0.0,1,1,0.0,0.8,ransom_9394
0,0.25,0.0,1,1,0.0,0.75,ransom_9395
0,0.1428571428571428,0.0,1,2,0.0,0.8571428571428571,ransom_9397
0,0.125,0.0,1,2,0.0,0.875,ransom_9398
0,0.1111111111111111,0.0,1,2,-0.6546536707079772,0.8888888888888888,ransom_9399
0,0.125,0.0,1,3,0.0,0.875,ransom_9401
0,0.1666666666666666,0.0,1,2,0.0,0.8333333333333334,ransom_9402
1,0.1428571428571428,0.0,1,2,-0.250000000000001,0.8571428571428571,ransom_9404
0,0.0833333333333333,0.0,1,4,0.0,0.9166666666666666,ransom_9405
0,0.2,0.0,1,1,0.0,0.8,ransom_9407
0,0.1,0.0,1,3,0.0,0.9,ransom_9408
0,0.1666666666666666,0.0,1,2,0.0,0.8333333333333334,ransom_9409
0,0.1666666666666666,0.0,1,2,0.0,0.8333333333333334,ransom_9411
0,0.0714285714285714,0.0,1,5,0.0375425527889134,0.9285714285714286,ransom_9412
17,0.1666666666666666,0.0,1,2,0.0,0.8333333333333334,ransom_9413
0,0.25,0.0,1,1,0.0,0.75,ransom_9414
0,0.1111111111111111,0.0,1,3,0.0,0.8888888888888888,ransom_9416
0,0.25,0.0,1,1,0.0,0.75,ransom_9417
0,0.3333333333333333,0.0,1,1,0.0,0.6666666666666666,ransom_9418
0,0.0909090909090909,0.0,1,3,-0.2500000000000005,0.9090909090909092,ransom_9419
0,0.0833333333333333,0.0,1,3,-0.3268602252303066,0.9166666666666666,ransom_9420
0,0.25,0.0,1,1,0.0,0.75,ransom_9421
0,0.1428571428571428,0.0,1,2,0.0,0.8571428571428571,ransom_9422
0,0.3333333333333333,0.0,1,1,0.0,0.6666666666666666,ransom_9423
0,0.1666666666666666,0.0,1,2,0.0,0.8333333333333334,ransom_9425
0,0.25,0.0,1,1,0.0,0.75,ransom_9426
0,0.3333333333333333,0.0,1,1,0.0,0.6666666666666666,ransom_9427
0,0.125,0.0,1,2,-0.6454972243679025,0.875,ransom_9429
0,0.25,0.0,1,1,0.0,0.75,ransom_9430
1,0.1666666666666666,0.0,1,2,0.0,0.8333333333333334,ransom_9431
1,0.125,0.0,1,2,0.0,0.875,ransom_9433
3,0.2,0.0,1,1,0.0,0.8,ransom_9434
4,0.125,0.0,1,2,0.0,0.875,ransom_9435
3,0.1666666666666666,0.0,1,2,0.1666666666666655,0.8333333333333334,ransom_9436
0,0.3333333333333333,0.0,1,1,0.0,0.6666666666666666,ransom_9437
1,0.2,0.0,1,1,0.0,0.8,ransom_9438
0,0.1111111111111111,0.0,1,2,-0.6546536707079772,0.8888888888888888,ransom_9439
0,0.1428571428571428,0.0,1,2,-0.250000000000001,0.8571428571428571,ransom_9440
0,0.125,0.0,1,2,-0.4880935300919782,0.875,ransom_9441
0,0.1111111111111111,0.0,1,3,0.0,0.8888888888888888,ransom_9442
0,0.1111111111111111,0.0,1,2,-0.6546536707079772,0.8888888888888888,ransom_9443
0,0.125,0.0,1,2,-0.4880935300919782,0.875,ransom_9444
0,0.1666666666666666,0.0,1,1,-0.9999999999999992,0.8333333333333334,ransom_9445
0,0.125,0.0,1,2,-0.6454972243679025,0.875,ransom_9446
0,0.1666666666666666,0.0,1,2,0.0,0.8333333333333334,ransom_9447
0,0.1666666666666666,0.0,1,2,0.0,0.8333333333333334,ransom_9448
0,0.125,0.0,1,2,0.0,0.875,ransom_9449
1,0.125,0.0,1,2,-0.166666666666668,0.875,ransom_9450
2,0.2,0.0,1,1,0.0,0.8,ransom_9451
0,0.1666666666666666,0.0,1,2,0.0,0.8333333333333334,ransom_9453
2,0.125,0.0,1,2,0.0,0.875,ransom_9456
1,0.2,0.0,1,1,0.0,0.8,ransom_9457
0,0.125,0.0,1,2,0.0,0.875,ransom_9458
2,0.0909090909090909,0.0,1,3,-0.2500000000000005,0.9090909090909092,ransom_9459
6,0.1666666666666666,0.0,1,2,0.0,0.8333333333333334,ransom_9461
0,0.1428571428571428,0.0,1,2,-0.250000000000001,0.8571428571428571,ransom_9464
0,0.2,0.0,1,1,0.0,0.8,ransom_9465
0,0.25,0.0,1,1,0.0,0.75,ransom_9467
0,0.0833333333333333,0.0,1,3,-0.3888888888888903,0.9166666666666666,ransom_9468
0,0.1666666666666666,0.0,1,1,-0.9999999999999992,0.8333333333333334,ransom_9469
13,0.1666666666666666,0.0,1,2,0.0,0.8333333333333334,ransom_9471
11,0.1111111111111111,0.0,1,2,0.0,0.8888888888888888,ransom_9472
0,0.0833333333333333,0.0,1,4,0.0,0.9166666666666666,ransom_9473
0,0.2,0.0,1,1,0.0,0.8,ransom_9476
0,0.1666666666666666,0.0,1,2,0.1666666666666655,0.8333333333333334,ransom_9477
1,0.0833333333333333,0.0,1,3,-0.3268602252303066,0.9166666666666666,ransom_9478
0,0.0909090909090909,0.0,1,3,0.0,0.9090909090909092,ransom_9479
0,0.2,0.0,1,1,0.0,0.8,ransom_9480
0,0.25,0.0,1,1,0.0,0.75,ransom_9481
15,0.1,0.0,1,3,0.0,0.9,ransom_9483
0,0.1428571428571428,0.0,1,2,0.0,0.8571428571428571,ransom_9484
5,0.0909090909090909,0.0,1,3,0.0,0.9090909090909092,ransom_9486
1,0.2,0.0,1,2,0.0,0.8,ransom_9487
0,0.3333333333333333,0.0,1,1,0.0,0.6666666666666666,ransom_9488
0,0.2,0.0,1,1,-1.0,0.8,ransom_9489
0,0.25,0.0,1,1,0.0,0.75,ransom_9490
2,0.0666666666666666,0.0,1,4,-0.1473139127471972,0.9333333333333332,ransom_9491
0,0.3333333333333333,0.0,1,1,0.0,0.6666666666666666,ransom_9492
0,0.25,0.0,1,1,0.0,0.75,ransom_9493
0,0.1666666666666666,0.0,1,2,0.0,0.8333333333333334,ransom_9495
0,0.0526315789473684,0.0,1,5,0.0,0.9473684210526316,ransom_9496
1,0.1428571428571428,0.0,1,2,0.0,0.8571428571428571,ransom_9497
0,0.25,0.0,1,1,0.0,0.75,ransom_9499
0,0.0769230769230769,0.0,1,4,0.0,0.9230769230769232,ransom_9500
1,0.1111111111111111,0.0,1,2,-0.5773502691896258,0.8888888888888888,ransom_9501
0,0.1111111111111111,0.0,1,2,-0.5773502691896258,0.8888888888888888,ransom_9502
1,0.2,0.0,1,1,0.0,0.8,ransom_9503
0,0.25,0.0,1,1,0.0,0.75,ransom_9504
0,0.25,0.0,1,1,0.0,0.75,ransom_9505
0,0.25,0.0,1,1,0.0,0.75,ransom_9506
0,0.25,0.0,1,1,0.0,0.75,ransom_9507
0,0.3333333333333333,0.0,1,1,0.0,0.6666666666666666,ransom_9508
0,0.2,0.0,1,1,-1.0,0.8,ransom_9509
0,0.1428571428571428,0.0,1,2,0.0,0.8571428571428571,ransom_9510
0,0.1111111111111111,0.0,1,3,0.0,0.8888888888888888,ransom_9511
0,0.25,0.0,1,1,0.0,0.75,ransom_9512
0,0.3333333333333333,0.0,1,1,0.0,0.6666666666666666,ransom_9513
0,0.1428571428571428,0.0,1,2,0.0,0.8571428571428571,ransom_9514
0,0.25,0.0,1,1,0.0,0.75,ransom_9515
2,0.1428571428571428,0.0,1,2,0.0,0.8571428571428571,ransom_9516
0,0.3333333333333333,0.0,1,1,0.0,0.6666666666666666,ransom_9517
0,0.1111111111111111,0.0,1,2,0.0,0.8888888888888888,ransom_9518
3,0.0909090909090909,0.0,1,3,0.0,0.9090909090909092,ransom_9519
0,0.25,0.0,1,1,0.0,0.75,ransom_9520
0,0.1666666666666666,0.0,1,2,0.0,0.8333333333333334,ransom_9521
0,0.2,0.0,1,2,0.0,0.8,ransom_9522
2,0.1666666666666666,0.0,1,2,0.0,0.8333333333333334,ransom_9523
0,0.25,0.0,1,1,0.0,0.75,ransom_9524
0,0.2,0.0,1,1,0.0,0.8,ransom_9525
0,0.25,0.0,1,1,0.0,0.75,ransom_9526
0,0.2,0.0,1,1,0.0,0.8,ransom_9527
0,0.3333333333333333,0.0,1,1,0.0,0.6666666666666666,ransom_9529
0,0.25,0.0,1,1,0.0,0.75,ransom_9530
2,0.0833333333333333,0.0,1,4,-0.0495073771488339,0.9166666666666666,ransom_9531
4,0.125,0.0,1,2,-0.4880935300919782,0.875,ransom_9533
0,0.1666666666666666,0.0,1,2,0.0,0.8333333333333334,ransom_9534
0,0.125,0.0,1,2,0.0,0.875,ransom_9535
0,0.25,0.0,1,1,0.0,0.75,ransom_9536
1,0.25,0.0,1,1,0.0,0.75,ransom_9537
0,0.2,0.0,1,1,0.0,0.8,ransom_9538
0,0.2,0.0,1,1,-1.0,0.8,ransom_9539
0,0.1,0.0,1,3,0.0,0.9,ransom_9540
1,0.1111111111111111,0.0,1,3,0.0,0.8888888888888888,ransom_9541
0,0.2,0.0,1,1,0.0,0.8,ransom_9543
0,0.0625,0.0,1,5,0.0,0.9375,ransom_9544
0,0.25,0.0,1,1,0.0,0.75,ransom_9546
2,0.2,0.0,1,1,0.0,0.8,ransom_9548
0,0.1,0.0,1,3,0.1135923668494129,0.9,ransom_9550
2,0.125,0.0,1,2,0.0,0.875,ransom_9551
0,0.3333333333333333,0.0,1,1,0.0,0.6666666666666666,ransom_9552
0,0.125,0.0,1,2,0.0,0.875,ransom_9554
0,0.25,0.0,1,1,0.0,0.75,ransom_9555
0,0.25,0.0,1,1,0.0,0.75,ransom_9556
0,0.125,0.0,1,2,0.0,0.875,ransom_9557
0,0.25,0.0,1,1,0.0,0.75,ransom_9559
0,0.0909090909090909,0.0,1,3,0.0,0.9090909090909092,ransom_9560
0,0.25,0.0,1,1,0.0,0.75,ransom_9561
0,0.1,0.0,1,3,0.0,0.9,ransom_9562
1,0.0833333333333333,0.0,1,4,0.0173762011714225,0.9166666666666666,ransom_9564
0,0.3333333333333333,0.0,1,1,0.0,0.6666666666666666,ransom_9565
0,0.2,0.0,1,1,-1.0,0.8,ransom_9566
0,0.1111111111111111,0.0,1,2,-0.6546536707079772,0.8888888888888888,ransom_9568
0,0.1428571428571428,0.0,1,2,0.0,0.8571428571428571,ransom_9569
0,0.0666666666666666,0.0,1,5,0.0,0.9333333333333332,ransom_9571
0,0.0769230769230769,0.0,1,3,-0.4780914437337626,0.9230769230769232,ransom_9574
1,0.1666666666666666,0.0,1,2,0.0,0.8333333333333334,ransom_9575
0,0.1428571428571428,0.0,1,2,-0.250000000000001,0.8571428571428571,ransom_9576
0,0.25,0.0,1,1,0.0,0.75,ransom_9577
0,0.125,0.0,1,2,-0.4880935300919782,0.875,ransom_9579
0,0.2,0.0,1,2,0.0,0.8,ransom_9580
0,0.3333333333333333,0.0,1,1,0.0,0.6666666666666666,ransom_9581
0,0.3333333333333333,0.0,1,1,0.0,0.6666666666666666,ransom_9583
0,0.25,0.0,1,1,0.0,0.75,ransom_9584
0,0.25,0.0,1,1,0.0,0.75,ransom_9585
0,0.25,0.0,1,1,0.0,0.75,ransom_9586
0,0.25,0.0,1,1,0.0,0.75,ransom_9588
7,0.1,0.0,1,2,-0.8237544710479152,0.9,ransom_9589
0,0.1666666666666666,0.0,1,2,0.0,0.8333333333333334,ransom_9591
1,0.2,0.0,1,1,0.0,0.8,ransom_9593
0,0.2,0.0,1,1,0.0,0.8,ransom_9594
0,0.1666666666666666,0.0,1,2,0.0,0.8333333333333334,ransom_9595
0,0.25,0.0,1,1,0.0,0.75,ransom_9597
0,0.3333333333333333,0.0,1,1,0.0,0.6666666666666666,ransom_9598
1,0.3333333333333333,0.0,1,1,0.0,0.6666666666666666,ransom_9599
0,0.1111111111111111,0.0,1,2,-0.6546536707079772,0.8888888888888888,ransom_9600
0,0.1666666666666666,0.0,1,2,0.0,0.8333333333333334,ransom_9601
0,0.25,0.0,1,1,0.0,0.75,ransom_9602
0,0.1428571428571428,0.0,1,2,0.0,0.8571428571428571,ransom_9605
0,0.125,0.0,1,2,-0.6454972243679025,0.875,ransom_9606
1,0.25,0.0,1,1,0.0,0.75,ransom_9608
0,0.25,0.0,1,1,0.0,0.75,ransom_9609
4,0.1,0.0,1,3,-0.0805822964025377,0.9,ransom_9610
0,0.1111111111111111,0.0,1,2,-0.6546536707079772,0.8888888888888888,ransom_9611
1,0.1666666666666666,0.0,1,2,0.1666666666666655,0.8333333333333334,ransom_9612
0,0.1666666666666666,0.0,1,2,0.0,0.8333333333333334,ransom_9614
1,0.1666666666666666,0.0,1,2,0.0,0.8333333333333334,ransom_9615
0,0.25,0.0,1,1,0.0,0.75,ransom_9616
0,0.0625,0.0,1,5,0.0,0.9375,ransom_9617
0,0.25,0.0,1,1,0.0,0.75,ransom_9618
0,0.125,0.0,1,2,0.0,0.875,ransom_9619
1,0.1111111111111111,0.0,1,3,0.0,0.8888888888888888,ransom_9620
0,0.25,0.0,1,1,0.0,0.75,ransom_9621
0,0.2,0.0,1,1,0.0,0.8,ransom_9623
0,0.1428571428571428,0.0,1,3,0.0,0.8571428571428571,ransom_9624
0,0.3333333333333333,0.0,1,1,0.0,0.6666666666666666,ransom_9625
3,0.1428571428571428,0.0,1,2,0.0,0.8571428571428571,ransom_9627
0,0.0714285714285714,0.0,1,4,-0.0162564022190598,0.9285714285714286,ransom_9628
0,0.1428571428571428,0.0,1,2,0.0,0.8571428571428571,ransom_9629
0,0.1428571428571428,0.0,1,2,0.0,0.8571428571428571,ransom_9630
0,0.125,0.0,1,2,-0.6454972243679025,0.875,ransom_9631
0,0.2,0.0,1,1,0.0,0.8,ransom_9632
0,0.1111111111111111,0.0,1,2,0.0,0.8888888888888888,ransom_9633
0,0.0625,0.0,1,5,0.0,0.9375,ransom_9634
2,0.1428571428571428,0.0,1,2,-0.250000000000001,0.8571428571428571,ransom_9636
0,0.3333333333333333,0.0,1,1,0.0,0.6666666666666666,ransom_9637
0,0.25,0.0,1,1,0.0,0.75,ransom_9639
0,0.2,0.0,1,1,0.0,0.8,ransom_9640
1,0.25,0.0,1,1,0.0,0.75,ransom_9641
0,0.0909090909090909,0.0,1,3,0.0,0.9090909090909092,ransom_9642
0,0.2,0.0,1,1,-1.0,0.8,ransom_9644
0,0.1666666666666666,0.0,1,2,0.0,0.8333333333333334,ransom_9645
0,0.1111111111111111,0.0,1,2,0.0,0.8888888888888888,ransom_9647
0,0.1428571428571428,0.0,1,2,0.0,0.8571428571428571,ransom_9648
0,0.2,0.0,1,1,0.0,0.8,ransom_9649
0,0.1428571428571428,0.0,1,2,0.0,0.8571428571428571,ransom_9652
0,0.3333333333333333,0.0,1,1,0.0,0.6666666666666666,ransom_9653
0,0.2,0.0,1,1,-1.0,0.8,ransom_9655
0,0.2,0.0,1,2,0.0,0.8,ransom_9656
0,0.1428571428571428,0.0,1,2,0.0,0.8571428571428571,ransom_9657
0,0.2,0.0,1,1,0.0,0.8,ransom_9658
0,0.25,0.0,1,1,0.0,0.75,ransom_9660
13,0.0714285714285714,0.0,1,4,-0.0769321818620843,0.9285714285714286,ransom_9661
1,0.0714285714285714,0.0,1,4,-0.0769321818620843,0.9285714285714286,ransom_9663
0,0.25,0.0,1,1,0.0,0.75,ransom_9664
0,0.1666666666666666,0.0,1,2,0.0,0.8333333333333334,ransom_9665
0,0.1666666666666666,0.0,1,2,0.0,0.8333333333333334,ransom_9666
0,0.125,0.0,1,2,0.0,0.875,ransom_9667
2,0.2,0.0,1,2,0.0,0.8,ransom_9669
0,0.1666666666666666,0.0,1,1,-0.9999999999999992,0.8333333333333334,ransom_9671
0,0.2,0.0,1,1,0.0,0.8,ransom_9673
0,0.125,0.0,1,3,0.0912870929175268,0.875,ransom_9674
0,0.1666666666666666,0.0,1,2,0.0,0.8333333333333334,ransom_9677
0,0.1666666666666666,0.0,1,2,0.0,0.8333333333333334,ransom_9678
0,0.1666666666666666,0.0,1,2,0.0,0.8333333333333334,ransom_9679
0,0.25,0.0,1,1,0.0,0.75,ransom_9681
0,0.3333333333333333,0.0,1,1,0.0,0.6666666666666666,ransom_9682
0,0.2,0.0,1,1,0.0,0.8,ransom_9683
19,0.2,0.0,1,2,0.0,0.8,ransom_9685
0,0.0909090909090909,0.0,1,3,-0.2500000000000005,0.9090909090909092,ransom_9686
0,0.0909090909090909,0.0,1,3,0.0,0.9090909090909092,ransom_9687
0,0.25,0.0,1,1,0.0,0.75,ransom_9688
0,0.2,0.0,1,1,0.0,0.8,ransom_9691
0,0.2,0.0,1,2,0.0,0.8,ransom_9692
0,0.2,0.0,1,2,0.0,0.8,ransom_9693
0,0.25,0.0,1,1,0.0,0.75,ransom_9694
0,0.125,0.0,1,2,-0.6454972243679025,0.875,ransom_9695
0,0.25,0.0,1,1,0.0,0.75,ransom_9696
0,0.125,0.0,1,2,0.0,0.875,ransom_9697
0,0.1111111111111111,0.0,1,2,-0.6546536707079772,0.8888888888888888,ransom_9698
0,0.1428571428571428,0.0,1,2,0.0,0.8571428571428571,ransom_9699
0,0.25,0.0,1,1,0.0,0.75,ransom_9701
0,0.125,0.0,1,3,0.0,0.875,ransom_9702
0,0.1666666666666666,0.0,1,2,0.0,0.8333333333333334,ransom_9703
1,0.0714285714285714,0.0,1,4,0.0,0.9285714285714286,ransom_9704
1,0.1666666666666666,0.0,1,2,0.0,0.8333333333333334,ransom_9705
0,0.25,0.0,1,1,0.0,0.75,ransom_9708
0,0.3333333333333333,0.0,1,1,0.0,0.6666666666666666,ransom_9709
0,0.2,0.0,1,2,0.0,0.8,ransom_9710
0,0.1111111111111111,0.0,1,2,-0.6546536707079772,0.8888888888888888,ransom_9712
0,0.25,0.0,1,1,0.0,0.75,ransom_9713
0,0.1428571428571428,0.0,1,2,0.0,0.8571428571428571,ransom_9714
2,0.0769230769230769,0.0,1,5,0.0,0.9230769230769232,ransom_9716
0,0.3333333333333333,0.0,1,1,0.0,0.6666666666666666,ransom_9717
2,0.2,0.0,1,2,0.0,0.8,ransom_9718
2,0.1,0.0,1,2,-0.8237544710479152,0.9,ransom_9720
0,0.2,0.0,1,1,0.0,0.8,ransom_9723
2,0.0769230769230769,0.0,1,4,-0.063245553203368,0.9230769230769232,ransom_9725
0,0.1428571428571428,0.0,1,2,0.0,0.8571428571428571,ransom_9728
0,0.1428571428571428,0.0,1,2,0.0,0.8571428571428571,ransom_9729
0,0.25,0.0,1,1,0.0,0.75,ransom_9730
0,0.0909090909090909,0.0,1,3,0.0,0.9090909090909092,ransom_9733
0,0.3333333333333333,0.0,1,1,0.0,0.6666666666666666,ransom_9734
0,0.3333333333333333,0.0,1,1,0.0,0.6666666666666666,ransom_9735
0,0.125,0.0,1,2,0.0,0.875,ransom_9736
1,0.25,0.0,1,1,0.0,0.75,ransom_9738
2,0.0909090909090909,0.0,1,4,0.0368604890387233,0.9090909090909092,ransom_9739
1,0.1666666666666666,0.0,1,2,0.0,0.8333333333333334,ransom_9741
0,0.1666666666666666,0.0,1,2,0.0,0.8333333333333334,ransom_9742
0,0.25,0.0,1,1,0.0,0.75,ransom_9744
0,0.0588235294117647,0.0,1,5,0.0,0.9411764705882352,ransom_9746
1,0.25,0.0,1,1,0.0,0.75,ransom_9747
0,0.2,0.0,1,2,0.0,0.8,ransom_9748
1,0.1428571428571428,0.0,1,2,0.0,0.8571428571428571,ransom_9749
0,0.25,0.0,1,1,0.0,0.75,ransom_9750
2,0.1111111111111111,0.0,1,3,0.0,0.8888888888888888,ransom_9752
2,0.1428571428571428,0.0,1,2,0.0,0.8571428571428571,ransom_9755
1,0.0909090909090909,0.0,1,3,-5.851389114294497e-16,0.9090909090909092,ransom_9756
0,0.125,0.0,1,2,0.0,0.875,ransom_9757
0,0.25,0.0,1,1,0.0,0.75,ransom_9759
0,0.1428571428571428,0.0,1,2,-0.250000000000001,0.8571428571428571,ransom_9760
4,0.0909090909090909,0.0,1,3,0.0,0.9090909090909092,ransom_9761
2,0.3333333333333333,0.0,1,1,0.0,0.6666666666666666,ransom_9763
0,0.1666666666666666,0.0,1,2,0.1666666666666655,0.8333333333333334,ransom_9764
0,0.1428571428571428,0.0,1,2,0.0,0.8571428571428571,ransom_9765
0,0.1428571428571428,0.0,1,2,-0.250000000000001,0.8571428571428571,ransom_9766
1,0.0833333333333333,0.0,1,3,-0.3268602252303066,0.9166666666666666,ransom_9767
0,0.2,0.0,1,2,0.0,0.8,ransom_9769
0,0.1666666666666666,0.0,1,1,-0.9999999999999992,0.8333333333333334,ransom_9770
0,0.25,0.0,1,1,0.0,0.75,ransom_9771
0,0.1666666666666666,0.0,1,2,0.0,0.8333333333333334,ransom_9772
0,0.1428571428571428,0.0,1,2,-0.250000000000001,0.8571428571428571,ransom_9773
0,0.1666666666666666,0.0,1,1,-0.9999999999999992,0.8333333333333334,ransom_9774
1,0.1,0.0,1,2,-0.8237544710479152,0.9,ransom_9775
1,0.125,0.0,1,2,0.0,0.875,ransom_9776
0,0.1666666666666666,0.0,1,2,0.0,0.8333333333333334,ransom_9777
0,0.1428571428571428,0.0,1,2,0.0,0.8571428571428571,ransom_9779
2,0.1111111111111111,0.0,1,3,0.0,0.8888888888888888,ransom_9780
2,0.0714285714285714,0.0,1,4,0.067115605521402,0.9285714285714286,ransom_9782
0,0.1428571428571428,0.0,1,2,0.0,0.8571428571428571,ransom_9783
5,0.125,0.0,1,2,0.0,0.875,ransom_9786
0,0.1428571428571428,0.0,1,2,0.0,0.8571428571428571,ransom_9788
0,0.1666666666666666,0.0,1,1,-0.9999999999999992,0.8333333333333334,ransom_9789
1,0.1666666666666666,0.0,1,2,0.0,0.8333333333333334,ransom_9791
0,0.2,0.0,1,1,-1.0,0.8,ransom_9793
0,0.3333333333333333,0.0,1,1,0.0,0.6666666666666666,ransom_9794
0,0.25,0.0,1,1,0.0,0.75,ransom_9795
4,0.1111111111111111,0.0,1,3,0.0,0.8888888888888888,ransom_9796
1,0.1428571428571428,0.0,1,2,0.0,0.8571428571428571,ransom_9798
5,0.1428571428571428,0.0,1,2,0.0,0.8571428571428571,ransom_9799
0,0.1,0.0,1,3,0.0,0.9,ransom_9800
1,0.0909090909090909,0.0,1,3,0.0,0.9090909090909092,ransom_9801
0,0.3333333333333333,0.0,1,1,0.0,0.6666666666666666,ransom_9802
0,0.2,0.0,1,1,0.0,0.8,ransom_9803
0,0.1428571428571428,0.0,1,2,0.0,0.8571428571428571,ransom_9805
0,0.2,0.0,1,1,0.0,0.8,ransom_9806
0,0.3333333333333333,0.0,1,1,0.0,0.6666666666666666,ransom_9807
0,0.0909090909090909,0.0,1,3,0.0,0.9090909090909092,ransom_9809
0,0.25,0.0,1,1,0.0,0.75,ransom_9810
0,0.25,0.0,1,1,0.0,0.75,ransom_9811
0,0.125,0.0,1,2,0.0,0.875,ransom_9812
0,0.125,0.0,1,3,0.0912870929175268,0.875,ransom_9813
0,0.1,0.0,1,3,0.0,0.9,ransom_9814
0,0.1666666666666666,0.0,1,2,0.0,0.8333333333333334,ransom_9817
0,0.2,0.0,1,2,0.0,0.8,ransom_9818
0,0.1,0.0,1,3,-0.0805822964025377,0.9,ransom_9819
0,0.2,0.0,1,1,0.0,0.8,ransom_9820
0,0.1428571428571428,0.0,1,2,0.0,0.8571428571428571,ransom_9821
0,0.25,0.0,1,1,0.0,0.75,ransom_9822
0,0.1428571428571428,0.0,1,2,-0.250000000000001,0.8571428571428571,ransom_9823
1,0.3333333333333333,0.0,1,1,0.0,0.6666666666666666,ransom_9824
0,0.125,0.0,1,2,-0.6454972243679025,0.875,ransom_9825
0,0.125,0.0,1,2,-0.4880935300919782,0.875,ransom_9826
0,0.125,0.0,1,3,0.0,0.875,ransom_9828
0,0.1666666666666666,0.0,1,1,-0.9999999999999992,0.8333333333333334,ransom_9829
0,0.3333333333333333,0.0,1,1,0.0,0.6666666666666666,ransom_9830
0,0.2,0.0,1,1,-1.0,0.8,ransom_9831
0,0.25,0.0,1,1,0.0,0.75,ransom_9833
0,0.0625,0.0,1,5,0.0,0.9375,ransom_9834
0,0.2,0.0,1,1,0.0,0.8,ransom_9835
0,0.25,0.0,1,1,0.0,0.75,ransom_9836
0,0.1428571428571428,0.0,1,2,0.0,0.8571428571428571,ransom_9837
0,0.1428571428571428,0.0,1,2,0.0,0.8571428571428571,ransom_9839
0,0.1666666666666666,0.0,1,2,0.0,0.8333333333333334,ransom_9840
0,0.125,0.0,1,2,0.0,0.875,ransom_9841
0,0.0769230769230769,0.0,1,3,-0.4780914437337626,0.9230769230769232,ransom_9842
2,0.0588235294117647,0.0,1,4,-0.2390457218668787,0.9411764705882352,ransom_9843
1,0.2,0.0,1,2,0.0,0.8,ransom_9844
0,0.25,0.0,1,1,0.0,0.75,ransom_9845
0,0.25,0.0,1,1,0.0,0.75,ransom_9847
0,0.3333333333333333,0.0,1,1,0.0,0.6666666666666666,ransom_9848
1,0.1428571428571428,0.0,1,2,0.0,0.8571428571428571,ransom_9849
0,0.25,0.0,1,1,0.0,0.75,ransom_9850
0,0.25,0.0,1,1,0.0,0.75,ransom_9852
0,0.3333333333333333,0.0,1,1,0.0,0.6666666666666666,ransom_9853
1,0.1666666666666666,0.0,1,2,0.0,0.8333333333333334,ransom_9854
1,0.1428571428571428,0.0,1,2,0.0,0.8571428571428571,ransom_9855
6,0.1111111111111111,0.0,1,3,0.0,0.8888888888888888,ransom_9856
0,0.25,0.0,1,1,0.0,0.75,ransom_9857
0,0.0833333333333333,0.0,1,3,0.0,0.9166666666666666,ransom_9858
0,0.25,0.0,1,1,0.0,0.75,ransom_9859
0,0.2,0.0,1,1,0.0,0.8,ransom_9860
1,0.25,0.0,1,1,0.0,0.75,ransom_9862
0,0.25,0.0,1,1,0.0,0.75,ransom_9863
0,0.1111111111111111,0.0,1,3,0.0,0.8888888888888888,ransom_9864
0,0.25,0.0,1,1,0.0,0.75,ransom_9865
0,0.1,0.0,1,2,-0.7416198487095668,0.9,ransom_9866
0,0.25,0.0,1,1,0.0,0.75,ransom_9868
1,0.0588235294117647,0.0,1,5,0.045786854649563,0.9411764705882352,ransom_9869
0,0.1666666666666666,0.0,1,2,0.1666666666666655,0.8333333333333334,ransom_9870
0,0.25,0.0,1,1,0.0,0.75,ransom_9874
0,0.1111111111111111,0.0,1,2,-0.6546536707079772,0.8888888888888888,ransom_9875
1,0.1111111111111111,0.0,1,2,0.0,0.8888888888888888,ransom_9876
0,0.2,0.0,1,1,0.0,0.8,ransom_9879
4,0.3333333333333333,0.0,1,1,0.0,0.6666666666666666,ransom_9880
2,0.1111111111111111,0.0,1,2,0.0,0.8888888888888888,ransom_9881
0,0.2,0.0,1,2,0.0,0.8,ransom_9882
0,0.1111111111111111,0.0,1,2,-0.6546536707079772,0.8888888888888888,ransom_9883
0,0.25,0.0,1,1,0.0,0.75,ransom_9884
0,0.1111111111111111,0.0,1,3,0.0,0.8888888888888888,ransom_9885
0,0.125,0.0,1,3,0.0912870929175268,0.875,ransom_9887
0,0.2,0.0,1,2,0.0,0.8,ransom_9889
8,0.2,0.0,1,1,0.0,0.8,ransom_9890
1,0.3333333333333333,0.0,1,1,0.0,0.6666666666666666,ransom_9892
3,0.125,0.0,1,2,0.0,0.875,ransom_9893
0,0.125,0.0,1,2,0.0,0.875,ransom_9894
1,0.25,0.0,1,1,0.0,0.75,ransom_9895
0,0.1428571428571428,0.0,1,2,-0.250000000000001,0.8571428571428571,ransom_9897
0,0.3333333333333333,0.0,1,1,0.0,0.6666666666666666,ransom_9898
0,0.1428571428571428,0.0,1,2,0.0,0.8571428571428571,ransom_9899
0,0.1111111111111111,0.0,1,2,-0.6546536707079772,0.8888888888888888,ransom_9900
0,0.1666666666666666,0.0,1,2,0.0,0.8333333333333334,ransom_9902
1,0.125,0.0,1,3,0.0,0.875,ransom_9903
0,0.1111111111111111,0.0,1,2,0.0,0.8888888888888888,ransom_9904
10,0.1111111111111111,0.0,1,3,0.0,0.8888888888888888,ransom_9905
1,0.25,0.0,1,1,0.0,0.75,ransom_9906
0,0.0714285714285714,0.0,1,4,0.0,0.9285714285714286,ransom_9908
0,0.125,0.0,1,2,0.0,0.875,ransom_9909
0,0.1666666666666666,0.0,1,2,0.0,0.8333333333333334,ransom_9910
0,0.1111111111111111,0.0,1,2,0.0,0.8888888888888888,ransom_9912
0,0.25,0.0,1,1,0.0,0.75,ransom_9914
0,0.3333333333333333,0.0,1,1,0.0,0.6666666666666666,ransom_9915
4,0.3333333333333333,0.0,1,1,0.0,0.6666666666666666,ransom_9916
2,0.1111111111111111,0.0,1,2,0.0,0.8888888888888888,ransom_9917
0,0.25,0.0,1,1,0.0,0.75,ransom_9918
1,0.25,0.0,1,1,0.0,0.75,ransom_9919
0,0.1666666666666666,0.0,1,2,0.0,0.8333333333333334,ransom_9920
0,0.3333333333333333,0.0,1,1,0.0,0.6666666666666666,ransom_9921
0,0.0769230769230769,0.0,1,4,0.0,0.9230769230769232,ransom_9922
1,0.125,0.0,1,2,-0.6454972243679025,0.875,ransom_9923
0,0.1428571428571428,0.0,1,2,0.0,0.8571428571428571,ransom_9924
0,0.1666666666666666,0.0,1,2,0.0,0.8333333333333334,ransom_9926
0,0.0526315789473684,0.0,1,6,0.0,0.9473684210526316,ransom_9927
0,0.2,0.0,1,1,0.0,0.8,ransom_9929
1,0.1666666666666666,0.0,1,2,0.0,0.8333333333333334,ransom_9930
0,0.3333333333333333,0.0,1,1,0.0,0.6666666666666666,ransom_9931
0,0.25,0.0,1,1,0.0,0.75,ransom_9933
0,0.2,0.0,1,1,0.0,0.8,ransom_9934
3,0.1666666666666666,0.0,1,2,0.1666666666666655,0.8333333333333334,ransom_9935
0,0.1428571428571428,0.0,1,2,0.0,0.8571428571428571,ransom_9936
0,0.2,0.0,1,2,0.0,0.8,ransom_9937
1,0.125,0.0,1,3,0.0,0.875,ransom_9939
0,0.25,0.0,1,1,0.0,0.75,ransom_9942
0,0.3333333333333333,0.0,1,1,0.0,0.6666666666666666,ransom_9943
0,0.3333333333333333,0.0,1,1,0.0,0.6666666666666666,ransom_9944
1,0.0588235294117647,0.0,1,5,0.0,0.9411764705882352,ransom_9945
0,0.1428571428571428,0.0,1,2,0.0,0.8571428571428571,ransom_9946
0,0.1428571428571428,0.0,1,2,-0.250000000000001,0.8571428571428571,ransom_9947
0,0.0909090909090909,0.0,1,3,-5.851389114294497e-16,0.9090909090909092,ransom_9948
0,0.3333333333333333,0.0,1,1,0.0,0.6666666666666666,ransom_9949
0,0.2,0.0,1,2,0.0,0.8,ransom_9950
0,0.25,0.0,1,1,0.0,0.75,ransom_9951
0,0.2,0.0,1,1,0.0,0.8,ransom_9952
1,0.1111111111111111,0.0,1,3,0.0,0.8888888888888888,ransom_9954
0,0.25,0.0,1,1,0.0,0.75,ransom_9955
0,0.0666666666666666,0.0,1,4,0.159900537266708,0.9333333333333332,ransom_9956
0,0.2,0.0,1,2,0.0,0.8,ransom_9957
0,0.25,0.0,1,1,0.0,0.75,ransom_9958
0,0.125,0.0,1,2,0.0,0.875,ransom_9959
0,0.2,0.0,1,1,0.0,0.8,ransom_9960
1,0.3333333333333333,0.0,1,1,0.0,0.6666666666666666,ransom_9961
1,0.1428571428571428,0.0,1,2,0.0,0.8571428571428571,ransom_9962
3,0.25,0.0,1,1,0.0,0.75,ransom_9966
0,0.1111111111111111,0.0,1,3,0.0,0.8888888888888888,ransom_9967
0,0.25,0.0,1,1,0.0,0.75,ransom_9968
0,0.3333333333333333,0.0,1,1,0.0,0.6666666666666666,ransom_9969
0,0.1666666666666666,0.0,1,2,0.0,0.8333333333333334,ransom_9971
3,0.3333333333333333,0.0,1,1,0.0,0.6666666666666666,ransom_9972
0,0.125,0.0,1,2,-0.6454972243679025,0.875,ransom_9973
0,0.3333333333333333,0.0,1,1,0.0,0.6666666666666666,ransom_9974
0,0.125,0.0,1,3,0.0,0.875,ransom_9975
0,0.0625,0.0,1,4,-0.1626109088969974,0.9375,ransom_9976
0,0.125,0.0,1,2,0.0,0.875,ransom_9978
0,0.125,0.0,1,2,-0.4880935300919782,0.875,ransom_9979
0,0.25,0.0,1,1,0.0,0.75,ransom_9982
0,0.25,0.0,1,1,0.0,0.75,ransom_9983
0,0.1111111111111111,0.0,1,2,0.0,0.8888888888888888,ransom_9984
2,0.2,0.0,1,1,0.0,0.8,ransom_9985
0,0.2,0.0,1,2,0.0,0.8,ransom_9986
0,0.3333333333333333,0.0,1,1,0.0,0.6666666666666666,ransom_9987
3,0.1111111111111111,0.0,1,2,-0.6546536707079772,0.8888888888888888,ransom_9988
2,0.1428571428571428,0.0,1,3,0.0,0.8571428571428571,ransom_9989
1,0.0769230769230769,0.0,1,4,0.0,0.9230769230769232,ransom_9990
4,0.1428571428571428,0.0,1,2,0.0,0.8571428571428571,ransom_9991
0,0.3333333333333333,0.0,1,1,0.0,0.6666666666666666,ransom_9992
2,0.0714285714285714,0.0,1,4,0.0,0.9285714285714286,ransom_9993
0,0.3333333333333333,0.0,1,1,0.0,0.6666666666666666,ransom_9994
0,0.1666666666666666,0.0,1,2,0.0,0.8333333333333334,ransom_9995
0,0.2,0.0,1,1,-1.0,0.8,ransom_9996
0,0.0588235294117647,0.0,1,5,0.045786854649563,0.9411764705882352,ransom_9997
0,0.1666666666666666,0.0,1,2,0.1666666666666655,0.8333333333333334,ransom_9998
