scenario_id,is_illicit,pattern_type
bg_0001,0,normal
bg_0003,0,normal
bg_0004,0,normal
bg_0005,0,normal
bg_0006,0,normal
bg_0007,0,normal
bg_0008,0,normal
bg_0010,0,normal
bg_0011,0,normal
bg_0012,0,normal
bg_0013,0,normal
bg_0016,0,normal
bg_0018,0,normal
bg_0019,0,normal
bg_0020,0,normal
bg_0023,0,normal
bg_0024,0,normal
bg_0025,0,normal
bg_0026,0,normal
bg_0028,0,normal
bg_0029,0,normal
bg_0030,0,normal
bg_0031,0,normal
bg_0032,0,normal
bg_0033,0,normal
bg_0034,0,normal
bg_0036,0,normal
bg_0037,0,normal
bg_0039,0,normal
bg_0040,0,normal
bg_0042,0,normal
bg_0043,0,normal
bg_0044,0,normal
bg_0045,0,normal
bg_0046,0,normal
bg_0047,0,normal
bg_0048,0,normal
bg_0049,0,normal
bg_0050,0,normal
bg_0051,0,normal
bg_0052,0,normal
bg_0053,0,normal
bg_0055,0,normal
bg_0056,0,normal
bg_0057,0,normal
bg_0058,0,normal
bg_0059,0,normal
bg_0060,0,normal
bg_0061,0,normal
bg_0062,0,normal
bg_0063,0,normal
bg_0064,0,normal
bg_0066,0,normal
bg_0067,0,normal
bg_0068,0,normal
bg_0069,0,normal
bg_0070,0,normal
bg_0071,0,normal
bg_0072,0,normal
bg_0073,0,normal
bg_0074,0,normal
bg_0075,0,normal
bg_0076,0,normal
bg_0077,0,normal
bg_0078,0,normal
bg_0079,0,normal
bg_0080,0,normal
bg_0081,0,normal
bg_0082,0,normal
bg_0083,0,normal
bg_0084,0,normal
bg_0085,0,normal
bg_0086,0,normal
bg_0087,0,normal
bg_0089,0,normal
bg_0090,0,normal
bg_0091,0,normal
bg_0093,0,normal
bg_0094,0,normal
bg_0095,0,normal
bg_0097,0,normal
bg_0098,0,normal
bg_0100,0,normal
bg_0101,0,normal
bg_0102,0,normal
bg_0103,0,normal
bg_0105,0,normal
bg_0106,0,normal
bg_0107,0,normal
bg_0108,0,normal
bg_0109,0,normal
bg_0110,0,normal
bg_0111,0,normal
bg_0112,0,normal
bg_0114,0,normal
bg_0115,0,normal
bg_0116,0,normal
bg_0117,0,normal
bg_0118,0,normal
bg_0119,0,normal
bg_0120,0,normal
bg_0121,0,normal
bg_0124,0,normal
bg_0125,0,normal
bg_0126,0,normal
bg_0127,0,normal
bg_0128,0,normal
bg_0129,0,normal
bg_0130,0,normal
bg_0132,0,normal
bg_0133,0,normal
bg_0134,0,normal
bg_0136,0,normal
bg_0137,0,normal
bg_0138,0,normal
bg_0139,0,normal
bg_0140,0,normal
bg_0141,0,normal
bg_0142,0,normal
bg_0143,0,normal
bg_0145,0,normal
bg_0146,0,normal
bg_0148,0,normal
bg_0149,0,normal
bg_0150,0,normal
bg_0154,0,normal
bg_0155,0,normal
bg_0156,0,normal
bg_0157,0,normal
bg_0159,0,normal
bg_0160,0,normal
bg_0163,0,normal
bg_0164,0,normal
bg_0165,0,normal
bg_0166,0,normal
bg_0168,0,normal
bg_0169,0,normal
bg_0170,0,normal
bg_0171,0,normal
bg_0172,0,normal
bg_0173,0,normal
bg_0174,0,normal
bg_0175,0,normal
bg_0176,0,normal
bg_0177,0,normal
bg_0178,0,normal
bg_0179,0,normal
bg_0180,0,normal
bg_0181,0,normal
bg_0182,0,normal
bg_0183,0,normal
bg_0184,0,normal
bg_0185,0,normal
bg_0186,0,normal
bg_0189,0,normal
bg_0191,0,normal
bg_0192,0,normal
bg_0193,0,normal
bg_0194,0,normal
bg_0195,0,normal
bg_0196,0,normal
bg_0197,0,normal
bg_0199,0,normal
bg_0200,0,normal
bg_0204,0,normal
bg_0205,0,normal
bg_0209,0,normal
bg_0210,0,normal
bg_0211,0,normal
bg_0212,0,normal
bg_0213,0,normal
bg_0214,0,normal
bg_0215,0,normal
bg_0216,0,normal
bg_0218,0,normal
bg_0219,0,normal
bg_0221,0,normal
bg_0222,0,normal
bg_0223,0,normal
bg_0224,0,normal
bg_0225,0,normal
bg_0227,0,normal
bg_0228,0,normal
bg_0229,0,normal
bg_0232,0,normal
bg_0233,0,normal
bg_0234,0,normal
bg_0235,0,normal
bg_0236,0,normal
bg_0237,0,normal
bg_0238,0,normal
bg_0239,0,normal
bg_0240,0,normal
bg_0241,0,normal
bg_0243,0,normal
bg_0244,0,normal
bg_0245,0,normal
bg_0246,0,normal
bg_0248,0,normal
bg_0249,0,normal
bg_0250,0,normal
bg_0251,0,normal
bg_0252,0,normal
bg_0255,0,normal
bg_0256,0,normal
bg_0257,0,normal
bg_0258,0,normal
bg_0259,0,normal
bg_0260,0,normal
bg_0261,0,normal
bg_0262,0,normal
bg_0264,0,normal
bg_0265,0,normal
bg_0266,0,normal
bg_0267,0,normal
bg_0268,0,normal
bg_0269,0,normal
bg_0271,0,normal
bg_0272,0,normal
bg_0273,0,normal
bg_0274,0,normal
bg_0275,0,normal
bg_0276,0,normal
bg_0278,0,normal
bg_0279,0,normal
bg_0281,0,normal
bg_0282,0,normal
bg_0283,0,normal
bg_0285,0,normal
bg_0286,0,normal
bg_0287,0,normal
bg_0288,0,normal
bg_0290,0,normal
bg_0291,0,normal
bg_0292,0,normal
bg_0293,0,normal
bg_0295,0,normal
bg_0297,0,normal
bg_0298,0,normal
bg_0299,0,normal
bg_0300,0,normal
bg_0301,0,normal
bg_0302,0,normal
bg_0303,0,normal
bg_0304,0,normal
bg_0305,0,normal
bg_0306,0,normal
bg_0307,0,normal
bg_0308,0,normal
bg_0309,0,normal
bg_0310,0,normal
bg_0311,0,normal
bg_0312,0,normal
bg_0313,0,normal
bg_0314,0,normal
bg_0315,0,normal
bg_0317,0,normal
bg_0319,0,normal
bg_0320,0,normal
bg_0321,0,normal
bg_0322,0,normal
bg_0323,0,normal
bg_0324,0,normal
bg_0325,0,normal
bg_0326,0,normal
bg_0327,0,normal
bg_0328,0,normal
bg_0329,0,normal
bg_0330,0,normal
bg_0332,0,normal
bg_0333,0,normal
bg_0334,0,normal
bg_0335,0,normal
bg_0336,0,normal
bg_0337,0,normal
bg_0339,0,normal
bg_0340,0,normal
bg_0341,0,normal
bg_0342,0,normal
bg_0343,0,normal
bg_0345,0,normal
bg_0347,0,normal
bg_0348,0,normal
bg_0349,0,normal
bg_0350,0,normal
bg_0351,0,normal
bg_0352,0,normal
bg_0353,0,normal
bg_0354,0,normal
bg_0355,0,normal
bg_0356,0,normal
bg_0357,0,normal
bg_0358,0,normal
bg_0359,0,normal
bg_0360,0,normal
bg_0361,0,normal
bg_0362,0,normal
bg_0363,0,normal
bg_0364,0,normal
bg_0365,0,normal
bg_0366,0,normal
bg_0367,0,normal
bg_0368,0,normal
bg_0369,0,normal
bg_0370,0,normal
bg_0371,0,normal
bg_0372,0,normal
bg_0373,0,normal
bg_0374,0,normal
bg_0375,0,normal
bg_0376,0,normal
bg_0377,0,normal
bg_0378,0,normal
bg_0381,0,normal
bg_0382,0,normal
bg_0383,0,normal
bg_0384,0,normal
bg_0387,0,normal
bg_0389,0,normal
bg_0390,0,normal
bg_0391,0,normal
bg_0394,0,normal
bg_0395,0,normal
bg_0396,0,normal
bg_0397,0,normal
bg_0399,0,normal
bg_0400,0,normal
bg_0405,0,normal
bg_0406,0,normal
bg_0408,0,normal
bg_0409,0,normal
bg_0410,0,normal
bg_0411,0,normal
bg_0412,0,normal
bg_0413,0,normal
bg_0414,0,normal
bg_0415,0,normal
bg_0416,0,normal
bg_0417,0,normal
bg_0418,0,normal
bg_0420,0,normal
bg_0421,0,normal
bg_0422,0,normal
bg_0423,0,normal
bg_0424,0,normal
bg_0425,0,normal
bg_0426,0,normal
bg_0427,0,normal
bg_0428,0,normal
bg_0429,0,normal
bg_0430,0,normal
bg_0431,0,normal
bg_0432,0,normal
bg_0433,0,normal
bg_0434,0,normal
bg_0435,0,normal
bg_0436,0,normal
bg_0437,0,normal
bg_0439,0,normal
bg_0440,0,normal
bg_0441,0,normal
bg_0443,0,normal
bg_0444,0,normal
bg_0445,0,normal
bg_0446,0,normal
bg_0447,0,normal
bg_0448,0,normal
bg_0449,0,normal
bg_0450,0,normal
bg_0451,0,normal
bg_0452,0,normal
bg_0454,0,normal
bg_0455,0,normal
bg_0457,0,normal
bg_0458,0,normal
bg_0459,0,normal
bg_0461,0,normal
bg_0462,0,normal
bg_0463,0,normal
bg_0465,0,normal
bg_0466,0,normal
bg_0468,0,normal
bg_0469,0,normal
bg_0471,0,normal
bg_0472,0,normal
bg_0474,0,normal
bg_0476,0,normal
bg_0478,0,normal
bg_0479,0,normal
bg_0480,0,normal
bg_0481,0,normal
bg_0482,0,normal
bg_0483,0,normal
bg_0484,0,normal
bg_0486,0,normal
bg_0487,0,normal
bg_0488,0,normal
bg_0490,0,normal
bg_0491,0,normal
bg_0492,0,normal
bg_0494,0,normal
bg_0495,0,normal
bg_0496,0,normal
bg_0497,0,normal
bg_0498,0,normal
bg_0499,0,normal
bg_0500,0,normal
bg_0501,0,normal
bg_0502,0,normal
bg_0504,0,normal
bg_0505,0,normal
bg_0506,0,normal
bg_0507,0,normal
bg_0508,0,normal
bg_0512,0,normal
bg_0513,0,normal
bg_0514,0,normal
bg_0515,0,normal
bg_0516,0,normal
bg_0517,0,normal
bg_0518,0,normal
bg_0519,0,normal
bg_0520,0,normal
bg_0522,0,normal
bg_0523,0,normal
bg_0524,0,normal
bg_0526,0,normal
bg_0527,0,normal
bg_0528,0,normal
bg_0529,0,normal
bg_0530,0,normal
bg_0531,0,normal
bg_0532,0,normal
bg_0533,0,normal
bg_0534,0,normal
bg_0535,0,normal
bg_0536,0,normal
bg_0537,0,normal
bg_0538,0,normal
bg_0539,0,normal
bg_0540,0,normal
bg_0542,0,normal
bg_0543,0,normal
bg_0544,0,normal
bg_0545,0,normal
bg_0546,0,normal
bg_0548,0,normal
bg_0549,0,normal
bg_0550,0,normal
bg_0552,0,normal
bg_0553,0,normal
bg_0554,0,normal
bg_0555,0,normal
bg_0556,0,normal
bg_0558,0,normal
bg_0559,0,normal
bg_0560,0,normal
bg_0561,0,normal
bg_0562,0,normal
bg_0567,0,normal
bg_0568,0,normal
bg_0569,0,normal
bg_0570,0,normal
bg_0571,0,normal
bg_0572,0,normal
bg_0573,0,normal
bg_0574,0,normal
bg_0575,0,normal
bg_0576,0,normal
bg_0577,0,normal
bg_0579,0,normal
bg_0580,0,normal
bg_0581,0,normal
bg_0582,0,normal
bg_0583,0,normal
bg_0584,0,normal
bg_0585,0,normal
bg_0586,0,normal
bg_0588,0,normal
bg_0589,0,normal
bg_0590,0,normal
bg_0591,0,normal
bg_0592,0,normal
bg_0594,0,normal
bg_0595,0,normal
bg_0596,0,normal
bg_0597,0,normal
bg_0598,0,normal
bg_0599,0,normal
bg_0600,0,normal
bg_0602,0,normal
bg_0603,0,normal
bg_0604,0,normal
bg_0605,0,normal
bg_0606,0,normal
bg_0607,0,normal
bg_0608,0,normal
bg_0610,0,normal
bg_0611,0,normal
bg_0612,0,normal
bg_0614,0,normal
bg_0615,0,normal
bg_0616,0,normal
bg_0617,0,normal
bg_0618,0,normal
bg_0619,0,normal
bg_0620,0,normal
bg_0621,0,normal
bg_0622,0,normal
bg_0623,0,normal
bg_0625,0,normal
bg_0626,0,normal
bg_0627,0,normal
bg_0629,0,normal
bg_0630,0,normal
bg_0631,0,normal
bg_0632,0,normal
bg_0634,0,normal
bg_0635,0,normal
bg_0636,0,normal
bg_0637,0,normal
bg_0638,0,normal
bg_0639,0,normal
bg_0644,0,normal
bg_0645,0,normal
bg_0650,0,normal
bg_0651,0,normal
bg_0652,0,normal
bg_0653,0,normal
bg_0654,0,normal
bg_0655,0,normal
bg_0656,0,normal
bg_0657,0,normal
bg_0658,0,normal
bg_0661,0,normal
bg_0662,0,normal
bg_0663,0,normal
bg_0665,0,normal
bg_0666,0,normal
bg_0667,0,normal
bg_0668,0,normal
bg_0669,0,normal
bg_0670,0,normal
bg_0671,0,normal
bg_0672,0,normal
bg_0673,0,normal
bg_0674,0,normal
bg_0675,0,normal
bg_0676,0,normal
bg_0677,0,normal
bg_0678,0,normal
bg_0679,0,normal
bg_0680,0,normal
bg_0681,0,normal
bg_0683,0,normal
bg_0685,0,normal
bg_0686,0,normal
bg_0689,0,normal
bg_0690,0,normal
bg_0691,0,normal
bg_0692,0,normal
bg_0693,0,normal
bg_0694,0,normal
bg_0695,0,normal
bg_0696,0,normal
bg_0697,0,normal
bg_0698,0,normal
bg_0701,0,normal
bg_0702,0,normal
bg_0704,0,normal
bg_0705,0,normal
bg_0706,0,normal
bg_0707,0,normal
bg_0708,0,normal
bg_0709,0,normal
bg_0711,0,normal
bg_0712,0,normal
bg_0713,0,normal
bg_0714,0,normal
bg_0715,0,normal
bg_0716,0,normal
bg_0717,0,normal
bg_0718,0,normal
bg_0719,0,normal
bg_0721,0,normal
bg_0722,0,normal
bg_0723,0,normal
bg_0724,0,normal
bg_0725,0,normal
bg_0727,0,normal
bg_0728,0,normal
bg_0729,0,normal
bg_0731,0,normal
bg_0732,0,normal
bg_0733,0,normal
bg_0734,0,normal
bg_0735,0,normal
bg_0736,0,normal
bg_0737,0,normal
bg_0738,0,normal
bg_0739,0,normal
bg_0740,0,normal
bg_0741,0,normal
bg_0742,0,normal
bg_0744,0,normal
bg_0745,0,normal
bg_0746,0,normal
bg_0747,0,normal
bg_0751,0,normal
bg_0753,0,normal
bg_0754,0,normal
bg_0755,0,normal
bg_0756,0,normal
bg_0757,0,normal
bg_0758,0,normal
bg_0759,0,normal
bg_0760,0,normal
bg_0761,0,normal
bg_0762,0,normal
bg_0763,0,normal
bg_0765,0,normal
bg_0766,0,normal
bg_0768,0,normal
bg_0769,0,normal
bg_0771,0,normal
bg_0772,0,normal
bg_0773,0,normal
bg_0774,0,normal
bg_0775,0,normal
bg_0778,0,normal
bg_0779,0,normal
bg_0781,0,normal
bg_0782,0,normal
bg_0783,0,normal
bg_0784,0,normal
bg_0785,0,normal
bg_0786,0,normal
bg_0787,0,normal
bg_0788,0,normal
bg_0789,0,normal
bg_0790,0,normal
bg_0791,0,normal
bg_0793,0,normal
bg_0794,0,normal
bg_0797,0,normal
bg_0799,0,normal
bg_0800,0,normal
bg_0802,0,normal
bg_0803,0,normal
bg_0804,0,normal
bg_0807,0,normal
bg_0808,0,normal
bg_0809,0,normal
bg_0810,0,normal
bg_0811,0,normal
bg_0812,0,normal
bg_0813,0,normal
bg_0814,0,normal
bg_0815,0,normal
bg_0817,0,normal
bg_0818,0,normal
bg_0819,0,normal
bg_0820,0,normal
bg_0821,0,normal
bg_0823,0,normal
bg_0824,0,normal
bg_0825,0,normal
bg_0826,0,normal
bg_0827,0,normal
bg_0828,0,normal
bg_0829,0,normal
bg_0830,0,normal
bg_0831,0,normal
bg_0833,0,normal
bg_0834,0,normal
bg_0835,0,normal
bg_0837,0,normal
bg_0838,0,normal
bg_0839,0,normal
bg_0840,0,normal
bg_0842,0,normal
bg_0843,0,normal
bg_0844,0,normal
bg_0845,0,normal
bg_0846,0,normal
bg_0847,0,normal
bg_0848,0,normal
bg_0849,0,normal
bg_0850,0,normal
bg_0851,0,normal
bg_0852,0,normal
bg_0853,0,normal
bg_0854,0,normal
bg_0856,0,normal
bg_0858,0,normal
bg_0859,0,normal
bg_0860,0,normal
bg_0862,0,normal
bg_0863,0,normal
bg_0865,0,normal
bg_0866,0,normal
bg_0867,0,normal
bg_0868,0,normal
bg_0869,0,normal
bg_0870,0,normal
bg_0873,0,normal
bg_0874,0,normal
bg_0875,0,normal
bg_0876,0,normal
bg_0877,0,normal
bg_0880,0,normal
bg_0882,0,normal
bg_0883,0,normal
bg_0885,0,normal
bg_0886,0,normal
bg_0887,0,normal
bg_0888,0,normal
bg_0889,0,normal
bg_0890,0,normal
bg_0891,0,normal
bg_0893,0,normal
bg_0894,0,normal
bg_0895,0,normal
bg_0896,0,normal
bg_0899,0,normal
bg_0900,0,normal
bg_0901,0,normal
bg_0902,0,normal
bg_0903,0,normal
bg_0904,0,normal
bg_0905,0,normal
bg_0906,0,normal
bg_0907,0,normal
bg_0908,0,normal
bg_0909,0,normal
bg_0910,0,normal
bg_0911,0,normal
bg_0912,0,normal
bg_0913,0,normal
bg_0915,0,normal
bg_0916,0,normal
bg_0917,0,normal
bg_0918,0,normal
bg_0919,0,normal
bg_0920,0,normal
bg_0921,0,normal
bg_0922,0,normal
bg_0923,0,normal
bg_0924,0,normal
bg_0925,0,normal
bg_0926,0,normal
bg_0927,0,normal
bg_0928,0,normal
bg_0931,0,normal
bg_0932,0,normal
bg_0933,0,normal
bg_0934,0,normal
bg_0935,0,normal
bg_0936,0,normal
bg_0937,0,normal
bg_0938,0,normal
bg_0939,0,normal
bg_0940,0,normal
bg_0941,0,normal
bg_0942,0,normal
bg_0943,0,normal
bg_0944,0,normal
bg_0945,0,normal
bg_0946,0,normal
bg_0947,0,normal
bg_0948,0,normal
bg_0949,0,normal
bg_0950,0,normal
bg_0951,0,normal
bg_0953,0,normal
bg_0954,0,normal
bg_0959,0,normal
bg_0962,0,normal
bg_0963,0,normal
bg_0964,0,normal
bg_0965,0,normal
bg_0966,0,normal
bg_0967,0,normal
bg_0968,0,normal
bg_0969,0,normal
bg_0970,0,normal
bg_0971,0,normal
bg_0972,0,normal
bg_0974,0,normal
bg_0975,0,normal
bg_0977,0,normal
bg_0978,0,normal
bg_0979,0,normal
bg_0980,0,normal
bg_0981,0,normal
bg_0983,0,normal
bg_0984,0,normal
bg_0985,0,normal
bg_0986,0,normal
bg_0987,0,normal
bg_0988,0,normal
bg_0989,0,normal
bg_0990,0,normal
bg_0991,0,normal
bg_0992,0,normal
bg_0993,0,normal
bg_0994,0,normal
bg_0995,0,normal
bg_0997,0,normal
bg_0998,0,normal
bg_0999,0,normal
bg_1000,0,normal
bg_1001,0,normal
bg_1002,0,normal
bg_1003,0,normal
bg_1004,0,normal
bg_1005,0,normal
bg_1006,0,normal
bg_1007,0,normal
bg_1008,0,normal
bg_1009,0,normal
bg_1010,0,normal
bg_1011,0,normal
bg_1012,0,normal
bg_1014,0,normal
bg_1016,0,normal
bg_1019,0,normal
bg_1023,0,normal
bg_1024,0,normal
bg_1025,0,normal
bg_1027,0,normal
bg_1028,0,normal
bg_1030,0,normal
bg_1031,0,normal
bg_1032,0,normal
bg_1033,0,normal
bg_1034,0,normal
bg_1035,0,normal
bg_1036,0,normal
bg_1037,0,normal
bg_1038,0,normal
bg_1040,0,normal
bg_1041,0,normal
bg_1042,0,normal
bg_1043,0,normal
bg_1044,0,normal
bg_1047,0,normal
bg_1048,0,normal
bg_1049,0,normal
bg_1050,0,normal
bg_1051,0,normal
bg_1053,0,normal
bg_1054,0,normal
bg_1055,0,normal
bg_1056,0,normal
bg_1058,0,normal
bg_1059,0,normal
bg_1062,0,normal
bg_1063,0,normal
bg_1064,0,normal
bg_1066,0,normal
bg_1067,0,normal
bg_1068,0,normal
bg_1069,0,normal
bg_1071,0,normal
bg_1074,0,normal
bg_1075,0,normal
bg_1076,0,normal
bg_1078,0,normal
bg_1079,0,normal
bg_1080,0,normal
bg_1081,0,normal
bg_1082,0,normal
bg_1084,0,normal
bg_1085,0,normal
bg_1086,0,normal
bg_1088,0,normal
bg_1089,0,normal
bg_1090,0,normal
bg_1091,0,normal
bg_1092,0,normal
bg_1093,0,normal
bg_1094,0,normal
bg_1095,0,normal
bg_1097,0,normal
bg_1098,0,normal
bg_1099,0,normal
bg_1100,0,normal
bg_1101,0,normal
bg_1102,0,normal
bg_1103,0,normal
bg_1104,0,normal
bg_1106,0,normal
bg_1107,0,normal
bg_1108,0,normal
bg_1109,0,normal
bg_1111,0,normal
bg_1112,0,normal
bg_1113,0,normal
bg_1114,0,normal
bg_1115,0,normal
bg_1116,0,normal
bg_1117,0,normal
bg_1118,0,normal
bg_1119,0,normal
bg_1120,0,normal
bg_1121,0,normal
bg_1122,0,normal
bg_1125,0,normal
bg_1126,0,normal
bg_1128,0,normal
bg_1129,0,normal
bg_1132,0,normal
bg_1133,0,normal
bg_1134,0,normal
bg_1135,0,normal
bg_1138,0,normal
bg_1139,0,normal
bg_1140,0,normal
bg_1141,0,normal
bg_1142,0,normal
bg_1143,0,normal
bg_1145,0,normal
bg_1146,0,normal
bg_1147,0,normal
bg_1149,0,normal
bg_1150,0,normal
bg_1151,0,normal
bg_1152,0,normal
bg_1156,0,normal
bg_1157,0,normal
bg_1158,0,normal
bg_1159,0,normal
bg_1160,0,normal
bg_1161,0,normal
bg_1162,0,normal
bg_1164,0,normal
bg_1165,0,normal
bg_1166,0,normal
bg_1167,0,normal
bg_1168,0,normal
bg_1169,0,normal
bg_1170,0,normal
bg_1171,0,normal
bg_1173,0,normal
bg_1174,0,normal
bg_1175,0,normal
bg_1177,0,normal
bg_1179,0,normal
bg_1180,0,normal
bg_1182,0,normal
bg_1186,0,normal
bg_1187,0,normal
bg_1188,0,normal
bg_1189,0,normal
bg_1190,0,normal
bg_1191,0,normal
bg_1192,0,normal
bg_1193,0,normal
bg_1194,0,normal
bg_1196,0,normal
bg_1198,0,normal
bg_1199,0,normal
bg_1200,0,normal
bg_1201,0,normal
bg_1202,0,normal
bg_1203,0,normal
bg_1204,0,normal
bg_1206,0,normal
bg_1207,0,normal
bg_1209,0,normal
bg_1210,0,normal
bg_1211,0,normal
bg_1213,0,normal
bg_1214,0,normal
bg_1215,0,normal
bg_1217,0,normal
bg_1218,0,normal
bg_1219,0,normal
bg_1221,0,normal
bg_1222,0,normal
bg_1223,0,normal
bg_1224,0,normal
bg_1225,0,normal
bg_1226,0,normal
bg_1227,0,normal
bg_1228,0,normal
bg_1229,0,normal
bg_1230,0,normal
bg_1231,0,normal
bg_1232,0,normal
bg_1234,0,normal
bg_1235,0,normal
bg_1236,0,normal
bg_1237,0,normal
bg_1238,0,normal
bg_1240,0,normal
bg_1243,0,normal
bg_1244,0,normal
bg_1245,0,normal
bg_1246,0,normal
bg_1247,0,normal
bg_1250,0,normal
bg_1251,0,normal
bg_1252,0,normal
bg_1253,0,normal
bg_1254,0,normal
bg_1255,0,normal
bg_1256,0,normal
bg_1257,0,normal
bg_1258,0,normal
bg_1259,0,normal
bg_1261,0,normal
bg_1262,0,normal
bg_1263,0,normal
bg_1264,0,normal
bg_1266,0,normal
bg_1267,0,normal
bg_1269,0,normal
bg_1271,0,normal
bg_1272,0,normal
bg_1274,0,normal
bg_1275,0,normal
bg_1277,0,normal
bg_1278,0,normal
bg_1279,0,normal
bg_1282,0,normal
bg_1283,0,normal
bg_1284,0,normal
bg_1285,0,normal
bg_1286,0,normal
bg_1287,0,normal
bg_1288,0,normal
bg_1291,0,normal
bg_1292,0,normal
bg_1294,0,normal
bg_1296,0,normal
bg_1297,0,normal
bg_1299,0,normal
bg_1301,0,normal
bg_1302,0,normal
bg_1304,0,normal
bg_1305,0,normal
bg_1306,0,normal
bg_1307,0,normal
bg_1308,0,normal
bg_1309,0,normal
bg_1310,0,normal
bg_1311,0,normal
bg_1312,0,normal
bg_1313,0,normal
bg_1314,0,normal
bg_1315,0,normal
bg_1316,0,normal
bg_1317,0,normal
bg_1318,0,normal
bg_1319,0,normal
bg_1320,0,normal
bg_1322,0,normal
bg_1323,0,normal
bg_1327,0,normal
bg_1328,0,normal
bg_1330,0,normal
bg_1331,0,normal
bg_1334,0,normal
bg_1335,0,normal
bg_1336,0,normal
bg_1337,0,normal
bg_1339,0,normal
bg_1340,0,normal
bg_1341,0,normal
bg_1342,0,normal
bg_1343,0,normal
bg_1344,0,normal
bg_1346,0,normal
bg_1347,0,normal
bg_1348,0,normal
bg_1349,0,normal
bg_1350,0,normal
bg_1351,0,normal
bg_1352,0,normal
bg_1353,0,normal
bg_1354,0,normal
bg_1355,0,normal
bg_1356,0,normal
bg_1357,0,normal
bg_1358,0,normal
bg_1359,0,normal
bg_1360,0,normal
bg_1361,0,normal
bg_1362,0,normal
bg_1363,0,normal
bg_1364,0,normal
bg_1366,0,normal
bg_1367,0,normal
bg_1369,0,normal
bg_1370,0,normal
bg_1373,0,normal
bg_1374,0,normal
bg_1375,0,normal
bg_1376,0,normal
exchange_001,0,normal
exchange_002,0,normal
exchange_003,0,normal
exchange_004,0,normal
exchange_005,0,normal
exchange_008,0,normal
exchange_009,0,normal
exchange_011,0,normal
exchange_012,0,normal
exchange_013,0,normal
exchange_014,0,normal
exchange_015,0,normal
exchange_017,0,normal
exchange_019,0,normal
exchange_020,0,normal
exchange_021,0,normal
exchange_022,0,normal
exchange_023,0,normal
exchange_024,0,normal
exchange_025,0,normal
exchange_026,0,normal
exchange_027,0,normal
exchange_029,0,normal
exchange_030,0,normal
layer_001,1,layering
layer_002,1,layering
layer_004,1,layering
layer_005,1,layering
layer_006,1,layering
layer_008,1,layering
layer_009,1,layering
layer_010,1,layering
layer_011,1,layering
layer_012,1,layering
layer_014,1,layering
layer_015,1,layering
layer_016,1,layering
layer_017,1,layering
layer_019,1,layering
layer_020,1,layering
layer_021,1,layering
layer_022,1,layering
layer_023,1,layering
layer_024,1,layering
mix_001,1,mixing
mix_002,1,mixing
mix_003,1,mixing
mix_006,1,mixing
mix_007,1,mixing
mix_008,1,mixing
mix_009,1,mixing
mix_010,1,mixing
mix_011,1,mixing
mix_012,1,mixing
mix_013,1,mixing
mix_014,1,mixing
mix_015,1,mixing
mix_016,1,mixing
mix_017,1,mixing
mix_019,1,mixing
peel_001,1,peeling_chain
peel_002,1,peeling_chain
peel_003,1,peeling_chain
peel_004,1,peeling_chain
peel_005,1,peeling_chain
peel_008,1,peeling_chain
peel_009,1,peeling_chain
peel_010,1,peeling_chain
peel_012,1,peeling_chain
peel_014,1,peeling_chain
peel_015,1,peeling_chain
peel_016,1,peeling_chain
peel_017,1,peeling_chain
peel_018,1,peeling_chain
peel_019,1,peeling_chain
peel_020,1,peeling_chain
peel_021,1,peeling_chain
peel_022,1,peeling_chain
peel_023,1,peeling_chain
peel_026,1,peeling_chain
peel_027,1,peeling_chain
peel_028,1,peeling_chain
peel_029,1,peeling_chain
peel_030,1,peeling_chain
peel_031,1,peeling_chain
peel_032,1,peeling_chain
peel_033,1,peeling_chain
peel_035,1,peeling_chain
peel_036,1,peeling_chain
peel_037,1,peeling_chain
peel_038,1,peeling_chain
peel_040,1,peeling_chain
ransom_0001,1,ransomware
ransom_0003,1,ransomware
ransom_0004,1,ransomware
ransom_0005,1,ransomware
ransom_0006,1,ransomware
ransom_0009,1,ransomware
ransom_0011,1,ransomware
ransom_0013,1,ransomware
ransom_0015,1,ransomware
ransom_0016,1,ransomware
ransom_0018,1,ransomware
ransom_0019,1,ransomware
ransom_0020,1,ransomware
ransom_0021,1,ransomware
ransom_0024,1,ransomware
ransom_0027,1,ransomware
ransom_0028,1,ransomware
ransom_0029,1,ransomware
ransom_0030,1,ransomware
ransom_0031,1,ransomware
ransom_0032,1,ransomware
ransom_0033,1,ransomware
ransom_0034,1,ransomware
ransom_0035,1,ransomware
ransom_0036,1,ransomware
ransom_0037,1,ransomware
ransom_0038,1,ransomware
ransom_0040,1,ransomware
ransom_0042,1,ransomware
ransom_0043,1,ransomware
ransom_0044,1,ransomware
ransom_0045,1,ransomware
ransom_0046,1,ransomware
ransom_0047,1,ransomware
ransom_0048,1,ransomware
ransom_0049,1,ransomware
ransom_0050,1,ransomware
ransom_0051,1,ransomware
ransom_0052,1,ransomware
ransom_0053,1,ransomware
ransom_0054,1,ransomware
ransom_0055,1,ransomware
ransom_0056,1,ransomware
ransom_0057,1,ransomware
ransom_0058,1,ransomware
ransom_0059,1,ransomware
ransom_0060,1,ransomware
ransom_0061,1,ransomware
ransom_0062,1,ransomware
ransom_0063,1,ransomware
ransom_0064,1,ransomware
ransom_0065,1,ransomware
ransom_0066,1,ransomware
ransom_0067,1,ransomware
ransom_0068,1,ransomware
ransom_0069,1,ransomware
ransom_0070,1,ransomware
ransom_0071,1,ransomware
ransom_0072,1,ransomware
ransom_0074,1,ransomware
ransom_0075,1,ransomware
ransom_0076,1,ransomware
ransom_0077,1,ransomware
ransom_0078,1,ransomware
ransom_0080,1,ransomware
ransom_0081,1,ransomware
ransom_0082,1,ransomware
ransom_0083,1,ransomware
ransom_0084,1,ransomware
ransom_0085,1,ransomware
ransom_0086,1,ransomware
ransom_0087,1,ransomware
ransom_0088,1,ransomware
ransom_0089,1,ransomware
ransom_0091,1,ransomware
ransom_0092,1,ransomware
ransom_0093,1,ransomware
ransom_0094,1,ransomware
ransom_0095,1,ransomware
ransom_0096,1,ransomware
ransom_0097,1,ransomware
ransom_0099,1,ransomware
ransom_0100,1,ransomware
ransom_0101,1,ransomware
ransom_0102,1,ransomware
ransom_0103,1,ransomware
ransom_0104,1,ransomware
ransom_0105,1,ransomware
ransom_0107,1,ransomware
ransom_0108,1,ransomware
ransom_0109,1,ransomware
ransom_0110,1,ransomware
ransom_0111,1,ransomware
ransom_0112,1,ransomware
ransom_0113,1,ransomware
ransom_0114,1,ransomware
ransom_0115,1,ransomware
ransom_0118,1,ransomware
ransom_0119,1,ransomware
ransom_0120,1,ransomware
ransom_0121,1,ransomware
ransom_0122,1,ransomware
ransom_0123,1,ransomware
ransom_0124,1,ransomware
ransom_0125,1,ransomware
ransom_0127,1,ransomware
ransom_0128,1,ransomware
ransom_0129,1,ransomware
ransom_0130,1,ransomware
ransom_0131,1,ransomware
ransom_0132,1,ransomware
ransom_0133,1,ransomware
ransom_0134,1,ransomware
ransom_0135,1,ransomware
ransom_0136,1,ransomware
ransom_0137,1,ransomware
ransom_0138,1,ransomware
ransom_0140,1,ransomware
ransom_0143,1,ransomware
ransom_0144,1,ransomware
ransom_0145,1,ransomware
ransom_0147,1,ransomware
ransom_0150,1,ransomware
ransom_0151,1,ransomware
ransom_0152,1,ransomware
ransom_0153,1,ransomware
ransom_0154,1,ransomware
ransom_0155,1,ransomware
ransom_0157,1,ransomware
ransom_0158,1,ransomware
ransom_0161,1,ransomware
ransom_0165,1,ransomware
ransom_0166,1,ransomware
ransom_0167,1,ransomware
ransom_0168,1,ransomware
ransom_0169,1,ransomware
ransom_0170,1,ransomware
ransom_0171,1,ransomware
ransom_0172,1,ransomware
ransom_0173,1,ransomware
ransom_0174,1,ransomware
ransom_0175,1,ransomware
ransom_0176,1,ransomware
ransom_0177,1,ransomware
ransom_0178,1,ransomware
ransom_0179,1,ransomware
ransom_0180,1,ransomware
ransom_0181,1,ransomware
ransom_0182,1,ransomware
ransom_0184,1,ransomware
ransom_0185,1,ransomware
ransom_0186,1,ransomware
ransom_0187,1,ransomware
ransom_0189,1,ransomware
ransom_0190,1,ransomware
ransom_0191,1,ransomware
ransom_0192,1,ransomware
ransom_0193,1,ransomware
ransom_0195,1,ransomware
ransom_0196,1,ransomware
ransom_0197,1,ransomware
ransom_0198,1,ransomware
ransom_0199,1,ransomware
ransom_0200,1,ransomware
ransom_0201,1,ransomware
ransom_0203,1,ransomware
ransom_0204,1,ransomware
ransom_0206,1,ransomware
ransom_0207,1,ransomware
ransom_0209,1,ransomware
ransom_0210,1,ransomware
ransom_0211,1,ransomware
ransom_0212,1,ransomware
ransom_0213,1,ransomware
ransom_0215,1,ransomware
ransom_0217,1,ransomware
ransom_0218,1,ransomware
ransom_0219,1,ransomware
ransom_0220,1,ransomware
ransom_0221,1,ransomware
ransom_0222,1,ransomware
ransom_0223,1,ransomware
ransom_0224,1,ransomware
ransom_0225,1,ransomware
ransom_0226,1,ransomware
ransom_0228,1,ransomware
ransom_0229,1,ransomware
ransom_0230,1,ransomware
ransom_0231,1,ransomware
ransom_0232,1,ransomware
ransom_0234,1,ransomware
ransom_0236,1,ransomware
ransom_0238,1,ransomware
ransom_0239,1,ransomware
ransom_0240,1,ransomware
ransom_0241,1,ransomware
ransom_0242,1,ransomware
ransom_0243,1,ransomware
ransom_0244,1,ransomware
ransom_0245,1,ransomware
ransom_0246,1,ransomware
ransom_0247,1,ransomware
ransom_0248,1,ransomware
ransom_0249,1,ransomware
ransom_0250,1,ransomware
ransom_0251,1,ransomware
ransom_0252,1,ransomware
ransom_0253,1,ransomware
ransom_0254,1,ransomware
ransom_0255,1,ransomware
ransom_0256,1,ransomware
ransom_0257,1,ransomware
ransom_0258,1,ransomware
ransom_0260,1,ransomware
ransom_0261,1,ransomware
ransom_0262,1,ransomware
ransom_0263,1,ransomware
ransom_0264,1,ransomware
ransom_0266,1,ransomware
ransom_0267,1,ransomware
ransom_0268,1,ransomware
ransom_0269,1,ransomware
ransom_0272,1,ransomware
ransom_0273,1,ransomware
ransom_0274,1,ransomware
ransom_0275,1,ransomware
ransom_0276,1,ransomware
ransom_0280,1,ransomware
ransom_0281,1,ransomware
ransom_0284,1,ransomware
ransom_0285,1,ransomware
ransom_0287,1,ransomware
ransom_0288,1,ransomware
ransom_0289,1,ransomware
ransom_0291,1,ransomware
ransom_0292,1,ransomware
ransom_0293,1,ransomware
ransom_0294,1,ransomware
ransom_0296,1,ransomware
ransom_0297,1,ransomware
ransom_0298,1,ransomware
ransom_0299,1,ransomware
ransom_0300,1,ransomware
ransom_0301,1,ransomware
ransom_0304,1,ransomware
ransom_0305,1,ransomware
ransom_0306,1,ransomware
ransom_0308,1,ransomware
ransom_0309,1,ransomware
ransom_0310,1,ransomware
ransom_0311,1,ransomware
ransom_0312,1,ransomware
ransom_0313,1,ransomware
ransom_0314,1,ransomware
ransom_0315,1,ransomware
ransom_0316,1,ransomware
ransom_0317,1,ransomware
ransom_0319,1,ransomware
ransom_0320,1,ransomware
ransom_0321,1,ransomware
ransom_0322,1,ransomware
ransom_0323,1,ransomware
ransom_0324,1,ransomware
ransom_0325,1,ransomware
ransom_0326,1,ransomware
ransom_0327,1,ransomware
ransom_0328,1,ransomware
ransom_0329,1,ransomware
ransom_0330,1,ransomware
ransom_0331,1,ransomware
ransom_0333,1,ransomware
ransom_0334,1,ransomware
ransom_0335,1,ransomware
ransom_0336,1,ransomware
ransom_0337,1,ransomware
ransom_0338,1,ransomware
ransom_0339,1,ransomware
ransom_0340,1,ransomware
ransom_0342,1,ransomware
ransom_0344,1,ransomware
ransom_0345,1,ransomware
ransom_0346,1,ransomware
ransom_0347,1,ransomware
ransom_0348,1,ransomware
ransom_0349,1,ransomware
ransom_0350,1,ransomware
ransom_0351,1,ransomware
ransom_0352,1,ransomware
ransom_0354,1,ransomware
ransom_0355,1,ransomware
ransom_0356,1,ransomware
ransom_0357,1,ransomware
ransom_0358,1,ransomware
ransom_0361,1,ransomware
ransom_0362,1,ransomware
ransom_0364,1,ransomware
ransom_0367,1,ransomware
ransom_0368,1,ransomware
ransom_0369,1,ransomware
ransom_0370,1,ransomware
ransom_0371,1,ransomware
ransom_0372,1,ransomware
ransom_0373,1,ransomware
ransom_0374,1,ransomware
ransom_0376,1,ransomware
ransom_0377,1,ransomware
ransom_0378,1,ransomware
ransom_0379,1,ransomware
ransom_0380,1,ransomware
ransom_0381,1,ransomware
ransom_0382,1,ransomware
ransom_0384,1,ransomware
ransom_0385,1,ransomware
ransom_0386,1,ransomware
ransom_0388,1,ransomware
ransom_0389,1,ransomware
ransom_0390,1,ransomware
ransom_0391,1,ransomware
ransom_0392,1,ransomware
ransom_0394,1,ransomware
ransom_0395,1,ransomware
ransom_0396,1,ransomware
ransom_0397,1,ransomware
ransom_0398,1,ransomware
ransom_0399,1,ransomware
ransom_0400,1,ransomware
ransom_0401,1,ransomware
ransom_0402,1,ransomware
ransom_0403,1,ransomware
ransom_0404,1,ransomware
ransom_0405,1,ransomware
ransom_0408,1,ransomware
ransom_0409,1,ransomware
ransom_0410,1,ransomware
ransom_0411,1,ransomware
ransom_0412,1,ransomware
ransom_0413,1,ransomware
ransom_0414,1,ransomware
ransom_0415,1,ransomware
ransom_0416,1,ransomware
ransom_0417,1,ransomware
ransom_0418,1,ransomware
ransom_0419,1,ransomware
ransom_0421,1,ransomware
ransom_0422,1,ransomware
ransom_0423,1,ransomware
ransom_0425,1,ransomware
ransom_0426,1,ransomware
ransom_0427,1,ransomware
ransom_0428,1,ransomware
ransom_0429,1,ransomware
ransom_0430,1,ransomware
ransom_0431,1,ransomware
ransom_0432,1,ransomware
ransom_0433,1,ransomware
ransom_0434,1,ransomware
ransom_0435,1,ransomware
ransom_0436,1,ransomware
ransom_0438,1,ransomware
ransom_0439,1,ransomware
ransom_0440,1,ransomware
ransom_0441,1,ransomware
ransom_0444,1,ransomware
ransom_0445,1,ransomware
ransom_0446,1,ransomware
ransom_0447,1,ransomware
ransom_0448,1,ransomware
ransom_0450,1,ransomware
ransom_0451,1,ransomware
ransom_0452,1,ransomware
ransom_0453,1,ransomware
ransom_0454,1,ransomware
ransom_0456,1,ransomware
ransom_0457,1,ransomware
ransom_0458,1,ransomware
ransom_0461,1,ransomware
ransom_0462,1,ransomware
ransom_0463,1,ransomware
ransom_0464,1,ransomware
ransom_0465,1,ransomware
ransom_0466,1,ransomware
ransom_0467,1,ransomware
ransom_0468,1,ransomware
ransom_0469,1,ransomware
ransom_0470,1,ransomware
ransom_0471,1,ransomware
ransom_0472,1,ransomware
ransom_0473,1,ransomware
ransom_0474,1,ransomware
ransom_0475,1,ransomware
ransom_0477,1,ransomware
ransom_0478,1,ransomware
ransom_0479,1,ransomware
ransom_0480,1,ransomware
ransom_0481,1,ransomware
ransom_0482,1,ransomware
ransom_0484,1,ransomware
ransom_0485,1,ransomware
ransom_0486,1,ransomware
ransom_0487,1,ransomware
ransom_0488,1,ransomware
ransom_0490,1,ransomware
ransom_0491,1,ransomware
ransom_0492,1,ransomware
ransom_0494,1,ransomware
ransom_0495,1,ransomware
ransom_0496,1,ransomware
ransom_0497,1,ransomware
ransom_0498,1,ransomware
ransom_0499,1,ransomware
ransom_0500,1,ransomware
ransom_0501,1,ransomware
ransom_0502,1,ransomware
ransom_0503,1,ransomware
ransom_0504,1,ransomware
ransom_0505,1,ransomware
ransom_0506,1,ransomware
ransom_0507,1,ransomware
ransom_0508,1,ransomware
ransom_0509,1,ransomware
ransom_0510,1,ransomware
ransom_0511,1,ransomware
ransom_0512,1,ransomware
ransom_0513,1,ransomware
ransom_0514,1,ransomware
ransom_0516,1,ransomware
ransom_0517,1,ransomware
ransom_0518,1,ransomware
ransom_0519,1,ransomware
ransom_0520,1,ransomware
ransom_0521,1,ransomware
ransom_0524,1,ransomware
ransom_0525,1,ransomware
ransom_0528,1,ransomware
ransom_0529,1,ransomware
ransom_0531,1,ransomware
ransom_0532,1,ransomware
ransom_0533,1,ransomware
ransom_0534,1,ransomware
ransom_0535,1,ransomware
ransom_0536,1,ransomware
ransom_0538,1,ransomware
ransom_0539,1,ransomware
ransom_0541,1,ransomware
ransom_0543,1,ransomware
ransom_0544,1,ransomware
ransom_0545,1,ransomware
ransom_0546,1,ransomware
ransom_0547,1,ransomware
ransom_0548,1,ransomware
ransom_0549,1,ransomware
ransom_0550,1,ransomware
ransom_0551,1,ransomware
ransom_0552,1,ransomware
ransom_0554,1,ransomware
ransom_0555,1,ransomware
ransom_0556,1,ransomware
ransom_0559,1,ransomware
ransom_0560,1,ransomware
ransom_0562,1,ransomware
ransom_0563,1,ransomware
ransom_0564,1,ransomware
ransom_0565,1,ransomware
ransom_0566,1,ransomware
ransom_0567,1,ransomware
ransom_0568,1,ransomware
ransom_0569,1,ransomware
ransom_0570,1,ransomware
ransom_0571,1,ransomware
ransom_0574,1,ransomware
ransom_0577,1,ransomware
ransom_0578,1,ransomware
ransom_0579,1,ransomware
ransom_0580,1,ransomware
ransom_0583,1,ransomware
ransom_0585,1,ransomware
ransom_0586,1,ransomware
ransom_0587,1,ransomware
ransom_0589,1,ransomware
ransom_0590,1,ransomware
ransom_0591,1,ransomware
ransom_0592,1,ransomware
ransom_0593,1,ransomware
ransom_0595,1,ransomware
ransom_0596,1,ransomware
ransom_0597,1,ransomware
ransom_0599,1,ransomware
ransom_0600,1,ransomware
ransom_0601,1,ransomware
ransom_0602,1,ransomware
ransom_0603,1,ransomware
ransom_0604,1,ransomware
ransom_0605,1,ransomware
ransom_0606,1,ransomware
ransom_0607,1,ransomware
ransom_0608,1,ransomware
ransom_0609,1,ransomware
ransom_0610,1,ransomware
ransom_0612,1,ransomware
ransom_0614,1,ransomware
ransom_0616,1,ransomware
ransom_0617,1,ransomware
ransom_0618,1,ransomware
ransom_0619,1,ransomware
ransom_0621,1,ransomware
ransom_0622,1,ransomware
ransom_0623,1,ransomware
ransom_0624,1,ransomware
ransom_0625,1,ransomware
ransom_0626,1,ransomware
ransom_0627,1,ransomware
ransom_0628,1,ransomware
ransom_0634,1,ransomware
ransom_0636,1,ransomware
ransom_0637,1,ransomware
ransom_0638,1,ransomware
ransom_0639,1,ransomware
ransom_0640,1,ransomware
ransom_0641,1,ransomware
ransom_0642,1,ransomware
ransom_0643,1,ransomware
ransom_0644,1,ransomware
ransom_0645,1,ransomware
ransom_0648,1,ransomware
ransom_0649,1,ransomware
ransom_0650,1,ransomware
ransom_0651,1,ransomware
ransom_0652,1,ransomware
ransom_0653,1,ransomware
ransom_0654,1,ransomware
ransom_0655,1,ransomware
ransom_0656,1,ransomware
ransom_0657,1,ransomware
ransom_0658,1,ransomware
ransom_0659,1,ransomware
ransom_0663,1,ransomware
ransom_0665,1,ransomware
ransom_0666,1,ransomware
ransom_0667,1,ransomware
ransom_0668,1,ransomware
ransom_0669,1,ransomware
ransom_0671,1,ransomware
ransom_0673,1,ransomware
ransom_0674,1,ransomware
ransom_0676,1,ransomware
ransom_0677,1,ransomware
ransom_0678,1,ransomware
ransom_0679,1,ransomware
ransom_0680,1,ransomware
ransom_0681,1,ransomware
ransom_0682,1,ransomware
ransom_0683,1,ransomware
ransom_0684,1,ransomware
ransom_0685,1,ransomware
ransom_0689,1,ransomware
ransom_0691,1,ransomware
ransom_0692,1,ransomware
ransom_0694,1,ransomware
ransom_0695,1,ransomware
ransom_0697,1,ransomware
ransom_0699,1,ransomware
ransom_0701,1,ransomware
ransom_0702,1,ransomware
ransom_0703,1,ransomware
ransom_0705,1,ransomware
ransom_0706,1,ransomware
ransom_0707,1,ransomware
ransom_0709,1,ransomware
ransom_0710,1,ransomware
ransom_0711,1,ransomware
ransom_0712,1,ransomware
ransom_0713,1,ransomware
ransom_0714,1,ransomware
ransom_0715,1,ransomware
ransom_0716,1,ransomware
ransom_0717,1,ransomware
ransom_0718,1,ransomware
ransom_0719,1,ransomware
ransom_0721,1,ransomware
ransom_0722,1,ransomware
ransom_0723,1,ransomware
ransom_0724,1,ransomware
ransom_0725,1,ransomware
ransom_0726,1,ransomware
ransom_0729,1,ransomware
ransom_0730,1,ransomware
ransom_0731,1,ransomware
ransom_0732,1,ransomware
ransom_0733,1,ransomware
ransom_0734,1,ransomware
ransom_0735,1,ransomware
ransom_0736,1,ransomware
ransom_0737,1,ransomware
ransom_0738,1,ransomware
ransom_0739,1,ransomware
ransom_0740,1,ransomware
ransom_0741,1,ransomware
ransom_0742,1,ransomware
ransom_0743,1,ransomware
ransom_0744,1,ransomware
ransom_0745,1,ransomware
ransom_0746,1,ransomware
ransom_0747,1,ransomware
ransom_0748,1,ransomware
ransom_0749,1,ransomware
ransom_0750,1,ransomware
ransom_0751,1,ransomware
ransom_0752,1,ransomware
ransom_0753,1,ransomware
ransom_0754,1,ransomware
ransom_0755,1,ransomware
ransom_0756,1,ransomware
ransom_0757,1,ransomware
ransom_0758,1,ransomware
ransom_0759,1,ransomware
ransom_0760,1,ransomware
ransom_0761,1,ransomware
ransom_0762,1,ransomware
ransom_0763,1,ransomware
ransom_0764,1,ransomware
ransom_0765,1,ransomware
ransom_0766,1,ransomware
ransom_0767,1,ransomware
ransom_0769,1,ransomware
ransom_0773,1,ransomware
ransom_0774,1,ransomware
ransom_0775,1,ransomware
ransom_0777,1,ransomware
ransom_0778,1,ransomware
ransom_0780,1,ransomware
ransom_0783,1,ransomware
ransom_0784,1,ransomware
ransom_0785,1,ransomware
ransom_0787,1,ransomware
ransom_0788,1,ransomware
ransom_0789,1,ransomware
ransom_0790,1,ransomware
ransom_0791,1,ransomware
ransom_0793,1,ransomware
ransom_0794,1,ransomware
ransom_0795,1,ransomware
ransom_0796,1,ransomware
ransom_0797,1,ransomware
ransom_0798,1,ransomware
ransom_0799,1,ransomware
ransom_0800,1,ransomware
ransom_0801,1,ransomware
ransom_0802,1,ransomware
ransom_0803,1,ransomware
ransom_0804,1,ransomware
ransom_0805,1,ransomware
ransom_0806,1,ransomware
ransom_0807,1,ransomware
ransom_0808,1,ransomware
ransom_0809,1,ransomware
ransom_0810,1,ransomware
ransom_0811,1,ransomware
ransom_0812,1,ransomware
ransom_0813,1,ransomware
ransom_0814,1,ransomware
ransom_0815,1,ransomware
ransom_0816,1,ransomware
ransom_0817,1,ransomware
ransom_0818,1,ransomware
ransom_0819,1,ransomware
ransom_0820,1,ransomware
ransom_0821,1,ransomware
ransom_0822,1,ransomware
ransom_0823,1,ransomware
ransom_0824,1,ransomware
ransom_0826,1,ransomware
ransom_0827,1,ransomware
ransom_0828,1,ransomware
ransom_0829,1,ransomware
ransom_0830,1,ransomware
ransom_0832,1,ransomware
ransom_0833,1,ransomware
ransom_0834,1,ransomware
ransom_0835,1,ransomware
ransom_0836,1,ransomware
ransom_0837,1,ransomware
ransom_0838,1,ransomware
ransom_0839,1,ransomware
ransom_0840,1,ransomware
ransom_0841,1,ransomware
ransom_0842,1,ransomware
ransom_0843,1,ransomware
ransom_0844,1,ransomware
ransom_0845,1,ransomware
ransom_0847,1,ransomware
ransom_0848,1,ransomware
ransom_0849,1,ransomware
ransom_0850,1,ransomware
ransom_0851,1,ransomware
ransom_0852,1,ransomware
ransom_0853,1,ransomware
ransom_0854,1,ransomware
ransom_0855,1,ransomware
ransom_0857,1,ransomware
ransom_0858,1,ransomware
ransom_0859,1,ransomware
ransom_0860,1,ransomware
ransom_0861,1,ransomware
ransom_0862,1,ransomware
ransom_0863,1,ransomware
ransom_0864,1,ransomware
ransom_0865,1,ransomware
ransom_0866,1,ransomware
ransom_0867,1,ransomware
ransom_0869,1,ransomware
ransom_0870,1,ransomware
ransom_0871,1,ransomware
ransom_0872,1,ransomware
ransom_0873,1,ransomware
ransom_0874,1,ransomware
ransom_0876,1,ransomware
ransom_0877,1,ransomware
ransom_0878,1,ransomware
ransom_0879,1,ransomware
ransom_0880,1,ransomware
ransom_0881,1,ransomware
ransom_0882,1,ransomware
ransom_0884,1,ransomware
ransom_0885,1,ransomware
ransom_0886,1,ransomware
ransom_0887,1,ransomware
ransom_0888,1,ransomware
ransom_0889,1,ransomware
ransom_0890,1,ransomware
ransom_0891,1,ransomware
ransom_0894,1,ransomware
ransom_0896,1,ransomware
ransom_0897,1,ransomware
ransom_0898,1,ransomware
ransom_0899,1,ransomware
ransom_0901,1,ransomware
ransom_0902,1,ransomware
ransom_0903,1,ransomware
ransom_0904,1,ransomware
ransom_0905,1,ransomware
ransom_0907,1,ransomware
ransom_0908,1,ransomware
ransom_0909,1,ransomware
ransom_0910,1,ransomware
ransom_0912,1,ransomware
ransom_0913,1,ransomware
ransom_0915,1,ransomware
ransom_0916,1,ransomware
ransom_0917,1,ransomware
ransom_0919,1,ransomware
ransom_0920,1,ransomware
ransom_0921,1,ransomware
ransom_0922,1,ransomware
ransom_0923,1,ransomware
ransom_0925,1,ransomware
ransom_0926,1,ransomware
ransom_0927,1,ransomware
ransom_0928,1,ransomware
ransom_0929,1,ransomware
ransom_0931,1,ransomware
ransom_0932,1,ransomware
ransom_0933,1,ransomware
ransom_0935,1,ransomware
ransom_0937,1,ransomware
ransom_0938,1,ransomware
ransom_0939,1,ransomware
ransom_0940,1,ransomware
ransom_0941,1,ransomware
ransom_0942,1,ransomware
ransom_0943,1,ransomware
ransom_0944,1,ransomware
ransom_0945,1,ransomware
ransom_0946,1,ransomware
ransom_0948,1,ransomware
ransom_0950,1,ransomware
ransom_0951,1,ransomware
ransom_0952,1,ransomware
ransom_0953,1,ransomware
ransom_0954,1,ransomware
ransom_0958,1,ransomware
ransom_0959,1,ransomware
ransom_0961,1,ransomware
ransom_0962,1,ransomware
ransom_0963,1,ransomware
ransom_0965,1,ransomware
ransom_0966,1,ransomware
ransom_0967,1,ransomware
ransom_0968,1,ransomware
ransom_0970,1,ransomware
ransom_0971,1,ransomware
ransom_0972,1,ransomware
ransom_0974,1,ransomware
ransom_0976,1,ransomware
ransom_0977,1,ransomware
ransom_0978,1,ransomware
ransom_0979,1,ransomware
ransom_0980,1,ransomware
ransom_0981,1,ransomware
ransom_0982,1,ransomware
ransom_0983,1,ransomware
ransom_0984,1,ransomware
ransom_0986,1,ransomware
ransom_0991,1,ransomware
ransom_0992,1,ransomware
ransom_0993,1,ransomware
ransom_0994,1,ransomware
ransom_0995,1,ransomware
ransom_0996,1,ransomware
ransom_0997,1,ransomware
ransom_0998,1,ransomware
ransom_0999,1,ransomware
ransom_1000,1,ransomware
ransom_10001,1,ransomware
ransom_10002,1,ransomware
ransom_10003,1,ransomware
ransom_10004,1,ransomware
ransom_10005,1,ransomware
ransom_10006,1,ransomware
ransom_10008,1,ransomware
ransom_10009,1,ransomware
ransom_1001,1,ransomware
ransom_10010,1,ransomware
ransom_10013,1,ransomware
ransom_10014,1,ransomware
ransom_10015,1,ransomware
ransom_10016,1,ransomware
ransom_10017,1,ransomware
ransom_10019,1,ransomware
ransom_1002,1,ransomware
ransom_10020,1,ransomware
ransom_10021,1,ransomware
ransom_10022,1,ransomware
ransom_10023,1,ransomware
ransom_10024,1,ransomware
ransom_10025,1,ransomware
ransom_10026,1,ransomware
ransom_10027,1,ransomware
ransom_10028,1,ransomware
ransom_10029,1,ransomware
ransom_1003,1,ransomware
ransom_10030,1,ransomware
ransom_10031,1,ransomware
ransom_10032,1,ransomware
ransom_10033,1,ransomware
ransom_10035,1,ransomware
ransom_10036,1,ransomware
ransom_10038,1,ransomware
ransom_10039,1,ransomware
ransom_1004,1,ransomware
ransom_10040,1,ransomware
ransom_10041,1,ransomware
ransom_10042,1,ransomware
ransom_10043,1,ransomware
ransom_10045,1,ransomware
ransom_10047,1,ransomware
ransom_10048,1,ransomware
ransom_10049,1,ransomware
ransom_10050,1,ransomware
ransom_10051,1,ransomware
ransom_10052,1,ransomware
ransom_10054,1,ransomware
ransom_10055,1,ransomware
ransom_10056,1,ransomware
ransom_10057,1,ransomware
ransom_10058,1,ransomware
ransom_10059,1,ransomware
ransom_1006,1,ransomware
ransom_10060,1,ransomware
ransom_10061,1,ransomware
ransom_10062,1,ransomware
ransom_10063,1,ransomware
ransom_10064,1,ransomware
ransom_10065,1,ransomware
ransom_10067,1,ransomware
ransom_10068,1,ransomware
ransom_10069,1,ransomware
ransom_1007,1,ransomware
ransom_10070,1,ransomware
ransom_10071,1,ransomware
ransom_10072,1,ransomware
ransom_10074,1,ransomware
ransom_10075,1,ransomware
ransom_10076,1,ransomware
ransom_10077,1,ransomware
ransom_10078,1,ransomware
ransom_10079,1,ransomware
ransom_1008,1,ransomware
ransom_10082,1,ransomware
ransom_10083,1,ransomware
ransom_10084,1,ransomware
ransom_10085,1,ransomware
ransom_10086,1,ransomware
ransom_10087,1,ransomware
ransom_10088,1,ransomware
ransom_10089,1,ransomware
ransom_10090,1,ransomware
ransom_10092,1,ransomware
ransom_10094,1,ransomware
ransom_10095,1,ransomware
ransom_10097,1,ransomware
ransom_10098,1,ransomware
ransom_10099,1,ransomware
ransom_1010,1,ransomware
ransom_10100,1,ransomware
ransom_10101,1,ransomware
ransom_10102,1,ransomware
ransom_10103,1,ransomware
ransom_10104,1,ransomware
ransom_10105,1,ransomware
ransom_10107,1,ransomware
ransom_10108,1,ransomware
ransom_10109,1,ransomware
ransom_1011,1,ransomware
ransom_10110,1,ransomware
ransom_10111,1,ransomware
ransom_10112,1,ransomware
ransom_10115,1,ransomware
ransom_10116,1,ransomware
ransom_10117,1,ransomware
ransom_10118,1,ransomware
ransom_1012,1,ransomware
ransom_10121,1,ransomware
ransom_10122,1,ransomware
ransom_10123,1,ransomware
ransom_10127,1,ransomware
ransom_1013,1,ransomware
ransom_10130,1,ransomware
ransom_10131,1,ransomware
ransom_10132,1,ransomware
ransom_10133,1,ransomware
ransom_10134,1,ransomware
ransom_10135,1,ransomware
ransom_10136,1,ransomware
ransom_10137,1,ransomware
ransom_10138,1,ransomware
ransom_10139,1,ransomware
ransom_1014,1,ransomware
ransom_10140,1,ransomware
ransom_10141,1,ransomware
ransom_10142,1,ransomware
ransom_10143,1,ransomware
ransom_10144,1,ransomware
ransom_10146,1,ransomware
ransom_10147,1,ransomware
ransom_10148,1,ransomware
ransom_10149,1,ransomware
ransom_1015,1,ransomware
ransom_10150,1,ransomware
ransom_10151,1,ransomware
ransom_10152,1,ransomware
ransom_10153,1,ransomware
ransom_10155,1,ransomware
ransom_10157,1,ransomware
ransom_10158,1,ransomware
ransom_10159,1,ransomware
ransom_1016,1,ransomware
ransom_10160,1,ransomware
ransom_10162,1,ransomware
ransom_10164,1,ransomware
ransom_10165,1,ransomware
ransom_10166,1,ransomware
ransom_10167,1,ransomware
ransom_10168,1,ransomware
ransom_1017,1,ransomware
ransom_10170,1,ransomware
ransom_10171,1,ransomware
ransom_10172,1,ransomware
ransom_10173,1,ransomware
ransom_10174,1,ransomware
ransom_10175,1,ransomware
ransom_10176,1,ransomware
ransom_10177,1,ransomware
ransom_10178,1,ransomware
ransom_1018,1,ransomware
ransom_10181,1,ransomware
ransom_10182,1,ransomware
ransom_10183,1,ransomware
ransom_10184,1,ransomware
ransom_10185,1,ransomware
ransom_10186,1,ransomware
ransom_10187,1,ransomware
ransom_10188,1,ransomware
ransom_1019,1,ransomware
ransom_10190,1,ransomware
ransom_10191,1,ransomware
ransom_10192,1,ransomware
ransom_10193,1,ransomware
ransom_10194,1,ransomware
ransom_10195,1,ransomware
ransom_10196,1,ransomware
ransom_10197,1,ransomware
ransom_10198,1,ransomware
ransom_1020,1,ransomware
ransom_10200,1,ransomware
ransom_10201,1,ransomware
ransom_10202,1,ransomware
ransom_10203,1,ransomware
ransom_10204,1,ransomware
ransom_10205,1,ransomware
ransom_10206,1,ransomware
ransom_1021,1,ransomware
ransom_10210,1,ransomware
ransom_10211,1,ransomware
ransom_10212,1,ransomware
ransom_10213,1,ransomware
ransom_10214,1,ransomware
ransom_10215,1,ransomware
ransom_10216,1,ransomware
ransom_10219,1,ransomware
ransom_10220,1,ransomware
ransom_10221,1,ransomware
ransom_10222,1,ransomware
ransom_10223,1,ransomware
ransom_10225,1,ransomware
ransom_10226,1,ransomware
ransom_10228,1,ransomware
ransom_10229,1,ransomware
ransom_1023,1,ransomware
ransom_10230,1,ransomware
ransom_10231,1,ransomware
ransom_10232,1,ransomware
ransom_10234,1,ransomware
ransom_10235,1,ransomware
ransom_10236,1,ransomware
ransom_10237,1,ransomware
ransom_10238,1,ransomware
ransom_10239,1,ransomware
ransom_1024,1,ransomware
ransom_10240,1,ransomware
ransom_10243,1,ransomware
ransom_10244,1,ransomware
ransom_10245,1,ransomware
ransom_10246,1,ransomware
ransom_10247,1,ransomware
ransom_10248,1,ransomware
ransom_10249,1,ransomware
ransom_10250,1,ransomware
ransom_10251,1,ransomware
ransom_10252,1,ransomware
ransom_10253,1,ransomware
ransom_10254,1,ransomware
ransom_10255,1,ransomware
ransom_10256,1,ransomware
ransom_10257,1,ransomware
ransom_10259,1,ransomware
ransom_1026,1,ransomware
ransom_10261,1,ransomware
ransom_10262,1,ransomware
ransom_10263,1,ransomware
ransom_10265,1,ransomware
ransom_10266,1,ransomware
ransom_10267,1,ransomware
ransom_10268,1,ransomware
ransom_10269,1,ransomware
ransom_10270,1,ransomware
ransom_10271,1,ransomware
ransom_10272,1,ransomware
ransom_10274,1,ransomware
ransom_10275,1,ransomware
ransom_10276,1,ransomware
ransom_10277,1,ransomware
ransom_10278,1,ransomware
ransom_10279,1,ransomware
ransom_10280,1,ransomware
ransom_10281,1,ransomware
ransom_10282,1,ransomware
ransom_10283,1,ransomware
ransom_10285,1,ransomware
ransom_10286,1,ransomware
ransom_10287,1,ransomware
ransom_10289,1,ransomware
ransom_1029,1,ransomware
ransom_10290,1,ransomware
ransom_10291,1,ransomware
ransom_10292,1,ransomware
ransom_10293,1,ransomware
ransom_10294,1,ransomware
ransom_10295,1,ransomware
ransom_10297,1,ransomware
ransom_10298,1,ransomware
ransom_10299,1,ransomware
ransom_1030,1,ransomware
ransom_10300,1,ransomware
ransom_10301,1,ransomware
ransom_10302,1,ransomware
ransom_10303,1,ransomware
ransom_10304,1,ransomware
ransom_10305,1,ransomware
ransom_10306,1,ransomware
ransom_10307,1,ransomware
ransom_10308,1,ransomware
ransom_10309,1,ransomware
ransom_1031,1,ransomware
ransom_10310,1,ransomware
ransom_10311,1,ransomware
ransom_10313,1,ransomware
ransom_10314,1,ransomware
ransom_10315,1,ransomware
ransom_10316,1,ransomware
ransom_10318,1,ransomware
ransom_10319,1,ransomware
ransom_1032,1,ransomware
ransom_10320,1,ransomware
ransom_10321,1,ransomware
ransom_10322,1,ransomware
ransom_10323,1,ransomware
ransom_10325,1,ransomware
ransom_10326,1,ransomware
ransom_10327,1,ransomware
ransom_10328,1,ransomware
ransom_10329,1,ransomware
ransom_1033,1,ransomware
ransom_10330,1,ransomware
ransom_10331,1,ransomware
ransom_10332,1,ransomware
ransom_10333,1,ransomware
ransom_10335,1,ransomware
ransom_10336,1,ransomware
ransom_10337,1,ransomware
ransom_10338,1,ransomware
ransom_10339,1,ransomware
ransom_1034,1,ransomware
ransom_10340,1,ransomware
ransom_10341,1,ransomware
ransom_10345,1,ransomware
ransom_10349,1,ransomware
ransom_1035,1,ransomware
ransom_10350,1,ransomware
ransom_10351,1,ransomware
ransom_10352,1,ransomware
ransom_10356,1,ransomware
ransom_10357,1,ransomware
ransom_10358,1,ransomware
ransom_1036,1,ransomware
ransom_10360,1,ransomware
ransom_10361,1,ransomware
ransom_10362,1,ransomware
ransom_10363,1,ransomware
ransom_10364,1,ransomware
ransom_10366,1,ransomware
ransom_10368,1,ransomware
ransom_10369,1,ransomware
ransom_1037,1,ransomware
ransom_10370,1,ransomware
ransom_10371,1,ransomware
ransom_10372,1,ransomware
ransom_10373,1,ransomware
ransom_10374,1,ransomware
ransom_10375,1,ransomware
ransom_10376,1,ransomware
ransom_10377,1,ransomware
ransom_10378,1,ransomware
ransom_10379,1,ransomware
ransom_1038,1,ransomware
ransom_10380,1,ransomware
ransom_10381,1,ransomware
ransom_10382,1,ransomware
ransom_10383,1,ransomware
ransom_10385,1,ransomware
ransom_10386,1,ransomware
ransom_10387,1,ransomware
ransom_10388,1,ransomware
ransom_10389,1,ransomware
ransom_10390,1,ransomware
ransom_10391,1,ransomware
ransom_10393,1,ransomware
ransom_10394,1,ransomware
ransom_10395,1,ransomware
ransom_10397,1,ransomware
ransom_10398,1,ransomware
ransom_10399,1,ransomware
ransom_10401,1,ransomware
ransom_10403,1,ransomware
ransom_10404,1,ransomware
ransom_10405,1,ransomware
ransom_10406,1,ransomware
ransom_10408,1,ransomware
ransom_1041,1,ransomware
ransom_10410,1,ransomware
ransom_10411,1,ransomware
ransom_10412,1,ransomware
ransom_10413,1,ransomware
ransom_10415,1,ransomware
ransom_10416,1,ransomware
ransom_10417,1,ransomware
ransom_10418,1,ransomware
ransom_10420,1,ransomware
ransom_10421,1,ransomware
ransom_10422,1,ransomware
ransom_10423,1,ransomware
ransom_10424,1,ransomware
ransom_10425,1,ransomware
ransom_10426,1,ransomware
ransom_10427,1,ransomware
ransom_10428,1,ransomware
ransom_10429,1,ransomware
ransom_1043,1,ransomware
ransom_10430,1,ransomware
ransom_10432,1,ransomware
ransom_10433,1,ransomware
ransom_10434,1,ransomware
ransom_10436,1,ransomware
ransom_10437,1,ransomware
ransom_10438,1,ransomware
ransom_10439,1,ransomware
ransom_1044,1,ransomware
ransom_10440,1,ransomware
ransom_10441,1,ransomware
ransom_10442,1,ransomware
ransom_10443,1,ransomware
ransom_10444,1,ransomware
ransom_10445,1,ransomware
ransom_10446,1,ransomware
ransom_10447,1,ransomware
ransom_10449,1,ransomware
ransom_1045,1,ransomware
ransom_10450,1,ransomware
ransom_10451,1,ransomware
ransom_10453,1,ransomware
ransom_10454,1,ransomware
ransom_10455,1,ransomware
ransom_10456,1,ransomware
ransom_10457,1,ransomware
ransom_10458,1,ransomware
ransom_10459,1,ransomware
ransom_1046,1,ransomware
ransom_10460,1,ransomware
ransom_10461,1,ransomware
ransom_10462,1,ransomware
ransom_10463,1,ransomware
ransom_10464,1,ransomware
ransom_10465,1,ransomware
ransom_10466,1,ransomware
ransom_10467,1,ransomware
ransom_10468,1,ransomware
ransom_10469,1,ransomware
ransom_1047,1,ransomware
ransom_10471,1,ransomware
ransom_10473,1,ransomware
ransom_10474,1,ransomware
ransom_10475,1,ransomware
ransom_10476,1,ransomware
ransom_10479,1,ransomware
ransom_1048,1,ransomware
ransom_10480,1,ransomware
ransom_10482,1,ransomware
ransom_10484,1,ransomware
ransom_10485,1,ransomware
ransom_10486,1,ransomware
ransom_10487,1,ransomware
ransom_10488,1,ransomware
ransom_1049,1,ransomware
ransom_10490,1,ransomware
ransom_10491,1,ransomware
ransom_10492,1,ransomware
ransom_10493,1,ransomware
ransom_10494,1,ransomware
ransom_10495,1,ransomware
ransom_10496,1,ransomware
ransom_10497,1,ransomware
ransom_10498,1,ransomware
ransom_10500,1,ransomware
ransom_10501,1,ransomware
ransom_10502,1,ransomware
ransom_10503,1,ransomware
ransom_10504,1,ransomware
ransom_10505,1,ransomware
ransom_10507,1,ransomware
ransom_10508,1,ransomware
ransom_10509,1,ransomware
ransom_10510,1,ransomware
ransom_10511,1,ransomware
ransom_10512,1,ransomware
ransom_10513,1,ransomware
ransom_10514,1,ransomware
ransom_10515,1,ransomware
ransom_10516,1,ransomware
ransom_10517,1,ransomware
ransom_10518,1,ransomware
ransom_10519,1,ransomware
ransom_1052,1,ransomware
ransom_10520,1,ransomware
ransom_10521,1,ransomware
ransom_10522,1,ransomware
ransom_10523,1,ransomware
ransom_10524,1,ransomware
ransom_10526,1,ransomware
ransom_10527,1,ransomware
ransom_10528,1,ransomware
ransom_10529,1,ransomware
ransom_1053,1,ransomware
ransom_10530,1,ransomware
ransom_10531,1,ransomware
ransom_10532,1,ransomware
ransom_10533,1,ransomware
ransom_10534,1,ransomware
ransom_10537,1,ransomware
ransom_10539,1,ransomware
ransom_1054,1,ransomware
ransom_10540,1,ransomware
ransom_10541,1,ransomware
ransom_10542,1,ransomware
ransom_10543,1,ransomware
ransom_10544,1,ransomware
ransom_10545,1,ransomware
ransom_10546,1,ransomware
ransom_10547,1,ransomware
ransom_10548,1,ransomware
ransom_10549,1,ransomware
ransom_1055,1,ransomware
ransom_10550,1,ransomware
ransom_10551,1,ransomware
ransom_10553,1,ransomware
ransom_10554,1,ransomware
ransom_10555,1,ransomware
ransom_10556,1,ransomware
ransom_10557,1,ransomware
ransom_10558,1,ransomware
ransom_10559,1,ransomware
ransom_1056,1,ransomware
ransom_10560,1,ransomware
ransom_10561,1,ransomware
ransom_10562,1,ransomware
ransom_10564,1,ransomware
ransom_10565,1,ransomware
ransom_10566,1,ransomware
ransom_10567,1,ransomware
ransom_10568,1,ransomware
ransom_10569,1,ransomware
ransom_1057,1,ransomware
ransom_10572,1,ransomware
ransom_10573,1,ransomware
ransom_10574,1,ransomware
ransom_10575,1,ransomware
ransom_10577,1,ransomware
ransom_1058,1,ransomware
ransom_10581,1,ransomware
ransom_10583,1,ransomware
ransom_10584,1,ransomware
ransom_10585,1,ransomware
ransom_10586,1,ransomware
ransom_10587,1,ransomware
ransom_10589,1,ransomware
ransom_1059,1,ransomware
ransom_10590,1,ransomware
ransom_10591,1,ransomware
ransom_10593,1,ransomware
ransom_10595,1,ransomware
ransom_10596,1,ransomware
ransom_10597,1,ransomware
ransom_10598,1,ransomware
ransom_10599,1,ransomware
ransom_1060,1,ransomware
ransom_10600,1,ransomware
ransom_10601,1,ransomware
ransom_10602,1,ransomware
ransom_10603,1,ransomware
ransom_10604,1,ransomware
ransom_10605,1,ransomware
ransom_10606,1,ransomware
ransom_10609,1,ransomware
ransom_1061,1,ransomware
ransom_10610,1,ransomware
ransom_10611,1,ransomware
ransom_10614,1,ransomware
ransom_10616,1,ransomware
ransom_10617,1,ransomware
ransom_10619,1,ransomware
ransom_1062,1,ransomware
ransom_10621,1,ransomware
ransom_10622,1,ransomware
ransom_10623,1,ransomware
ransom_10624,1,ransomware
ransom_10625,1,ransomware
ransom_10626,1,ransomware
ransom_10628,1,ransomware
ransom_10629,1,ransomware
ransom_1063,1,ransomware
ransom_10630,1,ransomware
ransom_10631,1,ransomware
ransom_10632,1,ransomware
ransom_10634,1,ransomware
ransom_10635,1,ransomware
ransom_10636,1,ransomware
ransom_10637,1,ransomware
ransom_10638,1,ransomware
ransom_10639,1,ransomware
ransom_1064,1,ransomware
ransom_10641,1,ransomware
ransom_10642,1,ransomware
ransom_10643,1,ransomware
ransom_10646,1,ransomware
ransom_10647,1,ransomware
ransom_10649,1,ransomware
ransom_1065,1,ransomware
ransom_10651,1,ransomware
ransom_10652,1,ransomware
ransom_10653,1,ransomware
ransom_10654,1,ransomware
ransom_10655,1,ransomware
ransom_10656,1,ransomware
ransom_10657,1,ransomware
ransom_10658,1,ransomware
ransom_1066,1,ransomware
ransom_10660,1,ransomware
ransom_10662,1,ransomware
ransom_10663,1,ransomware
ransom_10664,1,ransomware
ransom_10665,1,ransomware
ransom_10666,1,ransomware
ransom_10668,1,ransomware
ransom_1067,1,ransomware
ransom_10670,1,ransomware
ransom_10671,1,ransomware
ransom_10672,1,ransomware
ransom_10673,1,ransomware
ransom_10674,1,ransomware
ransom_10676,1,ransomware
ransom_10677,1,ransomware
ransom_10678,1,ransomware
ransom_10679,1,ransomware
ransom_1068,1,ransomware
ransom_10680,1,ransomware
ransom_10684,1,ransomware
ransom_10686,1,ransomware
ransom_10687,1,ransomware
ransom_10688,1,ransomware
ransom_1069,1,ransomware
ransom_10690,1,ransomware
ransom_10691,1,ransomware
ransom_10692,1,ransomware
ransom_10695,1,ransomware
ransom_10696,1,ransomware
ransom_10697,1,ransomware
ransom_10698,1,ransomware
ransom_10699,1,ransomware
ransom_1070,1,ransomware
ransom_10700,1,ransomware
ransom_10701,1,ransomware
ransom_10703,1,ransomware
ransom_10705,1,ransomware
ransom_10706,1,ransomware
ransom_10707,1,ransomware
ransom_10709,1,ransomware
ransom_1071,1,ransomware
ransom_10710,1,ransomware
ransom_10711,1,ransomware
ransom_10712,1,ransomware
ransom_10713,1,ransomware
ransom_10714,1,ransomware
ransom_10715,1,ransomware
ransom_10717,1,ransomware
ransom_10718,1,ransomware
ransom_10719,1,ransomware
ransom_1072,1,ransomware
ransom_10720,1,ransomware
ransom_10721,1,ransomware
ransom_10722,1,ransomware
ransom_10723,1,ransomware
ransom_10724,1,ransomware
ransom_10725,1,ransomware
ransom_10727,1,ransomware
ransom_10729,1,ransomware
ransom_1073,1,ransomware
ransom_10730,1,ransomware
ransom_10732,1,ransomware
ransom_10733,1,ransomware
ransom_10734,1,ransomware
ransom_10735,1,ransomware
ransom_10737,1,ransomware
ransom_10738,1,ransomware
ransom_10739,1,ransomware
ransom_1074,1,ransomware
ransom_10740,1,ransomware
ransom_10742,1,ransomware
ransom_10743,1,ransomware
ransom_10744,1,ransomware
ransom_10746,1,ransomware
ransom_10747,1,ransomware
ransom_10748,1,ransomware
ransom_1075,1,ransomware
ransom_10750,1,ransomware
ransom_10755,1,ransomware
ransom_10756,1,ransomware
ransom_10757,1,ransomware
ransom_10758,1,ransomware
ransom_10759,1,ransomware
ransom_1076,1,ransomware
ransom_10760,1,ransomware
ransom_10761,1,ransomware
ransom_10762,1,ransomware
ransom_10763,1,ransomware
ransom_10764,1,ransomware
ransom_10765,1,ransomware
ransom_10767,1,ransomware
ransom_10768,1,ransomware
ransom_10769,1,ransomware
ransom_10770,1,ransomware
ransom_10771,1,ransomware
ransom_10773,1,ransomware
ransom_10774,1,ransomware
ransom_10775,1,ransomware
ransom_10776,1,ransomware
ransom_10778,1,ransomware
ransom_1078,1,ransomware
ransom_10780,1,ransomware
ransom_10781,1,ransomware
ransom_10782,1,ransomware
ransom_10783,1,ransomware
ransom_10784,1,ransomware
ransom_10786,1,ransomware
ransom_10787,1,ransomware
ransom_10788,1,ransomware
ransom_10789,1,ransomware
ransom_1079,1,ransomware
ransom_10790,1,ransomware
ransom_10791,1,ransomware
ransom_10792,1,ransomware
ransom_10793,1,ransomware
ransom_10794,1,ransomware
ransom_10795,1,ransomware
ransom_10797,1,ransomware
ransom_10798,1,ransomware
ransom_10799,1,ransomware
ransom_1080,1,ransomware
ransom_10800,1,ransomware
ransom_10801,1,ransomware
ransom_10802,1,ransomware
ransom_10803,1,ransomware
ransom_10805,1,ransomware
ransom_10806,1,ransomware
ransom_10808,1,ransomware
ransom_10809,1,ransomware
ransom_1081,1,ransomware
ransom_10810,1,ransomware
ransom_10811,1,ransomware
ransom_10812,1,ransomware
ransom_10813,1,ransomware
ransom_10815,1,ransomware
ransom_10816,1,ransomware
ransom_10818,1,ransomware
ransom_1082,1,ransomware
ransom_10820,1,ransomware
ransom_10821,1,ransomware
ransom_10822,1,ransomware
ransom_10823,1,ransomware
ransom_10824,1,ransomware
ransom_10825,1,ransomware
ransom_10826,1,ransomware
ransom_10827,1,ransomware
ransom_10828,1,ransomware
ransom_10829,1,ransomware
ransom_1083,1,ransomware
ransom_10831,1,ransomware
ransom_10832,1,ransomware
ransom_10833,1,ransomware
ransom_10834,1,ransomware
ransom_10835,1,ransomware
ransom_10836,1,ransomware
ransom_10837,1,ransomware
ransom_10838,1,ransomware
ransom_10839,1,ransomware
ransom_1084,1,ransomware
ransom_10840,1,ransomware
ransom_10842,1,ransomware
ransom_10844,1,ransomware
ransom_10846,1,ransomware
ransom_10847,1,ransomware
ransom_1085,1,ransomware
ransom_10850,1,ransomware
ransom_10852,1,ransomware
ransom_10855,1,ransomware
ransom_10856,1,ransomware
ransom_10857,1,ransomware
ransom_10858,1,ransomware
ransom_10859,1,ransomware
ransom_1086,1,ransomware
ransom_10861,1,ransomware
ransom_10864,1,ransomware
ransom_10865,1,ransomware
ransom_10866,1,ransomware
ransom_10867,1,ransomware
ransom_10868,1,ransomware
ransom_10869,1,ransomware
ransom_1087,1,ransomware
ransom_10870,1,ransomware
ransom_10872,1,ransomware
ransom_10874,1,ransomware
ransom_10875,1,ransomware
ransom_10876,1,ransomware
ransom_10877,1,ransomware
ransom_10878,1,ransomware
ransom_10879,1,ransomware
ransom_10883,1,ransomware
ransom_10884,1,ransomware
ransom_10885,1,ransomware
ransom_10887,1,ransomware
ransom_10888,1,ransomware
ransom_10889,1,ransomware
ransom_1089,1,ransomware
ransom_10890,1,ransomware
ransom_10892,1,ransomware
ransom_10893,1,ransomware
ransom_10894,1,ransomware
ransom_10895,1,ransomware
ransom_10896,1,ransomware
ransom_10897,1,ransomware
ransom_10898,1,ransomware
ransom_10899,1,ransomware
ransom_1090,1,ransomware
ransom_10900,1,ransomware
ransom_10901,1,ransomware
ransom_10902,1,ransomware
ransom_10903,1,ransomware
ransom_10905,1,ransomware
ransom_10906,1,ransomware
ransom_10907,1,ransomware
ransom_1091,1,ransomware
ransom_10910,1,ransomware
ransom_10911,1,ransomware
ransom_10912,1,ransomware
ransom_10913,1,ransomware
ransom_10915,1,ransomware
ransom_10917,1,ransomware
ransom_10918,1,ransomware
ransom_10920,1,ransomware
ransom_10921,1,ransomware
ransom_10923,1,ransomware
ransom_10925,1,ransomware
ransom_10926,1,ransomware
ransom_10927,1,ransomware
ransom_10928,1,ransomware
ransom_10929,1,ransomware
ransom_1093,1,ransomware
ransom_10931,1,ransomware
ransom_10932,1,ransomware
ransom_10933,1,ransomware
ransom_10934,1,ransomware
ransom_10935,1,ransomware
ransom_10936,1,ransomware
ransom_10937,1,ransomware
ransom_10938,1,ransomware
ransom_10939,1,ransomware
ransom_1094,1,ransomware
ransom_10940,1,ransomware
ransom_10941,1,ransomware
ransom_10942,1,ransomware
ransom_10943,1,ransomware
ransom_10944,1,ransomware
ransom_10945,1,ransomware
ransom_10946,1,ransomware
ransom_10947,1,ransomware
ransom_10948,1,ransomware
ransom_10950,1,ransomware
ransom_10951,1,ransomware
ransom_10952,1,ransomware
ransom_10953,1,ransomware
ransom_10954,1,ransomware
ransom_10955,1,ransomware
ransom_10956,1,ransomware
ransom_10957,1,ransomware
ransom_10958,1,ransomware
ransom_10959,1,ransomware
ransom_1096,1,ransomware
ransom_10961,1,ransomware
ransom_10962,1,ransomware
ransom_10963,1,ransomware
ransom_10964,1,ransomware
ransom_10965,1,ransomware
ransom_10966,1,ransomware
ransom_10967,1,ransomware
ransom_10969,1,ransomware
ransom_10970,1,ransomware
ransom_10971,1,ransomware
ransom_10972,1,ransomware
ransom_10975,1,ransomware
ransom_10976,1,ransomware
ransom_10977,1,ransomware
ransom_10978,1,ransomware
ransom_10979,1,ransomware
ransom_1098,1,ransomware
ransom_10980,1,ransomware
ransom_10981,1,ransomware
ransom_10982,1,ransomware
ransom_10983,1,ransomware
ransom_10984,1,ransomware
ransom_10985,1,ransomware
ransom_10986,1,ransomware
ransom_10987,1,ransomware
ransom_10988,1,ransomware
ransom_10989,1,ransomware
ransom_1099,1,ransomware
ransom_10990,1,ransomware
ransom_10992,1,ransomware
ransom_10994,1,ransomware
ransom_10995,1,ransomware
ransom_10996,1,ransomware
ransom_10999,1,ransomware
ransom_1100,1,ransomware
ransom_11001,1,ransomware
ransom_11002,1,ransomware
ransom_11003,1,ransomware
ransom_11004,1,ransomware
ransom_11006,1,ransomware
ransom_11007,1,ransomware
ransom_11008,1,ransomware
ransom_11009,1,ransomware
ransom_1101,1,ransomware
ransom_11010,1,ransomware
ransom_11011,1,ransomware
ransom_11013,1,ransomware
ransom_11014,1,ransomware
ransom_11015,1,ransomware
ransom_11016,1,ransomware
ransom_11017,1,ransomware
ransom_11018,1,ransomware
ransom_1102,1,ransomware
ransom_11020,1,ransomware
ransom_11021,1,ransomware
ransom_11022,1,ransomware
ransom_11024,1,ransomware
ransom_11025,1,ransomware
ransom_11026,1,ransomware
ransom_11027,1,ransomware
ransom_11029,1,ransomware
ransom_1103,1,ransomware
ransom_11030,1,ransomware
ransom_11031,1,ransomware
ransom_11032,1,ransomware
ransom_11033,1,ransomware
ransom_11035,1,ransomware
ransom_11037,1,ransomware
ransom_11038,1,ransomware
ransom_11039,1,ransomware
ransom_1104,1,ransomware
ransom_11040,1,ransomware
ransom_11041,1,ransomware
ransom_11042,1,ransomware
ransom_11043,1,ransomware
ransom_11044,1,ransomware
ransom_11045,1,ransomware
ransom_11046,1,ransomware
ransom_11048,1,ransomware
ransom_11049,1,ransomware
ransom_1105,1,ransomware
ransom_11050,1,ransomware
ransom_11051,1,ransomware
ransom_11052,1,ransomware
ransom_11058,1,ransomware
ransom_11059,1,ransomware
ransom_1106,1,ransomware
ransom_11060,1,ransomware
ransom_11061,1,ransomware
ransom_11062,1,ransomware
ransom_11064,1,ransomware
ransom_11067,1,ransomware
ransom_11068,1,ransomware
ransom_11069,1,ransomware
ransom_11070,1,ransomware
ransom_11071,1,ransomware
ransom_11073,1,ransomware
ransom_11074,1,ransomware
ransom_11075,1,ransomware
ransom_11076,1,ransomware
ransom_11077,1,ransomware
ransom_11078,1,ransomware
ransom_11079,1,ransomware
ransom_1108,1,ransomware
ransom_11080,1,ransomware
ransom_11081,1,ransomware
ransom_11083,1,ransomware
ransom_11084,1,ransomware
ransom_11085,1,ransomware
ransom_11086,1,ransomware
ransom_11087,1,ransomware
ransom_11089,1,ransomware
ransom_1109,1,ransomware
ransom_11090,1,ransomware
ransom_11091,1,ransomware
ransom_11092,1,ransomware
ransom_11093,1,ransomware
ransom_11096,1,ransomware
ransom_11097,1,ransomware
ransom_11099,1,ransomware
ransom_1110,1,ransomware
ransom_11100,1,ransomware
ransom_11101,1,ransomware
ransom_11102,1,ransomware
ransom_11103,1,ransomware
ransom_11104,1,ransomware
ransom_11105,1,ransomware
ransom_11106,1,ransomware
ransom_11108,1,ransomware
ransom_11109,1,ransomware
ransom_1111,1,ransomware
ransom_11110,1,ransomware
ransom_11112,1,ransomware
ransom_11114,1,ransomware
ransom_11115,1,ransomware
ransom_11116,1,ransomware
ransom_11117,1,ransomware
ransom_11118,1,ransomware
ransom_11119,1,ransomware
ransom_1112,1,ransomware
ransom_11120,1,ransomware
ransom_11121,1,ransomware
ransom_11122,1,ransomware
ransom_11124,1,ransomware
ransom_11125,1,ransomware
ransom_11126,1,ransomware
ransom_11127,1,ransomware
ransom_11128,1,ransomware
ransom_11129,1,ransomware
ransom_11130,1,ransomware
ransom_11131,1,ransomware
ransom_11132,1,ransomware
ransom_11133,1,ransomware
ransom_11135,1,ransomware
ransom_11136,1,ransomware
ransom_11137,1,ransomware
ransom_11138,1,ransomware
ransom_11139,1,ransomware
ransom_1114,1,ransomware
ransom_11140,1,ransomware
ransom_11142,1,ransomware
ransom_11144,1,ransomware
ransom_11145,1,ransomware
ransom_11146,1,ransomware
ransom_11148,1,ransomware
ransom_11149,1,ransomware
ransom_1115,1,ransomware
ransom_11150,1,ransomware
ransom_11151,1,ransomware
ransom_11152,1,ransomware
ransom_11153,1,ransomware
ransom_11154,1,ransomware
ransom_11155,1,ransomware
ransom_11156,1,ransomware
ransom_11157,1,ransomware
ransom_11158,1,ransomware
ransom_1116,1,ransomware
ransom_11160,1,ransomware
ransom_11161,1,ransomware
ransom_11164,1,ransomware
ransom_11165,1,ransomware
ransom_11167,1,ransomware
ransom_11168,1,ransomware
ransom_1117,1,ransomware
ransom_11170,1,ransomware
ransom_11171,1,ransomware
ransom_11173,1,ransomware
ransom_11174,1,ransomware
ransom_11175,1,ransomware
ransom_11177,1,ransomware
ransom_11179,1,ransomware
ransom_11180,1,ransomware
ransom_11181,1,ransomware
ransom_11182,1,ransomware
ransom_11183,1,ransomware
ransom_11184,1,ransomware
ransom_11185,1,ransomware
ransom_11186,1,ransomware
ransom_11187,1,ransomware
ransom_11188,1,ransomware
ransom_1119,1,ransomware
ransom_11191,1,ransomware
ransom_11192,1,ransomware
ransom_11193,1,ransomware
ransom_11194,1,ransomware
ransom_11195,1,ransomware
ransom_11196,1,ransomware
ransom_11197,1,ransomware
ransom_11198,1,ransomware
ransom_11199,1,ransomware
ransom_1120,1,ransomware
ransom_11200,1,ransomware
ransom_11201,1,ransomware
ransom_11202,1,ransomware
ransom_11203,1,ransomware
ransom_11205,1,ransomware
ransom_11207,1,ransomware
ransom_11208,1,ransomware
ransom_11209,1,ransomware
ransom_1121,1,ransomware
ransom_11210,1,ransomware
ransom_11211,1,ransomware
ransom_11212,1,ransomware
ransom_11213,1,ransomware
ransom_11214,1,ransomware
ransom_11216,1,ransomware
ransom_11217,1,ransomware
ransom_11218,1,ransomware
ransom_11219,1,ransomware
ransom_1122,1,ransomware
ransom_11220,1,ransomware
ransom_11221,1,ransomware
ransom_11222,1,ransomware
ransom_11223,1,ransomware
ransom_11224,1,ransomware
ransom_11225,1,ransomware
ransom_11226,1,ransomware
ransom_11228,1,ransomware
ransom_11229,1,ransomware
ransom_11231,1,ransomware
ransom_11234,1,ransomware
ransom_11235,1,ransomware
ransom_11237,1,ransomware
ransom_11239,1,ransomware
ransom_1124,1,ransomware
ransom_11240,1,ransomware
ransom_11242,1,ransomware
ransom_11243,1,ransomware
ransom_11246,1,ransomware
ransom_11247,1,ransomware
ransom_11248,1,ransomware
ransom_11249,1,ransomware
ransom_1125,1,ransomware
ransom_11250,1,ransomware
ransom_11252,1,ransomware
ransom_11253,1,ransomware
ransom_11254,1,ransomware
ransom_11255,1,ransomware
ransom_11256,1,ransomware
ransom_11260,1,ransomware
ransom_11261,1,ransomware
ransom_11262,1,ransomware
ransom_11263,1,ransomware
ransom_11264,1,ransomware
ransom_11265,1,ransomware
ransom_11266,1,ransomware
ransom_11267,1,ransomware
ransom_11269,1,ransomware
ransom_11270,1,ransomware
ransom_11271,1,ransomware
ransom_11272,1,ransomware
ransom_11273,1,ransomware
ransom_11274,1,ransomware
ransom_11275,1,ransomware
ransom_11277,1,ransomware
ransom_11278,1,ransomware
ransom_11279,1,ransomware
ransom_1128,1,ransomware
ransom_11282,1,ransomware
ransom_11283,1,ransomware
ransom_11284,1,ransomware
ransom_11285,1,ransomware
ransom_11286,1,ransomware
ransom_11287,1,ransomware
ransom_11289,1,ransomware
ransom_1129,1,ransomware
ransom_11290,1,ransomware
ransom_11291,1,ransomware
ransom_11292,1,ransomware
ransom_11293,1,ransomware
ransom_11294,1,ransomware
ransom_11295,1,ransomware
ransom_11296,1,ransomware
ransom_11298,1,ransomware
ransom_1130,1,ransomware
ransom_11301,1,ransomware
ransom_11302,1,ransomware
ransom_11304,1,ransomware
ransom_11305,1,ransomware
ransom_11306,1,ransomware
ransom_11308,1,ransomware
ransom_11309,1,ransomware
ransom_1131,1,ransomware
ransom_11310,1,ransomware
ransom_11311,1,ransomware
ransom_11312,1,ransomware
ransom_11313,1,ransomware
ransom_11314,1,ransomware
ransom_11315,1,ransomware
ransom_11316,1,ransomware
ransom_11317,1,ransomware
ransom_11318,1,ransomware
ransom_11319,1,ransomware
ransom_11320,1,ransomware
ransom_11321,1,ransomware
ransom_11323,1,ransomware
ransom_11324,1,ransomware
ransom_11325,1,ransomware
ransom_11326,1,ransomware
ransom_11327,1,ransomware
ransom_1133,1,ransomware
ransom_11330,1,ransomware
ransom_11331,1,ransomware
ransom_11332,1,ransomware
ransom_11334,1,ransomware
ransom_11337,1,ransomware
ransom_11338,1,ransomware
ransom_1134,1,ransomware
ransom_11340,1,ransomware
ransom_11342,1,ransomware
ransom_11343,1,ransomware
ransom_11344,1,ransomware
ransom_11346,1,ransomware
ransom_11347,1,ransomware
ransom_11348,1,ransomware
ransom_11349,1,ransomware
ransom_1135,1,ransomware
ransom_11350,1,ransomware
ransom_11351,1,ransomware
ransom_11352,1,ransomware
ransom_11353,1,ransomware
ransom_11354,1,ransomware
ransom_11356,1,ransomware
ransom_11357,1,ransomware
ransom_1136,1,ransomware
ransom_11362,1,ransomware
ransom_11363,1,ransomware
ransom_11364,1,ransomware
ransom_11365,1,ransomware
ransom_11366,1,ransomware
ransom_11367,1,ransomware
ransom_11369,1,ransomware
ransom_1137,1,ransomware
ransom_11370,1,ransomware
ransom_11371,1,ransomware
ransom_11372,1,ransomware
ransom_11373,1,ransomware
ransom_11374,1,ransomware
ransom_11375,1,ransomware
ransom_11376,1,ransomware
ransom_11377,1,ransomware
ransom_11378,1,ransomware
ransom_11379,1,ransomware
ransom_1138,1,ransomware
ransom_11380,1,ransomware
ransom_11381,1,ransomware
ransom_11383,1,ransomware
ransom_11384,1,ransomware
ransom_11385,1,ransomware
ransom_11387,1,ransomware
ransom_11388,1,ransomware
ransom_11389,1,ransomware
ransom_1139,1,ransomware
ransom_11392,1,ransomware
ransom_11393,1,ransomware
ransom_11394,1,ransomware
ransom_11395,1,ransomware
ransom_11396,1,ransomware
ransom_11397,1,ransomware
ransom_11398,1,ransomware
ransom_11399,1,ransomware
ransom_11400,1,ransomware
ransom_11401,1,ransomware
ransom_11402,1,ransomware
ransom_11403,1,ransomware
ransom_11404,1,ransomware
ransom_11405,1,ransomware
ransom_11406,1,ransomware
ransom_11408,1,ransomware
ransom_11409,1,ransomware
ransom_1141,1,ransomware
ransom_11411,1,ransomware
ransom_11412,1,ransomware
ransom_11413,1,ransomware
ransom_11415,1,ransomware
ransom_11416,1,ransomware
ransom_11417,1,ransomware
ransom_11418,1,ransomware
ransom_11419,1,ransomware
ransom_1142,1,ransomware
ransom_11420,1,ransomware
ransom_11422,1,ransomware
ransom_11423,1,ransomware
ransom_11426,1,ransomware
ransom_11427,1,ransomware
ransom_11428,1,ransomware
ransom_11429,1,ransomware
ransom_1143,1,ransomware
ransom_11430,1,ransomware
ransom_11431,1,ransomware
ransom_11432,1,ransomware
ransom_11433,1,ransomware
ransom_11434,1,ransomware
ransom_11435,1,ransomware
ransom_11436,1,ransomware
ransom_11437,1,ransomware
ransom_11438,1,ransomware
ransom_11439,1,ransomware
ransom_1144,1,ransomware
ransom_11440,1,ransomware
ransom_11441,1,ransomware
ransom_11442,1,ransomware
ransom_11444,1,ransomware
ransom_11445,1,ransomware
ransom_11446,1,ransomware
ransom_11448,1,ransomware
ransom_11449,1,ransomware
ransom_1145,1,ransomware
ransom_11450,1,ransomware
ransom_11451,1,ransomware
ransom_11453,1,ransomware
ransom_11454,1,ransomware
ransom_11455,1,ransomware
ransom_11456,1,ransomware
ransom_11457,1,ransomware
ransom_11458,1,ransomware
ransom_1146,1,ransomware
ransom_11461,1,ransomware
ransom_11462,1,ransomware
ransom_11463,1,ransomware
ransom_11465,1,ransomware
ransom_11466,1,ransomware
ransom_11467,1,ransomware
ransom_11468,1,ransomware
ransom_11469,1,ransomware
ransom_1147,1,ransomware
ransom_11470,1,ransomware
ransom_11471,1,ransomware
ransom_11472,1,ransomware
ransom_11473,1,ransomware
ransom_11474,1,ransomware
ransom_11475,1,ransomware
ransom_11476,1,ransomware
ransom_11478,1,ransomware
ransom_11479,1,ransomware
ransom_1148,1,ransomware
ransom_11480,1,ransomware
ransom_11481,1,ransomware
ransom_11482,1,ransomware
ransom_11483,1,ransomware
ransom_11484,1,ransomware
ransom_11485,1,ransomware
ransom_11487,1,ransomware
ransom_11488,1,ransomware
ransom_11489,1,ransomware
ransom_1149,1,ransomware
ransom_11490,1,ransomware
ransom_11491,1,ransomware
ransom_11492,1,ransomware
ransom_11493,1,ransomware
ransom_11495,1,ransomware
ransom_11497,1,ransomware
ransom_11498,1,ransomware
ransom_11499,1,ransomware
ransom_11500,1,ransomware
ransom_11501,1,ransomware
ransom_11502,1,ransomware
ransom_11503,1,ransomware
ransom_11504,1,ransomware
ransom_11505,1,ransomware
ransom_11506,1,ransomware
ransom_11507,1,ransomware
ransom_11511,1,ransomware
ransom_11512,1,ransomware
ransom_11513,1,ransomware
ransom_11515,1,ransomware
ransom_11516,1,ransomware
ransom_11517,1,ransomware
ransom_11518,1,ransomware
ransom_11519,1,ransomware
ransom_1152,1,ransomware
ransom_11521,1,ransomware
ransom_11522,1,ransomware
ransom_11523,1,ransomware
ransom_11524,1,ransomware
ransom_11525,1,ransomware
ransom_11526,1,ransomware
ransom_11527,1,ransomware
ransom_11528,1,ransomware
ransom_11529,1,ransomware
ransom_1153,1,ransomware
ransom_11530,1,ransomware
ransom_11531,1,ransomware
ransom_11532,1,ransomware
ransom_11533,1,ransomware
ransom_11534,1,ransomware
ransom_11535,1,ransomware
ransom_11536,1,ransomware
ransom_11537,1,ransomware
ransom_11538,1,ransomware
ransom_11539,1,ransomware
ransom_1154,1,ransomware
ransom_11540,1,ransomware
ransom_11541,1,ransomware
ransom_11542,1,ransomware
ransom_11543,1,ransomware
ransom_11544,1,ransomware
ransom_11545,1,ransomware
ransom_11546,1,ransomware
ransom_11547,1,ransomware
ransom_11549,1,ransomware
ransom_1155,1,ransomware
ransom_11550,1,ransomware
ransom_11551,1,ransomware
ransom_11552,1,ransomware
ransom_11553,1,ransomware
ransom_11554,1,ransomware
ransom_11555,1,ransomware
ransom_11557,1,ransomware
ransom_11558,1,ransomware
ransom_11559,1,ransomware
ransom_1156,1,ransomware
ransom_11560,1,ransomware
ransom_11561,1,ransomware
ransom_11562,1,ransomware
ransom_11565,1,ransomware
ransom_11566,1,ransomware
ransom_11568,1,ransomware
ransom_11569,1,ransomware
ransom_1157,1,ransomware
ransom_11570,1,ransomware
ransom_11571,1,ransomware
ransom_11572,1,ransomware
ransom_11573,1,ransomware
ransom_11574,1,ransomware
ransom_11575,1,ransomware
ransom_11576,1,ransomware
ransom_11578,1,ransomware
ransom_11579,1,ransomware
ransom_1158,1,ransomware
ransom_11580,1,ransomware
ransom_11581,1,ransomware
ransom_11583,1,ransomware
ransom_11584,1,ransomware
ransom_11586,1,ransomware
ransom_11588,1,ransomware
ransom_11589,1,ransomware
ransom_1159,1,ransomware
ransom_11591,1,ransomware
ransom_11592,1,ransomware
ransom_11594,1,ransomware
ransom_11595,1,ransomware
ransom_11596,1,ransomware
ransom_11597,1,ransomware
ransom_11599,1,ransomware
ransom_1160,1,ransomware
ransom_11600,1,ransomware
ransom_11601,1,ransomware
ransom_11602,1,ransomware
ransom_11603,1,ransomware
ransom_11604,1,ransomware
ransom_11606,1,ransomware
ransom_11608,1,ransomware
ransom_11609,1,ransomware
ransom_1161,1,ransomware
ransom_11610,1,ransomware
ransom_11612,1,ransomware
ransom_11613,1,ransomware
ransom_11614,1,ransomware
ransom_11615,1,ransomware
ransom_11616,1,ransomware
ransom_11617,1,ransomware
ransom_11618,1,ransomware
ransom_1162,1,ransomware
ransom_11620,1,ransomware
ransom_11622,1,ransomware
ransom_11624,1,ransomware
ransom_11626,1,ransomware
ransom_11627,1,ransomware
ransom_11628,1,ransomware
ransom_11629,1,ransomware
ransom_11630,1,ransomware
ransom_11631,1,ransomware
ransom_11632,1,ransomware
ransom_11633,1,ransomware
ransom_11634,1,ransomware
ransom_11635,1,ransomware
ransom_11636,1,ransomware
ransom_11638,1,ransomware
ransom_11639,1,ransomware
ransom_11640,1,ransomware
ransom_11641,1,ransomware
ransom_11642,1,ransomware
ransom_11643,1,ransomware
ransom_11645,1,ransomware
ransom_11647,1,ransomware
ransom_11648,1,ransomware
ransom_11649,1,ransomware
ransom_1165,1,ransomware
ransom_11650,1,ransomware
ransom_11651,1,ransomware
ransom_11653,1,ransomware
ransom_11655,1,ransomware
ransom_11656,1,ransomware
ransom_11658,1,ransomware
ransom_11659,1,ransomware
ransom_1166,1,ransomware
ransom_11660,1,ransomware
ransom_11661,1,ransomware
ransom_11663,1,ransomware
ransom_11664,1,ransomware
ransom_11665,1,ransomware
ransom_11666,1,ransomware
ransom_11667,1,ransomware
ransom_11669,1,ransomware
ransom_1167,1,ransomware
ransom_11670,1,ransomware
ransom_11671,1,ransomware
ransom_11673,1,ransomware
ransom_11675,1,ransomware
ransom_11676,1,ransomware
ransom_11678,1,ransomware
ransom_11679,1,ransomware
ransom_1168,1,ransomware
ransom_11680,1,ransomware
ransom_11681,1,ransomware
ransom_11682,1,ransomware
ransom_11683,1,ransomware
ransom_11685,1,ransomware
ransom_11686,1,ransomware
ransom_11687,1,ransomware
ransom_11688,1,ransomware
ransom_11689,1,ransomware
ransom_1169,1,ransomware
ransom_11690,1,ransomware
ransom_11691,1,ransomware
ransom_11692,1,ransomware
ransom_11693,1,ransomware
ransom_11695,1,ransomware
ransom_11696,1,ransomware
ransom_11698,1,ransomware
ransom_11699,1,ransomware
ransom_1170,1,ransomware
ransom_11700,1,ransomware
ransom_11702,1,ransomware
ransom_11703,1,ransomware
ransom_11704,1,ransomware
ransom_11706,1,ransomware
ransom_11707,1,ransomware
ransom_11708,1,ransomware
ransom_11709,1,ransomware
ransom_1171,1,ransomware
ransom_11710,1,ransomware
ransom_11711,1,ransomware
ransom_11712,1,ransomware
ransom_11713,1,ransomware
ransom_11714,1,ransomware
ransom_11715,1,ransomware
ransom_11716,1,ransomware
ransom_11717,1,ransomware
ransom_11718,1,ransomware
ransom_11719,1,ransomware
ransom_1172,1,ransomware
ransom_11720,1,ransomware
ransom_11721,1,ransomware
ransom_11722,1,ransomware
ransom_11725,1,ransomware
ransom_11726,1,ransomware
ransom_11727,1,ransomware
ransom_11728,1,ransomware
ransom_11729,1,ransomware
ransom_1173,1,ransomware
ransom_11730,1,ransomware
ransom_11731,1,ransomware
ransom_11732,1,ransomware
ransom_11733,1,ransomware
ransom_11734,1,ransomware
ransom_11735,1,ransomware
ransom_11736,1,ransomware
ransom_11737,1,ransomware
ransom_11738,1,ransomware
ransom_11739,1,ransomware
ransom_1174,1,ransomware
ransom_11740,1,ransomware
ransom_11741,1,ransomware
ransom_11742,1,ransomware
ransom_11743,1,ransomware
ransom_11744,1,ransomware
ransom_11745,1,ransomware
ransom_11747,1,ransomware
ransom_11748,1,ransomware
ransom_11749,1,ransomware
ransom_1175,1,ransomware
ransom_11750,1,ransomware
ransom_11751,1,ransomware
ransom_11752,1,ransomware
ransom_11753,1,ransomware
ransom_11754,1,ransomware
ransom_11755,1,ransomware
ransom_11756,1,ransomware
ransom_11757,1,ransomware
ransom_11758,1,ransomware
ransom_11759,1,ransomware
ransom_1176,1,ransomware
ransom_11760,1,ransomware
ransom_11761,1,ransomware
ransom_11762,1,ransomware
ransom_11763,1,ransomware
ransom_11764,1,ransomware
ransom_11765,1,ransomware
ransom_11766,1,ransomware
ransom_11767,1,ransomware
ransom_11768,1,ransomware
ransom_11769,1,ransomware
ransom_11770,1,ransomware
ransom_11771,1,ransomware
ransom_11772,1,ransomware
ransom_11773,1,ransomware
ransom_11775,1,ransomware
ransom_11777,1,ransomware
ransom_11778,1,ransomware
ransom_11779,1,ransomware
ransom_1178,1,ransomware
ransom_11781,1,ransomware
ransom_11782,1,ransomware
ransom_11783,1,ransomware
ransom_11784,1,ransomware
ransom_11785,1,ransomware
ransom_11787,1,ransomware
ransom_11788,1,ransomware
ransom_11789,1,ransomware
ransom_1179,1,ransomware
ransom_11790,1,ransomware
ransom_11791,1,ransomware
ransom_11792,1,ransomware
ransom_11793,1,ransomware
ransom_11794,1,ransomware
ransom_11795,1,ransomware
ransom_11796,1,ransomware
ransom_11797,1,ransomware
ransom_11798,1,ransomware
ransom_11800,1,ransomware
ransom_11801,1,ransomware
ransom_11802,1,ransomware
ransom_11803,1,ransomware
ransom_11804,1,ransomware
ransom_11805,1,ransomware
ransom_11806,1,ransomware
ransom_11807,1,ransomware
ransom_11808,1,ransomware
ransom_11810,1,ransomware
ransom_11811,1,ransomware
ransom_11812,1,ransomware
ransom_11813,1,ransomware
ransom_11814,1,ransomware
ransom_11815,1,ransomware
ransom_11816,1,ransomware
ransom_11817,1,ransomware
ransom_11818,1,ransomware
ransom_11819,1,ransomware
ransom_1182,1,ransomware
ransom_11820,1,ransomware
ransom_11821,1,ransomware
ransom_11822,1,ransomware
ransom_11823,1,ransomware
ransom_11824,1,ransomware
ransom_11825,1,ransomware
ransom_11828,1,ransomware
ransom_11829,1,ransomware
ransom_1183,1,ransomware
ransom_11830,1,ransomware
ransom_11831,1,ransomware
ransom_11832,1,ransomware
ransom_11833,1,ransomware
ransom_11834,1,ransomware
ransom_11835,1,ransomware
ransom_11836,1,ransomware
ransom_11838,1,ransomware
ransom_11839,1,ransomware
ransom_1184,1,ransomware
ransom_11840,1,ransomware
ransom_11841,1,ransomware
ransom_11842,1,ransomware
ransom_11843,1,ransomware
ransom_11844,1,ransomware
ransom_11845,1,ransomware
ransom_11846,1,ransomware
ransom_11847,1,ransomware
ransom_11848,1,ransomware
ransom_11849,1,ransomware
ransom_1185,1,ransomware
ransom_11850,1,ransomware
ransom_11852,1,ransomware
ransom_11853,1,ransomware
ransom_11854,1,ransomware
ransom_11857,1,ransomware
ransom_11858,1,ransomware
ransom_11859,1,ransomware
ransom_1186,1,ransomware
ransom_11860,1,ransomware
ransom_11861,1,ransomware
ransom_11862,1,ransomware
ransom_11863,1,ransomware
ransom_11864,1,ransomware
ransom_11865,1,ransomware
ransom_11867,1,ransomware
ransom_11868,1,ransomware
ransom_11869,1,ransomware
ransom_11870,1,ransomware
ransom_11871,1,ransomware
ransom_11872,1,ransomware
ransom_11873,1,ransomware
ransom_11874,1,ransomware
ransom_11876,1,ransomware
ransom_11877,1,ransomware
ransom_11878,1,ransomware
ransom_11879,1,ransomware
ransom_1188,1,ransomware
ransom_11880,1,ransomware
ransom_11881,1,ransomware
ransom_11882,1,ransomware
ransom_11883,1,ransomware
ransom_11885,1,ransomware
ransom_11886,1,ransomware
ransom_11888,1,ransomware
ransom_11889,1,ransomware
ransom_1189,1,ransomware
ransom_11890,1,ransomware
ransom_11891,1,ransomware
ransom_11893,1,ransomware
ransom_11895,1,ransomware
ransom_11896,1,ransomware
ransom_11897,1,ransomware
ransom_11898,1,ransomware
ransom_11899,1,ransomware
ransom_1190,1,ransomware
ransom_11900,1,ransomware
ransom_11901,1,ransomware
ransom_11902,1,ransomware
ransom_11904,1,ransomware
ransom_11905,1,ransomware
ransom_11906,1,ransomware
ransom_11908,1,ransomware
ransom_11909,1,ransomware
ransom_1191,1,ransomware
ransom_11910,1,ransomware
ransom_11911,1,ransomware
ransom_11912,1,ransomware
ransom_11913,1,ransomware
ransom_11914,1,ransomware
ransom_11915,1,ransomware
ransom_11916,1,ransomware
ransom_11917,1,ransomware
ransom_11919,1,ransomware
ransom_1192,1,ransomware
ransom_11921,1,ransomware
ransom_11922,1,ransomware
ransom_11923,1,ransomware
ransom_11924,1,ransomware
ransom_11926,1,ransomware
ransom_11928,1,ransomware
ransom_11929,1,ransomware
ransom_1193,1,ransomware
ransom_11930,1,ransomware
ransom_11932,1,ransomware
ransom_11933,1,ransomware
ransom_11934,1,ransomware
ransom_11935,1,ransomware
ransom_11936,1,ransomware
ransom_11937,1,ransomware
ransom_11938,1,ransomware
ransom_11939,1,ransomware
ransom_1194,1,ransomware
ransom_11941,1,ransomware
ransom_11942,1,ransomware
ransom_11945,1,ransomware
ransom_11946,1,ransomware
ransom_11947,1,ransomware
ransom_11948,1,ransomware
ransom_11949,1,ransomware
ransom_11950,1,ransomware
ransom_11951,1,ransomware
ransom_11952,1,ransomware
ransom_11953,1,ransomware
ransom_11954,1,ransomware
ransom_11955,1,ransomware
ransom_11956,1,ransomware
ransom_11957,1,ransomware
ransom_11958,1,ransomware
ransom_11959,1,ransomware
ransom_11961,1,ransomware
ransom_11962,1,ransomware
ransom_11963,1,ransomware
ransom_11964,1,ransomware
ransom_11965,1,ransomware
ransom_11967,1,ransomware
ransom_11968,1,ransomware
ransom_11969,1,ransomware
ransom_1197,1,ransomware
ransom_11971,1,ransomware
ransom_11972,1,ransomware
ransom_11974,1,ransomware
ransom_11975,1,ransomware
ransom_11979,1,ransomware
ransom_1198,1,ransomware
ransom_11983,1,ransomware
ransom_11984,1,ransomware
ransom_11985,1,ransomware
ransom_11986,1,ransomware
ransom_11987,1,ransomware
ransom_11988,1,ransomware
ransom_11989,1,ransomware
ransom_1199,1,ransomware
ransom_11990,1,ransomware
ransom_11991,1,ransomware
ransom_11994,1,ransomware
ransom_11995,1,ransomware
ransom_11996,1,ransomware
ransom_11997,1,ransomware
ransom_11998,1,ransomware
ransom_1200,1,ransomware
ransom_12001,1,ransomware
ransom_12002,1,ransomware
ransom_12003,1,ransomware
ransom_12004,1,ransomware
ransom_12005,1,ransomware
ransom_12006,1,ransomware
ransom_12007,1,ransomware
ransom_12008,1,ransomware
ransom_12009,1,ransomware
ransom_1201,1,ransomware
ransom_12012,1,ransomware
ransom_12013,1,ransomware
ransom_12014,1,ransomware
ransom_12016,1,ransomware
ransom_12017,1,ransomware
ransom_12018,1,ransomware
ransom_1202,1,ransomware
ransom_12020,1,ransomware
ransom_12021,1,ransomware
ransom_12024,1,ransomware
ransom_12026,1,ransomware
ransom_12027,1,ransomware
ransom_12029,1,ransomware
ransom_1203,1,ransomware
ransom_12030,1,ransomware
ransom_12031,1,ransomware
ransom_12032,1,ransomware
ransom_12035,1,ransomware
ransom_12038,1,ransomware
ransom_12039,1,ransomware
ransom_12040,1,ransomware
ransom_12041,1,ransomware
ransom_12042,1,ransomware
ransom_12043,1,ransomware
ransom_12044,1,ransomware
ransom_12046,1,ransomware
ransom_12047,1,ransomware
ransom_1205,1,ransomware
ransom_12050,1,ransomware
ransom_12051,1,ransomware
ransom_12052,1,ransomware
ransom_12053,1,ransomware
ransom_12055,1,ransomware
ransom_12056,1,ransomware
ransom_12057,1,ransomware
ransom_12058,1,ransomware
ransom_12059,1,ransomware
ransom_1206,1,ransomware
ransom_12060,1,ransomware
ransom_12062,1,ransomware
ransom_12063,1,ransomware
ransom_12064,1,ransomware
ransom_12066,1,ransomware
ransom_12068,1,ransomware
ransom_12069,1,ransomware
ransom_12070,1,ransomware
ransom_12071,1,ransomware
ransom_12072,1,ransomware
ransom_12073,1,ransomware
ransom_12074,1,ransomware
ransom_12075,1,ransomware
ransom_12076,1,ransomware
ransom_12077,1,ransomware
ransom_12078,1,ransomware
ransom_12079,1,ransomware
ransom_1208,1,ransomware
ransom_12080,1,ransomware
ransom_12081,1,ransomware
ransom_12082,1,ransomware
ransom_12085,1,ransomware
ransom_12086,1,ransomware
ransom_12087,1,ransomware
ransom_12088,1,ransomware
ransom_12089,1,ransomware
ransom_1209,1,ransomware
ransom_12090,1,ransomware
ransom_12092,1,ransomware
ransom_12094,1,ransomware
ransom_12095,1,ransomware
ransom_12096,1,ransomware
ransom_12097,1,ransomware
ransom_12098,1,ransomware
ransom_12099,1,ransomware
ransom_1210,1,ransomware
ransom_12100,1,ransomware
ransom_12102,1,ransomware
ransom_12104,1,ransomware
ransom_12105,1,ransomware
ransom_12106,1,ransomware
ransom_12107,1,ransomware
ransom_12109,1,ransomware
ransom_1211,1,ransomware
ransom_12111,1,ransomware
ransom_12112,1,ransomware
ransom_12113,1,ransomware
ransom_12114,1,ransomware
ransom_12116,1,ransomware
ransom_12117,1,ransomware
ransom_12118,1,ransomware
ransom_12119,1,ransomware
ransom_12120,1,ransomware
ransom_12121,1,ransomware
ransom_12122,1,ransomware
ransom_12123,1,ransomware
ransom_12124,1,ransomware
ransom_12125,1,ransomware
ransom_12126,1,ransomware
ransom_12127,1,ransomware
ransom_12128,1,ransomware
ransom_12129,1,ransomware
ransom_12130,1,ransomware
ransom_12131,1,ransomware
ransom_12132,1,ransomware
ransom_12133,1,ransomware
ransom_12134,1,ransomware
ransom_12136,1,ransomware
ransom_12137,1,ransomware
ransom_12138,1,ransomware
ransom_12139,1,ransomware
ransom_1214,1,ransomware
ransom_12140,1,ransomware
ransom_12141,1,ransomware
ransom_12143,1,ransomware
ransom_12144,1,ransomware
ransom_12145,1,ransomware
ransom_12146,1,ransomware
ransom_12148,1,ransomware
ransom_1215,1,ransomware
ransom_12150,1,ransomware
ransom_12151,1,ransomware
ransom_12152,1,ransomware
ransom_12153,1,ransomware
ransom_12154,1,ransomware
ransom_12155,1,ransomware
ransom_12156,1,ransomware
ransom_12157,1,ransomware
ransom_12158,1,ransomware
ransom_1216,1,ransomware
ransom_12160,1,ransomware
ransom_12161,1,ransomware
ransom_12162,1,ransomware
ransom_12163,1,ransomware
ransom_12165,1,ransomware
ransom_12166,1,ransomware
ransom_12167,1,ransomware
ransom_12169,1,ransomware
ransom_1217,1,ransomware
ransom_12170,1,ransomware
ransom_12171,1,ransomware
ransom_12174,1,ransomware
ransom_12175,1,ransomware
ransom_12176,1,ransomware
ransom_12177,1,ransomware
ransom_12178,1,ransomware
ransom_12179,1,ransomware
ransom_1218,1,ransomware
ransom_12180,1,ransomware
ransom_12181,1,ransomware
ransom_12182,1,ransomware
ransom_12183,1,ransomware
ransom_12184,1,ransomware
ransom_12185,1,ransomware
ransom_12186,1,ransomware
ransom_12187,1,ransomware
ransom_12188,1,ransomware
ransom_12189,1,ransomware
ransom_1219,1,ransomware
ransom_12190,1,ransomware
ransom_12191,1,ransomware
ransom_12192,1,ransomware
ransom_12193,1,ransomware
ransom_12194,1,ransomware
ransom_12195,1,ransomware
ransom_12197,1,ransomware
ransom_12198,1,ransomware
ransom_12199,1,ransomware
ransom_1220,1,ransomware
ransom_12201,1,ransomware
ransom_12202,1,ransomware
ransom_12204,1,ransomware
ransom_12205,1,ransomware
ransom_12208,1,ransomware
ransom_12209,1,ransomware
ransom_1221,1,ransomware
ransom_12210,1,ransomware
ransom_12212,1,ransomware
ransom_12213,1,ransomware
ransom_12214,1,ransomware
ransom_12215,1,ransomware
ransom_12216,1,ransomware
ransom_12217,1,ransomware
ransom_12218,1,ransomware
ransom_12219,1,ransomware
ransom_1222,1,ransomware
ransom_12220,1,ransomware
ransom_12221,1,ransomware
ransom_12222,1,ransomware
ransom_12223,1,ransomware
ransom_12224,1,ransomware
ransom_12225,1,ransomware
ransom_12226,1,ransomware
ransom_12227,1,ransomware
ransom_12228,1,ransomware
ransom_1223,1,ransomware
ransom_12231,1,ransomware
ransom_12232,1,ransomware
ransom_12234,1,ransomware
ransom_12235,1,ransomware
ransom_12236,1,ransomware
ransom_12237,1,ransomware
ransom_12238,1,ransomware
ransom_12239,1,ransomware
ransom_1224,1,ransomware
ransom_12240,1,ransomware
ransom_12241,1,ransomware
ransom_12243,1,ransomware
ransom_12244,1,ransomware
ransom_12245,1,ransomware
ransom_12246,1,ransomware
ransom_12248,1,ransomware
ransom_12249,1,ransomware
ransom_1225,1,ransomware
ransom_12250,1,ransomware
ransom_12251,1,ransomware
ransom_12252,1,ransomware
ransom_12253,1,ransomware
ransom_12254,1,ransomware
ransom_12255,1,ransomware
ransom_12256,1,ransomware
ransom_12257,1,ransomware
ransom_12259,1,ransomware
ransom_1226,1,ransomware
ransom_12260,1,ransomware
ransom_12261,1,ransomware
ransom_12262,1,ransomware
ransom_12264,1,ransomware
ransom_12265,1,ransomware
ransom_12266,1,ransomware
ransom_12268,1,ransomware
ransom_12269,1,ransomware
ransom_12270,1,ransomware
ransom_12271,1,ransomware
ransom_12272,1,ransomware
ransom_12274,1,ransomware
ransom_12275,1,ransomware
ransom_12276,1,ransomware
ransom_12277,1,ransomware
ransom_12278,1,ransomware
ransom_12279,1,ransomware
ransom_1228,1,ransomware
ransom_12280,1,ransomware
ransom_12281,1,ransomware
ransom_12282,1,ransomware
ransom_12283,1,ransomware
ransom_12284,1,ransomware
ransom_12285,1,ransomware
ransom_12286,1,ransomware
ransom_12287,1,ransomware
ransom_12289,1,ransomware
ransom_1229,1,ransomware
ransom_12290,1,ransomware
ransom_12291,1,ransomware
ransom_12292,1,ransomware
ransom_12293,1,ransomware
ransom_12294,1,ransomware
ransom_12295,1,ransomware
ransom_12297,1,ransomware
ransom_12298,1,ransomware
ransom_12299,1,ransomware
ransom_1230,1,ransomware
ransom_12301,1,ransomware
ransom_12302,1,ransomware
ransom_12303,1,ransomware
ransom_12304,1,ransomware
ransom_12305,1,ransomware
ransom_12308,1,ransomware
ransom_12309,1,ransomware
ransom_1231,1,ransomware
ransom_12310,1,ransomware
ransom_12311,1,ransomware
ransom_12312,1,ransomware
ransom_12313,1,ransomware
ransom_12314,1,ransomware
ransom_12315,1,ransomware
ransom_12316,1,ransomware
ransom_12317,1,ransomware
ransom_12318,1,ransomware
ransom_12319,1,ransomware
ransom_1232,1,ransomware
ransom_12320,1,ransomware
ransom_12322,1,ransomware
ransom_12323,1,ransomware
ransom_12324,1,ransomware
ransom_12325,1,ransomware
ransom_12326,1,ransomware
ransom_12327,1,ransomware
ransom_12328,1,ransomware
ransom_12329,1,ransomware
ransom_1233,1,ransomware
ransom_12330,1,ransomware
ransom_12331,1,ransomware
ransom_12332,1,ransomware
ransom_12333,1,ransomware
ransom_12334,1,ransomware
ransom_12336,1,ransomware
ransom_12337,1,ransomware
ransom_12338,1,ransomware
ransom_12339,1,ransomware
ransom_1234,1,ransomware
ransom_12340,1,ransomware
ransom_12341,1,ransomware
ransom_12342,1,ransomware
ransom_12343,1,ransomware
ransom_12344,1,ransomware
ransom_12345,1,ransomware
ransom_12346,1,ransomware
ransom_12347,1,ransomware
ransom_12348,1,ransomware
ransom_1235,1,ransomware
ransom_12350,1,ransomware
ransom_12352,1,ransomware
ransom_12353,1,ransomware
ransom_12354,1,ransomware
ransom_12355,1,ransomware
ransom_12357,1,ransomware
ransom_12358,1,ransomware
ransom_12359,1,ransomware
ransom_1236,1,ransomware
ransom_12360,1,ransomware
ransom_12361,1,ransomware
ransom_12363,1,ransomware
ransom_12364,1,ransomware
ransom_12365,1,ransomware
ransom_12366,1,ransomware
ransom_12367,1,ransomware
ransom_12369,1,ransomware
ransom_1237,1,ransomware
ransom_12371,1,ransomware
ransom_12372,1,ransomware
ransom_12374,1,ransomware
ransom_12375,1,ransomware
ransom_12376,1,ransomware
ransom_12377,1,ransomware
ransom_12378,1,ransomware
ransom_12379,1,ransomware
ransom_1238,1,ransomware
ransom_12380,1,ransomware
ransom_12382,1,ransomware
ransom_12383,1,ransomware
ransom_12384,1,ransomware
ransom_12385,1,ransomware
ransom_12386,1,ransomware
ransom_12387,1,ransomware
ransom_12388,1,ransomware
ransom_12389,1,ransomware
ransom_12393,1,ransomware
ransom_12395,1,ransomware
ransom_12396,1,ransomware
ransom_12397,1,ransomware
ransom_1240,1,ransomware
ransom_12400,1,ransomware
ransom_12401,1,ransomware
ransom_12403,1,ransomware
ransom_12405,1,ransomware
ransom_12406,1,ransomware
ransom_12407,1,ransomware
ransom_12409,1,ransomware
ransom_1241,1,ransomware
ransom_12410,1,ransomware
ransom_12411,1,ransomware
ransom_12412,1,ransomware
ransom_12415,1,ransomware
ransom_12416,1,ransomware
ransom_12417,1,ransomware
ransom_12418,1,ransomware
ransom_12419,1,ransomware
ransom_1242,1,ransomware
ransom_12420,1,ransomware
ransom_12421,1,ransomware
ransom_12422,1,ransomware
ransom_12424,1,ransomware
ransom_12426,1,ransomware
ransom_12427,1,ransomware
ransom_12429,1,ransomware
ransom_1243,1,ransomware
ransom_12430,1,ransomware
ransom_12432,1,ransomware
ransom_12434,1,ransomware
ransom_12435,1,ransomware
ransom_12436,1,ransomware
ransom_12437,1,ransomware
ransom_12438,1,ransomware
ransom_12439,1,ransomware
ransom_12440,1,ransomware
ransom_12441,1,ransomware
ransom_12442,1,ransomware
ransom_12443,1,ransomware
ransom_12444,1,ransomware
ransom_12445,1,ransomware
ransom_12447,1,ransomware
ransom_12448,1,ransomware
ransom_12449,1,ransomware
ransom_1245,1,ransomware
ransom_12450,1,ransomware
ransom_12452,1,ransomware
ransom_12453,1,ransomware
ransom_12455,1,ransomware
ransom_12457,1,ransomware
ransom_12458,1,ransomware
ransom_12459,1,ransomware
ransom_1246,1,ransomware
ransom_12460,1,ransomware
ransom_12461,1,ransomware
ransom_12462,1,ransomware
ransom_12464,1,ransomware
ransom_12469,1,ransomware
ransom_12470,1,ransomware
ransom_12473,1,ransomware
ransom_12474,1,ransomware
ransom_12475,1,ransomware
ransom_12476,1,ransomware
ransom_12477,1,ransomware
ransom_12480,1,ransomware
ransom_12481,1,ransomware
ransom_12483,1,ransomware
ransom_12484,1,ransomware
ransom_12485,1,ransomware
ransom_12486,1,ransomware
ransom_12489,1,ransomware
ransom_12490,1,ransomware
ransom_12493,1,ransomware
ransom_12496,1,ransomware
ransom_12497,1,ransomware
ransom_1250,1,ransomware
ransom_12501,1,ransomware
ransom_12502,1,ransomware
ransom_12503,1,ransomware
ransom_12505,1,ransomware
ransom_12506,1,ransomware
ransom_12507,1,ransomware
ransom_12508,1,ransomware
ransom_12509,1,ransomware
ransom_12510,1,ransomware
ransom_12512,1,ransomware
ransom_12514,1,ransomware
ransom_12515,1,ransomware
ransom_12516,1,ransomware
ransom_12517,1,ransomware
ransom_12518,1,ransomware
ransom_12519,1,ransomware
ransom_1252,1,ransomware
ransom_12520,1,ransomware
ransom_12521,1,ransomware
ransom_12522,1,ransomware
ransom_12523,1,ransomware
ransom_12524,1,ransomware
ransom_12525,1,ransomware
ransom_12527,1,ransomware
ransom_12528,1,ransomware
ransom_12529,1,ransomware
ransom_1253,1,ransomware
ransom_12530,1,ransomware
ransom_12531,1,ransomware
ransom_12532,1,ransomware
ransom_12534,1,ransomware
ransom_12536,1,ransomware
ransom_12537,1,ransomware
ransom_12538,1,ransomware
ransom_12539,1,ransomware
ransom_1254,1,ransomware
ransom_12540,1,ransomware
ransom_12541,1,ransomware
ransom_12543,1,ransomware
ransom_12544,1,ransomware
ransom_12545,1,ransomware
ransom_12546,1,ransomware
ransom_12547,1,ransomware
ransom_12549,1,ransomware
ransom_1255,1,ransomware
ransom_12550,1,ransomware
ransom_12551,1,ransomware
ransom_12554,1,ransomware
ransom_12555,1,ransomware
ransom_12556,1,ransomware
ransom_12557,1,ransomware
ransom_12558,1,ransomware
ransom_1256,1,ransomware
ransom_12560,1,ransomware
ransom_12561,1,ransomware
ransom_12562,1,ransomware
ransom_12563,1,ransomware
ransom_12564,1,ransomware
ransom_12565,1,ransomware
ransom_12566,1,ransomware
ransom_12567,1,ransomware
ransom_1257,1,ransomware
ransom_12570,1,ransomware
ransom_12572,1,ransomware
ransom_12576,1,ransomware
ransom_12577,1,ransomware
ransom_12579,1,ransomware
ransom_1258,1,ransomware
ransom_12580,1,ransomware
ransom_12582,1,ransomware
ransom_12584,1,ransomware
ransom_12585,1,ransomware
ransom_12586,1,ransomware
ransom_12587,1,ransomware
ransom_12588,1,ransomware
ransom_12589,1,ransomware
ransom_1259,1,ransomware
ransom_12590,1,ransomware
ransom_12592,1,ransomware
ransom_12593,1,ransomware
ransom_12594,1,ransomware
ransom_12595,1,ransomware
ransom_12596,1,ransomware
ransom_12597,1,ransomware
ransom_12598,1,ransomware
ransom_12599,1,ransomware
ransom_1260,1,ransomware
ransom_12600,1,ransomware
ransom_12601,1,ransomware
ransom_12602,1,ransomware
ransom_12603,1,ransomware
ransom_12605,1,ransomware
ransom_12609,1,ransomware
ransom_1261,1,ransomware
ransom_12610,1,ransomware
ransom_12611,1,ransomware
ransom_12612,1,ransomware
ransom_12614,1,ransomware
ransom_12615,1,ransomware
ransom_12616,1,ransomware
ransom_12617,1,ransomware
ransom_12618,1,ransomware
ransom_12619,1,ransomware
ransom_1262,1,ransomware
ransom_12620,1,ransomware
ransom_12621,1,ransomware
ransom_12622,1,ransomware
ransom_12623,1,ransomware
ransom_12624,1,ransomware
ransom_12625,1,ransomware
ransom_12626,1,ransomware
ransom_12627,1,ransomware
ransom_12628,1,ransomware
ransom_12629,1,ransomware
ransom_1263,1,ransomware
ransom_12631,1,ransomware
ransom_12632,1,ransomware
ransom_12633,1,ransomware
ransom_12635,1,ransomware
ransom_12636,1,ransomware
ransom_12637,1,ransomware
ransom_12638,1,ransomware
ransom_12639,1,ransomware
ransom_1264,1,ransomware
ransom_12640,1,ransomware
ransom_12641,1,ransomware
ransom_12643,1,ransomware
ransom_12644,1,ransomware
ransom_12645,1,ransomware
ransom_12646,1,ransomware
ransom_12648,1,ransomware
ransom_12649,1,ransomware
ransom_1265,1,ransomware
ransom_12650,1,ransomware
ransom_12651,1,ransomware
ransom_12652,1,ransomware
ransom_12653,1,ransomware
ransom_12654,1,ransomware
ransom_12656,1,ransomware
ransom_12657,1,ransomware
ransom_12659,1,ransomware
ransom_1266,1,ransomware
ransom_12661,1,ransomware
ransom_12662,1,ransomware
ransom_12665,1,ransomware
ransom_12666,1,ransomware
ransom_12667,1,ransomware
ransom_12668,1,ransomware
ransom_1267,1,ransomware
ransom_12670,1,ransomware
ransom_12671,1,ransomware
ransom_12672,1,ransomware
ransom_12673,1,ransomware
ransom_12674,1,ransomware
ransom_12675,1,ransomware
ransom_12676,1,ransomware
ransom_12677,1,ransomware
ransom_12678,1,ransomware
ransom_12679,1,ransomware
ransom_12680,1,ransomware
ransom_12681,1,ransomware
ransom_12682,1,ransomware
ransom_12683,1,ransomware
ransom_12684,1,ransomware
ransom_12686,1,ransomware
ransom_12687,1,ransomware
ransom_12688,1,ransomware
ransom_12689,1,ransomware
ransom_1269,1,ransomware
ransom_12691,1,ransomware
ransom_12692,1,ransomware
ransom_12693,1,ransomware
ransom_12694,1,ransomware
ransom_12695,1,ransomware
ransom_12697,1,ransomware
ransom_12699,1,ransomware
ransom_1270,1,ransomware
ransom_12701,1,ransomware
ransom_12703,1,ransomware
ransom_12704,1,ransomware
ransom_12705,1,ransomware
ransom_12707,1,ransomware
ransom_12708,1,ransomware
ransom_12709,1,ransomware
ransom_1271,1,ransomware
ransom_12710,1,ransomware
ransom_12711,1,ransomware
ransom_12713,1,ransomware
ransom_12714,1,ransomware
ransom_12715,1,ransomware
ransom_12716,1,ransomware
ransom_12717,1,ransomware
ransom_12718,1,ransomware
ransom_12719,1,ransomware
ransom_1272,1,ransomware
ransom_12720,1,ransomware
ransom_12721,1,ransomware
ransom_12722,1,ransomware
ransom_12723,1,ransomware
ransom_12724,1,ransomware
ransom_12725,1,ransomware
ransom_12727,1,ransomware
ransom_12729,1,ransomware
ransom_1273,1,ransomware
ransom_12730,1,ransomware
ransom_12731,1,ransomware
ransom_12733,1,ransomware
ransom_12734,1,ransomware
ransom_12737,1,ransomware
ransom_12738,1,ransomware
ransom_12739,1,ransomware
ransom_1274,1,ransomware
ransom_12740,1,ransomware
ransom_12741,1,ransomware
ransom_12742,1,ransomware
ransom_12743,1,ransomware
ransom_12744,1,ransomware
ransom_12745,1,ransomware
ransom_12747,1,ransomware
ransom_12748,1,ransomware
ransom_12749,1,ransomware
ransom_1275,1,ransomware
ransom_12751,1,ransomware
ransom_12752,1,ransomware
ransom_12753,1,ransomware
ransom_12754,1,ransomware
ransom_12755,1,ransomware
ransom_12756,1,ransomware
ransom_12757,1,ransomware
ransom_12759,1,ransomware
ransom_1276,1,ransomware
ransom_12762,1,ransomware
ransom_12763,1,ransomware
ransom_12764,1,ransomware
ransom_12765,1,ransomware
ransom_12766,1,ransomware
ransom_12767,1,ransomware
ransom_12768,1,ransomware
ransom_12769,1,ransomware
ransom_1277,1,ransomware
ransom_12770,1,ransomware
ransom_12771,1,ransomware
ransom_12772,1,ransomware
ransom_12773,1,ransomware
ransom_12774,1,ransomware
ransom_12775,1,ransomware
ransom_12776,1,ransomware
ransom_12777,1,ransomware
ransom_12778,1,ransomware
ransom_12779,1,ransomware
ransom_1278,1,ransomware
ransom_12780,1,ransomware
ransom_12781,1,ransomware
ransom_12782,1,ransomware
ransom_12783,1,ransomware
ransom_12784,1,ransomware
ransom_12786,1,ransomware
ransom_12787,1,ransomware
ransom_12788,1,ransomware
ransom_12789,1,ransomware
ransom_1279,1,ransomware
ransom_12790,1,ransomware
ransom_12791,1,ransomware
ransom_12792,1,ransomware
ransom_12794,1,ransomware
ransom_12795,1,ransomware
ransom_12796,1,ransomware
ransom_12797,1,ransomware
ransom_12798,1,ransomware
ransom_12799,1,ransomware
ransom_12800,1,ransomware
ransom_12801,1,ransomware
ransom_12803,1,ransomware
ransom_12804,1,ransomware
ransom_12805,1,ransomware
ransom_12806,1,ransomware
ransom_12807,1,ransomware
ransom_12809,1,ransomware
ransom_1281,1,ransomware
ransom_12810,1,ransomware
ransom_12811,1,ransomware
ransom_12812,1,ransomware
ransom_12813,1,ransomware
ransom_12814,1,ransomware
ransom_12815,1,ransomware
ransom_12816,1,ransomware
ransom_12817,1,ransomware
ransom_12818,1,ransomware
ransom_12819,1,ransomware
ransom_1282,1,ransomware
ransom_12820,1,ransomware
ransom_12821,1,ransomware
ransom_12822,1,ransomware
ransom_12823,1,ransomware
ransom_12824,1,ransomware
ransom_12826,1,ransomware
ransom_12828,1,ransomware
ransom_12829,1,ransomware
ransom_1283,1,ransomware
ransom_12830,1,ransomware
ransom_12832,1,ransomware
ransom_12835,1,ransomware
ransom_12836,1,ransomware
ransom_12837,1,ransomware
ransom_12838,1,ransomware
ransom_12839,1,ransomware
ransom_1284,1,ransomware
ransom_12840,1,ransomware
ransom_12841,1,ransomware
ransom_12842,1,ransomware
ransom_12843,1,ransomware
ransom_12844,1,ransomware
ransom_12845,1,ransomware
ransom_12846,1,ransomware
ransom_12847,1,ransomware
ransom_12848,1,ransomware
ransom_1285,1,ransomware
ransom_12851,1,ransomware
ransom_12852,1,ransomware
ransom_12853,1,ransomware
ransom_12854,1,ransomware
ransom_12855,1,ransomware
ransom_12856,1,ransomware
ransom_12857,1,ransomware
ransom_12858,1,ransomware
ransom_12859,1,ransomware
ransom_1286,1,ransomware
ransom_12861,1,ransomware
ransom_12862,1,ransomware
ransom_12863,1,ransomware
ransom_12864,1,ransomware
ransom_12865,1,ransomware
ransom_12867,1,ransomware
ransom_12869,1,ransomware
ransom_1287,1,ransomware
ransom_12870,1,ransomware
ransom_12871,1,ransomware
ransom_12872,1,ransomware
ransom_12873,1,ransomware
ransom_12874,1,ransomware
ransom_12875,1,ransomware
ransom_12876,1,ransomware
ransom_12877,1,ransomware
ransom_12878,1,ransomware
ransom_12879,1,ransomware
ransom_12880,1,ransomware
ransom_12881,1,ransomware
ransom_12882,1,ransomware
ransom_12883,1,ransomware
ransom_12884,1,ransomware
ransom_12885,1,ransomware
ransom_12886,1,ransomware
ransom_12887,1,ransomware
ransom_12888,1,ransomware
ransom_12889,1,ransomware
ransom_12891,1,ransomware
ransom_12892,1,ransomware
ransom_12893,1,ransomware
ransom_12895,1,ransomware
ransom_12896,1,ransomware
ransom_12897,1,ransomware
ransom_12898,1,ransomware
ransom_12899,1,ransomware
ransom_1290,1,ransomware
ransom_12900,1,ransomware
ransom_12901,1,ransomware
ransom_12902,1,ransomware
ransom_12903,1,ransomware
ransom_12904,1,ransomware
ransom_12905,1,ransomware
ransom_12906,1,ransomware
ransom_12908,1,ransomware
ransom_12909,1,ransomware
ransom_12910,1,ransomware
ransom_12911,1,ransomware
ransom_12912,1,ransomware
ransom_12913,1,ransomware
ransom_12914,1,ransomware
ransom_12915,1,ransomware
ransom_12916,1,ransomware
ransom_12918,1,ransomware
ransom_12919,1,ransomware
ransom_12920,1,ransomware
ransom_12923,1,ransomware
ransom_12924,1,ransomware
ransom_12925,1,ransomware
ransom_12926,1,ransomware
ransom_12927,1,ransomware
ransom_12928,1,ransomware
ransom_12929,1,ransomware
ransom_1293,1,ransomware
ransom_12930,1,ransomware
ransom_12931,1,ransomware
ransom_12933,1,ransomware
ransom_12934,1,ransomware
ransom_12935,1,ransomware
ransom_12936,1,ransomware
ransom_12937,1,ransomware
ransom_12938,1,ransomware
ransom_1294,1,ransomware
ransom_12940,1,ransomware
ransom_12941,1,ransomware
ransom_12943,1,ransomware
ransom_12944,1,ransomware
ransom_12945,1,ransomware
ransom_12946,1,ransomware
ransom_12947,1,ransomware
ransom_12948,1,ransomware
ransom_12949,1,ransomware
ransom_1295,1,ransomware
ransom_12950,1,ransomware
ransom_12951,1,ransomware
ransom_12952,1,ransomware
ransom_12953,1,ransomware
ransom_12955,1,ransomware
ransom_12956,1,ransomware
ransom_12957,1,ransomware
ransom_12958,1,ransomware
ransom_12959,1,ransomware
ransom_12960,1,ransomware
ransom_12961,1,ransomware
ransom_12965,1,ransomware
ransom_12966,1,ransomware
ransom_12967,1,ransomware
ransom_12968,1,ransomware
ransom_12969,1,ransomware
ransom_1297,1,ransomware
ransom_12970,1,ransomware
ransom_12972,1,ransomware
ransom_12973,1,ransomware
ransom_12974,1,ransomware
ransom_12975,1,ransomware
ransom_12976,1,ransomware
ransom_12977,1,ransomware
ransom_12978,1,ransomware
ransom_1298,1,ransomware
ransom_12980,1,ransomware
ransom_12981,1,ransomware
ransom_12982,1,ransomware
ransom_12983,1,ransomware
ransom_12984,1,ransomware
ransom_12986,1,ransomware
ransom_12989,1,ransomware
ransom_1299,1,ransomware
ransom_12990,1,ransomware
ransom_12991,1,ransomware
ransom_12992,1,ransomware
ransom_12993,1,ransomware
ransom_12995,1,ransomware
ransom_12996,1,ransomware
ransom_12997,1,ransomware
ransom_12998,1,ransomware
ransom_12999,1,ransomware
ransom_1300,1,ransomware
ransom_13000,1,ransomware
ransom_13001,1,ransomware
ransom_13002,1,ransomware
ransom_13003,1,ransomware
ransom_13004,1,ransomware
ransom_13005,1,ransomware
ransom_13006,1,ransomware
ransom_13008,1,ransomware
ransom_13009,1,ransomware
ransom_1301,1,ransomware
ransom_13011,1,ransomware
ransom_13012,1,ransomware
ransom_13013,1,ransomware
ransom_13014,1,ransomware
ransom_13016,1,ransomware
ransom_13018,1,ransomware
ransom_13019,1,ransomware
ransom_1302,1,ransomware
ransom_13020,1,ransomware
ransom_13021,1,ransomware
ransom_13022,1,ransomware
ransom_13023,1,ransomware
ransom_13024,1,ransomware
ransom_13025,1,ransomware
ransom_13026,1,ransomware
ransom_13027,1,ransomware
ransom_13029,1,ransomware
ransom_1303,1,ransomware
ransom_13030,1,ransomware
ransom_13031,1,ransomware
ransom_13032,1,ransomware
ransom_13033,1,ransomware
ransom_13034,1,ransomware
ransom_13035,1,ransomware
ransom_13036,1,ransomware
ransom_13038,1,ransomware
ransom_13039,1,ransomware
ransom_1304,1,ransomware
ransom_13040,1,ransomware
ransom_13041,1,ransomware
ransom_13042,1,ransomware
ransom_13043,1,ransomware
ransom_13044,1,ransomware
ransom_13046,1,ransomware
ransom_13047,1,ransomware
ransom_13048,1,ransomware
ransom_13049,1,ransomware
ransom_1305,1,ransomware
ransom_13050,1,ransomware
ransom_13052,1,ransomware
ransom_13054,1,ransomware
ransom_13055,1,ransomware
ransom_13056,1,ransomware
ransom_13057,1,ransomware
ransom_13058,1,ransomware
ransom_1306,1,ransomware
ransom_13060,1,ransomware
ransom_13061,1,ransomware
ransom_13062,1,ransomware
ransom_13064,1,ransomware
ransom_13065,1,ransomware
ransom_13066,1,ransomware
ransom_13067,1,ransomware
ransom_13068,1,ransomware
ransom_13069,1,ransomware
ransom_1307,1,ransomware
ransom_13070,1,ransomware
ransom_13072,1,ransomware
ransom_13073,1,ransomware
ransom_13074,1,ransomware
ransom_13075,1,ransomware
ransom_13076,1,ransomware
ransom_13077,1,ransomware
ransom_13078,1,ransomware
ransom_13079,1,ransomware
ransom_1308,1,ransomware
ransom_13080,1,ransomware
ransom_13081,1,ransomware
ransom_13082,1,ransomware
ransom_13083,1,ransomware
ransom_13084,1,ransomware
ransom_13085,1,ransomware
ransom_13086,1,ransomware
ransom_13087,1,ransomware
ransom_13088,1,ransomware
ransom_13089,1,ransomware
ransom_1309,1,ransomware
ransom_13091,1,ransomware
ransom_13092,1,ransomware
ransom_13094,1,ransomware
ransom_13095,1,ransomware
ransom_13096,1,ransomware
ransom_13098,1,ransomware
ransom_13099,1,ransomware
ransom_1310,1,ransomware
ransom_13100,1,ransomware
ransom_13101,1,ransomware
ransom_13102,1,ransomware
ransom_13103,1,ransomware
ransom_13104,1,ransomware
ransom_13105,1,ransomware
ransom_13106,1,ransomware
ransom_13107,1,ransomware
ransom_13108,1,ransomware
ransom_13109,1,ransomware
ransom_1311,1,ransomware
ransom_13110,1,ransomware
ransom_13112,1,ransomware
ransom_13114,1,ransomware
ransom_13116,1,ransomware
ransom_13117,1,ransomware
ransom_13118,1,ransomware
ransom_13119,1,ransomware
ransom_13120,1,ransomware
ransom_13121,1,ransomware
ransom_13122,1,ransomware
ransom_13123,1,ransomware
ransom_13124,1,ransomware
ransom_13126,1,ransomware
ransom_13127,1,ransomware
ransom_13129,1,ransomware
ransom_1313,1,ransomware
ransom_13133,1,ransomware
ransom_13134,1,ransomware
ransom_13135,1,ransomware
ransom_13136,1,ransomware
ransom_13137,1,ransomware
ransom_13138,1,ransomware
ransom_13139,1,ransomware
ransom_1314,1,ransomware
ransom_13140,1,ransomware
ransom_13141,1,ransomware
ransom_13142,1,ransomware
ransom_13143,1,ransomware
ransom_13145,1,ransomware
ransom_13146,1,ransomware
ransom_13147,1,ransomware
ransom_13148,1,ransomware
ransom_13149,1,ransomware
ransom_1315,1,ransomware
ransom_13150,1,ransomware
ransom_13151,1,ransomware
ransom_13152,1,ransomware
ransom_13153,1,ransomware
ransom_13154,1,ransomware
ransom_13156,1,ransomware
ransom_13157,1,ransomware
ransom_13159,1,ransomware
ransom_1316,1,ransomware
ransom_13160,1,ransomware
ransom_13161,1,ransomware
ransom_13162,1,ransomware
ransom_13163,1,ransomware
ransom_13164,1,ransomware
ransom_13166,1,ransomware
ransom_13167,1,ransomware
ransom_13168,1,ransomware
ransom_13169,1,ransomware
ransom_1317,1,ransomware
ransom_13170,1,ransomware
ransom_13171,1,ransomware
ransom_13172,1,ransomware
ransom_13173,1,ransomware
ransom_13174,1,ransomware
ransom_13178,1,ransomware
ransom_13179,1,ransomware
ransom_1318,1,ransomware
ransom_13180,1,ransomware
ransom_13181,1,ransomware
ransom_13182,1,ransomware
ransom_13183,1,ransomware
ransom_13184,1,ransomware
ransom_13185,1,ransomware
ransom_13186,1,ransomware
ransom_13187,1,ransomware
ransom_13188,1,ransomware
ransom_13189,1,ransomware
ransom_1319,1,ransomware
ransom_13190,1,ransomware
ransom_13191,1,ransomware
ransom_13192,1,ransomware
ransom_13193,1,ransomware
ransom_13194,1,ransomware
ransom_13195,1,ransomware
ransom_13196,1,ransomware
ransom_13197,1,ransomware
ransom_13199,1,ransomware
ransom_1320,1,ransomware
ransom_13200,1,ransomware
ransom_13201,1,ransomware
ransom_13202,1,ransomware
ransom_13204,1,ransomware
ransom_13205,1,ransomware
ransom_13206,1,ransomware
ransom_13207,1,ransomware
ransom_13208,1,ransomware
ransom_13209,1,ransomware
ransom_1321,1,ransomware
ransom_13211,1,ransomware
ransom_13212,1,ransomware
ransom_13213,1,ransomware
ransom_13214,1,ransomware
ransom_13215,1,ransomware
ransom_13216,1,ransomware
ransom_13217,1,ransomware
ransom_13218,1,ransomware
ransom_13219,1,ransomware
ransom_1322,1,ransomware
ransom_13220,1,ransomware
ransom_13222,1,ransomware
ransom_13223,1,ransomware
ransom_13224,1,ransomware
ransom_13225,1,ransomware
ransom_13226,1,ransomware
ransom_13227,1,ransomware
ransom_13228,1,ransomware
ransom_13229,1,ransomware
ransom_13230,1,ransomware
ransom_13231,1,ransomware
ransom_13233,1,ransomware
ransom_13236,1,ransomware
ransom_13237,1,ransomware
ransom_13238,1,ransomware
ransom_13239,1,ransomware
ransom_1324,1,ransomware
ransom_13240,1,ransomware
ransom_13241,1,ransomware
ransom_13242,1,ransomware
ransom_13243,1,ransomware
ransom_13244,1,ransomware
ransom_13247,1,ransomware
ransom_13248,1,ransomware
ransom_13249,1,ransomware
ransom_1325,1,ransomware
ransom_13250,1,ransomware
ransom_13255,1,ransomware
ransom_13256,1,ransomware
ransom_13257,1,ransomware
ransom_13259,1,ransomware
ransom_13260,1,ransomware
ransom_13261,1,ransomware
ransom_13262,1,ransomware
ransom_13263,1,ransomware
ransom_13264,1,ransomware
ransom_13265,1,ransomware
ransom_13267,1,ransomware
ransom_13268,1,ransomware
ransom_13269,1,ransomware
ransom_13270,1,ransomware
ransom_13271,1,ransomware
ransom_13273,1,ransomware
ransom_13274,1,ransomware
ransom_13275,1,ransomware
ransom_13276,1,ransomware
ransom_13277,1,ransomware
ransom_13278,1,ransomware
ransom_13279,1,ransomware
ransom_1328,1,ransomware
ransom_13280,1,ransomware
ransom_13281,1,ransomware
ransom_13282,1,ransomware
ransom_13283,1,ransomware
ransom_13285,1,ransomware
ransom_13286,1,ransomware
ransom_13289,1,ransomware
ransom_1329,1,ransomware
ransom_13290,1,ransomware
ransom_13291,1,ransomware
ransom_13292,1,ransomware
ransom_13293,1,ransomware
ransom_13294,1,ransomware
ransom_13296,1,ransomware
ransom_13297,1,ransomware
ransom_13298,1,ransomware
ransom_1330,1,ransomware
ransom_13300,1,ransomware
ransom_13301,1,ransomware
ransom_13302,1,ransomware
ransom_13303,1,ransomware
ransom_13304,1,ransomware
ransom_13305,1,ransomware
ransom_13306,1,ransomware
ransom_13307,1,ransomware
ransom_13308,1,ransomware
ransom_13309,1,ransomware
ransom_1331,1,ransomware
ransom_13310,1,ransomware
ransom_13311,1,ransomware
ransom_13312,1,ransomware
ransom_13314,1,ransomware
ransom_13316,1,ransomware
ransom_13318,1,ransomware
ransom_1332,1,ransomware
ransom_13321,1,ransomware
ransom_13323,1,ransomware
ransom_13324,1,ransomware
ransom_13325,1,ransomware
ransom_13327,1,ransomware
ransom_13328,1,ransomware
ransom_13329,1,ransomware
ransom_1333,1,ransomware
ransom_13330,1,ransomware
ransom_13331,1,ransomware
ransom_13332,1,ransomware
ransom_13334,1,ransomware
ransom_13335,1,ransomware
ransom_13337,1,ransomware
ransom_13338,1,ransomware
ransom_13339,1,ransomware
ransom_1334,1,ransomware
ransom_13340,1,ransomware
ransom_13342,1,ransomware
ransom_13343,1,ransomware
ransom_13344,1,ransomware
ransom_13345,1,ransomware
ransom_13346,1,ransomware
ransom_13347,1,ransomware
ransom_13348,1,ransomware
ransom_13349,1,ransomware
ransom_1335,1,ransomware
ransom_13350,1,ransomware
ransom_13351,1,ransomware
ransom_13352,1,ransomware
ransom_13353,1,ransomware
ransom_13354,1,ransomware
ransom_13355,1,ransomware
ransom_13356,1,ransomware
ransom_13357,1,ransomware
ransom_13358,1,ransomware
ransom_13359,1,ransomware
ransom_1336,1,ransomware
ransom_13360,1,ransomware
ransom_13362,1,ransomware
ransom_13364,1,ransomware
ransom_13365,1,ransomware
ransom_13366,1,ransomware
ransom_13368,1,ransomware
ransom_13369,1,ransomware
ransom_1337,1,ransomware
ransom_13370,1,ransomware
ransom_13371,1,ransomware
ransom_13372,1,ransomware
ransom_13373,1,ransomware
ransom_13374,1,ransomware
ransom_13375,1,ransomware
ransom_13377,1,ransomware
ransom_13378,1,ransomware
ransom_13379,1,ransomware
ransom_1338,1,ransomware
ransom_13380,1,ransomware
ransom_13382,1,ransomware
ransom_13383,1,ransomware
ransom_13384,1,ransomware
ransom_13385,1,ransomware
ransom_13386,1,ransomware
ransom_13387,1,ransomware
ransom_13388,1,ransomware
ransom_13390,1,ransomware
ransom_13391,1,ransomware
ransom_13392,1,ransomware
ransom_13394,1,ransomware
ransom_13395,1,ransomware
ransom_13396,1,ransomware
ransom_13397,1,ransomware
ransom_13399,1,ransomware
ransom_1340,1,ransomware
ransom_13400,1,ransomware
ransom_13402,1,ransomware
ransom_13403,1,ransomware
ransom_13404,1,ransomware
ransom_13405,1,ransomware
ransom_13406,1,ransomware
ransom_13407,1,ransomware
ransom_13408,1,ransomware
ransom_13409,1,ransomware
ransom_1341,1,ransomware
ransom_13410,1,ransomware
ransom_13411,1,ransomware
ransom_13412,1,ransomware
ransom_13413,1,ransomware
ransom_13414,1,ransomware
ransom_13415,1,ransomware
ransom_13417,1,ransomware
ransom_13418,1,ransomware
ransom_13420,1,ransomware
ransom_13421,1,ransomware
ransom_13422,1,ransomware
ransom_13423,1,ransomware
ransom_13424,1,ransomware
ransom_13425,1,ransomware
ransom_13426,1,ransomware
ransom_13427,1,ransomware
ransom_13428,1,ransomware
ransom_13429,1,ransomware
ransom_1343,1,ransomware
ransom_13430,1,ransomware
ransom_13431,1,ransomware
ransom_13432,1,ransomware
ransom_13434,1,ransomware
ransom_13436,1,ransomware
ransom_13439,1,ransomware
ransom_1344,1,ransomware
ransom_13440,1,ransomware
ransom_13441,1,ransomware
ransom_13442,1,ransomware
ransom_13443,1,ransomware
ransom_13444,1,ransomware
ransom_13445,1,ransomware
ransom_13447,1,ransomware
ransom_13448,1,ransomware
ransom_13449,1,ransomware
ransom_1345,1,ransomware
ransom_13452,1,ransomware
ransom_13455,1,ransomware
ransom_13456,1,ransomware
ransom_13457,1,ransomware
ransom_13458,1,ransomware
ransom_13459,1,ransomware
ransom_1346,1,ransomware
ransom_13461,1,ransomware
ransom_13462,1,ransomware
ransom_13463,1,ransomware
ransom_13464,1,ransomware
ransom_13466,1,ransomware
ransom_13467,1,ransomware
ransom_13468,1,ransomware
ransom_1347,1,ransomware
ransom_13470,1,ransomware
ransom_13471,1,ransomware
ransom_13472,1,ransomware
ransom_13473,1,ransomware
ransom_13474,1,ransomware
ransom_13475,1,ransomware
ransom_13476,1,ransomware
ransom_13477,1,ransomware
ransom_13478,1,ransomware
ransom_13479,1,ransomware
ransom_1348,1,ransomware
ransom_13480,1,ransomware
ransom_13481,1,ransomware
ransom_13482,1,ransomware
ransom_13483,1,ransomware
ransom_13484,1,ransomware
ransom_13485,1,ransomware
ransom_13486,1,ransomware
ransom_13487,1,ransomware
ransom_13488,1,ransomware
ransom_1349,1,ransomware
ransom_13491,1,ransomware
ransom_13492,1,ransomware
ransom_13493,1,ransomware
ransom_13494,1,ransomware
ransom_13495,1,ransomware
ransom_13496,1,ransomware
ransom_13497,1,ransomware
ransom_13498,1,ransomware
ransom_13499,1,ransomware
ransom_1350,1,ransomware
ransom_13500,1,ransomware
ransom_13501,1,ransomware
ransom_13502,1,ransomware
ransom_13503,1,ransomware
ransom_13504,1,ransomware
ransom_13505,1,ransomware
ransom_13506,1,ransomware
ransom_13508,1,ransomware
ransom_13509,1,ransomware
ransom_1351,1,ransomware
ransom_13510,1,ransomware
ransom_13511,1,ransomware
ransom_13512,1,ransomware
ransom_13513,1,ransomware
ransom_13514,1,ransomware
ransom_13515,1,ransomware
ransom_13516,1,ransomware
ransom_13517,1,ransomware
ransom_13519,1,ransomware
ransom_1352,1,ransomware
ransom_13520,1,ransomware
ransom_13521,1,ransomware
ransom_13522,1,ransomware
ransom_13525,1,ransomware
ransom_13526,1,ransomware
ransom_13527,1,ransomware
ransom_13528,1,ransomware
ransom_13529,1,ransomware
ransom_13530,1,ransomware
ransom_13531,1,ransomware
ransom_13532,1,ransomware
ransom_13533,1,ransomware
ransom_13534,1,ransomware
ransom_13536,1,ransomware
ransom_13537,1,ransomware
ransom_13538,1,ransomware
ransom_13539,1,ransomware
ransom_1354,1,ransomware
ransom_13540,1,ransomware
ransom_13542,1,ransomware
ransom_13544,1,ransomware
ransom_13545,1,ransomware
ransom_13546,1,ransomware
ransom_13547,1,ransomware
ransom_13548,1,ransomware
ransom_13549,1,ransomware
ransom_13550,1,ransomware
ransom_13551,1,ransomware
ransom_13552,1,ransomware
ransom_13553,1,ransomware
ransom_13555,1,ransomware
ransom_13556,1,ransomware
ransom_13558,1,ransomware
ransom_13559,1,ransomware
ransom_1356,1,ransomware
ransom_13562,1,ransomware
ransom_13563,1,ransomware
ransom_13564,1,ransomware
ransom_13565,1,ransomware
ransom_13566,1,ransomware
ransom_13567,1,ransomware
ransom_13568,1,ransomware
ransom_13569,1,ransomware
ransom_1357,1,ransomware
ransom_13570,1,ransomware
ransom_13572,1,ransomware
ransom_13573,1,ransomware
ransom_13575,1,ransomware
ransom_13576,1,ransomware
ransom_13577,1,ransomware
ransom_13578,1,ransomware
ransom_13579,1,ransomware
ransom_1358,1,ransomware
ransom_13580,1,ransomware
ransom_13581,1,ransomware
ransom_13584,1,ransomware
ransom_13586,1,ransomware
ransom_13588,1,ransomware
ransom_13589,1,ransomware
ransom_1359,1,ransomware
ransom_13590,1,ransomware
ransom_13591,1,ransomware
ransom_13592,1,ransomware
ransom_13593,1,ransomware
ransom_13594,1,ransomware
ransom_13595,1,ransomware
ransom_13596,1,ransomware
ransom_13598,1,ransomware
ransom_1360,1,ransomware
ransom_13600,1,ransomware
ransom_13601,1,ransomware
ransom_13602,1,ransomware
ransom_13603,1,ransomware
ransom_13604,1,ransomware
ransom_13605,1,ransomware
ransom_13609,1,ransomware
ransom_1361,1,ransomware
ransom_13610,1,ransomware
ransom_13611,1,ransomware
ransom_13612,1,ransomware
ransom_13613,1,ransomware
ransom_13614,1,ransomware
ransom_13616,1,ransomware
ransom_13617,1,ransomware
ransom_13619,1,ransomware
ransom_1362,1,ransomware
ransom_13620,1,ransomware
ransom_13621,1,ransomware
ransom_13622,1,ransomware
ransom_13623,1,ransomware
ransom_13624,1,ransomware
ransom_13626,1,ransomware
ransom_13627,1,ransomware
ransom_13628,1,ransomware
ransom_13629,1,ransomware
ransom_1363,1,ransomware
ransom_13630,1,ransomware
ransom_13631,1,ransomware
ransom_13632,1,ransomware
ransom_13633,1,ransomware
ransom_13634,1,ransomware
ransom_13636,1,ransomware
ransom_13638,1,ransomware
ransom_1364,1,ransomware
ransom_13641,1,ransomware
ransom_13642,1,ransomware
ransom_13643,1,ransomware
ransom_13644,1,ransomware
ransom_13645,1,ransomware
ransom_13647,1,ransomware
ransom_13648,1,ransomware
ransom_13649,1,ransomware
ransom_1365,1,ransomware
ransom_13650,1,ransomware
ransom_13653,1,ransomware
ransom_13654,1,ransomware
ransom_13655,1,ransomware
ransom_13656,1,ransomware
ransom_13657,1,ransomware
ransom_13658,1,ransomware
ransom_13659,1,ransomware
ransom_1366,1,ransomware
ransom_13660,1,ransomware
ransom_13661,1,ransomware
ransom_13662,1,ransomware
ransom_13663,1,ransomware
ransom_13664,1,ransomware
ransom_13665,1,ransomware
ransom_13666,1,ransomware
ransom_13667,1,ransomware
ransom_13668,1,ransomware
ransom_13669,1,ransomware
ransom_13671,1,ransomware
ransom_13672,1,ransomware
ransom_13673,1,ransomware
ransom_13674,1,ransomware
ransom_13675,1,ransomware
ransom_13677,1,ransomware
ransom_13678,1,ransomware
ransom_13679,1,ransomware
ransom_13680,1,ransomware
ransom_13681,1,ransomware
ransom_13682,1,ransomware
ransom_13684,1,ransomware
ransom_13685,1,ransomware
ransom_13688,1,ransomware
ransom_13689,1,ransomware
ransom_1369,1,ransomware
ransom_13690,1,ransomware
ransom_13691,1,ransomware
ransom_13692,1,ransomware
ransom_13693,1,ransomware
ransom_13695,1,ransomware
ransom_13696,1,ransomware
ransom_13697,1,ransomware
ransom_13698,1,ransomware
ransom_1370,1,ransomware
ransom_13700,1,ransomware
ransom_13701,1,ransomware
ransom_13702,1,ransomware
ransom_13703,1,ransomware
ransom_13704,1,ransomware
ransom_13706,1,ransomware
ransom_13707,1,ransomware
ransom_13709,1,ransomware
ransom_1371,1,ransomware
ransom_13710,1,ransomware
ransom_13711,1,ransomware
ransom_13712,1,ransomware
ransom_13716,1,ransomware
ransom_13717,1,ransomware
ransom_13718,1,ransomware
ransom_13719,1,ransomware
ransom_1372,1,ransomware
ransom_13720,1,ransomware
ransom_13722,1,ransomware
ransom_13723,1,ransomware
ransom_13724,1,ransomware
ransom_13725,1,ransomware
ransom_13726,1,ransomware
ransom_13727,1,ransomware
ransom_13728,1,ransomware
ransom_13730,1,ransomware
ransom_13731,1,ransomware
ransom_13733,1,ransomware
ransom_13734,1,ransomware
ransom_13738,1,ransomware
ransom_13739,1,ransomware
ransom_1374,1,ransomware
ransom_13740,1,ransomware
ransom_13741,1,ransomware
ransom_13742,1,ransomware
ransom_13743,1,ransomware
ransom_13744,1,ransomware
ransom_13745,1,ransomware
ransom_13746,1,ransomware
ransom_13747,1,ransomware
ransom_13748,1,ransomware
ransom_13749,1,ransomware
ransom_1375,1,ransomware
ransom_13750,1,ransomware
ransom_13752,1,ransomware
ransom_13753,1,ransomware
ransom_13754,1,ransomware
ransom_13755,1,ransomware
ransom_13756,1,ransomware
ransom_13758,1,ransomware
ransom_13759,1,ransomware
ransom_1376,1,ransomware
ransom_13760,1,ransomware
ransom_13761,1,ransomware
ransom_13762,1,ransomware
ransom_13763,1,ransomware
ransom_13764,1,ransomware
ransom_13765,1,ransomware
ransom_13766,1,ransomware
ransom_13767,1,ransomware
ransom_13768,1,ransomware
ransom_13769,1,ransomware
ransom_1377,1,ransomware
ransom_13770,1,ransomware
ransom_13771,1,ransomware
ransom_13772,1,ransomware
ransom_13774,1,ransomware
ransom_13775,1,ransomware
ransom_13776,1,ransomware
ransom_13778,1,ransomware
ransom_13779,1,ransomware
ransom_1378,1,ransomware
ransom_13781,1,ransomware
ransom_13783,1,ransomware
ransom_13784,1,ransomware
ransom_13785,1,ransomware
ransom_13786,1,ransomware
ransom_13787,1,ransomware
ransom_13788,1,ransomware
ransom_13789,1,ransomware
ransom_1379,1,ransomware
ransom_13790,1,ransomware
ransom_13791,1,ransomware
ransom_13792,1,ransomware
ransom_13793,1,ransomware
ransom_13794,1,ransomware
ransom_13795,1,ransomware
ransom_13797,1,ransomware
ransom_13798,1,ransomware
ransom_13800,1,ransomware
ransom_13801,1,ransomware
ransom_13802,1,ransomware
ransom_13803,1,ransomware
ransom_13806,1,ransomware
ransom_13807,1,ransomware
ransom_13808,1,ransomware
ransom_1381,1,ransomware
ransom_13810,1,ransomware
ransom_13811,1,ransomware
ransom_13812,1,ransomware
ransom_13813,1,ransomware
ransom_13814,1,ransomware
ransom_13815,1,ransomware
ransom_13816,1,ransomware
ransom_13817,1,ransomware
ransom_13818,1,ransomware
ransom_13819,1,ransomware
ransom_1382,1,ransomware
ransom_13820,1,ransomware
ransom_13822,1,ransomware
ransom_13823,1,ransomware
ransom_13824,1,ransomware
ransom_13825,1,ransomware
ransom_13827,1,ransomware
ransom_13828,1,ransomware
ransom_13829,1,ransomware
ransom_1383,1,ransomware
ransom_13830,1,ransomware
ransom_13831,1,ransomware
ransom_13832,1,ransomware
ransom_13833,1,ransomware
ransom_13834,1,ransomware
ransom_13835,1,ransomware
ransom_13836,1,ransomware
ransom_13837,1,ransomware
ransom_13838,1,ransomware
ransom_13839,1,ransomware
ransom_13840,1,ransomware
ransom_13841,1,ransomware
ransom_13842,1,ransomware
ransom_13843,1,ransomware
ransom_13844,1,ransomware
ransom_13845,1,ransomware
ransom_13846,1,ransomware
ransom_13847,1,ransomware
ransom_13848,1,ransomware
ransom_1385,1,ransomware
ransom_13850,1,ransomware
ransom_13851,1,ransomware
ransom_13854,1,ransomware
ransom_13855,1,ransomware
ransom_13859,1,ransomware
ransom_1386,1,ransomware
ransom_13860,1,ransomware
ransom_13861,1,ransomware
ransom_13864,1,ransomware
ransom_13867,1,ransomware
ransom_13868,1,ransomware
ransom_13869,1,ransomware
ransom_1387,1,ransomware
ransom_13870,1,ransomware
ransom_13872,1,ransomware
ransom_13873,1,ransomware
ransom_13874,1,ransomware
ransom_13875,1,ransomware
ransom_13876,1,ransomware
ransom_13877,1,ransomware
ransom_13878,1,ransomware
ransom_13879,1,ransomware
ransom_1388,1,ransomware
ransom_13880,1,ransomware
ransom_13881,1,ransomware
ransom_13882,1,ransomware
ransom_13883,1,ransomware
ransom_13884,1,ransomware
ransom_13885,1,ransomware
ransom_13886,1,ransomware
ransom_13887,1,ransomware
ransom_13889,1,ransomware
ransom_1389,1,ransomware
ransom_13890,1,ransomware
ransom_13892,1,ransomware
ransom_13893,1,ransomware
ransom_13894,1,ransomware
ransom_13895,1,ransomware
ransom_13896,1,ransomware
ransom_13897,1,ransomware
ransom_13898,1,ransomware
ransom_13899,1,ransomware
ransom_1390,1,ransomware
ransom_13900,1,ransomware
ransom_13902,1,ransomware
ransom_13903,1,ransomware
ransom_13904,1,ransomware
ransom_13906,1,ransomware
ransom_13907,1,ransomware
ransom_13908,1,ransomware
ransom_1391,1,ransomware
ransom_13910,1,ransomware
ransom_13911,1,ransomware
ransom_13912,1,ransomware
ransom_13913,1,ransomware
ransom_13914,1,ransomware
ransom_13915,1,ransomware
ransom_13916,1,ransomware
ransom_13917,1,ransomware
ransom_13918,1,ransomware
ransom_13919,1,ransomware
ransom_1392,1,ransomware
ransom_13920,1,ransomware
ransom_13921,1,ransomware
ransom_13922,1,ransomware
ransom_13923,1,ransomware
ransom_13924,1,ransomware
ransom_13925,1,ransomware
ransom_13926,1,ransomware
ransom_13927,1,ransomware
ransom_13928,1,ransomware
ransom_13929,1,ransomware
ransom_1393,1,ransomware
ransom_13930,1,ransomware
ransom_13931,1,ransomware
ransom_13932,1,ransomware
ransom_13933,1,ransomware
ransom_13934,1,ransomware
ransom_13935,1,ransomware
ransom_13936,1,ransomware
ransom_13938,1,ransomware
ransom_13939,1,ransomware
ransom_1394,1,ransomware
ransom_13940,1,ransomware
ransom_13941,1,ransomware
ransom_13942,1,ransomware
ransom_13943,1,ransomware
ransom_13944,1,ransomware
ransom_13945,1,ransomware
ransom_13946,1,ransomware
ransom_1395,1,ransomware
ransom_13953,1,ransomware
ransom_13954,1,ransomware
ransom_13955,1,ransomware
ransom_13956,1,ransomware
ransom_13958,1,ransomware
ransom_13959,1,ransomware
ransom_13960,1,ransomware
ransom_13961,1,ransomware
ransom_13962,1,ransomware
ransom_13963,1,ransomware
ransom_13964,1,ransomware
ransom_13965,1,ransomware
ransom_13966,1,ransomware
ransom_13967,1,ransomware
ransom_13968,1,ransomware
ransom_13969,1,ransomware
ransom_13970,1,ransomware
ransom_13971,1,ransomware
ransom_13972,1,ransomware
ransom_13974,1,ransomware
ransom_13975,1,ransomware
ransom_13976,1,ransomware
ransom_13978,1,ransomware
ransom_13979,1,ransomware
ransom_1398,1,ransomware
ransom_13980,1,ransomware
ransom_13981,1,ransomware
ransom_13982,1,ransomware
ransom_13983,1,ransomware
ransom_13984,1,ransomware
ransom_13986,1,ransomware
ransom_13987,1,ransomware
ransom_13988,1,ransomware
ransom_13989,1,ransomware
ransom_1399,1,ransomware
ransom_13990,1,ransomware
ransom_13992,1,ransomware
ransom_13993,1,ransomware
ransom_13994,1,ransomware
ransom_13996,1,ransomware
ransom_13997,1,ransomware
ransom_13998,1,ransomware
ransom_13999,1,ransomware
ransom_1400,1,ransomware
ransom_14000,1,ransomware
ransom_14001,1,ransomware
ransom_14002,1,ransomware
ransom_14003,1,ransomware
ransom_14004,1,ransomware
ransom_14005,1,ransomware
ransom_14006,1,ransomware
ransom_14007,1,ransomware
ransom_14008,1,ransomware
ransom_14010,1,ransomware
ransom_14011,1,ransomware
ransom_14013,1,ransomware
ransom_14014,1,ransomware
ransom_14016,1,ransomware
ransom_14017,1,ransomware
ransom_14018,1,ransomware
ransom_1402,1,ransomware
ransom_14020,1,ransomware
ransom_14022,1,ransomware
ransom_14023,1,ransomware
ransom_14024,1,ransomware
ransom_14025,1,ransomware
ransom_14026,1,ransomware
ransom_14027,1,ransomware
ransom_14028,1,ransomware
ransom_14029,1,ransomware
ransom_14031,1,ransomware
ransom_14033,1,ransomware
ransom_14034,1,ransomware
ransom_14035,1,ransomware
ransom_14037,1,ransomware
ransom_14038,1,ransomware
ransom_14040,1,ransomware
ransom_14042,1,ransomware
ransom_14043,1,ransomware
ransom_14045,1,ransomware
ransom_14048,1,ransomware
ransom_14049,1,ransomware
ransom_1405,1,ransomware
ransom_14050,1,ransomware
ransom_14051,1,ransomware
ransom_14052,1,ransomware
ransom_14053,1,ransomware
ransom_14054,1,ransomware
ransom_14055,1,ransomware
ransom_14056,1,ransomware
ransom_14057,1,ransomware
ransom_14059,1,ransomware
ransom_1406,1,ransomware
ransom_14060,1,ransomware
ransom_14061,1,ransomware
ransom_14062,1,ransomware
ransom_14064,1,ransomware
ransom_14065,1,ransomware
ransom_14067,1,ransomware
ransom_14068,1,ransomware
ransom_14069,1,ransomware
ransom_14070,1,ransomware
ransom_14071,1,ransomware
ransom_14072,1,ransomware
ransom_14073,1,ransomware
ransom_14074,1,ransomware
ransom_14076,1,ransomware
ransom_14077,1,ransomware
ransom_14078,1,ransomware
ransom_14079,1,ransomware
ransom_1408,1,ransomware
ransom_14080,1,ransomware
ransom_14081,1,ransomware
ransom_14082,1,ransomware
ransom_14083,1,ransomware
ransom_14084,1,ransomware
ransom_14085,1,ransomware
ransom_14086,1,ransomware
ransom_14088,1,ransomware
ransom_14089,1,ransomware
ransom_14090,1,ransomware
ransom_14091,1,ransomware
ransom_14092,1,ransomware
ransom_14093,1,ransomware
ransom_14094,1,ransomware
ransom_14095,1,ransomware
ransom_14096,1,ransomware
ransom_14097,1,ransomware
ransom_14098,1,ransomware
ransom_14099,1,ransomware
ransom_1410,1,ransomware
ransom_14101,1,ransomware
ransom_14102,1,ransomware
ransom_14103,1,ransomware
ransom_14104,1,ransomware
ransom_14105,1,ransomware
ransom_14106,1,ransomware
ransom_14107,1,ransomware
ransom_14108,1,ransomware
ransom_14109,1,ransomware
ransom_14110,1,ransomware
ransom_14111,1,ransomware
ransom_14112,1,ransomware
ransom_14113,1,ransomware
ransom_14115,1,ransomware
ransom_14116,1,ransomware
ransom_14117,1,ransomware
ransom_14118,1,ransomware
ransom_14119,1,ransomware
ransom_1412,1,ransomware
ransom_14120,1,ransomware
ransom_14121,1,ransomware
ransom_14122,1,ransomware
ransom_14123,1,ransomware
ransom_14124,1,ransomware
ransom_14125,1,ransomware
ransom_14126,1,ransomware
ransom_14128,1,ransomware
ransom_14129,1,ransomware
ransom_14131,1,ransomware
ransom_14132,1,ransomware
ransom_14134,1,ransomware
ransom_14136,1,ransomware
ransom_14137,1,ransomware
ransom_14138,1,ransomware
ransom_14139,1,ransomware
ransom_1414,1,ransomware
ransom_14140,1,ransomware
ransom_14141,1,ransomware
ransom_14142,1,ransomware
ransom_14143,1,ransomware
ransom_14144,1,ransomware
ransom_14145,1,ransomware
ransom_14147,1,ransomware
ransom_14148,1,ransomware
ransom_14149,1,ransomware
ransom_1415,1,ransomware
ransom_14151,1,ransomware
ransom_14152,1,ransomware
ransom_14153,1,ransomware
ransom_14155,1,ransomware
ransom_14157,1,ransomware
ransom_14158,1,ransomware
ransom_14160,1,ransomware
ransom_14161,1,ransomware
ransom_14162,1,ransomware
ransom_14163,1,ransomware
ransom_14164,1,ransomware
ransom_14165,1,ransomware
ransom_14166,1,ransomware
ransom_14167,1,ransomware
ransom_14168,1,ransomware
ransom_1417,1,ransomware
ransom_14170,1,ransomware
ransom_14172,1,ransomware
ransom_14176,1,ransomware
ransom_14177,1,ransomware
ransom_14178,1,ransomware
ransom_14179,1,ransomware
ransom_1418,1,ransomware
ransom_14180,1,ransomware
ransom_14181,1,ransomware
ransom_14182,1,ransomware
ransom_14183,1,ransomware
ransom_14184,1,ransomware
ransom_14185,1,ransomware
ransom_14186,1,ransomware
ransom_14187,1,ransomware
ransom_14188,1,ransomware
ransom_1419,1,ransomware
ransom_14190,1,ransomware
ransom_14191,1,ransomware
ransom_14192,1,ransomware
ransom_14193,1,ransomware
ransom_14194,1,ransomware
ransom_14195,1,ransomware
ransom_14196,1,ransomware
ransom_14197,1,ransomware
ransom_14198,1,ransomware
ransom_14199,1,ransomware
ransom_14200,1,ransomware
ransom_14202,1,ransomware
ransom_14203,1,ransomware
ransom_14205,1,ransomware
ransom_14207,1,ransomware
ransom_14208,1,ransomware
ransom_14209,1,ransomware
ransom_1421,1,ransomware
ransom_14211,1,ransomware
ransom_14212,1,ransomware
ransom_14214,1,ransomware
ransom_14215,1,ransomware
ransom_14217,1,ransomware
ransom_14218,1,ransomware
ransom_14219,1,ransomware
ransom_1422,1,ransomware
ransom_14220,1,ransomware
ransom_14221,1,ransomware
ransom_14222,1,ransomware
ransom_14223,1,ransomware
ransom_14224,1,ransomware
ransom_14226,1,ransomware
ransom_14227,1,ransomware
ransom_14228,1,ransomware
ransom_14229,1,ransomware
ransom_1423,1,ransomware
ransom_14230,1,ransomware
ransom_14231,1,ransomware
ransom_14234,1,ransomware
ransom_14236,1,ransomware
ransom_14237,1,ransomware
ransom_14239,1,ransomware
ransom_1424,1,ransomware
ransom_14240,1,ransomware
ransom_14241,1,ransomware
ransom_14242,1,ransomware
ransom_14243,1,ransomware
ransom_14245,1,ransomware
ransom_14249,1,ransomware
ransom_1425,1,ransomware
ransom_14251,1,ransomware
ransom_14252,1,ransomware
ransom_14253,1,ransomware
ransom_14254,1,ransomware
ransom_14255,1,ransomware
ransom_14256,1,ransomware
ransom_14257,1,ransomware
ransom_14258,1,ransomware
ransom_14259,1,ransomware
ransom_14261,1,ransomware
ransom_14262,1,ransomware
ransom_14263,1,ransomware
ransom_14265,1,ransomware
ransom_14266,1,ransomware
ransom_14268,1,ransomware
ransom_14269,1,ransomware
ransom_1427,1,ransomware
ransom_14270,1,ransomware
ransom_14271,1,ransomware
ransom_14273,1,ransomware
ransom_14274,1,ransomware
ransom_14275,1,ransomware
ransom_14276,1,ransomware
ransom_14278,1,ransomware
ransom_14279,1,ransomware
ransom_1428,1,ransomware
ransom_14280,1,ransomware
ransom_14281,1,ransomware
ransom_14282,1,ransomware
ransom_14283,1,ransomware
ransom_14284,1,ransomware
ransom_14285,1,ransomware
ransom_14286,1,ransomware
ransom_14287,1,ransomware
ransom_14288,1,ransomware
ransom_1429,1,ransomware
ransom_14290,1,ransomware
ransom_14291,1,ransomware
ransom_14292,1,ransomware
ransom_14294,1,ransomware
ransom_14296,1,ransomware
ransom_14297,1,ransomware
ransom_14298,1,ransomware
ransom_14299,1,ransomware
ransom_1430,1,ransomware
ransom_14300,1,ransomware
ransom_14301,1,ransomware
ransom_14302,1,ransomware
ransom_14303,1,ransomware
ransom_14304,1,ransomware
ransom_14305,1,ransomware
ransom_14306,1,ransomware
ransom_14307,1,ransomware
ransom_14309,1,ransomware
ransom_1431,1,ransomware
ransom_14310,1,ransomware
ransom_14311,1,ransomware
ransom_14312,1,ransomware
ransom_14314,1,ransomware
ransom_14315,1,ransomware
ransom_14316,1,ransomware
ransom_14317,1,ransomware
ransom_14318,1,ransomware
ransom_14319,1,ransomware
ransom_1432,1,ransomware
ransom_14321,1,ransomware
ransom_14322,1,ransomware
ransom_14323,1,ransomware
ransom_14324,1,ransomware
ransom_14326,1,ransomware
ransom_14327,1,ransomware
ransom_14328,1,ransomware
ransom_14329,1,ransomware
ransom_1433,1,ransomware
ransom_14330,1,ransomware
ransom_14331,1,ransomware
ransom_14332,1,ransomware
ransom_14333,1,ransomware
ransom_14334,1,ransomware
ransom_14335,1,ransomware
ransom_14336,1,ransomware
ransom_14337,1,ransomware
ransom_14338,1,ransomware
ransom_1434,1,ransomware
ransom_14341,1,ransomware
ransom_14344,1,ransomware
ransom_14346,1,ransomware
ransom_14347,1,ransomware
ransom_14349,1,ransomware
ransom_14350,1,ransomware
ransom_14351,1,ransomware
ransom_14352,1,ransomware
ransom_14353,1,ransomware
ransom_14355,1,ransomware
ransom_14357,1,ransomware
ransom_14359,1,ransomware
ransom_1436,1,ransomware
ransom_14360,1,ransomware
ransom_14362,1,ransomware
ransom_14363,1,ransomware
ransom_14364,1,ransomware
ransom_14365,1,ransomware
ransom_14366,1,ransomware
ransom_14367,1,ransomware
ransom_14368,1,ransomware
ransom_14369,1,ransomware
ransom_14370,1,ransomware
ransom_14372,1,ransomware
ransom_14374,1,ransomware
ransom_14375,1,ransomware
ransom_14376,1,ransomware
ransom_14377,1,ransomware
ransom_14378,1,ransomware
ransom_14379,1,ransomware
ransom_1438,1,ransomware
ransom_14381,1,ransomware
ransom_14382,1,ransomware
ransom_14383,1,ransomware
ransom_14384,1,ransomware
ransom_14386,1,ransomware
ransom_14387,1,ransomware
ransom_14388,1,ransomware
ransom_1439,1,ransomware
ransom_14390,1,ransomware
ransom_14391,1,ransomware
ransom_14392,1,ransomware
ransom_14394,1,ransomware
ransom_14395,1,ransomware
ransom_14396,1,ransomware
ransom_14397,1,ransomware
ransom_14398,1,ransomware
ransom_14399,1,ransomware
ransom_1440,1,ransomware
ransom_14400,1,ransomware
ransom_14401,1,ransomware
ransom_14403,1,ransomware
ransom_14404,1,ransomware
ransom_14406,1,ransomware
ransom_14407,1,ransomware
ransom_14408,1,ransomware
ransom_14409,1,ransomware
ransom_1441,1,ransomware
ransom_14410,1,ransomware
ransom_14411,1,ransomware
ransom_14412,1,ransomware
ransom_14413,1,ransomware
ransom_14414,1,ransomware
ransom_14415,1,ransomware
ransom_14416,1,ransomware
ransom_14417,1,ransomware
ransom_14418,1,ransomware
ransom_14419,1,ransomware
ransom_1442,1,ransomware
ransom_14420,1,ransomware
ransom_14421,1,ransomware
ransom_14422,1,ransomware
ransom_14423,1,ransomware
ransom_14424,1,ransomware
ransom_14426,1,ransomware
ransom_14427,1,ransomware
ransom_14428,1,ransomware
ransom_14429,1,ransomware
ransom_1443,1,ransomware
ransom_14430,1,ransomware
ransom_14431,1,ransomware
ransom_14432,1,ransomware
ransom_14433,1,ransomware
ransom_14434,1,ransomware
ransom_14435,1,ransomware
ransom_14437,1,ransomware
ransom_14438,1,ransomware
ransom_14439,1,ransomware
ransom_1444,1,ransomware
ransom_14440,1,ransomware
ransom_14441,1,ransomware
ransom_14442,1,ransomware
ransom_14444,1,ransomware
ransom_14446,1,ransomware
ransom_14448,1,ransomware
ransom_14449,1,ransomware
ransom_1445,1,ransomware
ransom_14451,1,ransomware
ransom_14453,1,ransomware
ransom_14454,1,ransomware
ransom_14455,1,ransomware
ransom_14457,1,ransomware
ransom_14458,1,ransomware
ransom_1446,1,ransomware
ransom_14462,1,ransomware
ransom_14463,1,ransomware
ransom_14464,1,ransomware
ransom_14465,1,ransomware
ransom_14466,1,ransomware
ransom_14467,1,ransomware
ransom_14468,1,ransomware
ransom_14469,1,ransomware
ransom_1447,1,ransomware
ransom_14470,1,ransomware
ransom_14471,1,ransomware
ransom_14472,1,ransomware
ransom_14473,1,ransomware
ransom_14474,1,ransomware
ransom_14475,1,ransomware
ransom_14476,1,ransomware
ransom_14477,1,ransomware
ransom_1448,1,ransomware
ransom_14480,1,ransomware
ransom_14482,1,ransomware
ransom_14483,1,ransomware
ransom_14484,1,ransomware
ransom_14485,1,ransomware
ransom_14487,1,ransomware
ransom_14488,1,ransomware
ransom_14489,1,ransomware
ransom_1449,1,ransomware
ransom_14491,1,ransomware
ransom_14492,1,ransomware
ransom_14493,1,ransomware
ransom_14494,1,ransomware
ransom_14495,1,ransomware
ransom_14496,1,ransomware
ransom_14499,1,ransomware
ransom_1450,1,ransomware
ransom_14500,1,ransomware
ransom_14502,1,ransomware
ransom_14503,1,ransomware
ransom_14504,1,ransomware
ransom_14505,1,ransomware
ransom_14506,1,ransomware
ransom_14507,1,ransomware
ransom_14508,1,ransomware
ransom_14509,1,ransomware
ransom_1451,1,ransomware
ransom_14510,1,ransomware
ransom_14512,1,ransomware
ransom_14513,1,ransomware
ransom_14514,1,ransomware
ransom_14515,1,ransomware
ransom_14516,1,ransomware
ransom_14517,1,ransomware
ransom_14518,1,ransomware
ransom_14519,1,ransomware
ransom_1452,1,ransomware
ransom_14520,1,ransomware
ransom_14522,1,ransomware
ransom_14523,1,ransomware
ransom_14525,1,ransomware
ransom_14527,1,ransomware
ransom_14528,1,ransomware
ransom_14529,1,ransomware
ransom_1453,1,ransomware
ransom_14530,1,ransomware
ransom_14531,1,ransomware
ransom_14532,1,ransomware
ransom_14533,1,ransomware
ransom_14534,1,ransomware
ransom_14535,1,ransomware
ransom_14536,1,ransomware
ransom_14537,1,ransomware
ransom_14538,1,ransomware
ransom_14539,1,ransomware
ransom_1454,1,ransomware
ransom_14540,1,ransomware
ransom_14542,1,ransomware
ransom_14544,1,ransomware
ransom_14545,1,ransomware
ransom_14546,1,ransomware
ransom_14547,1,ransomware
ransom_14548,1,ransomware
ransom_14549,1,ransomware
ransom_1455,1,ransomware
ransom_14550,1,ransomware
ransom_14551,1,ransomware
ransom_14553,1,ransomware
ransom_14554,1,ransomware
ransom_14555,1,ransomware
ransom_14556,1,ransomware
ransom_14558,1,ransomware
ransom_14559,1,ransomware
ransom_1456,1,ransomware
ransom_14560,1,ransomware
ransom_14561,1,ransomware
ransom_14562,1,ransomware
ransom_14564,1,ransomware
ransom_14565,1,ransomware
ransom_14566,1,ransomware
ransom_14567,1,ransomware
ransom_14568,1,ransomware
ransom_14569,1,ransomware
ransom_1457,1,ransomware
ransom_14570,1,ransomware
ransom_14572,1,ransomware
ransom_14573,1,ransomware
ransom_14575,1,ransomware
ransom_14576,1,ransomware
ransom_14577,1,ransomware
ransom_14578,1,ransomware
ransom_1458,1,ransomware
ransom_14580,1,ransomware
ransom_14581,1,ransomware
ransom_14583,1,ransomware
ransom_14584,1,ransomware
ransom_14585,1,ransomware
ransom_14586,1,ransomware
ransom_14587,1,ransomware
ransom_14591,1,ransomware
ransom_14592,1,ransomware
ransom_14594,1,ransomware
ransom_14595,1,ransomware
ransom_14596,1,ransomware
ransom_14598,1,ransomware
ransom_14599,1,ransomware
ransom_14600,1,ransomware
ransom_14601,1,ransomware
ransom_14602,1,ransomware
ransom_14604,1,ransomware
ransom_14605,1,ransomware
ransom_14606,1,ransomware
ransom_14607,1,ransomware
ransom_14609,1,ransomware
ransom_1461,1,ransomware
ransom_14610,1,ransomware
ransom_14611,1,ransomware
ransom_14612,1,ransomware
ransom_14613,1,ransomware
ransom_14614,1,ransomware
ransom_14615,1,ransomware
ransom_14616,1,ransomware
ransom_14618,1,ransomware
ransom_14619,1,ransomware
ransom_1462,1,ransomware
ransom_14621,1,ransomware
ransom_14622,1,ransomware
ransom_14623,1,ransomware
ransom_14624,1,ransomware
ransom_14625,1,ransomware
ransom_14626,1,ransomware
ransom_1463,1,ransomware
ransom_14631,1,ransomware
ransom_14632,1,ransomware
ransom_14633,1,ransomware
ransom_14635,1,ransomware
ransom_14637,1,ransomware
ransom_14638,1,ransomware
ransom_1464,1,ransomware
ransom_14640,1,ransomware
ransom_14641,1,ransomware
ransom_14642,1,ransomware
ransom_14643,1,ransomware
ransom_14644,1,ransomware
ransom_14645,1,ransomware
ransom_14646,1,ransomware
ransom_14647,1,ransomware
ransom_14648,1,ransomware
ransom_14649,1,ransomware
ransom_1465,1,ransomware
ransom_14652,1,ransomware
ransom_14653,1,ransomware
ransom_14654,1,ransomware
ransom_14655,1,ransomware
ransom_14656,1,ransomware
ransom_14657,1,ransomware
ransom_14658,1,ransomware
ransom_14659,1,ransomware
ransom_1466,1,ransomware
ransom_14660,1,ransomware
ransom_14661,1,ransomware
ransom_14662,1,ransomware
ransom_14663,1,ransomware
ransom_14664,1,ransomware
ransom_14665,1,ransomware
ransom_14667,1,ransomware
ransom_14668,1,ransomware
ransom_14669,1,ransomware
ransom_1467,1,ransomware
ransom_14670,1,ransomware
ransom_14671,1,ransomware
ransom_14674,1,ransomware
ransom_14676,1,ransomware
ransom_14678,1,ransomware
ransom_14679,1,ransomware
ransom_1468,1,ransomware
ransom_14680,1,ransomware
ransom_14681,1,ransomware
ransom_14683,1,ransomware
ransom_14684,1,ransomware
ransom_14685,1,ransomware
ransom_14688,1,ransomware
ransom_14689,1,ransomware
ransom_1469,1,ransomware
ransom_14690,1,ransomware
ransom_14691,1,ransomware
ransom_14692,1,ransomware
ransom_14693,1,ransomware
ransom_14694,1,ransomware
ransom_14696,1,ransomware
ransom_14697,1,ransomware
ransom_14698,1,ransomware
ransom_14699,1,ransomware
ransom_1470,1,ransomware
ransom_14700,1,ransomware
ransom_14703,1,ransomware
ransom_14704,1,ransomware
ransom_14705,1,ransomware
ransom_14706,1,ransomware
ransom_14707,1,ransomware
ransom_14708,1,ransomware
ransom_14709,1,ransomware
ransom_1471,1,ransomware
ransom_14710,1,ransomware
ransom_14711,1,ransomware
ransom_14713,1,ransomware
ransom_14714,1,ransomware
ransom_14715,1,ransomware
ransom_14716,1,ransomware
ransom_14717,1,ransomware
ransom_14718,1,ransomware
ransom_14719,1,ransomware
ransom_1472,1,ransomware
ransom_14720,1,ransomware
ransom_14721,1,ransomware
ransom_14722,1,ransomware
ransom_14723,1,ransomware
ransom_14724,1,ransomware
ransom_14725,1,ransomware
ransom_14727,1,ransomware
ransom_14728,1,ransomware
ransom_14729,1,ransomware
ransom_1473,1,ransomware
ransom_14730,1,ransomware
ransom_14731,1,ransomware
ransom_14732,1,ransomware
ransom_14733,1,ransomware
ransom_14735,1,ransomware
ransom_14736,1,ransomware
ransom_14737,1,ransomware
ransom_14738,1,ransomware
ransom_14739,1,ransomware
ransom_1474,1,ransomware
ransom_14740,1,ransomware
ransom_14741,1,ransomware
ransom_14742,1,ransomware
ransom_14745,1,ransomware
ransom_14746,1,ransomware
ransom_14747,1,ransomware
ransom_14748,1,ransomware
ransom_14749,1,ransomware
ransom_1475,1,ransomware
ransom_14750,1,ransomware
ransom_14751,1,ransomware
ransom_14752,1,ransomware
ransom_14754,1,ransomware
ransom_14756,1,ransomware
ransom_14757,1,ransomware
ransom_14758,1,ransomware
ransom_14759,1,ransomware
ransom_1476,1,ransomware
ransom_14761,1,ransomware
ransom_14762,1,ransomware
ransom_14763,1,ransomware
ransom_14764,1,ransomware
ransom_14765,1,ransomware
ransom_14767,1,ransomware
ransom_14768,1,ransomware
ransom_14769,1,ransomware
ransom_14770,1,ransomware
ransom_14771,1,ransomware
ransom_14772,1,ransomware
ransom_14773,1,ransomware
ransom_14775,1,ransomware
ransom_14776,1,ransomware
ransom_14777,1,ransomware
ransom_14778,1,ransomware
ransom_14780,1,ransomware
ransom_14781,1,ransomware
ransom_14782,1,ransomware
ransom_14783,1,ransomware
ransom_14785,1,ransomware
ransom_14786,1,ransomware
ransom_14787,1,ransomware
ransom_14788,1,ransomware
ransom_14790,1,ransomware
ransom_14791,1,ransomware
ransom_14792,1,ransomware
ransom_14794,1,ransomware
ransom_14796,1,ransomware
ransom_14798,1,ransomware
ransom_14799,1,ransomware
ransom_14800,1,ransomware
ransom_14801,1,ransomware
ransom_14802,1,ransomware
ransom_14803,1,ransomware
ransom_14806,1,ransomware
ransom_14807,1,ransomware
ransom_14808,1,ransomware
ransom_14809,1,ransomware
ransom_1481,1,ransomware
ransom_14810,1,ransomware
ransom_14811,1,ransomware
ransom_14812,1,ransomware
ransom_14815,1,ransomware
ransom_14817,1,ransomware
ransom_14819,1,ransomware
ransom_1482,1,ransomware
ransom_14820,1,ransomware
ransom_14823,1,ransomware
ransom_14824,1,ransomware
ransom_14825,1,ransomware
ransom_14826,1,ransomware
ransom_14827,1,ransomware
ransom_14828,1,ransomware
ransom_14829,1,ransomware
ransom_1483,1,ransomware
ransom_14831,1,ransomware
ransom_14832,1,ransomware
ransom_14833,1,ransomware
ransom_14836,1,ransomware
ransom_14837,1,ransomware
ransom_14838,1,ransomware
ransom_14839,1,ransomware
ransom_1484,1,ransomware
ransom_14840,1,ransomware
ransom_14841,1,ransomware
ransom_14842,1,ransomware
ransom_14843,1,ransomware
ransom_14844,1,ransomware
ransom_14845,1,ransomware
ransom_14846,1,ransomware
ransom_14847,1,ransomware
ransom_14848,1,ransomware
ransom_14849,1,ransomware
ransom_1485,1,ransomware
ransom_14850,1,ransomware
ransom_14851,1,ransomware
ransom_14853,1,ransomware
ransom_14854,1,ransomware
ransom_14855,1,ransomware
ransom_14856,1,ransomware
ransom_14858,1,ransomware
ransom_1486,1,ransomware
ransom_14860,1,ransomware
ransom_14861,1,ransomware
ransom_14862,1,ransomware
ransom_14863,1,ransomware
ransom_14864,1,ransomware
ransom_14865,1,ransomware
ransom_14869,1,ransomware
ransom_14870,1,ransomware
ransom_14871,1,ransomware
ransom_14872,1,ransomware
ransom_14873,1,ransomware
ransom_14876,1,ransomware
ransom_14877,1,ransomware
ransom_14878,1,ransomware
ransom_14879,1,ransomware
ransom_1488,1,ransomware
ransom_14881,1,ransomware
ransom_14883,1,ransomware
ransom_14884,1,ransomware
ransom_14885,1,ransomware
ransom_14886,1,ransomware
ransom_14887,1,ransomware
ransom_14889,1,ransomware
ransom_1489,1,ransomware
ransom_14890,1,ransomware
ransom_14891,1,ransomware
ransom_14893,1,ransomware
ransom_14894,1,ransomware
ransom_14895,1,ransomware
ransom_14896,1,ransomware
ransom_14897,1,ransomware
ransom_14898,1,ransomware
ransom_14899,1,ransomware
ransom_1490,1,ransomware
ransom_14900,1,ransomware
ransom_14901,1,ransomware
ransom_14902,1,ransomware
ransom_14903,1,ransomware
ransom_14904,1,ransomware
ransom_14905,1,ransomware
ransom_14906,1,ransomware
ransom_14908,1,ransomware
ransom_14909,1,ransomware
ransom_1491,1,ransomware
ransom_14911,1,ransomware
ransom_14912,1,ransomware
ransom_14914,1,ransomware
ransom_14916,1,ransomware
ransom_14917,1,ransomware
ransom_14918,1,ransomware
ransom_14920,1,ransomware
ransom_14921,1,ransomware
ransom_14922,1,ransomware
ransom_14923,1,ransomware
ransom_14925,1,ransomware
ransom_14926,1,ransomware
ransom_14927,1,ransomware
ransom_14929,1,ransomware
ransom_1493,1,ransomware
ransom_14930,1,ransomware
ransom_14931,1,ransomware
ransom_14932,1,ransomware
ransom_14933,1,ransomware
ransom_14934,1,ransomware
ransom_14935,1,ransomware
ransom_14936,1,ransomware
ransom_14938,1,ransomware
ransom_14939,1,ransomware
ransom_1494,1,ransomware
ransom_14940,1,ransomware
ransom_14941,1,ransomware
ransom_14942,1,ransomware
ransom_14943,1,ransomware
ransom_14944,1,ransomware
ransom_14946,1,ransomware
ransom_14948,1,ransomware
ransom_14949,1,ransomware
ransom_1495,1,ransomware
ransom_14952,1,ransomware
ransom_14953,1,ransomware
ransom_14954,1,ransomware
ransom_14956,1,ransomware
ransom_14957,1,ransomware
ransom_14958,1,ransomware
ransom_14959,1,ransomware
ransom_1496,1,ransomware
ransom_14960,1,ransomware
ransom_14961,1,ransomware
ransom_14962,1,ransomware
ransom_14963,1,ransomware
ransom_14964,1,ransomware
ransom_14965,1,ransomware
ransom_14966,1,ransomware
ransom_14967,1,ransomware
ransom_14968,1,ransomware
ransom_1497,1,ransomware
ransom_14970,1,ransomware
ransom_14973,1,ransomware
ransom_14975,1,ransomware
ransom_14976,1,ransomware
ransom_14978,1,ransomware
ransom_14979,1,ransomware
ransom_14980,1,ransomware
ransom_14981,1,ransomware
ransom_14982,1,ransomware
ransom_14983,1,ransomware
ransom_14984,1,ransomware
ransom_14985,1,ransomware
ransom_14986,1,ransomware
ransom_14987,1,ransomware
ransom_14988,1,ransomware
ransom_14989,1,ransomware
ransom_14990,1,ransomware
ransom_14991,1,ransomware
ransom_14992,1,ransomware
ransom_14993,1,ransomware
ransom_14995,1,ransomware
ransom_14996,1,ransomware
ransom_14997,1,ransomware
ransom_14998,1,ransomware
ransom_14999,1,ransomware
ransom_1500,1,ransomware
ransom_15000,1,ransomware
ransom_15001,1,ransomware
ransom_15002,1,ransomware
ransom_15003,1,ransomware
ransom_15004,1,ransomware
ransom_15005,1,ransomware
ransom_15007,1,ransomware
ransom_15008,1,ransomware
ransom_1501,1,ransomware
ransom_15011,1,ransomware
ransom_15012,1,ransomware
ransom_15013,1,ransomware
ransom_15014,1,ransomware
ransom_15016,1,ransomware
ransom_15017,1,ransomware
ransom_15019,1,ransomware
ransom_1502,1,ransomware
ransom_15020,1,ransomware
ransom_15021,1,ransomware
ransom_15022,1,ransomware
ransom_15024,1,ransomware
ransom_15026,1,ransomware
ransom_15027,1,ransomware
ransom_15029,1,ransomware
ransom_1503,1,ransomware
ransom_15030,1,ransomware
ransom_15032,1,ransomware
ransom_15033,1,ransomware
ransom_15034,1,ransomware
ransom_15036,1,ransomware
ransom_15038,1,ransomware
ransom_1504,1,ransomware
ransom_15040,1,ransomware
ransom_15041,1,ransomware
ransom_15042,1,ransomware
ransom_15043,1,ransomware
ransom_15046,1,ransomware
ransom_15047,1,ransomware
ransom_15048,1,ransomware
ransom_15049,1,ransomware
ransom_1505,1,ransomware
ransom_15051,1,ransomware
ransom_15052,1,ransomware
ransom_15053,1,ransomware
ransom_15054,1,ransomware
ransom_15055,1,ransomware
ransom_15056,1,ransomware
ransom_15057,1,ransomware
ransom_1506,1,ransomware
ransom_15061,1,ransomware
ransom_15062,1,ransomware
ransom_15063,1,ransomware
ransom_15065,1,ransomware
ransom_15066,1,ransomware
ransom_15069,1,ransomware
ransom_1507,1,ransomware
ransom_15070,1,ransomware
ransom_15071,1,ransomware
ransom_15073,1,ransomware
ransom_15075,1,ransomware
ransom_15077,1,ransomware
ransom_15078,1,ransomware
ransom_15079,1,ransomware
ransom_1508,1,ransomware
ransom_15082,1,ransomware
ransom_15084,1,ransomware
ransom_15086,1,ransomware
ransom_15087,1,ransomware
ransom_15088,1,ransomware
ransom_15089,1,ransomware
ransom_1509,1,ransomware
ransom_15091,1,ransomware
ransom_15092,1,ransomware
ransom_15094,1,ransomware
ransom_15095,1,ransomware
ransom_15096,1,ransomware
ransom_15097,1,ransomware
ransom_15098,1,ransomware
ransom_15099,1,ransomware
ransom_1510,1,ransomware
ransom_15101,1,ransomware
ransom_15102,1,ransomware
ransom_15103,1,ransomware
ransom_15105,1,ransomware
ransom_15106,1,ransomware
ransom_15107,1,ransomware
ransom_15108,1,ransomware
ransom_15109,1,ransomware
ransom_1511,1,ransomware
ransom_15110,1,ransomware
ransom_15111,1,ransomware
ransom_15112,1,ransomware
ransom_15113,1,ransomware
ransom_15114,1,ransomware
ransom_15116,1,ransomware
ransom_15119,1,ransomware
ransom_1512,1,ransomware
ransom_15120,1,ransomware
ransom_15122,1,ransomware
ransom_15124,1,ransomware
ransom_15125,1,ransomware
ransom_15127,1,ransomware
ransom_15128,1,ransomware
ransom_15129,1,ransomware
ransom_15132,1,ransomware
ransom_15133,1,ransomware
ransom_15134,1,ransomware
ransom_15135,1,ransomware
ransom_15136,1,ransomware
ransom_15137,1,ransomware
ransom_15138,1,ransomware
ransom_1514,1,ransomware
ransom_15140,1,ransomware
ransom_15141,1,ransomware
ransom_15143,1,ransomware
ransom_15144,1,ransomware
ransom_15146,1,ransomware
ransom_15147,1,ransomware
ransom_15148,1,ransomware
ransom_15149,1,ransomware
ransom_1515,1,ransomware
ransom_15150,1,ransomware
ransom_15151,1,ransomware
ransom_15152,1,ransomware
ransom_15153,1,ransomware
ransom_15154,1,ransomware
ransom_15155,1,ransomware
ransom_15156,1,ransomware
ransom_15157,1,ransomware
ransom_15158,1,ransomware
ransom_15160,1,ransomware
ransom_15161,1,ransomware
ransom_15162,1,ransomware
ransom_15163,1,ransomware
ransom_15164,1,ransomware
ransom_15165,1,ransomware
ransom_15166,1,ransomware
ransom_15168,1,ransomware
ransom_15169,1,ransomware
ransom_1517,1,ransomware
ransom_15171,1,ransomware
ransom_15173,1,ransomware
ransom_15174,1,ransomware
ransom_15175,1,ransomware
ransom_15176,1,ransomware
ransom_15177,1,ransomware
ransom_15178,1,ransomware
ransom_1518,1,ransomware
ransom_15180,1,ransomware
ransom_15181,1,ransomware
ransom_15182,1,ransomware
ransom_15184,1,ransomware
ransom_15185,1,ransomware
ransom_15187,1,ransomware
ransom_15188,1,ransomware
ransom_15190,1,ransomware
ransom_15192,1,ransomware
ransom_15193,1,ransomware
ransom_15194,1,ransomware
ransom_15195,1,ransomware
ransom_15196,1,ransomware
ransom_15198,1,ransomware
ransom_15199,1,ransomware
ransom_1520,1,ransomware
ransom_15200,1,ransomware
ransom_15202,1,ransomware
ransom_15203,1,ransomware
ransom_15204,1,ransomware
ransom_15205,1,ransomware
ransom_15206,1,ransomware
ransom_15207,1,ransomware
ransom_15208,1,ransomware
ransom_15209,1,ransomware
ransom_1521,1,ransomware
ransom_15212,1,ransomware
ransom_15213,1,ransomware
ransom_15214,1,ransomware
ransom_15215,1,ransomware
ransom_15216,1,ransomware
ransom_15217,1,ransomware
ransom_15218,1,ransomware
ransom_15219,1,ransomware
ransom_1522,1,ransomware
ransom_15220,1,ransomware
ransom_15221,1,ransomware
ransom_15223,1,ransomware
ransom_15224,1,ransomware
ransom_15225,1,ransomware
ransom_15227,1,ransomware
ransom_15228,1,ransomware
ransom_15229,1,ransomware
ransom_1523,1,ransomware
ransom_15230,1,ransomware
ransom_15231,1,ransomware
ransom_15232,1,ransomware
ransom_15233,1,ransomware
ransom_15234,1,ransomware
ransom_15235,1,ransomware
ransom_15236,1,ransomware
ransom_15237,1,ransomware
ransom_15238,1,ransomware
ransom_15239,1,ransomware
ransom_15241,1,ransomware
ransom_15242,1,ransomware
ransom_15243,1,ransomware
ransom_15244,1,ransomware
ransom_15245,1,ransomware
ransom_15248,1,ransomware
ransom_15249,1,ransomware
ransom_1525,1,ransomware
ransom_15250,1,ransomware
ransom_15251,1,ransomware
ransom_15252,1,ransomware
ransom_15253,1,ransomware
ransom_15254,1,ransomware
ransom_15256,1,ransomware
ransom_15257,1,ransomware
ransom_15258,1,ransomware
ransom_15259,1,ransomware
ransom_1526,1,ransomware
ransom_15260,1,ransomware
ransom_15264,1,ransomware
ransom_15265,1,ransomware
ransom_15266,1,ransomware
ransom_15268,1,ransomware
ransom_15269,1,ransomware
ransom_15270,1,ransomware
ransom_15271,1,ransomware
ransom_15272,1,ransomware
ransom_15273,1,ransomware
ransom_15274,1,ransomware
ransom_15275,1,ransomware
ransom_15276,1,ransomware
ransom_15277,1,ransomware
ransom_15278,1,ransomware
ransom_15279,1,ransomware
ransom_15280,1,ransomware
ransom_15281,1,ransomware
ransom_15282,1,ransomware
ransom_15283,1,ransomware
ransom_15286,1,ransomware
ransom_15287,1,ransomware
ransom_15289,1,ransomware
ransom_1529,1,ransomware
ransom_15290,1,ransomware
ransom_15291,1,ransomware
ransom_15292,1,ransomware
ransom_15293,1,ransomware
ransom_15295,1,ransomware
ransom_15296,1,ransomware
ransom_15297,1,ransomware
ransom_15298,1,ransomware
ransom_15299,1,ransomware
ransom_1530,1,ransomware
ransom_15300,1,ransomware
ransom_15301,1,ransomware
ransom_15302,1,ransomware
ransom_15303,1,ransomware
ransom_15304,1,ransomware
ransom_15305,1,ransomware
ransom_15306,1,ransomware
ransom_15307,1,ransomware
ransom_15308,1,ransomware
ransom_15309,1,ransomware
ransom_1531,1,ransomware
ransom_15311,1,ransomware
ransom_15312,1,ransomware
ransom_15313,1,ransomware
ransom_15314,1,ransomware
ransom_15316,1,ransomware
ransom_15317,1,ransomware
ransom_15318,1,ransomware
ransom_15319,1,ransomware
ransom_1532,1,ransomware
ransom_15321,1,ransomware
ransom_15322,1,ransomware
ransom_15323,1,ransomware
ransom_15324,1,ransomware
ransom_15325,1,ransomware
ransom_15326,1,ransomware
ransom_15327,1,ransomware
ransom_15328,1,ransomware
ransom_15329,1,ransomware
ransom_1533,1,ransomware
ransom_15330,1,ransomware
ransom_15331,1,ransomware
ransom_15332,1,ransomware
ransom_15333,1,ransomware
ransom_15334,1,ransomware
ransom_15337,1,ransomware
ransom_15338,1,ransomware
ransom_15339,1,ransomware
ransom_1534,1,ransomware
ransom_15340,1,ransomware
ransom_15341,1,ransomware
ransom_15342,1,ransomware
ransom_15343,1,ransomware
ransom_15344,1,ransomware
ransom_15345,1,ransomware
ransom_15346,1,ransomware
ransom_15348,1,ransomware
ransom_15349,1,ransomware
ransom_1535,1,ransomware
ransom_15350,1,ransomware
ransom_15351,1,ransomware
ransom_15352,1,ransomware
ransom_15353,1,ransomware
ransom_15354,1,ransomware
ransom_15355,1,ransomware
ransom_15356,1,ransomware
ransom_15358,1,ransomware
ransom_15360,1,ransomware
ransom_15361,1,ransomware
ransom_15362,1,ransomware
ransom_15363,1,ransomware
ransom_15365,1,ransomware
ransom_15366,1,ransomware
ransom_15367,1,ransomware
ransom_15368,1,ransomware
ransom_1537,1,ransomware
ransom_15371,1,ransomware
ransom_15372,1,ransomware
ransom_15374,1,ransomware
ransom_15375,1,ransomware
ransom_15376,1,ransomware
ransom_15377,1,ransomware
ransom_15378,1,ransomware
ransom_15379,1,ransomware
ransom_15380,1,ransomware
ransom_15382,1,ransomware
ransom_15383,1,ransomware
ransom_15384,1,ransomware
ransom_15385,1,ransomware
ransom_15387,1,ransomware
ransom_15388,1,ransomware
ransom_15389,1,ransomware
ransom_15390,1,ransomware
ransom_15391,1,ransomware
ransom_15392,1,ransomware
ransom_15393,1,ransomware
ransom_15394,1,ransomware
ransom_15395,1,ransomware
ransom_15396,1,ransomware
ransom_15398,1,ransomware
ransom_15399,1,ransomware
ransom_1540,1,ransomware
ransom_15400,1,ransomware
ransom_15401,1,ransomware
ransom_15402,1,ransomware
ransom_15403,1,ransomware
ransom_15404,1,ransomware
ransom_15405,1,ransomware
ransom_15406,1,ransomware
ransom_15407,1,ransomware
ransom_15408,1,ransomware
ransom_15409,1,ransomware
ransom_1541,1,ransomware
ransom_15410,1,ransomware
ransom_15411,1,ransomware
ransom_15412,1,ransomware
ransom_15413,1,ransomware
ransom_15414,1,ransomware
ransom_15415,1,ransomware
ransom_15416,1,ransomware
ransom_15417,1,ransomware
ransom_15418,1,ransomware
ransom_15419,1,ransomware
ransom_1542,1,ransomware
ransom_15420,1,ransomware
ransom_15422,1,ransomware
ransom_15423,1,ransomware
ransom_15424,1,ransomware
ransom_15425,1,ransomware
ransom_15426,1,ransomware
ransom_15427,1,ransomware
ransom_15428,1,ransomware
ransom_1543,1,ransomware
ransom_15430,1,ransomware
ransom_15431,1,ransomware
ransom_15432,1,ransomware
ransom_15434,1,ransomware
ransom_15435,1,ransomware
ransom_15438,1,ransomware
ransom_15439,1,ransomware
ransom_1544,1,ransomware
ransom_15440,1,ransomware
ransom_15442,1,ransomware
ransom_15443,1,ransomware
ransom_15444,1,ransomware
ransom_15445,1,ransomware
ransom_15447,1,ransomware
ransom_15448,1,ransomware
ransom_1545,1,ransomware
ransom_15450,1,ransomware
ransom_15451,1,ransomware
ransom_15452,1,ransomware
ransom_15453,1,ransomware
ransom_15456,1,ransomware
ransom_15459,1,ransomware
ransom_15461,1,ransomware
ransom_15462,1,ransomware
ransom_15466,1,ransomware
ransom_15467,1,ransomware
ransom_15469,1,ransomware
ransom_15470,1,ransomware
ransom_15471,1,ransomware
ransom_15472,1,ransomware
ransom_15473,1,ransomware
ransom_15474,1,ransomware
ransom_15475,1,ransomware
ransom_15476,1,ransomware
ransom_15477,1,ransomware
ransom_15478,1,ransomware
ransom_15479,1,ransomware
ransom_15480,1,ransomware
ransom_15482,1,ransomware
ransom_15484,1,ransomware
ransom_15485,1,ransomware
ransom_15486,1,ransomware
ransom_15487,1,ransomware
ransom_15488,1,ransomware
ransom_15489,1,ransomware
ransom_1549,1,ransomware
ransom_15490,1,ransomware
ransom_15491,1,ransomware
ransom_15492,1,ransomware
ransom_15493,1,ransomware
ransom_15494,1,ransomware
ransom_15495,1,ransomware
ransom_15497,1,ransomware
ransom_15498,1,ransomware
ransom_15499,1,ransomware
ransom_1550,1,ransomware
ransom_15500,1,ransomware
ransom_15501,1,ransomware
ransom_15503,1,ransomware
ransom_15504,1,ransomware
ransom_15505,1,ransomware
ransom_15506,1,ransomware
ransom_15508,1,ransomware
ransom_1551,1,ransomware
ransom_15510,1,ransomware
ransom_15512,1,ransomware
ransom_15514,1,ransomware
ransom_15515,1,ransomware
ransom_15516,1,ransomware
ransom_15517,1,ransomware
ransom_15519,1,ransomware
ransom_1552,1,ransomware
ransom_15520,1,ransomware
ransom_15521,1,ransomware
ransom_15522,1,ransomware
ransom_15523,1,ransomware
ransom_15524,1,ransomware
ransom_15525,1,ransomware
ransom_15526,1,ransomware
ransom_15527,1,ransomware
ransom_15528,1,ransomware
ransom_15529,1,ransomware
ransom_1553,1,ransomware
ransom_15532,1,ransomware
ransom_15533,1,ransomware
ransom_15534,1,ransomware
ransom_15536,1,ransomware
ransom_15537,1,ransomware
ransom_15538,1,ransomware
ransom_15539,1,ransomware
ransom_1554,1,ransomware
ransom_15541,1,ransomware
ransom_15544,1,ransomware
ransom_15546,1,ransomware
ransom_15547,1,ransomware
ransom_15549,1,ransomware
ransom_1555,1,ransomware
ransom_15550,1,ransomware
ransom_15551,1,ransomware
ransom_15552,1,ransomware
ransom_15553,1,ransomware
ransom_15554,1,ransomware
ransom_15555,1,ransomware
ransom_15556,1,ransomware
ransom_15557,1,ransomware
ransom_15558,1,ransomware
ransom_15560,1,ransomware
ransom_15562,1,ransomware
ransom_15563,1,ransomware
ransom_15564,1,ransomware
ransom_15568,1,ransomware
ransom_15569,1,ransomware
ransom_1557,1,ransomware
ransom_15570,1,ransomware
ransom_15572,1,ransomware
ransom_15573,1,ransomware
ransom_15574,1,ransomware
ransom_15575,1,ransomware
ransom_15577,1,ransomware
ransom_15578,1,ransomware
ransom_15579,1,ransomware
ransom_15580,1,ransomware
ransom_15581,1,ransomware
ransom_15582,1,ransomware
ransom_15583,1,ransomware
ransom_15584,1,ransomware
ransom_15585,1,ransomware
ransom_15586,1,ransomware
ransom_15587,1,ransomware
ransom_15588,1,ransomware
ransom_15589,1,ransomware
ransom_1559,1,ransomware
ransom_15590,1,ransomware
ransom_15591,1,ransomware
ransom_15593,1,ransomware
ransom_15594,1,ransomware
ransom_15598,1,ransomware
ransom_15599,1,ransomware
ransom_1560,1,ransomware
ransom_15602,1,ransomware
ransom_15603,1,ransomware
ransom_15604,1,ransomware
ransom_15608,1,ransomware
ransom_15609,1,ransomware
ransom_15610,1,ransomware
ransom_15611,1,ransomware
ransom_15612,1,ransomware
ransom_15613,1,ransomware
ransom_15615,1,ransomware
ransom_15617,1,ransomware
ransom_15619,1,ransomware
ransom_1562,1,ransomware
ransom_15620,1,ransomware
ransom_15622,1,ransomware
ransom_15623,1,ransomware
ransom_15625,1,ransomware
ransom_15626,1,ransomware
ransom_15627,1,ransomware
ransom_15629,1,ransomware
ransom_1563,1,ransomware
ransom_15631,1,ransomware
ransom_15632,1,ransomware
ransom_15633,1,ransomware
ransom_15634,1,ransomware
ransom_15635,1,ransomware
ransom_15636,1,ransomware
ransom_15637,1,ransomware
ransom_15638,1,ransomware
ransom_15639,1,ransomware
ransom_1564,1,ransomware
ransom_15640,1,ransomware
ransom_15641,1,ransomware
ransom_15642,1,ransomware
ransom_15643,1,ransomware
ransom_15644,1,ransomware
ransom_15645,1,ransomware
ransom_15646,1,ransomware
ransom_15647,1,ransomware
ransom_15648,1,ransomware
ransom_15649,1,ransomware
ransom_1565,1,ransomware
ransom_15650,1,ransomware
ransom_15651,1,ransomware
ransom_15652,1,ransomware
ransom_15653,1,ransomware
ransom_15654,1,ransomware
ransom_15655,1,ransomware
ransom_15656,1,ransomware
ransom_15657,1,ransomware
ransom_15658,1,ransomware
ransom_15659,1,ransomware
ransom_1566,1,ransomware
ransom_15662,1,ransomware
ransom_15663,1,ransomware
ransom_15665,1,ransomware
ransom_15667,1,ransomware
ransom_15668,1,ransomware
ransom_15669,1,ransomware
ransom_1567,1,ransomware
ransom_15670,1,ransomware
ransom_15671,1,ransomware
ransom_15673,1,ransomware
ransom_15675,1,ransomware
ransom_15676,1,ransomware
ransom_15677,1,ransomware
ransom_15678,1,ransomware
ransom_15679,1,ransomware
ransom_1568,1,ransomware
ransom_15680,1,ransomware
ransom_15681,1,ransomware
ransom_15682,1,ransomware
ransom_15683,1,ransomware
ransom_15684,1,ransomware
ransom_15685,1,ransomware
ransom_15686,1,ransomware
ransom_15687,1,ransomware
ransom_15688,1,ransomware
ransom_15689,1,ransomware
ransom_1569,1,ransomware
ransom_15690,1,ransomware
ransom_15691,1,ransomware
ransom_15692,1,ransomware
ransom_15693,1,ransomware
ransom_15694,1,ransomware
ransom_15696,1,ransomware
ransom_15698,1,ransomware
ransom_15699,1,ransomware
ransom_15700,1,ransomware
ransom_15701,1,ransomware
ransom_15702,1,ransomware
ransom_15703,1,ransomware
ransom_15704,1,ransomware
ransom_15705,1,ransomware
ransom_15706,1,ransomware
ransom_15707,1,ransomware
ransom_15708,1,ransomware
ransom_15709,1,ransomware
ransom_1571,1,ransomware
ransom_15710,1,ransomware
ransom_15711,1,ransomware
ransom_15712,1,ransomware
ransom_15713,1,ransomware
ransom_15715,1,ransomware
ransom_15717,1,ransomware
ransom_15718,1,ransomware
ransom_15719,1,ransomware
ransom_15720,1,ransomware
ransom_15721,1,ransomware
ransom_15724,1,ransomware
ransom_15725,1,ransomware
ransom_15726,1,ransomware
ransom_15727,1,ransomware
ransom_15728,1,ransomware
ransom_15729,1,ransomware
ransom_1573,1,ransomware
ransom_15730,1,ransomware
ransom_15731,1,ransomware
ransom_15732,1,ransomware
ransom_15733,1,ransomware
ransom_15734,1,ransomware
ransom_15735,1,ransomware
ransom_15736,1,ransomware
ransom_15737,1,ransomware
ransom_1574,1,ransomware
ransom_15741,1,ransomware
ransom_15742,1,ransomware
ransom_15743,1,ransomware
ransom_15744,1,ransomware
ransom_15745,1,ransomware
ransom_15746,1,ransomware
ransom_15748,1,ransomware
ransom_15749,1,ransomware
ransom_1575,1,ransomware
ransom_15750,1,ransomware
ransom_15751,1,ransomware
ransom_15753,1,ransomware
ransom_15755,1,ransomware
ransom_15756,1,ransomware
ransom_15757,1,ransomware
ransom_15758,1,ransomware
ransom_15759,1,ransomware
ransom_1576,1,ransomware
ransom_15760,1,ransomware
ransom_15761,1,ransomware
ransom_15762,1,ransomware
ransom_15763,1,ransomware
ransom_15765,1,ransomware
ransom_15766,1,ransomware
ransom_15767,1,ransomware
ransom_15768,1,ransomware
ransom_1577,1,ransomware
ransom_15770,1,ransomware
ransom_15771,1,ransomware
ransom_15772,1,ransomware
ransom_15773,1,ransomware
ransom_15775,1,ransomware
ransom_15777,1,ransomware
ransom_15779,1,ransomware
ransom_1578,1,ransomware
ransom_15781,1,ransomware
ransom_15782,1,ransomware
ransom_15783,1,ransomware
ransom_15784,1,ransomware
ransom_15785,1,ransomware
ransom_15786,1,ransomware
ransom_15787,1,ransomware
ransom_15788,1,ransomware
ransom_15789,1,ransomware
ransom_15790,1,ransomware
ransom_15791,1,ransomware
ransom_15792,1,ransomware
ransom_15793,1,ransomware
ransom_15796,1,ransomware
ransom_15797,1,ransomware
ransom_15798,1,ransomware
ransom_1580,1,ransomware
ransom_15801,1,ransomware
ransom_15802,1,ransomware
ransom_15803,1,ransomware
ransom_15804,1,ransomware
ransom_15805,1,ransomware
ransom_15806,1,ransomware
ransom_15807,1,ransomware
ransom_15808,1,ransomware
ransom_15809,1,ransomware
ransom_1581,1,ransomware
ransom_15810,1,ransomware
ransom_15811,1,ransomware
ransom_15812,1,ransomware
ransom_15815,1,ransomware
ransom_15818,1,ransomware
ransom_15819,1,ransomware
ransom_1582,1,ransomware
ransom_15820,1,ransomware
ransom_15821,1,ransomware
ransom_15822,1,ransomware
ransom_15823,1,ransomware
ransom_15824,1,ransomware
ransom_15825,1,ransomware
ransom_15826,1,ransomware
ransom_15827,1,ransomware
ransom_15828,1,ransomware
ransom_15829,1,ransomware
ransom_1583,1,ransomware
ransom_15830,1,ransomware
ransom_15831,1,ransomware
ransom_15833,1,ransomware
ransom_15834,1,ransomware
ransom_15836,1,ransomware
ransom_15837,1,ransomware
ransom_15839,1,ransomware
ransom_15841,1,ransomware
ransom_15844,1,ransomware
ransom_15847,1,ransomware
ransom_15849,1,ransomware
ransom_1585,1,ransomware
ransom_15850,1,ransomware
ransom_15851,1,ransomware
ransom_15853,1,ransomware
ransom_15854,1,ransomware
ransom_15855,1,ransomware
ransom_15856,1,ransomware
ransom_15857,1,ransomware
ransom_15858,1,ransomware
ransom_15859,1,ransomware
ransom_1586,1,ransomware
ransom_15861,1,ransomware
ransom_15862,1,ransomware
ransom_15863,1,ransomware
ransom_15864,1,ransomware
ransom_15866,1,ransomware
ransom_15867,1,ransomware
ransom_15868,1,ransomware
ransom_15869,1,ransomware
ransom_1587,1,ransomware
ransom_15870,1,ransomware
ransom_15871,1,ransomware
ransom_15872,1,ransomware
ransom_15873,1,ransomware
ransom_15876,1,ransomware
ransom_15877,1,ransomware
ransom_15878,1,ransomware
ransom_15879,1,ransomware
ransom_1588,1,ransomware
ransom_15881,1,ransomware
ransom_15883,1,ransomware
ransom_15884,1,ransomware
ransom_15886,1,ransomware
ransom_15887,1,ransomware
ransom_15888,1,ransomware
ransom_15889,1,ransomware
ransom_1589,1,ransomware
ransom_15890,1,ransomware
ransom_15892,1,ransomware
ransom_15893,1,ransomware
ransom_15894,1,ransomware
ransom_15895,1,ransomware
ransom_15896,1,ransomware
ransom_15897,1,ransomware
ransom_15898,1,ransomware
ransom_15899,1,ransomware
ransom_1590,1,ransomware
ransom_15902,1,ransomware
ransom_15903,1,ransomware
ransom_15904,1,ransomware
ransom_15905,1,ransomware
ransom_15906,1,ransomware
ransom_15907,1,ransomware
ransom_15908,1,ransomware
ransom_15909,1,ransomware
ransom_1591,1,ransomware
ransom_15910,1,ransomware
ransom_15911,1,ransomware
ransom_15912,1,ransomware
ransom_15914,1,ransomware
ransom_15915,1,ransomware
ransom_15916,1,ransomware
ransom_15917,1,ransomware
ransom_15918,1,ransomware
ransom_15919,1,ransomware
ransom_1592,1,ransomware
ransom_15920,1,ransomware
ransom_15921,1,ransomware
ransom_15922,1,ransomware
ransom_15923,1,ransomware
ransom_15924,1,ransomware
ransom_15925,1,ransomware
ransom_15926,1,ransomware
ransom_15928,1,ransomware
ransom_1593,1,ransomware
ransom_15930,1,ransomware
ransom_15931,1,ransomware
ransom_15932,1,ransomware
ransom_15933,1,ransomware
ransom_15935,1,ransomware
ransom_15936,1,ransomware
ransom_15937,1,ransomware
ransom_15939,1,ransomware
ransom_1594,1,ransomware
ransom_15940,1,ransomware
ransom_15941,1,ransomware
ransom_15942,1,ransomware
ransom_15944,1,ransomware
ransom_15945,1,ransomware
ransom_15946,1,ransomware
ransom_15947,1,ransomware
ransom_15948,1,ransomware
ransom_15949,1,ransomware
ransom_15950,1,ransomware
ransom_15951,1,ransomware
ransom_15954,1,ransomware
ransom_15955,1,ransomware
ransom_15956,1,ransomware
ransom_15957,1,ransomware
ransom_15958,1,ransomware
ransom_15959,1,ransomware
ransom_1596,1,ransomware
ransom_15960,1,ransomware
ransom_15962,1,ransomware
ransom_15963,1,ransomware
ransom_15964,1,ransomware
ransom_15966,1,ransomware
ransom_15967,1,ransomware
ransom_15968,1,ransomware
ransom_15969,1,ransomware
ransom_1597,1,ransomware
ransom_15970,1,ransomware
ransom_15974,1,ransomware
ransom_15975,1,ransomware
ransom_15976,1,ransomware
ransom_15978,1,ransomware
ransom_15979,1,ransomware
ransom_1598,1,ransomware
ransom_15980,1,ransomware
ransom_15981,1,ransomware
ransom_15982,1,ransomware
ransom_15983,1,ransomware
ransom_15984,1,ransomware
ransom_15985,1,ransomware
ransom_15986,1,ransomware
ransom_15987,1,ransomware
ransom_15988,1,ransomware
ransom_15989,1,ransomware
ransom_1599,1,ransomware
ransom_15990,1,ransomware
ransom_15991,1,ransomware
ransom_15992,1,ransomware
ransom_15993,1,ransomware
ransom_15994,1,ransomware
ransom_15997,1,ransomware
ransom_15999,1,ransomware
ransom_1600,1,ransomware
ransom_16000,1,ransomware
ransom_16001,1,ransomware
ransom_16002,1,ransomware
ransom_16003,1,ransomware
ransom_16006,1,ransomware
ransom_16007,1,ransomware
ransom_16008,1,ransomware
ransom_16009,1,ransomware
ransom_1601,1,ransomware
ransom_16011,1,ransomware
ransom_16012,1,ransomware
ransom_16013,1,ransomware
ransom_16014,1,ransomware
ransom_16016,1,ransomware
ransom_16018,1,ransomware
ransom_16019,1,ransomware
ransom_1602,1,ransomware
ransom_16021,1,ransomware
ransom_16022,1,ransomware
ransom_16023,1,ransomware
ransom_16024,1,ransomware
ransom_16025,1,ransomware
ransom_16026,1,ransomware
ransom_16028,1,ransomware
ransom_16029,1,ransomware
ransom_1603,1,ransomware
ransom_16030,1,ransomware
ransom_16031,1,ransomware
ransom_16032,1,ransomware
ransom_16033,1,ransomware
ransom_16034,1,ransomware
ransom_16036,1,ransomware
ransom_16037,1,ransomware
ransom_16038,1,ransomware
ransom_16039,1,ransomware
ransom_1604,1,ransomware
ransom_16040,1,ransomware
ransom_16041,1,ransomware
ransom_16042,1,ransomware
ransom_16043,1,ransomware
ransom_16044,1,ransomware
ransom_16045,1,ransomware
ransom_16048,1,ransomware
ransom_16049,1,ransomware
ransom_1605,1,ransomware
ransom_16050,1,ransomware
ransom_16051,1,ransomware
ransom_16052,1,ransomware
ransom_16053,1,ransomware
ransom_16055,1,ransomware
ransom_16057,1,ransomware
ransom_16058,1,ransomware
ransom_16059,1,ransomware
ransom_1606,1,ransomware
ransom_16060,1,ransomware
ransom_16061,1,ransomware
ransom_16062,1,ransomware
ransom_16063,1,ransomware
ransom_16064,1,ransomware
ransom_16065,1,ransomware
ransom_16066,1,ransomware
ransom_16067,1,ransomware
ransom_16068,1,ransomware
ransom_16069,1,ransomware
ransom_1607,1,ransomware
ransom_16070,1,ransomware
ransom_16071,1,ransomware
ransom_16072,1,ransomware
ransom_16073,1,ransomware
ransom_16074,1,ransomware
ransom_16075,1,ransomware
ransom_16076,1,ransomware
ransom_16078,1,ransomware
ransom_16079,1,ransomware
ransom_1608,1,ransomware
ransom_16080,1,ransomware
ransom_16081,1,ransomware
ransom_16082,1,ransomware
ransom_16083,1,ransomware
ransom_16084,1,ransomware
ransom_16086,1,ransomware
ransom_16087,1,ransomware
ransom_16088,1,ransomware
ransom_1609,1,ransomware
ransom_16090,1,ransomware
ransom_16091,1,ransomware
ransom_16092,1,ransomware
ransom_16093,1,ransomware
ransom_16095,1,ransomware
ransom_16097,1,ransomware
ransom_16098,1,ransomware
ransom_16099,1,ransomware
ransom_1610,1,ransomware
ransom_16101,1,ransomware
ransom_16102,1,ransomware
ransom_16103,1,ransomware
ransom_16104,1,ransomware
ransom_16105,1,ransomware
ransom_16106,1,ransomware
ransom_16107,1,ransomware
ransom_16109,1,ransomware
ransom_1611,1,ransomware
ransom_16110,1,ransomware
ransom_16111,1,ransomware
ransom_16112,1,ransomware
ransom_16113,1,ransomware
ransom_16115,1,ransomware
ransom_16116,1,ransomware
ransom_16117,1,ransomware
ransom_16118,1,ransomware
ransom_1612,1,ransomware
ransom_16120,1,ransomware
ransom_16121,1,ransomware
ransom_16122,1,ransomware
ransom_1613,1,ransomware
ransom_1615,1,ransomware
ransom_1616,1,ransomware
ransom_1617,1,ransomware
ransom_1618,1,ransomware
ransom_1619,1,ransomware
ransom_1621,1,ransomware
ransom_1622,1,ransomware
ransom_1623,1,ransomware
ransom_1624,1,ransomware
ransom_1625,1,ransomware
ransom_1626,1,ransomware
ransom_1627,1,ransomware
ransom_1628,1,ransomware
ransom_1629,1,ransomware
ransom_1630,1,ransomware
ransom_1631,1,ransomware
ransom_1632,1,ransomware
ransom_1633,1,ransomware
ransom_1634,1,ransomware
ransom_1635,1,ransomware
ransom_1637,1,ransomware
ransom_1638,1,ransomware
ransom_1640,1,ransomware
ransom_1642,1,ransomware
ransom_1643,1,ransomware
ransom_1644,1,ransomware
ransom_1645,1,ransomware
ransom_1646,1,ransomware
ransom_1647,1,ransomware
ransom_1648,1,ransomware
ransom_1649,1,ransomware
ransom_1650,1,ransomware
ransom_1651,1,ransomware
ransom_1652,1,ransomware
ransom_1653,1,ransomware
ransom_1654,1,ransomware
ransom_1655,1,ransomware
ransom_1657,1,ransomware
ransom_1658,1,ransomware
ransom_1659,1,ransomware
ransom_1660,1,ransomware
ransom_1661,1,ransomware
ransom_1662,1,ransomware
ransom_1663,1,ransomware
ransom_1664,1,ransomware
ransom_1665,1,ransomware
ransom_1668,1,ransomware
ransom_1669,1,ransomware
ransom_1670,1,ransomware
ransom_1671,1,ransomware
ransom_1672,1,ransomware
ransom_1673,1,ransomware
ransom_1674,1,ransomware
ransom_1675,1,ransomware
ransom_1676,1,ransomware
ransom_1677,1,ransomware
ransom_1678,1,ransomware
ransom_1679,1,ransomware
ransom_1680,1,ransomware
ransom_1681,1,ransomware
ransom_1683,1,ransomware
ransom_1684,1,ransomware
ransom_1685,1,ransomware
ransom_1686,1,ransomware
ransom_1687,1,ransomware
ransom_1688,1,ransomware
ransom_1689,1,ransomware
ransom_1692,1,ransomware
ransom_1694,1,ransomware
ransom_1695,1,ransomware
ransom_1697,1,ransomware
ransom_1698,1,ransomware
ransom_1699,1,ransomware
ransom_1700,1,ransomware
ransom_1702,1,ransomware
ransom_1703,1,ransomware
ransom_1704,1,ransomware
ransom_1705,1,ransomware
ransom_1706,1,ransomware
ransom_1707,1,ransomware
ransom_1708,1,ransomware
ransom_1709,1,ransomware
ransom_1710,1,ransomware
ransom_1712,1,ransomware
ransom_1714,1,ransomware
ransom_1715,1,ransomware
ransom_1716,1,ransomware
ransom_1717,1,ransomware
ransom_1718,1,ransomware
ransom_1719,1,ransomware
ransom_1722,1,ransomware
ransom_1723,1,ransomware
ransom_1724,1,ransomware
ransom_1725,1,ransomware
ransom_1727,1,ransomware
ransom_1728,1,ransomware
ransom_1730,1,ransomware
ransom_1731,1,ransomware
ransom_1732,1,ransomware
ransom_1733,1,ransomware
ransom_1734,1,ransomware
ransom_1736,1,ransomware
ransom_1737,1,ransomware
ransom_1738,1,ransomware
ransom_1739,1,ransomware
ransom_1740,1,ransomware
ransom_1741,1,ransomware
ransom_1742,1,ransomware
ransom_1743,1,ransomware
ransom_1746,1,ransomware
ransom_1747,1,ransomware
ransom_1749,1,ransomware
ransom_1750,1,ransomware
ransom_1751,1,ransomware
ransom_1752,1,ransomware
ransom_1754,1,ransomware
ransom_1755,1,ransomware
ransom_1756,1,ransomware
ransom_1757,1,ransomware
ransom_1759,1,ransomware
ransom_1760,1,ransomware
ransom_1761,1,ransomware
ransom_1762,1,ransomware
ransom_1763,1,ransomware
ransom_1764,1,ransomware
ransom_1765,1,ransomware
ransom_1767,1,ransomware
ransom_1768,1,ransomware
ransom_1769,1,ransomware
ransom_1770,1,ransomware
ransom_1771,1,ransomware
ransom_1772,1,ransomware
ransom_1773,1,ransomware
ransom_1775,1,ransomware
ransom_1777,1,ransomware
ransom_1778,1,ransomware
ransom_1781,1,ransomware
ransom_1783,1,ransomware
ransom_1785,1,ransomware
ransom_1786,1,ransomware
ransom_1788,1,ransomware
ransom_1789,1,ransomware
ransom_1790,1,ransomware
ransom_1792,1,ransomware
ransom_1793,1,ransomware
ransom_1794,1,ransomware
ransom_1795,1,ransomware
ransom_1796,1,ransomware
ransom_1797,1,ransomware
ransom_1798,1,ransomware
ransom_1799,1,ransomware
ransom_1801,1,ransomware
ransom_1802,1,ransomware
ransom_1803,1,ransomware
ransom_1804,1,ransomware
ransom_1806,1,ransomware
ransom_1808,1,ransomware
ransom_1809,1,ransomware
ransom_1810,1,ransomware
ransom_1811,1,ransomware
ransom_1812,1,ransomware
ransom_1814,1,ransomware
ransom_1815,1,ransomware
ransom_1818,1,ransomware
ransom_1819,1,ransomware
ransom_1820,1,ransomware
ransom_1821,1,ransomware
ransom_1822,1,ransomware
ransom_1823,1,ransomware
ransom_1824,1,ransomware
ransom_1825,1,ransomware
ransom_1826,1,ransomware
ransom_1827,1,ransomware
ransom_1829,1,ransomware
ransom_1830,1,ransomware
ransom_1831,1,ransomware
ransom_1832,1,ransomware
ransom_1833,1,ransomware
ransom_1834,1,ransomware
ransom_1835,1,ransomware
ransom_1836,1,ransomware
ransom_1837,1,ransomware
ransom_1838,1,ransomware
ransom_1840,1,ransomware
ransom_1841,1,ransomware
ransom_1842,1,ransomware
ransom_1843,1,ransomware
ransom_1844,1,ransomware
ransom_1846,1,ransomware
ransom_1847,1,ransomware
ransom_1848,1,ransomware
ransom_1849,1,ransomware
ransom_1850,1,ransomware
ransom_1851,1,ransomware
ransom_1852,1,ransomware
ransom_1853,1,ransomware
ransom_1854,1,ransomware
ransom_1855,1,ransomware
ransom_1856,1,ransomware
ransom_1859,1,ransomware
ransom_1861,1,ransomware
ransom_1862,1,ransomware
ransom_1863,1,ransomware
ransom_1865,1,ransomware
ransom_1866,1,ransomware
ransom_1867,1,ransomware
ransom_1868,1,ransomware
ransom_1869,1,ransomware
ransom_1870,1,ransomware
ransom_1872,1,ransomware
ransom_1873,1,ransomware
ransom_1874,1,ransomware
ransom_1876,1,ransomware
ransom_1878,1,ransomware
ransom_1879,1,ransomware
ransom_1880,1,ransomware
ransom_1881,1,ransomware
ransom_1883,1,ransomware
ransom_1884,1,ransomware
ransom_1885,1,ransomware
ransom_1886,1,ransomware
ransom_1887,1,ransomware
ransom_1888,1,ransomware
ransom_1889,1,ransomware
ransom_1890,1,ransomware
ransom_1891,1,ransomware
ransom_1892,1,ransomware
ransom_1893,1,ransomware
ransom_1896,1,ransomware
ransom_1897,1,ransomware
ransom_1898,1,ransomware
ransom_1899,1,ransomware
ransom_1900,1,ransomware
ransom_1901,1,ransomware
ransom_1902,1,ransomware
ransom_1903,1,ransomware
ransom_1904,1,ransomware
ransom_1905,1,ransomware
ransom_1906,1,ransomware
ransom_1907,1,ransomware
ransom_1908,1,ransomware
ransom_1909,1,ransomware
ransom_1912,1,ransomware
ransom_1913,1,ransomware
ransom_1915,1,ransomware
ransom_1916,1,ransomware
ransom_1917,1,ransomware
ransom_1918,1,ransomware
ransom_1919,1,ransomware
ransom_1920,1,ransomware
ransom_1922,1,ransomware
ransom_1923,1,ransomware
ransom_1924,1,ransomware
ransom_1925,1,ransomware
ransom_1926,1,ransomware
ransom_1927,1,ransomware
ransom_1928,1,ransomware
ransom_1929,1,ransomware
ransom_1930,1,ransomware
ransom_1931,1,ransomware
ransom_1932,1,ransomware
ransom_1933,1,ransomware
ransom_1934,1,ransomware
ransom_1935,1,ransomware
ransom_1936,1,ransomware
ransom_1937,1,ransomware
ransom_1938,1,ransomware
ransom_1939,1,ransomware
ransom_1940,1,ransomware
ransom_1941,1,ransomware
ransom_1942,1,ransomware
ransom_1943,1,ransomware
ransom_1944,1,ransomware
ransom_1945,1,ransomware
ransom_1947,1,ransomware
ransom_1948,1,ransomware
ransom_1949,1,ransomware
ransom_1950,1,ransomware
ransom_1952,1,ransomware
ransom_1953,1,ransomware
ransom_1954,1,ransomware
ransom_1955,1,ransomware
ransom_1957,1,ransomware
ransom_1959,1,ransomware
ransom_1960,1,ransomware
ransom_1961,1,ransomware
ransom_1962,1,ransomware
ransom_1963,1,ransomware
ransom_1964,1,ransomware
ransom_1967,1,ransomware
ransom_1968,1,ransomware
ransom_1969,1,ransomware
ransom_1970,1,ransomware
ransom_1971,1,ransomware
ransom_1972,1,ransomware
ransom_1973,1,ransomware
ransom_1974,1,ransomware
ransom_1975,1,ransomware
ransom_1976,1,ransomware
ransom_1977,1,ransomware
ransom_1979,1,ransomware
ransom_1980,1,ransomware
ransom_1982,1,ransomware
ransom_1984,1,ransomware
ransom_1985,1,ransomware
ransom_1986,1,ransomware
ransom_1987,1,ransomware
ransom_1988,1,ransomware
ransom_1989,1,ransomware
ransom_1990,1,ransomware
ransom_1991,1,ransomware
ransom_1992,1,ransomware
ransom_1993,1,ransomware
ransom_1994,1,ransomware
ransom_1995,1,ransomware
ransom_1996,1,ransomware
ransom_1997,1,ransomware
ransom_1999,1,ransomware
ransom_2000,1,ransomware
ransom_2002,1,ransomware
ransom_2004,1,ransomware
ransom_2005,1,ransomware
ransom_2006,1,ransomware
ransom_2007,1,ransomware
ransom_2008,1,ransomware
ransom_2009,1,ransomware
ransom_2010,1,ransomware
ransom_2012,1,ransomware
ransom_2013,1,ransomware
ransom_2014,1,ransomware
ransom_2015,1,ransomware
ransom_2016,1,ransomware
ransom_2017,1,ransomware
ransom_2018,1,ransomware
ransom_2019,1,ransomware
ransom_2020,1,ransomware
ransom_2021,1,ransomware
ransom_2022,1,ransomware
ransom_2023,1,ransomware
ransom_2024,1,ransomware
ransom_2025,1,ransomware
ransom_2027,1,ransomware
ransom_2028,1,ransomware
ransom_2029,1,ransomware
ransom_2030,1,ransomware
ransom_2031,1,ransomware
ransom_2032,1,ransomware
ransom_2034,1,ransomware
ransom_2035,1,ransomware
ransom_2036,1,ransomware
ransom_2037,1,ransomware
ransom_2038,1,ransomware
ransom_2039,1,ransomware
ransom_2040,1,ransomware
ransom_2041,1,ransomware
ransom_2042,1,ransomware
ransom_2043,1,ransomware
ransom_2044,1,ransomware
ransom_2045,1,ransomware
ransom_2046,1,ransomware
ransom_2047,1,ransomware
ransom_2048,1,ransomware
ransom_2049,1,ransomware
ransom_2050,1,ransomware
ransom_2051,1,ransomware
ransom_2053,1,ransomware
ransom_2054,1,ransomware
ransom_2055,1,ransomware
ransom_2056,1,ransomware
ransom_2058,1,ransomware
ransom_2059,1,ransomware
ransom_2061,1,ransomware
ransom_2062,1,ransomware
ransom_2063,1,ransomware
ransom_2065,1,ransomware
ransom_2066,1,ransomware
ransom_2068,1,ransomware
ransom_2069,1,ransomware
ransom_2070,1,ransomware
ransom_2071,1,ransomware
ransom_2073,1,ransomware
ransom_2074,1,ransomware
ransom_2075,1,ransomware
ransom_2076,1,ransomware
ransom_2078,1,ransomware
ransom_2079,1,ransomware
ransom_2080,1,ransomware
ransom_2081,1,ransomware
ransom_2082,1,ransomware
ransom_2083,1,ransomware
ransom_2084,1,ransomware
ransom_2085,1,ransomware
ransom_2086,1,ransomware
ransom_2087,1,ransomware
ransom_2089,1,ransomware
ransom_2092,1,ransomware
ransom_2093,1,ransomware
ransom_2094,1,ransomware
ransom_2095,1,ransomware
ransom_2096,1,ransomware
ransom_2099,1,ransomware
ransom_2100,1,ransomware
ransom_2101,1,ransomware
ransom_2103,1,ransomware
ransom_2104,1,ransomware
ransom_2107,1,ransomware
ransom_2108,1,ransomware
ransom_2109,1,ransomware
ransom_2110,1,ransomware
ransom_2111,1,ransomware
ransom_2113,1,ransomware
ransom_2114,1,ransomware
ransom_2115,1,ransomware
ransom_2116,1,ransomware
ransom_2117,1,ransomware
ransom_2118,1,ransomware
ransom_2119,1,ransomware
ransom_2120,1,ransomware
ransom_2121,1,ransomware
ransom_2123,1,ransomware
ransom_2124,1,ransomware
ransom_2125,1,ransomware
ransom_2126,1,ransomware
ransom_2127,1,ransomware
ransom_2128,1,ransomware
ransom_2129,1,ransomware
ransom_2130,1,ransomware
ransom_2131,1,ransomware
ransom_2132,1,ransomware
ransom_2133,1,ransomware
ransom_2134,1,ransomware
ransom_2135,1,ransomware
ransom_2138,1,ransomware
ransom_2139,1,ransomware
ransom_2140,1,ransomware
ransom_2141,1,ransomware
ransom_2143,1,ransomware
ransom_2145,1,ransomware
ransom_2146,1,ransomware
ransom_2147,1,ransomware
ransom_2148,1,ransomware
ransom_2149,1,ransomware
ransom_2150,1,ransomware
ransom_2151,1,ransomware
ransom_2152,1,ransomware
ransom_2154,1,ransomware
ransom_2156,1,ransomware
ransom_2157,1,ransomware
ransom_2158,1,ransomware
ransom_2159,1,ransomware
ransom_2160,1,ransomware
ransom_2161,1,ransomware
ransom_2162,1,ransomware
ransom_2163,1,ransomware
ransom_2165,1,ransomware
ransom_2166,1,ransomware
ransom_2167,1,ransomware
ransom_2168,1,ransomware
ransom_2169,1,ransomware
ransom_2170,1,ransomware
ransom_2171,1,ransomware
ransom_2172,1,ransomware
ransom_2173,1,ransomware
ransom_2174,1,ransomware
ransom_2175,1,ransomware
ransom_2176,1,ransomware
ransom_2177,1,ransomware
ransom_2178,1,ransomware
ransom_2179,1,ransomware
ransom_2180,1,ransomware
ransom_2181,1,ransomware
ransom_2182,1,ransomware
ransom_2183,1,ransomware
ransom_2184,1,ransomware
ransom_2186,1,ransomware
ransom_2187,1,ransomware
ransom_2188,1,ransomware
ransom_2189,1,ransomware
ransom_2190,1,ransomware
ransom_2191,1,ransomware
ransom_2192,1,ransomware
ransom_2194,1,ransomware
ransom_2195,1,ransomware
ransom_2196,1,ransomware
ransom_2197,1,ransomware
ransom_2200,1,ransomware
ransom_2201,1,ransomware
ransom_2202,1,ransomware
ransom_2204,1,ransomware
ransom_2205,1,ransomware
ransom_2206,1,ransomware
ransom_2208,1,ransomware
ransom_2209,1,ransomware
ransom_2210,1,ransomware
ransom_2212,1,ransomware
ransom_2213,1,ransomware
ransom_2214,1,ransomware
ransom_2215,1,ransomware
ransom_2216,1,ransomware
ransom_2217,1,ransomware
ransom_2218,1,ransomware
ransom_2219,1,ransomware
ransom_2220,1,ransomware
ransom_2221,1,ransomware
ransom_2222,1,ransomware
ransom_2224,1,ransomware
ransom_2225,1,ransomware
ransom_2226,1,ransomware
ransom_2227,1,ransomware
ransom_2229,1,ransomware
ransom_2230,1,ransomware
ransom_2232,1,ransomware
ransom_2233,1,ransomware
ransom_2234,1,ransomware
ransom_2236,1,ransomware
ransom_2237,1,ransomware
ransom_2238,1,ransomware
ransom_2239,1,ransomware
ransom_2240,1,ransomware
ransom_2241,1,ransomware
ransom_2242,1,ransomware
ransom_2244,1,ransomware
ransom_2245,1,ransomware
ransom_2246,1,ransomware
ransom_2247,1,ransomware
ransom_2248,1,ransomware
ransom_2249,1,ransomware
ransom_2250,1,ransomware
ransom_2251,1,ransomware
ransom_2252,1,ransomware
ransom_2253,1,ransomware
ransom_2254,1,ransomware
ransom_2255,1,ransomware
ransom_2256,1,ransomware
ransom_2257,1,ransomware
ransom_2258,1,ransomware
ransom_2260,1,ransomware
ransom_2261,1,ransomware
ransom_2262,1,ransomware
ransom_2263,1,ransomware
ransom_2265,1,ransomware
ransom_2266,1,ransomware
ransom_2268,1,ransomware
ransom_2269,1,ransomware
ransom_2271,1,ransomware
ransom_2272,1,ransomware
ransom_2273,1,ransomware
ransom_2274,1,ransomware
ransom_2275,1,ransomware
ransom_2276,1,ransomware
ransom_2277,1,ransomware
ransom_2278,1,ransomware
ransom_2279,1,ransomware
ransom_2280,1,ransomware
ransom_2281,1,ransomware
ransom_2282,1,ransomware
ransom_2283,1,ransomware
ransom_2284,1,ransomware
ransom_2285,1,ransomware
ransom_2286,1,ransomware
ransom_2287,1,ransomware
ransom_2288,1,ransomware
ransom_2289,1,ransomware
ransom_2290,1,ransomware
ransom_2291,1,ransomware
ransom_2292,1,ransomware
ransom_2293,1,ransomware
ransom_2294,1,ransomware
ransom_2295,1,ransomware
ransom_2297,1,ransomware
ransom_2298,1,ransomware
ransom_2299,1,ransomware
ransom_2300,1,ransomware
ransom_2301,1,ransomware
ransom_2302,1,ransomware
ransom_2303,1,ransomware
ransom_2304,1,ransomware
ransom_2305,1,ransomware
ransom_2306,1,ransomware
ransom_2308,1,ransomware
ransom_2309,1,ransomware
ransom_2310,1,ransomware
ransom_2312,1,ransomware
ransom_2315,1,ransomware
ransom_2317,1,ransomware
ransom_2318,1,ransomware
ransom_2319,1,ransomware
ransom_2321,1,ransomware
ransom_2322,1,ransomware
ransom_2324,1,ransomware
ransom_2325,1,ransomware
ransom_2327,1,ransomware
ransom_2328,1,ransomware
ransom_2329,1,ransomware
ransom_2330,1,ransomware
ransom_2332,1,ransomware
ransom_2333,1,ransomware
ransom_2334,1,ransomware
ransom_2335,1,ransomware
ransom_2337,1,ransomware
ransom_2338,1,ransomware
ransom_2340,1,ransomware
ransom_2341,1,ransomware
ransom_2342,1,ransomware
ransom_2344,1,ransomware
ransom_2346,1,ransomware
ransom_2347,1,ransomware
ransom_2348,1,ransomware
ransom_2349,1,ransomware
ransom_2351,1,ransomware
ransom_2353,1,ransomware
ransom_2355,1,ransomware
ransom_2356,1,ransomware
ransom_2357,1,ransomware
ransom_2358,1,ransomware
ransom_2359,1,ransomware
ransom_2360,1,ransomware
ransom_2361,1,ransomware
ransom_2362,1,ransomware
ransom_2363,1,ransomware
ransom_2364,1,ransomware
ransom_2365,1,ransomware
ransom_2366,1,ransomware
ransom_2367,1,ransomware
ransom_2368,1,ransomware
ransom_2370,1,ransomware
ransom_2371,1,ransomware
ransom_2372,1,ransomware
ransom_2373,1,ransomware
ransom_2374,1,ransomware
ransom_2376,1,ransomware
ransom_2377,1,ransomware
ransom_2378,1,ransomware
ransom_2379,1,ransomware
ransom_2380,1,ransomware
ransom_2382,1,ransomware
ransom_2384,1,ransomware
ransom_2385,1,ransomware
ransom_2387,1,ransomware
ransom_2388,1,ransomware
ransom_2389,1,ransomware
ransom_2390,1,ransomware
ransom_2391,1,ransomware
ransom_2392,1,ransomware
ransom_2393,1,ransomware
ransom_2394,1,ransomware
ransom_2395,1,ransomware
ransom_2396,1,ransomware
ransom_2397,1,ransomware
ransom_2398,1,ransomware
ransom_2399,1,ransomware
ransom_2400,1,ransomware
ransom_2401,1,ransomware
ransom_2402,1,ransomware
ransom_2403,1,ransomware
ransom_2404,1,ransomware
ransom_2405,1,ransomware
ransom_2406,1,ransomware
ransom_2407,1,ransomware
ransom_2408,1,ransomware
ransom_2409,1,ransomware
ransom_2410,1,ransomware
ransom_2412,1,ransomware
ransom_2414,1,ransomware
ransom_2415,1,ransomware
ransom_2416,1,ransomware
ransom_2417,1,ransomware
ransom_2418,1,ransomware
ransom_2419,1,ransomware
ransom_2420,1,ransomware
ransom_2421,1,ransomware
ransom_2422,1,ransomware
ransom_2423,1,ransomware
ransom_2424,1,ransomware
ransom_2428,1,ransomware
ransom_2430,1,ransomware
ransom_2432,1,ransomware
ransom_2435,1,ransomware
ransom_2436,1,ransomware
ransom_2437,1,ransomware
ransom_2438,1,ransomware
ransom_2441,1,ransomware
ransom_2443,1,ransomware
ransom_2445,1,ransomware
ransom_2446,1,ransomware
ransom_2448,1,ransomware
ransom_2449,1,ransomware
ransom_2450,1,ransomware
ransom_2451,1,ransomware
ransom_2452,1,ransomware
ransom_2454,1,ransomware
ransom_2455,1,ransomware
ransom_2457,1,ransomware
ransom_2458,1,ransomware
ransom_2459,1,ransomware
ransom_2460,1,ransomware
ransom_2461,1,ransomware
ransom_2463,1,ransomware
ransom_2465,1,ransomware
ransom_2467,1,ransomware
ransom_2470,1,ransomware
ransom_2471,1,ransomware
ransom_2472,1,ransomware
ransom_2474,1,ransomware
ransom_2476,1,ransomware
ransom_2478,1,ransomware
ransom_2480,1,ransomware
ransom_2481,1,ransomware
ransom_2482,1,ransomware
ransom_2484,1,ransomware
ransom_2485,1,ransomware
ransom_2486,1,ransomware
ransom_2487,1,ransomware
ransom_2488,1,ransomware
ransom_2490,1,ransomware
ransom_2491,1,ransomware
ransom_2492,1,ransomware
ransom_2493,1,ransomware
ransom_2495,1,ransomware
ransom_2496,1,ransomware
ransom_2498,1,ransomware
ransom_2499,1,ransomware
ransom_2500,1,ransomware
ransom_2502,1,ransomware
ransom_2503,1,ransomware
ransom_2504,1,ransomware
ransom_2505,1,ransomware
ransom_2506,1,ransomware
ransom_2507,1,ransomware
ransom_2508,1,ransomware
ransom_2509,1,ransomware
ransom_2511,1,ransomware
ransom_2512,1,ransomware
ransom_2513,1,ransomware
ransom_2515,1,ransomware
ransom_2516,1,ransomware
ransom_2517,1,ransomware
ransom_2518,1,ransomware
ransom_2519,1,ransomware
ransom_2520,1,ransomware
ransom_2521,1,ransomware
ransom_2522,1,ransomware
ransom_2523,1,ransomware
ransom_2524,1,ransomware
ransom_2525,1,ransomware
ransom_2527,1,ransomware
ransom_2528,1,ransomware
ransom_2529,1,ransomware
ransom_2531,1,ransomware
ransom_2532,1,ransomware
ransom_2533,1,ransomware
ransom_2535,1,ransomware
ransom_2536,1,ransomware
ransom_2537,1,ransomware
ransom_2538,1,ransomware
ransom_2539,1,ransomware
ransom_2541,1,ransomware
ransom_2542,1,ransomware
ransom_2543,1,ransomware
ransom_2544,1,ransomware
ransom_2546,1,ransomware
ransom_2547,1,ransomware
ransom_2548,1,ransomware
ransom_2549,1,ransomware
ransom_2550,1,ransomware
ransom_2551,1,ransomware
ransom_2552,1,ransomware
ransom_2553,1,ransomware
ransom_2555,1,ransomware
ransom_2556,1,ransomware
ransom_2557,1,ransomware
ransom_2559,1,ransomware
ransom_2561,1,ransomware
ransom_2562,1,ransomware
ransom_2563,1,ransomware
ransom_2564,1,ransomware
ransom_2565,1,ransomware
ransom_2566,1,ransomware
ransom_2567,1,ransomware
ransom_2568,1,ransomware
ransom_2570,1,ransomware
ransom_2571,1,ransomware
ransom_2572,1,ransomware
ransom_2573,1,ransomware
ransom_2574,1,ransomware
ransom_2575,1,ransomware
ransom_2576,1,ransomware
ransom_2577,1,ransomware
ransom_2578,1,ransomware
ransom_2579,1,ransomware
ransom_2580,1,ransomware
ransom_2581,1,ransomware
ransom_2582,1,ransomware
ransom_2583,1,ransomware
ransom_2586,1,ransomware
ransom_2587,1,ransomware
ransom_2588,1,ransomware
ransom_2591,1,ransomware
ransom_2593,1,ransomware
ransom_2594,1,ransomware
ransom_2595,1,ransomware
ransom_2596,1,ransomware
ransom_2597,1,ransomware
ransom_2598,1,ransomware
ransom_2599,1,ransomware
ransom_2600,1,ransomware
ransom_2601,1,ransomware
ransom_2602,1,ransomware
ransom_2603,1,ransomware
ransom_2604,1,ransomware
ransom_2605,1,ransomware
ransom_2606,1,ransomware
ransom_2607,1,ransomware
ransom_2608,1,ransomware
ransom_2609,1,ransomware
ransom_2610,1,ransomware
ransom_2613,1,ransomware
ransom_2614,1,ransomware
ransom_2617,1,ransomware
ransom_2618,1,ransomware
ransom_2619,1,ransomware
ransom_2620,1,ransomware
ransom_2621,1,ransomware
ransom_2622,1,ransomware
ransom_2623,1,ransomware
ransom_2624,1,ransomware
ransom_2625,1,ransomware
ransom_2626,1,ransomware
ransom_2627,1,ransomware
ransom_2628,1,ransomware
ransom_2629,1,ransomware
ransom_2630,1,ransomware
ransom_2631,1,ransomware
ransom_2633,1,ransomware
ransom_2634,1,ransomware
ransom_2635,1,ransomware
ransom_2636,1,ransomware
ransom_2637,1,ransomware
ransom_2638,1,ransomware
ransom_2639,1,ransomware
ransom_2640,1,ransomware
ransom_2641,1,ransomware
ransom_2642,1,ransomware
ransom_2643,1,ransomware
ransom_2646,1,ransomware
ransom_2647,1,ransomware
ransom_2649,1,ransomware
ransom_2650,1,ransomware
ransom_2651,1,ransomware
ransom_2652,1,ransomware
ransom_2653,1,ransomware
ransom_2654,1,ransomware
ransom_2655,1,ransomware
ransom_2656,1,ransomware
ransom_2657,1,ransomware
ransom_2659,1,ransomware
ransom_2662,1,ransomware
ransom_2664,1,ransomware
ransom_2666,1,ransomware
ransom_2668,1,ransomware
ransom_2669,1,ransomware
ransom_2671,1,ransomware
ransom_2672,1,ransomware
ransom_2673,1,ransomware
ransom_2674,1,ransomware
ransom_2675,1,ransomware
ransom_2676,1,ransomware
ransom_2677,1,ransomware
ransom_2679,1,ransomware
ransom_2680,1,ransomware
ransom_2681,1,ransomware
ransom_2683,1,ransomware
ransom_2684,1,ransomware
ransom_2685,1,ransomware
ransom_2686,1,ransomware
ransom_2687,1,ransomware
ransom_2688,1,ransomware
ransom_2690,1,ransomware
ransom_2691,1,ransomware
ransom_2692,1,ransomware
ransom_2693,1,ransomware
ransom_2694,1,ransomware
ransom_2695,1,ransomware
ransom_2696,1,ransomware
ransom_2697,1,ransomware
ransom_2698,1,ransomware
ransom_2699,1,ransomware
ransom_2700,1,ransomware
ransom_2701,1,ransomware
ransom_2702,1,ransomware
ransom_2703,1,ransomware
ransom_2704,1,ransomware
ransom_2705,1,ransomware
ransom_2706,1,ransomware
ransom_2707,1,ransomware
ransom_2708,1,ransomware
ransom_2710,1,ransomware
ransom_2711,1,ransomware
ransom_2712,1,ransomware
ransom_2714,1,ransomware
ransom_2715,1,ransomware
ransom_2716,1,ransomware
ransom_2717,1,ransomware
ransom_2718,1,ransomware
ransom_2720,1,ransomware
ransom_2722,1,ransomware
ransom_2723,1,ransomware
ransom_2724,1,ransomware
ransom_2725,1,ransomware
ransom_2727,1,ransomware
ransom_2728,1,ransomware
ransom_2730,1,ransomware
ransom_2732,1,ransomware
ransom_2733,1,ransomware
ransom_2734,1,ransomware
ransom_2735,1,ransomware
ransom_2738,1,ransomware
ransom_2739,1,ransomware
ransom_2740,1,ransomware
ransom_2741,1,ransomware
ransom_2742,1,ransomware
ransom_2743,1,ransomware
ransom_2744,1,ransomware
ransom_2745,1,ransomware
ransom_2746,1,ransomware
ransom_2747,1,ransomware
ransom_2748,1,ransomware
ransom_2749,1,ransomware
ransom_2750,1,ransomware
ransom_2751,1,ransomware
ransom_2752,1,ransomware
ransom_2753,1,ransomware
ransom_2754,1,ransomware
ransom_2755,1,ransomware
ransom_2756,1,ransomware
ransom_2757,1,ransomware
ransom_2758,1,ransomware
ransom_2759,1,ransomware
ransom_2760,1,ransomware
ransom_2761,1,ransomware
ransom_2763,1,ransomware
ransom_2764,1,ransomware
ransom_2765,1,ransomware
ransom_2766,1,ransomware
ransom_2767,1,ransomware
ransom_2768,1,ransomware
ransom_2770,1,ransomware
ransom_2771,1,ransomware
ransom_2774,1,ransomware
ransom_2775,1,ransomware
ransom_2776,1,ransomware
ransom_2777,1,ransomware
ransom_2778,1,ransomware
ransom_2779,1,ransomware
ransom_2780,1,ransomware
ransom_2781,1,ransomware
ransom_2782,1,ransomware
ransom_2786,1,ransomware
ransom_2787,1,ransomware
ransom_2788,1,ransomware
ransom_2789,1,ransomware
ransom_2790,1,ransomware
ransom_2791,1,ransomware
ransom_2792,1,ransomware
ransom_2794,1,ransomware
ransom_2795,1,ransomware
ransom_2796,1,ransomware
ransom_2797,1,ransomware
ransom_2800,1,ransomware
ransom_2801,1,ransomware
ransom_2802,1,ransomware
ransom_2803,1,ransomware
ransom_2804,1,ransomware
ransom_2806,1,ransomware
ransom_2807,1,ransomware
ransom_2808,1,ransomware
ransom_2810,1,ransomware
ransom_2811,1,ransomware
ransom_2812,1,ransomware
ransom_2813,1,ransomware
ransom_2814,1,ransomware
ransom_2815,1,ransomware
ransom_2816,1,ransomware
ransom_2817,1,ransomware
ransom_2818,1,ransomware
ransom_2820,1,ransomware
ransom_2821,1,ransomware
ransom_2822,1,ransomware
ransom_2823,1,ransomware
ransom_2825,1,ransomware
ransom_2826,1,ransomware
ransom_2827,1,ransomware
ransom_2828,1,ransomware
ransom_2829,1,ransomware
ransom_2830,1,ransomware
ransom_2831,1,ransomware
ransom_2833,1,ransomware
ransom_2834,1,ransomware
ransom_2835,1,ransomware
ransom_2836,1,ransomware
ransom_2837,1,ransomware
ransom_2838,1,ransomware
ransom_2839,1,ransomware
ransom_2840,1,ransomware
ransom_2841,1,ransomware
ransom_2843,1,ransomware
ransom_2844,1,ransomware
ransom_2846,1,ransomware
ransom_2847,1,ransomware
ransom_2848,1,ransomware
ransom_2849,1,ransomware
ransom_2850,1,ransomware
ransom_2851,1,ransomware
ransom_2852,1,ransomware
ransom_2853,1,ransomware
ransom_2854,1,ransomware
ransom_2855,1,ransomware
ransom_2856,1,ransomware
ransom_2857,1,ransomware
ransom_2859,1,ransomware
ransom_2860,1,ransomware
ransom_2861,1,ransomware
ransom_2863,1,ransomware
ransom_2864,1,ransomware
ransom_2867,1,ransomware
ransom_2868,1,ransomware
ransom_2869,1,ransomware
ransom_2870,1,ransomware
ransom_2871,1,ransomware
ransom_2872,1,ransomware
ransom_2873,1,ransomware
ransom_2874,1,ransomware
ransom_2875,1,ransomware
ransom_2876,1,ransomware
ransom_2877,1,ransomware
ransom_2878,1,ransomware
ransom_2879,1,ransomware
ransom_2880,1,ransomware
ransom_2881,1,ransomware
ransom_2882,1,ransomware
ransom_2883,1,ransomware
ransom_2884,1,ransomware
ransom_2885,1,ransomware
ransom_2886,1,ransomware
ransom_2890,1,ransomware
ransom_2892,1,ransomware
ransom_2893,1,ransomware
ransom_2894,1,ransomware
ransom_2896,1,ransomware
ransom_2897,1,ransomware
ransom_2898,1,ransomware
ransom_2899,1,ransomware
ransom_2900,1,ransomware
ransom_2901,1,ransomware
ransom_2902,1,ransomware
ransom_2903,1,ransomware
ransom_2904,1,ransomware
ransom_2905,1,ransomware
ransom_2907,1,ransomware
ransom_2908,1,ransomware
ransom_2911,1,ransomware
ransom_2912,1,ransomware
ransom_2913,1,ransomware
ransom_2914,1,ransomware
ransom_2915,1,ransomware
ransom_2916,1,ransomware
ransom_2917,1,ransomware
ransom_2918,1,ransomware
ransom_2921,1,ransomware
ransom_2922,1,ransomware
ransom_2923,1,ransomware
ransom_2926,1,ransomware
ransom_2927,1,ransomware
ransom_2928,1,ransomware
ransom_2929,1,ransomware
ransom_2930,1,ransomware
ransom_2931,1,ransomware
ransom_2932,1,ransomware
ransom_2933,1,ransomware
ransom_2934,1,ransomware
ransom_2935,1,ransomware
ransom_2936,1,ransomware
ransom_2937,1,ransomware
ransom_2938,1,ransomware
ransom_2940,1,ransomware
ransom_2941,1,ransomware
ransom_2942,1,ransomware
ransom_2944,1,ransomware
ransom_2946,1,ransomware
ransom_2947,1,ransomware
ransom_2948,1,ransomware
ransom_2949,1,ransomware
ransom_2950,1,ransomware
ransom_2951,1,ransomware
ransom_2953,1,ransomware
ransom_2954,1,ransomware
ransom_2957,1,ransomware
ransom_2959,1,ransomware
ransom_2960,1,ransomware
ransom_2962,1,ransomware
ransom_2963,1,ransomware
ransom_2966,1,ransomware
ransom_2967,1,ransomware
ransom_2968,1,ransomware
ransom_2969,1,ransomware
ransom_2971,1,ransomware
ransom_2973,1,ransomware
ransom_2974,1,ransomware
ransom_2975,1,ransomware
ransom_2977,1,ransomware
ransom_2978,1,ransomware
ransom_2980,1,ransomware
ransom_2981,1,ransomware
ransom_2982,1,ransomware
ransom_2984,1,ransomware
ransom_2985,1,ransomware
ransom_2989,1,ransomware
ransom_2990,1,ransomware
ransom_2991,1,ransomware
ransom_2993,1,ransomware
ransom_2994,1,ransomware
ransom_2995,1,ransomware
ransom_2996,1,ransomware
ransom_2997,1,ransomware
ransom_2999,1,ransomware
ransom_3001,1,ransomware
ransom_3002,1,ransomware
ransom_3003,1,ransomware
ransom_3004,1,ransomware
ransom_3006,1,ransomware
ransom_3007,1,ransomware
ransom_3008,1,ransomware
ransom_3010,1,ransomware
ransom_3011,1,ransomware
ransom_3014,1,ransomware
ransom_3015,1,ransomware
ransom_3016,1,ransomware
ransom_3017,1,ransomware
ransom_3018,1,ransomware
ransom_3019,1,ransomware
ransom_3020,1,ransomware
ransom_3021,1,ransomware
ransom_3022,1,ransomware
ransom_3023,1,ransomware
ransom_3024,1,ransomware
ransom_3025,1,ransomware
ransom_3026,1,ransomware
ransom_3027,1,ransomware
ransom_3028,1,ransomware
ransom_3029,1,ransomware
ransom_3030,1,ransomware
ransom_3033,1,ransomware
ransom_3034,1,ransomware
ransom_3035,1,ransomware
ransom_3036,1,ransomware
ransom_3037,1,ransomware
ransom_3039,1,ransomware
ransom_3040,1,ransomware
ransom_3041,1,ransomware
ransom_3042,1,ransomware
ransom_3044,1,ransomware
ransom_3045,1,ransomware
ransom_3047,1,ransomware
ransom_3048,1,ransomware
ransom_3051,1,ransomware
ransom_3052,1,ransomware
ransom_3054,1,ransomware
ransom_3056,1,ransomware
ransom_3058,1,ransomware
ransom_3059,1,ransomware
ransom_3060,1,ransomware
ransom_3061,1,ransomware
ransom_3062,1,ransomware
ransom_3063,1,ransomware
ransom_3064,1,ransomware
ransom_3065,1,ransomware
ransom_3066,1,ransomware
ransom_3067,1,ransomware
ransom_3069,1,ransomware
ransom_3070,1,ransomware
ransom_3071,1,ransomware
ransom_3072,1,ransomware
ransom_3073,1,ransomware
ransom_3075,1,ransomware
ransom_3076,1,ransomware
ransom_3077,1,ransomware
ransom_3079,1,ransomware
ransom_3080,1,ransomware
ransom_3082,1,ransomware
ransom_3083,1,ransomware
ransom_3085,1,ransomware
ransom_3087,1,ransomware
ransom_3088,1,ransomware
ransom_3089,1,ransomware
ransom_3090,1,ransomware
ransom_3091,1,ransomware
ransom_3092,1,ransomware
ransom_3094,1,ransomware
ransom_3095,1,ransomware
ransom_3097,1,ransomware
ransom_3098,1,ransomware
ransom_3099,1,ransomware
ransom_3100,1,ransomware
ransom_3102,1,ransomware
ransom_3103,1,ransomware
ransom_3104,1,ransomware
ransom_3106,1,ransomware
ransom_3107,1,ransomware
ransom_3108,1,ransomware
ransom_3109,1,ransomware
ransom_3110,1,ransomware
ransom_3111,1,ransomware
ransom_3112,1,ransomware
ransom_3114,1,ransomware
ransom_3115,1,ransomware
ransom_3116,1,ransomware
ransom_3117,1,ransomware
ransom_3118,1,ransomware
ransom_3119,1,ransomware
ransom_3121,1,ransomware
ransom_3122,1,ransomware
ransom_3123,1,ransomware
ransom_3124,1,ransomware
ransom_3125,1,ransomware
ransom_3126,1,ransomware
ransom_3127,1,ransomware
ransom_3129,1,ransomware
ransom_3130,1,ransomware
ransom_3131,1,ransomware
ransom_3132,1,ransomware
ransom_3133,1,ransomware
ransom_3135,1,ransomware
ransom_3136,1,ransomware
ransom_3138,1,ransomware
ransom_3139,1,ransomware
ransom_3141,1,ransomware
ransom_3142,1,ransomware
ransom_3143,1,ransomware
ransom_3144,1,ransomware
ransom_3145,1,ransomware
ransom_3146,1,ransomware
ransom_3147,1,ransomware
ransom_3148,1,ransomware
ransom_3149,1,ransomware
ransom_3150,1,ransomware
ransom_3151,1,ransomware
ransom_3153,1,ransomware
ransom_3154,1,ransomware
ransom_3156,1,ransomware
ransom_3157,1,ransomware
ransom_3158,1,ransomware
ransom_3159,1,ransomware
ransom_3160,1,ransomware
ransom_3162,1,ransomware
ransom_3163,1,ransomware
ransom_3164,1,ransomware
ransom_3165,1,ransomware
ransom_3166,1,ransomware
ransom_3167,1,ransomware
ransom_3168,1,ransomware
ransom_3169,1,ransomware
ransom_3170,1,ransomware
ransom_3171,1,ransomware
ransom_3172,1,ransomware
ransom_3173,1,ransomware
ransom_3174,1,ransomware
ransom_3175,1,ransomware
ransom_3178,1,ransomware
ransom_3179,1,ransomware
ransom_3181,1,ransomware
ransom_3182,1,ransomware
ransom_3183,1,ransomware
ransom_3184,1,ransomware
ransom_3185,1,ransomware
ransom_3186,1,ransomware
ransom_3187,1,ransomware
ransom_3188,1,ransomware
ransom_3189,1,ransomware
ransom_3191,1,ransomware
ransom_3192,1,ransomware
ransom_3193,1,ransomware
ransom_3194,1,ransomware
ransom_3195,1,ransomware
ransom_3196,1,ransomware
ransom_3197,1,ransomware
ransom_3198,1,ransomware
ransom_3199,1,ransomware
ransom_3200,1,ransomware
ransom_3201,1,ransomware
ransom_3205,1,ransomware
ransom_3206,1,ransomware
ransom_3207,1,ransomware
ransom_3208,1,ransomware
ransom_3209,1,ransomware
ransom_3210,1,ransomware
ransom_3211,1,ransomware
ransom_3212,1,ransomware
ransom_3214,1,ransomware
ransom_3215,1,ransomware
ransom_3216,1,ransomware
ransom_3217,1,ransomware
ransom_3218,1,ransomware
ransom_3219,1,ransomware
ransom_3221,1,ransomware
ransom_3222,1,ransomware
ransom_3223,1,ransomware
ransom_3225,1,ransomware
ransom_3226,1,ransomware
ransom_3227,1,ransomware
ransom_3228,1,ransomware
ransom_3229,1,ransomware
ransom_3230,1,ransomware
ransom_3231,1,ransomware
ransom_3232,1,ransomware
ransom_3233,1,ransomware
ransom_3234,1,ransomware
ransom_3235,1,ransomware
ransom_3236,1,ransomware
ransom_3237,1,ransomware
ransom_3238,1,ransomware
ransom_3239,1,ransomware
ransom_3240,1,ransomware
ransom_3241,1,ransomware
ransom_3242,1,ransomware
ransom_3243,1,ransomware
ransom_3244,1,ransomware
ransom_3245,1,ransomware
ransom_3246,1,ransomware
ransom_3249,1,ransomware
ransom_3250,1,ransomware
ransom_3251,1,ransomware
ransom_3252,1,ransomware
ransom_3253,1,ransomware
ransom_3254,1,ransomware
ransom_3255,1,ransomware
ransom_3256,1,ransomware
ransom_3257,1,ransomware
ransom_3258,1,ransomware
ransom_3259,1,ransomware
ransom_3261,1,ransomware
ransom_3262,1,ransomware
ransom_3263,1,ransomware
ransom_3264,1,ransomware
ransom_3265,1,ransomware
ransom_3267,1,ransomware
ransom_3268,1,ransomware
ransom_3269,1,ransomware
ransom_3270,1,ransomware
ransom_3271,1,ransomware
ransom_3272,1,ransomware
ransom_3273,1,ransomware
ransom_3274,1,ransomware
ransom_3275,1,ransomware
ransom_3277,1,ransomware
ransom_3279,1,ransomware
ransom_3280,1,ransomware
ransom_3281,1,ransomware
ransom_3282,1,ransomware
ransom_3284,1,ransomware
ransom_3285,1,ransomware
ransom_3287,1,ransomware
ransom_3288,1,ransomware
ransom_3289,1,ransomware
ransom_3290,1,ransomware
ransom_3291,1,ransomware
ransom_3292,1,ransomware
ransom_3293,1,ransomware
ransom_3294,1,ransomware
ransom_3295,1,ransomware
ransom_3296,1,ransomware
ransom_3297,1,ransomware
ransom_3298,1,ransomware
ransom_3299,1,ransomware
ransom_3300,1,ransomware
ransom_3301,1,ransomware
ransom_3303,1,ransomware
ransom_3304,1,ransomware
ransom_3305,1,ransomware
ransom_3308,1,ransomware
ransom_3309,1,ransomware
ransom_3310,1,ransomware
ransom_3312,1,ransomware
ransom_3314,1,ransomware
ransom_3316,1,ransomware
ransom_3318,1,ransomware
ransom_3319,1,ransomware
ransom_3320,1,ransomware
ransom_3321,1,ransomware
ransom_3323,1,ransomware
ransom_3324,1,ransomware
ransom_3325,1,ransomware
ransom_3326,1,ransomware
ransom_3328,1,ransomware
ransom_3329,1,ransomware
ransom_3330,1,ransomware
ransom_3331,1,ransomware
ransom_3332,1,ransomware
ransom_3333,1,ransomware
ransom_3335,1,ransomware
ransom_3336,1,ransomware
ransom_3337,1,ransomware
ransom_3338,1,ransomware
ransom_3340,1,ransomware
ransom_3341,1,ransomware
ransom_3342,1,ransomware
ransom_3344,1,ransomware
ransom_3346,1,ransomware
ransom_3347,1,ransomware
ransom_3348,1,ransomware
ransom_3349,1,ransomware
ransom_3351,1,ransomware
ransom_3352,1,ransomware
ransom_3356,1,ransomware
ransom_3357,1,ransomware
ransom_3358,1,ransomware
ransom_3359,1,ransomware
ransom_3360,1,ransomware
ransom_3361,1,ransomware
ransom_3362,1,ransomware
ransom_3363,1,ransomware
ransom_3364,1,ransomware
ransom_3365,1,ransomware
ransom_3366,1,ransomware
ransom_3367,1,ransomware
ransom_3368,1,ransomware
ransom_3370,1,ransomware
ransom_3372,1,ransomware
ransom_3375,1,ransomware
ransom_3376,1,ransomware
ransom_3378,1,ransomware
ransom_3380,1,ransomware
ransom_3382,1,ransomware
ransom_3383,1,ransomware
ransom_3384,1,ransomware
ransom_3385,1,ransomware
ransom_3387,1,ransomware
ransom_3388,1,ransomware
ransom_3389,1,ransomware
ransom_3390,1,ransomware
ransom_3391,1,ransomware
ransom_3392,1,ransomware
ransom_3393,1,ransomware
ransom_3395,1,ransomware
ransom_3398,1,ransomware
ransom_3399,1,ransomware
ransom_3400,1,ransomware
ransom_3401,1,ransomware
ransom_3402,1,ransomware
ransom_3403,1,ransomware
ransom_3404,1,ransomware
ransom_3405,1,ransomware
ransom_3407,1,ransomware
ransom_3408,1,ransomware
ransom_3409,1,ransomware
ransom_3410,1,ransomware
ransom_3411,1,ransomware
ransom_3412,1,ransomware
ransom_3413,1,ransomware
ransom_3414,1,ransomware
ransom_3415,1,ransomware
ransom_3416,1,ransomware
ransom_3418,1,ransomware
ransom_3419,1,ransomware
ransom_3420,1,ransomware
ransom_3421,1,ransomware
ransom_3422,1,ransomware
ransom_3423,1,ransomware
ransom_3424,1,ransomware
ransom_3426,1,ransomware
ransom_3427,1,ransomware
ransom_3428,1,ransomware
ransom_3429,1,ransomware
ransom_3430,1,ransomware
ransom_3431,1,ransomware
ransom_3432,1,ransomware
ransom_3433,1,ransomware
ransom_3436,1,ransomware
ransom_3437,1,ransomware
ransom_3439,1,ransomware
ransom_3440,1,ransomware
ransom_3441,1,ransomware
ransom_3442,1,ransomware
ransom_3443,1,ransomware
ransom_3444,1,ransomware
ransom_3445,1,ransomware
ransom_3446,1,ransomware
ransom_3448,1,ransomware
ransom_3449,1,ransomware
ransom_3450,1,ransomware
ransom_3451,1,ransomware
ransom_3452,1,ransomware
ransom_3453,1,ransomware
ransom_3454,1,ransomware
ransom_3455,1,ransomware
ransom_3456,1,ransomware
ransom_3458,1,ransomware
ransom_3459,1,ransomware
ransom_3462,1,ransomware
ransom_3463,1,ransomware
ransom_3464,1,ransomware
ransom_3466,1,ransomware
ransom_3467,1,ransomware
ransom_3468,1,ransomware
ransom_3470,1,ransomware
ransom_3471,1,ransomware
ransom_3472,1,ransomware
ransom_3473,1,ransomware
ransom_3475,1,ransomware
ransom_3476,1,ransomware
ransom_3477,1,ransomware
ransom_3479,1,ransomware
ransom_3480,1,ransomware
ransom_3481,1,ransomware
ransom_3482,1,ransomware
ransom_3483,1,ransomware
ransom_3484,1,ransomware
ransom_3485,1,ransomware
ransom_3486,1,ransomware
ransom_3487,1,ransomware
ransom_3489,1,ransomware
ransom_3490,1,ransomware
ransom_3491,1,ransomware
ransom_3493,1,ransomware
ransom_3494,1,ransomware
ransom_3495,1,ransomware
ransom_3496,1,ransomware
ransom_3497,1,ransomware
ransom_3498,1,ransomware
ransom_3499,1,ransomware
ransom_3500,1,ransomware
ransom_3501,1,ransomware
ransom_3502,1,ransomware
ransom_3503,1,ransomware
ransom_3504,1,ransomware
ransom_3505,1,ransomware
ransom_3506,1,ransomware
ransom_3507,1,ransomware
ransom_3508,1,ransomware
ransom_3510,1,ransomware
ransom_3512,1,ransomware
ransom_3513,1,ransomware
ransom_3514,1,ransomware
ransom_3515,1,ransomware
ransom_3516,1,ransomware
ransom_3517,1,ransomware
ransom_3518,1,ransomware
ransom_3520,1,ransomware
ransom_3521,1,ransomware
ransom_3522,1,ransomware
ransom_3524,1,ransomware
ransom_3525,1,ransomware
ransom_3526,1,ransomware
ransom_3528,1,ransomware
ransom_3530,1,ransomware
ransom_3534,1,ransomware
ransom_3535,1,ransomware
ransom_3537,1,ransomware
ransom_3538,1,ransomware
ransom_3539,1,ransomware
ransom_3540,1,ransomware
ransom_3541,1,ransomware
ransom_3542,1,ransomware
ransom_3543,1,ransomware
ransom_3544,1,ransomware
ransom_3546,1,ransomware
ransom_3547,1,ransomware
ransom_3548,1,ransomware
ransom_3549,1,ransomware
ransom_3550,1,ransomware
ransom_3551,1,ransomware
ransom_3552,1,ransomware
ransom_3553,1,ransomware
ransom_3554,1,ransomware
ransom_3555,1,ransomware
ransom_3557,1,ransomware
ransom_3558,1,ransomware
ransom_3559,1,ransomware
ransom_3560,1,ransomware
ransom_3561,1,ransomware
ransom_3562,1,ransomware
ransom_3563,1,ransomware
ransom_3565,1,ransomware
ransom_3566,1,ransomware
ransom_3567,1,ransomware
ransom_3568,1,ransomware
ransom_3569,1,ransomware
ransom_3570,1,ransomware
ransom_3571,1,ransomware
ransom_3572,1,ransomware
ransom_3573,1,ransomware
ransom_3574,1,ransomware
ransom_3575,1,ransomware
ransom_3576,1,ransomware
ransom_3577,1,ransomware
ransom_3579,1,ransomware
ransom_3581,1,ransomware
ransom_3582,1,ransomware
ransom_3583,1,ransomware
ransom_3584,1,ransomware
ransom_3585,1,ransomware
ransom_3586,1,ransomware
ransom_3587,1,ransomware
ransom_3589,1,ransomware
ransom_3590,1,ransomware
ransom_3591,1,ransomware
ransom_3594,1,ransomware
ransom_3595,1,ransomware
ransom_3596,1,ransomware
ransom_3597,1,ransomware
ransom_3598,1,ransomware
ransom_3599,1,ransomware
ransom_3600,1,ransomware
ransom_3601,1,ransomware
ransom_3602,1,ransomware
ransom_3603,1,ransomware
ransom_3604,1,ransomware
ransom_3605,1,ransomware
ransom_3606,1,ransomware
ransom_3607,1,ransomware
ransom_3608,1,ransomware
ransom_3609,1,ransomware
ransom_3611,1,ransomware
ransom_3612,1,ransomware
ransom_3613,1,ransomware
ransom_3614,1,ransomware
ransom_3615,1,ransomware
ransom_3618,1,ransomware
ransom_3619,1,ransomware
ransom_3620,1,ransomware
ransom_3621,1,ransomware
ransom_3623,1,ransomware
ransom_3624,1,ransomware
ransom_3625,1,ransomware
ransom_3627,1,ransomware
ransom_3628,1,ransomware
ransom_3629,1,ransomware
ransom_3631,1,ransomware
ransom_3632,1,ransomware
ransom_3633,1,ransomware
ransom_3634,1,ransomware
ransom_3635,1,ransomware
ransom_3636,1,ransomware
ransom_3638,1,ransomware
ransom_3639,1,ransomware
ransom_3640,1,ransomware
ransom_3641,1,ransomware
ransom_3645,1,ransomware
ransom_3648,1,ransomware
ransom_3650,1,ransomware
ransom_3651,1,ransomware
ransom_3652,1,ransomware
ransom_3653,1,ransomware
ransom_3656,1,ransomware
ransom_3658,1,ransomware
ransom_3659,1,ransomware
ransom_3660,1,ransomware
ransom_3663,1,ransomware
ransom_3665,1,ransomware
ransom_3666,1,ransomware
ransom_3667,1,ransomware
ransom_3668,1,ransomware
ransom_3669,1,ransomware
ransom_3670,1,ransomware
ransom_3673,1,ransomware
ransom_3674,1,ransomware
ransom_3676,1,ransomware
ransom_3677,1,ransomware
ransom_3678,1,ransomware
ransom_3679,1,ransomware
ransom_3681,1,ransomware
ransom_3682,1,ransomware
ransom_3684,1,ransomware
ransom_3685,1,ransomware
ransom_3686,1,ransomware
ransom_3687,1,ransomware
ransom_3688,1,ransomware
ransom_3689,1,ransomware
ransom_3690,1,ransomware
ransom_3691,1,ransomware
ransom_3692,1,ransomware
ransom_3693,1,ransomware
ransom_3696,1,ransomware
ransom_3697,1,ransomware
ransom_3698,1,ransomware
ransom_3700,1,ransomware
ransom_3701,1,ransomware
ransom_3702,1,ransomware
ransom_3703,1,ransomware
ransom_3704,1,ransomware
ransom_3705,1,ransomware
ransom_3706,1,ransomware
ransom_3708,1,ransomware
ransom_3709,1,ransomware
ransom_3712,1,ransomware
ransom_3713,1,ransomware
ransom_3715,1,ransomware
ransom_3716,1,ransomware
ransom_3717,1,ransomware
ransom_3718,1,ransomware
ransom_3719,1,ransomware
ransom_3720,1,ransomware
ransom_3721,1,ransomware
ransom_3722,1,ransomware
ransom_3723,1,ransomware
ransom_3724,1,ransomware
ransom_3726,1,ransomware
ransom_3727,1,ransomware
ransom_3728,1,ransomware
ransom_3729,1,ransomware
ransom_3731,1,ransomware
ransom_3732,1,ransomware
ransom_3733,1,ransomware
ransom_3734,1,ransomware
ransom_3735,1,ransomware
ransom_3736,1,ransomware
ransom_3737,1,ransomware
ransom_3738,1,ransomware
ransom_3739,1,ransomware
ransom_3740,1,ransomware
ransom_3741,1,ransomware
ransom_3742,1,ransomware
ransom_3745,1,ransomware
ransom_3746,1,ransomware
ransom_3747,1,ransomware
ransom_3748,1,ransomware
ransom_3749,1,ransomware
ransom_3750,1,ransomware
ransom_3752,1,ransomware
ransom_3753,1,ransomware
ransom_3754,1,ransomware
ransom_3755,1,ransomware
ransom_3756,1,ransomware
ransom_3758,1,ransomware
ransom_3759,1,ransomware
ransom_3761,1,ransomware
ransom_3764,1,ransomware
ransom_3765,1,ransomware
ransom_3766,1,ransomware
ransom_3769,1,ransomware
ransom_3770,1,ransomware
ransom_3771,1,ransomware
ransom_3772,1,ransomware
ransom_3773,1,ransomware
ransom_3774,1,ransomware
ransom_3775,1,ransomware
ransom_3776,1,ransomware
ransom_3777,1,ransomware
ransom_3779,1,ransomware
ransom_3780,1,ransomware
ransom_3782,1,ransomware
ransom_3784,1,ransomware
ransom_3785,1,ransomware
ransom_3787,1,ransomware
ransom_3788,1,ransomware
ransom_3790,1,ransomware
ransom_3791,1,ransomware
ransom_3792,1,ransomware
ransom_3794,1,ransomware
ransom_3796,1,ransomware
ransom_3797,1,ransomware
ransom_3798,1,ransomware
ransom_3799,1,ransomware
ransom_3800,1,ransomware
ransom_3801,1,ransomware
ransom_3802,1,ransomware
ransom_3803,1,ransomware
ransom_3804,1,ransomware
ransom_3805,1,ransomware
ransom_3806,1,ransomware
ransom_3807,1,ransomware
ransom_3808,1,ransomware
ransom_3809,1,ransomware
ransom_3810,1,ransomware
ransom_3811,1,ransomware
ransom_3812,1,ransomware
ransom_3813,1,ransomware
ransom_3814,1,ransomware
ransom_3815,1,ransomware
ransom_3816,1,ransomware
ransom_3817,1,ransomware
ransom_3818,1,ransomware
ransom_3819,1,ransomware
ransom_3820,1,ransomware
ransom_3821,1,ransomware
ransom_3822,1,ransomware
ransom_3823,1,ransomware
ransom_3824,1,ransomware
ransom_3825,1,ransomware
ransom_3826,1,ransomware
ransom_3827,1,ransomware
ransom_3828,1,ransomware
ransom_3830,1,ransomware
ransom_3831,1,ransomware
ransom_3832,1,ransomware
ransom_3833,1,ransomware
ransom_3835,1,ransomware
ransom_3838,1,ransomware
ransom_3839,1,ransomware
ransom_3840,1,ransomware
ransom_3841,1,ransomware
ransom_3842,1,ransomware
ransom_3843,1,ransomware
ransom_3844,1,ransomware
ransom_3845,1,ransomware
ransom_3847,1,ransomware
ransom_3848,1,ransomware
ransom_3849,1,ransomware
ransom_3850,1,ransomware
ransom_3852,1,ransomware
ransom_3853,1,ransomware
ransom_3854,1,ransomware
ransom_3855,1,ransomware
ransom_3856,1,ransomware
ransom_3857,1,ransomware
ransom_3858,1,ransomware
ransom_3859,1,ransomware
ransom_3860,1,ransomware
ransom_3861,1,ransomware
ransom_3863,1,ransomware
ransom_3864,1,ransomware
ransom_3865,1,ransomware
ransom_3866,1,ransomware
ransom_3868,1,ransomware
ransom_3870,1,ransomware
ransom_3871,1,ransomware
ransom_3872,1,ransomware
ransom_3873,1,ransomware
ransom_3874,1,ransomware
ransom_3875,1,ransomware
ransom_3876,1,ransomware
ransom_3877,1,ransomware
ransom_3878,1,ransomware
ransom_3880,1,ransomware
ransom_3881,1,ransomware
ransom_3883,1,ransomware
ransom_3885,1,ransomware
ransom_3886,1,ransomware
ransom_3887,1,ransomware
ransom_3888,1,ransomware
ransom_3889,1,ransomware
ransom_3890,1,ransomware
ransom_3892,1,ransomware
ransom_3893,1,ransomware
ransom_3894,1,ransomware
ransom_3895,1,ransomware
ransom_3896,1,ransomware
ransom_3897,1,ransomware
ransom_3898,1,ransomware
ransom_3899,1,ransomware
ransom_3900,1,ransomware
ransom_3901,1,ransomware
ransom_3902,1,ransomware
ransom_3903,1,ransomware
ransom_3904,1,ransomware
ransom_3905,1,ransomware
ransom_3907,1,ransomware
ransom_3909,1,ransomware
ransom_3910,1,ransomware
ransom_3912,1,ransomware
ransom_3913,1,ransomware
ransom_3914,1,ransomware
ransom_3916,1,ransomware
ransom_3918,1,ransomware
ransom_3919,1,ransomware
ransom_3920,1,ransomware
ransom_3921,1,ransomware
ransom_3922,1,ransomware
ransom_3923,1,ransomware
ransom_3924,1,ransomware
ransom_3926,1,ransomware
ransom_3927,1,ransomware
ransom_3928,1,ransomware
ransom_3929,1,ransomware
ransom_3930,1,ransomware
ransom_3932,1,ransomware
ransom_3934,1,ransomware
ransom_3935,1,ransomware
ransom_3937,1,ransomware
ransom_3939,1,ransomware
ransom_3940,1,ransomware
ransom_3941,1,ransomware
ransom_3942,1,ransomware
ransom_3943,1,ransomware
ransom_3944,1,ransomware
ransom_3945,1,ransomware
ransom_3946,1,ransomware
ransom_3947,1,ransomware
ransom_3949,1,ransomware
ransom_3950,1,ransomware
ransom_3951,1,ransomware
ransom_3952,1,ransomware
ransom_3953,1,ransomware
ransom_3954,1,ransomware
ransom_3956,1,ransomware
ransom_3957,1,ransomware
ransom_3958,1,ransomware
ransom_3961,1,ransomware
ransom_3962,1,ransomware
ransom_3963,1,ransomware
ransom_3964,1,ransomware
ransom_3965,1,ransomware
ransom_3967,1,ransomware
ransom_3968,1,ransomware
ransom_3970,1,ransomware
ransom_3971,1,ransomware
ransom_3972,1,ransomware
ransom_3973,1,ransomware
ransom_3975,1,ransomware
ransom_3976,1,ransomware
ransom_3977,1,ransomware
ransom_3978,1,ransomware
ransom_3981,1,ransomware
ransom_3982,1,ransomware
ransom_3983,1,ransomware
ransom_3985,1,ransomware
ransom_3986,1,ransomware
ransom_3987,1,ransomware
ransom_3988,1,ransomware
ransom_3989,1,ransomware
ransom_3990,1,ransomware
ransom_3991,1,ransomware
ransom_3992,1,ransomware
ransom_3993,1,ransomware
ransom_3994,1,ransomware
ransom_3995,1,ransomware
ransom_3996,1,ransomware
ransom_3997,1,ransomware
ransom_3998,1,ransomware
ransom_3999,1,ransomware
ransom_4000,1,ransomware
ransom_4002,1,ransomware
ransom_4003,1,ransomware
ransom_4004,1,ransomware
ransom_4005,1,ransomware
ransom_4007,1,ransomware
ransom_4008,1,ransomware
ransom_4010,1,ransomware
ransom_4011,1,ransomware
ransom_4012,1,ransomware
ransom_4014,1,ransomware
ransom_4015,1,ransomware
ransom_4016,1,ransomware
ransom_4018,1,ransomware
ransom_4019,1,ransomware
ransom_4021,1,ransomware
ransom_4022,1,ransomware
ransom_4024,1,ransomware
ransom_4025,1,ransomware
ransom_4026,1,ransomware
ransom_4027,1,ransomware
ransom_4028,1,ransomware
ransom_4029,1,ransomware
ransom_4031,1,ransomware
ransom_4032,1,ransomware
ransom_4033,1,ransomware
ransom_4034,1,ransomware
ransom_4035,1,ransomware
ransom_4036,1,ransomware
ransom_4037,1,ransomware
ransom_4038,1,ransomware
ransom_4039,1,ransomware
ransom_4040,1,ransomware
ransom_4041,1,ransomware
ransom_4042,1,ransomware
ransom_4043,1,ransomware
ransom_4044,1,ransomware
ransom_4045,1,ransomware
ransom_4046,1,ransomware
ransom_4048,1,ransomware
ransom_4049,1,ransomware
ransom_4050,1,ransomware
ransom_4051,1,ransomware
ransom_4052,1,ransomware
ransom_4053,1,ransomware
ransom_4054,1,ransomware
ransom_4060,1,ransomware
ransom_4062,1,ransomware
ransom_4064,1,ransomware
ransom_4065,1,ransomware
ransom_4067,1,ransomware
ransom_4068,1,ransomware
ransom_4069,1,ransomware
ransom_4070,1,ransomware
ransom_4072,1,ransomware
ransom_4074,1,ransomware
ransom_4076,1,ransomware
ransom_4077,1,ransomware
ransom_4078,1,ransomware
ransom_4081,1,ransomware
ransom_4084,1,ransomware
ransom_4086,1,ransomware
ransom_4087,1,ransomware
ransom_4088,1,ransomware
ransom_4090,1,ransomware
ransom_4092,1,ransomware
ransom_4093,1,ransomware
ransom_4094,1,ransomware
ransom_4095,1,ransomware
ransom_4096,1,ransomware
ransom_4097,1,ransomware
ransom_4098,1,ransomware
ransom_4099,1,ransomware
ransom_4101,1,ransomware
ransom_4102,1,ransomware
ransom_4104,1,ransomware
ransom_4105,1,ransomware
ransom_4106,1,ransomware
ransom_4109,1,ransomware
ransom_4112,1,ransomware
ransom_4113,1,ransomware
ransom_4114,1,ransomware
ransom_4115,1,ransomware
ransom_4117,1,ransomware
ransom_4118,1,ransomware
ransom_4119,1,ransomware
ransom_4120,1,ransomware
ransom_4121,1,ransomware
ransom_4123,1,ransomware
ransom_4125,1,ransomware
ransom_4126,1,ransomware
ransom_4127,1,ransomware
ransom_4128,1,ransomware
ransom_4129,1,ransomware
ransom_4130,1,ransomware
ransom_4131,1,ransomware
ransom_4132,1,ransomware
ransom_4133,1,ransomware
ransom_4134,1,ransomware
ransom_4135,1,ransomware
ransom_4137,1,ransomware
ransom_4138,1,ransomware
ransom_4139,1,ransomware
ransom_4140,1,ransomware
ransom_4141,1,ransomware
ransom_4142,1,ransomware
ransom_4144,1,ransomware
ransom_4145,1,ransomware
ransom_4146,1,ransomware
ransom_4147,1,ransomware
ransom_4150,1,ransomware
ransom_4151,1,ransomware
ransom_4152,1,ransomware
ransom_4153,1,ransomware
ransom_4156,1,ransomware
ransom_4157,1,ransomware
ransom_4158,1,ransomware
ransom_4159,1,ransomware
ransom_4160,1,ransomware
ransom_4161,1,ransomware
ransom_4162,1,ransomware
ransom_4163,1,ransomware
ransom_4164,1,ransomware
ransom_4165,1,ransomware
ransom_4167,1,ransomware
ransom_4168,1,ransomware
ransom_4169,1,ransomware
ransom_4170,1,ransomware
ransom_4173,1,ransomware
ransom_4174,1,ransomware
ransom_4175,1,ransomware
ransom_4176,1,ransomware
ransom_4177,1,ransomware
ransom_4178,1,ransomware
ransom_4180,1,ransomware
ransom_4181,1,ransomware
ransom_4182,1,ransomware
ransom_4183,1,ransomware
ransom_4184,1,ransomware
ransom_4185,1,ransomware
ransom_4186,1,ransomware
ransom_4187,1,ransomware
ransom_4188,1,ransomware
ransom_4189,1,ransomware
ransom_4190,1,ransomware
ransom_4191,1,ransomware
ransom_4192,1,ransomware
ransom_4193,1,ransomware
ransom_4194,1,ransomware
ransom_4195,1,ransomware
ransom_4196,1,ransomware
ransom_4197,1,ransomware
ransom_4198,1,ransomware
ransom_4201,1,ransomware
ransom_4202,1,ransomware
ransom_4203,1,ransomware
ransom_4205,1,ransomware
ransom_4206,1,ransomware
ransom_4207,1,ransomware
ransom_4208,1,ransomware
ransom_4211,1,ransomware
ransom_4212,1,ransomware
ransom_4213,1,ransomware
ransom_4214,1,ransomware
ransom_4215,1,ransomware
ransom_4216,1,ransomware
ransom_4219,1,ransomware
ransom_4220,1,ransomware
ransom_4222,1,ransomware
ransom_4223,1,ransomware
ransom_4224,1,ransomware
ransom_4225,1,ransomware
ransom_4227,1,ransomware
ransom_4229,1,ransomware
ransom_4230,1,ransomware
ransom_4231,1,ransomware
ransom_4232,1,ransomware
ransom_4233,1,ransomware
ransom_4234,1,ransomware
ransom_4235,1,ransomware
ransom_4236,1,ransomware
ransom_4237,1,ransomware
ransom_4238,1,ransomware
ransom_4240,1,ransomware
ransom_4241,1,ransomware
ransom_4242,1,ransomware
ransom_4243,1,ransomware
ransom_4245,1,ransomware
ransom_4246,1,ransomware
ransom_4247,1,ransomware
ransom_4248,1,ransomware
ransom_4249,1,ransomware
ransom_4250,1,ransomware
ransom_4251,1,ransomware
ransom_4252,1,ransomware
ransom_4253,1,ransomware
ransom_4254,1,ransomware
ransom_4255,1,ransomware
ransom_4257,1,ransomware
ransom_4259,1,ransomware
ransom_4261,1,ransomware
ransom_4262,1,ransomware
ransom_4263,1,ransomware
ransom_4265,1,ransomware
ransom_4266,1,ransomware
ransom_4267,1,ransomware
ransom_4268,1,ransomware
ransom_4269,1,ransomware
ransom_4270,1,ransomware
ransom_4271,1,ransomware
ransom_4272,1,ransomware
ransom_4273,1,ransomware
ransom_4275,1,ransomware
ransom_4276,1,ransomware
ransom_4277,1,ransomware
ransom_4278,1,ransomware
ransom_4279,1,ransomware
ransom_4280,1,ransomware
ransom_4283,1,ransomware
ransom_4284,1,ransomware
ransom_4285,1,ransomware
ransom_4287,1,ransomware
ransom_4289,1,ransomware
ransom_4291,1,ransomware
ransom_4292,1,ransomware
ransom_4293,1,ransomware
ransom_4294,1,ransomware
ransom_4295,1,ransomware
ransom_4296,1,ransomware
ransom_4297,1,ransomware
ransom_4298,1,ransomware
ransom_4299,1,ransomware
ransom_4301,1,ransomware
ransom_4302,1,ransomware
ransom_4303,1,ransomware
ransom_4304,1,ransomware
ransom_4305,1,ransomware
ransom_4306,1,ransomware
ransom_4307,1,ransomware
ransom_4309,1,ransomware
ransom_4310,1,ransomware
ransom_4312,1,ransomware
ransom_4314,1,ransomware
ransom_4315,1,ransomware
ransom_4316,1,ransomware
ransom_4317,1,ransomware
ransom_4318,1,ransomware
ransom_4319,1,ransomware
ransom_4320,1,ransomware
ransom_4321,1,ransomware
ransom_4322,1,ransomware
ransom_4324,1,ransomware
ransom_4325,1,ransomware
ransom_4328,1,ransomware
ransom_4329,1,ransomware
ransom_4330,1,ransomware
ransom_4331,1,ransomware
ransom_4332,1,ransomware
ransom_4333,1,ransomware
ransom_4334,1,ransomware
ransom_4335,1,ransomware
ransom_4336,1,ransomware
ransom_4338,1,ransomware
ransom_4341,1,ransomware
ransom_4342,1,ransomware
ransom_4343,1,ransomware
ransom_4344,1,ransomware
ransom_4345,1,ransomware
ransom_4346,1,ransomware
ransom_4348,1,ransomware
ransom_4349,1,ransomware
ransom_4350,1,ransomware
ransom_4352,1,ransomware
ransom_4353,1,ransomware
ransom_4354,1,ransomware
ransom_4355,1,ransomware
ransom_4356,1,ransomware
ransom_4357,1,ransomware
ransom_4358,1,ransomware
ransom_4359,1,ransomware
ransom_4361,1,ransomware
ransom_4362,1,ransomware
ransom_4364,1,ransomware
ransom_4366,1,ransomware
ransom_4367,1,ransomware
ransom_4368,1,ransomware
ransom_4369,1,ransomware
ransom_4370,1,ransomware
ransom_4371,1,ransomware
ransom_4372,1,ransomware
ransom_4373,1,ransomware
ransom_4374,1,ransomware
ransom_4375,1,ransomware
ransom_4376,1,ransomware
ransom_4377,1,ransomware
ransom_4378,1,ransomware
ransom_4379,1,ransomware
ransom_4380,1,ransomware
ransom_4382,1,ransomware
ransom_4383,1,ransomware
ransom_4384,1,ransomware
ransom_4386,1,ransomware
ransom_4387,1,ransomware
ransom_4388,1,ransomware
ransom_4389,1,ransomware
ransom_4391,1,ransomware
ransom_4392,1,ransomware
ransom_4393,1,ransomware
ransom_4396,1,ransomware
ransom_4397,1,ransomware
ransom_4398,1,ransomware
ransom_4400,1,ransomware
ransom_4402,1,ransomware
ransom_4403,1,ransomware
ransom_4406,1,ransomware
ransom_4407,1,ransomware
ransom_4408,1,ransomware
ransom_4409,1,ransomware
ransom_4413,1,ransomware
ransom_4414,1,ransomware
ransom_4415,1,ransomware
ransom_4416,1,ransomware
ransom_4417,1,ransomware
ransom_4418,1,ransomware
ransom_4420,1,ransomware
ransom_4421,1,ransomware
ransom_4423,1,ransomware
ransom_4424,1,ransomware
ransom_4425,1,ransomware
ransom_4426,1,ransomware
ransom_4427,1,ransomware
ransom_4428,1,ransomware
ransom_4429,1,ransomware
ransom_4431,1,ransomware
ransom_4432,1,ransomware
ransom_4433,1,ransomware
ransom_4434,1,ransomware
ransom_4435,1,ransomware
ransom_4436,1,ransomware
ransom_4438,1,ransomware
ransom_4439,1,ransomware
ransom_4440,1,ransomware
ransom_4441,1,ransomware
ransom_4442,1,ransomware
ransom_4443,1,ransomware
ransom_4444,1,ransomware
ransom_4445,1,ransomware
ransom_4447,1,ransomware
ransom_4448,1,ransomware
ransom_4453,1,ransomware
ransom_4455,1,ransomware
ransom_4456,1,ransomware
ransom_4457,1,ransomware
ransom_4458,1,ransomware
ransom_4459,1,ransomware
ransom_4461,1,ransomware
ransom_4462,1,ransomware
ransom_4463,1,ransomware
ransom_4464,1,ransomware
ransom_4466,1,ransomware
ransom_4467,1,ransomware
ransom_4468,1,ransomware
ransom_4469,1,ransomware
ransom_4472,1,ransomware
ransom_4474,1,ransomware
ransom_4475,1,ransomware
ransom_4476,1,ransomware
ransom_4477,1,ransomware
ransom_4480,1,ransomware
ransom_4482,1,ransomware
ransom_4483,1,ransomware
ransom_4484,1,ransomware
ransom_4485,1,ransomware
ransom_4486,1,ransomware
ransom_4487,1,ransomware
ransom_4488,1,ransomware
ransom_4489,1,ransomware
ransom_4490,1,ransomware
ransom_4493,1,ransomware
ransom_4494,1,ransomware
ransom_4496,1,ransomware
ransom_4497,1,ransomware
ransom_4498,1,ransomware
ransom_4500,1,ransomware
ransom_4501,1,ransomware
ransom_4502,1,ransomware
ransom_4503,1,ransomware
ransom_4504,1,ransomware
ransom_4505,1,ransomware
ransom_4506,1,ransomware
ransom_4507,1,ransomware
ransom_4508,1,ransomware
ransom_4509,1,ransomware
ransom_4510,1,ransomware
ransom_4511,1,ransomware
ransom_4513,1,ransomware
ransom_4515,1,ransomware
ransom_4516,1,ransomware
ransom_4517,1,ransomware
ransom_4519,1,ransomware
ransom_4521,1,ransomware
ransom_4523,1,ransomware
ransom_4524,1,ransomware
ransom_4525,1,ransomware
ransom_4526,1,ransomware
ransom_4527,1,ransomware
ransom_4528,1,ransomware
ransom_4530,1,ransomware
ransom_4532,1,ransomware
ransom_4533,1,ransomware
ransom_4534,1,ransomware
ransom_4535,1,ransomware
ransom_4537,1,ransomware
ransom_4540,1,ransomware
ransom_4541,1,ransomware
ransom_4542,1,ransomware
ransom_4543,1,ransomware
ransom_4545,1,ransomware
ransom_4546,1,ransomware
ransom_4547,1,ransomware
ransom_4548,1,ransomware
ransom_4549,1,ransomware
ransom_4551,1,ransomware
ransom_4552,1,ransomware
ransom_4553,1,ransomware
ransom_4554,1,ransomware
ransom_4555,1,ransomware
ransom_4556,1,ransomware
ransom_4557,1,ransomware
ransom_4558,1,ransomware
ransom_4560,1,ransomware
ransom_4561,1,ransomware
ransom_4562,1,ransomware
ransom_4564,1,ransomware
ransom_4565,1,ransomware
ransom_4566,1,ransomware
ransom_4567,1,ransomware
ransom_4568,1,ransomware
ransom_4569,1,ransomware
ransom_4572,1,ransomware
ransom_4574,1,ransomware
ransom_4575,1,ransomware
ransom_4578,1,ransomware
ransom_4579,1,ransomware
ransom_4580,1,ransomware
ransom_4581,1,ransomware
ransom_4583,1,ransomware
ransom_4585,1,ransomware
ransom_4586,1,ransomware
ransom_4587,1,ransomware
ransom_4588,1,ransomware
ransom_4589,1,ransomware
ransom_4590,1,ransomware
ransom_4591,1,ransomware
ransom_4592,1,ransomware
ransom_4593,1,ransomware
ransom_4594,1,ransomware
ransom_4596,1,ransomware
ransom_4599,1,ransomware
ransom_4600,1,ransomware
ransom_4601,1,ransomware
ransom_4603,1,ransomware
ransom_4604,1,ransomware
ransom_4605,1,ransomware
ransom_4606,1,ransomware
ransom_4607,1,ransomware
ransom_4608,1,ransomware
ransom_4609,1,ransomware
ransom_4610,1,ransomware
ransom_4612,1,ransomware
ransom_4613,1,ransomware
ransom_4617,1,ransomware
ransom_4618,1,ransomware
ransom_4619,1,ransomware
ransom_4620,1,ransomware
ransom_4621,1,ransomware
ransom_4622,1,ransomware
ransom_4623,1,ransomware
ransom_4624,1,ransomware
ransom_4625,1,ransomware
ransom_4629,1,ransomware
ransom_4630,1,ransomware
ransom_4631,1,ransomware
ransom_4633,1,ransomware
ransom_4635,1,ransomware
ransom_4636,1,ransomware
ransom_4638,1,ransomware
ransom_4639,1,ransomware
ransom_4640,1,ransomware
ransom_4641,1,ransomware
ransom_4642,1,ransomware
ransom_4643,1,ransomware
ransom_4644,1,ransomware
ransom_4645,1,ransomware
ransom_4646,1,ransomware
ransom_4647,1,ransomware
ransom_4648,1,ransomware
ransom_4649,1,ransomware
ransom_4650,1,ransomware
ransom_4652,1,ransomware
ransom_4654,1,ransomware
ransom_4655,1,ransomware
ransom_4656,1,ransomware
ransom_4657,1,ransomware
ransom_4658,1,ransomware
ransom_4659,1,ransomware
ransom_4660,1,ransomware
ransom_4661,1,ransomware
ransom_4662,1,ransomware
ransom_4664,1,ransomware
ransom_4665,1,ransomware
ransom_4666,1,ransomware
ransom_4667,1,ransomware
ransom_4668,1,ransomware
ransom_4669,1,ransomware
ransom_4670,1,ransomware
ransom_4672,1,ransomware
ransom_4673,1,ransomware
ransom_4674,1,ransomware
ransom_4675,1,ransomware
ransom_4676,1,ransomware
ransom_4677,1,ransomware
ransom_4679,1,ransomware
ransom_4680,1,ransomware
ransom_4681,1,ransomware
ransom_4682,1,ransomware
ransom_4684,1,ransomware
ransom_4685,1,ransomware
ransom_4686,1,ransomware
ransom_4687,1,ransomware
ransom_4688,1,ransomware
ransom_4689,1,ransomware
ransom_4690,1,ransomware
ransom_4691,1,ransomware
ransom_4692,1,ransomware
ransom_4693,1,ransomware
ransom_4694,1,ransomware
ransom_4696,1,ransomware
ransom_4697,1,ransomware
ransom_4698,1,ransomware
ransom_4699,1,ransomware
ransom_4703,1,ransomware
ransom_4704,1,ransomware
ransom_4708,1,ransomware
ransom_4710,1,ransomware
ransom_4711,1,ransomware
ransom_4712,1,ransomware
ransom_4713,1,ransomware
ransom_4714,1,ransomware
ransom_4716,1,ransomware
ransom_4717,1,ransomware
ransom_4718,1,ransomware
ransom_4719,1,ransomware
ransom_4720,1,ransomware
ransom_4721,1,ransomware
ransom_4723,1,ransomware
ransom_4724,1,ransomware
ransom_4726,1,ransomware
ransom_4728,1,ransomware
ransom_4732,1,ransomware
ransom_4733,1,ransomware
ransom_4734,1,ransomware
ransom_4735,1,ransomware
ransom_4736,1,ransomware
ransom_4739,1,ransomware
ransom_4740,1,ransomware
ransom_4742,1,ransomware
ransom_4743,1,ransomware
ransom_4744,1,ransomware
ransom_4746,1,ransomware
ransom_4747,1,ransomware
ransom_4748,1,ransomware
ransom_4749,1,ransomware
ransom_4750,1,ransomware
ransom_4751,1,ransomware
ransom_4753,1,ransomware
ransom_4754,1,ransomware
ransom_4755,1,ransomware
ransom_4757,1,ransomware
ransom_4758,1,ransomware
ransom_4759,1,ransomware
ransom_4760,1,ransomware
ransom_4761,1,ransomware
ransom_4762,1,ransomware
ransom_4763,1,ransomware
ransom_4765,1,ransomware
ransom_4767,1,ransomware
ransom_4768,1,ransomware
ransom_4769,1,ransomware
ransom_4770,1,ransomware
ransom_4771,1,ransomware
ransom_4772,1,ransomware
ransom_4773,1,ransomware
ransom_4774,1,ransomware
ransom_4775,1,ransomware
ransom_4776,1,ransomware
ransom_4777,1,ransomware
ransom_4779,1,ransomware
ransom_4781,1,ransomware
ransom_4782,1,ransomware
ransom_4783,1,ransomware
ransom_4785,1,ransomware
ransom_4786,1,ransomware
ransom_4787,1,ransomware
ransom_4788,1,ransomware
ransom_4789,1,ransomware
ransom_4790,1,ransomware
ransom_4792,1,ransomware
ransom_4793,1,ransomware
ransom_4794,1,ransomware
ransom_4796,1,ransomware
ransom_4798,1,ransomware
ransom_4799,1,ransomware
ransom_4800,1,ransomware
ransom_4801,1,ransomware
ransom_4802,1,ransomware
ransom_4803,1,ransomware
ransom_4804,1,ransomware
ransom_4805,1,ransomware
ransom_4806,1,ransomware
ransom_4808,1,ransomware
ransom_4809,1,ransomware
ransom_4810,1,ransomware
ransom_4811,1,ransomware
ransom_4812,1,ransomware
ransom_4814,1,ransomware
ransom_4815,1,ransomware
ransom_4816,1,ransomware
ransom_4817,1,ransomware
ransom_4818,1,ransomware
ransom_4819,1,ransomware
ransom_4820,1,ransomware
ransom_4821,1,ransomware
ransom_4822,1,ransomware
ransom_4823,1,ransomware
ransom_4824,1,ransomware
ransom_4825,1,ransomware
ransom_4826,1,ransomware
ransom_4827,1,ransomware
ransom_4828,1,ransomware
ransom_4829,1,ransomware
ransom_4830,1,ransomware
ransom_4831,1,ransomware
ransom_4832,1,ransomware
ransom_4833,1,ransomware
ransom_4834,1,ransomware
ransom_4835,1,ransomware
ransom_4836,1,ransomware
ransom_4837,1,ransomware
ransom_4839,1,ransomware
ransom_4840,1,ransomware
ransom_4841,1,ransomware
ransom_4843,1,ransomware
ransom_4845,1,ransomware
ransom_4846,1,ransomware
ransom_4847,1,ransomware
ransom_4848,1,ransomware
ransom_4850,1,ransomware
ransom_4851,1,ransomware
ransom_4852,1,ransomware
ransom_4853,1,ransomware
ransom_4854,1,ransomware
ransom_4855,1,ransomware
ransom_4856,1,ransomware
ransom_4857,1,ransomware
ransom_4859,1,ransomware
ransom_4860,1,ransomware
ransom_4862,1,ransomware
ransom_4864,1,ransomware
ransom_4865,1,ransomware
ransom_4866,1,ransomware
ransom_4867,1,ransomware
ransom_4869,1,ransomware
ransom_4870,1,ransomware
ransom_4872,1,ransomware
ransom_4873,1,ransomware
ransom_4874,1,ransomware
ransom_4875,1,ransomware
ransom_4876,1,ransomware
ransom_4877,1,ransomware
ransom_4878,1,ransomware
ransom_4879,1,ransomware
ransom_4881,1,ransomware
ransom_4882,1,ransomware
ransom_4884,1,ransomware
ransom_4885,1,ransomware
ransom_4886,1,ransomware
ransom_4887,1,ransomware
ransom_4888,1,ransomware
ransom_4889,1,ransomware
ransom_4890,1,ransomware
ransom_4891,1,ransomware
ransom_4892,1,ransomware
ransom_4894,1,ransomware
ransom_4895,1,ransomware
ransom_4896,1,ransomware
ransom_4897,1,ransomware
ransom_4898,1,ransomware
ransom_4899,1,ransomware
ransom_4902,1,ransomware
ransom_4903,1,ransomware
ransom_4904,1,ransomware
ransom_4905,1,ransomware
ransom_4906,1,ransomware
ransom_4909,1,ransomware
ransom_4910,1,ransomware
ransom_4912,1,ransomware
ransom_4913,1,ransomware
ransom_4915,1,ransomware
ransom_4916,1,ransomware
ransom_4917,1,ransomware
ransom_4920,1,ransomware
ransom_4921,1,ransomware
ransom_4922,1,ransomware
ransom_4923,1,ransomware
ransom_4924,1,ransomware
ransom_4925,1,ransomware
ransom_4928,1,ransomware
ransom_4929,1,ransomware
ransom_4930,1,ransomware
ransom_4931,1,ransomware
ransom_4932,1,ransomware
ransom_4933,1,ransomware
ransom_4934,1,ransomware
ransom_4935,1,ransomware
ransom_4936,1,ransomware
ransom_4937,1,ransomware
ransom_4938,1,ransomware
ransom_4939,1,ransomware
ransom_4940,1,ransomware
ransom_4941,1,ransomware
ransom_4942,1,ransomware
ransom_4943,1,ransomware
ransom_4944,1,ransomware
ransom_4945,1,ransomware
ransom_4946,1,ransomware
ransom_4947,1,ransomware
ransom_4948,1,ransomware
ransom_4949,1,ransomware
ransom_4950,1,ransomware
ransom_4951,1,ransomware
ransom_4952,1,ransomware
ransom_4953,1,ransomware
ransom_4954,1,ransomware
ransom_4955,1,ransomware
ransom_4956,1,ransomware
ransom_4957,1,ransomware
ransom_4958,1,ransomware
ransom_4960,1,ransomware
ransom_4962,1,ransomware
ransom_4963,1,ransomware
ransom_4964,1,ransomware
ransom_4965,1,ransomware
ransom_4966,1,ransomware
ransom_4967,1,ransomware
ransom_4968,1,ransomware
ransom_4969,1,ransomware
ransom_4970,1,ransomware
ransom_4972,1,ransomware
ransom_4973,1,ransomware
ransom_4974,1,ransomware
ransom_4975,1,ransomware
ransom_4976,1,ransomware
ransom_4977,1,ransomware
ransom_4978,1,ransomware
ransom_4980,1,ransomware
ransom_4981,1,ransomware
ransom_4982,1,ransomware
ransom_4983,1,ransomware
ransom_4985,1,ransomware
ransom_4986,1,ransomware
ransom_4987,1,ransomware
ransom_4988,1,ransomware
ransom_4989,1,ransomware
ransom_4990,1,ransomware
ransom_4991,1,ransomware
ransom_4992,1,ransomware
ransom_4993,1,ransomware
ransom_4995,1,ransomware
ransom_4996,1,ransomware
ransom_4997,1,ransomware
ransom_4999,1,ransomware
ransom_5000,1,ransomware
ransom_5001,1,ransomware
ransom_5002,1,ransomware
ransom_5003,1,ransomware
ransom_5004,1,ransomware
ransom_5005,1,ransomware
ransom_5007,1,ransomware
ransom_5009,1,ransomware
ransom_5011,1,ransomware
ransom_5012,1,ransomware
ransom_5013,1,ransomware
ransom_5014,1,ransomware
ransom_5015,1,ransomware
ransom_5018,1,ransomware
ransom_5019,1,ransomware
ransom_5020,1,ransomware
ransom_5021,1,ransomware
ransom_5022,1,ransomware
ransom_5023,1,ransomware
ransom_5024,1,ransomware
ransom_5025,1,ransomware
ransom_5027,1,ransomware
ransom_5030,1,ransomware
ransom_5031,1,ransomware
ransom_5033,1,ransomware
ransom_5034,1,ransomware
ransom_5035,1,ransomware
ransom_5036,1,ransomware
ransom_5037,1,ransomware
ransom_5038,1,ransomware
ransom_5039,1,ransomware
ransom_5040,1,ransomware
ransom_5042,1,ransomware
ransom_5043,1,ransomware
ransom_5045,1,ransomware
ransom_5047,1,ransomware
ransom_5048,1,ransomware
ransom_5051,1,ransomware
ransom_5052,1,ransomware
ransom_5053,1,ransomware
ransom_5054,1,ransomware
ransom_5055,1,ransomware
ransom_5056,1,ransomware
ransom_5057,1,ransomware
ransom_5058,1,ransomware
ransom_5061,1,ransomware
ransom_5062,1,ransomware
ransom_5065,1,ransomware
ransom_5066,1,ransomware
ransom_5067,1,ransomware
ransom_5069,1,ransomware
ransom_5070,1,ransomware
ransom_5071,1,ransomware
ransom_5072,1,ransomware
ransom_5073,1,ransomware
ransom_5075,1,ransomware
ransom_5076,1,ransomware
ransom_5077,1,ransomware
ransom_5078,1,ransomware
ransom_5079,1,ransomware
ransom_5080,1,ransomware
ransom_5081,1,ransomware
ransom_5082,1,ransomware
ransom_5084,1,ransomware
ransom_5086,1,ransomware
ransom_5087,1,ransomware
ransom_5088,1,ransomware
ransom_5089,1,ransomware
ransom_5090,1,ransomware
ransom_5091,1,ransomware
ransom_5093,1,ransomware
ransom_5094,1,ransomware
ransom_5095,1,ransomware
ransom_5096,1,ransomware
ransom_5097,1,ransomware
ransom_5098,1,ransomware
ransom_5101,1,ransomware
ransom_5102,1,ransomware
ransom_5103,1,ransomware
ransom_5104,1,ransomware
ransom_5105,1,ransomware
ransom_5106,1,ransomware
ransom_5107,1,ransomware
ransom_5108,1,ransomware
ransom_5109,1,ransomware
ransom_5110,1,ransomware
ransom_5111,1,ransomware
ransom_5113,1,ransomware
ransom_5114,1,ransomware
ransom_5115,1,ransomware
ransom_5117,1,ransomware
ransom_5119,1,ransomware
ransom_5120,1,ransomware
ransom_5121,1,ransomware
ransom_5123,1,ransomware
ransom_5125,1,ransomware
ransom_5126,1,ransomware
ransom_5127,1,ransomware
ransom_5128,1,ransomware
ransom_5129,1,ransomware
ransom_5130,1,ransomware
ransom_5132,1,ransomware
ransom_5133,1,ransomware
ransom_5134,1,ransomware
ransom_5135,1,ransomware
ransom_5136,1,ransomware
ransom_5137,1,ransomware
ransom_5138,1,ransomware
ransom_5140,1,ransomware
ransom_5141,1,ransomware
ransom_5142,1,ransomware
ransom_5143,1,ransomware
ransom_5144,1,ransomware
ransom_5145,1,ransomware
ransom_5146,1,ransomware
ransom_5147,1,ransomware
ransom_5148,1,ransomware
ransom_5149,1,ransomware
ransom_5150,1,ransomware
ransom_5151,1,ransomware
ransom_5152,1,ransomware
ransom_5153,1,ransomware
ransom_5155,1,ransomware
ransom_5156,1,ransomware
ransom_5157,1,ransomware
ransom_5159,1,ransomware
ransom_5160,1,ransomware
ransom_5161,1,ransomware
ransom_5162,1,ransomware
ransom_5163,1,ransomware
ransom_5164,1,ransomware
ransom_5165,1,ransomware
ransom_5166,1,ransomware
ransom_5167,1,ransomware
ransom_5168,1,ransomware
ransom_5169,1,ransomware
ransom_5170,1,ransomware
ransom_5171,1,ransomware
ransom_5172,1,ransomware
ransom_5173,1,ransomware
ransom_5175,1,ransomware
ransom_5176,1,ransomware
ransom_5177,1,ransomware
ransom_5178,1,ransomware
ransom_5179,1,ransomware
ransom_5180,1,ransomware
ransom_5182,1,ransomware
ransom_5183,1,ransomware
ransom_5184,1,ransomware
ransom_5188,1,ransomware
ransom_5189,1,ransomware
ransom_5190,1,ransomware
ransom_5191,1,ransomware
ransom_5192,1,ransomware
ransom_5193,1,ransomware
ransom_5194,1,ransomware
ransom_5195,1,ransomware
ransom_5196,1,ransomware
ransom_5197,1,ransomware
ransom_5198,1,ransomware
ransom_5199,1,ransomware
ransom_5200,1,ransomware
ransom_5201,1,ransomware
ransom_5202,1,ransomware
ransom_5203,1,ransomware
ransom_5204,1,ransomware
ransom_5205,1,ransomware
ransom_5208,1,ransomware
ransom_5209,1,ransomware
ransom_5212,1,ransomware
ransom_5213,1,ransomware
ransom_5214,1,ransomware
ransom_5215,1,ransomware
ransom_5216,1,ransomware
ransom_5218,1,ransomware
ransom_5219,1,ransomware
ransom_5220,1,ransomware
ransom_5221,1,ransomware
ransom_5222,1,ransomware
ransom_5223,1,ransomware
ransom_5224,1,ransomware
ransom_5225,1,ransomware
ransom_5226,1,ransomware
ransom_5229,1,ransomware
ransom_5231,1,ransomware
ransom_5232,1,ransomware
ransom_5233,1,ransomware
ransom_5234,1,ransomware
ransom_5235,1,ransomware
ransom_5236,1,ransomware
ransom_5237,1,ransomware
ransom_5238,1,ransomware
ransom_5239,1,ransomware
ransom_5240,1,ransomware
ransom_5242,1,ransomware
ransom_5244,1,ransomware
ransom_5245,1,ransomware
ransom_5246,1,ransomware
ransom_5247,1,ransomware
ransom_5248,1,ransomware
ransom_5251,1,ransomware
ransom_5252,1,ransomware
ransom_5253,1,ransomware
ransom_5254,1,ransomware
ransom_5255,1,ransomware
ransom_5256,1,ransomware
ransom_5257,1,ransomware
ransom_5262,1,ransomware
ransom_5263,1,ransomware
ransom_5264,1,ransomware
ransom_5265,1,ransomware
ransom_5266,1,ransomware
ransom_5267,1,ransomware
ransom_5269,1,ransomware
ransom_5270,1,ransomware
ransom_5272,1,ransomware
ransom_5273,1,ransomware
ransom_5274,1,ransomware
ransom_5275,1,ransomware
ransom_5276,1,ransomware
ransom_5277,1,ransomware
ransom_5278,1,ransomware
ransom_5279,1,ransomware
ransom_5280,1,ransomware
ransom_5281,1,ransomware
ransom_5282,1,ransomware
ransom_5283,1,ransomware
ransom_5284,1,ransomware
ransom_5286,1,ransomware
ransom_5287,1,ransomware
ransom_5290,1,ransomware
ransom_5291,1,ransomware
ransom_5292,1,ransomware
ransom_5293,1,ransomware
ransom_5294,1,ransomware
ransom_5295,1,ransomware
ransom_5296,1,ransomware
ransom_5297,1,ransomware
ransom_5298,1,ransomware
ransom_5300,1,ransomware
ransom_5301,1,ransomware
ransom_5305,1,ransomware
ransom_5306,1,ransomware
ransom_5307,1,ransomware
ransom_5308,1,ransomware
ransom_5310,1,ransomware
ransom_5311,1,ransomware
ransom_5312,1,ransomware
ransom_5314,1,ransomware
ransom_5315,1,ransomware
ransom_5316,1,ransomware
ransom_5318,1,ransomware
ransom_5319,1,ransomware
ransom_5320,1,ransomware
ransom_5321,1,ransomware
ransom_5322,1,ransomware
ransom_5324,1,ransomware
ransom_5325,1,ransomware
ransom_5326,1,ransomware
ransom_5327,1,ransomware
ransom_5328,1,ransomware
ransom_5330,1,ransomware
ransom_5331,1,ransomware
ransom_5332,1,ransomware
ransom_5333,1,ransomware
ransom_5335,1,ransomware
ransom_5336,1,ransomware
ransom_5337,1,ransomware
ransom_5338,1,ransomware
ransom_5339,1,ransomware
ransom_5341,1,ransomware
ransom_5342,1,ransomware
ransom_5343,1,ransomware
ransom_5344,1,ransomware
ransom_5346,1,ransomware
ransom_5347,1,ransomware
ransom_5348,1,ransomware
ransom_5349,1,ransomware
ransom_5350,1,ransomware
ransom_5351,1,ransomware
ransom_5352,1,ransomware
ransom_5353,1,ransomware
ransom_5354,1,ransomware
ransom_5356,1,ransomware
ransom_5358,1,ransomware
ransom_5359,1,ransomware
ransom_5360,1,ransomware
ransom_5362,1,ransomware
ransom_5363,1,ransomware
ransom_5365,1,ransomware
ransom_5366,1,ransomware
ransom_5367,1,ransomware
ransom_5368,1,ransomware
ransom_5369,1,ransomware
ransom_5370,1,ransomware
ransom_5371,1,ransomware
ransom_5372,1,ransomware
ransom_5373,1,ransomware
ransom_5374,1,ransomware
ransom_5375,1,ransomware
ransom_5377,1,ransomware
ransom_5378,1,ransomware
ransom_5379,1,ransomware
ransom_5380,1,ransomware
ransom_5381,1,ransomware
ransom_5382,1,ransomware
ransom_5383,1,ransomware
ransom_5384,1,ransomware
ransom_5385,1,ransomware
ransom_5386,1,ransomware
ransom_5387,1,ransomware
ransom_5388,1,ransomware
ransom_5389,1,ransomware
ransom_5390,1,ransomware
ransom_5391,1,ransomware
ransom_5392,1,ransomware
ransom_5394,1,ransomware
ransom_5395,1,ransomware
ransom_5396,1,ransomware
ransom_5397,1,ransomware
ransom_5398,1,ransomware
ransom_5400,1,ransomware
ransom_5401,1,ransomware
ransom_5402,1,ransomware
ransom_5403,1,ransomware
ransom_5404,1,ransomware
ransom_5405,1,ransomware
ransom_5407,1,ransomware
ransom_5410,1,ransomware
ransom_5411,1,ransomware
ransom_5412,1,ransomware
ransom_5413,1,ransomware
ransom_5415,1,ransomware
ransom_5416,1,ransomware
ransom_5417,1,ransomware
ransom_5418,1,ransomware
ransom_5419,1,ransomware
ransom_5420,1,ransomware
ransom_5422,1,ransomware
ransom_5423,1,ransomware
ransom_5425,1,ransomware
ransom_5426,1,ransomware
ransom_5427,1,ransomware
ransom_5428,1,ransomware
ransom_5430,1,ransomware
ransom_5431,1,ransomware
ransom_5432,1,ransomware
ransom_5433,1,ransomware
ransom_5435,1,ransomware
ransom_5436,1,ransomware
ransom_5437,1,ransomware
ransom_5438,1,ransomware
ransom_5440,1,ransomware
ransom_5444,1,ransomware
ransom_5445,1,ransomware
ransom_5446,1,ransomware
ransom_5447,1,ransomware
ransom_5448,1,ransomware
ransom_5449,1,ransomware
ransom_5450,1,ransomware
ransom_5451,1,ransomware
ransom_5452,1,ransomware
ransom_5453,1,ransomware
ransom_5454,1,ransomware
ransom_5456,1,ransomware
ransom_5459,1,ransomware
ransom_5460,1,ransomware
ransom_5461,1,ransomware
ransom_5462,1,ransomware
ransom_5463,1,ransomware
ransom_5464,1,ransomware
ransom_5465,1,ransomware
ransom_5466,1,ransomware
ransom_5467,1,ransomware
ransom_5469,1,ransomware
ransom_5470,1,ransomware
ransom_5471,1,ransomware
ransom_5474,1,ransomware
ransom_5475,1,ransomware
ransom_5476,1,ransomware
ransom_5477,1,ransomware
ransom_5478,1,ransomware
ransom_5479,1,ransomware
ransom_5480,1,ransomware
ransom_5481,1,ransomware
ransom_5482,1,ransomware
ransom_5483,1,ransomware
ransom_5485,1,ransomware
ransom_5487,1,ransomware
ransom_5488,1,ransomware
ransom_5489,1,ransomware
ransom_5490,1,ransomware
ransom_5492,1,ransomware
ransom_5494,1,ransomware
ransom_5496,1,ransomware
ransom_5497,1,ransomware
ransom_5498,1,ransomware
ransom_5499,1,ransomware
ransom_5502,1,ransomware
ransom_5503,1,ransomware
ransom_5504,1,ransomware
ransom_5506,1,ransomware
ransom_5507,1,ransomware
ransom_5508,1,ransomware
ransom_5509,1,ransomware
ransom_5510,1,ransomware
ransom_5511,1,ransomware
ransom_5512,1,ransomware
ransom_5513,1,ransomware
ransom_5514,1,ransomware
ransom_5515,1,ransomware
ransom_5516,1,ransomware
ransom_5518,1,ransomware
ransom_5520,1,ransomware
ransom_5521,1,ransomware
ransom_5522,1,ransomware
ransom_5524,1,ransomware
ransom_5525,1,ransomware
ransom_5526,1,ransomware
ransom_5527,1,ransomware
ransom_5528,1,ransomware
ransom_5529,1,ransomware
ransom_5530,1,ransomware
ransom_5533,1,ransomware
ransom_5534,1,ransomware
ransom_5535,1,ransomware
ransom_5536,1,ransomware
ransom_5537,1,ransomware
ransom_5539,1,ransomware
ransom_5540,1,ransomware
ransom_5542,1,ransomware
ransom_5543,1,ransomware
ransom_5544,1,ransomware
ransom_5545,1,ransomware
ransom_5546,1,ransomware
ransom_5547,1,ransomware
ransom_5548,1,ransomware
ransom_5549,1,ransomware
ransom_5550,1,ransomware
ransom_5551,1,ransomware
ransom_5552,1,ransomware
ransom_5553,1,ransomware
ransom_5554,1,ransomware
ransom_5556,1,ransomware
ransom_5557,1,ransomware
ransom_5559,1,ransomware
ransom_5560,1,ransomware
ransom_5561,1,ransomware
ransom_5563,1,ransomware
ransom_5564,1,ransomware
ransom_5565,1,ransomware
ransom_5566,1,ransomware
ransom_5567,1,ransomware
ransom_5568,1,ransomware
ransom_5570,1,ransomware
ransom_5571,1,ransomware
ransom_5572,1,ransomware
ransom_5574,1,ransomware
ransom_5575,1,ransomware
ransom_5577,1,ransomware
ransom_5579,1,ransomware
ransom_5580,1,ransomware
ransom_5583,1,ransomware
ransom_5584,1,ransomware
ransom_5585,1,ransomware
ransom_5586,1,ransomware
ransom_5587,1,ransomware
ransom_5588,1,ransomware
ransom_5589,1,ransomware
ransom_5590,1,ransomware
ransom_5591,1,ransomware
ransom_5592,1,ransomware
ransom_5594,1,ransomware
ransom_5595,1,ransomware
ransom_5597,1,ransomware
ransom_5598,1,ransomware
ransom_5599,1,ransomware
ransom_5601,1,ransomware
ransom_5602,1,ransomware
ransom_5603,1,ransomware
ransom_5604,1,ransomware
ransom_5605,1,ransomware
ransom_5606,1,ransomware
ransom_5607,1,ransomware
ransom_5608,1,ransomware
ransom_5609,1,ransomware
ransom_5610,1,ransomware
ransom_5611,1,ransomware
ransom_5612,1,ransomware
ransom_5613,1,ransomware
ransom_5614,1,ransomware
ransom_5615,1,ransomware
ransom_5618,1,ransomware
ransom_5619,1,ransomware
ransom_5620,1,ransomware
ransom_5621,1,ransomware
ransom_5622,1,ransomware
ransom_5624,1,ransomware
ransom_5625,1,ransomware
ransom_5626,1,ransomware
ransom_5628,1,ransomware
ransom_5630,1,ransomware
ransom_5631,1,ransomware
ransom_5634,1,ransomware
ransom_5637,1,ransomware
ransom_5639,1,ransomware
ransom_5640,1,ransomware
ransom_5641,1,ransomware
ransom_5642,1,ransomware
ransom_5643,1,ransomware
ransom_5644,1,ransomware
ransom_5647,1,ransomware
ransom_5648,1,ransomware
ransom_5649,1,ransomware
ransom_5650,1,ransomware
ransom_5651,1,ransomware
ransom_5652,1,ransomware
ransom_5653,1,ransomware
ransom_5654,1,ransomware
ransom_5656,1,ransomware
ransom_5657,1,ransomware
ransom_5659,1,ransomware
ransom_5660,1,ransomware
ransom_5661,1,ransomware
ransom_5662,1,ransomware
ransom_5663,1,ransomware
ransom_5664,1,ransomware
ransom_5667,1,ransomware
ransom_5668,1,ransomware
ransom_5669,1,ransomware
ransom_5670,1,ransomware
ransom_5671,1,ransomware
ransom_5675,1,ransomware
ransom_5677,1,ransomware
ransom_5678,1,ransomware
ransom_5680,1,ransomware
ransom_5681,1,ransomware
ransom_5682,1,ransomware
ransom_5684,1,ransomware
ransom_5685,1,ransomware
ransom_5686,1,ransomware
ransom_5687,1,ransomware
ransom_5690,1,ransomware
ransom_5691,1,ransomware
ransom_5692,1,ransomware
ransom_5694,1,ransomware
ransom_5695,1,ransomware
ransom_5696,1,ransomware
ransom_5697,1,ransomware
ransom_5698,1,ransomware
ransom_5699,1,ransomware
ransom_5700,1,ransomware
ransom_5701,1,ransomware
ransom_5703,1,ransomware
ransom_5706,1,ransomware
ransom_5707,1,ransomware
ransom_5708,1,ransomware
ransom_5709,1,ransomware
ransom_5710,1,ransomware
ransom_5711,1,ransomware
ransom_5713,1,ransomware
ransom_5716,1,ransomware
ransom_5717,1,ransomware
ransom_5718,1,ransomware
ransom_5719,1,ransomware
ransom_5721,1,ransomware
ransom_5723,1,ransomware
ransom_5724,1,ransomware
ransom_5725,1,ransomware
ransom_5726,1,ransomware
ransom_5728,1,ransomware
ransom_5730,1,ransomware
ransom_5731,1,ransomware
ransom_5732,1,ransomware
ransom_5733,1,ransomware
ransom_5734,1,ransomware
ransom_5735,1,ransomware
ransom_5736,1,ransomware
ransom_5737,1,ransomware
ransom_5738,1,ransomware
ransom_5740,1,ransomware
ransom_5742,1,ransomware
ransom_5744,1,ransomware
ransom_5746,1,ransomware
ransom_5747,1,ransomware
ransom_5750,1,ransomware
ransom_5752,1,ransomware
ransom_5753,1,ransomware
ransom_5754,1,ransomware
ransom_5755,1,ransomware
ransom_5756,1,ransomware
ransom_5757,1,ransomware
ransom_5758,1,ransomware
ransom_5759,1,ransomware
ransom_5760,1,ransomware
ransom_5762,1,ransomware
ransom_5763,1,ransomware
ransom_5765,1,ransomware
ransom_5768,1,ransomware
ransom_5769,1,ransomware
ransom_5771,1,ransomware
ransom_5773,1,ransomware
ransom_5774,1,ransomware
ransom_5776,1,ransomware
ransom_5777,1,ransomware
ransom_5778,1,ransomware
ransom_5779,1,ransomware
ransom_5780,1,ransomware
ransom_5781,1,ransomware
ransom_5782,1,ransomware
ransom_5783,1,ransomware
ransom_5784,1,ransomware
ransom_5785,1,ransomware
ransom_5787,1,ransomware
ransom_5788,1,ransomware
ransom_5790,1,ransomware
ransom_5791,1,ransomware
ransom_5792,1,ransomware
ransom_5793,1,ransomware
ransom_5795,1,ransomware
ransom_5797,1,ransomware
ransom_5798,1,ransomware
ransom_5800,1,ransomware
ransom_5801,1,ransomware
ransom_5803,1,ransomware
ransom_5804,1,ransomware
ransom_5806,1,ransomware
ransom_5808,1,ransomware
ransom_5809,1,ransomware
ransom_5810,1,ransomware
ransom_5811,1,ransomware
ransom_5812,1,ransomware
ransom_5813,1,ransomware
ransom_5814,1,ransomware
ransom_5815,1,ransomware
ransom_5816,1,ransomware
ransom_5818,1,ransomware
ransom_5819,1,ransomware
ransom_5820,1,ransomware
ransom_5821,1,ransomware
ransom_5823,1,ransomware
ransom_5824,1,ransomware
ransom_5825,1,ransomware
ransom_5827,1,ransomware
ransom_5830,1,ransomware
ransom_5831,1,ransomware
ransom_5832,1,ransomware
ransom_5833,1,ransomware
ransom_5835,1,ransomware
ransom_5836,1,ransomware
ransom_5837,1,ransomware
ransom_5838,1,ransomware
ransom_5839,1,ransomware
ransom_5840,1,ransomware
ransom_5841,1,ransomware
ransom_5842,1,ransomware
ransom_5843,1,ransomware
ransom_5844,1,ransomware
ransom_5845,1,ransomware
ransom_5846,1,ransomware
ransom_5847,1,ransomware
ransom_5849,1,ransomware
ransom_5850,1,ransomware
ransom_5851,1,ransomware
ransom_5852,1,ransomware
ransom_5853,1,ransomware
ransom_5854,1,ransomware
ransom_5855,1,ransomware
ransom_5856,1,ransomware
ransom_5857,1,ransomware
ransom_5858,1,ransomware
ransom_5860,1,ransomware
ransom_5861,1,ransomware
ransom_5862,1,ransomware
ransom_5864,1,ransomware
ransom_5865,1,ransomware
ransom_5866,1,ransomware
ransom_5868,1,ransomware
ransom_5869,1,ransomware
ransom_5871,1,ransomware
ransom_5872,1,ransomware
ransom_5873,1,ransomware
ransom_5875,1,ransomware
ransom_5876,1,ransomware
ransom_5877,1,ransomware
ransom_5880,1,ransomware
ransom_5882,1,ransomware
ransom_5883,1,ransomware
ransom_5884,1,ransomware
ransom_5885,1,ransomware
ransom_5886,1,ransomware
ransom_5887,1,ransomware
ransom_5888,1,ransomware
ransom_5889,1,ransomware
ransom_5890,1,ransomware
ransom_5891,1,ransomware
ransom_5894,1,ransomware
ransom_5895,1,ransomware
ransom_5896,1,ransomware
ransom_5897,1,ransomware
ransom_5900,1,ransomware
ransom_5901,1,ransomware
ransom_5902,1,ransomware
ransom_5903,1,ransomware
ransom_5904,1,ransomware
ransom_5906,1,ransomware
ransom_5907,1,ransomware
ransom_5908,1,ransomware
ransom_5909,1,ransomware
ransom_5910,1,ransomware
ransom_5911,1,ransomware
ransom_5912,1,ransomware
ransom_5913,1,ransomware
ransom_5914,1,ransomware
ransom_5915,1,ransomware
ransom_5916,1,ransomware
ransom_5917,1,ransomware
ransom_5919,1,ransomware
ransom_5920,1,ransomware
ransom_5922,1,ransomware
ransom_5923,1,ransomware
ransom_5925,1,ransomware
ransom_5926,1,ransomware
ransom_5927,1,ransomware
ransom_5929,1,ransomware
ransom_5931,1,ransomware
ransom_5932,1,ransomware
ransom_5933,1,ransomware
ransom_5934,1,ransomware
ransom_5936,1,ransomware
ransom_5937,1,ransomware
ransom_5939,1,ransomware
ransom_5940,1,ransomware
ransom_5942,1,ransomware
ransom_5944,1,ransomware
ransom_5945,1,ransomware
ransom_5946,1,ransomware
ransom_5947,1,ransomware
ransom_5949,1,ransomware
ransom_5950,1,ransomware
ransom_5951,1,ransomware
ransom_5952,1,ransomware
ransom_5954,1,ransomware
ransom_5955,1,ransomware
ransom_5956,1,ransomware
ransom_5957,1,ransomware
ransom_5959,1,ransomware
ransom_5960,1,ransomware
ransom_5961,1,ransomware
ransom_5962,1,ransomware
ransom_5963,1,ransomware
ransom_5964,1,ransomware
ransom_5968,1,ransomware
ransom_5970,1,ransomware
ransom_5971,1,ransomware
ransom_5973,1,ransomware
ransom_5975,1,ransomware
ransom_5977,1,ransomware
ransom_5978,1,ransomware
ransom_5979,1,ransomware
ransom_5980,1,ransomware
ransom_5981,1,ransomware
ransom_5982,1,ransomware
ransom_5983,1,ransomware
ransom_5984,1,ransomware
ransom_5985,1,ransomware
ransom_5986,1,ransomware
ransom_5988,1,ransomware
ransom_5990,1,ransomware
ransom_5991,1,ransomware
ransom_5992,1,ransomware
ransom_5994,1,ransomware
ransom_5995,1,ransomware
ransom_5996,1,ransomware
ransom_5997,1,ransomware
ransom_5999,1,ransomware
ransom_6000,1,ransomware
ransom_6001,1,ransomware
ransom_6002,1,ransomware
ransom_6003,1,ransomware
ransom_6004,1,ransomware
ransom_6005,1,ransomware
ransom_6006,1,ransomware
ransom_6007,1,ransomware
ransom_6009,1,ransomware
ransom_6011,1,ransomware
ransom_6012,1,ransomware
ransom_6014,1,ransomware
ransom_6015,1,ransomware
ransom_6016,1,ransomware
ransom_6017,1,ransomware
ransom_6018,1,ransomware
ransom_6019,1,ransomware
ransom_6020,1,ransomware
ransom_6021,1,ransomware
ransom_6025,1,ransomware
ransom_6026,1,ransomware
ransom_6029,1,ransomware
ransom_6030,1,ransomware
ransom_6031,1,ransomware
ransom_6032,1,ransomware
ransom_6034,1,ransomware
ransom_6036,1,ransomware
ransom_6037,1,ransomware
ransom_6038,1,ransomware
ransom_6039,1,ransomware
ransom_6040,1,ransomware
ransom_6041,1,ransomware
ransom_6042,1,ransomware
ransom_6043,1,ransomware
ransom_6044,1,ransomware
ransom_6047,1,ransomware
ransom_6048,1,ransomware
ransom_6049,1,ransomware
ransom_6050,1,ransomware
ransom_6051,1,ransomware
ransom_6052,1,ransomware
ransom_6053,1,ransomware
ransom_6054,1,ransomware
ransom_6055,1,ransomware
ransom_6057,1,ransomware
ransom_6059,1,ransomware
ransom_6060,1,ransomware
ransom_6061,1,ransomware
ransom_6062,1,ransomware
ransom_6063,1,ransomware
ransom_6064,1,ransomware
ransom_6065,1,ransomware
ransom_6067,1,ransomware
ransom_6068,1,ransomware
ransom_6070,1,ransomware
ransom_6071,1,ransomware
ransom_6072,1,ransomware
ransom_6073,1,ransomware
ransom_6074,1,ransomware
ransom_6077,1,ransomware
ransom_6080,1,ransomware
ransom_6081,1,ransomware
ransom_6082,1,ransomware
ransom_6083,1,ransomware
ransom_6084,1,ransomware
ransom_6085,1,ransomware
ransom_6087,1,ransomware
ransom_6088,1,ransomware
ransom_6089,1,ransomware
ransom_6090,1,ransomware
ransom_6091,1,ransomware
ransom_6092,1,ransomware
ransom_6094,1,ransomware
ransom_6095,1,ransomware
ransom_6097,1,ransomware
ransom_6098,1,ransomware
ransom_6099,1,ransomware
ransom_6100,1,ransomware
ransom_6101,1,ransomware
ransom_6102,1,ransomware
ransom_6103,1,ransomware
ransom_6104,1,ransomware
ransom_6105,1,ransomware
ransom_6106,1,ransomware
ransom_6107,1,ransomware
ransom_6108,1,ransomware
ransom_6109,1,ransomware
ransom_6111,1,ransomware
ransom_6112,1,ransomware
ransom_6113,1,ransomware
ransom_6116,1,ransomware
ransom_6117,1,ransomware
ransom_6118,1,ransomware
ransom_6120,1,ransomware
ransom_6121,1,ransomware
ransom_6122,1,ransomware
ransom_6123,1,ransomware
ransom_6124,1,ransomware
ransom_6125,1,ransomware
ransom_6126,1,ransomware
ransom_6127,1,ransomware
ransom_6128,1,ransomware
ransom_6130,1,ransomware
ransom_6131,1,ransomware
ransom_6132,1,ransomware
ransom_6133,1,ransomware
ransom_6134,1,ransomware
ransom_6137,1,ransomware
ransom_6138,1,ransomware
ransom_6140,1,ransomware
ransom_6141,1,ransomware
ransom_6142,1,ransomware
ransom_6144,1,ransomware
ransom_6145,1,ransomware
ransom_6146,1,ransomware
ransom_6147,1,ransomware
ransom_6148,1,ransomware
ransom_6149,1,ransomware
ransom_6150,1,ransomware
ransom_6151,1,ransomware
ransom_6152,1,ransomware
ransom_6154,1,ransomware
ransom_6155,1,ransomware
ransom_6156,1,ransomware
ransom_6157,1,ransomware
ransom_6158,1,ransomware
ransom_6160,1,ransomware
ransom_6161,1,ransomware
ransom_6162,1,ransomware
ransom_6164,1,ransomware
ransom_6168,1,ransomware
ransom_6169,1,ransomware
ransom_6170,1,ransomware
ransom_6171,1,ransomware
ransom_6172,1,ransomware
ransom_6173,1,ransomware
ransom_6174,1,ransomware
ransom_6176,1,ransomware
ransom_6177,1,ransomware
ransom_6178,1,ransomware
ransom_6179,1,ransomware
ransom_6180,1,ransomware
ransom_6181,1,ransomware
ransom_6182,1,ransomware
ransom_6183,1,ransomware
ransom_6185,1,ransomware
ransom_6186,1,ransomware
ransom_6187,1,ransomware
ransom_6189,1,ransomware
ransom_6190,1,ransomware
ransom_6191,1,ransomware
ransom_6192,1,ransomware
ransom_6193,1,ransomware
ransom_6194,1,ransomware
ransom_6195,1,ransomware
ransom_6196,1,ransomware
ransom_6197,1,ransomware
ransom_6198,1,ransomware
ransom_6199,1,ransomware
ransom_6202,1,ransomware
ransom_6203,1,ransomware
ransom_6204,1,ransomware
ransom_6209,1,ransomware
ransom_6210,1,ransomware
ransom_6211,1,ransomware
ransom_6212,1,ransomware
ransom_6213,1,ransomware
ransom_6216,1,ransomware
ransom_6217,1,ransomware
ransom_6218,1,ransomware
ransom_6219,1,ransomware
ransom_6220,1,ransomware
ransom_6221,1,ransomware
ransom_6222,1,ransomware
ransom_6224,1,ransomware
ransom_6226,1,ransomware
ransom_6227,1,ransomware
ransom_6228,1,ransomware
ransom_6229,1,ransomware
ransom_6230,1,ransomware
ransom_6231,1,ransomware
ransom_6232,1,ransomware
ransom_6234,1,ransomware
ransom_6235,1,ransomware
ransom_6236,1,ransomware
ransom_6237,1,ransomware
ransom_6238,1,ransomware
ransom_6239,1,ransomware
ransom_6240,1,ransomware
ransom_6241,1,ransomware
ransom_6243,1,ransomware
ransom_6244,1,ransomware
ransom_6245,1,ransomware
ransom_6246,1,ransomware
ransom_6248,1,ransomware
ransom_6249,1,ransomware
ransom_6250,1,ransomware
ransom_6253,1,ransomware
ransom_6254,1,ransomware
ransom_6255,1,ransomware
ransom_6256,1,ransomware
ransom_6258,1,ransomware
ransom_6259,1,ransomware
ransom_6260,1,ransomware
ransom_6261,1,ransomware
ransom_6262,1,ransomware
ransom_6263,1,ransomware
ransom_6264,1,ransomware
ransom_6265,1,ransomware
ransom_6266,1,ransomware
ransom_6267,1,ransomware
ransom_6268,1,ransomware
ransom_6269,1,ransomware
ransom_6270,1,ransomware
ransom_6271,1,ransomware
ransom_6272,1,ransomware
ransom_6273,1,ransomware
ransom_6274,1,ransomware
ransom_6275,1,ransomware
ransom_6278,1,ransomware
ransom_6279,1,ransomware
ransom_6280,1,ransomware
ransom_6281,1,ransomware
ransom_6282,1,ransomware
ransom_6283,1,ransomware
ransom_6285,1,ransomware
ransom_6286,1,ransomware
ransom_6287,1,ransomware
ransom_6288,1,ransomware
ransom_6290,1,ransomware
ransom_6292,1,ransomware
ransom_6294,1,ransomware
ransom_6295,1,ransomware
ransom_6296,1,ransomware
ransom_6298,1,ransomware
ransom_6299,1,ransomware
ransom_6300,1,ransomware
ransom_6301,1,ransomware
ransom_6303,1,ransomware
ransom_6304,1,ransomware
ransom_6305,1,ransomware
ransom_6306,1,ransomware
ransom_6307,1,ransomware
ransom_6309,1,ransomware
ransom_6310,1,ransomware
ransom_6311,1,ransomware
ransom_6312,1,ransomware
ransom_6313,1,ransomware
ransom_6315,1,ransomware
ransom_6316,1,ransomware
ransom_6317,1,ransomware
ransom_6318,1,ransomware
ransom_6319,1,ransomware
ransom_6320,1,ransomware
ransom_6321,1,ransomware
ransom_6322,1,ransomware
ransom_6323,1,ransomware
ransom_6324,1,ransomware
ransom_6328,1,ransomware
ransom_6329,1,ransomware
ransom_6331,1,ransomware
ransom_6332,1,ransomware
ransom_6333,1,ransomware
ransom_6334,1,ransomware
ransom_6337,1,ransomware
ransom_6338,1,ransomware
ransom_6339,1,ransomware
ransom_6340,1,ransomware
ransom_6341,1,ransomware
ransom_6343,1,ransomware
ransom_6345,1,ransomware
ransom_6346,1,ransomware
ransom_6347,1,ransomware
ransom_6349,1,ransomware
ransom_6350,1,ransomware
ransom_6354,1,ransomware
ransom_6356,1,ransomware
ransom_6357,1,ransomware
ransom_6358,1,ransomware
ransom_6359,1,ransomware
ransom_6360,1,ransomware
ransom_6361,1,ransomware
ransom_6362,1,ransomware
ransom_6364,1,ransomware
ransom_6365,1,ransomware
ransom_6366,1,ransomware
ransom_6367,1,ransomware
ransom_6368,1,ransomware
ransom_6369,1,ransomware
ransom_6370,1,ransomware
ransom_6371,1,ransomware
ransom_6372,1,ransomware
ransom_6373,1,ransomware
ransom_6374,1,ransomware
ransom_6376,1,ransomware
ransom_6377,1,ransomware
ransom_6379,1,ransomware
ransom_6380,1,ransomware
ransom_6381,1,ransomware
ransom_6383,1,ransomware
ransom_6384,1,ransomware
ransom_6385,1,ransomware
ransom_6386,1,ransomware
ransom_6387,1,ransomware
ransom_6388,1,ransomware
ransom_6389,1,ransomware
ransom_6391,1,ransomware
ransom_6392,1,ransomware
ransom_6393,1,ransomware
ransom_6394,1,ransomware
ransom_6395,1,ransomware
ransom_6396,1,ransomware
ransom_6398,1,ransomware
ransom_6399,1,ransomware
ransom_6400,1,ransomware
ransom_6401,1,ransomware
ransom_6402,1,ransomware
ransom_6403,1,ransomware
ransom_6404,1,ransomware
ransom_6405,1,ransomware
ransom_6406,1,ransomware
ransom_6408,1,ransomware
ransom_6409,1,ransomware
ransom_6410,1,ransomware
ransom_6411,1,ransomware
ransom_6412,1,ransomware
ransom_6413,1,ransomware
ransom_6414,1,ransomware
ransom_6415,1,ransomware
ransom_6416,1,ransomware
ransom_6417,1,ransomware
ransom_6418,1,ransomware
ransom_6419,1,ransomware
ransom_6420,1,ransomware
ransom_6422,1,ransomware
ransom_6423,1,ransomware
ransom_6424,1,ransomware
ransom_6425,1,ransomware
ransom_6426,1,ransomware
ransom_6428,1,ransomware
ransom_6429,1,ransomware
ransom_6430,1,ransomware
ransom_6432,1,ransomware
ransom_6434,1,ransomware
ransom_6436,1,ransomware
ransom_6437,1,ransomware
ransom_6438,1,ransomware
ransom_6439,1,ransomware
ransom_6440,1,ransomware
ransom_6441,1,ransomware
ransom_6442,1,ransomware
ransom_6443,1,ransomware
ransom_6444,1,ransomware
ransom_6445,1,ransomware
ransom_6446,1,ransomware
ransom_6447,1,ransomware
ransom_6448,1,ransomware
ransom_6449,1,ransomware
ransom_6450,1,ransomware
ransom_6451,1,ransomware
ransom_6452,1,ransomware
ransom_6453,1,ransomware
ransom_6455,1,ransomware
ransom_6456,1,ransomware
ransom_6457,1,ransomware
ransom_6458,1,ransomware
ransom_6459,1,ransomware
ransom_6461,1,ransomware
ransom_6462,1,ransomware
ransom_6463,1,ransomware
ransom_6464,1,ransomware
ransom_6465,1,ransomware
ransom_6467,1,ransomware
ransom_6468,1,ransomware
ransom_6469,1,ransomware
ransom_6471,1,ransomware
ransom_6474,1,ransomware
ransom_6475,1,ransomware
ransom_6477,1,ransomware
ransom_6478,1,ransomware
ransom_6479,1,ransomware
ransom_6481,1,ransomware
ransom_6482,1,ransomware
ransom_6484,1,ransomware
ransom_6485,1,ransomware
ransom_6486,1,ransomware
ransom_6487,1,ransomware
ransom_6488,1,ransomware
ransom_6490,1,ransomware
ransom_6491,1,ransomware
ransom_6492,1,ransomware
ransom_6493,1,ransomware
ransom_6494,1,ransomware
ransom_6495,1,ransomware
ransom_6496,1,ransomware
ransom_6497,1,ransomware
ransom_6498,1,ransomware
ransom_6499,1,ransomware
ransom_6500,1,ransomware
ransom_6501,1,ransomware
ransom_6502,1,ransomware
ransom_6504,1,ransomware
ransom_6505,1,ransomware
ransom_6506,1,ransomware
ransom_6507,1,ransomware
ransom_6508,1,ransomware
ransom_6509,1,ransomware
ransom_6510,1,ransomware
ransom_6511,1,ransomware
ransom_6512,1,ransomware
ransom_6513,1,ransomware
ransom_6515,1,ransomware
ransom_6516,1,ransomware
ransom_6517,1,ransomware
ransom_6520,1,ransomware
ransom_6522,1,ransomware
ransom_6523,1,ransomware
ransom_6524,1,ransomware
ransom_6526,1,ransomware
ransom_6528,1,ransomware
ransom_6529,1,ransomware
ransom_6530,1,ransomware
ransom_6531,1,ransomware
ransom_6532,1,ransomware
ransom_6533,1,ransomware
ransom_6534,1,ransomware
ransom_6535,1,ransomware
ransom_6536,1,ransomware
ransom_6537,1,ransomware
ransom_6538,1,ransomware
ransom_6539,1,ransomware
ransom_6540,1,ransomware
ransom_6541,1,ransomware
ransom_6542,1,ransomware
ransom_6543,1,ransomware
ransom_6544,1,ransomware
ransom_6545,1,ransomware
ransom_6547,1,ransomware
ransom_6548,1,ransomware
ransom_6550,1,ransomware
ransom_6551,1,ransomware
ransom_6552,1,ransomware
ransom_6553,1,ransomware
ransom_6554,1,ransomware
ransom_6556,1,ransomware
ransom_6557,1,ransomware
ransom_6558,1,ransomware
ransom_6559,1,ransomware
ransom_6560,1,ransomware
ransom_6561,1,ransomware
ransom_6562,1,ransomware
ransom_6563,1,ransomware
ransom_6565,1,ransomware
ransom_6566,1,ransomware
ransom_6567,1,ransomware
ransom_6568,1,ransomware
ransom_6572,1,ransomware
ransom_6573,1,ransomware
ransom_6574,1,ransomware
ransom_6575,1,ransomware
ransom_6576,1,ransomware
ransom_6577,1,ransomware
ransom_6578,1,ransomware
ransom_6579,1,ransomware
ransom_6580,1,ransomware
ransom_6581,1,ransomware
ransom_6582,1,ransomware
ransom_6583,1,ransomware
ransom_6584,1,ransomware
ransom_6586,1,ransomware
ransom_6587,1,ransomware
ransom_6588,1,ransomware
ransom_6589,1,ransomware
ransom_6590,1,ransomware
ransom_6592,1,ransomware
ransom_6593,1,ransomware
ransom_6594,1,ransomware
ransom_6595,1,ransomware
ransom_6597,1,ransomware
ransom_6598,1,ransomware
ransom_6601,1,ransomware
ransom_6602,1,ransomware
ransom_6603,1,ransomware
ransom_6604,1,ransomware
ransom_6605,1,ransomware
ransom_6607,1,ransomware
ransom_6608,1,ransomware
ransom_6609,1,ransomware
ransom_6611,1,ransomware
ransom_6613,1,ransomware
ransom_6614,1,ransomware
ransom_6616,1,ransomware
ransom_6617,1,ransomware
ransom_6618,1,ransomware
ransom_6620,1,ransomware
ransom_6622,1,ransomware
ransom_6623,1,ransomware
ransom_6624,1,ransomware
ransom_6625,1,ransomware
ransom_6626,1,ransomware
ransom_6627,1,ransomware
ransom_6628,1,ransomware
ransom_6629,1,ransomware
ransom_6630,1,ransomware
ransom_6631,1,ransomware
ransom_6632,1,ransomware
ransom_6634,1,ransomware
ransom_6636,1,ransomware
ransom_6637,1,ransomware
ransom_6638,1,ransomware
ransom_6639,1,ransomware
ransom_6640,1,ransomware
ransom_6642,1,ransomware
ransom_6644,1,ransomware
ransom_6645,1,ransomware
ransom_6646,1,ransomware
ransom_6647,1,ransomware
ransom_6648,1,ransomware
ransom_6650,1,ransomware
ransom_6651,1,ransomware
ransom_6652,1,ransomware
ransom_6653,1,ransomware
ransom_6654,1,ransomware
ransom_6656,1,ransomware
ransom_6657,1,ransomware
ransom_6658,1,ransomware
ransom_6661,1,ransomware
ransom_6662,1,ransomware
ransom_6663,1,ransomware
ransom_6664,1,ransomware
ransom_6665,1,ransomware
ransom_6666,1,ransomware
ransom_6667,1,ransomware
ransom_6668,1,ransomware
ransom_6669,1,ransomware
ransom_6671,1,ransomware
ransom_6672,1,ransomware
ransom_6673,1,ransomware
ransom_6674,1,ransomware
ransom_6676,1,ransomware
ransom_6677,1,ransomware
ransom_6678,1,ransomware
ransom_6679,1,ransomware
ransom_6680,1,ransomware
ransom_6682,1,ransomware
ransom_6683,1,ransomware
ransom_6684,1,ransomware
ransom_6685,1,ransomware
ransom_6687,1,ransomware
ransom_6688,1,ransomware
ransom_6689,1,ransomware
ransom_6690,1,ransomware
ransom_6692,1,ransomware
ransom_6693,1,ransomware
ransom_6694,1,ransomware
ransom_6695,1,ransomware
ransom_6696,1,ransomware
ransom_6699,1,ransomware
ransom_6700,1,ransomware
ransom_6701,1,ransomware
ransom_6702,1,ransomware
ransom_6703,1,ransomware
ransom_6704,1,ransomware
ransom_6705,1,ransomware
ransom_6708,1,ransomware
ransom_6709,1,ransomware
ransom_6710,1,ransomware
ransom_6711,1,ransomware
ransom_6714,1,ransomware
ransom_6715,1,ransomware
ransom_6716,1,ransomware
ransom_6718,1,ransomware
ransom_6719,1,ransomware
ransom_6720,1,ransomware
ransom_6721,1,ransomware
ransom_6722,1,ransomware
ransom_6724,1,ransomware
ransom_6725,1,ransomware
ransom_6726,1,ransomware
ransom_6727,1,ransomware
ransom_6728,1,ransomware
ransom_6729,1,ransomware
ransom_6730,1,ransomware
ransom_6731,1,ransomware
ransom_6732,1,ransomware
ransom_6733,1,ransomware
ransom_6734,1,ransomware
ransom_6736,1,ransomware
ransom_6737,1,ransomware
ransom_6738,1,ransomware
ransom_6739,1,ransomware
ransom_6740,1,ransomware
ransom_6741,1,ransomware
ransom_6742,1,ransomware
ransom_6743,1,ransomware
ransom_6748,1,ransomware
ransom_6750,1,ransomware
ransom_6752,1,ransomware
ransom_6754,1,ransomware
ransom_6755,1,ransomware
ransom_6756,1,ransomware
ransom_6757,1,ransomware
ransom_6759,1,ransomware
ransom_6760,1,ransomware
ransom_6761,1,ransomware
ransom_6762,1,ransomware
ransom_6763,1,ransomware
ransom_6764,1,ransomware
ransom_6765,1,ransomware
ransom_6766,1,ransomware
ransom_6768,1,ransomware
ransom_6769,1,ransomware
ransom_6770,1,ransomware
ransom_6771,1,ransomware
ransom_6773,1,ransomware
ransom_6774,1,ransomware
ransom_6775,1,ransomware
ransom_6776,1,ransomware
ransom_6777,1,ransomware
ransom_6778,1,ransomware
ransom_6779,1,ransomware
ransom_6780,1,ransomware
ransom_6782,1,ransomware
ransom_6783,1,ransomware
ransom_6785,1,ransomware
ransom_6786,1,ransomware
ransom_6787,1,ransomware
ransom_6788,1,ransomware
ransom_6789,1,ransomware
ransom_6790,1,ransomware
ransom_6791,1,ransomware
ransom_6792,1,ransomware
ransom_6793,1,ransomware
ransom_6796,1,ransomware
ransom_6797,1,ransomware
ransom_6799,1,ransomware
ransom_6800,1,ransomware
ransom_6801,1,ransomware
ransom_6804,1,ransomware
ransom_6805,1,ransomware
ransom_6807,1,ransomware
ransom_6808,1,ransomware
ransom_6809,1,ransomware
ransom_6810,1,ransomware
ransom_6811,1,ransomware
ransom_6812,1,ransomware
ransom_6815,1,ransomware
ransom_6817,1,ransomware
ransom_6818,1,ransomware
ransom_6819,1,ransomware
ransom_6820,1,ransomware
ransom_6821,1,ransomware
ransom_6823,1,ransomware
ransom_6825,1,ransomware
ransom_6826,1,ransomware
ransom_6827,1,ransomware
ransom_6829,1,ransomware
ransom_6831,1,ransomware
ransom_6832,1,ransomware
ransom_6833,1,ransomware
ransom_6834,1,ransomware
ransom_6835,1,ransomware
ransom_6836,1,ransomware
ransom_6837,1,ransomware
ransom_6839,1,ransomware
ransom_6841,1,ransomware
ransom_6842,1,ransomware
ransom_6843,1,ransomware
ransom_6845,1,ransomware
ransom_6846,1,ransomware
ransom_6847,1,ransomware
ransom_6848,1,ransomware
ransom_6849,1,ransomware
ransom_6851,1,ransomware
ransom_6852,1,ransomware
ransom_6854,1,ransomware
ransom_6855,1,ransomware
ransom_6856,1,ransomware
ransom_6857,1,ransomware
ransom_6858,1,ransomware
ransom_6859,1,ransomware
ransom_6861,1,ransomware
ransom_6862,1,ransomware
ransom_6863,1,ransomware
ransom_6864,1,ransomware
ransom_6866,1,ransomware
ransom_6867,1,ransomware
ransom_6868,1,ransomware
ransom_6870,1,ransomware
ransom_6871,1,ransomware
ransom_6872,1,ransomware
ransom_6873,1,ransomware
ransom_6874,1,ransomware
ransom_6875,1,ransomware
ransom_6876,1,ransomware
ransom_6877,1,ransomware
ransom_6878,1,ransomware
ransom_6879,1,ransomware
ransom_6881,1,ransomware
ransom_6882,1,ransomware
ransom_6883,1,ransomware
ransom_6884,1,ransomware
ransom_6885,1,ransomware
ransom_6886,1,ransomware
ransom_6887,1,ransomware
ransom_6888,1,ransomware
ransom_6889,1,ransomware
ransom_6890,1,ransomware
ransom_6891,1,ransomware
ransom_6892,1,ransomware
ransom_6893,1,ransomware
ransom_6894,1,ransomware
ransom_6895,1,ransomware
ransom_6897,1,ransomware
ransom_6898,1,ransomware
ransom_6899,1,ransomware
ransom_6900,1,ransomware
ransom_6902,1,ransomware
ransom_6904,1,ransomware
ransom_6906,1,ransomware
ransom_6907,1,ransomware
ransom_6908,1,ransomware
ransom_6910,1,ransomware
ransom_6911,1,ransomware
ransom_6912,1,ransomware
ransom_6913,1,ransomware
ransom_6914,1,ransomware
ransom_6915,1,ransomware
ransom_6916,1,ransomware
ransom_6917,1,ransomware
ransom_6918,1,ransomware
ransom_6919,1,ransomware
ransom_6921,1,ransomware
ransom_6922,1,ransomware
ransom_6923,1,ransomware
ransom_6925,1,ransomware
ransom_6926,1,ransomware
ransom_6927,1,ransomware
ransom_6928,1,ransomware
ransom_6929,1,ransomware
ransom_6930,1,ransomware
ransom_6931,1,ransomware
ransom_6932,1,ransomware
ransom_6933,1,ransomware
ransom_6934,1,ransomware
ransom_6936,1,ransomware
ransom_6937,1,ransomware
ransom_6938,1,ransomware
ransom_6939,1,ransomware
ransom_6941,1,ransomware
ransom_6942,1,ransomware
ransom_6943,1,ransomware
ransom_6945,1,ransomware
ransom_6946,1,ransomware
ransom_6947,1,ransomware
ransom_6949,1,ransomware
ransom_6950,1,ransomware
ransom_6951,1,ransomware
ransom_6953,1,ransomware
ransom_6955,1,ransomware
ransom_6956,1,ransomware
ransom_6957,1,ransomware
ransom_6958,1,ransomware
ransom_6960,1,ransomware
ransom_6961,1,ransomware
ransom_6962,1,ransomware
ransom_6963,1,ransomware
ransom_6964,1,ransomware
ransom_6965,1,ransomware
ransom_6966,1,ransomware
ransom_6967,1,ransomware
ransom_6968,1,ransomware
ransom_6969,1,ransomware
ransom_6970,1,ransomware
ransom_6971,1,ransomware
ransom_6972,1,ransomware
ransom_6973,1,ransomware
ransom_6974,1,ransomware
ransom_6975,1,ransomware
ransom_6976,1,ransomware
ransom_6977,1,ransomware
ransom_6978,1,ransomware
ransom_6979,1,ransomware
ransom_6980,1,ransomware
ransom_6981,1,ransomware
ransom_6983,1,ransomware
ransom_6984,1,ransomware
ransom_6988,1,ransomware
ransom_6989,1,ransomware
ransom_6990,1,ransomware
ransom_6991,1,ransomware
ransom_6993,1,ransomware
ransom_6994,1,ransomware
ransom_6995,1,ransomware
ransom_6996,1,ransomware
ransom_6997,1,ransomware
ransom_6999,1,ransomware
ransom_7001,1,ransomware
ransom_7002,1,ransomware
ransom_7004,1,ransomware
ransom_7006,1,ransomware
ransom_7007,1,ransomware
ransom_7008,1,ransomware
ransom_7009,1,ransomware
ransom_7011,1,ransomware
ransom_7012,1,ransomware
ransom_7013,1,ransomware
ransom_7014,1,ransomware
ransom_7015,1,ransomware
ransom_7016,1,ransomware
ransom_7017,1,ransomware
ransom_7019,1,ransomware
ransom_7020,1,ransomware
ransom_7021,1,ransomware
ransom_7022,1,ransomware
ransom_7023,1,ransomware
ransom_7025,1,ransomware
ransom_7026,1,ransomware
ransom_7028,1,ransomware
ransom_7030,1,ransomware
ransom_7031,1,ransomware
ransom_7033,1,ransomware
ransom_7035,1,ransomware
ransom_7036,1,ransomware
ransom_7037,1,ransomware
ransom_7038,1,ransomware
ransom_7040,1,ransomware
ransom_7041,1,ransomware
ransom_7042,1,ransomware
ransom_7043,1,ransomware
ransom_7044,1,ransomware
ransom_7045,1,ransomware
ransom_7047,1,ransomware
ransom_7048,1,ransomware
ransom_7050,1,ransomware
ransom_7051,1,ransomware
ransom_7052,1,ransomware
ransom_7053,1,ransomware
ransom_7054,1,ransomware
ransom_7055,1,ransomware
ransom_7057,1,ransomware
ransom_7058,1,ransomware
ransom_7059,1,ransomware
ransom_7060,1,ransomware
ransom_7062,1,ransomware
ransom_7063,1,ransomware
ransom_7064,1,ransomware
ransom_7065,1,ransomware
ransom_7066,1,ransomware
ransom_7067,1,ransomware
ransom_7069,1,ransomware
ransom_7070,1,ransomware
ransom_7072,1,ransomware
ransom_7073,1,ransomware
ransom_7074,1,ransomware
ransom_7075,1,ransomware
ransom_7076,1,ransomware
ransom_7079,1,ransomware
ransom_7080,1,ransomware
ransom_7081,1,ransomware
ransom_7082,1,ransomware
ransom_7083,1,ransomware
ransom_7084,1,ransomware
ransom_7085,1,ransomware
ransom_7087,1,ransomware
ransom_7088,1,ransomware
ransom_7089,1,ransomware
ransom_7090,1,ransomware
ransom_7091,1,ransomware
ransom_7092,1,ransomware
ransom_7093,1,ransomware
ransom_7096,1,ransomware
ransom_7097,1,ransomware
ransom_7098,1,ransomware
ransom_7099,1,ransomware
ransom_7100,1,ransomware
ransom_7101,1,ransomware
ransom_7102,1,ransomware
ransom_7103,1,ransomware
ransom_7104,1,ransomware
ransom_7105,1,ransomware
ransom_7106,1,ransomware
ransom_7109,1,ransomware
ransom_7110,1,ransomware
ransom_7111,1,ransomware
ransom_7112,1,ransomware
ransom_7114,1,ransomware
ransom_7115,1,ransomware
ransom_7116,1,ransomware
ransom_7118,1,ransomware
ransom_7119,1,ransomware
ransom_7120,1,ransomware
ransom_7121,1,ransomware
ransom_7122,1,ransomware
ransom_7123,1,ransomware
ransom_7124,1,ransomware
ransom_7125,1,ransomware
ransom_7126,1,ransomware
ransom_7127,1,ransomware
ransom_7128,1,ransomware
ransom_7129,1,ransomware
ransom_7130,1,ransomware
ransom_7132,1,ransomware
ransom_7133,1,ransomware
ransom_7134,1,ransomware
ransom_7135,1,ransomware
ransom_7137,1,ransomware
ransom_7138,1,ransomware
ransom_7140,1,ransomware
ransom_7141,1,ransomware
ransom_7142,1,ransomware
ransom_7143,1,ransomware
ransom_7144,1,ransomware
ransom_7145,1,ransomware
ransom_7146,1,ransomware
ransom_7148,1,ransomware
ransom_7151,1,ransomware
ransom_7152,1,ransomware
ransom_7153,1,ransomware
ransom_7154,1,ransomware
ransom_7155,1,ransomware
ransom_7156,1,ransomware
ransom_7158,1,ransomware
ransom_7160,1,ransomware
ransom_7162,1,ransomware
ransom_7163,1,ransomware
ransom_7165,1,ransomware
ransom_7166,1,ransomware
ransom_7167,1,ransomware
ransom_7168,1,ransomware
ransom_7170,1,ransomware
ransom_7171,1,ransomware
ransom_7172,1,ransomware
ransom_7173,1,ransomware
ransom_7174,1,ransomware
ransom_7175,1,ransomware
ransom_7176,1,ransomware
ransom_7177,1,ransomware
ransom_7178,1,ransomware
ransom_7179,1,ransomware
ransom_7180,1,ransomware
ransom_7181,1,ransomware
ransom_7182,1,ransomware
ransom_7184,1,ransomware
ransom_7185,1,ransomware
ransom_7186,1,ransomware
ransom_7188,1,ransomware
ransom_7189,1,ransomware
ransom_7190,1,ransomware
ransom_7191,1,ransomware
ransom_7192,1,ransomware
ransom_7193,1,ransomware
ransom_7194,1,ransomware
ransom_7195,1,ransomware
ransom_7196,1,ransomware
ransom_7198,1,ransomware
ransom_7199,1,ransomware
ransom_7200,1,ransomware
ransom_7201,1,ransomware
ransom_7203,1,ransomware
ransom_7204,1,ransomware
ransom_7205,1,ransomware
ransom_7206,1,ransomware
ransom_7207,1,ransomware
ransom_7208,1,ransomware
ransom_7210,1,ransomware
ransom_7212,1,ransomware
ransom_7213,1,ransomware
ransom_7214,1,ransomware
ransom_7215,1,ransomware
ransom_7216,1,ransomware
ransom_7217,1,ransomware
ransom_7218,1,ransomware
ransom_7220,1,ransomware
ransom_7221,1,ransomware
ransom_7222,1,ransomware
ransom_7223,1,ransomware
ransom_7224,1,ransomware
ransom_7225,1,ransomware
ransom_7226,1,ransomware
ransom_7227,1,ransomware
ransom_7230,1,ransomware
ransom_7231,1,ransomware
ransom_7232,1,ransomware
ransom_7234,1,ransomware
ransom_7235,1,ransomware
ransom_7237,1,ransomware
ransom_7239,1,ransomware
ransom_7240,1,ransomware
ransom_7241,1,ransomware
ransom_7243,1,ransomware
ransom_7245,1,ransomware
ransom_7247,1,ransomware
ransom_7248,1,ransomware
ransom_7249,1,ransomware
ransom_7250,1,ransomware
ransom_7251,1,ransomware
ransom_7252,1,ransomware
ransom_7255,1,ransomware
ransom_7256,1,ransomware
ransom_7257,1,ransomware
ransom_7259,1,ransomware
ransom_7260,1,ransomware
ransom_7261,1,ransomware
ransom_7262,1,ransomware
ransom_7263,1,ransomware
ransom_7266,1,ransomware
ransom_7267,1,ransomware
ransom_7268,1,ransomware
ransom_7269,1,ransomware
ransom_7272,1,ransomware
ransom_7274,1,ransomware
ransom_7276,1,ransomware
ransom_7279,1,ransomware
ransom_7280,1,ransomware
ransom_7281,1,ransomware
ransom_7282,1,ransomware
ransom_7283,1,ransomware
ransom_7284,1,ransomware
ransom_7285,1,ransomware
ransom_7286,1,ransomware
ransom_7287,1,ransomware
ransom_7289,1,ransomware
ransom_7290,1,ransomware
ransom_7291,1,ransomware
ransom_7293,1,ransomware
ransom_7294,1,ransomware
ransom_7295,1,ransomware
ransom_7296,1,ransomware
ransom_7297,1,ransomware
ransom_7298,1,ransomware
ransom_7301,1,ransomware
ransom_7303,1,ransomware
ransom_7304,1,ransomware
ransom_7305,1,ransomware
ransom_7307,1,ransomware
ransom_7308,1,ransomware
ransom_7309,1,ransomware
ransom_7310,1,ransomware
ransom_7311,1,ransomware
ransom_7312,1,ransomware
ransom_7313,1,ransomware
ransom_7314,1,ransomware
ransom_7315,1,ransomware
ransom_7316,1,ransomware
ransom_7317,1,ransomware
ransom_7318,1,ransomware
ransom_7319,1,ransomware
ransom_7320,1,ransomware
ransom_7321,1,ransomware
ransom_7322,1,ransomware
ransom_7323,1,ransomware
ransom_7325,1,ransomware
ransom_7326,1,ransomware
ransom_7327,1,ransomware
ransom_7328,1,ransomware
ransom_7329,1,ransomware
ransom_7330,1,ransomware
ransom_7331,1,ransomware
ransom_7332,1,ransomware
ransom_7333,1,ransomware
ransom_7334,1,ransomware
ransom_7335,1,ransomware
ransom_7337,1,ransomware
ransom_7338,1,ransomware
ransom_7339,1,ransomware
ransom_7340,1,ransomware
ransom_7341,1,ransomware
ransom_7342,1,ransomware
ransom_7343,1,ransomware
ransom_7344,1,ransomware
ransom_7346,1,ransomware
ransom_7347,1,ransomware
ransom_7348,1,ransomware
ransom_7351,1,ransomware
ransom_7352,1,ransomware
ransom_7353,1,ransomware
ransom_7354,1,ransomware
ransom_7355,1,ransomware
ransom_7356,1,ransomware
ransom_7357,1,ransomware
ransom_7358,1,ransomware
ransom_7360,1,ransomware
ransom_7361,1,ransomware
ransom_7362,1,ransomware
ransom_7363,1,ransomware
ransom_7364,1,ransomware
ransom_7365,1,ransomware
ransom_7366,1,ransomware
ransom_7368,1,ransomware
ransom_7369,1,ransomware
ransom_7370,1,ransomware
ransom_7373,1,ransomware
ransom_7374,1,ransomware
ransom_7375,1,ransomware
ransom_7376,1,ransomware
ransom_7377,1,ransomware
ransom_7378,1,ransomware
ransom_7379,1,ransomware
ransom_7380,1,ransomware
ransom_7381,1,ransomware
ransom_7382,1,ransomware
ransom_7383,1,ransomware
ransom_7384,1,ransomware
ransom_7386,1,ransomware
ransom_7387,1,ransomware
ransom_7388,1,ransomware
ransom_7389,1,ransomware
ransom_7390,1,ransomware
ransom_7391,1,ransomware
ransom_7393,1,ransomware
ransom_7394,1,ransomware
ransom_7395,1,ransomware
ransom_7397,1,ransomware
ransom_7398,1,ransomware
ransom_7400,1,ransomware
ransom_7401,1,ransomware
ransom_7402,1,ransomware
ransom_7403,1,ransomware
ransom_7404,1,ransomware
ransom_7406,1,ransomware
ransom_7407,1,ransomware
ransom_7408,1,ransomware
ransom_7409,1,ransomware
ransom_7410,1,ransomware
ransom_7411,1,ransomware
ransom_7412,1,ransomware
ransom_7413,1,ransomware
ransom_7414,1,ransomware
ransom_7417,1,ransomware
ransom_7418,1,ransomware
ransom_7419,1,ransomware
ransom_7420,1,ransomware
ransom_7421,1,ransomware
ransom_7423,1,ransomware
ransom_7424,1,ransomware
ransom_7426,1,ransomware
ransom_7427,1,ransomware
ransom_7428,1,ransomware
ransom_7429,1,ransomware
ransom_7430,1,ransomware
ransom_7431,1,ransomware
ransom_7432,1,ransomware
ransom_7433,1,ransomware
ransom_7434,1,ransomware
ransom_7435,1,ransomware
ransom_7436,1,ransomware
ransom_7438,1,ransomware
ransom_7439,1,ransomware
ransom_7440,1,ransomware
ransom_7441,1,ransomware
ransom_7444,1,ransomware
ransom_7446,1,ransomware
ransom_7447,1,ransomware
ransom_7448,1,ransomware
ransom_7449,1,ransomware
ransom_7451,1,ransomware
ransom_7452,1,ransomware
ransom_7453,1,ransomware
ransom_7456,1,ransomware
ransom_7458,1,ransomware
ransom_7459,1,ransomware
ransom_7460,1,ransomware
ransom_7461,1,ransomware
ransom_7462,1,ransomware
ransom_7463,1,ransomware
ransom_7464,1,ransomware
ransom_7465,1,ransomware
ransom_7466,1,ransomware
ransom_7467,1,ransomware
ransom_7468,1,ransomware
ransom_7469,1,ransomware
ransom_7470,1,ransomware
ransom_7471,1,ransomware
ransom_7472,1,ransomware
ransom_7473,1,ransomware
ransom_7474,1,ransomware
ransom_7475,1,ransomware
ransom_7477,1,ransomware
ransom_7479,1,ransomware
ransom_7480,1,ransomware
ransom_7481,1,ransomware
ransom_7482,1,ransomware
ransom_7484,1,ransomware
ransom_7485,1,ransomware
ransom_7486,1,ransomware
ransom_7487,1,ransomware
ransom_7488,1,ransomware
ransom_7489,1,ransomware
ransom_7491,1,ransomware
ransom_7492,1,ransomware
ransom_7495,1,ransomware
ransom_7496,1,ransomware
ransom_7498,1,ransomware
ransom_7500,1,ransomware
ransom_7501,1,ransomware
ransom_7502,1,ransomware
ransom_7503,1,ransomware
ransom_7504,1,ransomware
ransom_7505,1,ransomware
ransom_7506,1,ransomware
ransom_7508,1,ransomware
ransom_7510,1,ransomware
ransom_7511,1,ransomware
ransom_7514,1,ransomware
ransom_7515,1,ransomware
ransom_7516,1,ransomware
ransom_7518,1,ransomware
ransom_7519,1,ransomware
ransom_7520,1,ransomware
ransom_7522,1,ransomware
ransom_7524,1,ransomware
ransom_7526,1,ransomware
ransom_7527,1,ransomware
ransom_7528,1,ransomware
ransom_7529,1,ransomware
ransom_7530,1,ransomware
ransom_7531,1,ransomware
ransom_7533,1,ransomware
ransom_7534,1,ransomware
ransom_7535,1,ransomware
ransom_7536,1,ransomware
ransom_7537,1,ransomware
ransom_7539,1,ransomware
ransom_7540,1,ransomware
ransom_7541,1,ransomware
ransom_7542,1,ransomware
ransom_7543,1,ransomware
ransom_7544,1,ransomware
ransom_7545,1,ransomware
ransom_7546,1,ransomware
ransom_7548,1,ransomware
ransom_7549,1,ransomware
ransom_7552,1,ransomware
ransom_7554,1,ransomware
ransom_7555,1,ransomware
ransom_7556,1,ransomware
ransom_7557,1,ransomware
ransom_7558,1,ransomware
ransom_7559,1,ransomware
ransom_7560,1,ransomware
ransom_7561,1,ransomware
ransom_7562,1,ransomware
ransom_7563,1,ransomware
ransom_7565,1,ransomware
ransom_7566,1,ransomware
ransom_7567,1,ransomware
ransom_7570,1,ransomware
ransom_7571,1,ransomware
ransom_7572,1,ransomware
ransom_7573,1,ransomware
ransom_7574,1,ransomware
ransom_7575,1,ransomware
ransom_7577,1,ransomware
ransom_7578,1,ransomware
ransom_7579,1,ransomware
ransom_7580,1,ransomware
ransom_7583,1,ransomware
ransom_7585,1,ransomware
ransom_7586,1,ransomware
ransom_7587,1,ransomware
ransom_7588,1,ransomware
ransom_7590,1,ransomware
ransom_7592,1,ransomware
ransom_7593,1,ransomware
ransom_7597,1,ransomware
ransom_7598,1,ransomware
ransom_7599,1,ransomware
ransom_7600,1,ransomware
ransom_7601,1,ransomware
ransom_7602,1,ransomware
ransom_7603,1,ransomware
ransom_7604,1,ransomware
ransom_7607,1,ransomware
ransom_7608,1,ransomware
ransom_7609,1,ransomware
ransom_7610,1,ransomware
ransom_7611,1,ransomware
ransom_7612,1,ransomware
ransom_7614,1,ransomware
ransom_7615,1,ransomware
ransom_7616,1,ransomware
ransom_7618,1,ransomware
ransom_7619,1,ransomware
ransom_7620,1,ransomware
ransom_7621,1,ransomware
ransom_7622,1,ransomware
ransom_7624,1,ransomware
ransom_7626,1,ransomware
ransom_7630,1,ransomware
ransom_7632,1,ransomware
ransom_7633,1,ransomware
ransom_7635,1,ransomware
ransom_7636,1,ransomware
ransom_7637,1,ransomware
ransom_7640,1,ransomware
ransom_7641,1,ransomware
ransom_7642,1,ransomware
ransom_7643,1,ransomware
ransom_7644,1,ransomware
ransom_7646,1,ransomware
ransom_7647,1,ransomware
ransom_7648,1,ransomware
ransom_7649,1,ransomware
ransom_7650,1,ransomware
ransom_7651,1,ransomware
ransom_7653,1,ransomware
ransom_7654,1,ransomware
ransom_7655,1,ransomware
ransom_7657,1,ransomware
ransom_7658,1,ransomware
ransom_7659,1,ransomware
ransom_7660,1,ransomware
ransom_7661,1,ransomware
ransom_7662,1,ransomware
ransom_7663,1,ransomware
ransom_7664,1,ransomware
ransom_7665,1,ransomware
ransom_7666,1,ransomware
ransom_7667,1,ransomware
ransom_7668,1,ransomware
ransom_7669,1,ransomware
ransom_7670,1,ransomware
ransom_7671,1,ransomware
ransom_7673,1,ransomware
ransom_7674,1,ransomware
ransom_7677,1,ransomware
ransom_7678,1,ransomware
ransom_7679,1,ransomware
ransom_7680,1,ransomware
ransom_7682,1,ransomware
ransom_7683,1,ransomware
ransom_7684,1,ransomware
ransom_7685,1,ransomware
ransom_7687,1,ransomware
ransom_7688,1,ransomware
ransom_7689,1,ransomware
ransom_7690,1,ransomware
ransom_7691,1,ransomware
ransom_7692,1,ransomware
ransom_7693,1,ransomware
ransom_7694,1,ransomware
ransom_7695,1,ransomware
ransom_7696,1,ransomware
ransom_7697,1,ransomware
ransom_7698,1,ransomware
ransom_7699,1,ransomware
ransom_7700,1,ransomware
ransom_7701,1,ransomware
ransom_7702,1,ransomware
ransom_7703,1,ransomware
ransom_7704,1,ransomware
ransom_7705,1,ransomware
ransom_7707,1,ransomware
ransom_7708,1,ransomware
ransom_7709,1,ransomware
ransom_7710,1,ransomware
ransom_7711,1,ransomware
ransom_7712,1,ransomware
ransom_7715,1,ransomware
ransom_7716,1,ransomware
ransom_7717,1,ransomware
ransom_7718,1,ransomware
ransom_7719,1,ransomware
ransom_7720,1,ransomware
ransom_7721,1,ransomware
ransom_7722,1,ransomware
ransom_7723,1,ransomware
ransom_7724,1,ransomware
ransom_7725,1,ransomware
ransom_7727,1,ransomware
ransom_7728,1,ransomware
ransom_7729,1,ransomware
ransom_7730,1,ransomware
ransom_7731,1,ransomware
ransom_7732,1,ransomware
ransom_7734,1,ransomware
ransom_7735,1,ransomware
ransom_7736,1,ransomware
ransom_7737,1,ransomware
ransom_7739,1,ransomware
ransom_7740,1,ransomware
ransom_7741,1,ransomware
ransom_7742,1,ransomware
ransom_7743,1,ransomware
ransom_7744,1,ransomware
ransom_7745,1,ransomware
ransom_7746,1,ransomware
ransom_7747,1,ransomware
ransom_7749,1,ransomware
ransom_7750,1,ransomware
ransom_7751,1,ransomware
ransom_7752,1,ransomware
ransom_7754,1,ransomware
ransom_7755,1,ransomware
ransom_7756,1,ransomware
ransom_7758,1,ransomware
ransom_7759,1,ransomware
ransom_7760,1,ransomware
ransom_7761,1,ransomware
ransom_7764,1,ransomware
ransom_7765,1,ransomware
ransom_7766,1,ransomware
ransom_7767,1,ransomware
ransom_7768,1,ransomware
ransom_7770,1,ransomware
ransom_7771,1,ransomware
ransom_7772,1,ransomware
ransom_7773,1,ransomware
ransom_7774,1,ransomware
ransom_7775,1,ransomware
ransom_7776,1,ransomware
ransom_7777,1,ransomware
ransom_7778,1,ransomware
ransom_7779,1,ransomware
ransom_7780,1,ransomware
ransom_7781,1,ransomware
ransom_7782,1,ransomware
ransom_7783,1,ransomware
ransom_7784,1,ransomware
ransom_7785,1,ransomware
ransom_7786,1,ransomware
ransom_7787,1,ransomware
ransom_7789,1,ransomware
ransom_7790,1,ransomware
ransom_7792,1,ransomware
ransom_7793,1,ransomware
ransom_7794,1,ransomware
ransom_7796,1,ransomware
ransom_7797,1,ransomware
ransom_7798,1,ransomware
ransom_7799,1,ransomware
ransom_7800,1,ransomware
ransom_7801,1,ransomware
ransom_7802,1,ransomware
ransom_7803,1,ransomware
ransom_7804,1,ransomware
ransom_7805,1,ransomware
ransom_7806,1,ransomware
ransom_7807,1,ransomware
ransom_7809,1,ransomware
ransom_7810,1,ransomware
ransom_7811,1,ransomware
ransom_7813,1,ransomware
ransom_7814,1,ransomware
ransom_7816,1,ransomware
ransom_7817,1,ransomware
ransom_7818,1,ransomware
ransom_7819,1,ransomware
ransom_7820,1,ransomware
ransom_7823,1,ransomware
ransom_7824,1,ransomware
ransom_7826,1,ransomware
ransom_7827,1,ransomware
ransom_7828,1,ransomware
ransom_7829,1,ransomware
ransom_7830,1,ransomware
ransom_7831,1,ransomware
ransom_7832,1,ransomware
ransom_7833,1,ransomware
ransom_7834,1,ransomware
ransom_7835,1,ransomware
ransom_7836,1,ransomware
ransom_7838,1,ransomware
ransom_7839,1,ransomware
ransom_7840,1,ransomware
ransom_7841,1,ransomware
ransom_7842,1,ransomware
ransom_7844,1,ransomware
ransom_7845,1,ransomware
ransom_7846,1,ransomware
ransom_7847,1,ransomware
ransom_7849,1,ransomware
ransom_7850,1,ransomware
ransom_7851,1,ransomware
ransom_7852,1,ransomware
ransom_7854,1,ransomware
ransom_7855,1,ransomware
ransom_7856,1,ransomware
ransom_7857,1,ransomware
ransom_7858,1,ransomware
ransom_7860,1,ransomware
ransom_7861,1,ransomware
ransom_7862,1,ransomware
ransom_7863,1,ransomware
ransom_7864,1,ransomware
ransom_7865,1,ransomware
ransom_7866,1,ransomware
ransom_7867,1,ransomware
ransom_7868,1,ransomware
ransom_7869,1,ransomware
ransom_7871,1,ransomware
ransom_7873,1,ransomware
ransom_7874,1,ransomware
ransom_7877,1,ransomware
ransom_7878,1,ransomware
ransom_7879,1,ransomware
ransom_7880,1,ransomware
ransom_7881,1,ransomware
ransom_7882,1,ransomware
ransom_7883,1,ransomware
ransom_7884,1,ransomware
ransom_7885,1,ransomware
ransom_7886,1,ransomware
ransom_7888,1,ransomware
ransom_7889,1,ransomware
ransom_7891,1,ransomware
ransom_7892,1,ransomware
ransom_7894,1,ransomware
ransom_7895,1,ransomware
ransom_7896,1,ransomware
ransom_7897,1,ransomware
ransom_7898,1,ransomware
ransom_7899,1,ransomware
ransom_7900,1,ransomware
ransom_7901,1,ransomware
ransom_7902,1,ransomware
ransom_7904,1,ransomware
ransom_7905,1,ransomware
ransom_7907,1,ransomware
ransom_7908,1,ransomware
ransom_7909,1,ransomware
ransom_7910,1,ransomware
ransom_7911,1,ransomware
ransom_7912,1,ransomware
ransom_7913,1,ransomware
ransom_7915,1,ransomware
ransom_7916,1,ransomware
ransom_7917,1,ransomware
ransom_7918,1,ransomware
ransom_7919,1,ransomware
ransom_7922,1,ransomware
ransom_7923,1,ransomware
ransom_7925,1,ransomware
ransom_7927,1,ransomware
ransom_7928,1,ransomware
ransom_7931,1,ransomware
ransom_7932,1,ransomware
ransom_7933,1,ransomware
ransom_7935,1,ransomware
ransom_7936,1,ransomware
ransom_7937,1,ransomware
ransom_7940,1,ransomware
ransom_7943,1,ransomware
ransom_7944,1,ransomware
ransom_7945,1,ransomware
ransom_7946,1,ransomware
ransom_7948,1,ransomware
ransom_7949,1,ransomware
ransom_7950,1,ransomware
ransom_7951,1,ransomware
ransom_7952,1,ransomware
ransom_7953,1,ransomware
ransom_7954,1,ransomware
ransom_7955,1,ransomware
ransom_7956,1,ransomware
ransom_7957,1,ransomware
ransom_7958,1,ransomware
ransom_7959,1,ransomware
ransom_7962,1,ransomware
ransom_7963,1,ransomware
ransom_7964,1,ransomware
ransom_7966,1,ransomware
ransom_7968,1,ransomware
ransom_7969,1,ransomware
ransom_7970,1,ransomware
ransom_7971,1,ransomware
ransom_7973,1,ransomware
ransom_7974,1,ransomware
ransom_7975,1,ransomware
ransom_7976,1,ransomware
ransom_7977,1,ransomware
ransom_7978,1,ransomware
ransom_7979,1,ransomware
ransom_7981,1,ransomware
ransom_7982,1,ransomware
ransom_7983,1,ransomware
ransom_7984,1,ransomware
ransom_7985,1,ransomware
ransom_7986,1,ransomware
ransom_7988,1,ransomware
ransom_7989,1,ransomware
ransom_7990,1,ransomware
ransom_7994,1,ransomware
ransom_7995,1,ransomware
ransom_7996,1,ransomware
ransom_7997,1,ransomware
ransom_7998,1,ransomware
ransom_7999,1,ransomware
ransom_8000,1,ransomware
ransom_8001,1,ransomware
ransom_8003,1,ransomware
ransom_8005,1,ransomware
ransom_8006,1,ransomware
ransom_8007,1,ransomware
ransom_8008,1,ransomware
ransom_8009,1,ransomware
ransom_8010,1,ransomware
ransom_8011,1,ransomware
ransom_8012,1,ransomware
ransom_8014,1,ransomware
ransom_8015,1,ransomware
ransom_8016,1,ransomware
ransom_8018,1,ransomware
ransom_8019,1,ransomware
ransom_8020,1,ransomware
ransom_8021,1,ransomware
ransom_8022,1,ransomware
ransom_8023,1,ransomware
ransom_8024,1,ransomware
ransom_8025,1,ransomware
ransom_8026,1,ransomware
ransom_8027,1,ransomware
ransom_8029,1,ransomware
ransom_8030,1,ransomware
ransom_8033,1,ransomware
ransom_8034,1,ransomware
ransom_8035,1,ransomware
ransom_8036,1,ransomware
ransom_8037,1,ransomware
ransom_8038,1,ransomware
ransom_8039,1,ransomware
ransom_8040,1,ransomware
ransom_8041,1,ransomware
ransom_8042,1,ransomware
ransom_8043,1,ransomware
ransom_8044,1,ransomware
ransom_8045,1,ransomware
ransom_8046,1,ransomware
ransom_8047,1,ransomware
ransom_8048,1,ransomware
ransom_8051,1,ransomware
ransom_8052,1,ransomware
ransom_8053,1,ransomware
ransom_8054,1,ransomware
ransom_8056,1,ransomware
ransom_8057,1,ransomware
ransom_8058,1,ransomware
ransom_8059,1,ransomware
ransom_8060,1,ransomware
ransom_8061,1,ransomware
ransom_8062,1,ransomware
ransom_8063,1,ransomware
ransom_8064,1,ransomware
ransom_8065,1,ransomware
ransom_8066,1,ransomware
ransom_8068,1,ransomware
ransom_8070,1,ransomware
ransom_8071,1,ransomware
ransom_8072,1,ransomware
ransom_8073,1,ransomware
ransom_8074,1,ransomware
ransom_8075,1,ransomware
ransom_8076,1,ransomware
ransom_8077,1,ransomware
ransom_8078,1,ransomware
ransom_8079,1,ransomware
ransom_8080,1,ransomware
ransom_8082,1,ransomware
ransom_8084,1,ransomware
ransom_8085,1,ransomware
ransom_8087,1,ransomware
ransom_8089,1,ransomware
ransom_8090,1,ransomware
ransom_8092,1,ransomware
ransom_8094,1,ransomware
ransom_8095,1,ransomware
ransom_8097,1,ransomware
ransom_8098,1,ransomware
ransom_8099,1,ransomware
ransom_8100,1,ransomware
ransom_8101,1,ransomware
ransom_8102,1,ransomware
ransom_8103,1,ransomware
ransom_8105,1,ransomware
ransom_8106,1,ransomware
ransom_8107,1,ransomware
ransom_8108,1,ransomware
ransom_8109,1,ransomware
ransom_8110,1,ransomware
ransom_8111,1,ransomware
ransom_8112,1,ransomware
ransom_8113,1,ransomware
ransom_8115,1,ransomware
ransom_8116,1,ransomware
ransom_8117,1,ransomware
ransom_8118,1,ransomware
ransom_8119,1,ransomware
ransom_8120,1,ransomware
ransom_8122,1,ransomware
ransom_8124,1,ransomware
ransom_8125,1,ransomware
ransom_8126,1,ransomware
ransom_8128,1,ransomware
ransom_8129,1,ransomware
ransom_8130,1,ransomware
ransom_8131,1,ransomware
ransom_8133,1,ransomware
ransom_8134,1,ransomware
ransom_8135,1,ransomware
ransom_8136,1,ransomware
ransom_8137,1,ransomware
ransom_8138,1,ransomware
ransom_8139,1,ransomware
ransom_8140,1,ransomware
ransom_8141,1,ransomware
ransom_8143,1,ransomware
ransom_8144,1,ransomware
ransom_8146,1,ransomware
ransom_8147,1,ransomware
ransom_8148,1,ransomware
ransom_8150,1,ransomware
ransom_8151,1,ransomware
ransom_8152,1,ransomware
ransom_8154,1,ransomware
ransom_8155,1,ransomware
ransom_8156,1,ransomware
ransom_8157,1,ransomware
ransom_8159,1,ransomware
ransom_8160,1,ransomware
ransom_8161,1,ransomware
ransom_8162,1,ransomware
ransom_8164,1,ransomware
ransom_8168,1,ransomware
ransom_8171,1,ransomware
ransom_8177,1,ransomware
ransom_8178,1,ransomware
ransom_8181,1,ransomware
ransom_8182,1,ransomware
ransom_8183,1,ransomware
ransom_8184,1,ransomware
ransom_8185,1,ransomware
ransom_8187,1,ransomware
ransom_8188,1,ransomware
ransom_8189,1,ransomware
ransom_8190,1,ransomware
ransom_8191,1,ransomware
ransom_8192,1,ransomware
ransom_8193,1,ransomware
ransom_8195,1,ransomware
ransom_8197,1,ransomware
ransom_8198,1,ransomware
ransom_8199,1,ransomware
ransom_8200,1,ransomware
ransom_8202,1,ransomware
ransom_8203,1,ransomware
ransom_8205,1,ransomware
ransom_8206,1,ransomware
ransom_8207,1,ransomware
ransom_8208,1,ransomware
ransom_8211,1,ransomware
ransom_8212,1,ransomware
ransom_8213,1,ransomware
ransom_8214,1,ransomware
ransom_8215,1,ransomware
ransom_8216,1,ransomware
ransom_8217,1,ransomware
ransom_8218,1,ransomware
ransom_8219,1,ransomware
ransom_8220,1,ransomware
ransom_8221,1,ransomware
ransom_8222,1,ransomware
ransom_8223,1,ransomware
ransom_8224,1,ransomware
ransom_8225,1,ransomware
ransom_8226,1,ransomware
ransom_8227,1,ransomware
ransom_8228,1,ransomware
ransom_8229,1,ransomware
ransom_8230,1,ransomware
ransom_8231,1,ransomware
ransom_8232,1,ransomware
ransom_8233,1,ransomware
ransom_8236,1,ransomware
ransom_8237,1,ransomware
ransom_8238,1,ransomware
ransom_8239,1,ransomware
ransom_8240,1,ransomware
ransom_8241,1,ransomware
ransom_8242,1,ransomware
ransom_8243,1,ransomware
ransom_8245,1,ransomware
ransom_8247,1,ransomware
ransom_8248,1,ransomware
ransom_8249,1,ransomware
ransom_8250,1,ransomware
ransom_8251,1,ransomware
ransom_8252,1,ransomware
ransom_8253,1,ransomware
ransom_8254,1,ransomware
ransom_8255,1,ransomware
ransom_8257,1,ransomware
ransom_8258,1,ransomware
ransom_8259,1,ransomware
ransom_8260,1,ransomware
ransom_8261,1,ransomware
ransom_8262,1,ransomware
ransom_8263,1,ransomware
ransom_8264,1,ransomware
ransom_8265,1,ransomware
ransom_8266,1,ransomware
ransom_8268,1,ransomware
ransom_8269,1,ransomware
ransom_8270,1,ransomware
ransom_8272,1,ransomware
ransom_8273,1,ransomware
ransom_8275,1,ransomware
ransom_8276,1,ransomware
ransom_8277,1,ransomware
ransom_8279,1,ransomware
ransom_8280,1,ransomware
ransom_8281,1,ransomware
ransom_8282,1,ransomware
ransom_8283,1,ransomware
ransom_8284,1,ransomware
ransom_8285,1,ransomware
ransom_8286,1,ransomware
ransom_8287,1,ransomware
ransom_8288,1,ransomware
ransom_8289,1,ransomware
ransom_8290,1,ransomware
ransom_8291,1,ransomware
ransom_8293,1,ransomware
ransom_8294,1,ransomware
ransom_8296,1,ransomware
ransom_8297,1,ransomware
ransom_8298,1,ransomware
ransom_8300,1,ransomware
ransom_8302,1,ransomware
ransom_8303,1,ransomware
ransom_8304,1,ransomware
ransom_8306,1,ransomware
ransom_8307,1,ransomware
ransom_8308,1,ransomware
ransom_8309,1,ransomware
ransom_8311,1,ransomware
ransom_8312,1,ransomware
ransom_8313,1,ransomware
ransom_8316,1,ransomware
ransom_8317,1,ransomware
ransom_8318,1,ransomware
ransom_8319,1,ransomware
ransom_8320,1,ransomware
ransom_8321,1,ransomware
ransom_8323,1,ransomware
ransom_8324,1,ransomware
ransom_8325,1,ransomware
ransom_8326,1,ransomware
ransom_8327,1,ransomware
ransom_8328,1,ransomware
ransom_8330,1,ransomware
ransom_8331,1,ransomware
ransom_8332,1,ransomware
ransom_8333,1,ransomware
ransom_8334,1,ransomware
ransom_8336,1,ransomware
ransom_8338,1,ransomware
ransom_8339,1,ransomware
ransom_8340,1,ransomware
ransom_8341,1,ransomware
ransom_8342,1,ransomware
ransom_8343,1,ransomware
ransom_8344,1,ransomware
ransom_8345,1,ransomware
ransom_8347,1,ransomware
ransom_8348,1,ransomware
ransom_8349,1,ransomware
ransom_8352,1,ransomware
ransom_8353,1,ransomware
ransom_8354,1,ransomware
ransom_8355,1,ransomware
ransom_8356,1,ransomware
ransom_8357,1,ransomware
ransom_8358,1,ransomware
ransom_8359,1,ransomware
ransom_8360,1,ransomware
ransom_8361,1,ransomware
ransom_8363,1,ransomware
ransom_8364,1,ransomware
ransom_8365,1,ransomware
ransom_8367,1,ransomware
ransom_8369,1,ransomware
ransom_8370,1,ransomware
ransom_8371,1,ransomware
ransom_8374,1,ransomware
ransom_8375,1,ransomware
ransom_8376,1,ransomware
ransom_8378,1,ransomware
ransom_8379,1,ransomware
ransom_8380,1,ransomware
ransom_8381,1,ransomware
ransom_8382,1,ransomware
ransom_8383,1,ransomware
ransom_8384,1,ransomware
ransom_8386,1,ransomware
ransom_8387,1,ransomware
ransom_8388,1,ransomware
ransom_8389,1,ransomware
ransom_8390,1,ransomware
ransom_8391,1,ransomware
ransom_8393,1,ransomware
ransom_8394,1,ransomware
ransom_8395,1,ransomware
ransom_8396,1,ransomware
ransom_8397,1,ransomware
ransom_8398,1,ransomware
ransom_8399,1,ransomware
ransom_8400,1,ransomware
ransom_8401,1,ransomware
ransom_8402,1,ransomware
ransom_8403,1,ransomware
ransom_8406,1,ransomware
ransom_8410,1,ransomware
ransom_8411,1,ransomware
ransom_8412,1,ransomware
ransom_8413,1,ransomware
ransom_8414,1,ransomware
ransom_8417,1,ransomware
ransom_8418,1,ransomware
ransom_8419,1,ransomware
ransom_8420,1,ransomware
ransom_8421,1,ransomware
ransom_8422,1,ransomware
ransom_8423,1,ransomware
ransom_8424,1,ransomware
ransom_8425,1,ransomware
ransom_8426,1,ransomware
ransom_8427,1,ransomware
ransom_8428,1,ransomware
ransom_8430,1,ransomware
ransom_8431,1,ransomware
ransom_8432,1,ransomware
ransom_8433,1,ransomware
ransom_8436,1,ransomware
ransom_8439,1,ransomware
ransom_8440,1,ransomware
ransom_8441,1,ransomware
ransom_8442,1,ransomware
ransom_8443,1,ransomware
ransom_8445,1,ransomware
ransom_8446,1,ransomware
ransom_8447,1,ransomware
ransom_8448,1,ransomware
ransom_8451,1,ransomware
ransom_8453,1,ransomware
ransom_8456,1,ransomware
ransom_8457,1,ransomware
ransom_8458,1,ransomware
ransom_8459,1,ransomware
ransom_8460,1,ransomware
ransom_8461,1,ransomware
ransom_8462,1,ransomware
ransom_8463,1,ransomware
ransom_8464,1,ransomware
ransom_8465,1,ransomware
ransom_8467,1,ransomware
ransom_8468,1,ransomware
ransom_8469,1,ransomware
ransom_8470,1,ransomware
ransom_8471,1,ransomware
ransom_8472,1,ransomware
ransom_8473,1,ransomware
ransom_8474,1,ransomware
ransom_8475,1,ransomware
ransom_8477,1,ransomware
ransom_8478,1,ransomware
ransom_8479,1,ransomware
ransom_8480,1,ransomware
ransom_8482,1,ransomware
ransom_8483,1,ransomware
ransom_8484,1,ransomware
ransom_8485,1,ransomware
ransom_8486,1,ransomware
ransom_8488,1,ransomware
ransom_8490,1,ransomware
ransom_8491,1,ransomware
ransom_8492,1,ransomware
ransom_8494,1,ransomware
ransom_8495,1,ransomware
ransom_8496,1,ransomware
ransom_8497,1,ransomware
ransom_8499,1,ransomware
ransom_8500,1,ransomware
ransom_8502,1,ransomware
ransom_8503,1,ransomware
ransom_8505,1,ransomware
ransom_8506,1,ransomware
ransom_8507,1,ransomware
ransom_8508,1,ransomware
ransom_8509,1,ransomware
ransom_8510,1,ransomware
ransom_8511,1,ransomware
ransom_8512,1,ransomware
ransom_8513,1,ransomware
ransom_8514,1,ransomware
ransom_8515,1,ransomware
ransom_8516,1,ransomware
ransom_8517,1,ransomware
ransom_8518,1,ransomware
ransom_8519,1,ransomware
ransom_8520,1,ransomware
ransom_8521,1,ransomware
ransom_8522,1,ransomware
ransom_8523,1,ransomware
ransom_8525,1,ransomware
ransom_8526,1,ransomware
ransom_8527,1,ransomware
ransom_8528,1,ransomware
ransom_8529,1,ransomware
ransom_8530,1,ransomware
ransom_8531,1,ransomware
ransom_8532,1,ransomware
ransom_8533,1,ransomware
ransom_8534,1,ransomware
ransom_8535,1,ransomware
ransom_8536,1,ransomware
ransom_8537,1,ransomware
ransom_8538,1,ransomware
ransom_8539,1,ransomware
ransom_8540,1,ransomware
ransom_8544,1,ransomware
ransom_8545,1,ransomware
ransom_8547,1,ransomware
ransom_8548,1,ransomware
ransom_8550,1,ransomware
ransom_8551,1,ransomware
ransom_8552,1,ransomware
ransom_8553,1,ransomware
ransom_8554,1,ransomware
ransom_8556,1,ransomware
ransom_8557,1,ransomware
ransom_8558,1,ransomware
ransom_8560,1,ransomware
ransom_8561,1,ransomware
ransom_8562,1,ransomware
ransom_8565,1,ransomware
ransom_8567,1,ransomware
ransom_8568,1,ransomware
ransom_8569,1,ransomware
ransom_8570,1,ransomware
ransom_8571,1,ransomware
ransom_8572,1,ransomware
ransom_8573,1,ransomware
ransom_8574,1,ransomware
ransom_8575,1,ransomware
ransom_8576,1,ransomware
ransom_8577,1,ransomware
ransom_8579,1,ransomware
ransom_8581,1,ransomware
ransom_8582,1,ransomware
ransom_8583,1,ransomware
ransom_8584,1,ransomware
ransom_8585,1,ransomware
ransom_8586,1,ransomware
ransom_8587,1,ransomware
ransom_8588,1,ransomware
ransom_8589,1,ransomware
ransom_8590,1,ransomware
ransom_8591,1,ransomware
ransom_8592,1,ransomware
ransom_8593,1,ransomware
ransom_8595,1,ransomware
ransom_8597,1,ransomware
ransom_8598,1,ransomware
ransom_8599,1,ransomware
ransom_8601,1,ransomware
ransom_8604,1,ransomware
ransom_8605,1,ransomware
ransom_8607,1,ransomware
ransom_8608,1,ransomware
ransom_8609,1,ransomware
ransom_8611,1,ransomware
ransom_8612,1,ransomware
ransom_8615,1,ransomware
ransom_8616,1,ransomware
ransom_8617,1,ransomware
ransom_8618,1,ransomware
ransom_8619,1,ransomware
ransom_8620,1,ransomware
ransom_8621,1,ransomware
ransom_8622,1,ransomware
ransom_8623,1,ransomware
ransom_8626,1,ransomware
ransom_8628,1,ransomware
ransom_8631,1,ransomware
ransom_8633,1,ransomware
ransom_8634,1,ransomware
ransom_8635,1,ransomware
ransom_8636,1,ransomware
ransom_8637,1,ransomware
ransom_8638,1,ransomware
ransom_8639,1,ransomware
ransom_8640,1,ransomware
ransom_8641,1,ransomware
ransom_8644,1,ransomware
ransom_8645,1,ransomware
ransom_8646,1,ransomware
ransom_8647,1,ransomware
ransom_8648,1,ransomware
ransom_8649,1,ransomware
ransom_8650,1,ransomware
ransom_8651,1,ransomware
ransom_8652,1,ransomware
ransom_8653,1,ransomware
ransom_8654,1,ransomware
ransom_8655,1,ransomware
ransom_8656,1,ransomware
ransom_8657,1,ransomware
ransom_8659,1,ransomware
ransom_8660,1,ransomware
ransom_8661,1,ransomware
ransom_8663,1,ransomware
ransom_8664,1,ransomware
ransom_8665,1,ransomware
ransom_8667,1,ransomware
ransom_8669,1,ransomware
ransom_8670,1,ransomware
ransom_8672,1,ransomware
ransom_8673,1,ransomware
ransom_8675,1,ransomware
ransom_8676,1,ransomware
ransom_8677,1,ransomware
ransom_8678,1,ransomware
ransom_8679,1,ransomware
ransom_8682,1,ransomware
ransom_8683,1,ransomware
ransom_8684,1,ransomware
ransom_8685,1,ransomware
ransom_8686,1,ransomware
ransom_8687,1,ransomware
ransom_8688,1,ransomware
ransom_8689,1,ransomware
ransom_8690,1,ransomware
ransom_8691,1,ransomware
ransom_8692,1,ransomware
ransom_8694,1,ransomware
ransom_8695,1,ransomware
ransom_8697,1,ransomware
ransom_8698,1,ransomware
ransom_8699,1,ransomware
ransom_8700,1,ransomware
ransom_8701,1,ransomware
ransom_8703,1,ransomware
ransom_8704,1,ransomware
ransom_8707,1,ransomware
ransom_8708,1,ransomware
ransom_8709,1,ransomware
ransom_8710,1,ransomware
ransom_8711,1,ransomware
ransom_8712,1,ransomware
ransom_8713,1,ransomware
ransom_8714,1,ransomware
ransom_8715,1,ransomware
ransom_8716,1,ransomware
ransom_8717,1,ransomware
ransom_8718,1,ransomware
ransom_8719,1,ransomware
ransom_8720,1,ransomware
ransom_8721,1,ransomware
ransom_8722,1,ransomware
ransom_8723,1,ransomware
ransom_8725,1,ransomware
ransom_8726,1,ransomware
ransom_8727,1,ransomware
ransom_8728,1,ransomware
ransom_8729,1,ransomware
ransom_8730,1,ransomware
ransom_8731,1,ransomware
ransom_8733,1,ransomware
ransom_8734,1,ransomware
ransom_8735,1,ransomware
ransom_8736,1,ransomware
ransom_8738,1,ransomware
ransom_8739,1,ransomware
ransom_8740,1,ransomware
ransom_8744,1,ransomware
ransom_8745,1,ransomware
ransom_8746,1,ransomware
ransom_8749,1,ransomware
ransom_8751,1,ransomware
ransom_8752,1,ransomware
ransom_8753,1,ransomware
ransom_8754,1,ransomware
ransom_8755,1,ransomware
ransom_8756,1,ransomware
ransom_8757,1,ransomware
ransom_8758,1,ransomware
ransom_8760,1,ransomware
ransom_8761,1,ransomware
ransom_8762,1,ransomware
ransom_8763,1,ransomware
ransom_8765,1,ransomware
ransom_8766,1,ransomware
ransom_8769,1,ransomware
ransom_8770,1,ransomware
ransom_8771,1,ransomware
ransom_8773,1,ransomware
ransom_8774,1,ransomware
ransom_8775,1,ransomware
ransom_8776,1,ransomware
ransom_8777,1,ransomware
ransom_8778,1,ransomware
ransom_8780,1,ransomware
ransom_8782,1,ransomware
ransom_8783,1,ransomware
ransom_8786,1,ransomware
ransom_8787,1,ransomware
ransom_8788,1,ransomware
ransom_8789,1,ransomware
ransom_8790,1,ransomware
ransom_8791,1,ransomware
ransom_8792,1,ransomware
ransom_8793,1,ransomware
ransom_8794,1,ransomware
ransom_8795,1,ransomware
ransom_8798,1,ransomware
ransom_8799,1,ransomware
ransom_8800,1,ransomware
ransom_8801,1,ransomware
ransom_8803,1,ransomware
ransom_8804,1,ransomware
ransom_8805,1,ransomware
ransom_8806,1,ransomware
ransom_8807,1,ransomware
ransom_8808,1,ransomware
ransom_8809,1,ransomware
ransom_8810,1,ransomware
ransom_8811,1,ransomware
ransom_8812,1,ransomware
ransom_8813,1,ransomware
ransom_8814,1,ransomware
ransom_8815,1,ransomware
ransom_8816,1,ransomware
ransom_8819,1,ransomware
ransom_8820,1,ransomware
ransom_8821,1,ransomware
ransom_8822,1,ransomware
ransom_8823,1,ransomware
ransom_8824,1,ransomware
ransom_8826,1,ransomware
ransom_8827,1,ransomware
ransom_8830,1,ransomware
ransom_8831,1,ransomware
ransom_8833,1,ransomware
ransom_8834,1,ransomware
ransom_8835,1,ransomware
ransom_8836,1,ransomware
ransom_8837,1,ransomware
ransom_8838,1,ransomware
ransom_8839,1,ransomware
ransom_8840,1,ransomware
ransom_8841,1,ransomware
ransom_8843,1,ransomware
ransom_8844,1,ransomware
ransom_8845,1,ransomware
ransom_8846,1,ransomware
ransom_8847,1,ransomware
ransom_8848,1,ransomware
ransom_8849,1,ransomware
ransom_8850,1,ransomware
ransom_8851,1,ransomware
ransom_8852,1,ransomware
ransom_8853,1,ransomware
ransom_8855,1,ransomware
ransom_8857,1,ransomware
ransom_8858,1,ransomware
ransom_8859,1,ransomware
ransom_8860,1,ransomware
ransom_8862,1,ransomware
ransom_8863,1,ransomware
ransom_8864,1,ransomware
ransom_8865,1,ransomware
ransom_8866,1,ransomware
ransom_8867,1,ransomware
ransom_8868,1,ransomware
ransom_8869,1,ransomware
ransom_8870,1,ransomware
ransom_8872,1,ransomware
ransom_8873,1,ransomware
ransom_8875,1,ransomware
ransom_8876,1,ransomware
ransom_8878,1,ransomware
ransom_8879,1,ransomware
ransom_8880,1,ransomware
ransom_8881,1,ransomware
ransom_8882,1,ransomware
ransom_8884,1,ransomware
ransom_8885,1,ransomware
ransom_8886,1,ransomware
ransom_8889,1,ransomware
ransom_8890,1,ransomware
ransom_8891,1,ransomware
ransom_8892,1,ransomware
ransom_8893,1,ransomware
ransom_8894,1,ransomware
ransom_8896,1,ransomware
ransom_8897,1,ransomware
ransom_8899,1,ransomware
ransom_8901,1,ransomware
ransom_8902,1,ransomware
ransom_8903,1,ransomware
ransom_8905,1,ransomware
ransom_8906,1,ransomware
ransom_8907,1,ransomware
ransom_8908,1,ransomware
ransom_8910,1,ransomware
ransom_8911,1,ransomware
ransom_8912,1,ransomware
ransom_8913,1,ransomware
ransom_8914,1,ransomware
ransom_8915,1,ransomware
ransom_8916,1,ransomware
ransom_8917,1,ransomware
ransom_8919,1,ransomware
ransom_8920,1,ransomware
ransom_8921,1,ransomware
ransom_8922,1,ransomware
ransom_8923,1,ransomware
ransom_8925,1,ransomware
ransom_8926,1,ransomware
ransom_8927,1,ransomware
ransom_8928,1,ransomware
ransom_8929,1,ransomware
ransom_8930,1,ransomware
ransom_8931,1,ransomware
ransom_8932,1,ransomware
ransom_8934,1,ransomware
ransom_8935,1,ransomware
ransom_8936,1,ransomware
ransom_8937,1,ransomware
ransom_8938,1,ransomware
ransom_8940,1,ransomware
ransom_8941,1,ransomware
ransom_8942,1,ransomware
ransom_8943,1,ransomware
ransom_8944,1,ransomware
ransom_8945,1,ransomware
ransom_8946,1,ransomware
ransom_8948,1,ransomware
ransom_8950,1,ransomware
ransom_8951,1,ransomware
ransom_8953,1,ransomware
ransom_8954,1,ransomware
ransom_8955,1,ransomware
ransom_8956,1,ransomware
ransom_8958,1,ransomware
ransom_8959,1,ransomware
ransom_8963,1,ransomware
ransom_8964,1,ransomware
ransom_8966,1,ransomware
ransom_8967,1,ransomware
ransom_8968,1,ransomware
ransom_8969,1,ransomware
ransom_8970,1,ransomware
ransom_8971,1,ransomware
ransom_8972,1,ransomware
ransom_8973,1,ransomware
ransom_8975,1,ransomware
ransom_8976,1,ransomware
ransom_8977,1,ransomware
ransom_8978,1,ransomware
ransom_8980,1,ransomware
ransom_8981,1,ransomware
ransom_8982,1,ransomware
ransom_8984,1,ransomware
ransom_8987,1,ransomware
ransom_8988,1,ransomware
ransom_8989,1,ransomware
ransom_8990,1,ransomware
ransom_8991,1,ransomware
ransom_8992,1,ransomware
ransom_8993,1,ransomware
ransom_8994,1,ransomware
ransom_8996,1,ransomware
ransom_8997,1,ransomware
ransom_8998,1,ransomware
ransom_8999,1,ransomware
ransom_9000,1,ransomware
ransom_9002,1,ransomware
ransom_9003,1,ransomware
ransom_9005,1,ransomware
ransom_9006,1,ransomware
ransom_9007,1,ransomware
ransom_9008,1,ransomware
ransom_9009,1,ransomware
ransom_9010,1,ransomware
ransom_9011,1,ransomware
ransom_9012,1,ransomware
ransom_9013,1,ransomware
ransom_9016,1,ransomware
ransom_9017,1,ransomware
ransom_9019,1,ransomware
ransom_9020,1,ransomware
ransom_9021,1,ransomware
ransom_9022,1,ransomware
ransom_9023,1,ransomware
ransom_9024,1,ransomware
ransom_9026,1,ransomware
ransom_9027,1,ransomware
ransom_9028,1,ransomware
ransom_9030,1,ransomware
ransom_9031,1,ransomware
ransom_9032,1,ransomware
ransom_9034,1,ransomware
ransom_9035,1,ransomware
ransom_9036,1,ransomware
ransom_9037,1,ransomware
ransom_9038,1,ransomware
ransom_9039,1,ransomware
ransom_9042,1,ransomware
ransom_9043,1,ransomware
ransom_9044,1,ransomware
ransom_9045,1,ransomware
ransom_9046,1,ransomware
ransom_9047,1,ransomware
ransom_9048,1,ransomware
ransom_9049,1,ransomware
ransom_9051,1,ransomware
ransom_9052,1,ransomware
ransom_9053,1,ransomware
ransom_9054,1,ransomware
ransom_9055,1,ransomware
ransom_9056,1,ransomware
ransom_9058,1,ransomware
ransom_9059,1,ransomware
ransom_9060,1,ransomware
ransom_9061,1,ransomware
ransom_9062,1,ransomware
ransom_9063,1,ransomware
ransom_9064,1,ransomware
ransom_9065,1,ransomware
ransom_9066,1,ransomware
ransom_9067,1,ransomware
ransom_9068,1,ransomware
ransom_9070,1,ransomware
ransom_9071,1,ransomware
ransom_9074,1,ransomware
ransom_9075,1,ransomware
ransom_9076,1,ransomware
ransom_9077,1,ransomware
ransom_9078,1,ransomware
ransom_9080,1,ransomware
ransom_9081,1,ransomware
ransom_9083,1,ransomware
ransom_9084,1,ransomware
ransom_9086,1,ransomware
ransom_9087,1,ransomware
ransom_9088,1,ransomware
ransom_9089,1,ransomware
ransom_9091,1,ransomware
ransom_9093,1,ransomware
ransom_9095,1,ransomware
ransom_9096,1,ransomware
ransom_9097,1,ransomware
ransom_9098,1,ransomware
ransom_9101,1,ransomware
ransom_9103,1,ransomware
ransom_9104,1,ransomware
ransom_9105,1,ransomware
ransom_9107,1,ransomware
ransom_9109,1,ransomware
ransom_9110,1,ransomware
ransom_9111,1,ransomware
ransom_9112,1,ransomware
ransom_9113,1,ransomware
ransom_9114,1,ransomware
ransom_9116,1,ransomware
ransom_9117,1,ransomware
ransom_9118,1,ransomware
ransom_9119,1,ransomware
ransom_9120,1,ransomware
ransom_9121,1,ransomware
ransom_9123,1,ransomware
ransom_9124,1,ransomware
ransom_9125,1,ransomware
ransom_9126,1,ransomware
ransom_9127,1,ransomware
ransom_9131,1,ransomware
ransom_9133,1,ransomware
ransom_9134,1,ransomware
ransom_9135,1,ransomware
ransom_9136,1,ransomware
ransom_9137,1,ransomware
ransom_9138,1,ransomware
ransom_9139,1,ransomware
ransom_9140,1,ransomware
ransom_9141,1,ransomware
ransom_9142,1,ransomware
ransom_9143,1,ransomware
ransom_9144,1,ransomware
ransom_9148,1,ransomware
ransom_9149,1,ransomware
ransom_9150,1,ransomware
ransom_9151,1,ransomware
ransom_9152,1,ransomware
ransom_9153,1,ransomware
ransom_9154,1,ransomware
ransom_9155,1,ransomware
ransom_9156,1,ransomware
ransom_9158,1,ransomware
ransom_9161,1,ransomware
ransom_9162,1,ransomware
ransom_9163,1,ransomware
ransom_9164,1,ransomware
ransom_9165,1,ransomware
ransom_9166,1,ransomware
ransom_9167,1,ransomware
ransom_9168,1,ransomware
ransom_9169,1,ransomware
ransom_9170,1,ransomware
ransom_9171,1,ransomware
ransom_9173,1,ransomware
ransom_9174,1,ransomware
ransom_9175,1,ransomware
ransom_9176,1,ransomware
ransom_9177,1,ransomware
ransom_9178,1,ransomware
ransom_9179,1,ransomware
ransom_9180,1,ransomware
ransom_9181,1,ransomware
ransom_9182,1,ransomware
ransom_9183,1,ransomware
ransom_9184,1,ransomware
ransom_9185,1,ransomware
ransom_9186,1,ransomware
ransom_9187,1,ransomware
ransom_9188,1,ransomware
ransom_9189,1,ransomware
ransom_9190,1,ransomware
ransom_9193,1,ransomware
ransom_9194,1,ransomware
ransom_9196,1,ransomware
ransom_9197,1,ransomware
ransom_9198,1,ransomware
ransom_9201,1,ransomware
ransom_9202,1,ransomware
ransom_9204,1,ransomware
ransom_9205,1,ransomware
ransom_9206,1,ransomware
ransom_9207,1,ransomware
ransom_9208,1,ransomware
ransom_9209,1,ransomware
ransom_9210,1,ransomware
ransom_9213,1,ransomware
ransom_9214,1,ransomware
ransom_9216,1,ransomware
ransom_9217,1,ransomware
ransom_9219,1,ransomware
ransom_9221,1,ransomware
ransom_9222,1,ransomware
ransom_9223,1,ransomware
ransom_9224,1,ransomware
ransom_9225,1,ransomware
ransom_9226,1,ransomware
ransom_9231,1,ransomware
ransom_9232,1,ransomware
ransom_9233,1,ransomware
ransom_9234,1,ransomware
ransom_9235,1,ransomware
ransom_9236,1,ransomware
ransom_9237,1,ransomware
ransom_9239,1,ransomware
ransom_9240,1,ransomware
ransom_9241,1,ransomware
ransom_9243,1,ransomware
ransom_9245,1,ransomware
ransom_9246,1,ransomware
ransom_9247,1,ransomware
ransom_9248,1,ransomware
ransom_9249,1,ransomware
ransom_9250,1,ransomware
ransom_9251,1,ransomware
ransom_9252,1,ransomware
ransom_9253,1,ransomware
ransom_9254,1,ransomware
ransom_9255,1,ransomware
ransom_9256,1,ransomware
ransom_9257,1,ransomware
ransom_9258,1,ransomware
ransom_9259,1,ransomware
ransom_9260,1,ransomware
ransom_9261,1,ransomware
ransom_9263,1,ransomware
ransom_9264,1,ransomware
ransom_9265,1,ransomware
ransom_9266,1,ransomware
ransom_9267,1,ransomware
ransom_9268,1,ransomware
ransom_9269,1,ransomware
ransom_9271,1,ransomware
ransom_9272,1,ransomware
ransom_9273,1,ransomware
ransom_9274,1,ransomware
ransom_9275,1,ransomware
ransom_9277,1,ransomware
ransom_9278,1,ransomware
ransom_9279,1,ransomware
ransom_9280,1,ransomware
ransom_9281,1,ransomware
ransom_9282,1,ransomware
ransom_9283,1,ransomware
ransom_9284,1,ransomware
ransom_9285,1,ransomware
ransom_9286,1,ransomware
ransom_9287,1,ransomware
ransom_9288,1,ransomware
ransom_9290,1,ransomware
ransom_9291,1,ransomware
ransom_9292,1,ransomware
ransom_9293,1,ransomware
ransom_9294,1,ransomware
ransom_9297,1,ransomware
ransom_9298,1,ransomware
ransom_9299,1,ransomware
ransom_9300,1,ransomware
ransom_9301,1,ransomware
ransom_9302,1,ransomware
ransom_9304,1,ransomware
ransom_9305,1,ransomware
ransom_9306,1,ransomware
ransom_9307,1,ransomware
ransom_9308,1,ransomware
ransom_9310,1,ransomware
ransom_9311,1,ransomware
ransom_9312,1,ransomware
ransom_9318,1,ransomware
ransom_9319,1,ransomware
ransom_9320,1,ransomware
ransom_9321,1,ransomware
ransom_9322,1,ransomware
ransom_9324,1,ransomware
ransom_9325,1,ransomware
ransom_9326,1,ransomware
ransom_9329,1,ransomware
ransom_9330,1,ransomware
ransom_9331,1,ransomware
ransom_9332,1,ransomware
ransom_9334,1,ransomware
ransom_9335,1,ransomware
ransom_9336,1,ransomware
ransom_9338,1,ransomware
ransom_9339,1,ransomware
ransom_9341,1,ransomware
ransom_9342,1,ransomware
ransom_9343,1,ransomware
ransom_9344,1,ransomware
ransom_9345,1,ransomware
ransom_9346,1,ransomware
ransom_9347,1,ransomware
ransom_9348,1,ransomware
ransom_9349,1,ransomware
ransom_9350,1,ransomware
ransom_9351,1,ransomware
ransom_9352,1,ransomware
ransom_9353,1,ransomware
ransom_9356,1,ransomware
ransom_9357,1,ransomware
ransom_9358,1,ransomware
ransom_9359,1,ransomware
ransom_9360,1,ransomware
ransom_9361,1,ransomware
ransom_9362,1,ransomware
ransom_9363,1,ransomware
ransom_9364,1,ransomware
ransom_9365,1,ransomware
ransom_9366,1,ransomware
ransom_9367,1,ransomware
ransom_9368,1,ransomware
ransom_9369,1,ransomware
ransom_9370,1,ransomware
ransom_9371,1,ransomware
ransom_9372,1,ransomware
ransom_9373,1,ransomware
ransom_9375,1,ransomware
ransom_9376,1,ransomware
ransom_9377,1,ransomware
ransom_9378,1,ransomware
ransom_9379,1,ransomware
ransom_9381,1,ransomware
ransom_9383,1,ransomware
ransom_9385,1,ransomware
ransom_9386,1,ransomware
ransom_9387,1,ransomware
ransom_9388,1,ransomware
ransom_9389,1,ransomware
ransom_9390,1,ransomware
ransom_9392,1,ransomware
ransom_9393,1,ransomware
ransom_9394,1,ransomware
ransom_9395,1,ransomware
ransom_9397,1,ransomware
ransom_9398,1,ransomware
ransom_9399,1,ransomware
ransom_9401,1,ransomware
ransom_9402,1,ransomware
ransom_9404,1,ransomware
ransom_9405,1,ransomware
ransom_9407,1,ransomware
ransom_9408,1,ransomware
ransom_9409,1,ransomware
ransom_9411,1,ransomware
ransom_9412,1,ransomware
ransom_9413,1,ransomware
ransom_9414,1,ransomware
ransom_9416,1,ransomware
ransom_9417,1,ransomware
ransom_9418,1,ransomware
ransom_9419,1,ransomware
ransom_9420,1,ransomware
ransom_9421,1,ransomware
ransom_9422,1,ransomware
ransom_9423,1,ransomware
ransom_9425,1,ransomware
ransom_9426,1,ransomware
ransom_9427,1,ransomware
ransom_9429,1,ransomware
ransom_9430,1,ransomware
ransom_9431,1,ransomware
ransom_9433,1,ransomware
ransom_9434,1,ransomware
ransom_9435,1,ransomware
ransom_9436,1,ransomware
ransom_9437,1,ransomware
ransom_9438,1,ransomware
ransom_9439,1,ransomware
ransom_9440,1,ransomware
ransom_9441,1,ransomware
ransom_9442,1,ransomware
ransom_9443,1,ransomware
ransom_9444,1,ransomware
ransom_9445,1,ransomware
ransom_9446,1,ransomware
ransom_9447,1,ransomware
ransom_9448,1,ransomware
ransom_9449,1,ransomware
ransom_9450,1,ransomware
ransom_9451,1,ransomware
ransom_9453,1,ransomware
ransom_9456,1,ransomware
ransom_9457,1,ransomware
ransom_9458,1,ransomware
ransom_9459,1,ransomware
ransom_9461,1,ransomware
ransom_9464,1,ransomware
ransom_9465,1,ransomware
ransom_9467,1,ransomware
ransom_9468,1,ransomware
ransom_9469,1,ransomware
ransom_9471,1,ransomware
ransom_9472,1,ransomware
ransom_9473,1,ransomware
ransom_9476,1,ransomware
ransom_9477,1,ransomware
ransom_9478,1,ransomware
ransom_9479,1,ransomware
ransom_9480,1,ransomware
ransom_9481,1,ransomware
ransom_9483,1,ransomware
ransom_9484,1,ransomware
ransom_9486,1,ransomware
ransom_9487,1,ransomware
ransom_9488,1,ransomware
ransom_9489,1,ransomware
ransom_9490,1,ransomware
ransom_9491,1,ransomware
ransom_9492,1,ransomware
ransom_9493,1,ransomware
ransom_9495,1,ransomware
ransom_9496,1,ransomware
ransom_9497,1,ransomware
ransom_9499,1,ransomware
ransom_9500,1,ransomware
ransom_9501,1,ransomware
ransom_9502,1,ransomware
ransom_9503,1,ransomware
ransom_9504,1,ransomware
ransom_9505,1,ransomware
ransom_9506,1,ransomware
ransom_9507,1,ransomware
ransom_9508,1,ransomware
ransom_9509,1,ransomware
ransom_9510,1,ransomware
ransom_9511,1,ransomware
ransom_9512,1,ransomware
ransom_9513,1,ransomware
ransom_9514,1,ransomware
ransom_9515,1,ransomware
ransom_9516,1,ransomware
ransom_9517,1,ransomware
ransom_9518,1,ransomware
ransom_9519,1,ransomware
ransom_9520,1,ransomware
ransom_9521,1,ransomware
ransom_9522,1,ransomware
ransom_9523,1,ransomware
ransom_9524,1,ransomware
ransom_9525,1,ransomware
ransom_9526,1,ransomware
ransom_9527,1,ransomware
ransom_9529,1,ransomware
ransom_9530,1,ransomware
ransom_9531,1,ransomware
ransom_9533,1,ransomware
ransom_9534,1,ransomware
ransom_9535,1,ransomware
ransom_9536,1,ransomware
ransom_9537,1,ransomware
ransom_9538,1,ransomware
ransom_9539,1,ransomware
ransom_9540,1,ransomware
ransom_9541,1,ransomware
ransom_9543,1,ransomware
ransom_9544,1,ransomware
ransom_9546,1,ransomware
ransom_9548,1,ransomware
ransom_9550,1,ransomware
ransom_9551,1,ransomware
ransom_9552,1,ransomware
ransom_9554,1,ransomware
ransom_9555,1,ransomware
ransom_9556,1,ransomware
ransom_9557,1,ransomware
ransom_9559,1,ransomware
ransom_9560,1,ransomware
ransom_9561,1,ransomware
ransom_9562,1,ransomware
ransom_9564,1,ransomware
ransom_9565,1,ransomware
ransom_9566,1,ransomware
ransom_9568,1,ransomware
ransom_9569,1,ransomware
ransom_9571,1,ransomware
ransom_9574,1,ransomware
ransom_9575,1,ransomware
ransom_9576,1,ransomware
ransom_9577,1,ransomware
ransom_9579,1,ransomware
ransom_9580,1,ransomware
ransom_9581,1,ransomware
ransom_9583,1,ransomware
ransom_9584,1,ransomware
ransom_9585,1,ransomware
ransom_9586,1,ransomware
ransom_9588,1,ransomware
ransom_9589,1,ransomware
ransom_9591,1,ransomware
ransom_9593,1,ransomware
ransom_9594,1,ransomware
ransom_9595,1,ransomware
ransom_9597,1,ransomware
ransom_9598,1,ransomware
ransom_9599,1,ransomware
ransom_9600,1,ransomware
ransom_9601,1,ransomware
ransom_9602,1,ransomware
ransom_9605,1,ransomware
ransom_9606,1,ransomware
ransom_9608,1,ransomware
ransom_9609,1,ransomware
ransom_9610,1,ransomware
ransom_9611,1,ransomware
ransom_9612,1,ransomware
ransom_9614,1,ransomware
ransom_9615,1,ransomware
ransom_9616,1,ransomware
ransom_9617,1,ransomware
ransom_9618,1,ransomware
ransom_9619,1,ransomware
ransom_9620,1,ransomware
ransom_9621,1,ransomware
ransom_9623,1,ransomware
ransom_9624,1,ransomware
ransom_9625,1,ransomware
ransom_9627,1,ransomware
ransom_9628,1,ransomware
ransom_9629,1,ransomware
ransom_9630,1,ransomware
ransom_9631,1,ransomware
ransom_9632,1,ransomware
ransom_9633,1,ransomware
ransom_9634,1,ransomware
ransom_9636,1,ransomware
ransom_9637,1,ransomware
ransom_9639,1,ransomware
ransom_9640,1,ransomware
ransom_9641,1,ransomware
ransom_9642,1,ransomware
ransom_9644,1,ransomware
ransom_9645,1,ransomware
ransom_9647,1,ransomware
ransom_9648,1,ransomware
ransom_9649,1,ransomware
ransom_9652,1,ransomware
ransom_9653,1,ransomware
ransom_9655,1,ransomware
ransom_9656,1,ransomware
ransom_9657,1,ransomware
ransom_9658,1,ransomware
ransom_9660,1,ransomware
ransom_9661,1,ransomware
ransom_9663,1,ransomware
ransom_9664,1,ransomware
ransom_9665,1,ransomware
ransom_9666,1,ransomware
ransom_9667,1,ransomware
ransom_9669,1,ransomware
ransom_9671,1,ransomware
ransom_9673,1,ransomware
ransom_9674,1,ransomware
ransom_9677,1,ransomware
ransom_9678,1,ransomware
ransom_9679,1,ransomware
ransom_9681,1,ransomware
ransom_9682,1,ransomware
ransom_9683,1,ransomware
ransom_9685,1,ransomware
ransom_9686,1,ransomware
ransom_9687,1,ransomware
ransom_9688,1,ransomware
ransom_9691,1,ransomware
ransom_9692,1,ransomware
ransom_9693,1,ransomware
ransom_9694,1,ransomware
ransom_9695,1,ransomware
ransom_9696,1,ransomware
ransom_9697,1,ransomware
ransom_9698,1,ransomware
ransom_9699,1,ransomware
ransom_9701,1,ransomware
ransom_9702,1,ransomware
ransom_9703,1,ransomware
ransom_9704,1,ransomware
ransom_9705,1,ransomware
ransom_9708,1,ransomware
ransom_9709,1,ransomware
ransom_9710,1,ransomware
ransom_9712,1,ransomware
ransom_9713,1,ransomware
ransom_9714,1,ransomware
ransom_9716,1,ransomware
ransom_9717,1,ransomware
ransom_9718,1,ransomware
ransom_9720,1,ransomware
ransom_9723,1,ransomware
ransom_9725,1,ransomware
ransom_9728,1,ransomware
ransom_9729,1,ransomware
ransom_9730,1,ransomware
ransom_9733,1,ransomware
ransom_9734,1,ransomware
ransom_9735,1,ransomware
ransom_9736,1,ransomware
ransom_9738,1,ransomware
ransom_9739,1,ransomware
ransom_9741,1,ransomware
ransom_9742,1,ransomware
ransom_9744,1,ransomware
ransom_9746,1,ransomware
ransom_9747,1,ransomware
ransom_9748,1,ransomware
ransom_9749,1,ransomware
ransom_9750,1,ransomware
ransom_9752,1,ransomware
ransom_9755,1,ransomware
ransom_9756,1,ransomware
ransom_9757,1,ransomware
ransom_9759,1,ransomware
ransom_9760,1,ransomware
ransom_9761,1,ransomware
ransom_9763,1,ransomware
ransom_9764,1,ransomware
ransom_9765,1,ransomware
ransom_9766,1,ransomware
ransom_9767,1,ransomware
ransom_9769,1,ransomware
ransom_9770,1,ransomware
ransom_9771,1,ransomware
ransom_9772,1,ransomware
ransom_9773,1,ransomware
ransom_9774,1,ransomware
ransom_9775,1,ransomware
ransom_9776,1,ransomware
ransom_9777,1,ransomware
ransom_9779,1,ransomware
ransom_9780,1,ransomware
ransom_9782,1,ransomware
ransom_9783,1,ransomware
ransom_9786,1,ransomware
ransom_9788,1,ransomware
ransom_9789,1,ransomware
ransom_9791,1,ransomware
ransom_9793,1,ransomware
ransom_9794,1,ransomware
ransom_9795,1,ransomware
ransom_9796,1,ransomware
ransom_9798,1,ransomware
ransom_9799,1,ransomware
ransom_9800,1,ransomware
ransom_9801,1,ransomware
ransom_9802,1,ransomware
ransom_9803,1,ransomware
ransom_9805,1,ransomware
ransom_9806,1,ransomware
ransom_9807,1,ransomware
ransom_9809,1,ransomware
ransom_9810,1,ransomware
ransom_9811,1,ransomware
ransom_9812,1,ransomware
ransom_9813,1,ransomware
ransom_9814,1,ransomware
ransom_9817,1,ransomware
ransom_9818,1,ransomware
ransom_9819,1,ransomware
ransom_9820,1,ransomware
ransom_9821,1,ransomware
ransom_9822,1,ransomware
ransom_9823,1,ransomware
ransom_9824,1,ransomware
ransom_9825,1,ransomware
ransom_9826,1,ransomware
ransom_9828,1,ransomware
ransom_9829,1,ransomware
ransom_9830,1,ransomware
ransom_9831,1,ransomware
ransom_9833,1,ransomware
ransom_9834,1,ransomware
ransom_9835,1,ransomware
ransom_9836,1,ransomware
ransom_9837,1,ransomware
ransom_9839,1,ransomware
ransom_9840,1,ransomware
ransom_9841,1,ransomware
ransom_9842,1,ransomware
ransom_9843,1,ransomware
ransom_9844,1,ransomware
ransom_9845,1,ransomware
ransom_9847,1,ransomware
ransom_9848,1,ransomware
ransom_9849,1,ransomware
ransom_9850,1,ransomware
ransom_9852,1,ransomware
ransom_9853,1,ransomware
ransom_9854,1,ransomware
ransom_9855,1,ransomware
ransom_9856,1,ransomware
ransom_9857,1,ransomware
ransom_9858,1,ransomware
ransom_9859,1,ransomware
ransom_9860,1,ransomware
ransom_9862,1,ransomware
ransom_9863,1,ransomware
ransom_9864,1,ransomware
ransom_9865,1,ransomware
ransom_9866,1,ransomware
ransom_9868,1,ransomware
ransom_9869,1,ransomware
ransom_9870,1,ransomware
ransom_9874,1,ransomware
ransom_9875,1,ransomware
ransom_9876,1,ransomware
ransom_9879,1,ransomware
ransom_9880,1,ransomware
ransom_9881,1,ransomware
ransom_9882,1,ransomware
ransom_9883,1,ransomware
ransom_9884,1,ransomware
ransom_9885,1,ransomware
ransom_9887,1,ransomware
ransom_9889,1,ransomware
ransom_9890,1,ransomware
ransom_9892,1,ransomware
ransom_9893,1,ransomware
ransom_9894,1,ransomware
ransom_9895,1,ransomware
ransom_9897,1,ransomware
ransom_9898,1,ransomware
ransom_9899,1,ransomware
ransom_9900,1,ransomware
ransom_9902,1,ransomware
ransom_9903,1,ransomware
ransom_9904,1,ransomware
ransom_9905,1,ransomware
ransom_9906,1,ransomware
ransom_9908,1,ransomware
ransom_9909,1,ransomware
ransom_9910,1,ransomware
ransom_9912,1,ransomware
ransom_9914,1,ransomware
ransom_9915,1,ransomware
ransom_9916,1,ransomware
ransom_9917,1,ransomware
ransom_9918,1,ransomware
ransom_9919,1,ransomware
ransom_9920,1,ransomware
ransom_9921,1,ransomware
ransom_9922,1,ransomware
ransom_9923,1,ransomware
ransom_9924,1,ransomware
ransom_9926,1,ransomware
ransom_9927,1,ransomware
ransom_9929,1,ransomware
ransom_9930,1,ransomware
ransom_9931,1,ransomware
ransom_9933,1,ransomware
ransom_9934,1,ransomware
ransom_9935,1,ransomware
ransom_9936,1,ransomware
ransom_9937,1,ransomware
ransom_9939,1,ransomware
ransom_9942,1,ransomware
ransom_9943,1,ransomware
ransom_9944,1,ransomware
ransom_9945,1,ransomware
ransom_9946,1,ransomware
ransom_9947,1,ransomware
ransom_9948,1,ransomware
ransom_9949,1,ransomware
ransom_9950,1,ransomware
ransom_9951,1,ransomware
ransom_9952,1,ransomware
ransom_9954,1,ransomware
ransom_9955,1,ransomware
ransom_9956,1,ransomware
ransom_9957,1,ransomware
ransom_9958,1,ransomware
ransom_9959,1,ransomware
ransom_9960,1,ransomware
ransom_9961,1,ransomware
ransom_9962,1,ransomware
ransom_9966,1,ransomware
ransom_9967,1,ransomware
ransom_9968,1,ransomware
ransom_9969,1,ransomware
ransom_9971,1,ransomware
ransom_9972,1,ransomware
ransom_9973,1,ransomware
ransom_9974,1,ransomware
ransom_9975,1,ransomware
ransom_9976,1,ransomware
ransom_9978,1,ransomware
ransom_9979,1,ransomware
ransom_9982,1,ransomware
ransom_9983,1,ransomware
ransom_9984,1,ransomware
ransom_9985,1,ransomware
ransom_9986,1,ransomware
ransom_9987,1,ransomware
ransom_9988,1,ransomware
ransom_9989,1,ransomware
ransom_9990,1,ransomware
ransom_9991,1,ransomware
ransom_9992,1,ransomware
ransom_9993,1,ransomware
ransom_9994,1,ransomware
ransom_9995,1,ransomware
ransom_9996,1,ransomware
ransom_9997,1,ransomware
ransom_9998,1,ransomware
