max_chain_length,graph_density,avg_clustering,max_in_degree,max_out_degree,degree_assortativity,edge_to_node_ratio,scenario_id
2,0.018501387604070305,0.9157509157509158,1,1,0.0,0.851063829787234,layering_01551
8,0.058823529411764705,0.0,1,1,0.0,0.9411764705882353,layering_01552
15,0.0004979468484791156,0.9107224118412819,1,1,-0.44619242552656496,1.0108321024126046,layering_01553
2,0.018173758865248225,0.825,1,1,-0.4736706423410006,0.8541666666666666,layering_01554
10,0.0010256410256410256,0.6264483253372142,1,1,0.0,0.9989743589743589,layering_01555
19,0.0007920596703222915,0.7526404542648526,1,1,-0.7233986555625924,1.352837916910474,layering_01557
5,0.0005376065312783297,0.8962529376307264,1,1,-0.1601238753440736,1.0069370330843117,layering_01559
8,0.058823529411764705,0.0,1,1,0.0,0.9411764705882353,layering_01560
2,0.027777777777777776,0.7724497724497724,1,1,0.0,0.9722222222222222,layering_01561
32,0.0013754045307443365,0.3314838236453437,1,1,0.0,0.9902912621359223,layering_01562
5,0.0005518763796909492,0.8909194604631112,1,1,0.0,0.9994481236203091,layering_01564
3,0.022727272727272728,0.8854682354682354,1,1,3.5053717507993554e-08,0.9772727272727273,layering_01565
7,0.022243107769423558,0.8333945066538105,1,1,-0.8625863224710977,1.2456140350877194,layering_01566
3,0.01818181818181818,0.9212970244885138,1,1,0.0,0.9818181818181818,layering_01567
8,0.0005175980659166101,0.9044995368416585,1,1,0.0,0.9989642672190575,layering_01568
5,0.043478260869565216,0.4552380952380952,1,1,0.0,0.9565217391304348,layering_01569
15,0.0009124087591240876,0.7214386813633054,1,1,0.0,0.9990875912408759,layering_01570
3,0.009433962264150943,0.917987141064064,1,1,1.436309688638695e-08,0.9905660377358491,layering_01571
4,0.027777777777777776,0.7542388167388168,1,1,0.0,0.9722222222222222,layering_01572
7,0.043478260869565216,0.48333333333333334,1,1,0.0,0.9565217391304348,layering_01573
3,0.025,0.875719246031746,1,1,0.0,0.975,layering_01574
8,0.058823529411764705,0.0,1,1,0.0,0.9411764705882353,layering_01575
1,0.017431972789115645,0.8048780487804879,1,1,-0.5545975024918256,0.8367346938775511,layering_01577
162,0.0009367723510438679,0.6686115390100048,1,1,-0.8380580438444065,1.5634730538922155,layering_01578
6,0.0005202835597118477,0.9001458582742329,1,1,-0.2847636986619136,1.0228774783934926,layering_01579
1,0.015124016938898971,1.0,1,1,0.0,0.8620689655172413,layering_01580
1,0.018357487922705314,0.8421052631578947,1,1,0.0,0.8260869565217391,layering_01581
8,0.045454545454545456,0.45918367346938777,1,1,-0.1980295085953347,0.9545454545454546,layering_01582
9,0.0005370566177277796,0.8998748244424094,1,1,0.0,0.99892530897367,layering_01583
7,0.0006076309541388047,0.8590608223075163,1,1,-0.5428107923008199,1.1222943722943723,layering_01584
4,0.029411764705882353,0.7290404040404039,1,1,0.0,0.9705882352941176,layering_01585
5,0.0005136106831022085,0.9042468426803588,1,1,0.0,0.9994863893168978,layering_01586
5,0.0008665511265164644,0.8854307960557963,1,1,0.0,0.9991334488734835,layering_01587
8,0.0006934812760055479,0.8218674495382029,1,1,0.0,0.9993065187239945,layering_01588
4,0.022222222222222223,0.8760929760929762,1,1,0.0,0.9777777777777777,layering_01589
5,0.02497687326549491,0.8148485082874224,1,1,-0.6628509412747623,1.148936170212766,layering_01590
2,0.017722473604826545,0.9633215269578905,1,1,3.537042826085566e-08,0.9038461538461539,layering_01591
3,0.0196078431372549,0.9205569624174277,1,1,0.0,0.9803921568627451,layering_01592
3,0.0196078431372549,0.9108894980988003,1,1,0.0,0.9803921568627451,layering_01594
4,0.025098039215686273,0.8476595823597048,1,1,-0.7167439528123539,1.2549019607843137,layering_01595
3,0.017543859649122806,0.9260596546310832,1,1,0.0,0.9824561403508771,layering_01598
5,0.0004849616767493583,0.9267448949427742,1,1,0.0,0.9684684684684685,layering_01599
5,0.0005281115561489393,0.8958049867833892,1,1,-0.24631289021655975,1.0166147455867083,layering_01600
3,0.018775510204081632,0.9520098948670378,1,1,0.0,0.92,layering_01601
3,0.018518518518518517,0.9025003981525721,1,1,0.0,0.9814814814814815,layering_01602
4,0.0196078431372549,0.9116260999981929,1,1,0.0,0.9803921568627451,layering_01605
6,0.03118279569892473,0.6531400966183575,1,1,0.0,0.9354838709677419,layering_01606
4,0.034482758620689655,0.6476499690785404,1,1,0.0,0.9655172413793104,layering_01608
4,0.03225806451612903,0.7005844397148746,1,1,0.0,0.967741935483871,layering_01609
3,0.024390243902439025,0.8228756092392455,1,1,0.0,0.975609756097561,layering_01611
1,0.015124016938898971,1.0,1,1,0.0,0.8620689655172413,layering_01612
3,0.021739130434782608,0.8807779939358887,1,1,0.0,0.9782608695652174,layering_01613
3,0.018867924528301886,0.9176419876419876,1,1,0.0,0.9811320754716981,layering_01614
1,0.014689265536723164,1.0,1,1,0.0,0.8666666666666667,layering_01615
2,0.01639344262295082,0.9291331310199235,1,1,0.0,0.9836065573770492,layering_01616
5,0.0005138746145940391,0.9044667024618418,1,1,0.0,0.9994861253854059,layering_01617
3,0.016656925774400935,0.9385542562013149,1,1,0.0,0.9661016949152542,layering_01618
36,0.0005889950506240394,0.8613005864053742,1,1,-0.5300142478160911,1.104954714970698,layering_01620
3,0.01098901098901099,0.9044106478317003,1,1,0.0,0.989010989010989,layering_01621
3,0.018518518518518517,0.9202917855091768,1,1,0.0,0.9814814814814815,layering_01622
3,0.020833333333333332,0.9091991341991342,1,1,0.0,0.9791666666666666,layering_01624
8,0.023809523809523808,0.910967623162745,1,1,-0.6259177560503362,1.1428571428571428,layering_01625
2,0.016666666666666666,0.9308588847050385,1,1,0.0,0.9833333333333333,layering_01626
7,0.0005192048810144172,0.9050803551729478,1,1,0.0,0.9963541666666667,layering_01627
3,0.028735632183908046,0.5681818181818182,1,1,-0.31578947368421073,0.8333333333333334,layering_01629
3,0.021739130434782608,0.8900077992183255,1,1,0.0,0.9782608695652174,layering_01630
24,0.0008559790766876263,0.7195809627344234,1,1,-0.7773299648535861,1.4483165977554637,layering_01631
42,0.001564945226917058,0.11431813024733381,1,1,0.0,0.9984350547730829,layering_01632
3,0.02631578947368421,0.8452380952380952,1,1,0.0,0.9736842105263158,layering_01633
3,0.022163120567375887,0.8956793206793205,1,1,-0.4181164189825562,1.0416666666666667,layering_01634
1,0.015124016938898971,1.0,1,1,0.0,0.8620689655172413,layering_01635
3,0.02040816326530612,0.9254846779237023,1,1,0.0,0.9795918367346939,layering_01636
7,0.0005229899393032344,0.9066674540737041,1,1,0.0,0.9931578947368421,layering_01638
11,0.0006387086221632468,0.8293923922232703,1,1,-0.6350866389838309,1.1899141630901287,layering_01639
3,0.02,0.8937919223633509,1,1,0.0,0.98,layering_01640
3,0.018518518518518517,0.9197898719637848,1,1,0.0,0.9814814814814815,layering_01642
11,0.0005153713800455463,0.896218463951568,1,1,-0.31999464656718635,1.0261044176706828,layering_01644
8,0.058823529411764705,0.0,1,1,0.0,0.9411764705882353,layering_01646
4,0.0199468085106383,0.917483660130719,1,1,-0.6355525695988511,0.9375,layering_01647
2,0.017857142857142856,0.9266899766899769,1,1,0.0,0.9821428571428571,layering_01648
21,0.0011636862128983564,0.7051705928762546,1,1,-0.533112457090741,1.325438596491228,layering_01649
4,0.047619047619047616,0.30769230769230765,1,1,0.0,0.9523809523809523,layering_01650
1,0.01408090117767537,1.0,1,1,0.0,0.873015873015873,layering_01651
3,0.02127659574468085,0.9022311022311024,1,1,0.0,0.9787234042553191,layering_01652
2,0.017508417508417508,0.9445030147157808,1,1,0.0,0.9454545454545454,layering_01653
1,0.015824915824915825,0.8723404255319149,1,1,0.0,0.8545454545454545,layering_01654
3,0.019230769230769232,0.9173750491932311,1,1,0.0,0.9807692307692307,layering_01655
6,0.05,0.2833333333333334,1,1,0.0,0.95,layering_01656
6,0.01877313590692755,0.8711990019179562,1,1,-0.8477161066298183,1.1451612903225807,layering_01657
7,0.023529411764705882,0.8615303301349816,1,1,-0.7839675793995649,1.1764705882352942,layering_01658
9,0.0005945303210463733,0.8845010713679317,1,1,3.87808917066842e-08,0.9994054696789536,layering_01659
16,0.0006340518756121816,0.8729760275198232,1,1,-0.35808638187990105,1.0366748166259168,layering_01660
7,0.03571428571428571,0.6248196248196248,1,1,-0.34334095059655495,1.0,layering_01662
1,0.014903565166569257,1.0,1,1,0.0,0.864406779661017,layering_01663
3,0.022201665124884366,0.8756257987027215,1,1,-0.39476131255429636,1.0212765957446808,layering_01664
3,0.018867924528301886,0.9198268398268398,1,1,0.0,0.9811320754716981,layering_01667
5,0.025490196078431372,0.8060523076254951,1,1,-0.8427070668176783,1.2745098039215685,layering_01668
3,0.018518518518518517,0.9061001800132236,1,1,0.0,0.9814814814814815,layering_01670
11,0.0004856282876073431,0.9213752979274226,1,1,-0.44654758871766825,0.9901960784313726,layering_01671
2,0.0291005291005291,0.42321428571428577,1,1,0.0,0.7857142857142857,layering_01672
8,0.058823529411764705,0.0,1,1,0.0,0.9411764705882353,layering_01673
2,0.015300546448087432,0.9703943854887251,1,1,0.0,0.9180327868852459,layering_01674
177,0.0009076997528022287,0.7437269256852271,1,1,-0.6948656361731321,1.3742574257425744,layering_01675
6,0.01912568306010929,0.88170571566798,1,1,-0.7826803000758026,1.1475409836065573,layering_01676
6,0.000565946501174525,0.8792171987005452,1,1,-0.4169944000965666,1.0577540106951873,layering_01677
2,0.014806980433632998,0.9797912992357437,1,1,0.0,0.9032258064516129,layering_01678
2,0.013986013986013986,0.9812783002438175,1,1,0.0,0.9090909090909091,layering_01679
5,0.0005167958656330749,0.9040351900902359,1,1,0.0,0.999483204134367,layering_01680
3,0.02040816326530612,0.9077587723929186,1,1,3.3193236525238216e-08,0.9795918367346939,layering_01681
101,0.0006289888891686883,0.8292940444337225,1,1,-0.6486651671548419,1.1887890005288206,layering_01682
2,0.02631578947368421,0.786003626003626,1,1,0.0,0.9736842105263158,layering_01683
6,0.0005073325737263316,0.9093435448079598,1,1,0.0,0.992849846782431,layering_01686
2,0.014971751412429379,0.9896449704142012,1,1,0.0,0.8833333333333333,layering_01688
5,0.0005215024860208784,0.9121392945155319,1,1,0.0,0.9460055096418732,layering_01690
8,0.0005170589108367804,0.905758405021756,1,1,0.0,0.9968895800933126,layering_01691
2,0.015873015873015872,0.9322822631913541,1,1,0.0,0.9841269841269841,layering_01692
4,0.023809523809523808,0.9083764274940747,1,1,0.0,0.9761904761904762,layering_01694
6,0.034482758620689655,0.6772486772486772,1,1,0.0,0.9655172413793104,layering_01695
2,0.016690856313497822,0.9876543209876543,1,1,0.0,0.8679245283018868,layering_01696
3,0.018518518518518517,0.9171565149826018,1,1,0.0,0.9814814814814815,layering_01698
15,0.013605442176870748,0.8501137401347483,1,1,-0.8398204007996127,1.3333333333333333,mixing_01702
15,0.017783857729138167,0.7519406672679249,1,1,-0.8369565217391308,1.5116279069767442,mixing_01703
16,0.015900251658659346,0.7520787554158597,1,1,-0.862119758689788,1.4787234042553192,mixing_01704
9,0.01682626538987688,0.7409240372993477,1,1,-0.8243145683338052,1.430232558139535,mixing_01705
295,0.0006806737154480809,0.85284637110885,1,1,-0.6601751866815927,1.236103467253715,mixing_01706
14,0.016327063740856844,0.7722582301752323,1,1,-0.7815854885440239,1.4204545454545454,mixing_01707
14,0.014726507713884993,0.8033402494940959,1,1,-0.8015111686960478,1.3548387096774193,mixing_01708
3,0.006770337459007722,0.983452861501642,1,1,-0.8249851733783352,0.927536231884058,mixing_01710
148,0.0007051917582507729,0.7830855498344163,1,1,-0.7403414594000135,1.3024891774891776,mixing_01711
14,0.01778542742398164,0.758755165754762,1,1,-0.8184786297736616,1.4761904761904763,mixing_01712
12,0.016483516483516484,0.7301571041639796,1,1,-0.863555120884738,1.5,mixing_01714
15,0.013502370645227788,0.8296195109745534,1,1,-0.8000727656054839,1.3232323232323233,mixing_01715
4,0.010964912280701754,0.8851999307881661,1,1,-0.41238954881021334,1.0416666666666667,mixing_01716
105,0.0011958433253397283,0.6633726361168234,1,1,-0.6723674990660122,1.4948041566746604,mixing_01717
208,0.0009064498578218512,0.7061024046472967,1,1,-0.8290111086132252,1.5491228070175438,mixing_01718
229,0.0009342336958520996,0.670851383166854,1,1,-0.8552922479997707,1.585394581861013,mixing_01719
197,0.0009586204940582547,0.6610444072698406,1,1,-0.8630395354403945,1.6095238095238096,mixing_01721
6,0.01593521421107628,0.7539436054141937,1,1,-0.7631801154860821,1.3863636363636365,mixing_01723
4,0.012541993281075027,0.8625792528549882,1,1,-0.7170335397316888,1.1789473684210525,mixing_01724
11,0.01948051948051948,0.7199100182971151,1,1,-0.7807593824849611,1.4805194805194806,mixing_01725
130,0.0009436692376410785,0.6502270931213623,1,1,-0.8600266019399293,1.5957446808510638,mixing_01726
156,0.0009634775134025841,0.6487331418504985,1,1,-0.8483293441934899,1.6147883124627311,mixing_01727
13,0.012087912087912088,0.8355276295962571,1,1,-0.807809438324424,1.2571428571428571,mixing_01728
260,0.000965508778008778,0.6820186575049976,1,1,-0.8583105996685824,1.6066066066066067,mixing_01729
3,0.008039982616253803,0.964768792981243,1,1,-0.7477616269555354,0.940677966101695,mixing_01730
10,0.013269274765499885,0.8134972250385505,1,1,-0.7008372108761308,1.2340425531914894,mixing_01732
15,0.013434343434343434,0.8405515322816357,1,1,-0.775852790505562,1.33,mixing_01733
84,0.0025985530783995277,0.8029723738771455,1,1,-0.756177174124567,1.3512476007677543,mixing_01734
11,0.017241379310344827,0.7379651165254882,1,1,-0.8762727699365319,1.4827586206896552,mixing_01735
8,0.022727272727272728,0.5220306513409962,1,1,-0.23421922967911005,0.9772727272727273,mixing_01736
121,0.0009525166530117907,0.6683250687903101,1,1,-0.8494184609177887,1.5954653937947494,mixing_01737
224,0.0008958635681859436,0.801566354849728,1,1,-0.633598357856859,1.3590250329380764,mixing_01738
13,0.014646464646464647,0.7492250440629604,1,1,-0.904792944712424,1.45,mixing_01739
15,0.014017728303442589,0.7916979297341973,1,1,-0.8658174398389445,1.3737373737373737,mixing_01741
10,0.01680672268907563,0.7179270332841762,1,1,-0.8122734860428206,1.411764705882353,mixing_01742
13,0.018648018648018648,0.751367029588318,1,1,-0.7777070228819808,1.435897435897436,mixing_01743
15,0.016978776529338328,0.7508850822380235,1,1,-0.8585291770223358,1.511111111111111,mixing_01744
9,0.0006793674394433698,0.8084713642179637,1,1,-0.675386516842701,1.238486842105263,mixing_01745
226,0.0009570028440355094,0.6754861576148768,1,1,-0.8530446604048794,1.5953237410071943,mixing_01746
13,0.01537022186581128,0.8270228659321796,1,1,-0.7352081364560472,1.3218390804597702,mixing_01747
12,0.025036284470246733,0.6890627947903493,1,1,-0.5002865094167929,1.3018867924528301,mixing_01748
79,0.0006425517041097225,0.8274773265354192,1,1,-0.6459237420573815,1.1932185145317546,mixing_01749
274,0.0008557786072161135,0.7611207483275257,1,1,-0.7943574974374314,1.4753623188405798,mixing_01750
9,0.016849529780564265,0.709316662198464,1,1,-0.8595541981670984,1.4659090909090908,mixing_01751
15,0.009504132231404958,0.8791023793725472,1,1,-0.870942164300539,1.140495867768595,mixing_01752
210,0.0009648775258116391,0.6874178262536328,1,1,-0.8210711351749359,1.547663551401869,mixing_01753
15,0.01723697650663943,0.7357420362064325,1,1,-0.8556049326313455,1.5168539325842696,mixing_01754
5,0.007710727969348659,0.7829009197430251,1,1,-0.4301330362215454,1.110344827586207,mixing_01755
10,0.0026336007857239037,0.7742039404782084,1,1,-0.6314636211222926,1.3220675944333995,mixing_01756
14,0.01898148148148148,0.7167488235670054,1,1,-0.8247687525985332,1.5185185185185186,mixing_01757
15,0.013553113553113554,0.8631311670785354,1,1,-0.695807979530059,1.2197802197802199,mixing_01759
5,0.0066975278242883875,0.9741057781765019,1,1,-0.8731335714836118,0.951048951048951,mixing_01761
3,0.010101010101010102,0.9097698597698599,1,1,0.0,0.98989898989899,mixing_01762
218,0.000922051892062859,0.6851143254373646,1,1,-0.8581402071913928,1.5720984759671748,mixing_01763
219,0.000921557315383635,0.6885775691526312,1,1,-0.8596282187704578,1.5740198946752486,mixing_01766
5,0.012242268041237113,0.8401277982339671,1,1,-0.682051201573984,1.175257731958763,mixing_01768
7,0.016244624940277116,0.7210874108847655,1,1,-0.8526272213111499,1.4782608695652173,mixing_01769
177,0.0009687875822768987,0.6474664849466109,1,1,-0.8634574013430478,1.615937687237867,mixing_01770
182,0.0011101613199368194,0.7082004918863873,1,1,-0.6588748029777877,1.4232268121590024,mixing_01772
7,0.008834522595990485,0.9482700809828469,1,1,-0.6621302155070328,0.9541284403669725,mixing_01773
2,0.006352802127450014,0.9957932692307693,1,1,-0.7903603202565191,0.9020979020979021,mixing_01774
1,0.005865102639296188,1.0,1,1,-0.8797329677494634,0.9032258064516129,mixing_01775
7,0.019027484143763214,0.2672413793103448,1,1,-0.12108986992412103,0.8181818181818182,mixing_01776
3,0.0067993366500829185,0.9866300366300366,1,1,-0.730716136883144,0.9111111111111111,mixing_01777
1,0.007685142058686539,0.9191919191919192,1,1,-0.7415519607074064,0.868421052631579,mixing_01778
97,0.0022004246763252344,0.6748694577590507,1,1,-0.8607660876742187,1.604109589041096,mixing_01779
9,0.016512345679012344,0.7911606886874265,1,1,-0.7032013845670319,1.3209876543209877,mixing_01780
13,0.015677491601343786,0.7549061087905902,1,1,-0.8873536749184412,1.4736842105263157,mixing_01781
13,0.017510259917920656,0.7439341543111218,1,1,-0.8359884458518922,1.4883720930232558,mixing_01783
163,0.0009814844288821688,0.6522007863436172,1,1,-0.8525301876962073,1.616504854368932,mixing_01784
14,0.01866277182732879,0.7573090182199123,1,1,-0.7840541789341275,1.4556962025316456,mixing_01785
79,0.0009602754094067853,0.6384117746883088,1,1,-0.8587728079753149,1.6094215861657721,mixing_01786
14,0.013201320132013201,0.7970762915996183,1,1,-0.8900328920947658,1.3333333333333333,mixing_01787
2,0.007316081831730118,0.9698857736240913,1,1,-0.7606289238394427,0.8852459016393442,mixing_01788
10,0.0163640707118968,0.7171192959400107,1,1,-0.8666417538686517,1.4891304347826086,mixing_01790
14,0.01555708075955159,0.7694269245274458,1,1,-0.8844065771283902,1.446808510638298,mixing_01791
14,0.015050167224080268,0.8126714238410592,1,1,-0.8120839570742702,1.3695652173913044,mixing_01792
164,0.0009461756972237769,0.6645007581382616,1,1,-0.8574865607529641,1.594306049822064,mixing_01793
2,0.00625793578813713,0.9870910476705035,1,1,-0.8679622421857385,0.9261744966442953,mixing_01797
12,0.017928858290304075,0.7131118053112941,1,1,-0.8535898373635287,1.4880952380952381,mixing_01799
11,0.016946778711484593,0.7405759483280491,1,1,-0.7915122841513459,1.423529411764706,mixing_01801
14,0.016598569969356484,0.7498849145907972,1,1,-0.867051040829834,1.4606741573033708,mixing_01803
15,0.01611721611721612,0.7766771519673994,1,1,-0.8664415805758163,1.4505494505494505,mixing_01804
4,0.011313131313131313,0.897106564796421,1,1,-0.6411533952827608,1.12,mixing_01805
14,0.015657934357121348,0.8578836324712208,1,1,-0.6696494537638588,1.2682926829268293,mixing_01806
12,0.02857142857142857,0.23333333333333334,1,1,-0.09677419354838684,0.9714285714285714,mixing_01808
292,0.0006868891029386221,0.854110313468509,1,1,-0.6413642081601126,1.1972477064220184,mixing_01810
8,0.02117362371445856,0.6230657143753838,1,1,-0.5186861252321313,1.206896551724138,mixing_01811
15,0.015893470790378006,0.7505165214105789,1,1,-0.8867392531772611,1.5257731958762886,mixing_01812
13,0.017228464419475654,0.7258016912567998,1,1,-0.8741572077325921,1.5333333333333334,mixing_01813
37,0.0042118426296189415,0.67190265085586,1,1,-0.8955219964253981,1.6047120418848169,mixing_01814
15,0.01219162363740677,0.8855531746836095,1,1,-0.28572148463300845,1.0119047619047619,mixing_01815
12,0.016483516483516484,0.7118716103789084,1,1,-0.8673844781927933,1.5,mixing_01816
15,0.02702702702702703,0.3409090909090909,1,1,0.0,0.972972972972973,mixing_01819
2,0.008401792382374906,0.8514357053682896,1,1,-0.6826807770897032,0.8653846153846154,mixing_01820
172,0.0009639128596849657,0.657765864770763,1,1,-0.8540845123711447,1.605878824235153,mixing_01821
14,0.014870738961336078,0.7822226482874288,1,1,-0.8517363277188603,1.3829787234042554,mixing_01822
26,0.0008203051483233716,0.7183802189255236,1,1,-0.7760553720033196,1.439635535307517,mixing_01823
11,0.016666666666666666,0.7833856543114018,1,1,-0.6618052276804446,1.25,mixing_01824
297,0.00065052270873991,0.8670930405829832,1,1,-0.6071625731979648,1.1767955801104972,mixing_01825
15,0.010483210483210484,0.8705432639256167,1,1,-0.8420341793215174,1.1531531531531531,mixing_01827
2,0.006672922531539985,0.9851765354611653,1,1,-0.8385539469737288,0.920863309352518,mixing_01829
14,0.015527950310559006,0.7845086522803543,1,1,-0.8209930987058826,1.4130434782608696,mixing_01830
13,0.017364657814096015,0.7606111760523525,1,1,-0.8270599274979143,1.5280898876404494,mixing_01831
233,0.0009220872696430269,0.6860872215263392,1,1,-0.8517105437840048,1.5647820965842167,mixing_01832
42,0.000866547670093635,0.6900455509127483,1,1,-0.8156584741303412,1.502593659942363,mixing_01833
14,0.016727716727716727,0.7447441915443382,1,1,-0.8798793784038591,1.5054945054945055,mixing_01834
5,0.008061492313460818,0.9356854804859009,1,1,-0.8375259938366096,1.015748031496063,mixing_01835
15,0.010526315789473684,0.9077688977688977,1,1,0.0,0.9894736842105263,mixing_01836
299,0.0006031874506176408,0.8913587424197755,1,1,-0.419383092340288,1.0640226628895184,mixing_01837
2,0.008393907926618207,0.9344039473071732,1,1,-0.5571802397771678,0.8981481481481481,mixing_01838
299,0.000569216959825235,0.8925679686737393,1,1,-0.37381168427660366,1.046220772158782,mixing_01839
2,0.0061592204449347305,0.9959899749373434,1,1,-0.8617829220138311,0.9054054054054054,mixing_01841
12,0.016726251276813073,0.7551768051768053,1,1,-0.878100451551754,1.4719101123595506,mixing_01842
3,0.00664828129616862,0.9766626602564102,1,1,-0.8522908982761523,0.9440559440559441,mixing_01843
9,0.012488769092542677,0.8255034124858573,1,1,-0.8272693556650029,1.3113207547169812,mixing_01845
4,0.011172161172161172,0.8725481043437701,1,1,-0.7326173507233,1.161904761904762,mixing_01846
12,0.015460729746444033,0.7647554215527457,1,1,-0.9051144787216243,1.5151515151515151,mixing_01847
14,0.014691829909221214,0.8208140323304569,1,1,-0.764637033307292,1.3369565217391304,mixing_01848
15,0.017615176151761516,0.7582929508302644,1,1,-0.8376713495536311,1.4268292682926829,mixing_01849
3,0.05731225296442688,0.8489337822671157,1,1,-0.5915965664492252,1.2608695652173914,normal_00001
6,0.001272264631043257,0.7364226312178536,1,1,0.0,0.9987277353689568,normal_00002
5,0.045454545454545456,0.8139589169000934,1,1,-0.4398430978163434,0.9545454545454546,normal_00003
5,0.04133064516129032,0.8684054386668767,1,1,-0.8142819339020165,1.28125,normal_00004
5,0.07142857142857142,0.5111111111111111,1,1,0.0,0.9285714285714286,normal_00005
2,0.027462121212121212,0.9785714285714285,1,1,-0.6632402584655411,0.8787878787878788,normal_00006
11,0.0020833333333333333,0.30629251700680254,1,1,0.0,0.9979166666666667,normal_00008
13,0.0015065853003754443,0.6982424390012277,1,1,-0.2445777653934147,1.0636492220650637,normal_00009
25,0.00750256937307297,0.8717229717229718,1,1,-0.3178939496840137,1.042857142857143,normal_00011
11,0.0011346904926841017,0.8263915485978527,1,1,-0.18914939344144344,1.017817371937639,normal_00012
6,0.0007873268944787409,0.8997399389366153,1,1,-0.19807879603918035,1.009353078721746,normal_00013
45,0.004975124378109453,0.856799005837467,1,1,0.0,0.9950248756218906,normal_00014
5,0.034408602150537634,0.9203296703296703,1,1,-0.4868769485344372,1.032258064516129,normal_00015
8,0.0013315034628178794,0.7600437187581568,1,1,-0.32075038231379455,1.081180811808118,normal_00017
5,0.043076923076923075,0.9028376385519243,1,1,-0.5548765995358502,1.0769230769230769,normal_00018
5,0.043478260869565216,0.8447971781305115,1,1,0.0,0.9565217391304348,normal_00019
120,0.0013894556148077275,0.8030019704052848,1,1,-0.5772146161940124,1.2824675324675325,normal_00020
9,0.007534718802324436,0.7703807355676512,1,1,-0.321177608022078,1.06993006993007,normal_00021
6,0.02295918367346939,0.7664275782696838,1,1,-0.43385999106967227,1.1020408163265305,normal_00025
110,0.001691750809678034,0.75312308855166,1,1,-0.4287949070247757,1.2248275862068965,normal_00026
2,0.058823529411764705,0.5833333333333334,1,1,-0.32387513781564786,0.9411764705882353,normal_00027
1,0.019060283687943262,1.0,1,1,-0.7439045869847098,0.8958333333333334,normal_00028
5,0.047619047619047616,0.8633928571428571,1,1,0.0,0.9523809523809523,normal_00029
4,0.0625,0.5584415584415585,1,1,0.0,0.9375,normal_00030
5,0.07692307692307693,0.4375,1,1,0.0,0.9230769230769231,normal_00032
5,0.043333333333333335,0.83757326007326,1,1,-0.4567554095888128,1.04,normal_00033
1,0.047619047619047616,0.0,1,1,0.0,0.6666666666666666,normal_00034
73,0.0024096385542168677,0.08034044145155257,1,1,-0.023971262668594305,1.0,normal_00036
5,0.04597701149425287,0.9271282051282052,1,1,-0.7577640060903013,1.3333333333333333,normal_00037
5,0.09090909090909091,0.0,1,1,0.0,0.9090909090909091,normal_00039
5,0.02631578947368421,0.9345200254291163,1,1,0.0,0.9736842105263158,normal_00040
140,0.0017076534630963167,0.738168057307176,1,1,-0.5948478815872047,1.3678304239401495,normal_00041
5,0.09090909090909091,0.0,1,1,0.0,0.9090909090909091,normal_00042
184,0.0015437880295063754,0.7304495066943202,1,1,-0.2186108629566174,1.0513196480938416,normal_00044
5,0.09090909090909091,0.0,1,1,0.0,0.9090909090909091,normal_00045
6,0.0012970168612191958,0.7162969546507205,1,1,0.0,0.9987029831387808,normal_00046
3,0.035650623885918005,0.8890962485790073,1,1,-0.81242207685406,1.1764705882352942,normal_00047
196,0.0008510682329081441,0.8955523403799274,1,1,-0.4083382890203822,1.0578778135048232,normal_00048
3,0.043333333333333335,0.7627272727272727,1,1,-0.5650529196840087,1.04,normal_00049
5,0.03698435277382646,0.8204514554359754,1,1,-0.9338883092798158,1.368421052631579,normal_00050
2,0.031746031746031744,0.8023715415019762,1,1,0.0,0.8571428571428571,normal_00051
3,0.05,0.7064935064935065,1,1,1.8518163059930264e-08,0.95,normal_00052
5,0.0625,0.5844155844155844,1,1,0.0,0.9375,normal_00053
5,0.05238095238095238,0.7809638278388278,1,1,-0.41882969638333706,1.0476190476190477,normal_00054
5,0.031932773109243695,0.9034706034706036,1,1,-0.6200707495824442,1.0857142857142856,normal_00057
5,0.029411764705882353,0.9467888433405676,1,1,0.0,0.9705882352941176,normal_00058
5,0.03297682709447415,0.884072249589491,1,1,-0.7296267519827262,1.088235294117647,normal_00060
5,0.09090909090909091,0.0,1,1,0.0,0.9090909090909091,normal_00061
4,0.06985294117647059,0.8301587301587302,1,1,-0.4403855060505441,1.1176470588235294,normal_00062
163,0.001640042007281879,0.7136463306223131,1,1,-0.24574942978726463,1.0775075987841944,normal_00063
2,0.033846153846153845,0.6891679748822606,1,1,0.0,0.8461538461538461,normal_00066
5,0.03333333333333333,0.9365656565656566,1,1,0.0,0.9666666666666667,normal_00067
5,0.09090909090909091,0.0,1,1,0.0,0.9090909090909091,normal_00068
5,0.09090909090909091,0.0,1,1,0.0,0.9090909090909091,normal_00069
2,0.045454545454545456,0.7414350355526825,1,1,0.0,0.9545454545454546,normal_00070
4,0.0008424599831508003,0.8768222208951695,1,1,0.0,0.9991575400168492,normal_00071
2,0.021141649048625793,0.9863247863247864,1,1,-0.8216893043870237,0.9090909090909091,normal_00072
5,0.041666666666666664,0.8398496240601504,1,1,0.0,0.9583333333333334,normal_00075
108,0.0011837099333056082,0.7576024188613941,1,1,-0.7356992609103007,1.3482456140350878,normal_00076
200,0.0009718172983479105,0.887610948226148,1,1,0.0,0.9990281827016521,normal_00077
1,0.03333333333333333,0.6,1,1,-0.42857142857142866,0.8,normal_00078
6,0.07692307692307693,0.0,1,1,0.0,0.9230769230769231,normal_00079
5,0.09090909090909091,0.0,1,1,0.0,0.9090909090909091,normal_00082
2,0.029411764705882353,0.9011936339522546,1,1,0.0,0.9705882352941176,normal_00083
4,0.04700854700854701,0.8530562871471962,1,1,-0.7534699029467046,1.2222222222222223,normal_00084
9,0.001075854555358845,0.8302156275097453,1,1,-0.47595312957484825,1.1285714285714286,normal_00086
95,0.001369200168714579,0.7789261802951509,1,1,-0.6087456706627878,1.3226473629782833,normal_00087
2,0.03306878306878307,0.922360248447205,1,1,0.0,0.8928571428571429,normal_00088
3,0.025525525525525526,0.9667613636363637,1,1,-0.6442660248317877,0.918918918918919,normal_00089
28,0.002158247329349991,0.5275924314267868,1,1,-0.21492926857996952,1.1330798479087452,normal_00090
2,0.024774774774774775,0.9,1,1,-0.7258205319240578,0.8918918918918919,normal_00091
5,0.09090909090909091,0.0,1,1,0.0,0.9090909090909091,normal_00093
3,0.047619047619047616,0.7324810606060606,1,1,0.0,0.9523809523809523,normal_00094
5,0.05238095238095238,0.8642857142857143,1,1,-0.5511782546095502,1.0476190476190477,normal_00095
67,0.0015854141894569957,0.7412340476303033,1,1,-0.5577337340831777,1.3317479191438764,normal_00096
11,0.0008389261744966443,0.8993466546893968,1,1,-0.12466218905952903,0.9991610738255033,normal_00097
2,0.028225806451612902,0.9794238683127572,1,1,0.0,0.875,normal_00098
1,0.024024024024024024,1.0,1,1,0.0,0.8648648648648649,normal_00099
5,0.04838709677419355,0.7899685324994923,1,1,-0.8428640625998098,1.4516129032258065,normal_00100
198,0.0009009314225556589,0.8801024782033908,1,1,-0.5895368859421672,1.1369754552652416,normal_00101
5,0.0008307471071729492,0.8875174470919158,1,1,-0.28369167998901984,1.0243111831442464,normal_00102
2,0.017543859649122806,0.9281860996146712,1,1,0.0,0.9824561403508771,normal_00104
200,0.0024937655860349127,0.0,1,1,0.0,0.9975062344139651,normal_00105
200,0.0024937655860349127,0.0,1,1,0.0,0.9975062344139651,normal_00107
2,0.031746031746031744,0.7729468599033816,1,1,0.0,0.8571428571428571,normal_00108
2,0.029411764705882353,0.9321597942287597,1,1,0.0,0.9705882352941176,normal_00109
3,0.05731225296442688,0.853339561672895,1,1,-0.5947032062668118,1.2608695652173914,normal_00110
1,0.024603174603174603,0.9354838709677419,1,1,-0.5801098072603784,0.8611111111111112,normal_00111
5,0.058823529411764705,0.6458333333333334,1,1,0.0,0.9411764705882353,normal_00112
5,0.029411764705882353,0.9262599469496021,1,1,-0.5299732735734697,0.9705882352941176,normal_00113
5,0.04497354497354497,0.8996018474279343,1,1,-0.6542638908031706,1.2142857142857142,normal_00116
3,0.03125,0.924290524290524,1,1,0.0,0.96875,normal_00117
172,0.00111922878604178,0.8581976796139634,1,1,-0.5609134455459366,1.1986940298507462,normal_00118
5,0.0625,0.5844155844155844,1,1,0.0,0.9375,normal_00119
2,0.054945054945054944,0.0,1,1,0.0,0.7142857142857143,normal_00120
4,0.04415954415954416,0.8201987406532861,1,1,-0.5852957888648557,1.1481481481481481,normal_00121
2,0.02857142857142857,0.9315795315795316,1,1,0.0,0.9714285714285714,normal_00122
5,0.09090909090909091,0.0,1,1,0.0,0.9090909090909091,normal_00123
4,0.05194805194805195,0.8835412953060012,1,1,-0.5691462380209354,1.0909090909090908,normal_00124
5,0.09090909090909091,0.0,1,1,0.0,0.9090909090909091,normal_00125
5,0.027777777777777776,0.9355816226783967,1,1,0.0,0.9722222222222222,normal_00126
3,0.043478260869565216,0.7844155844155843,1,1,0.0,0.9565217391304348,normal_00128
6,0.0007650855687807189,0.9081914398732581,1,1,0.0,0.9938461538461538,normal_00129
5,0.029411764705882353,0.9307210031347963,1,1,-0.5338235107969096,0.9705882352941176,normal_00132
5,0.039886039886039885,0.9074380165289256,1,1,-0.4296207525613605,1.037037037037037,normal_00134
5,0.09090909090909091,0.0,1,1,0.0,0.9090909090909091,normal_00135
9,0.0018483540205072855,0.4732348810609676,1,1,-0.0850289339536093,1.0055045871559634,normal_00136
5,0.0007686386019265479,0.9050898783899689,1,1,-0.0866574206503676,1.0007674597083653,normal_00137
5,0.030303030303030304,0.9251185322613894,1,1,0.0,0.9696969696969697,normal_00138
5,0.02631578947368421,0.9262443438914026,1,1,-0.6811873344686319,1.0,normal_00139
29,0.0022694046037858447,0.27850667850667854,1,1,-0.09133969578443682,1.037117903930131,normal_00141
7,0.0013090964551306131,0.7629633448627404,1,1,-0.3771667864580235,1.1009501187648456,normal_00142
3,0.001091422701592193,0.1870824053452116,1,1,0.0,0.7072419106317411,normal_00144
4,0.0374331550802139,0.851315238739174,1,1,-0.847561961583088,1.2352941176470589,normal_00145
158,0.0014764846120502817,0.7792765025152246,1,1,-0.3874461280334742,1.1339401820546164,normal_00146
2,0.024390243902439025,0.9414733414733413,1,1,0.0,0.975609756097561,normal_00147
3,0.05555555555555555,0.6239316239316239,1,1,0.0,0.9444444444444444,normal_00148
5,0.05952380952380952,0.8154310966810967,1,1,-0.594088525786005,1.1904761904761905,normal_00149
6,0.050724637681159424,0.6963064713064713,1,1,-0.5573901590601189,1.1666666666666667,normal_00150
27,0.005951773628541305,0.7299013415239556,1,1,-0.8059507455451688,1.440329218106996,normal_00151
2,0.02564102564102564,0.9388533035591858,1,1,0.0,0.9743589743589743,normal_00152
83,0.00209613885147793,0.6679915023606152,1,1,-0.44134711548509764,1.3163751987281398,normal_00153
5,0.0008319467554076539,0.8895215119766018,1,1,0.0,0.9991680532445923,normal_00154
26,0.0008720324131207772,0.8829646216238956,1,1,-0.35650384099440674,1.0385906040268456,normal_00156
1,0.022435897435897436,1.0,1,1,-0.6039921554331247,0.875,normal_00157
5,0.04,0.8930555555555555,1,1,-0.5423261445466404,0.96,normal_00158
5,0.09090909090909091,0.0,1,1,0.0,0.9090909090909091,normal_00159
5,0.0009442467378410439,0.8595664695664694,1,1,-0.373022156737417,1.0613333333333332,normal_00160
4,0.05627705627705628,0.8801120448179274,1,1,-0.5983443269942367,1.1818181818181819,normal_00162
199,0.0009043176066180637,0.8909485799864353,1,1,-0.33905564741915667,1.0399652476107732,normal_00163
5,0.03333333333333333,0.9374871794871795,1,1,0.0,0.9666666666666667,normal_00165
2,0.04,0.8123737373737374,1,1,0.0,0.96,normal_00166
4,0.051666666666666666,0.8659595959595962,1,1,-0.7323599047674136,1.24,normal_00167
124,0.0011931050294429965,0.7628160690943614,1,1,-0.7580661357441681,1.3732638888888888,normal_00168
5,0.09090909090909091,0.0,1,1,0.0,0.9090909090909091,normal_00169
4,0.05476190476190476,0.8234983766233765,1,1,-0.47923383829852306,1.0952380952380953,normal_00170
5,0.03125,0.8964459408903854,1,1,0.0,0.96875,normal_00171
5,0.03571428571428571,0.9088628762541806,1,1,0.0,0.9642857142857143,normal_00173
5,0.05,0.8063492063492063,1,1,1.8518163059930264e-08,0.95,normal_00174
181,0.0011105654818116572,0.8379425651978901,1,1,-0.6629781375490401,1.2771503040834058,normal_00175
1,0.047619047619047616,0.0,1,1,0.0,0.6666666666666666,normal_00176
5,0.0008029138201696419,0.896665795263927,1,1,-0.25986682580289583,1.0188976377952756,normal_00177
2,0.05263157894736842,0.6619047619047619,1,1,0.0,0.9473684210526315,normal_00179
5,0.05844155844155844,0.8611829347123464,1,1,-0.565685424949238,1.2272727272727273,normal_00181
5,0.09090909090909091,0.0,1,1,0.0,0.9090909090909091,normal_00183
6,0.019145569620253166,0.7155157379756312,1,1,-0.7739884821854978,1.5125,normal_00184
4,0.02857142857142857,0.7732884399551068,1,1,0.0,0.9714285714285714,normal_00185
5,0.09090909090909091,0.0,1,1,0.0,0.9090909090909091,normal_00186
1,0.022941970310391364,1.0,1,1,0.0,0.8717948717948718,normal_00187
120,0.0019823523068237324,0.6148512092572861,1,1,-0.24813285636849852,1.112099644128114,normal_00188
2,0.030303030303030304,0.9289472432329575,1,1,0.0,0.9696969696969697,normal_00189
188,0.0018856299425847687,0.543362435368249,1,1,-0.10743747629817176,1.0238970588235294,normal_00190
3,0.05555555555555555,0.6239316239316239,1,1,0.0,0.9444444444444444,normal_00191
2,0.03125,0.9232249232249231,1,1,0.0,0.96875,normal_00195
5,0.034274193548387094,0.893891293891294,1,1,-0.6194703811278598,1.0625,normal_00196
4,0.04415954415954416,0.9059097468188377,1,1,-0.6410969647692967,1.1481481481481481,normal_00197
2,0.023228803716608595,0.9464535464535465,1,1,0.0,0.9523809523809523,normal_00199
2,0.025,0.9393825222396649,1,1,0.0,0.975,normal_00200
5,0.030303030303030304,0.9255125826554398,1,1,0.0,0.9696969696969697,normal_00201
200,0.0024937655860349127,0.0,1,1,0.0,0.9975062344139651,normal_00205
2,0.022067363530778164,0.9852579852579852,1,1,-0.7574891725411785,0.9047619047619048,normal_00206
5,0.042735042735042736,0.7901056014692379,1,1,-0.6851190281271857,1.1111111111111112,normal_00207
5,0.03903903903903904,0.8273148315500292,1,1,-0.9518672557074273,1.4054054054054055,normal_00208
2,0.030303030303030304,0.9217171717171716,1,1,0.0,0.9696969696969697,normal_00209
3,0.006992337164750958,0.8925644603330551,1,1,-0.22868045880638252,1.006896551724138,normal_00210
5,0.047126436781609195,0.823733808674985,1,1,-0.8427294941641168,1.3666666666666667,normal_00211
2,0.043478260869565216,0.7972101972101971,1,1,0.0,0.9565217391304348,normal_00213
11,0.0008409148573706913,0.8978233390541088,1,1,-0.12213888855979403,0.9872340425531915,normal_00214
42,0.002188183807439825,0.2513820809540655,1,1,0.0,0.9978118161925602,normal_00215
5,0.04940711462450593,0.7946127946127945,1,1,-0.5648583465556599,1.0869565217391304,normal_00216
2,0.05,0.6848484848484849,1,1,-0.40599897147057473,0.95,normal_00217
3,0.045454545454545456,0.7683473389355742,1,1,0.0,0.9545454545454546,normal_00218
6,0.037037037037037035,0.8057513914656772,1,1,0.0,0.9629629629629629,normal_00219
1,0.0367965367965368,0.5294117647058824,1,1,0.0,0.7727272727272727,normal_00220
5,0.09090909090909091,0.0,1,1,0.0,0.9090909090909091,normal_00221
104,0.0015773309235222002,0.7532242925209675,1,1,-0.5992407193945248,1.402247191011236,normal_00222
5,0.045454545454545456,0.7955436720142602,1,1,0.0,0.9545454545454546,normal_00223
3,0.07692307692307693,0.3125,1,1,0.0,0.9230769230769231,normal_00224
200,0.0009216357352483624,0.8918739571938232,1,1,-0.12121351815097801,1.004582951420715,normal_00225
5,0.030303030303030304,0.9249567892425036,1,1,-0.5281135616320121,0.9696969696969697,normal_00226
5,0.038461538461538464,0.8945578231292517,1,1,0.0,0.9615384615384616,normal_00227
5,0.058823529411764705,0.6458333333333334,1,1,0.0,0.9411764705882353,normal_00228
5,0.04843304843304843,0.8477303000030273,1,1,-0.6596949055594205,1.2592592592592593,normal_00232
97,0.0012864178023030666,0.7829804316352131,1,1,-0.6091853786678476,1.2709807886754296,normal_00233
2,0.038461538461538464,0.8677489177489177,1,1,0.0,0.9615384615384616,normal_00234
5,0.09090909090909091,0.0,1,1,0.0,0.9090909090909091,normal_00235
3,0.03125,0.892854059520726,1,1,-0.5302328671847903,0.96875,normal_00237
5,0.05555555555555555,0.6752136752136753,1,1,0.0,0.9444444444444444,normal_00238
4,0.058333333333333334,0.6818181818181818,1,1,0.0,0.875,normal_00239
5,0.029411764705882353,0.9261581330546848,1,1,0.0,0.9705882352941176,normal_00240
2,0.034482758620689655,0.9079365079365078,1,1,0.0,0.9655172413793104,normal_00242
26,0.0012037633662279111,0.8078866996491518,1,1,-0.5036043209856494,1.1820956256358088,normal_00243
90,0.0023506254001318646,0.34075668087295974,1,1,-0.11711144026301117,1.074235807860262,normal_00244
2,0.030303030303030304,0.9283882783882783,1,1,0.0,0.9696969696969697,normal_00245
6,0.02564102564102564,0.9256268983541711,1,1,3.0357432009429764e-08,0.9743589743589743,normal_00248
198,0.0008451140033649848,0.8969605442358793,1,1,-0.39409973765800965,1.052166934189406,normal_00249
5,0.05,0.7493939393939395,1,1,0.0,0.95,normal_00250
2,0.04047619047619048,0.5625,1,1,-0.35805743701971665,0.8095238095238095,normal_00253
6,0.0011135857461024498,0.8159999821890942,1,1,0.0,0.9988864142538976,normal_00254
5,0.09090909090909091,0.0,1,1,0.0,0.9090909090909091,normal_00256
47,0.0014611442541393148,0.7369070091623502,1,1,-0.5960724103424647,1.3398692810457515,normal_00257
173,0.0018777171399500508,0.5940938565938564,1,1,-0.18829980728435702,1.068421052631579,normal_00258
5,0.09090909090909091,0.0,1,1,0.0,0.9090909090909091,normal_00259
5,0.035483870967741936,0.8931414739107046,1,1,-0.5460423940478071,1.064516129032258,normal_00261
24,0.001326330526479534,0.7560715659098223,1,1,-0.6076139547434218,1.3104145601617796,normal_00263
5,0.05731225296442688,0.857848324514991,1,1,-0.6249976675551627,1.2608695652173914,normal_00264
5,0.09090909090909091,0.0,1,1,0.0,0.9090909090909091,normal_00265
4,0.027564102564102563,0.9257770800627944,1,1,-0.8122336861618791,1.075,normal_00267
3,0.0625,0.5584415584415585,1,1,-0.30151134457776385,0.9375,normal_00268
2,0.02857142857142857,0.9303907203907203,1,1,0.0,0.9714285714285714,normal_00269
4,0.047692307692307694,0.8827149041434756,1,1,-0.5772750996650987,1.1923076923076923,normal_00270
5,0.058823529411764705,0.6458333333333334,1,1,0.0,0.9411764705882353,normal_00271
5,0.09090909090909091,0.0,1,1,0.0,0.9090909090909091,normal_00272
5,0.09090909090909091,0.0,1,1,0.0,0.9090909090909091,normal_00273
5,0.037298387096774195,0.9319994819994819,1,1,-0.6581028910471967,1.15625,normal_00274
5,0.0008012820512820513,0.8998162143200307,1,1,0.0,0.999198717948718,normal_00275
5,0.04597701149425287,0.8331868131868131,1,1,-0.8229288451065719,1.3333333333333333,normal_00276
20,0.0013315112652860998,0.7560430077516407,1,1,-0.09172336821195,1.0052910052910053,normal_00277
5,0.05555555555555555,0.6581196581196581,1,1,0.0,0.9444444444444444,normal_00279
5,0.09090909090909091,0.0,1,1,0.0,0.9090909090909091,normal_00280
200,0.002380952380952381,0.11151515151515153,1,1,0.0,0.9976190476190476,normal_00281
3,0.05555555555555555,0.6239316239316239,1,1,-0.35805743701971665,0.9444444444444444,normal_00283
3,0.014492753623188406,0.8488225225067331,1,1,0.0,0.9855072463768116,normal_00284
5,0.05194805194805195,0.7219708396178985,1,1,-0.45614599007897616,1.0909090909090908,normal_00285
200,0.0024937655860349127,0.0,1,1,0.0,0.9975062344139651,normal_00286
2,0.03225806451612903,0.8865578865578866,1,1,0.0,0.967741935483871,normal_00287
2,0.030303030303030304,0.9242527313955886,1,1,0.0,0.9696969696969697,normal_00288
10,0.037037037037037035,0.4411764705882353,1,1,0.0,0.9629629629629629,normal_00289
5,0.09090909090909091,0.0,1,1,0.0,0.9090909090909091,normal_00291
5,0.04153846153846154,0.8964678178963894,1,1,-0.5446914188068821,1.0384615384615385,normal_00292
200,0.0007861606180933912,0.9029534857906962,1,1,-0.0976700411740032,1.0015686274509803,normal_00293
17,0.001465460609429481,0.7394798135371948,1,1,-0.38205867560579154,1.1284046692607004,normal_00296
183,0.0012862854163045367,0.8042139226308582,1,1,-0.6768932954872692,1.344168260038241,normal_00297
184,0.0011148851148851148,0.8615622274798304,1,1,-0.4357503373886291,1.1148851148851149,normal_00298
5,0.06666666666666667,0.5333333333333333,1,1,0.0,0.9333333333333333,normal_00300
3,0.034482758620689655,0.8764730639730639,1,1,0.0,0.9655172413793104,normal_00301
4,0.04310344827586207,0.8149766899766898,1,1,-0.7043282544646575,1.206896551724138,normal_00303
5,0.04666666666666667,0.7877622377622379,1,1,-0.5427063241548785,1.12,normal_00304
2,0.038461538461538464,0.8217893217893218,1,1,0.0,0.9615384615384616,normal_00305
3,0.04743083003952569,0.8454064454064454,1,1,-0.5325242619376501,1.0434782608695652,normal_00306
2,0.04047619047619048,0.5625,1,1,0.0,0.8095238095238095,normal_00307
185,0.0009674271485295107,0.8774000540420042,1,1,-0.5147507559897408,1.1057692307692308,normal_00308
5,0.045454545454545456,0.8361344537815125,1,1,-0.4090479940519312,0.9545454545454546,normal_00310
2,0.03333333333333333,0.890989898989899,1,1,0.0,0.9666666666666667,normal_00311
3,0.03694581280788178,0.9079124579124579,1,1,-0.5043791670487495,1.0344827586206897,normal_00314
26,0.001245154218045098,0.7939736894282355,1,1,-0.583858828353276,1.2613412228796843,normal_00316
80,0.0023626823895020275,0.1881948298614966,1,1,-0.05668160021613644,1.023041474654378,normal_00317
5,0.04310344827586207,0.8732744107744107,1,1,-0.7317128341589594,1.206896551724138,normal_00318
1,0.0367965367965368,0.5294117647058824,1,1,0.0,0.7727272727272727,normal_00319
5,0.05,0.7851851851851852,1,1,-0.461538461538462,0.95,normal_00320
5,0.09090909090909091,0.0,1,1,0.0,0.9090909090909091,normal_00321
7,0.0010577687958205234,0.8374981880864235,1,1,-0.19953226782062078,1.0196891191709845,normal_00322
5,0.03571428571428571,0.9193236714975844,1,1,-0.43791756252522457,0.9642857142857143,normal_00324
3,0.038461538461538464,0.8935374149659863,1,1,0.0,0.9615384615384616,normal_00325
200,0.0007763975155279503,0.9077227766106446,1,1,0.0,0.9992236024844721,normal_00326
196,0.000911903841004433,0.892455183705184,1,1,-0.37470871177647785,1.056896551724138,normal_00327
90,0.0024271844660194173,0.05922431865828093,1,1,0.0,0.9975728155339806,normal_00328
5,0.09090909090909091,0.0,1,1,0.0,0.9090909090909091,normal_00330
2,0.027777777777777776,0.9340702308444243,1,1,0.0,0.9722222222222222,normal_00331
3,0.05263157894736842,0.7045918367346938,1,1,0.0,0.9473684210526315,normal_00332
2,0.027777777777777776,0.9315609122060733,1,1,0.0,0.9722222222222222,normal_00333
2,0.037037037037037035,0.8884297520661157,1,1,-0.5563486402641866,0.9629629629629629,normal_00334
4,0.041666666666666664,0.7906432748538013,1,1,0.0,0.9583333333333334,normal_00335
1,0.02795698924731183,0.8461538461538461,1,1,0.0,0.8387096774193549,normal_00336
12,0.012094064949608062,0.565630544319069,1,1,-0.2471146378987221,1.1368421052631579,normal_00338
3,0.05263157894736842,0.6452380952380953,1,1,0.0,0.9473684210526315,normal_00339
2,0.029411764705882353,0.9251935803659941,1,1,0.0,0.9705882352941176,normal_00340
20,0.000987296885887845,0.8458949288420765,1,1,-0.4835671124010567,1.107747105966162,normal_00342
5,0.047619047619047616,0.5163265306122449,1,1,0.0,0.9523809523809523,normal_00344
20,0.0014810936787529765,0.7489037870861239,1,1,-0.36117378330113303,1.138961038961039,normal_00345
3,0.06666666666666667,0.4666666666666666,1,1,0.0,0.9333333333333333,normal_00346
2,0.03225806451612903,0.9168831168831169,1,1,0.0,0.967741935483871,normal_00347
200,0.0021691973969631237,0.296855804901782,1,1,0.0,0.9978308026030369,normal_00348
9,0.0009999589158479181,0.8236567643994623,1,1,-0.5864767482925407,1.1669520547945205,normal_00349
3,0.043076923076923075,0.8135705564276993,1,1,-0.6035127523726591,1.0769230769230769,normal_00350
3,0.0625,0.5584415584415585,1,1,-0.30151134457776385,0.9375,normal_00351
2,0.026050420168067228,0.9829059829059829,1,1,0.0,0.8857142857142857,normal_00352
6,0.003193290243151739,0.6680154921331386,1,1,-0.3336576088250222,1.149584487534626,normal_00354
5,0.03832442067736185,0.8248880429914913,1,1,-0.836986961033331,1.2647058823529411,normal_00355
134,0.0014466546112115732,0.6713509627926934,1,1,-0.8537650472888858,1.5985533453887883,normal_00356
4,0.035483870967741936,0.9285159285159286,1,1,-0.6204904150879708,1.064516129032258,normal_00357
12,0.0009881012432865495,0.8637388872500532,1,1,0.0,0.9930417495029821,normal_00358
1,0.04411764705882353,0.3333333333333333,1,1,0.0,0.7058823529411765,normal_00359
181,0.0013946020062062495,0.7881717467038575,1,1,-0.2072789199754983,1.0375838926174497,normal_00361
5,0.09090909090909091,0.0,1,1,0.0,0.9090909090909091,normal_00362
200,0.0024937655860349127,0.0,1,1,0.0,0.9975062344139651,normal_00363
5,0.07692307692307693,0.4375,1,1,0.0,0.9230769230769231,normal_00364
1,0.03042328042328042,0.9130434782608695,1,1,2.812449427966925e-08,0.8214285714285714,normal_00366
3,0.04461538461538461,0.8658246515389374,1,1,-0.5458494140949359,1.1153846153846154,normal_00367
93,0.0014655373261083595,0.7685414035865944,1,1,-0.5788276480507285,1.308724832214765,normal_00368
2,0.037037037037037035,0.9028433687524597,1,1,0.0,0.9629629629629629,normal_00369
5,0.04,0.8605952380952381,1,1,0.0,0.96,normal_00370
5,0.0625,0.6103896103896104,1,1,0.0,0.9375,normal_00371
5,0.0008029598719247881,0.8973415265550096,1,1,-0.2506982168162421,1.0173501577287065,normal_00372
16,0.0008656796051754034,0.8804633590544646,1,1,-0.4213932333949542,1.059591836734694,normal_00373
200,0.00088261253309797,0.8923460069762323,1,1,0.0,0.999117387466902,normal_00374
5,0.09090909090909091,0.0,1,1,0.0,0.9090909090909091,normal_00375
5,0.05555555555555555,0.6752136752136753,1,1,0.0,0.9444444444444444,normal_00376
192,0.0010241839566538919,0.8815731622304895,1,1,-0.5690088647679516,1.1542553191489362,normal_00377
5,0.02631578947368421,0.9368106640833913,1,1,0.0,0.9736842105263158,normal_00378
2,0.03793103448275862,0.8656285936285936,1,1,-0.555060193506054,1.1,normal_00381
2,0.027777777777777776,0.9330819717916492,1,1,0.0,0.9722222222222222,normal_00383
6,0.0009992233268640606,0.8395715655668822,1,1,-0.33150150843639453,1.0521821631878558,normal_00384
5,0.09090909090909091,0.0,1,1,0.0,0.9090909090909091,normal_00387
3,0.029411764705882353,0.929302881027019,1,1,0.0,0.9705882352941176,normal_00388
3,0.045454545454545456,0.7625668449197862,1,1,-0.37158405865117344,0.9545454545454546,normal_00390
5,0.03125,0.9231681898348564,1,1,0.0,0.96875,normal_00391
2,0.038461538461538464,0.8217893217893218,1,1,0.0,0.9615384615384616,normal_00392
5,0.04,0.8555555555555557,1,1,0.0,0.96,normal_00393
2,0.027462121212121212,0.9805194805194805,1,1,0.0,0.8787878787878788,normal_00394
13,0.0012815144709629122,0.7983394857262911,1,1,-0.5557794227527976,1.2456320657759508,normal_00395
25,0.015873015873015872,0.3943191311612364,1,1,0.0,0.9841269841269841,normal_00396
2,0.034482758620689655,0.9070105820105819,1,1,0.0,0.9655172413793104,normal_00397
200,0.0007836790478633954,0.9031638875129181,1,1,-0.1404460644405847,1.004676539360873,normal_00398
9,0.0008099877967703543,0.8966107443508575,1,1,-0.2953204017702366,1.0213946117274169,normal_00399
21,0.0009514445324958665,0.8706912091823988,1,1,-0.3528630801752691,1.0532490974729243,normal_00400
5,0.02857142857142857,0.927169127169127,1,1,0.0,0.9714285714285714,normal_00401
1,0.03230769230769231,0.8095238095238095,1,1,0.0,0.8076923076923077,normal_00402
5,0.05555555555555555,0.7637362637362638,1,1,0.0,0.9444444444444444,normal_00404
186,0.0010462592845355836,0.8715972707766373,1,1,-0.45415204911180884,1.100664767331434,normal_00405
5,0.09090909090909091,0.0,1,1,0.0,0.9090909090909091,normal_00406
5,0.04597701149425287,0.8167849927849926,1,1,-0.8441358457394512,1.3333333333333333,normal_00407
3,0.06862745098039216,0.7760683760683761,1,1,-0.47605555892577917,1.1666666666666667,normal_00408
4,0.07142857142857142,0.4222222222222223,1,1,0.0,0.9285714285714286,normal_00411
4,0.05,0.7042424242424243,1,1,0.0,0.95,normal_00412
5,0.04482758620689655,0.8091328671328669,1,1,-0.7853959782134767,1.3,normal_00413
2,0.029411764705882353,0.9043538836642285,1,1,0.0,0.9705882352941176,normal_00414
150,0.0013184876815138615,0.7135417960045304,1,1,-0.8300555917528314,1.5004389815627743,normal_00415
4,0.03397435897435897,0.8198860167610167,1,1,-0.6748862482132376,1.325,normal_00416
4,0.042328042328042326,0.913149652280087,1,1,-0.6363961030678927,1.1428571428571428,normal_00417
2,0.023809523809523808,0.9440874440874442,1,1,0.0,0.9761904761904762,normal_00418
1,0.03230769230769231,0.7142857142857143,1,1,0.0,0.8076923076923077,normal_00419
5,0.0009351529400126439,0.8657671101700956,1,1,-0.38697372836100496,1.063268892794376,normal_00420
2,0.02418207681365576,0.9834710743801652,1,1,-0.6222222222222228,0.8947368421052632,normal_00421
2,0.03078817733990148,0.8541666666666666,1,1,0.0,0.8620689655172413,normal_00422
1,0.047619047619047616,0.0,1,1,0.0,0.6666666666666666,normal_00423
5,0.0008163200398618617,0.8955977506997914,1,1,-0.1102033311193019,1.0024410089503661,normal_00424
5,0.058823529411764705,0.625,1,1,0.0,0.9411764705882353,normal_00428
1,0.047619047619047616,0.0,1,1,0.0,0.6666666666666666,normal_00429
5,0.09090909090909091,0.0,1,1,0.0,0.9090909090909091,normal_00430
66,0.0014715962342803587,0.7635928828653287,1,1,-0.5120075148329718,1.243498817966903,normal_00431
5,0.09090909090909091,0.0,1,1,0.0,0.9090909090909091,normal_00432
122,0.0023923169156982106,0.08090117767537124,1,1,-0.01924912703222636,0.9952038369304557,normal_00434
74,0.002371963886225631,0.2863194344396906,1,1,-0.10244582510324446,1.0602678571428572,normal_00435
2,0.03125,0.9192782526115858,1,1,0.0,0.96875,normal_00436
5,0.04,0.8122222222222222,1,1,-0.45614599007897616,0.96,normal_00437
5,0.09090909090909091,0.0,1,1,0.0,0.9090909090909091,normal_00438
200,0.0008503992808351761,0.8967830130148966,1,1,-0.37301644017659186,1.0493927125506073,normal_00439
2,0.034482758620689655,0.912878787878788,1,1,0.0,0.9655172413793104,normal_00440
5,0.03333333333333333,0.9136017316017315,1,1,0.0,0.9666666666666667,normal_00442
5,0.038177339901477834,0.8985870610870611,1,1,-0.5288750028103588,1.0689655172413792,normal_00443
1,0.021040974529346623,1.0,1,1,0.0,0.8837209302325582,normal_00444
5,0.038461538461538464,0.9088641517212946,1,1,0.0,0.9615384615384616,normal_00445
3,0.03003003003003003,0.8678825308033901,1,1,-0.7465192991876013,1.0810810810810811,normal_00446
157,0.0012125424776027185,0.8193418973332071,1,1,-0.6560753175008952,1.3083333333333333,normal_00447
5,0.09090909090909091,0.0,1,1,0.0,0.9090909090909091,normal_00449
3,0.0625,0.5584415584415585,1,1,0.0,0.9375,normal_00450
2,0.027777777777777776,0.9302704463994785,1,1,0.0,0.9722222222222222,normal_00451
5,0.04133064516129032,0.8327770994437663,1,1,-0.8863043943324609,1.28125,normal_00452
4,0.0021413276231263384,0.9098894108969673,1,1,0.0,0.9978586723768736,normal_00453
4,0.002898550724637681,0.8459810874704493,1,1,0.0,0.9971014492753624,normal_00454
5,0.05263157894736842,0.7678571428571429,1,1,0.0,0.9473684210526315,normal_00455
5,0.03225806451612903,0.9174436674436675,1,1,0.0,0.967741935483871,normal_00457
199,0.0009239249585016756,0.8974631183056904,1,1,-0.2399609578877605,1.0172413793103448,normal_00458
5,0.037037037037037035,0.9003968253968253,1,1,0.0,0.9629629629629629,normal_00459
3,0.047619047619047616,0.7977678571428571,1,1,0.0,0.9523809523809523,normal_00460
5,0.043478260869565216,0.8851851851851852,1,1,0.0,0.9565217391304348,normal_00461
1,0.03230769230769231,0.7142857142857143,1,1,0.0,0.8076923076923077,normal_00462
164,0.0009896690952563554,0.901376561226792,1,1,-0.2593003778355557,1.0203488372093024,normal_00464
5,0.09090909090909091,0.0,1,1,0.0,0.9090909090909091,normal_00465
68,0.002398081534772182,0.07796629893404088,1,1,0.0,0.9976019184652278,normal_00467
85,0.0019413537320352341,0.6776121157625674,1,1,-0.5585966703340511,1.3958333333333333,normal_00468
2,0.0457516339869281,0.4358974358974359,1,1,0.0,0.7777777777777778,normal_00469
6,0.02536997885835095,0.6883075258075259,1,1,-0.33911943272805856,1.0909090909090908,normal_00470
5,0.04,0.8122435897435898,1,1,0.0,0.96,normal_00471
5,0.0374331550802139,0.8505048703831666,1,1,-0.7867842140564497,1.2352941176470589,normal_00472
5,0.07692307692307693,0.4375,1,1,0.0,0.9230769230769231,normal_00473
5,0.09090909090909091,0.0,1,1,0.0,0.9090909090909091,normal_00474
3,0.06666666666666667,0.4666666666666666,1,1,0.0,0.9333333333333333,normal_00475
5,0.0625,0.5844155844155844,1,1,0.0,0.9375,normal_00477
3,0.0641025641025641,0.0,1,1,0.0,0.7692307692307693,normal_00479
7,0.042735042735042736,0.7718045112781954,1,1,-0.3545462930345102,1.1111111111111112,normal_00481
126,0.0013522605251315503,0.7856811081075781,1,1,-0.5926203642157218,1.280590717299578,normal_00482
3,0.029411764705882353,0.9310275930965585,1,1,0.0,0.9705882352941176,normal_00483
3,0.03125,0.9197263641708086,1,1,-0.529309502464597,0.96875,normal_00485
5,0.025,0.9392207792207791,1,1,0.0,0.975,normal_00486
4,0.041005291005291,0.8311939268461009,1,1,-0.6248192335464722,1.1071428571428572,normal_00487
3,0.03201970443349754,0.8707912457912457,1,1,-0.545828789512167,0.896551724137931,normal_00488
1,0.04093567251461988,0.42857142857142855,1,1,0.0,0.7368421052631579,normal_00489
6,0.0009523706550904527,0.8618582302423055,1,1,-0.10113350821718826,1.0028462998102468,normal_00490
61,0.0017538179267173925,0.6714370942529858,1,1,-0.3101710923097751,1.1189358372456963,normal_00495
34,0.0021004613283162805,0.36594269491795983,1,1,-0.06264443364068924,1.0124223602484472,normal_00496
2,0.04,0.8132478632478632,1,1,0.0,0.96,normal_00497
1,0.0367965367965368,0.6470588235294118,1,1,0.0,0.7727272727272727,normal_00498
6,0.000766829978576501,0.9107453530741203,1,1,0.0,0.9922779922779923,normal_00499
200,0.0024390243902439024,0.059682539682539684,1,1,0.0,0.9975609756097561,normal_00500
14,0.0012690355329949238,0.7477607992914119,1,1,0.0,0.998730964467005,normal_00501
1,0.01942645698427382,1.0,1,1,-0.829369208955349,0.8936170212765957,normal_00503
7,0.03333333333333333,0.7971014492753624,1,1,0.0,0.9666666666666667,normal_00504
2,0.029411764705882353,0.9308576480990274,1,1,0.0,0.9705882352941176,normal_00506
10,0.03125,0.6313131313131314,1,1,0.0,0.96875,normal_00507
5,0.09090909090909091,0.0,1,1,0.0,0.9090909090909091,normal_00508
200,0.0007703907107191682,0.9052112645241038,1,1,-0.1538232388767284,1.0053598774885146,normal_00509
5,0.09090909090909091,0.0,1,1,0.0,0.9090909090909091,normal_00510
5,0.036541889483065956,0.9145595783526815,1,1,-0.8554260899327362,1.2058823529411764,normal_00511
2,0.054945054945054944,0.0,1,1,0.0,0.7142857142857143,normal_00512
5,0.09090909090909091,0.0,1,1,0.0,0.9090909090909091,normal_00513
40,0.0013494048282751512,0.7785402417516248,1,1,-0.55425458087517,1.2643923240938166,normal_00514
5,0.058823529411764705,0.6458333333333334,1,1,0.0,0.9411764705882353,normal_00515
4,0.05731225296442688,0.8413142413142413,1,1,-0.6373925505983468,1.2608695652173914,normal_00516
13,0.0008847938910354603,0.889361959393673,1,1,-0.20597740067057105,1.013089005235602,normal_00517
5,0.09090909090909091,0.0,1,1,0.0,0.9090909090909091,normal_00518
4,0.05,0.7699999999999999,1,1,-0.39440531887330754,0.95,normal_00519
4,0.05847953216374269,0.7346474953617811,1,1,-0.4988942116946687,1.0526315789473684,normal_00520
6,0.0008018038704917354,0.9003593197854726,1,1,-0.21117318234754737,1.01187648456057,normal_00521
5,0.03571428571428571,0.9079616036137775,1,1,-0.5647156526044596,0.9642857142857143,normal_00522
5,0.09090909090909091,0.0,1,1,0.0,0.9090909090909091,normal_00523
10,0.0014204545454545455,0.6695315597101311,1,1,1.5649215442128956e-08,0.9985795454545454,normal_00525
5,0.09090909090909091,0.0,1,1,0.0,0.9090909090909091,normal_00526
7,0.0272895467160037,0.8562354312354312,1,1,-0.8202019814778485,1.2553191489361701,normal_00527
187,0.0024509803921568627,0.03365384615384615,1,1,0.0,0.9975490196078431,normal_00528
199,0.000819123899766321,0.8961346306050588,1,1,-0.44502607920076986,1.0624036979969183,normal_00529
200,0.0010416666666666667,0.8774834522202947,1,1,0.0,0.9989583333333333,normal_00532
5,0.0007973933056486716,0.8990440389031936,1,1,-0.1745646737554923,1.007905138339921,normal_00533
3,0.0641025641025641,0.0,1,1,0.0,0.7692307692307693,normal_00534
5,0.09090909090909091,0.0,1,1,0.0,0.9090909090909091,normal_00535
5,0.041666666666666664,0.881954887218045,1,1,0.0,0.9583333333333334,normal_00536
2,0.029411764705882353,0.9260831122900086,1,1,0.0,0.9705882352941176,normal_00537
2,0.03571428571428571,0.8361001317523058,1,1,0.0,0.9642857142857143,normal_00538
4,0.020390070921985817,0.96295643481006,1,1,-0.9265347601899753,0.9583333333333334,normal_00539
47,0.0022624434389140274,0.19294479625058142,1,1,0.0,0.997737556561086,normal_00541
1,0.02061310782241015,1.0,1,1,-0.715989995692675,0.8863636363636364,normal_00543
5,0.058823529411764705,0.7361111111111112,1,1,-0.32387513781564786,0.9411764705882353,normal_00545
1,0.0380952380952381,0.5,1,1,0.0,0.7619047619047619,normal_00546
5,0.05555555555555555,0.6581196581196581,1,1,0.0,0.9444444444444444,normal_00547
3,0.04,0.9057142857142857,1,1,0.0,0.96,normal_00548
5,0.09090909090909091,0.0,1,1,0.0,0.9090909090909091,normal_00549
3,0.02631578947368421,0.9349741167922985,1,1,-0.6475811891645339,0.9736842105263158,normal_00550
3,0.04064039408866995,0.8577762515262514,1,1,-0.6089648126888653,1.1379310344827587,normal_00552
9,0.0008083266613290633,0.8987481671767381,1,1,-0.21088492588617533,1.0096,normal_00554
5,0.03078078078078078,0.9142156862745097,1,1,-0.6520969110381712,1.1081081081081081,normal_00556
3,0.0641025641025641,0.0,1,1,0.0,0.7692307692307693,normal_00557
5,0.05555555555555555,0.6752136752136753,1,1,0.0,0.9444444444444444,normal_00558
2,0.041666666666666664,0.8078833447254499,1,1,0.0,0.9583333333333334,normal_00559
4,0.043010752688172046,0.8087681549220012,1,1,-0.8242757612765955,1.2903225806451613,normal_00560
47,0.0022512666413824624,0.2756798101286291,1,1,-0.07319816672873328,1.0198237885462555,normal_00561
5,0.024390243902439025,0.9315315315315313,1,1,-0.7335589665259401,1.0,normal_00562
3,0.013513513513513514,0.8872979171366268,1,1,0.0,0.9864864864864865,normal_00564
1,0.02721774193548387,0.9259259259259259,1,1,-0.5732135034346397,0.84375,normal_00565
1,0.023470839260312945,1.0,1,1,-0.5513288802326056,0.868421052631579,normal_00567
14,0.0014743183259353203,0.6535664335664335,1,1,0.0,0.9789473684210527,normal_00568
35,0.0014192255016146546,0.6433451610448214,1,1,-0.8564127553085407,1.598047914818101,normal_00570
5,0.09090909090909091,0.0,1,1,0.0,0.9090909090909091,normal_00572
149,0.0014974445071112218,0.7483655067843495,1,1,-0.7137330646042792,1.4315569487983282,normal_00573
5,0.024390243902439025,0.9409090909090909,1,1,0.0,0.975609756097561,normal_00574
5,0.025,0.9437229437229437,1,1,0.0,0.975,normal_00575
4,0.03763440860215054,0.8782012858935937,1,1,-0.6245905712692529,1.1290322580645162,normal_00578
5,0.06666666666666667,0.5333333333333333,1,1,0.0,0.9333333333333333,normal_00579
181,0.0012717361382409327,0.7896371643019963,1,1,-0.7393900289678124,1.4001814882032668,normal_00580
2,0.035,0.75,1,1,-0.43852900965351443,0.84,normal_00581
5,0.04597701149425287,0.8413434343434344,1,1,-0.8105967375089631,1.3333333333333333,normal_00582
2,0.04047619047619048,0.5486111111111112,1,1,0.0,0.8095238095238095,normal_00586
3,0.012195121951219513,0.8603871253124983,1,1,0.0,0.9878048780487805,normal_00589
5,0.09090909090909091,0.0,1,1,0.0,0.9090909090909091,normal_00590
5,0.09090909090909091,0.0,1,1,0.0,0.9090909090909091,normal_00591
5,0.05952380952380952,0.9136904761904763,1,1,-0.5243788202755696,1.1904761904761905,normal_00594
3,0.037037037037037035,0.8681818181818183,1,1,0.0,0.9629629629629629,normal_00595
3,0.045454545454545456,0.7626050420168068,1,1,3.0095685652764587e-08,0.9545454545454546,normal_00597
5,0.03225806451612903,0.8902097902097903,1,1,0.0,0.967741935483871,normal_00598
8,0.025,0.9101686507936508,1,1,0.0,0.975,normal_00599
4,0.03409090909090909,0.9028067170924314,1,1,-0.6376171154427164,1.0909090909090908,normal_00600
53,0.0013791909885733332,0.7691863619597988,1,1,-0.6057832982252409,1.3336776859504131,normal_00601
5,0.025,0.9395937395937397,1,1,0.0,0.975,normal_00602
5,0.036290322580645164,0.9172124172124172,1,1,-0.6308205731624142,1.125,normal_00603
4,0.03125,0.9215833549166882,1,1,-0.6303089364131992,0.96875,normal_00608
2,0.036231884057971016,0.8270676691729323,1,1,0.0,0.8333333333333334,normal_00609
84,0.0020689504181688146,0.5050626439242992,1,1,-0.19729248851844286,1.08206106870229,normal_00610
1,0.047619047619047616,0.0,1,1,0.0,0.6666666666666666,normal_00611
5,0.02702702702702703,0.9355405011655011,1,1,0.0,0.972972972972973,normal_00612
5,0.03333333333333333,0.9306433566433566,1,1,0.0,0.9666666666666667,normal_00613
5,0.09090909090909091,0.0,1,1,0.0,0.9090909090909091,normal_00614
55,0.0010616253171641086,0.8233454437875628,1,1,-0.6256767800949443,1.0913508260447036,normal_00615
3,0.05476190476190476,0.8305059523809523,1,1,-0.49836333439760155,1.0952380952380953,normal_00616
109,0.00183130832893115,0.6792022328701729,1,1,-0.3438325317740239,1.1537242472266245,normal_00618
2,0.03125,0.9252525252525252,1,1,0.0,0.96875,normal_00619
4,0.028528528528528527,0.9226200882450882,1,1,-0.6930093926214788,1.027027027027027,normal_00620
1,0.03042328042328042,0.8260869565217391,1,1,0.0,0.8214285714285714,normal_00621
200,0.0008901449534879798,0.8856949095715055,1,1,-0.5206101292589255,1.104669887278583,normal_00622
5,0.0026246719160104987,0.8542708743689135,1,1,0.0,0.9973753280839895,normal_00623
3,0.05555555555555555,0.6239316239316239,1,1,-0.35805743701971665,0.9444444444444444,normal_00624
200,0.0008833908510283915,0.8969931448518182,1,1,-0.08047470331689509,1.0008818342151675,normal_00625
2,0.037549407114624504,0.748015873015873,1,1,0.0,0.8260869565217391,normal_00626
47,0.0023584645125655896,0.12852928782132328,1,1,-0.02301346391830318,1.0023474178403755,normal_00627
55,0.002370178840767076,0.2518024040994386,1,1,-0.08611824176183919,1.0452488687782806,normal_00628
195,0.0012661853152650699,0.822031852519658,1,1,-0.20317423490586822,1.030674846625767,normal_00629
5,0.09090909090909091,0.0,1,1,0.0,0.9090909090909091,normal_00630
5,0.03787878787878788,0.9147359992948229,1,1,-0.7833183539271807,1.2121212121212122,normal_00631
5,0.03903903903903904,0.828864109746463,1,1,-0.9338883092798158,1.4054054054054055,normal_00632
200,0.0021321961620469083,0.3298374075325747,1,1,0.0,0.997867803837953,normal_00634
5,0.09090909090909091,0.0,1,1,0.0,0.9090909090909091,normal_00635
1,0.03042328042328042,0.8260869565217391,1,1,0.0,0.8214285714285714,normal_00636
5,0.07142857142857142,0.4666666666666667,1,1,0.0,0.9285714285714286,normal_00637
3,0.02702702702702703,0.9349116161616161,1,1,0.0,0.972972972972973,normal_00638
5,0.037037037037037035,0.9151416765053129,1,1,0.0,0.9629629629629629,normal_00639
3,0.04891304347826087,0.7518282886703939,1,1,-0.5874223612059462,1.125,normal_00640
2,0.03125,0.8974860530416086,1,1,0.0,0.96875,normal_00641
4,0.043076923076923075,0.8325272610986897,1,1,-0.5978740604215989,1.0769230769230769,normal_00642
11,0.0010940919037199124,0.8180110505740762,1,1,0.0,0.9989059080962801,normal_00643
10,0.030303030303030304,0.5440771349862259,1,1,0.0,0.9696969696969697,normal_00645
3,0.05627705627705628,0.7394957983193278,1,1,-0.553446041641282,1.1818181818181819,normal_00646
90,0.0020644841628258657,0.6595057006042223,1,1,-0.41663087780355357,1.2841091492776886,normal_00647
9,0.000800634318977354,0.9000155516885917,1,1,0.0,0.9967897271268058,normal_00648
16,0.0016370202855503426,0.6936496666918892,1,1,-0.3188610520119428,1.1262699564586358,normal_00649
5,0.009357500736811082,0.7161083881159122,1,1,-0.359044646865678,1.0854700854700854,normal_00650
1,0.020202020202020204,1.0,1,1,-0.7808154854246692,0.8888888888888888,normal_00651
3,0.04528985507246377,0.8302232854864432,1,1,-0.4152997322366331,1.0416666666666667,normal_00652
1,0.047619047619047616,0.0,1,1,0.0,0.6666666666666666,normal_00653
3,0.04,0.827894327894328,1,1,0.0,0.96,normal_00654
97,0.0013393553668435588,0.7757732087392044,1,1,-0.6264359120140496,1.3299798792756539,normal_00655
15,0.0008450343115324946,0.8814482654008438,1,1,-0.38376133776297866,1.0444624090541632,normal_00656
5,0.03125,0.9245791245791245,1,1,-0.5282705437953739,0.96875,normal_00659
5,0.03655913978494624,0.9189199689199689,1,1,-0.7657495820340253,1.096774193548387,normal_00661
3,0.041666666666666664,0.7789473684210527,1,1,0.0,0.9583333333333334,normal_00662
171,0.0013348801116188655,0.74351117513082,1,1,-0.8092575610726409,1.5070796460176992,normal_00663
2,0.02159468438538206,0.9859649122807018,1,1,0.0,0.9069767441860465,normal_00664
17,0.0014057469353205255,0.7302011645761644,1,1,-0.15754888623875823,1.021978021978022,normal_00666
5,0.040998217468805706,0.8322596943286599,1,1,-0.8965312793702713,1.3529411764705883,normal_00668
2,0.04,0.8632575757575758,1,1,0.0,0.96,normal_00669
3,0.030303030303030304,0.9271645021645022,1,1,-0.5183250804400067,0.9696969696969697,normal_00670
2,0.023616734143049933,0.9843137254901961,1,1,0.0,0.8974358974358975,normal_00671
4,0.05,0.7586746586746587,1,1,-0.7120050421760097,1.2,normal_00672
197,0.0008962242343788182,0.8884968700092296,1,1,-0.5179217365901196,1.1023558082859464,normal_00673
3,0.030303030303030304,0.9248067408781694,1,1,0.0,0.9696969696969697,normal_00674
5,0.034482758620689655,0.8772644022644022,1,1,0.0,0.9655172413793104,normal_00675
5,0.03571428571428571,0.9184453227931489,1,1,0.0,0.9642857142857143,normal_00676
5,0.041379310344827586,0.8915555555555557,1,1,-0.7037281994703113,1.2,normal_00678
1,0.024024024024024024,0.9375,1,1,0.0,0.8648648648648649,normal_00679
2,0.04047619047619048,0.5625,1,1,0.0,0.8095238095238095,normal_00680
3,0.02857142857142857,0.9353535353535353,1,1,0.0,0.9714285714285714,normal_00681
5,0.09090909090909091,0.0,1,1,0.0,0.9090909090909091,normal_00682
5,0.03650793650793651,0.8408023507169619,1,1,-0.8633091245083695,1.2777777777777777,normal_00683
5,0.05253623188405797,0.7734107997265893,1,1,-0.80212413251407,1.2083333333333333,normal_00684
12,0.001137433125474979,0.8291310214210595,1,1,-0.16120549135323958,1.0134529147982063,normal_00685
5,0.029411764705882353,0.9282828282828283,1,1,0.0,0.9705882352941176,normal_00686
5,0.04415954415954416,0.9035025580480127,1,1,-0.6124216451052941,1.1481481481481481,normal_00687
2,0.03125,0.894668911335578,1,1,0.0,0.96875,normal_00688
3,0.045454545454545456,0.7703081232492996,1,1,3.177265743584335e-08,0.9545454545454546,normal_00690
3,0.042735042735042736,0.8279155188246097,1,1,-0.6230044119040085,1.1111111111111112,normal_00692
4,0.06209150326797386,0.7726495726495727,1,1,-0.36927447293799787,1.0555555555555556,normal_00693
5,0.038461538461538464,0.8947845804988662,1,1,0.0,0.9615384615384616,normal_00694
183,0.001272264631043257,0.731282543721154,1,1,-0.8418545628911722,1.4987277353689568,normal_00695
3,0.043478260869565216,0.8238095238095239,1,1,0.0,0.9565217391304348,normal_00696
5,0.09090909090909091,0.0,1,1,0.0,0.9090909090909091,normal_00699
5,0.045454545454545456,0.8272727272727272,1,1,0.0,0.9545454545454546,normal_00700
5,0.03314393939393939,0.8978640407211836,1,1,-0.7198948516096314,1.0606060606060606,normal_00701
165,0.0012261831890479106,0.839247888724612,1,1,-0.5674862926926436,1.2433497536945812,normal_00703
4,0.043478260869565216,0.7634649301315968,1,1,-0.46291004988627565,0.9565217391304348,normal_00705
5,0.047619047619047616,0.7637310606060606,1,1,0.0,0.9523809523809523,normal_00706
2,0.03571428571428571,0.875233462189984,1,1,0.0,0.9642857142857143,normal_00708
180,0.0010252631743966388,0.8664652074329486,1,1,-0.539779644994339,1.1575221238938054,normal_00709
5,0.034482758620689655,0.8760521885521886,1,1,0.0,0.9655172413793104,normal_00710
30,0.001711658841940532,0.6886350659144774,1,1,-0.2704949139080684,1.09375,normal_00711
5,0.034482758620689655,0.9309371184371185,1,1,0.0,0.9655172413793104,normal_00712
1,0.047619047619047616,0.0,1,1,0.0,0.6666666666666666,normal_00713
3,0.0641025641025641,0.0,1,1,0.0,0.7692307692307693,normal_00714
12,0.0012892726177518045,0.7291885110477171,1,1,-0.1077595078864174,0.9708222811671088,normal_00715
3,0.03528225806451613,0.9198864921087141,1,1,-0.5879447357921311,1.09375,normal_00717
65,0.0022172949002217295,0.23884145955859112,1,1,-0.058215921230679896,0.9977827050997783,normal_00719
3,0.03333333333333333,0.8838787878787877,1,1,0.0,0.9666666666666667,normal_00720
2,0.03225806451612903,0.8883040036886191,1,1,0.0,0.967741935483871,normal_00721
169,0.0013320819460066096,0.8179489154387571,1,1,-0.5066311647228051,1.1948775055679288,normal_00723
5,0.027777777777777776,0.9317070026747446,1,1,0.0,0.9722222222222222,normal_00724
1,0.028735632183908046,1.0,1,1,-0.5399055247990173,0.8333333333333334,normal_00725
27,0.001978667085986844,0.5589308393840968,1,1,-0.21680189818527953,1.092224231464738,normal_00726
1,0.03230769230769231,0.8095238095238095,1,1,0.0,0.8076923076923077,normal_00727
6,0.0013610733035193468,0.0773876404494382,1,1,-0.027457495707904647,0.7553956834532374,normal_00728
12,0.001187379191070676,0.7927276955848389,1,1,0.0,0.9843373493975903,normal_00729
5,0.045584045584045586,0.9156040928768202,1,1,-0.6,1.1851851851851851,normal_00730
8,0.0007710100231303007,0.9051825325049369,1,1,-0.09876481336429352,1.0,normal_00731
55,0.0014574859068820663,0.6625355037712928,1,1,-0.8180490312435056,1.5565949485500468,normal_00733
20,0.0009267745684865924,0.8821258771428654,1,1,-0.15772929205784247,1.002770083102493,normal_00734
5,0.04710144927536232,0.8765664160401002,1,1,-0.5874164884774041,1.0833333333333333,normal_00735
5,0.027777777777777776,0.9484993501122534,1,1,0.0,0.9722222222222222,normal_00736
5,0.047692307692307694,0.8987906273620558,1,1,-0.6410969647692967,1.1923076923076923,normal_00737
2,0.043478260869565216,0.7901234567901234,1,1,0.0,0.9565217391304348,normal_00738
1,0.034420289855072464,0.6842105263157895,1,1,-0.36927447293799803,0.7916666666666666,normal_00739
4,0.0625,0.5584415584415585,1,1,0.0,0.9375,normal_00741
5,0.09090909090909091,0.0,1,1,0.0,0.9090909090909091,normal_00742
57,0.0016086657206681933,0.6859267359429317,1,1,-0.2821661846409182,1.0504587155963303,normal_00743
5,0.09090909090909091,0.0,1,1,0.0,0.9090909090909091,normal_00744
5,0.041666666666666664,0.8645170618854829,1,1,0.0,0.9583333333333334,normal_00745
1,0.02195121951219512,0.8888888888888888,1,1,-0.746277415586021,0.8780487804878049,normal_00747
196,0.0009676145339652448,0.8855004873112347,1,1,-0.2227674437899904,1.0208333333333333,normal_00749
25,0.0013324332577912788,0.6997574517879187,1,1,-0.7923343376678833,1.485663082437276,normal_00750
5,0.03908045977011494,0.9174545454545453,1,1,-0.594294435968718,1.1333333333333333,normal_00751
5,0.038461538461538464,0.8118269530034238,1,1,-0.48959966842856956,0.9615384615384616,normal_00752
5,0.05076923076923077,0.8051049479620909,1,1,-0.7737272867590964,1.2692307692307692,normal_00753
5,0.05555555555555555,0.6752136752136753,1,1,0.0,0.9444444444444444,normal_00754
4,0.035650623885918005,0.9083835704525359,1,1,-0.7258430614527008,1.1764705882352942,normal_00755
5,0.027777777777777776,0.935904955259794,1,1,1.820743903232912e-08,0.9722222222222222,normal_00756
9,0.001490080568309798,0.6720192192067193,1,1,-0.11705631497123788,1.011764705882353,normal_00757
1,0.024603174603174603,1.0,1,1,0.0,0.8611111111111112,normal_00758
22,0.007594316511513963,0.53906430497607,1,1,-0.3011840264180663,1.1847133757961783,normal_00759
1,0.024603174603174603,1.0,1,1,0.0,0.8611111111111112,normal_00760
2,0.054945054945054944,0.0,1,1,0.0,0.7142857142857143,normal_00761
22,0.0013276098597158916,0.7602462467619648,1,1,-0.17006654390432258,1.0169491525423728,normal_00762
146,0.0012139109279091084,0.8035984706514662,1,1,-0.6613682002362054,1.3183072677092915,normal_00763
3,0.058823529411764705,0.5833333333333334,1,1,-0.3333333333333333,0.9411764705882353,normal_00764
12,0.0012024821045705663,0.7920415531392612,1,1,-0.57042261522713,1.2361516034985423,normal_00765
2,0.054945054945054944,0.0,1,1,0.0,0.7142857142857143,normal_00766
2,0.02631578947368421,0.9353414262505171,1,1,0.0,0.9736842105263158,normal_00767
3,0.022727272727272728,0.9570557647480725,1,1,-0.9023947798488704,0.9772727272727273,normal_00769
19,0.0012376199850447894,0.763301015923967,1,1,-0.1775294497728292,1.0012345679012347,normal_00770
5,0.05555555555555555,0.6752136752136753,1,1,0.0,0.9444444444444444,normal_00771
1,0.024603174603174603,1.0,1,1,-0.4705619740571598,0.8611111111111112,normal_00774
2,0.03571428571428571,0.8752334621899839,1,1,0.0,0.9642857142857143,normal_00775
5,0.03225806451612903,0.9314102564102564,1,1,-0.5995369796702622,0.967741935483871,normal_00776
4,0.012974683544303797,0.834672482399755,1,1,-0.35745523911103244,1.025,normal_00778
6,0.0010277492291880781,0.828814235929372,1,1,0.0,0.998972250770812,normal_00779
3,0.047619047619047616,0.7651289682539683,1,1,0.0,0.9523809523809523,normal_00780
5,0.0008176582215267836,0.8906985585348162,1,1,-0.09778008040888365,1.0016313213703099,normal_00782
55,0.0021244084789235292,0.4714280652391399,1,1,-0.17045728102590213,1.0749506903353057,normal_00783
5,0.09090909090909091,0.0,1,1,0.0,0.9090909090909091,normal_00784
10,0.0009181191872893057,0.8595919403599449,1,1,-0.4938766912404101,1.096234309623431,normal_00785
3,0.05555555555555555,0.6239316239316239,1,1,-0.3418817293789141,0.9444444444444444,normal_00786
200,0.0008209950646925437,0.9019968053626595,1,1,-0.13855899622201373,1.0048979591836735,normal_00787
5,0.06209150326797386,0.7255189255189255,1,1,-0.4033755872716882,1.0555555555555556,normal_00788
96,0.0013964645501434608,0.7880175991251123,1,1,-0.6282988856463272,1.3559670781893005,normal_00789
5,0.07142857142857142,0.5111111111111111,1,1,0.0,0.9285714285714286,normal_00790
5,0.09090909090909091,0.0,1,1,0.0,0.9090909090909091,normal_00791
2,0.029411764705882353,0.9244165795889934,1,1,0.0,0.9705882352941176,normal_00793
3,0.03571428571428571,0.8675889328063241,1,1,0.0,0.9642857142857143,normal_00794
48,0.0015842432027403125,0.7139431476572711,1,1,-0.6201586366885024,1.36878612716763,normal_00795
3,0.041666666666666664,0.8024986709197236,1,1,0.0,0.9583333333333334,normal_00796
30,0.0016313213703099511,0.6177789601702645,1,1,-0.07073237717702696,1.0,normal_00797
4,0.060526315789473685,0.7506060606060606,1,1,-0.4989036167410415,1.15,normal_00798
3,0.038461538461538464,0.8539682539682539,1,1,0.0,0.9615384615384616,normal_00799
3,0.045454545454545456,0.8177404295051354,1,1,-0.5129891760425773,0.9545454545454546,normal_00800
5,0.09090909090909091,0.0,1,1,0.0,0.9090909090909091,normal_00801
168,0.0013655786088718558,0.7114352904340361,1,1,-0.8291028726999328,1.5390070921985815,normal_00802
5,0.046296296296296294,0.8179011525558839,1,1,-0.7392634019481429,1.25,normal_00803
119,0.001689230443595985,0.7054000186427113,1,1,-0.660112204693266,1.449359720605355,normal_00804
200,0.0007886435331230284,0.9060330690948672,1,1,0.0,0.999211356466877,normal_00805
2,0.024774774774774775,0.9848484848484849,1,1,-0.5480722048803901,0.8918918918918919,normal_00807
1,0.024603174603174603,0.9354838709677419,1,1,-0.49930936312594604,0.8611111111111112,normal_00808
1,0.026515151515151516,0.9285714285714286,1,1,0.0,0.8484848484848485,normal_00809
3,0.014925373134328358,0.8961854613640329,1,1,0.0,0.9850746268656716,normal_00810
5,0.07692307692307693,0.375,1,1,0.0,0.9230769230769231,normal_00811
10,0.0016338583709671498,0.6174146294959687,1,1,-0.0892638045665473,1.0080906148867315,normal_00812
2,0.041666666666666664,0.7789473684210527,1,1,0.0,0.9583333333333334,normal_00813
10,0.0009672751778953836,0.8588617248865696,1,1,0.0,0.9711442786069652,normal_00814
5,0.09090909090909091,0.0,1,1,0.0,0.9090909090909091,normal_00815
5,0.05555555555555555,0.6581196581196581,1,1,0.0,0.9444444444444444,normal_00816
5,0.09090909090909091,0.0,1,1,0.0,0.9090909090909091,normal_00818
71,0.0021201864063637474,0.6548173791678971,1,1,-0.4248327122219408,1.299674267100977,normal_00819
7,0.001067248312508976,0.8290752731173291,1,1,-0.4716748009029316,1.1259469696969697,normal_00820
1,0.01741654571843251,1.0,1,1,-0.8958976175509428,0.9056603773584906,normal_00821
5,0.027777777777777776,0.9333533849662882,1,1,0.0,0.9722222222222222,normal_00822
13,0.0015999391351825497,0.6682712688127347,1,1,-0.24450904724886546,1.0687593423019432,normal_00825
190,0.0021172360909942917,0.3963173668436826,1,1,-0.08401499585091758,1.024742268041237,normal_00826
2,0.05263157894736842,0.6746031746031746,1,1,0.0,0.9473684210526315,normal_00827
1,0.02061310782241015,1.0,1,1,-0.7606016475647431,0.8863636363636364,normal_00828
4,0.0007721980200842765,0.9036834396124015,1,1,-0.10051059914242043,1.0015408320493067,normal_00829
5,0.030303030303030304,0.9240362811791382,1,1,0.0,0.9696969696969697,normal_00830
5,0.09090909090909091,0.0,1,1,0.0,0.9090909090909091,normal_00831
48,0.0023345460845460844,0.41651378527197896,1,1,-0.18049270773621537,1.1205821205821205,normal_00832
9,0.0008229148091643386,0.8895636855869634,1,1,-0.20543282562630188,1.0121852152721365,normal_00833
5,0.03333333333333333,0.9137489177489178,1,1,5.009368773452092e-08,0.9666666666666667,normal_00834
174,0.0011172296939531928,0.8628654518249903,1,1,-0.578455661245352,1.1887323943661972,normal_00835
1,0.047619047619047616,0.0,1,1,0.0,0.6666666666666666,normal_00836
5,0.030303030303030304,0.9262554905412046,1,1,0.0,0.9696969696969697,normal_00838
33,0.0014557194218211167,0.7856537232735316,1,1,-0.4598318098314564,1.2009685230024214,normal_00839
13,0.0007991602223933661,0.9094129008373198,1,1,-0.2506225899424297,0.9837662337662337,normal_00841
3,0.027777777777777776,0.9332656590721106,1,1,-0.6581584883294956,0.9722222222222222,normal_00842
7,0.0007564270452822386,0.9076906080031086,1,1,0.0,0.9977272727272727,normal_00844
5,0.03225806451612903,0.9463989002450541,1,1,-0.6088642350344947,0.967741935483871,normal_00845
4,0.04891304347826087,0.7560176665439823,1,1,-0.5874511914263002,1.125,normal_00846
3,0.037037037037037035,0.834347470711107,1,1,0.0,0.9629629629629629,normal_00847
5,0.03571428571428571,0.9084886128364389,1,1,0.0,0.9642857142857143,normal_00849
49,0.002278693688963562,0.5477654795696939,1,1,-0.2981345603491728,1.216822429906542,normal_00850
9,0.0007680303147113725,0.9044569322071581,1,1,-0.1575585895075512,1.004583651642475,normal_00851
4,0.05514705882352941,0.5595238095238095,1,1,0.0,0.8823529411764706,normal_00853
5,0.03865546218487395,0.8304675716440423,1,1,-0.7868711558531437,1.3142857142857143,normal_00854
5,0.025,0.9208046855105678,1,1,-0.6787117089084058,0.975,normal_00857
104,0.001842618686321266,0.6709044905254866,1,1,-0.4200539964062942,1.212443095599393,normal_00858
3,0.034482758620689655,0.9071669071669071,1,1,0.0,0.9655172413793104,normal_00859
5,0.09090909090909091,0.0,1,1,0.0,0.9090909090909091,normal_00860
2,0.02857142857142857,0.9294560994560993,1,1,0.0,0.9714285714285714,normal_00862
1,0.03230769230769231,0.7142857142857143,1,1,-0.39391929857916824,0.8076923076923077,normal_00863
5,0.09090909090909091,0.0,1,1,0.0,0.9090909090909091,normal_00864
3,0.03225806451612903,0.9194749694749695,1,1,0.0,0.967741935483871,normal_00865
200,0.0008136696501220504,0.9023616487173339,1,1,0.0,0.9991863303498779,normal_00866
130,0.0014665071161239402,0.6677077475052865,1,1,-0.8390346940841448,1.591160220994475,normal_00867
4,0.043478260869565216,0.42857142857142855,1,1,0.0,0.9565217391304348,normal_00869
5,0.0625,0.7,1,1,0.0,0.9375,normal_00870
5,0.036036036036036036,0.8728258720446221,1,1,-0.879023577070195,1.2972972972972974,normal_00871
194,0.0015970880998365771,0.6790594089906017,1,1,-0.11321259938245484,1.0141509433962264,normal_00872
5,0.09090909090909091,0.0,1,1,0.0,0.9090909090909091,normal_00873
27,0.007873062015503876,0.16149068322981364,1,1,-0.05632871717548391,1.0077519379844961,normal_00874
5,0.09090909090909091,0.0,1,1,0.0,0.9090909090909091,normal_00875
5,0.0392156862745098,0.835516207930001,1,1,-0.8753687770031972,1.2941176470588236,normal_00876
3,0.0641025641025641,0.0,1,1,0.0,0.7692307692307693,normal_00877
4,0.03003003003003003,0.873343169504644,1,1,-0.7305452703997691,1.0810810810810811,normal_00878
3,0.0125,0.9246314072401028,1,1,0.0,0.9875,normal_00879
18,0.0013481278469288061,0.7534394997231285,1,1,-0.6372514502780453,1.3103802672147995,normal_00880
2,0.022067363530778164,0.9854469854469854,1,1,0.0,0.9047619047619048,normal_00881
2,0.02702702702702703,0.9332022144522143,1,1,0.0,0.972972972972973,normal_00882
3,0.058823529411764705,0.5833333333333334,1,1,0.0,0.9411764705882353,normal_00883
5,0.09090909090909091,0.0,1,1,0.0,0.9090909090909091,normal_00886
1,0.047619047619047616,0.0,1,1,0.0,0.6666666666666666,normal_00887
5,0.03978494623655914,0.8097165654857962,1,1,-0.8377546381652466,1.1935483870967742,normal_00888
4,0.05434782608695652,0.7766499582289056,1,1,-0.5995369796702623,1.25,normal_00890
5,0.09090909090909091,0.0,1,1,0.0,0.9090909090909091,normal_00891
9,0.02806122448979592,0.8788969363969364,1,1,-0.6864919273366474,1.346938775510204,normal_00892
1,0.026515151515151516,0.8571428571428571,1,1,-0.6639061303092922,0.8484848484848485,normal_00893
3,0.03333333333333333,0.881050505050505,1,1,0.0,0.9666666666666667,normal_00895
5,0.04,0.8530844155844155,1,1,0.0,0.96,normal_00896
87,0.0023460626036571285,0.18300667920921088,1,1,-0.0651352520249604,1.022883295194508,normal_00897
88,0.0015404804575413031,0.663935887066754,1,1,-0.7892089036746458,1.555885262116716,normal_00898
5,0.037037037037037035,0.8647019647019646,1,1,0.0,0.9629629629629629,normal_00899
2,0.04,0.846984126984127,1,1,0.0,0.96,normal_00900
199,0.0009154692447662032,0.8949810727771256,1,1,-0.23486504298989927,1.0170863309352518,normal_00901
178,0.0014920044346731307,0.7782113169849026,1,1,-0.3050751377896354,1.0876712328767124,normal_00902
1,0.02061310782241015,1.0,1,1,-0.6274513145122547,0.8863636363636364,normal_00905
5,0.09090909090909091,0.0,1,1,0.0,0.9090909090909091,normal_00907
5,0.0625,0.5844155844155844,1,1,0.0,0.9375,normal_00908
2,0.034408602150537634,0.8790193968927003,1,1,-0.5987965299664474,1.032258064516129,normal_00910
197,0.0008469044114812052,0.897666043854256,1,1,-0.3306471627017804,1.0383048084759576,normal_00911
5,0.04131054131054131,0.8818772136953954,1,1,-0.44189809616328884,1.0740740740740742,normal_00913
4,0.041935483870967745,0.8225389994620763,1,1,-0.8532391106764102,1.2580645161290323,normal_00914
3,0.06209150326797386,0.705982905982906,1,1,-0.4033755872716884,1.0555555555555556,normal_00916
5,0.09090909090909091,0.0,1,1,0.0,0.9090909090909091,normal_00917
3,0.03306878306878307,0.8086956521739131,1,1,-0.5658595623783123,0.8928571428571429,normal_00918
5,0.036290322580645164,0.9115600448933783,1,1,-0.5578269701866014,1.125,normal_00919
3,0.05434782608695652,0.7716067558172821,1,1,-0.6205052279940232,1.25,normal_00920
5,0.04071969696969697,0.8289091860520434,1,1,-0.8816051772882421,1.303030303030303,normal_00921
6,0.000934545567509915,0.8534283276586588,1,1,-0.1286160562089036,1.0055710306406684,normal_00922
115,0.0022132830645975694,0.45003944743528035,1,1,-0.14044162006994038,1.0778688524590163,normal_00924
5,0.04133064516129032,0.8344322344322345,1,1,-0.8716890388175017,1.28125,normal_00925
2,0.034482758620689655,0.8754329004329003,1,1,0.0,0.9655172413793104,normal_00927
3,0.03225806451612903,0.9155011655011654,1,1,-0.5433798352828033,0.967741935483871,normal_00928
122,0.0022063815342837747,0.45245728396413304,1,1,-0.15469162715766951,1.0833333333333333,normal_00929
5,0.04,0.8774891774891774,1,1,0.0,0.96,normal_00930
11,0.001941747572815534,0.3715898739708261,1,1,0.0,0.9980582524271845,normal_00931
2,0.03125,0.9192782526115858,1,1,0.0,0.96875,normal_00932
3,0.03940886699507389,0.8414442039442038,1,1,-0.5853932099170399,1.103448275862069,normal_00934
2,0.02631578947368421,0.9384696111968839,1,1,0.0,0.9736842105263158,normal_00935
5,0.06666666666666667,0.5666666666666667,1,1,0.0,0.9333333333333333,normal_00936
200,0.0024937655860349127,0.0,1,1,0.0,0.9975062344139651,normal_00937
1,0.047619047619047616,0.0,1,1,0.0,0.6666666666666666,normal_00938
5,0.04894179894179894,0.838445612358656,1,1,-0.7624051443795709,1.3214285714285714,normal_00939
3,0.02631578947368421,0.953076988371106,1,1,-0.6140430927033191,0.9736842105263158,normal_00941
1,0.025846702317290554,1.0,1,1,0.0,0.8529411764705882,normal_00943
5,0.09090909090909091,0.0,1,1,0.0,0.9090909090909091,normal_00944
4,0.035037878787878785,0.8619677941106513,1,1,-0.7074687672297135,1.121212121212121,normal_00945
4,0.029160739687055477,0.8929864253393668,1,1,-0.8126286762846436,1.0789473684210527,normal_00947
5,0.042328042328042326,0.894307142133229,1,1,-0.6179554176369764,1.1428571428571428,normal_00948
11,0.0016468589289283832,0.6889541373377578,1,1,-0.2677107839497592,1.091867469879518,normal_00949
37,0.0010072156966391694,0.847571656296757,1,1,-0.5905820566702467,1.093836246550138,normal_00950
35,0.0010239400963634423,0.830280119354393,1,1,-0.5377359011040591,1.1550044286979628,normal_00952
200,0.0008934433337049562,0.8957255692738147,1,1,-0.21405485331998175,1.0149516270888304,normal_00953
9,0.0010857610857610857,0.8302488775592226,1,1,-0.09471395950632816,1.0032432432432432,normal_00954
140,0.0015171325642850443,0.8341865003434574,1,1,-0.7054127169712747,1.2910798122065728,normal_00955
197,0.0008911737968034178,0.8948393232839994,1,1,-0.29281665567709264,1.0310880829015545,normal_00956
102,0.0014218879001926428,0.7574206341570812,1,1,-0.667171329353528,1.4076690211907164,normal_00957
5,0.0625,0.6103896103896104,1,1,-0.30151134457776385,0.9375,normal_00958
2,0.030303030303030304,0.9242527313955886,1,1,0.0,0.9696969696969697,normal_00959
10,0.047619047619047616,0.0,1,1,0.0,0.9523809523809523,normal_00960
8,0.023809523809523808,0.8567953288541524,1,1,0.0,0.9761904761904762,normal_00961
5,0.02857142857142857,0.9335353535353536,1,1,0.0,0.9714285714285714,normal_00962
3,0.020833333333333332,0.9208994257774745,1,1,0.0,0.9791666666666666,normal_00963
123,0.00212161993219641,0.5208973221395578,1,1,-0.20377909007829803,1.1053639846743295,normal_00964
2,0.03333333333333333,0.943111111111111,1,1,-0.5290166673900154,0.9666666666666667,normal_00965
4,0.045454545454545456,0.8102495543672014,1,1,0.0,0.9545454545454546,normal_00966
2,0.025396825396825397,0.9835777126099707,1,1,-0.6666666666666666,0.8888888888888888,normal_00967
5,0.04,0.885436507936508,1,1,0.0,0.96,normal_00968
199,0.0008353328001421843,0.9048173938272952,1,1,-0.18435010269983235,1.0099173553719007,normal_00969
4,0.04071969696969697,0.8130907782693495,1,1,-0.9461643078680168,1.303030303030303,normal_00973
2,0.03333333333333333,0.8597899877899878,1,1,0.0,0.9666666666666667,normal_00974
5,0.06666666666666667,0.5333333333333333,1,1,0.0,0.9333333333333333,normal_00976
4,0.03228228228228228,0.8846830865213218,1,1,-0.7095292285581574,1.162162162162162,normal_00977
70,0.0014783498492029299,0.66235822674339,1,1,-0.8080295269668549,1.5596590909090908,normal_00978
4,0.041005291005291,0.8745023092849181,1,1,-0.6516368654015112,1.1071428571428572,normal_00979
3,0.05555555555555555,0.6239316239316239,1,1,0.0,0.9444444444444444,normal_00980
5,0.09090909090909091,0.0,1,1,0.0,0.9090909090909091,normal_00981
3,0.029411764705882353,0.9000999000999002,1,1,0.0,0.9705882352941176,normal_00982
5,0.07142857142857142,0.5111111111111111,1,1,0.0,0.9285714285714286,normal_00983
8,0.0008152326580768398,0.8882411413490023,1,1,-0.4050102204306896,1.054095826893354,normal_00985
5,0.09090909090909091,0.0,1,1,0.0,0.9090909090909091,normal_00986
2,0.03125,0.8941768108434774,1,1,0.0,0.96875,normal_00987
4,0.07575757575757576,0.0,1,1,0.0,0.8333333333333334,normal_00988
5,0.04827586206896552,0.8299023199023199,1,1,-0.8143074615805811,1.4,normal_00989
5,0.0007830843981445795,0.8992784426982766,1,1,-0.08579945711082161,1.0007818608287724,normal_00990
5,0.058823529411764705,0.625,1,1,-0.32387513781564786,0.9411764705882353,normal_00991
4,0.058333333333333334,0.5151515151515151,1,1,0.0,0.875,normal_00992
5,0.04528985507246377,0.881954887218045,1,1,-0.5562939111665912,1.0416666666666667,normal_00993
4,0.03571428571428571,0.8429288103201146,1,1,-0.5547001962252294,0.9642857142857143,normal_00994
9,0.05263157894736842,0.0,1,1,0.0,0.9473684210526315,normal_00995
96,0.002236487885690619,0.16248015873015875,1,1,-0.04240069889171292,0.9818181818181818,normal_00996
6,0.000857936923510694,0.8815895659783913,1,1,-0.37427856634366563,1.0466830466830468,normal_00999
10,0.047619047619047616,0.0,1,1,0.0,0.9523809523809523,peeling_chain_01401
6,0.04,0.26666666666666666,1,1,0.0,0.96,peeling_chain_01403
10,0.047619047619047616,0.0,1,1,0.0,0.9523809523809523,peeling_chain_01404
10,0.047619047619047616,0.0,1,1,0.0,0.9523809523809523,peeling_chain_01405
10,0.047619047619047616,0.0,1,1,0.0,0.9523809523809523,peeling_chain_01406
6,0.04,0.26666666666666666,1,1,0.0,0.96,peeling_chain_01407
10,0.047619047619047616,0.0,1,1,0.0,0.9523809523809523,peeling_chain_01408
25,0.0009082561647679629,0.7423633314610765,1,1,0.0,0.9963570127504554,peeling_chain_01409
10,0.047619047619047616,0.0,1,1,0.0,0.9523809523809523,peeling_chain_01410
152,0.0016051364365971107,0.07244582043343657,1,1,1.1363595967280401e-08,0.9983948635634029,peeling_chain_01411
5,0.03571428571428571,0.46825396825396826,1,1,2.3075285607968146e-08,0.9642857142857143,peeling_chain_01412
10,0.047619047619047616,0.0,1,1,0.0,0.9523809523809523,peeling_chain_01413
10,0.047619047619047616,0.0,1,1,0.0,0.9523809523809523,peeling_chain_01414
1,0.020634920634920634,0.38461538461538464,1,1,0.0,0.7222222222222222,peeling_chain_01415
2,0.01607267645003494,0.7787490287490288,1,1,0.0,0.8518518518518519,peeling_chain_01416
2,0.022281639928698752,0.2916666666666667,1,1,0.0,0.7352941176470589,peeling_chain_01417
2,0.013286713286713287,0.9202380952380952,1,1,0.0,0.8636363636363636,peeling_chain_01418
2,0.024630541871921183,0.0,1,1,0.0,0.6896551724137931,peeling_chain_01419
7,0.03571428571428571,0.43827160493827155,1,1,0.0,0.9642857142857143,peeling_chain_01420
23,0.0010503352085842156,0.6235635482529899,1,1,0.0,0.9904661016949152,peeling_chain_01421
2,0.023185483870967742,0.22727272727272727,1,1,0.0,0.71875,peeling_chain_01422
300,0.0005141291171601206,0.9065938562310988,1,1,-0.1252788538884274,1.0040941658137155,peeling_chain_01424
10,0.047619047619047616,0.0,1,1,0.0,0.9523809523809523,peeling_chain_01425
150,0.0016556291390728477,0.009868421052631578,1,1,0.0,0.9983443708609272,peeling_chain_01427
6,0.034482758620689655,0.5131578947368421,1,1,0.0,0.9655172413793104,peeling_chain_01428
10,0.01818181818181818,0.890981240981241,1,1,2.7701279604214913e-08,0.9818181818181818,peeling_chain_01429
10,0.047619047619047616,0.0,1,1,0.0,0.9523809523809523,peeling_chain_01430
41,0.0014550200395941817,0.1857423622129504,1,1,0.0,0.9792284866468842,peeling_chain_01431
4,0.023809523809523808,0.7173076923076923,1,1,0.0,0.9761904761904762,peeling_chain_01432
10,0.01995645863570392,0.881821279495698,1,1,-0.38984147292463983,1.0377358490566038,peeling_chain_01435
300,0.0016638935108153079,0.0,1,1,0.0,0.9983361064891847,peeling_chain_01436
9,0.038461538461538464,0.38392857142857145,1,1,0.0,0.9615384615384616,peeling_chain_01437
9,0.022745098039215685,0.862441758783222,1,1,-0.5653276935763958,1.1372549019607843,peeling_chain_01438
300,0.0005293253956487696,0.9046986298695437,1,1,-0.19226910526649713,1.0099528548978522,peeling_chain_01439
10,0.047619047619047616,0.0,1,1,0.0,0.9523809523809523,peeling_chain_01440
10,0.047619047619047616,0.0,1,1,0.0,0.9523809523809523,peeling_chain_01442
9,0.043478260869565216,0.19230769230769232,1,1,0.0,0.9565217391304348,peeling_chain_01444
10,0.047619047619047616,0.0,1,1,0.0,0.9523809523809523,peeling_chain_01445
24,0.0011324200913242009,0.560230722209889,1,1,0.0,0.9908675799086758,peeling_chain_01446
10,0.047619047619047616,0.0,1,1,0.0,0.9523809523809523,peeling_chain_01447
6,0.024390243902439025,0.7530140110785272,1,1,0.0,0.975609756097561,peeling_chain_01448
5,0.043478260869565216,0.15384615384615385,1,1,0.0,0.9565217391304348,peeling_chain_01449
6,0.037037037037037035,0.39705882352941174,1,1,-0.18181818181818182,0.9629629629629629,peeling_chain_01452
3,0.013513513513513514,0.9262570762570761,1,1,0.0,0.9864864864864865,peeling_chain_01453
4,0.03571428571428571,0.4012345679012346,1,1,0.0,0.9642857142857143,peeling_chain_01454
5,0.02556818181818182,0.3816425120772947,1,1,0.0,0.8181818181818182,peeling_chain_01455
5,0.030303030303030304,0.5450443276530234,1,1,0.0,0.9696969696969697,peeling_chain_01457
10,0.047619047619047616,0.0,1,1,0.0,0.9523809523809523,peeling_chain_01459
10,0.03571428571428571,0.5296296296296297,1,1,0.0,0.9642857142857143,peeling_chain_01460
5,0.034482758620689655,0.46065162907268176,1,1,0.0,0.9655172413793104,peeling_chain_01461
10,0.022727272727272728,0.8511841100076395,1,1,0.0,0.9772727272727273,peeling_chain_01462
10,0.047619047619047616,0.0,1,1,0.0,0.9523809523809523,peeling_chain_01463
10,0.047619047619047616,0.0,1,1,0.0,0.9523809523809523,peeling_chain_01464
300,0.0006666666666666666,0.8776106948606952,1,1,0.0,0.9993333333333333,peeling_chain_01465
8,0.043478260869565216,0.15384615384615385,1,1,0.0,0.9565217391304348,peeling_chain_01466
7,0.03225806451612903,0.5634920634920635,1,1,-0.24671758189758472,0.967741935483871,peeling_chain_01467
10,0.047619047619047616,0.0,1,1,0.0,0.9523809523809523,peeling_chain_01468
10,0.047619047619047616,0.0,1,1,0.0,0.9523809523809523,peeling_chain_01469
10,0.047619047619047616,0.0,1,1,0.0,0.9523809523809523,peeling_chain_01470
11,0.0006925067000386177,0.8468306834739174,1,1,-0.09819960133822518,0.9951321279554938,peeling_chain_01471
3,0.017241379310344827,0.877242549117549,1,1,0.0,0.9827586206896551,peeling_chain_01472
5,0.0006613756613756613,0.8373084790164,1,1,0.0,0.9993386243386243,peeling_chain_01473
1,0.022988505747126436,0.0,1,1,0.0,0.6666666666666666,peeling_chain_01474
10,0.04,0.3555555555555555,1,1,0.0,0.96,peeling_chain_01475
2,0.020242914979757085,0.5517241379310345,1,1,0.0,0.7692307692307693,peeling_chain_01476
3,0.015151515151515152,0.9036657786657788,1,1,3.193515742865017e-08,0.9848484848484849,peeling_chain_01477
10,0.047619047619047616,0.0,1,1,0.0,0.9523809523809523,peeling_chain_01479
10,0.047619047619047616,0.0,1,1,0.0,0.9523809523809523,peeling_chain_01480
4,0.020833333333333332,0.8064685314685314,1,1,0.0,0.9791666666666666,peeling_chain_01481
2,0.026455026455026454,0.0,1,1,0.0,0.7142857142857143,peeling_chain_01482
300,0.0016638935108153079,0.0,1,1,0.0,0.9983361064891847,peeling_chain_01483
300,0.0016638935108153079,0.0,1,1,0.0,0.9983361064891847,peeling_chain_01485
5,0.03076923076923077,0.0,1,1,0.0,0.7692307692307693,peeling_chain_01487
5,0.028735632183908046,0.425,1,1,0.0,0.8333333333333334,peeling_chain_01488
300,0.0016638935108153079,0.0,1,1,0.0,0.9983361064891847,peeling_chain_01489
129,0.003861003861003861,0.0,1,1,0.0,0.9961389961389961,peeling_chain_01492
10,0.047619047619047616,0.0,1,1,0.0,0.9523809523809523,peeling_chain_01493
6,0.017921146953405017,0.8962855802478445,1,1,-0.6270487431289996,1.1111111111111112,peeling_chain_01495
10,0.047619047619047616,0.0,1,1,0.0,0.9523809523809523,peeling_chain_01496
4,0.020731707317073172,0.6121863799283154,1,1,0.0,0.8292682926829268,peeling_chain_01497
8,0.000522158476760622,0.9076690219502725,1,1,0.0,0.991578947368421,peeling_chain_01498
300,0.0016638935108153079,0.0,1,1,0.0,0.9983361064891847,peeling_chain_01499
10,0.047619047619047616,0.0,1,1,0.0,0.9523809523809523,peeling_chain_01500
143,0.0015998749283443639,0.05146329365079365,1,1,0.0,0.9903225806451613,peeling_chain_01501
10,0.047619047619047616,0.0,1,1,0.0,0.9523809523809523,peeling_chain_01502
10,0.047619047619047616,0.0,1,1,0.0,0.9523809523809523,peeling_chain_01505
15,0.0006531623235613463,0.8628787339952395,1,1,-0.1026866056826935,1.0026041666666667,peeling_chain_01506
10,0.047619047619047616,0.0,1,1,0.0,0.9523809523809523,peeling_chain_01508
9,0.038461538461538464,0.38392857142857145,1,1,0.0,0.9615384615384616,peeling_chain_01509
300,0.0016638935108153079,0.0,1,1,0.0,0.9983361064891847,peeling_chain_01510
1,0.022988505747126436,0.0,1,1,0.0,0.6666666666666666,peeling_chain_01511
10,0.047619047619047616,0.0,1,1,0.0,0.9523809523809523,peeling_chain_01513
3,0.01818181818181818,0.8292255892255895,1,1,0.0,0.9818181818181818,peeling_chain_01514
300,0.0016638935108153079,0.0,1,1,0.0,0.9983361064891847,peeling_chain_01516
300,0.0008278145695364238,0.807924607208748,1,1,0.0,0.9991721854304636,peeling_chain_01517
34,0.0011956258900024182,0.4755862099792732,1,1,0.0,0.978021978021978,peeling_chain_01518
4,0.0007897382424694388,0.2561526139507791,1,1,9.72747162337408e-09,0.7526205450733753,peeling_chain_01519
10,0.03571428571428571,0.4876543209876544,1,1,0.0,0.9642857142857143,peeling_chain_01520
15,0.0012953367875647669,0.4237155147112769,1,1,0.0,0.9987046632124352,peeling_chain_01521
5,0.024390243902439025,0.7136526555881395,1,1,0.0,0.975609756097561,peeling_chain_01522
30,0.008316245158350421,0.8534330825592961,1,1,-0.43489352759496935,1.0977443609022557,peeling_chain_01523
1,0.016581632653061226,0.6923076923076923,1,1,0.0,0.7959183673469388,peeling_chain_01524
10,0.047619047619047616,0.0,1,1,0.0,0.9523809523809523,peeling_chain_01525
7,0.037037037037037035,0.4016806722689075,1,1,0.0,0.9629629629629629,peeling_chain_01526
3,0.02564102564102564,0.7392297357814599,1,1,0.0,0.9743589743589743,peeling_chain_01527
10,0.047619047619047616,0.0,1,1,0.0,0.9523809523809523,peeling_chain_01528
10,0.047619047619047616,0.0,1,1,0.0,0.9523809523809523,peeling_chain_01530
39,0.0012329425532359517,0.5028391659469523,1,1,-0.12512733244577756,1.0085470085470085,peeling_chain_01531
2,0.026455026455026454,0.0,1,1,0.0,0.7142857142857143,peeling_chain_01533
8,0.02631578947368421,0.757936507936508,1,1,0.0,0.9736842105263158,peeling_chain_01534
300,0.0016638935108153079,0.0,1,1,0.0,0.9983361064891847,peeling_chain_01537
300,0.0016638935108153079,0.0,1,1,0.0,0.9983361064891847,peeling_chain_01539
9,0.0009689922480620155,0.689919066968248,1,1,0.0,0.999031007751938,peeling_chain_01540
300,0.001658374792703151,0.009900990099009901,1,1,0.0,0.9983416252072969,peeling_chain_01541
10,0.047619047619047616,0.0,1,1,0.0,0.9523809523809523,peeling_chain_01542
7,0.037037037037037035,0.4117647058823529,1,1,0.0,0.9629629629629629,peeling_chain_01543
11,0.005649717514124294,0.5152043358939911,1,1,0.0,0.9943502824858758,peeling_chain_01544
12,0.006758793969849246,0.6956917035677395,1,1,-0.5836532042508144,1.345,peeling_chain_01545
300,0.0016638935108153079,0.0,1,1,0.0,0.9983361064891847,peeling_chain_01548
77,0.001560054773082942,0.12993506493506496,1,1,0.0,0.996875,peeling_chain_01549
50,0.008771929824561403,0.3229166666666667,1,1,0.0,0.9912280701754386,ransomware_01001
3,0.1111111111111111,0.6111111111111112,1,1,0.0,0.8888888888888888,ransomware_01002
33,0.009086599241466499,0.27821869488536166,1,1,-0.10992475306220985,1.0176991150442478,ransomware_01004
50,0.007874015748031496,0.5194805194805195,1,1,0.0,0.9921259842519685,ransomware_01005
1,0.05714285714285714,0.8333333333333334,1,1,-0.4472135954999592,0.8,ransomware_01007
3,0.08333333333333333,0.7142857142857143,1,1,0.0,0.9166666666666666,ransomware_01008
3,0.125,0.4666666666666667,1,1,0.0,0.875,ransomware_01009
3,0.1111111111111111,0.611111111111111,1,1,0.0,0.8888888888888888,ransomware_01010
1,0.06818181818181818,1.0,1,1,0.0,0.75,ransomware_01011
5,0.0031446540880503146,0.8981360057852598,1,1,0.0,0.9968553459119497,ransomware_01014
3,0.125,0.4666666666666666,1,1,0.0,0.875,ransomware_01015
3,0.14285714285714285,0.0,1,1,0.0,0.8571428571428571,ransomware_01016
3,0.125,0.4666666666666667,1,1,0.0,0.875,ransomware_01017
3,0.14285714285714285,0.0,1,1,0.0,0.8571428571428571,ransomware_01018
1,0.07272727272727272,0.75,1,1,0.0,0.7272727272727273,ransomware_01019
3,0.14285714285714285,0.0,1,1,0.0,0.8571428571428571,ransomware_01020
3,0.0625,0.8554778554778555,1,1,0.0,0.9375,ransomware_01022
50,0.008130081300813009,0.4840182648401825,1,1,0.0,0.991869918699187,ransomware_01024
32,0.008963585434173669,0.4268315018315017,1,1,-0.20130237208613364,1.0666666666666667,ransomware_01025
1,0.08333333333333333,0.0,1,1,0.0,0.6666666666666666,ransomware_01026
3,0.1,0.6571428571428571,1,1,0.0,0.9,ransomware_01027
50,0.008064516129032258,0.48198198198198194,1,1,0.0,0.9919354838709677,ransomware_01028
3,0.1,0.6,1,1,0.0,0.9,ransomware_01030
1,0.06818181818181818,1.0,1,1,0.0,0.75,ransomware_01031
2,0.08888888888888889,0.7619047619047619,1,1,0.0,0.8,ransomware_01032
3,0.125,0.4666666666666666,1,1,0.0,0.875,ransomware_01033
50,0.009174311926605505,0.2316384180790961,1,1,0.0,0.9908256880733946,ransomware_01034
3,0.14285714285714285,0.0,1,1,0.0,0.8571428571428571,ransomware_01035
3,0.14285714285714285,0.0,1,1,0.0,0.8571428571428571,ransomware_01036
10,0.005952380952380952,0.6604919823407217,1,1,-0.09726775348068419,1.0,ransomware_01037
3,0.125,0.4666666666666667,1,1,0.0,0.875,ransomware_01040
2,0.04,0.9533799533799534,1,1,0.0,0.96,ransomware_01041
33,0.012195121951219513,0.48979591836734704,1,1,0.0,0.9878048780487805,ransomware_01042
3,0.125,0.4666666666666667,1,1,0.0,0.875,ransomware_01043
3,0.14285714285714285,0.0,1,1,0.0,0.8571428571428571,ransomware_01044
11,0.008768051871500147,0.29803364131722343,1,1,-0.10356995891885444,1.017094017094017,ransomware_01045
1,0.08333333333333333,0.0,1,1,0.0,0.6666666666666666,ransomware_01046
2,0.047619047619047616,0.9406457739791073,1,1,0.0,0.9523809523809523,ransomware_01047
3,0.1111111111111111,0.6111111111111112,1,1,0.0,0.8888888888888888,ransomware_01048
3,0.14285714285714285,0.0,1,1,0.0,0.8571428571428571,ransomware_01050
3,0.125,0.3333333333333333,1,1,0.0,0.875,ransomware_01051
50,0.008264462809917356,0.4553990610328637,1,1,0.0,0.9917355371900827,ransomware_01052
2,0.047619047619047616,0.9421997755331089,1,1,0.0,0.9523809523809523,ransomware_01053
3,0.125,0.3333333333333333,1,1,0.0,0.875,ransomware_01054
8,0.05263157894736842,0.36363636363636365,1,1,0.0,0.9473684210526315,ransomware_01055
3,0.125,0.3333333333333333,1,1,0.0,0.875,ransomware_01056
3,0.05555555555555555,0.9489087301587302,1,1,-0.5739440431835529,1.0,ransomware_01057
50,0.008264462809917356,0.4319248826291079,1,1,0.0,0.9917355371900827,ransomware_01058
3,0.125,0.4666666666666666,1,1,0.0,0.875,ransomware_01059
3,0.1,0.8095238095238094,1,1,0.0,0.9,ransomware_01061
4,0.003424578022335214,0.8915040105613878,1,1,-0.1893915131517003,1.0034013605442176,ransomware_01062
50,0.008130081300813009,0.4748858447488583,1,1,0.0,0.991869918699187,ransomware_01063
2,0.05514705882352941,0.9107142857142857,1,1,0.0,0.8823529411764706,ransomware_01064
3,0.14285714285714285,0.0,1,1,0.0,0.8571428571428571,ransomware_01065
3,0.047619047619047616,0.9586419753086418,1,1,-0.5707328555486008,0.9523809523809523,ransomware_01066
34,0.00864516129032258,0.4651544011544012,1,1,-0.23670843406506747,1.072,ransomware_01067
3,0.1111111111111111,0.7777777777777777,1,1,0.0,0.8888888888888888,ransomware_01068
50,0.008264462809917356,0.42723004694835676,1,1,0.0,0.9917355371900827,ransomware_01069
50,0.008771929824561403,0.3437499999999999,1,1,0.0,0.9912280701754386,ransomware_01070
3,0.1111111111111111,0.611111111111111,1,1,0.0,0.8888888888888888,ransomware_01071
2,0.09090909090909091,0.6666666666666666,1,1,0.0,0.9090909090909091,ransomware_01072
3,0.14285714285714285,0.0,1,1,0.0,0.8571428571428571,ransomware_01073
3,0.125,0.4666666666666667,1,1,0.0,0.875,ransomware_01074
1,0.08333333333333333,0.0,1,1,0.0,0.6666666666666666,ransomware_01076
3,0.06666666666666667,0.8685185185185186,1,1,-0.4714045207910316,0.9333333333333333,ransomware_01078
3,0.125,0.3333333333333333,1,1,0.0,0.875,ransomware_01079
3,0.14285714285714285,0.0,1,1,0.0,0.8571428571428571,ransomware_01080
50,0.009174311926605505,0.23163841807909608,1,1,0.0,0.9908256880733946,ransomware_01081
3,0.1111111111111111,0.7777777777777777,1,1,0.0,0.8888888888888888,ransomware_01082
3,0.125,0.3333333333333333,1,1,0.0,0.875,ransomware_01084
14,0.006430155210643016,0.6598224963442354,1,1,-0.32186117788925694,1.0545454545454545,ransomware_01085
3,0.1111111111111111,0.611111111111111,1,1,0.0,0.8888888888888888,ransomware_01086
50,0.008849557522123894,0.3121693121693122,1,1,0.0,0.9911504424778761,ransomware_01087
50,0.0078125,0.5299145299145299,1,1,0.0,0.9921875,ransomware_01089
3,0.14285714285714285,0.0,1,1,0.0,0.8571428571428571,ransomware_01090
3,0.125,0.4666666666666666,1,1,0.0,0.875,ransomware_01091
3,0.125,0.4666666666666666,1,1,0.0,0.875,ransomware_01093
3,0.125,0.4666666666666666,1,1,0.0,0.875,ransomware_01094
3,0.125,0.3333333333333333,1,1,0.0,0.875,ransomware_01095
50,0.0078125,0.5341880341880342,1,1,0.0,0.9921875,ransomware_01096
1,0.08333333333333333,0.0,1,1,0.0,0.6666666666666666,ransomware_01098
9,0.05263157894736842,0.0,1,1,0.0,0.9473684210526315,ransomware_01100
50,0.009345794392523364,0.1695906432748538,1,1,0.0,0.9906542056074766,ransomware_01101
3,0.125,0.3333333333333333,1,1,0.0,0.875,ransomware_01103
3,0.14285714285714285,0.0,1,1,0.0,0.8571428571428571,ransomware_01104
3,0.14285714285714285,0.0,1,1,0.0,0.8571428571428571,ransomware_01106
3,0.125,0.3333333333333333,1,1,0.0,0.875,ransomware_01107
2,0.0625,0.9230769230769231,1,1,0.0,0.9375,ransomware_01108
1,0.05416666666666667,0.8461538461538461,1,1,-0.46056618647183806,0.8125,ransomware_01110
50,0.007936507936507936,0.5131578947368421,1,1,0.0,0.9920634920634921,ransomware_01111
3,0.14285714285714285,0.0,1,1,0.0,0.8571428571428571,ransomware_01112
47,0.008063492063492064,0.4937343358395992,1,1,-0.10393110873021998,1.007936507936508,ransomware_01113
3,0.1111111111111111,0.7777777777777778,1,1,0.0,0.8888888888888888,ransomware_01114
3,0.125,0.4666666666666666,1,1,0.0,0.875,ransomware_01115
12,0.0048975414829073366,0.7529788350682264,1,1,-0.7753519013086151,1.4006968641114983,ransomware_01116
3,0.1111111111111111,0.611111111111111,1,1,0.0,0.8888888888888888,ransomware_01117
3,0.14285714285714285,0.0,1,1,0.0,0.8571428571428571,ransomware_01120
2,0.05263157894736842,0.937689393939394,1,1,0.0,0.9473684210526315,ransomware_01121
2,0.06666666666666667,0.9365190365190366,1,1,-0.4578171145335975,1.0,ransomware_01122
3,0.1,0.8095238095238094,1,1,0.0,0.9,ransomware_01123
4,0.0031545741324921135,0.9046416270296868,1,1,-0.14469956734366485,1.0,ransomware_01124
50,0.008333333333333333,0.41428571428571404,1,1,0.0,0.9916666666666667,ransomware_01125
3,0.125,0.4666666666666667,1,1,0.0,0.875,ransomware_01127
10,0.006329113924050633,0.5917924154035267,1,1,0.0,0.9936708860759493,ransomware_01130
3,0.1,0.6571428571428571,1,1,0.0,0.9,ransomware_01131
3,0.14285714285714285,0.0,1,1,0.0,0.8571428571428571,ransomware_01132
6,0.004784688995215311,0.7708625749250747,1,1,-0.1153775298756123,1.0,ransomware_01133
2,0.07051282051282051,0.7,1,1,0.0,0.8461538461538461,ransomware_01134
50,0.008064516129032258,0.4909909909909909,1,1,0.0,0.9919354838709677,ransomware_01135
3,0.14285714285714285,0.0,1,1,0.0,0.8571428571428571,ransomware_01136
3,0.1111111111111111,0.7777777777777777,1,1,0.0,0.8888888888888888,ransomware_01137
50,0.009900990099009901,0.0,1,1,0.0,0.9900990099009901,ransomware_01138
3,0.1111111111111111,0.7777777777777778,1,1,0.0,0.8888888888888888,ransomware_01139
4,0.004672695951765719,0.8086357083345035,1,1,-0.16018163107231262,1.0046296296296295,ransomware_01140
50,0.009259259259259259,0.19540229885057472,1,1,0.0,0.9907407407407407,ransomware_01141
50,0.008130081300813009,0.4703196347031961,1,1,0.0,0.991869918699187,ransomware_01142
3,0.1,0.8095238095238094,1,1,0.0,0.9,ransomware_01145
1,0.07272727272727272,0.75,1,1,0.0,0.7272727272727273,ransomware_01146
3,0.1,0.8095238095238095,1,1,0.0,0.9,ransomware_01147
3,0.1111111111111111,0.6111111111111112,1,1,0.0,0.8888888888888888,ransomware_01148
50,0.00819672131147541,0.46759259259259245,1,1,0.0,0.9918032786885246,ransomware_01149
6,0.06666666666666667,0.4444444444444444,1,1,0.0,0.9333333333333333,ransomware_01150
50,0.007936507936507936,0.5087719298245612,1,1,0.0,0.9920634920634921,ransomware_01151
2,0.045454545454545456,0.9460188933873143,1,1,0.0,0.9545454545454546,ransomware_01152
50,0.00819672131147541,0.47222222222222204,1,1,0.0,0.9918032786885246,ransomware_01154
2,0.047619047619047616,0.9464535464535465,1,1,0.0,0.9523809523809523,ransomware_01155
50,0.009708737864077669,0.06289308176100629,1,1,0.0,0.9902912621359223,ransomware_01157
3,0.125,0.4666666666666667,1,1,0.0,0.875,ransomware_01158
7,0.004558339079138895,0.8141025951081818,1,1,-0.381239211043101,1.039301310043668,ransomware_01159
3,0.125,0.4666666666666666,1,1,0.0,0.875,ransomware_01160
3,0.14285714285714285,0.0,1,1,0.0,0.8571428571428571,ransomware_01162
2,0.1,0.6,1,1,0.0,0.9,ransomware_01163
3,0.14285714285714285,0.0,1,1,0.0,0.8571428571428571,ransomware_01164
50,0.009900990099009901,0.0,1,1,0.0,0.9900990099009901,ransomware_01165
50,0.00819672131147541,0.4537037037037034,1,1,0.0,0.9918032786885246,ransomware_01167
3,0.1111111111111111,0.611111111111111,1,1,0.0,0.8888888888888888,ransomware_01168
50,0.00847457627118644,0.37745098039215674,1,1,0.0,0.9915254237288136,ransomware_01169
3,0.14285714285714285,0.0,1,1,0.0,0.8571428571428571,ransomware_01170
2,0.1,0.8416666666666668,1,1,-0.5163977794943221,1.0,ransomware_01171
4,0.0032257399620743673,0.8856559894727831,1,1,-0.1970877883653235,1.0032051282051282,ransomware_01172
50,0.00980392156862745,0.03205128205128205,1,1,0.0,0.9901960784313726,ransomware_01173
3,0.125,0.4666666666666666,1,1,0.0,0.875,ransomware_01174
3,0.1111111111111111,0.7777777777777778,1,1,0.0,0.8888888888888888,ransomware_01176
3,0.1111111111111111,0.611111111111111,1,1,0.0,0.8888888888888888,ransomware_01177
3,0.1111111111111111,0.7777777777777778,1,1,0.0,0.8888888888888888,ransomware_01178
2,0.06666666666666667,0.9365190365190366,1,1,-0.4578171145335975,1.0,ransomware_01180
9,0.008523472331497509,0.4192513942513943,1,1,-0.18411591867444285,1.0483870967741935,ransomware_01181
1,0.07777777777777778,0.42857142857142855,1,1,0.0,0.7,ransomware_01182
5,0.0057460195172059575,0.6686445662823614,1,1,-0.17064812394474999,1.0112994350282485,ransomware_01183
3,0.1,0.8095238095238095,1,1,0.0,0.9,ransomware_01184
3,0.14285714285714285,0.0,1,1,0.0,0.8571428571428571,ransomware_01186
4,0.1111111111111111,0.0,1,1,0.0,0.8888888888888888,ransomware_01187
2,0.07142857142857142,0.7777777777777778,1,1,0.0,0.9285714285714286,ransomware_01188
5,0.07142857142857142,0.5925925925925927,1,1,0.0,0.9285714285714286,ransomware_01189
9,0.006551141166525782,0.7047957644596297,1,1,-0.4103097806783248,1.1005917159763314,ransomware_01190
3,0.1111111111111111,0.6111111111111112,1,1,0.0,0.8888888888888888,ransomware_01191
50,0.008130081300813009,0.46575342465753417,1,1,0.0,0.991869918699187,ransomware_01192
3,0.1111111111111111,0.7777777777777777,1,1,0.0,0.8888888888888888,ransomware_01194
3,0.08333333333333333,0.9095238095238095,1,1,-0.6172133998483675,1.0,ransomware_01195
3,0.125,0.3333333333333333,1,1,0.0,0.875,ransomware_01196
3,0.1111111111111111,0.611111111111111,1,1,0.0,0.8888888888888888,ransomware_01197
3,0.06842105263157895,0.8604140957082133,1,1,-0.8820310096755869,1.3,ransomware_01198
3,0.14285714285714285,0.0,1,1,0.0,0.8571428571428571,ransomware_01199
3,0.14285714285714285,0.0,1,1,0.0,0.8571428571428571,ransomware_01200
10,0.0053992146596858635,0.7499609545384193,1,1,-0.3000350336083413,1.03125,ransomware_01202
50,0.007633587786259542,0.5720164609053503,1,1,0.0,0.9923664122137404,ransomware_01203
3,0.1111111111111111,0.7777777777777778,1,1,0.0,0.8888888888888888,ransomware_01204
50,0.009433962264150943,0.14880952380952378,1,1,0.0,0.9905660377358491,ransomware_01205
3,0.125,0.4666666666666666,1,1,0.0,0.875,ransomware_01206
41,0.00706260907504363,0.7381251745584805,1,1,-0.5626877438342562,1.3489583333333333,ransomware_01207
3,0.1111111111111111,0.6111111111111112,1,1,0.0,0.8888888888888888,ransomware_01209
3,0.1,0.8095238095238094,1,1,0.0,0.9,ransomware_01210
3,0.125,0.4666666666666667,1,1,0.0,0.875,ransomware_01211
3,0.1,0.8095238095238094,1,1,0.0,0.9,ransomware_01213
3,0.125,0.4666666666666667,1,1,0.0,0.875,ransomware_01214
3,0.125,0.4666666666666666,1,1,0.0,0.875,ransomware_01215
50,0.0078125,0.5299145299145299,1,1,0.0,0.9921875,ransomware_01216
3,0.125,0.3333333333333333,1,1,0.0,0.875,ransomware_01217
3,0.14285714285714285,0.0,1,1,0.0,0.8571428571428571,ransomware_01218
1,0.08333333333333333,0.0,1,1,0.0,0.6666666666666666,ransomware_01219
3,0.125,0.4666666666666666,1,1,0.0,0.875,ransomware_01220
3,0.1111111111111111,0.611111111111111,1,1,0.0,0.8888888888888888,ransomware_01221
50,0.009259259259259259,0.21839080459770116,1,1,0.0,0.9907407407407407,ransomware_01222
3,0.14285714285714285,0.0,1,1,0.0,0.8571428571428571,ransomware_01223
50,0.009174311926605505,0.2146892655367232,1,1,0.0,0.9908256880733946,ransomware_01224
3,0.075,0.822066822066822,1,1,-0.7428571428571429,1.125,ransomware_01225
3,0.14285714285714285,0.0,1,1,0.0,0.8571428571428571,ransomware_01226
50,0.00819672131147541,0.4490740740740739,1,1,0.0,0.9918032786885246,ransomware_01227
3,0.14285714285714285,0.0,1,1,0.0,0.8571428571428571,ransomware_01228
9,0.005808417444296324,0.7315202592546342,1,1,-0.2464462179285855,1.0280898876404494,ransomware_01229
4,0.003048780487804878,0.9025438789827279,1,1,0.0,0.9969512195121951,ransomware_01230
3,0.14285714285714285,0.0,1,1,0.0,0.8571428571428571,ransomware_01231
3,0.1111111111111111,0.611111111111111,1,1,0.0,0.8888888888888888,ransomware_01233
3,0.1111111111111111,0.611111111111111,1,1,0.0,0.8888888888888888,ransomware_01234
3,0.125,0.4666666666666666,1,1,0.0,0.875,ransomware_01235
3,0.14285714285714285,0.0,1,1,0.0,0.8571428571428571,ransomware_01236
50,0.008771929824561403,0.32812500000000006,1,1,0.0,0.9912280701754386,ransomware_01237
50,0.007874015748031496,0.4978354978354977,1,1,0.0,0.9921259842519685,ransomware_01238
3,0.125,0.4666666666666666,1,1,0.0,0.875,ransomware_01241
50,0.007936507936507936,0.4912280701754386,1,1,0.0,0.9920634920634921,ransomware_01242
7,0.06666666666666667,0.0,1,1,0.0,0.9333333333333333,ransomware_01243
3,0.1111111111111111,0.611111111111111,1,1,0.0,0.8888888888888888,ransomware_01245
3,0.1,0.8095238095238094,1,1,0.0,0.9,ransomware_01246
1,0.08333333333333333,0.0,1,1,0.0,0.6666666666666666,ransomware_01249
50,0.007936507936507936,0.5043859649122805,1,1,0.0,0.9920634920634921,ransomware_01250
3,0.125,0.3333333333333333,1,1,0.0,0.875,ransomware_01252
3,0.1111111111111111,0.6111111111111112,1,1,0.0,0.8888888888888888,ransomware_01253
25,0.005590095986038395,0.7634192880671754,1,1,-0.4446958702454716,1.0677083333333333,ransomware_01255
6,0.005491346098556725,0.7097254732291229,1,1,-0.23228495266679697,1.0213903743315509,ransomware_01256
50,0.008547008547008548,0.3731343283582089,1,1,0.0,0.9914529914529915,ransomware_01257
50,0.009345794392523364,0.1578947368421052,1,1,0.0,0.9906542056074766,ransomware_01258
3,0.14285714285714285,0.0,1,1,0.0,0.8571428571428571,ransomware_01260
3,0.125,0.4666666666666666,1,1,0.0,0.875,ransomware_01261
3,0.1111111111111111,0.6111111111111112,1,1,0.0,0.8888888888888888,ransomware_01263
3,0.125,0.4666666666666667,1,1,0.0,0.875,ransomware_01264
50,0.009433962264150943,0.14285714285714282,1,1,0.0,0.9905660377358491,ransomware_01265
6,0.004563818644321413,0.5409356725146198,1,1,0.0,0.7439024390243902,ransomware_01266
3,0.125,0.3333333333333333,1,1,0.0,0.875,ransomware_01267
39,0.008392341987936008,0.4591591591591591,1,1,-0.18413637616393624,1.032258064516129,ransomware_01268
50,0.008403361344537815,0.4154589371980674,1,1,0.0,0.9915966386554622,ransomware_01269
2,0.05263157894736842,0.937689393939394,1,1,0.0,0.9473684210526315,ransomware_01270
3,0.125,0.3333333333333333,1,1,0.0,0.875,ransomware_01271
3,0.1111111111111111,0.611111111111111,1,1,0.0,0.8888888888888888,ransomware_01272
50,0.007575757575757576,0.5609756097560976,1,1,0.0,0.9924242424242424,ransomware_01273
50,0.007518796992481203,0.5742971887550204,1,1,0.0,0.9924812030075187,ransomware_01274
50,0.009174311926605505,0.22598870056497183,1,1,0.0,0.9908256880733946,ransomware_01275
3,0.1111111111111111,0.6111111111111112,1,1,0.0,0.8888888888888888,ransomware_01276
22,0.00969846587903368,0.15914786967418545,1,1,-0.07300881765093656,1.02803738317757,ransomware_01277
3,0.1111111111111111,0.611111111111111,1,1,0.0,0.8888888888888888,ransomware_01278
3,0.14285714285714285,0.0,1,1,0.0,0.8571428571428571,ransomware_01279
2,0.09722222222222222,0.38888888888888884,1,1,0.0,0.7777777777777778,ransomware_01280
50,0.008695652173913044,0.34358974358974353,1,1,0.0,0.991304347826087,ransomware_01281
3,0.14285714285714285,0.0,1,1,0.0,0.8571428571428571,ransomware_01284
3,0.1,0.8095238095238095,1,1,0.0,0.9,ransomware_01285
50,0.009174311926605505,0.22598870056497175,1,1,0.0,0.9908256880733946,ransomware_01286
3,0.125,0.4666666666666666,1,1,0.0,0.875,ransomware_01287
3,0.1,0.8095238095238094,1,1,0.0,0.9,ransomware_01288
50,0.00980392156862745,0.03205128205128205,1,1,0.0,0.9901960784313726,ransomware_01290
3,0.125,0.4666666666666666,1,1,0.0,0.875,ransomware_01291
50,0.00980392156862745,0.03205128205128205,1,1,0.0,0.9901960784313726,ransomware_01292
3,0.125,0.3333333333333333,1,1,0.0,0.875,ransomware_01294
3,0.1,0.8095238095238095,1,1,0.0,0.9,ransomware_01295
3,0.14285714285714285,0.0,1,1,0.0,0.8571428571428571,ransomware_01297
50,0.009708737864077669,0.06289308176100629,1,1,0.0,0.9902912621359223,ransomware_01299
50,0.009900990099009901,0.0,1,1,0.0,0.9900990099009901,ransomware_01300
50,0.007692307692307693,0.5375,1,1,0.0,0.9923076923076923,ransomware_01302
3,0.1111111111111111,0.611111111111111,1,1,0.0,0.8888888888888888,ransomware_01303
34,0.009335324869305451,0.0,1,1,0.0,0.9615384615384616,ransomware_01304
3,0.14285714285714285,0.0,1,1,0.0,0.8571428571428571,ransomware_01305
7,0.007649442755825735,0.554825333396762,1,1,-0.2767991142713642,1.070921985815603,ransomware_01306
3,0.14285714285714285,0.0,1,1,0.0,0.8571428571428571,ransomware_01307
3,0.125,0.3333333333333333,1,1,0.0,0.875,ransomware_01308
3,0.125,0.4666666666666666,1,1,0.0,0.875,ransomware_01309
2,0.05555555555555555,0.9309090909090909,1,1,0.0,0.9444444444444444,ransomware_01311
3,0.07692307692307693,0.75,1,1,0.0,0.9230769230769231,ransomware_01313
3,0.125,0.3333333333333333,1,1,0.0,0.875,ransomware_01314
3,0.14285714285714285,0.0,1,1,0.0,0.8571428571428571,ransomware_01317
3,0.1111111111111111,0.611111111111111,1,1,0.0,0.8888888888888888,ransomware_01318
3,0.1111111111111111,0.611111111111111,1,1,0.0,0.8888888888888888,ransomware_01319
22,0.007669522902782186,0.5533459595959596,1,1,-0.2575741553363036,1.0507246376811594,ransomware_01320
18,0.009145427286356821,0.33733766233766227,1,1,-0.1616948283746778,1.0517241379310345,ransomware_01321
3,0.09090909090909091,0.7083333333333333,1,1,0.0,0.9090909090909091,ransomware_01322
2,0.07692307692307693,0.894949494949495,1,1,-0.5333333333333344,1.0,ransomware_01323
3,0.14285714285714285,0.0,1,1,0.0,0.8571428571428571,ransomware_01325
3,0.1111111111111111,0.611111111111111,1,1,0.0,0.8888888888888888,ransomware_01326
3,0.1,0.8095238095238094,1,1,0.0,0.9,ransomware_01327
3,0.14285714285714285,0.0,1,1,0.0,0.8571428571428571,ransomware_01328
3,0.125,0.4666666666666666,1,1,0.0,0.875,ransomware_01329
2,0.058823529411764705,0.8728354978354977,1,1,0.0,0.9411764705882353,ransomware_01330
3,0.14285714285714285,0.0,1,1,0.0,0.8571428571428571,ransomware_01333
3,0.1,0.8095238095238094,1,1,0.0,0.9,ransomware_01336
3,0.14285714285714285,0.0,1,1,0.0,0.8571428571428571,ransomware_01337
3,0.125,0.4666666666666667,1,1,0.0,0.875,ransomware_01338
3,0.125,0.3333333333333333,1,1,0.0,0.875,ransomware_01341
50,0.009615384615384616,0.09259259259259259,1,1,0.0,0.9903846153846154,ransomware_01343
3,0.125,0.4666666666666666,1,1,0.0,0.875,ransomware_01344
2,0.09722222222222222,0.3888888888888889,1,1,0.0,0.7777777777777778,ransomware_01345
50,0.008849557522123894,0.30687830687830686,1,1,0.0,0.9911504424778761,ransomware_01346
3,0.14285714285714285,0.0,1,1,0.0,0.8571428571428571,ransomware_01348
3,0.14285714285714285,0.0,1,1,0.0,0.8571428571428571,ransomware_01349
3,0.14285714285714285,0.0,1,1,0.0,0.8571428571428571,ransomware_01350
3,0.1,0.8095238095238094,1,1,0.0,0.9,ransomware_01351
3,0.125,0.4666666666666666,1,1,0.0,0.875,ransomware_01352
27,0.009142857142857144,0.48283208020050133,1,1,-0.3173603834642438,1.1428571428571428,ransomware_01353
3,0.14285714285714285,0.0,1,1,0.0,0.8571428571428571,ransomware_01354
3,0.125,0.4666666666666666,1,1,0.0,0.875,ransomware_01355
50,0.008620689655172414,0.35353535353535337,1,1,0.0,0.9913793103448276,ransomware_01356
36,0.007781194669648681,0.6386994448850121,1,1,-0.2637303518398627,1.1360544217687074,ransomware_01357
1,0.06043956043956044,0.6363636363636364,1,1,0.0,0.7857142857142857,ransomware_01358
1,0.08333333333333333,0.0,1,1,0.0,0.6666666666666666,ransomware_01359
3,0.1,0.8095238095238095,1,1,0.0,0.9,ransomware_01360
46,0.009169458649268207,0.11695906432748536,1,1,0.0,0.9719626168224299,ransomware_01361
50,0.008,0.4933333333333334,1,1,0.0,0.992,ransomware_01362
3,0.125,0.4666666666666666,1,1,0.0,0.875,ransomware_01364
50,0.007936507936507936,0.5,1,1,0.0,0.9920634920634921,ransomware_01367
39,0.008753501400560224,0.449659863945578,1,1,-0.16096823732291388,1.0416666666666667,ransomware_01368
3,0.1,0.8095238095238095,1,1,0.0,0.9,ransomware_01369
3,0.14285714285714285,0.0,1,1,0.0,0.8571428571428571,ransomware_01370
50,0.00819672131147541,0.45833333333333315,1,1,0.0,0.9918032786885246,ransomware_01371
2,0.07142857142857142,0.8222222222222222,1,1,0.0,0.9285714285714286,ransomware_01372
50,0.008064516129032258,0.48198198198198183,1,1,0.0,0.9919354838709677,ransomware_01373
50,0.008695652173913044,0.3435897435897436,1,1,0.0,0.991304347826087,ransomware_01374
32,0.008830650904429568,0.36545893719806766,1,1,-0.13655971335842765,1.0420168067226891,ransomware_01375
50,0.008333333333333333,0.4238095238095236,1,1,0.0,0.9916666666666667,ransomware_01376
5,0.0044832560134107835,0.8146149519030875,1,1,-0.24317674021211821,1.013215859030837,ransomware_01377
3,0.125,0.4666666666666666,1,1,0.0,0.875,ransomware_01378
3,0.05263157894736842,0.9395604395604396,1,1,-0.5619514869490169,0.9473684210526315,ransomware_01379
2,0.05263157894736842,0.8866758241758241,1,1,0.0,0.9473684210526315,ransomware_01380
3,0.14285714285714285,0.0,1,1,0.0,0.8571428571428571,ransomware_01383
2,0.05555555555555555,0.930909090909091,1,1,0.0,0.9444444444444444,ransomware_01384
3,0.1111111111111111,0.6111111111111112,1,1,0.0,0.8888888888888888,ransomware_01386
41,0.007904919845218353,0.6008080808080813,1,1,-0.1957198661422028,1.0592592592592593,ransomware_01388
50,0.008264462809917356,0.4319248826291078,1,1,0.0,0.9917355371900827,ransomware_01389
2,0.08888888888888889,0.7619047619047619,1,1,0.0,0.8,ransomware_01391
9,0.05,0.1515151515151515,1,1,0.0,0.95,ransomware_01392
24,0.004712831469146663,0.8132334792098107,1,1,-0.4226034829899432,1.0273972602739727,ransomware_01393
3,0.14285714285714285,0.0,1,1,0.0,0.8571428571428571,ransomware_01395
34,0.009164420485175202,0.05952380952380953,1,1,0.0,0.9622641509433962,ransomware_01398
3,0.1111111111111111,0.6111111111111112,1,1,0.0,0.8888888888888888,ransomware_01399
50,0.0078125,0.518803418803419,1,1,-0.1405673679543781,0.9921875,ransomware_01400
