scenario_id,total_input_mean,total_output_mean,fee_ratio_mean,fee_ratio_std,amount_decay_slope,output_amount_gini,denomination_entropy,round_number_ratio,io_amount_similarity,num_txns,mean_num_inputs,mean_num_outputs,io_count_ratio,unique_input_addrs,unique_output_addrs,fanout_ratio,fanin_ratio,address_reuse_ratio,change_output_ratio,script_type_entropy,time_span_hours,inter_tx_delta_mean,inter_tx_delta_std,inter_tx_delta_min,burstiness_B,hour_of_day_entropy,prop_delta_mean,prop_delta_std,prop_delta_cv,suspicious_infra_ratio,unique_asn_count,asn_concentration,unique_country_count,country_concentration,unique_ip_count,ip_to_addr_ratio,alt_port_ratio,unique_user_agents,script_type_mode,max_chain_length,graph_density,avg_clustering,max_in_degree,max_out_degree,degree_assortativity,edge_to_node_ratio
layering_01551,0.00036352125,0.0002106825,0.5422311140052283,0.3799679251848807,-8.144166666666668e-05,0.6822607033094827,3.402518266268434,0.0,0.4577688859947716,8,1.0,4.0,0.25,8,32,4.0,1.0,0.03125,0.0,1.4056390622252386,0.0,0.0,0.0,0.0,0.0,-1.4428232973175177e-12,236.625,177.14960384617612,0.7486512576700523,0.625,2,0.625,2,0.625,2,0.25,0.125,4,0,2,0.0185013876040703,0.9157509157509158,1,1,0.0,0.851063829787234
layering_01552,102.9774812725,102.9769681575,4.982771962271124e-06,2.3894490746923383e-06,-0.0005351276190469,6.820505716786659e-06,2.749999999989901,0.0,0.999995017228038,8,1.0,1.0,1.0,8,8,1.0,1.0,0.875,0.0,1.4056390622252386,0.0,0.0,0.0,0.0,0.0,-1.4428232973175177e-12,283.0,99.24716620639605,0.3506967003759577,0.875,2,0.625,2,0.625,2,0.25,0.0,3,0,8,0.0588235294117647,0.0,1,1,0.0,0.9411764705882352
layering_01553,0.0041345891333333,0.0037454880333333,0.2147982975086342,0.2417193081463438,6.395517927976972e-07,0.6914075755037005,3.905276953297732,0.0,0.7852017024913658,300,1.4266666666666667,5.416666666666667,0.2633846153846154,428,1625,5.416666666666667,1.4266666666666667,0.1981538461538461,0.0016666666666666,1.7050908606173976,1.3955555555555557,16.80267558528428,23.167656922731823,0.0,0.1592426416810778,0.9927744539849228,288.50333333333333,128.140534743578,0.4441561671508521,0.43,2,0.5066666666666667,2,0.5066666666666667,3,0.0070093457943925,0.17,4,0,15,0.0004979468484791,0.910722411841282,1,1,-0.4461924255265649,1.0108321024126046
layering_01554,0.0009733624999999,0.0005688825,0.5256905177061941,0.3169709005678716,-5.918095238095215e-06,0.6696874337643745,3.353533948558727,0.0,0.4743094822938059,8,1.875,3.25,0.5769230769230769,15,26,3.25,1.875,0.0384615384615384,0.0,0.9544340029220796,0.0,0.0,0.0,0.0,0.0,-1.4428232973175177e-12,278.375,90.59791467168074,0.3254527693639182,0.75,1,1.0,1,1.0,1,0.0666666666666666,0.0,4,0,2,0.0181737588652482,0.825,1,1,-0.4736706423410006,0.8541666666666666
layering_01555,0.1047768120333333,0.1043686797333333,0.0559068173902249,0.0770370065610089,-0.0012602365694018,0.8670323256256594,3.628626027887465,0.0044510385756676,0.9440931826097752,300,1.0,2.2466666666666666,0.4451038575667655,300,674,2.2466666666666666,1.0,0.443620178041543,0.0011111111111111,1.73011658631994,254.99277777777775,3070.1471571906354,4369.943787675277,7.0,0.1747017126694635,4.4940737510079005,276.0233333333333,127.06689619744814,0.4603483867213453,0.4033333333333333,1,1.0,1,1.0,1,0.0033333333333333,0.1733333333333333,4,0,10,0.001025641025641,0.6264483253372142,1,1,0.0,0.9989743589743588
layering_01557,0.4470174360666666,0.4466108253333333,0.0232056694862699,0.0526624760630325,-0.0048412920580228,0.8370882396080577,3.8293337614526006,0.0134943181818181,0.97679433051373,300,3.013333333333333,4.693333333333333,0.6420454545454545,904,1408,4.693333333333333,3.013333333333333,0.6413352272727273,0.0175555555555555,1.770624437693188,25.093333333333334,302.12709030100336,647.8674230850615,0.0,0.3639392942931176,4.450557417344231,272.4433333333333,125.61138825129252,0.4610550998420192,0.4066666666666667,2,0.52,2,0.52,2,0.0022123893805309,0.16,4,0,19,0.0007920596703222,0.7526404542648526,1,1,-0.7233986555625924,1.352837916910474
layering_01559,0.0491714741999999,0.0487596381333333,0.0779008277948952,0.0950829924264998,-0.0006372976104312,0.8635454198329197,3.5493798949401216,0.0012714558169103,0.9220991722051048,300,1.0466666666666666,5.243333333333333,0.1996185632549268,314,1573,5.243333333333333,1.0466666666666666,0.1989828353464717,0.0011111111111111,1.732673000908711,180.56944444444449,2174.080267558528,3104.720277294893,0.0,0.1762976270516026,4.517531027236624,262.1933333333333,130.09107674902722,0.4961647006624649,0.3966666666666666,1,1.0,1,1.0,1,0.0031847133757961,0.1433333333333333,4,0,5,0.0005376065312783,0.8962529376307264,1,1,-0.1601238753440736,1.0069370330843117
layering_01560,0.07847595125,0.0780441074999999,0.0054910793269397,0.0025675861513913,-0.0004208114285714,0.0070769596538728,2.9999999999884586,0.0,0.9945089206730604,8,1.0,1.0,1.0,8,8,1.0,1.0,0.875,0.0,1.7499999999942293,0.0,0.0,0.0,0.0,0.0,-1.4428232973175177e-12,245.125,126.07870274441392,0.5143445292989859,0.25,2,0.875,2,0.875,3,0.375,0.25,3,0,8,0.0588235294117647,0.0,1,1,0.0,0.9411764705882352
layering_01561,0.44357213375,0.44314753,0.0133371534030041,0.0315256298819427,-0.1875521052380952,0.6315014955921404,3.782122224123665,0.037037037037037,0.9866628465969958,8,1.0,3.375,0.2962962962962963,8,27,3.375,1.0,0.2592592592592592,0.0,1.8112781244533624,0.0,0.0,0.0,0.0,0.0,-1.4428232973175177e-12,271.0,145.7659572249786,0.5378817609777807,0.5,2,0.75,2,0.75,3,0.375,0.25,2,0,2,0.0277777777777777,0.7724497724497724,1,1,0.0,0.9722222222222222
layering_01562,0.0095166063666666,0.0091027035,0.1014058544077956,0.1116076652253987,-2.495666591184347e-05,0.6182356097517345,3.561546770177356,0.0048309178743961,0.8985941455922043,300,1.0,1.38,0.7246376811594204,300,414,1.38,1.0,0.7077294685990339,0.0,1.711290594475532,43.30833333333333,521.438127090301,693.8304458895667,0.0,0.1418553253430684,4.483211960481851,279.75,130.84924883136486,0.4677363675830737,0.4333333333333333,2,0.5066666666666667,2,0.5066666666666667,3,0.01,0.1366666666666666,4,0,32,0.0013754045307443,0.3314838236453437,1,1,0.0,0.9902912621359224
layering_01564,4.1508081359,4.150397905066667,0.0105186991895521,0.030006759318888,-0.0625512496573561,0.9255236551509604,3.6234052982584033,0.015221707478491,0.9894813008104478,300,1.0,5.036666666666667,0.1985440105890139,300,1511,5.036666666666667,1.0,0.1978821972203838,0.0033333333333333,1.7209259514780133,5.375555555555556,64.72240802675586,284.1839691007692,0.0,0.628998423246934,2.511215033066605,265.24666666666667,133.074070287309,0.5016993124160242,0.4,2,0.55,1,1.0,3,0.01,0.1433333333333333,4,0,5,0.0005518763796909,0.8909194604631112,1,1,0.0,0.9994481236203092
layering_01565,28.4662995475,28.46592316625,3.496144845914486e-05,4.8175392759063965e-05,-7.319925855119049,0.5608050192247822,3.5900172174697054,0.0,0.9999650385515408,8,1.0,4.375,0.2285714285714285,8,35,4.375,1.0,0.2,0.0,1.7499999999942293,0.0,0.0,0.0,0.0,0.0,-1.4428232973175177e-12,287.125,169.9482589327873,0.5918964177023502,0.25,2,0.75,2,0.75,3,0.375,0.125,4,1,3,0.0227272727272727,0.8854682354682354,1,1,3.5053717507993554e-08,0.9772727272727272
layering_01566,0.02196876375,0.02147918875,0.1301680737811208,0.2968607226131645,-0.0004733201190476,0.544829056853865,3.5234928140518926,0.027027027027027,0.8698319262188792,8,4.25,4.625,0.918918918918919,34,37,4.625,4.25,0.5945945945945946,0.0625,0.9544340029220796,0.0,0.0,0.0,0.0,0.0,-1.4428232973175177e-12,257.375,120.19738231045514,0.4670126558929777,0.625,1,1.0,1,1.0,1,0.0294117647058823,0.0,3,0,7,0.0222431077694235,0.8333945066538105,1,1,-0.8625863224710977,1.2456140350877194
layering_01567,0.112885155,0.1124545,0.0080570175261724,0.009710453814722,-0.035378399047619,0.6520323147120177,3.928255912873345,0.0,0.9919429824738276,8,1.0,5.75,0.1739130434782608,8,46,5.75,1.0,0.1521739130434782,0.0,1.561278124454805,0.0,0.0,0.0,0.0,0.0,-1.4428232973175177e-12,251.5,107.30597107603764,0.426663900898758,0.5,2,0.625,2,0.625,3,0.375,0.125,4,0,3,0.0181818181818181,0.9212970244885138,1,1,0.0,0.9818181818181818
layering_01568,0.0142592663333333,0.0138470509,0.1292879091004349,0.1319201427509627,-6.206461182235367e-05,0.8283302195157763,3.547184218106112,0.0,0.870712090899565,300,1.0,5.43,0.1841620626151013,300,1629,5.43,1.0,0.1829343155310006,0.0,1.7609026520510365,628.7930555555556,7570.752508361204,12870.779889689988,9.0,0.2592774004474374,4.548580764034362,267.28,129.40895328622148,0.4841699838604515,0.4266666666666667,2,0.5233333333333333,2,0.5233333333333333,3,0.01,0.1566666666666666,4,0,8,0.0005175980659166,0.9044995368416584,1,1,0.0,0.9989642672190576
layering_01569,0.121587325,0.1211896274999999,0.0054492286087302,0.0052558134582397,-0.0301324207142857,0.5423864436865984,2.699513850309867,0.0,0.9945507713912698,8,1.0,1.75,0.5714285714285714,8,14,1.75,1.0,0.5,0.0,1.7499999999942293,26.64555555555556,13703.42857142857,13151.67893526627,1254.0,-0.0205454264528545,2.749999999989901,249.375,144.32694778572315,0.5787546778374864,0.5,2,0.5,2,0.5,2,0.25,0.25,2,0,5,0.0434782608695652,0.4552380952380952,1,1,0.0,0.9565217391304348
layering_01570,0.0534723052999999,0.0530533345333333,0.0820969951834694,0.1000303183773825,-0.0006634807094656,0.8961414400416902,3.65768840584224,0.0025157232704402,0.9179030048165304,300,1.0,2.65,0.3773584905660377,300,795,2.65,1.0,0.3761006289308176,0.0,1.6934290011566813,15.328888888888889,184.561872909699,636.8149676538156,0.0,0.5506036601103136,3.682494891931305,288.68333333333334,126.2091606407966,0.4371889405027305,0.41,2,0.5166666666666667,2,0.5166666666666667,3,0.01,0.1433333333333333,4,0,15,0.000912408759124,0.7214386813633054,1,1,0.0,0.999087591240876
layering_01571,0.3330276440000001,0.3325782579999999,0.0089631433513744,0.0141002877878194,-0.0811951814999999,0.7026564872773833,4.023753304187989,0.0111111111111111,0.9910368566486254,15,1.0,6.0,0.1666666666666666,15,90,6.0,1.0,0.1555555555555555,0.0,1.456564762126626,25.185,6476.142857142857,6789.284591568255,34.0,0.0236058533082417,2.9232314287846366,279.4,159.42566561611986,0.5706000916826052,0.4666666666666667,2,0.5333333333333333,2,0.5333333333333333,3,0.2,0.2,4,2,3,0.0094339622641509,0.917987141064064,1,1,1.4363096886386952e-08,0.9905660377358492
layering_01572,0.523731105,0.5233028225,0.0055901876746369,0.0103306332555211,-0.2151983909523809,0.7186654448834751,3.630275354860336,0.0,0.9944098123253632,8,1.0,3.375,0.2962962962962963,8,27,3.375,1.0,0.2592592592592592,0.0,1.4056390622252386,0.0,0.0,0.0,0.0,0.0,-1.4428232973175177e-12,226.875,140.91784587380792,0.6211254914548008,0.5,2,0.625,2,0.625,2,0.25,0.25,4,2,4,0.0277777777777777,0.7542388167388168,1,1,0.0,0.9722222222222222
layering_01573,0.6933959562500001,0.69304971125,0.0007322653444991,0.0009253407196691,-0.0993750808333333,0.4627520787435742,2.549523459587733,0.0,0.9992677346555008,8,1.0,1.75,0.5714285714285714,8,14,1.75,1.0,0.5,0.0,1.561278124454805,0.0,0.0,0.0,0.0,0.0,-1.4428232973175177e-12,239.125,111.53915071784051,0.4664470495257313,0.5,1,1.0,1,1.0,1,0.125,0.25,3,0,7,0.0434782608695652,0.4833333333333333,1,1,0.0,0.9565217391304348
layering_01574,2.00547529875,2.0051133562500003,0.0003424926164462,0.0002272054357187,-0.6127343858333334,0.5969180017541098,3.579061133492784,0.0,0.9996575073835536,8,1.0,3.875,0.2580645161290322,8,31,3.875,1.0,0.2258064516129032,0.0,1.4056390622252386,0.0963888888888888,49.57142857142857,43.87598478457579,6.0,-0.0609481159757197,-1.4428232973175177e-12,256.0,133.97654378925546,0.5233458741767791,0.375,1,1.0,1,1.0,1,0.125,0.125,2,0,3,0.025,0.875719246031746,1,1,0.0,0.975
layering_01575,0.5313764912500001,0.5309058225000001,0.0008853226026599,0.000581814987655,-0.0004899859523809,0.0012113383113252,2.749999999989901,0.0,0.99911467739734,8,1.0,1.0,1.0,8,8,1.0,1.0,0.875,0.0,1.8112781244533624,0.0,0.0,0.0,0.0,0.0,-1.4428232973175177e-12,291.625,121.49066689609182,0.4165989434928138,0.375,1,1.0,1,1.0,1,0.125,0.0,4,0,8,0.0588235294117647,0.0,1,1,0.0,0.9411764705882352
layering_01577,0.00023043,5.611125000000001e-05,0.8509957986866521,0.2364594532193735,9.96785714285717e-07,0.6819021310767621,2.357600472614811,0.0,0.1490042013133479,8,2.5,2.625,0.9523809523809524,20,21,2.625,2.5,0.0,0.03125,1.561278124454805,0.0,0.0,0.0,0.0,0.0,-1.4428232973175177e-12,220.875,99.88055366286272,0.4522039781001142,0.375,2,0.625,2,0.625,2,0.1,0.125,3,0,1,0.0174319727891156,0.8048780487804879,1,1,-0.5545975024918256,0.8367346938775511
layering_01578,0.1929744881,0.1925657431333333,0.0064733802208521,0.0275193642848891,0.0004433267545106,0.5925366685784422,3.21765719619552,0.0097014925373134,0.993526619779148,300,4.236666666666666,4.466666666666667,0.948507462686567,1271,1340,4.466666666666667,4.236666666666666,0.9261194029850748,0.0225,1.7413862862096057,155.76944444444445,1875.484949832776,2805.939594080089,0.0,0.1987545960678057,4.5342595098722,265.06666666666666,132.5327329627571,0.4999977350204619,0.41,2,0.5133333333333333,2,0.5133333333333333,3,0.002360346184107,0.1266666666666666,4,0,162,0.0009367723510438,0.6686115390100048,1,1,-0.8380580438444065,1.5634730538922157
layering_01579,0.7918971062,0.7914981934666667,0.033704934513476,0.0590819880873998,-0.0107367734435404,0.9276610686948976,3.751868113841304,0.010204081632653,0.966295065486524,300,1.153333333333333,5.553333333333334,0.2076830732292917,346,1666,5.553333333333334,1.153333333333333,0.2070828331332533,0.0033333333333333,1.77678612412189,68.27555555555556,822.0468227424749,793.0821323864515,0.0,-0.0179333608403493,4.511167837220086,267.2866666666667,127.54760861642256,0.4771940561310798,0.3866666666666666,2,0.51,2,0.51,3,0.0086705202312138,0.1766666666666666,4,0,6,0.0005202835597118,0.9001458582742329,1,1,-0.2847636986619136,1.0228774783934926
layering_01580,0.00048508625,0.0001628724999999,0.7569579001302581,0.2908162376761966,-7.476880952380952e-05,0.7994911298569066,3.1586617673241277,0.0,0.2430420998697419,8,1.0,5.25,0.1904761904761904,8,42,5.25,1.0,0.0,0.0,1.2987949406910706,0.0,0.0,0.0,0.0,0.0,-1.4428232973175177e-12,292.75,147.27791998220818,0.5030842697940501,0.625,1,1.0,1,1.0,2,0.25,0.25,3,0,1,0.0151240169388989,1.0,1,1,0.0,0.8620689655172413
layering_01581,2.803625e-05,3.75e-06,0.8491072725774222,0.1419103895188953,-2.8571428571428564e-07,-3.6140072416183473e-16,-1.4428232973175177e-12,0.0,0.1508927274225778,8,1.0,3.75,0.2666666666666666,8,30,3.75,1.0,0.0,0.0,1.905639062223796,0.0,0.0,0.0,0.0,0.0,-1.4428232973175177e-12,193.125,106.0666064319963,0.5492122015896249,0.25,2,0.75,2,0.75,2,0.25,0.125,2,1,1,0.0183574879227053,0.8421052631578947,1,1,0.0,0.8260869565217391
layering_01582,0.332614925,0.33232958,0.0009468164276295,0.0004589233929613,-0.0231980935714285,0.2456300053097893,1.5709505944488975,0.0,0.9990531835723704,8,1.375,1.25,1.1,11,10,1.25,1.375,0.7,0.0,1.905639062223796,0.0,0.0,0.0,0.0,0.0,-1.4428232973175177e-12,281.875,132.1627108637574,0.4688699276763012,0.5,1,1.0,1,1.0,1,0.0909090909090909,0.125,4,1,8,0.0454545454545454,0.4591836734693877,1,1,-0.1980295085953347,0.9545454545454546
layering_01583,0.0117969406333333,0.0113907944,0.1219862542525105,0.1237444825045064,-4.855273447927196e-05,0.8008233364012052,3.480096816522662,0.0019243104554201,0.8780137457474894,300,1.0,5.196666666666666,0.1924310455420141,300,1559,5.196666666666666,1.0,0.1911481719050673,0.0,1.7729320512656324,271.1988888888889,3265.2709030100336,4488.8287658534455,5.0,0.1577949620323553,4.518834214615365,276.8466666666667,133.03303769848492,0.4805296711723152,0.3566666666666667,2,0.51,2,0.51,3,0.01,0.1666666666666666,4,0,9,0.0005370566177277,0.8998748244424094,1,1,0.0,0.99892530897367
layering_01584,0.3367692376333333,0.3363794948333333,0.0301842288190388,0.0547105008250546,0.0002740944654207,0.8773506644849586,3.730151522646968,0.0071105365223012,0.9698157711809612,300,1.7566666666666666,5.156666666666666,0.3406593406593406,527,1547,5.156666666666666,1.7566666666666666,0.3400129282482224,0.0055,1.7159352259434244,0.0,0.0,0.0,0.0,0.0,-1.4428232973175177e-12,277.6533333333333,131.1866339685394,0.4724835549193458,0.4133333333333333,2,0.5,2,0.5,3,0.0056925996204933,0.1,4,0,7,0.0006076309541388,0.8590608223075163,1,1,-0.5428107923008199,1.1222943722943723
layering_01585,0.0330123425,0.03248372125,0.0811031416221418,0.1102554846849863,-0.0122340953571428,0.7321720783452419,3.703465189580007,0.0,0.9188968583778582,8,1.0,3.125,0.32,8,25,3.125,1.0,0.28,0.0,1.548794940689628,0.0,0.0,0.0,0.0,0.0,-1.4428232973175177e-12,296.5,105.6828138481236,0.3564344480543797,0.25,1,1.0,1,1.0,1,0.125,0.125,3,0,4,0.0294117647058823,0.7290404040404039,1,1,0.0,0.9705882352941176
layering_01586,0.1316156824,0.1311874496666666,0.0477025337058115,0.0724323256393987,-0.0019025567269369,0.8795776501304611,3.550755248588973,0.0024301336573511,0.9522974662941884,300,1.0,5.486666666666666,0.1822600243013366,300,1646,5.486666666666666,1.0,0.1816524908869987,0.0011111111111111,1.724109267337662,161.65944444444443,1946.4013377926424,3262.5133528293054,2.0,0.2526653042343296,4.472134294106889,258.06666666666666,129.82778233403974,0.5030784642238688,0.3966666666666666,2,0.5633333333333334,2,0.5633333333333334,3,0.01,0.1133333333333333,4,0,5,0.0005136106831022,0.9042468426803588,1,1,0.0,0.9994863893168978
layering_01587,1.8296045115979385,1.829171756443299,0.0135566972562579,0.0433875713795475,-0.0360767733843853,0.8717073683640244,3.699543800049988,0.0072992700729927,0.9864433027437418,194,1.0,4.943298969072165,0.2022940563086548,194,959,4.943298969072165,1.0,0.2012513034410844,0.0017182130584192,1.686937349808498,141.63888888888889,2641.9689119170985,5361.980223399932,13.0,0.3398336577978635,4.42458644856918,263.6855670103093,130.40454829291784,0.4945456430226969,0.345360824742268,1,1.0,1,1.0,1,0.0051546391752577,0.1546391752577319,4,0,5,0.0008665511265164,0.8854307960557963,1,1,0.0,0.9991334488734837
layering_01588,0.0828754955333333,0.0824707875666666,0.063553697216117,0.0834505846913826,-0.0011731461990355,0.9027308693786508,3.591731401376294,0.0017528483786152,0.936446302783883,300,1.0,3.803333333333333,0.2629272567922874,300,1141,3.803333333333333,1.0,0.2620508326029798,0.0,1.6797578769898829,52.10361111111112,627.3344481605351,793.6319386407755,0.0,0.1170312626849584,4.503442560920691,275.49,133.70417315750635,0.4853322195270476,0.4133333333333333,2,0.5066666666666667,2,0.5066666666666667,3,0.01,0.1333333333333333,4,0,8,0.0006934812760055,0.8218674495382029,1,1,0.0,0.9993065187239945
layering_01589,1.34168324375,1.34120889375,0.0042832892505935,0.0080399878614899,-0.4611645153571428,0.7868076786563754,3.874669710219381,0.0277777777777777,0.9957167107494064,8,1.0,4.5,0.2222222222222222,8,36,4.5,1.0,0.1944444444444444,0.0,1.561278124454805,1.251111111111111,643.4285714285714,540.5866805459356,2.0,-0.0868585862480512,1.4056390622252386,322.5,132.133049829113,0.409714883191048,0.5,1,1.0,1,1.0,1,0.125,0.125,3,0,4,0.0222222222222222,0.8760929760929762,1,1,0.0,0.9777777777777776
layering_01590,2.27035938875,2.269989035,0.0003098582491652,0.0003513027170678,-0.5922993497619047,0.5517563256610287,3.67713910482882,0.0,0.9996901417508348,8,2.625,4.125,0.6363636363636364,21,33,4.125,2.625,0.4545454545454545,0.0,1.4056390622252386,0.1933333333333333,99.42857142857144,62.57534234335243,10.0,-0.2274835726320944,0.543564443196711,264.0,104.51247362328164,0.3958805819063699,0.5,2,0.625,2,0.625,3,0.1428571428571428,0.125,3,0,5,0.0249768732654949,0.8148485082874224,1,1,-0.6628509412747623,1.148936170212766
layering_01591,0.00060421,0.00031997625,0.5914496442559537,0.4156142505896744,-4.044892857142856e-05,0.7078660385351114,3.296488592807356,0.0,0.4085503557440462,8,1.0,4.875,0.2051282051282051,8,39,4.875,1.0,0.0769230769230769,0.0,1.4056390622252386,0.0,0.0,0.0,0.0,0.0,-1.4428232973175177e-12,277.625,70.85183231827631,0.2552069601738903,0.125,2,0.5,2,0.5,2,0.25,0.5,3,1,2,0.0177224736048265,0.9633215269578904,1,1,3.5370428260855664e-08,0.903846153846154
layering_01592,0.01971306875,0.01937646625,0.0804653848331588,0.1228425501539123,-0.0075375127380952,0.7667187278573785,3.85651995932668,0.0,0.9195346151668412,8,1.0,5.25,0.1904761904761904,8,42,5.25,1.0,0.1666666666666666,0.0,1.7499999999942293,0.0,0.0,0.0,0.0,0.0,-1.4428232973175177e-12,275.625,149.85987502616285,0.543709297147076,0.25,1,1.0,1,1.0,1,0.125,0.125,3,2,3,0.0196078431372549,0.9205569624174276,1,1,0.0,0.9803921568627452
layering_01594,0.02700932625,0.0266265525,0.0455816956224376,0.0616820273358395,-0.0094138419047619,0.6231941579476244,3.4832505306779904,0.0,0.9544183043775624,8,1.0,5.25,0.1904761904761904,8,42,5.25,1.0,0.1666666666666666,0.0,1.561278124454805,0.0,0.0,0.0,0.0,0.0,-1.4428232973175177e-12,284.5,138.88124423405776,0.4881590306996758,0.625,2,0.75,2,0.75,2,0.25,0.125,3,0,3,0.0196078431372549,0.9108894980988004,1,1,0.0,0.9803921568627452
layering_01595,1.35576039125,1.35534198375,0.0011869081333864,0.0017143403498812,-0.3312183529761905,0.6289919551501181,3.919119732732158,0.0476190476190476,0.9988130918666136,8,2.75,5.25,0.5238095238095238,22,42,5.25,2.75,0.5,0.0208333333333333,1.2987949406910706,0.0,0.0,0.0,0.0,0.0,-1.4428232973175177e-12,323.875,148.56401938942977,0.4587078946798294,0.25,2,0.5,2,0.5,3,0.1363636363636363,0.25,4,0,4,0.0250980392156862,0.8476595823597048,1,1,-0.7167439528123539,1.2549019607843137
layering_01598,0.017048145,0.01661518125,0.0721493152488046,0.0767479819689092,-0.0058407494047619,0.6640237633454444,3.756866543159439,0.0,0.9278506847511956,8,1.0,6.0,0.1666666666666666,8,48,6.0,1.0,0.1458333333333333,0.0,1.7499999999942293,0.0,0.0,0.0,0.0,0.0,-1.4428232973175177e-12,260.875,117.8527380129238,0.4517594173950122,0.375,1,1.0,1,1.0,1,0.125,0.125,4,0,3,0.0175438596491228,0.9260596546310832,1,1,0.0,0.9824561403508772
layering_01599,0.0030787716,0.0026794876333333,0.2542683433409529,0.2487349733241634,-9.808660385115385e-07,0.6691184645850862,3.831971326355627,0.0,0.7457316566590471,300,1.0,5.45,0.18348623853211,300,1635,5.45,1.0,0.1449541284403669,0.0,1.7100541878858562,0.0,0.0,0.0,0.0,0.0,-1.4428232973175177e-12,283.7633333333333,126.47281089311744,0.4456982140978425,0.42,2,0.5333333333333333,2,0.5333333333333333,3,0.01,0.1466666666666666,4,0,5,0.0004849616767493,0.9267448949427742,1,1,0.0,0.9684684684684683
layering_01600,0.5437104333666667,0.5432905067333333,0.0331950755911417,0.0579035256898667,-0.0009081423717819,0.912239902249406,3.683223228441792,0.0098461538461538,0.9668049244088583,300,1.11,5.416666666666667,0.2049230769230769,333,1625,5.416666666666667,1.11,0.2043076923076923,0.0,1.783682864109012,0.0,0.0,0.0,0.0,0.0,-1.4428232973175177e-12,277.24666666666667,129.11804956952253,0.4657154263454536,0.43,1,1.0,1,1.0,2,0.006006006006006,0.1666666666666666,4,0,5,0.0005281115561489,0.8958049867833892,1,1,-0.2463128902165597,1.0166147455867085
layering_01601,0.0010664024999999,0.00077846125,0.4221871704156436,0.3974785955075156,-7.699607142857144e-05,0.694407472704038,3.3064949473506897,0.0,0.5778128295843564,8,1.0,4.75,0.2105263157894736,8,38,4.75,1.0,0.1052631578947368,0.0,1.8112781244533624,0.0,0.0,0.0,0.0,0.0,-1.4428232973175177e-12,328.375,117.53289813008588,0.357922795980467,0.5,2,0.625,1,1.0,2,0.25,0.0,2,0,3,0.0187755102040816,0.9520098948670378,1,1,0.0,0.92
layering_01602,0.34152621,0.34122310875,0.0027974312570552,0.0033298852510435,-0.0860098394047619,0.730417806798738,3.823106786755462,0.0,0.9972025687429448,8,1.0,5.625,0.1777777777777777,8,45,5.625,1.0,0.1555555555555555,0.0,1.2987949406910706,0.0,0.0,0.0,0.0,0.0,-1.4428232973175177e-12,291.75,152.70676849065055,0.5234165158205675,0.5,2,0.625,2,0.625,3,0.375,0.375,4,0,3,0.0185185185185185,0.902500398152572,1,1,0.0,0.9814814814814816
layering_01605,0.00496875125,0.004613875,0.1270071786042667,0.0964294905865371,-0.0016100195238095,0.7117417313976604,3.631027697730985,0.0,0.8729928213957332,8,1.0,5.25,0.1904761904761904,8,42,5.25,1.0,0.1666666666666666,0.0,1.905639062223796,0.0,0.0,0.0,0.0,0.0,-1.4428232973175177e-12,300.875,112.42195705720226,0.3736500442283415,0.375,1,1.0,1,1.0,1,0.125,0.125,3,2,4,0.0196078431372549,0.9116260999981928,1,1,0.0,0.9803921568627452
layering_01606,0.004424535,0.00397203,0.1948286626342415,0.1511546088565939,-0.0013692959523809,0.6460535712637288,3.558518613030151,0.0,0.8051713373657585,8,1.0,2.625,0.3809523809523809,8,21,2.625,1.0,0.2857142857142857,0.0,0.8112781244562475,0.0,0.0,0.0,0.0,0.0,-1.4428232973175177e-12,256.625,120.81974472033002,0.4708027071420556,0.25,1,1.0,1,1.0,2,0.25,0.125,3,0,6,0.0311827956989247,0.6531400966183575,1,1,0.0,0.935483870967742
layering_01608,0.2798079412499999,0.27936609125,0.0190135124905725,0.0351530379510072,-0.0842955177380952,0.6707039112159964,3.5414460711453235,0.05,0.9809864875094274,8,1.0,2.5,0.4,8,20,2.5,1.0,0.35,0.0,1.4056390622252386,0.0,0.0,0.0,0.0,0.0,-1.4428232973175177e-12,350.25,181.35501883637755,0.5177873485692436,0.375,1,1.0,1,1.0,1,0.125,0.25,3,1,4,0.0344827586206896,0.6476499690785404,1,1,0.0,0.9655172413793104
layering_01609,2.7321915612500005,2.7317323675000003,0.0008893963175708,0.001386057284216,-0.8923341409523808,0.7077112862521294,3.135821824133609,0.0,0.9991106036824292,8,1.0,2.75,0.3636363636363636,8,22,2.75,1.0,0.3181818181818182,0.0,1.2987949406910706,0.0,0.0,0.0,0.0,0.0,-1.4428232973175177e-12,307.5,150.96357176484665,0.4909384447637289,0.125,2,0.875,2,0.875,2,0.25,0.0,2,0,4,0.032258064516129,0.7005844397148746,1,1,0.0,0.967741935483871
layering_01611,0.02497011625,0.02468455,0.0277049504829537,0.0316827557451691,-0.0071764852380952,0.7253021342043908,3.738608500708158,0.0,0.9722950495170464,8,1.0,4.0,0.25,8,32,4.0,1.0,0.21875,0.0,1.2987949406910706,0.0,0.0,0.0,0.0,0.0,-1.4428232973175177e-12,277.0,83.4950811211569,0.3014262856359455,0.125,2,0.625,2,0.625,2,0.25,0.125,4,0,3,0.024390243902439,0.8228756092392455,1,1,0.0,0.975609756097561
layering_01612,0.0007024737499999,0.0004492775,0.3613729000853092,0.2747806748995363,-6.962142857142849e-06,0.5021663088169868,3.642699721438929,0.0,0.6386270999146908,8,1.0,5.25,0.1904761904761904,8,42,5.25,1.0,0.0,0.0,1.2987949406910706,0.0,0.0,0.0,0.0,0.0,-1.4428232973175177e-12,279.0,109.4061894305541,0.3921368796794053,0.5,2,0.625,2,0.625,3,0.375,0.0,4,0,1,0.0151240169388989,1.0,1,1,0.0,0.8620689655172413
layering_01613,0.7030893625,0.7027400975,0.002744265932663,0.0049882453060343,-0.1241200938095238,0.717710712887493,3.817297284407841,0.0,0.9972557340673368,8,1.0,4.625,0.2162162162162162,8,37,4.625,1.0,0.1891891891891892,0.0,1.2987949406910706,0.0,0.0,0.0,0.0,0.0,-1.4428232973175177e-12,359.625,108.13079051381644,0.3006765116824927,0.5,2,0.75,2,0.75,3,0.375,0.125,2,2,3,0.0217391304347826,0.8807779939358887,1,1,0.0,0.9782608695652174
layering_01614,0.0348954575,0.0345057349999999,0.0265481179514874,0.0229936432519422,-0.0065714445238095,0.7498164468496717,4.08376514104214,0.0,0.9734518820485124,8,1.0,5.5,0.1818181818181818,8,44,5.5,1.0,0.1590909090909091,0.0416666666666666,1.9999999999942293,0.0,0.0,0.0,0.0,0.0,-1.4428232973175177e-12,325.875,162.2136488004103,0.4977787458393872,0.5,1,1.0,1,1.0,1,0.125,0.25,3,0,3,0.0188679245283018,0.9176419876419876,1,1,0.0,0.981132075471698
layering_01615,0.0002558487499999,5.983875e-05,0.7710846980181066,0.26733424982184,1.4851785714285716e-05,0.7348351915469798,2.372589047114708,0.0,0.2289153019818934,8,1.0,5.5,0.1818181818181818,8,44,5.5,1.0,0.0,0.0,1.499999999995672,0.0,0.0,0.0,0.0,0.0,-1.4428232973175177e-12,254.0,102.57122960585558,0.4038237386057306,0.375,1,1.0,1,1.0,1,0.125,0.25,4,0,1,0.0146892655367231,1.0,1,1,0.0,0.8666666666666667
layering_01616,0.8628695987499999,0.8624100775,0.0014432481820189,0.0018339732931912,-0.2444359757142857,0.6240935828956701,3.806141766886896,0.0192307692307692,0.998556751817981,8,1.0,6.5,0.1538461538461538,8,52,6.5,1.0,0.1346153846153846,0.0,1.2987949406910706,0.0,0.0,0.0,0.0,0.0,-1.4428232973175177e-12,199.5,129.97362369782132,0.6514968606407084,0.375,2,0.875,2,0.875,2,0.25,0.0,4,0,2,0.0163934426229508,0.9291331310199236,1,1,0.0,0.9836065573770492
layering_01617,0.0157513583333333,0.0153380752333333,0.1043730606472057,0.1014993172621268,-0.0001949218419382,0.8117081708187837,3.457518800672322,0.0018237082066869,0.8956269393527944,300,1.0,5.483333333333333,0.182370820668693,300,1645,5.483333333333333,1.0,0.1817629179331307,0.0,1.712037533112288,18.621944444444445,224.21070234113716,316.68894102953726,0.0,0.1709711585537605,4.210930354759348,284.43,133.6409046837168,0.4698551653613078,0.44,2,0.5433333333333333,2,0.5433333333333333,2,0.0066666666666666,0.1266666666666666,4,0,5,0.000513874614594,0.9044667024618418,1,1,0.0,0.999486125385406
layering_01618,0.004341485,0.00385964875,0.2025559402596468,0.1922654281241238,-0.0004523924999999,0.6210113058096492,3.763623631759301,0.0,0.7974440597403533,8,1.0,6.125,0.1632653061224489,8,49,6.125,1.0,0.1224489795918367,0.0,1.905639062223796,0.0,0.0,0.0,0.0,0.0,-1.4428232973175177e-12,260.875,121.05894373049377,0.4640496165998802,0.625,2,0.5,2,0.5,3,0.375,0.0,4,0,3,0.0166569257744009,0.9385542562013148,1,1,0.0,0.9661016949152542
layering_01620,0.0223909578,0.0219917834,0.1010159537534758,0.1147873464187186,-2.589152305692284e-05,0.8230486722978662,3.705391252616257,0.0031847133757961,0.8989840462465243,300,1.68,5.233333333333333,0.3210191082802547,504,1570,5.233333333333333,1.68,0.3165605095541401,0.0061111111111111,1.735409456539286,0.0,0.0,0.0,0.0,0.0,-1.4428232973175177e-12,274.05,132.4504861104821,0.4833077398667473,0.4266666666666667,1,1.0,1,1.0,1,0.0019841269841269,0.18,4,0,36,0.000588995050624,0.8613005864053742,1,1,-0.5300142478160911,1.104954714970698
layering_01621,1.266899818666667,1.2664882033333331,0.0029449916629324,0.0066998317406326,-0.2679565093214285,0.7950302281913693,3.922366699246825,0.0,0.9970550083370676,15,1.0,5.0,0.2,15,75,5.0,1.0,0.1866666666666666,0.0,1.6729055953142853,0.1763888888888889,45.35714285714285,84.18229126880135,4.0,0.2997168288840207,0.9967916319787512,249.2,114.03833941768382,0.4576177344208821,0.6,2,0.5333333333333333,2,0.5333333333333333,2,0.1333333333333333,0.2,3,0,3,0.0109890109890109,0.9044106478317004,1,1,0.0,0.989010989010989
layering_01622,0.0041645875,0.00385202125,0.1881775475332366,0.3259602409741931,-0.0014665544047619,0.6548201155432357,3.540954208713458,0.0,0.8118224524667634,8,1.0,5.625,0.1777777777777777,8,45,5.625,1.0,0.1555555555555555,0.0,0.8112781244562475,0.0,0.0,0.0,0.0,0.0,-1.4428232973175177e-12,355.0,123.27669227044848,0.3472582880857704,0.625,2,0.625,2,0.625,3,0.375,0.0,2,0,3,0.0185185185185185,0.9202917855091768,1,1,0.0,0.9814814814814816
layering_01624,0.0282938512499999,0.0277149175,0.0961204027175136,0.0889037018291525,-0.0103004657142857,0.7796766756960309,3.68590118274676,0.0,0.9038795972824863,8,1.0,4.875,0.2051282051282051,8,39,4.875,1.0,0.1794871794871795,0.0,1.4056390622252386,0.0,0.0,0.0,0.0,0.0,-1.4428232973175177e-12,258.0,117.39311247744844,0.4550120638660792,0.5,2,0.625,2,0.625,3,0.375,0.0,2,0,3,0.0208333333333333,0.9091991341991342,1,1,0.0,0.9791666666666666
layering_01625,40.1615649575,40.161237525,9.202195215956406e-06,9.220733717221187e-06,3.2877195685714287,0.4932478034402165,3.2195282822836773,0.0,0.999990797804784,8,4.875,2.125,2.294117647058824,39,17,2.125,4.875,0.8823529411764706,0.0,1.2987949406910706,0.0,0.0,0.0,0.0,0.0,-1.4428232973175177e-12,219.5,122.2363051049658,0.5568852168791152,0.25,1,1.0,1,1.0,1,0.0256410256410256,0.25,3,0,8,0.0238095238095238,0.910967623162745,1,1,-0.6259177560503362,1.1428571428571428
layering_01626,2.4348027725000003,2.43437657625,0.0011074047538548,0.0024991116363333,-0.5480930113095238,0.6272796346147089,3.848198627443884,0.0392156862745098,0.9988925952461452,8,1.0,6.375,0.1568627450980392,8,51,6.375,1.0,0.1372549019607843,0.0,0.543564443196711,0.0,0.0,0.0,0.0,0.0,-1.4428232973175177e-12,270.75,137.77803059372607,0.508875459256606,0.125,2,0.625,2,0.625,2,0.25,0.125,3,0,2,0.0166666666666666,0.9308588847050384,1,1,0.0,0.9833333333333332
layering_01627,0.0082985698,0.0078826718666666,0.1535425537329037,0.1422588645731339,-1.32682074511939e-05,0.764610463829592,3.5846477302018043,0.0,0.8464574462670963,300,1.0,5.376666666666667,0.1859888406695598,300,1613,5.376666666666667,1.0,0.1816491010539367,0.0,1.7037890031590064,510.2941666666667,6144.010033444816,6329.274998231931,40.0,0.0148529408505154,4.545835192073106,270.5733333333333,132.82041320054975,0.4908850830355902,0.36,2,0.5433333333333333,2,0.5433333333333333,3,0.01,0.1433333333333333,4,0,7,0.0005192048810144,0.9050803551729478,1,1,0.0,0.9963541666666668
layering_01629,0.0010798475,0.0006880075,0.5075725668856339,0.3290211410770979,-0.0002249021428571,0.5319542907114626,2.855388542195992,0.0,0.4924274331143661,8,1.625,1.5,1.0833333333333333,13,12,1.5,1.625,0.25,0.0,1.561278124454805,0.0,0.0,0.0,0.0,0.0,-1.4428232973175177e-12,321.375,118.34928631567058,0.368259156174782,0.375,1,1.0,1,1.0,1,0.0769230769230769,0.25,3,1,3,0.028735632183908,0.5681818181818182,1,1,-0.3157894736842107,0.8333333333333334
layering_01630,0.02941877125,0.028996075,0.0316998083351842,0.0350856096203335,-0.0072437433333333,0.7142167121360856,3.6629863129350486,0.0,0.9683001916648156,8,1.0,4.625,0.2162162162162162,8,37,4.625,1.0,0.1891891891891892,0.0,1.4056390622252386,0.0,0.0,0.0,0.0,0.0,-1.4428232973175177e-12,280.75,130.95009954722667,0.4664295620560166,0.375,2,0.75,2,0.75,3,0.375,0.125,4,2,3,0.0217391304347826,0.8900077992183255,1,1,0.0,0.9782608695652174
layering_01631,3.3762509181,3.375811936,0.0071355503629626,0.0277243904543591,-0.0389511040350315,0.8039785449942257,3.709818694451326,0.0129963898916967,0.9928644496370372,300,3.556666666666666,4.616666666666666,0.7703971119133575,1067,1385,4.616666666666666,3.556666666666666,0.7646209386281588,0.0159444444444444,1.6934290011566813,96.405,1160.7290969899666,2105.9524216365485,0.0,0.2893527634258033,4.469983714518401,266.09,129.46719435716415,0.4865541521934841,0.4166666666666667,2,0.5233333333333333,2,0.5233333333333333,2,0.0018744142455482,0.1266666666666666,4,0,24,0.0008559790766876,0.7195809627344234,1,1,-0.7773299648535861,1.4483165977554635
layering_01632,170.41250936476663,170.4120983492,0.0021448507860903,0.0133302342642491,-1.454286224098322,0.7534247752303453,3.4664664812086534,0.0,0.9978551492139096,300,1.0,1.1266666666666667,0.8875739644970414,300,338,1.1266666666666667,1.0,0.8846153846153846,0.0,1.764303201641151,6.8694444444444445,82.70903010033445,121.7324728048342,0.0,0.1908782813174729,2.774401942487521,283.87,127.83677314670403,0.4503356224564203,0.42,2,0.5266666666666666,2,0.5266666666666666,2,0.0066666666666666,0.17,4,0,42,0.001564945226917,0.1143181302473338,1,1,0.0,0.9984350547730828
layering_01633,0.40966478625,0.4091694575,0.051334317317643,0.1345788702206216,-0.1230848628571428,0.6497184231825986,3.6040317545349514,0.0344827586206896,0.948665682682357,8,1.0,3.625,0.2758620689655172,8,29,3.625,1.0,0.2413793103448276,0.0,1.4056390622252386,0.0,0.0,0.0,0.0,0.0,-1.4428232973175177e-12,373.125,101.88149628717812,0.2730492362805443,0.5,2,0.625,2,0.625,2,0.25,0.0,3,1,3,0.0263157894736842,0.8452380952380952,1,1,0.0,0.9736842105263158
layering_01634,0.02033136,0.01982013625,0.0659434999221417,0.0722858610404109,-0.006245266547619,0.6391177765115724,3.650822578793058,0.0,0.9340565000778582,8,1.375,4.875,0.282051282051282,11,39,4.875,1.375,0.2564102564102564,0.0,1.2987949406910706,0.0,0.0,0.0,0.0,0.0,-1.4428232973175177e-12,270.375,143.57570178431007,0.5310243246761353,0.625,2,0.5,2,0.5,2,0.1818181818181818,0.125,4,0,3,0.0221631205673758,0.8956793206793205,1,1,-0.4181164189825562,1.0416666666666667
layering_01635,0.000135415,1.924375e-05,0.89594417798479,0.1591177252126582,-9.305357142857144e-06,0.6650010052738212,0.8657150405828984,0.0,0.10405582201521,8,1.0,5.25,0.1904761904761904,8,42,5.25,1.0,0.0,0.0,1.905639062223796,0.0,0.0,0.0,0.0,0.0,-1.4428232973175177e-12,359.75,75.23819318860411,0.2091402173414985,0.5,2,0.625,2,0.625,2,0.25,0.125,4,1,1,0.0151240169388989,1.0,1,1,0.0,0.8620689655172413
layering_01636,0.00855479875,0.00820419375,0.0764236956067692,0.072293471840171,-0.0024885386904761,0.6419738418842195,3.7398227819871153,0.0,0.9235763043932308,8,1.0,5.0,0.2,8,40,5.0,1.0,0.175,0.0,1.499999999995672,0.0,0.0,0.0,0.0,0.0,-1.4428232973175177e-12,334.75,140.02627304494376,0.4183010397160381,0.375,2,0.625,2,0.625,2,0.25,0.375,3,0,3,0.0204081632653061,0.9254846779237024,1,1,0.0,0.979591836734694
layering_01638,0.0065369189666666,0.0061292094333333,0.1732745176772133,0.1866118574453466,-9.415494112156798e-06,0.7335976005470003,3.7249137515757,0.0006301197227473,0.8267254823227866,300,1.0,5.29,0.1890359168241966,300,1587,5.29,1.0,0.1808443604284814,0.0,1.684166006203483,9.685,116.6086956521739,237.0719745739656,0.0,0.3405989896048568,3.4042898703126827,281.5,126.46351278882628,0.4492487132817985,0.3333333333333333,1,1.0,1,1.0,1,0.0033333333333333,0.1566666666666666,4,0,7,0.0005229899393032,0.906667454073704,1,1,0.0,0.993157894736842
layering_01639,0.0774406295333333,0.0770243509333333,0.0600430478132024,0.0912087205083879,0.0001093525330014,0.855181410652128,3.6521856508573194,0.0044785668586052,0.9399569521867976,300,2.183333333333333,5.21,0.419065898912348,655,1563,5.21,2.183333333333333,0.418426103646833,0.0067222222222222,1.8060692984782836,0.0,0.0,0.0,0.0,0.0,-1.4428232973175177e-12,278.94,133.62698193479991,0.4790527781415355,0.42,2,0.52,2,0.52,2,0.0030534351145038,0.1466666666666666,4,0,11,0.0006387086221632,0.8293923922232703,1,1,-0.6350866389838309,1.1899141630901289
layering_01640,30.2650771925,30.26453302375,0.0005114953177649,0.000960977911302,-6.667265487499998,0.7205992540121069,3.667693162765099,0.0,0.999488504682235,8,1.0,5.125,0.1951219512195122,8,41,5.125,1.0,0.1707317073170731,0.0,0.9999999999971146,0.0,0.0,0.0,0.0,0.0,-1.4428232973175177e-12,373.875,114.5343834837382,0.3063440547876648,0.375,1,1.0,1,1.0,1,0.125,0.0,2,0,3,0.02,0.8937919223633509,1,1,0.0,0.98
layering_01642,0.0066074537499999,0.00619707375,0.136279821523817,0.112336487149745,-0.0022119422619047,0.651433141685981,3.989990675737619,0.0,0.8637201784761829,8,1.0,5.625,0.1777777777777777,8,45,5.625,1.0,0.1555555555555555,0.0,1.499999999995672,0.0,0.0,0.0,0.0,0.0,-1.4428232973175177e-12,273.5,129.53653648957226,0.4736253619362788,0.5,1,1.0,1,1.0,1,0.125,0.0,3,0,3,0.0185185185185185,0.9197898719637848,1,1,0.0,0.9814814814814816
layering_01644,0.0130396048333333,0.0126281124333333,0.1229451305549895,0.1236962032596616,-6.688479240658236e-05,0.8042584706646255,3.4775201702694134,0.0017761989342806,0.8770548694450104,300,1.1833333333333331,5.63,0.2101835405565423,355,1689,5.63,1.1833333333333331,0.2084073416222616,0.0,1.7045401172116752,5.446666666666666,65.57859531772576,82.99322821652041,0.0,0.1172135636793913,2.537643248652442,277.56666666666666,129.27600902948257,0.4657476006826561,0.3933333333333333,2,0.54,2,0.54,3,0.0084507042253521,0.1433333333333333,4,0,11,0.0005153713800455,0.896218463951568,1,1,-0.3199946465671863,1.0261044176706828
layering_01646,21.6300339375,21.62965283,1.7619571434886794e-05,1.2045056153850354e-05,-0.0003848897619045,2.3355336142884428e-05,2.9999999999884586,0.0,0.9999823804285652,8,1.0,1.0,1.0,8,8,1.0,1.0,0.875,0.0,1.2987949406910706,0.0,0.0,0.0,0.0,0.0,-1.4428232973175177e-12,328.5,96.71017083459807,0.2943993023884264,0.25,2,0.625,2,0.625,2,0.25,0.25,3,0,8,0.0588235294117647,0.0,1,1,0.0,0.9411764705882352
layering_01647,0.0014555925,0.00117459875,0.2277665443057173,0.2270140221951112,-0.0002673141666666,0.6540470646536386,3.4549868557539107,0.0,0.7722334556942826,8,2.625,3.0,0.875,21,24,3.0,2.625,0.2083333333333333,0.0,1.4056390622252386,0.0,0.0,0.0,0.0,0.0,-1.4428232973175177e-12,254.375,128.0914154589827,0.5035534760058288,0.25,2,0.625,2,0.625,3,0.1428571428571428,0.0,3,0,4,0.0199468085106383,0.917483660130719,1,1,-0.6355525695988511,0.9375
layering_01648,0.08458572125,0.0843289899999999,0.0095009364996761,0.0127319960067599,-0.0227471559523809,0.6411262597454153,3.642028949274492,0.0,0.9904990635003238,8,1.0,5.875,0.1702127659574468,8,47,5.875,1.0,0.1489361702127659,0.0,1.4056390622252386,0.0,0.0,0.0,0.0,0.0,-1.4428232973175177e-12,269.625,141.35561790847123,0.524267474857566,0.625,2,0.625,2,0.625,2,0.25,0.25,3,0,2,0.0178571428571428,0.9266899766899768,1,1,0.0,0.9821428571428572
layering_01649,0.2246060628333333,0.2241721605999999,0.0247533884922363,0.0529731908680245,-0.0020702858623629,0.7491146465595291,3.7360593056053646,0.0179856115107913,0.9752466115077636,300,2.256666666666667,2.78,0.8117505995203838,677,834,2.78,2.256666666666667,0.8045563549160671,0.0101111111111111,1.763654029249773,273.9219444444444,3298.056856187291,4581.776267562411,18.0,0.1629120047613709,4.5202212484197135,277.8933333333333,130.53102998208064,0.4697163059522142,0.4266666666666667,1,1.0,1,1.0,1,0.001477104874446,0.12,4,0,21,0.0011636862128983,0.7051705928762546,1,1,-0.533112457090741,1.325438596491228
layering_01650,0.043749415,0.0433349275,0.0173564567709109,0.0162165067231917,-0.0114535157142857,0.4143794286952484,2.1887218755336537,0.0,0.982643543229089,8,1.0,1.5,0.6666666666666666,8,12,1.5,1.0,0.5833333333333334,0.0,1.499999999995672,0.0,0.0,0.0,0.0,0.0,-1.4428232973175177e-12,217.875,144.04606158150546,0.6611408448950337,0.25,1,1.0,1,1.0,1,0.125,0.25,3,0,4,0.0476190476190476,0.3076923076923076,1,1,0.0,0.9523809523809524
layering_01651,0.00122189125,0.00065521375,0.5076872594748689,0.223218378190439,-0.0001448879761904,0.5231263453614718,4.11045474567305,0.0,0.4923127405251311,8,1.0,5.875,0.1702127659574468,8,47,5.875,1.0,0.0,0.0,1.4056390622252386,0.0,0.0,0.0,0.0,0.0,-1.4428232973175177e-12,301.5,96.92117563109872,0.3214632690915381,0.375,2,0.625,2,0.625,3,0.375,0.25,3,0,1,0.0140809011776753,1.0,1,1,0.0,0.873015873015873
layering_01652,0.078865,0.07850354,0.0409167227631422,0.0584822365685287,-0.0242294314285714,0.7406364631521883,3.6626951198042415,0.0,0.9590832772368578,8,1.0,4.75,0.2105263157894736,8,38,4.75,1.0,0.1842105263157894,0.0,1.905639062223796,0.0,0.0,0.0,0.0,0.0,-1.4428232973175177e-12,346.625,109.1145368081501,0.3147913070556079,0.625,1,1.0,1,1.0,1,0.125,0.125,3,0,3,0.0212765957446808,0.9022311022311024,1,1,0.0,0.9787234042553192
layering_01653,0.0022159225,0.00187179625,0.2439698500663928,0.1575838681985108,-0.0005463508333333,0.6517623567347531,3.880251085536316,0.0,0.7560301499336073,8,1.0,5.5,0.1818181818181818,8,44,5.5,1.0,0.1136363636363636,0.0,1.2987949406910706,0.0,0.0,0.0,0.0,0.0,-1.4428232973175177e-12,318.375,137.53642374710367,0.4319950490682486,0.375,1,1.0,1,1.0,1,0.125,0.125,3,0,2,0.0175084175084175,0.9445030147157808,1,1,0.0,0.9454545454545454
layering_01654,0.00016273375,1.38675e-05,0.9303266301291678,0.0774990015522938,-4.74642857142857e-06,0.5657620427766449,1.2961692541842162,0.0,0.0696733698708321,8,1.0,4.875,0.2051282051282051,8,39,4.875,1.0,0.0,0.0,0.9999999999971146,0.0,0.0,0.0,0.0,0.0,-1.4428232973175177e-12,207.625,148.7710969433051,0.7165374928033961,0.25,2,0.5,2,0.5,3,0.375,0.0,3,0,1,0.0158249158249158,0.8723404255319149,1,1,0.0,0.8545454545454545
layering_01655,0.0146028675,0.014231315,0.0712522254165536,0.0882804088287868,-0.0048355228571428,0.6751473488587143,3.7570917893111697,0.0,0.9287477745834464,8,1.0,5.375,0.1860465116279069,8,43,5.375,1.0,0.1627906976744186,0.0,1.561278124454805,0.0,0.0,0.0,0.0,0.0,-1.4428232973175177e-12,299.0,122.36129173184514,0.4092350894041643,0.75,2,0.625,1,1.0,2,0.25,0.0,4,0,3,0.0192307692307692,0.9173750491932312,1,1,0.0,0.9807692307692308
layering_01656,0.55336424,0.5526993375,0.0142915960352386,0.0364561494600639,-0.099348929047619,0.4205596715016541,1.9362600275257569,0.0,0.9857084039647614,8,1.0,1.375,0.7272727272727273,8,11,1.375,1.0,0.6363636363636364,0.0,1.561278124454805,0.0,0.0,0.0,0.0,0.0,-1.4428232973175177e-12,280.125,142.82900615771294,0.5098759702194126,0.5,1,1.0,1,1.0,1,0.125,0.0,2,0,6,0.05,0.2833333333333334,1,1,0.0,0.95
layering_01657,0.006393215,0.0060375325,0.1844338842256062,0.3284955556578965,0.0002341126190476,0.549379980510165,3.256699257852436,0.0,0.8155661157743939,8,4.0,4.875,0.8205128205128205,32,39,4.875,4.0,0.4358974358974359,0.0708333333333333,1.561278124454805,0.0,0.0,0.0,0.0,0.0,-1.4428232973175177e-12,214.0,115.64354098447768,0.5403903784321387,0.5,1,1.0,1,1.0,1,0.03125,0.125,4,0,6,0.0187731359069275,0.8711990019179562,1,1,-0.8477161066298183,1.1451612903225807
layering_01658,0.00756608875,0.0072197999999999,0.0562423195612353,0.0509035584666364,0.0003867121428571,0.5641760726184812,3.729725089480626,0.0,0.9437576804387646,8,3.375,4.125,0.8181818181818182,27,33,4.125,3.375,0.5151515151515151,0.0,1.905639062223796,0.0,0.0,0.0,0.0,0.0,-1.4428232973175177e-12,250.875,98.80635823959624,0.3938469685683956,0.5,2,0.875,2,0.875,2,0.074074074074074,0.125,3,0,7,0.0235294117647058,0.8615303301349816,1,1,-0.7839675793995649,1.1764705882352942
layering_01659,0.0112501120333333,0.0108488806,0.1248098420486906,0.1120989030977126,-0.0001320617231124,0.811587809538166,3.402504220831158,0.002172338884866,0.8751901579513094,300,1.0,4.6033333333333335,0.2172338884866039,300,1381,4.6033333333333335,1.0,0.2165097755249819,0.0,1.6952376606760646,95.2475,1146.7926421404682,1815.3727305935413,1.0,0.2257065370513022,4.485992187735121,265.86,129.60142294524175,0.4874799629325274,0.3733333333333333,1,1.0,1,1.0,1,0.0033333333333333,0.1733333333333333,4,0,9,0.0005945303210463,0.8845010713679317,1,1,3.87808917066842e-08,0.9994054696789536
layering_01660,0.0085579187333333,0.0081398281333333,0.1437827274360006,0.1618671151232903,-2.2723767224080276e-05,0.75456068760032,3.7361993600497136,0.0022953328232593,0.8562172725639994,300,1.2966666666666666,4.3566666666666665,0.297628156082632,389,1307,4.3566666666666665,1.2966666666666666,0.2754399387911247,0.0016666666666666,1.709287840128192,202.10972222222225,2433.4280936454848,3088.810414480314,4.0,0.118680553161631,4.52038229681712,283.94666666666666,125.46391700587496,0.4418573335575048,0.4466666666666666,2,0.5266666666666666,2,0.5266666666666666,3,0.0077120822622107,0.14,4,0,16,0.0006340518756121,0.8729760275198232,1,1,-0.358086381879901,1.0366748166259168
layering_01662,0.00289583125,0.002516805,0.198880409129556,0.2040626410717693,-0.0005070707142857,0.5900760090670515,3.530493056738727,0.0,0.801119590870444,8,1.375,2.25,0.6111111111111112,11,18,2.25,1.375,0.4444444444444444,0.0,1.4056390622252386,0.0,0.0,0.0,0.0,0.0,-1.4428232973175177e-12,256.5,146.07825691339949,0.5695058749060409,0.375,1,1.0,1,1.0,1,0.0909090909090909,0.125,4,0,7,0.0357142857142857,0.6248196248196248,1,1,-0.3433409505965549,1.0
layering_01663,0.00056387875,0.00016524625,0.7400428312779912,0.3150385862226083,-4.394559523809523e-05,0.7700822116956884,3.023397021369062,0.0,0.2599571687220088,8,1.0,5.375,0.1860465116279069,8,43,5.375,1.0,0.0,0.0,1.7499999999942293,0.0,0.0,0.0,0.0,0.0,-1.4428232973175177e-12,346.25,128.9703731205626,0.3724776119005418,0.25,2,0.625,2,0.625,2,0.25,0.5,3,2,1,0.0149035651665692,1.0,1,1,0.0,0.864406779661017
layering_01664,0.1539399175,0.15352039,0.0345444081154826,0.0405789271963128,-0.0581561411904762,0.8148823363394753,3.955311316606601,0.0,0.9654555918845174,8,1.25,4.75,0.2631578947368421,10,38,4.75,1.25,0.2368421052631578,0.0,1.4056390622252386,0.0,0.0,0.0,0.0,0.0,-1.4428232973175177e-12,239.5,69.39328909504557,0.2897423344260775,0.375,2,0.625,2,0.625,3,0.3,0.25,3,2,3,0.0222016651248843,0.8756257987027215,1,1,-0.3947613125542963,1.0212765957446808
layering_01667,0.0566564674999999,0.05624883125,0.0282146163253495,0.0375100230200039,-0.021985651547619,0.6905829068589838,3.4841450417252067,0.0,0.9717853836746504,8,1.0,5.5,0.1818181818181818,8,44,5.5,1.0,0.1590909090909091,0.0,1.2987949406910706,0.0,0.0,0.0,0.0,0.0,-1.4428232973175177e-12,370.375,115.7459502531298,0.3125101593064591,0.25,1,1.0,1,1.0,1,0.125,0.125,4,0,3,0.0188679245283018,0.9198268398268398,1,1,0.0,0.981132075471698
layering_01668,0.1998006499999999,0.1994730249999999,0.0055903694026161,0.0086339695898097,-0.0567744273809523,0.5969511974112792,3.753701696034265,0.0,0.994409630597384,8,3.125,5.0,0.625,25,40,5.0,3.125,0.55,0.0,1.561278124454805,0.0,0.0,0.0,0.0,0.0,-1.4428232973175177e-12,261.75,146.04769279734813,0.5579663526164208,0.25,1,1.0,1,1.0,1,0.04,0.125,3,0,5,0.0254901960784313,0.8060523076254951,1,1,-0.8427070668176783,1.2745098039215683
layering_01670,0.0123827487499999,0.0120030025,0.0592436877595625,0.0579179262084804,-0.0039530573809523,0.6263737158913177,3.696014342681405,0.0,0.9407563122404377,8,1.0,5.625,0.1777777777777777,8,45,5.625,1.0,0.1555555555555555,0.0,1.4056390622252386,0.0,0.0,0.0,0.0,0.0,-1.4428232973175177e-12,302.625,134.79077702657764,0.4454052937681211,0.75,1,1.0,1,1.0,1,0.125,0.25,3,0,3,0.0185185185185185,0.9061001800132236,1,1,0.0,0.9814814814814816
layering_01671,0.0034850168333333,0.0030676103333333,0.2416654754646979,0.2486464885986172,-2.944895743286036e-06,0.6755230568375382,3.863767259234836,0.0,0.758334524535302,300,1.4333333333333331,5.3,0.270440251572327,430,1590,5.3,1.4333333333333331,0.1761006289308176,0.0043888888888888,1.6610895950953657,496.625,5979.431438127091,8011.834191673246,14.0,0.1452622519879325,4.501181415411754,254.41666666666663,128.7352019831965,0.5060014490004449,0.4166666666666667,2,0.5166666666666667,2,0.5166666666666667,3,0.0069767441860465,0.1233333333333333,4,0,11,0.0004856282876073,0.9213752979274226,1,1,-0.4465475887176682,0.9901960784313726
layering_01672,0.00127145375,0.0008712375,0.4925319904318115,0.3445608190344495,-0.0002847116666666,0.4715027680249563,2.896291529034386,0.0,0.5074680095681885,8,1.0,1.75,0.5714285714285714,8,14,1.75,1.0,0.1428571428571428,0.0,1.0612781244548048,0.0,0.0,0.0,0.0,0.0,-1.4428232973175177e-12,324.375,80.55333193427994,0.2483339712810171,0.5,2,0.5,2,0.5,2,0.25,0.125,3,0,2,0.0291005291005291,0.4232142857142857,1,1,0.0,0.7857142857142857
layering_01673,24.354208175,24.35370339875,2.0726226162583003e-05,8.237314359512038e-06,-0.0004992146428571,2.690429492475145e-05,2.9999999999884586,0.0,0.9999792737738374,8,1.0,1.0,1.0,8,8,1.0,1.0,0.875,0.0,1.0612781244548048,0.0,0.0,0.0,0.0,0.0,-1.4428232973175177e-12,308.5,125.7400947533102,0.4075853962830152,0.625,2,0.5,2,0.5,3,0.375,0.5,3,0,8,0.0588235294117647,0.0,1,1,0.0,0.9411764705882352
layering_01674,0.0010476024999999,0.0007838275,0.3097120309103112,0.1956864844183762,-3.736166666666664e-05,0.5154814569106937,3.8381193458654823,0.0,0.6902879690896888,8,1.0,6.0,0.1666666666666666,8,48,6.0,1.0,0.0625,0.0,1.2987949406910706,0.0,0.0,0.0,0.0,0.0,-1.4428232973175177e-12,375.125,73.07615890288706,0.1948048221336542,0.375,1,1.0,1,1.0,2,0.25,0.0,3,2,2,0.0153005464480874,0.9703943854887253,1,1,0.0,0.918032786885246
layering_01675,0.0318440727666666,0.0314269271666666,0.0431978732892971,0.0741841445572478,7.121020025778062e-05,0.6089304485061363,3.638709512824486,0.009393680614859,0.9568021267107027,300,3.036666666666666,3.903333333333333,0.7779675491033304,911,1171,3.903333333333333,3.036666666666666,0.740392826643894,0.0135555555555555,1.7346185755825698,460.69,5546.769230769231,5613.924834767962,15.0,0.0060171530197301,4.532159897556648,274.68666666666667,129.48638629733773,0.4713966930709089,0.4166666666666667,1,1.0,1,1.0,1,0.0010976948408342,0.1533333333333333,4,0,177,0.0009076997528022,0.7437269256852271,1,1,-0.6948656361731321,1.3742574257425744
layering_01676,0.06037469125,0.059902315,0.013380472666681,0.019333272026946,-0.0071261564285714,0.6306177336385078,3.85869496953976,0.0,0.9866195273333188,8,3.75,5.0,0.75,30,40,5.0,3.75,0.425,0.0,1.0612781244548048,0.0,0.0,0.0,0.0,0.0,-1.4428232973175177e-12,285.625,124.64341997416928,0.4363883412662382,0.75,2,0.75,2,0.75,2,0.0666666666666666,0.125,4,0,6,0.0191256830601092,0.88170571566798,1,1,-0.7826803000758026,1.147540983606557
layering_01677,0.0414640924999999,0.0410649793333333,0.0848362928324334,0.0976265545455641,-0.0004661414034467,0.8689576928008906,3.56274902503968,0.0019120458891013,0.9151637071675668,300,1.3633333333333333,5.23,0.2606755895474824,409,1569,5.23,1.3633333333333333,0.260038240917782,0.0038888888888888,1.7235487987478744,155.6275,1873.7759197324413,2003.8584252845856,11.0,0.0335468726491211,4.524117443973523,266.53333333333336,133.7968892793288,0.5019893294622141,0.45,2,0.53,2,0.53,2,0.0048899755501222,0.15,4,0,6,0.0005659465011745,0.8792171987005452,1,1,-0.4169944000965666,1.0577540106951873
layering_01678,0.00113062625,0.00065412875,0.5006518117624928,0.3563569011389358,-0.0001225634523809,0.6929569245733349,4.040400719705877,0.0,0.499348188237507,8,1.0,6.0,0.1666666666666666,8,48,6.0,1.0,0.0416666666666666,0.0,1.561278124454805,0.0,0.0,0.0,0.0,0.0,-1.4428232973175177e-12,215.25,138.98175625393634,0.6456759872424452,0.25,1,1.0,1,1.0,1,0.125,0.25,3,0,2,0.0148069804336329,0.9797912992357436,1,1,0.0,0.9032258064516128
layering_01679,0.000493135,0.0001945175,0.6345960841041103,0.3119529435035644,2.9654761904761846e-06,0.6901756911331884,3.687227277847613,0.0,0.3654039158958896,8,1.0,6.5,0.1538461538461538,8,52,6.5,1.0,0.0384615384615384,0.0,1.7499999999942293,0.0,0.0,0.0,0.0,0.0,-1.4428232973175177e-12,200.375,108.1175781928439,0.5395761856161891,0.5,2,0.875,2,0.875,2,0.25,0.25,4,2,2,0.0139860139860139,0.9812783002438176,1,1,0.0,0.9090909090909092
layering_01680,0.0243741905,0.0239608703333333,0.0962891422024431,0.0993141100915625,-0.0003012322187135,0.839375987739577,3.504507703105872,0.0030599755201958,0.9037108577975568,300,1.0,5.446666666666666,0.1835985312117503,300,1634,5.446666666666666,1.0,0.1829865361077111,0.0,1.6842783962654628,254.41,3063.1304347826085,9567.47557872723,1.0,0.5149669886771467,4.452892458089297,275.9533333333333,132.0112915342118,0.4783826668792252,0.45,2,0.5033333333333333,2,0.5033333333333333,3,0.01,0.15,4,0,5,0.000516795865633,0.904035190090236,1,1,0.0,0.999483204134367
layering_01681,0.00901648,0.00856669125,0.1106614467364894,0.1387170358995748,-0.0023034263095238,0.7080306128985328,3.9086949695397593,0.0,0.8893385532635106,8,1.0,5.0,0.2,8,40,5.0,1.0,0.175,0.0,0.8112781244562475,0.0,0.0,0.0,0.0,0.0,-1.4428232973175177e-12,266.625,116.24228084971,0.4359766745418096,0.25,2,0.625,2,0.625,2,0.25,0.0,1,0,3,0.0204081632653061,0.9077587723929186,1,1,3.3193236525238216e-08,0.979591836734694
layering_01682,0.0204073175333333,0.0200303980666666,0.0878154438004062,0.1228819824501372,-0.0001587854065089,0.7725125455642753,3.722041665127563,0.0032010243277848,0.9121845561995936,300,2.286666666666666,5.206666666666667,0.439180537772087,686,1562,5.206666666666667,2.286666666666666,0.4206145966709347,0.0081111111111111,1.6762796242870923,216.74722222222223,2609.665551839465,2346.592490450371,19.0,-0.0530789678714048,4.540562046834884,290.91,128.30183071915337,0.4410361648590745,0.4033333333333333,1,1.0,1,1.0,1,0.0014577259475218,0.1333333333333333,4,0,101,0.0006289888891686,0.8292940444337225,1,1,-0.6486651671548419,1.1887890005288206
layering_01683,0.5129469625,0.512434585,0.0749085754833246,0.2050709580827665,-0.1785851535714286,0.6491036348066513,3.736280132589352,0.0,0.9250914245166753,8,1.0,3.625,0.2758620689655172,8,29,3.625,1.0,0.2413793103448276,0.0,1.8112781244533624,0.0,0.0,0.0,0.0,0.0,-1.4428232973175177e-12,330.125,141.36521849450804,0.4282172464809028,0.25,2,0.5,2,0.5,3,0.375,0.5,4,0,2,0.0263157894736842,0.786003626003626,1,1,0.0,0.9736842105263158
layering_01686,0.0065476978,0.0061463692666666,0.1595778294135452,0.1548326152584167,-6.245155270614114e-06,0.7316243145181472,3.621640972436921,0.0006082725060827,0.8404221705864547,300,1.0,5.48,0.1824817518248175,300,1644,5.48,1.0,0.1739659367396593,0.0,1.6748821642677707,54.531666666666666,656.5685618729098,675.8718025334424,1.0,0.0144871329150501,4.524610928778742,278.9166666666667,135.07222045267343,0.4842744683095552,0.4,2,0.5,2,0.5,3,0.01,0.1433333333333333,4,0,6,0.0005073325737263,0.9093435448079598,1,1,0.0,0.992849846782431
layering_01688,0.00068409,0.00028442375,0.6537332984744669,0.3033629125548292,-8.218630952380953e-05,0.689996879655795,3.949984696632834,0.0,0.346266701525533,8,1.0,5.625,0.1777777777777777,8,45,5.625,1.0,0.0222222222222222,0.0,1.7499999999942293,0.0,0.0,0.0,0.0,0.0,-1.4428232973175177e-12,299.875,91.8343812056714,0.3062422049376286,0.375,2,0.625,2,0.625,3,0.375,0.25,2,0,2,0.0149717514124293,0.9896449704142012,1,1,0.0,0.8833333333333333
layering_01690,0.0022906670333333,0.0018989607333333,0.2923670029683583,0.2673077438480186,-3.0102796697740594e-08,0.6439601107760284,3.927218714057461,0.0,0.7076329970316415,300,1.0,4.723333333333334,0.2117148906139731,300,1417,4.723333333333334,1.0,0.1425546930134086,0.0,1.7314920599430177,0.0,0.0,0.0,0.0,0.0,-1.4428232973175177e-12,269.66,132.64889810030118,0.4919116594982614,0.37,2,0.51,2,0.51,3,0.01,0.13,4,0,5,0.0005215024860208,0.912139294515532,1,1,0.0,0.9460055096418732
layering_01691,0.0096767324333333,0.0092678397333333,0.1318391144546482,0.1224328211709524,-2.6746621780241973e-05,0.7774592573352987,3.519731080601632,0.0006161429451632,0.8681608855453518,300,1.0,5.41,0.1848428835489833,300,1623,5.41,1.0,0.1811460258780036,0.0,1.7140499186346183,67.49027777777778,812.5919732441472,912.3717011939732,4.0,0.0578445386580837,4.487698728788586,259.81333333333333,123.20548062922832,0.4742076899924111,0.4066666666666667,1,1.0,1,1.0,1,0.0033333333333333,0.1633333333333333,4,0,8,0.0005170589108367,0.905758405021756,1,1,0.0,0.9968895800933126
layering_01692,0.0212467049999999,0.020793505,0.0499753902179506,0.0464657270326148,-0.0063704142857142,0.670994304516046,3.615999430172058,0.0,0.9500246097820492,8,1.0,6.75,0.1481481481481481,8,54,6.75,1.0,0.1296296296296296,0.0,1.4056390622252386,0.0,0.0,0.0,0.0,0.0,-1.4428232973175177e-12,339.375,137.6952509814959,0.4057318629289013,0.125,2,0.75,2,0.75,2,0.25,0.125,3,0,2,0.0158730158730158,0.932282263191354,1,1,0.0,0.984126984126984
layering_01694,0.00252839125,0.0021845899999999,0.198492232170896,0.1850421938111773,-0.0006871328571428,0.6497919587435241,3.8162327553042057,0.0,0.801507767829104,8,1.0,4.125,0.2424242424242424,8,33,4.125,1.0,0.2121212121212121,0.0,1.8112781244533624,0.0,0.0,0.0,0.0,0.0,-1.4428232973175177e-12,257.625,66.25694033727443,0.2571836597274116,0.125,1,1.0,1,1.0,1,0.125,0.125,4,0,4,0.0238095238095238,0.9083764274940748,1,1,0.0,0.9761904761904762
layering_01695,0.1360160387499999,0.1355600375,0.0042642174599442,0.0031909675788129,-0.021184878095238,0.6358503432473601,3.621928094867165,0.0,0.9957357825400556,8,1.0,2.5,0.4,8,20,2.5,1.0,0.35,0.0,1.2987949406910706,0.0,0.0,0.0,0.0,0.0,-1.4428232973175177e-12,319.25,107.0030039631732,0.3351699419363295,0.375,2,0.625,2,0.625,2,0.25,0.375,3,0,6,0.0344827586206896,0.6772486772486772,1,1,0.0,0.9655172413793104
layering_01696,0.00057954875,0.0002509075,0.6011180309418498,0.3076203899160288,4.649999999999995e-06,0.6013686108898381,3.77755111918269,0.0,0.3988819690581502,8,1.0,4.75,0.2105263157894736,8,38,4.75,1.0,0.0263157894736842,0.0,1.7499999999942293,0.0,0.0,0.0,0.0,0.0,-1.4428232973175177e-12,225.5,115.65095268584196,0.5128645351922039,0.25,2,0.5,2,0.5,2,0.25,0.125,2,1,2,0.0166908563134978,0.9876543209876544,1,1,0.0,0.8679245283018868
layering_01698,0.07366196625,0.0731941449999999,0.0620410900431452,0.1495939347481516,-0.0262209921428571,0.636865233171618,3.922315530012802,0.0222222222222222,0.9379589099568548,8,1.0,5.625,0.1777777777777777,8,45,5.625,1.0,0.1555555555555555,0.0,1.4056390622252386,0.0,0.0,0.0,0.0,0.0,-1.4428232973175177e-12,263.625,136.82829437969744,0.5190262470543289,0.25,2,0.625,2,0.625,3,0.375,0.0,3,0,3,0.0185185185185185,0.9171565149826018,1,1,0.0,0.9814814814814816
mixing_01702,1.7871440186666665,1.7867640479999998,0.0002741405141409,0.0002035735230495,0.1116469895714285,0.5556050745516439,3.945249011766721,0.0357142857142857,0.9997258594858592,15,5.066666666666666,3.733333333333333,1.357142857142857,76,56,3.733333333333333,5.066666666666666,0.8571428571428571,0.0222222222222222,1.2866926683504267,0.0,0.0,0.0,0.0,0.0,-1.4428232973175177e-12,300.7333333333333,112.19591708045267,0.3730744305490556,0.4666666666666667,2,0.5333333333333333,2,0.5333333333333333,3,0.0394736842105263,0.2,4,0,15,0.0136054421768707,0.8501137401347483,1,1,-0.8398204007996127,1.3333333333333333
mixing_01703,1.8768177446666665,1.876425426666667,0.0002193619672583,0.0001204096016728,0.058245819,0.4239817591839688,3.700677987520951,0.0158730158730158,0.999780638032742,15,4.466666666666667,4.2,1.0634920634920637,67,63,4.2,4.466666666666667,0.9365079365079364,0.0166666666666666,1.530124965310642,0.5413888888888889,139.21428571428572,173.56068455871505,1.0,0.1098118523181398,0.918295834051604,315.26666666666665,147.7944840777541,0.4687919774088205,0.4666666666666667,2,0.5333333333333333,2,0.5333333333333333,3,0.044776119402985,0.2,3,0,15,0.0177838577291381,0.7519406672679249,1,1,-0.8369565217391308,1.5116279069767442
mixing_01704,0.437406675625,0.43706958875,0.0008624965474071,0.0006525391893484,0.0084238011470588,0.5168431107670202,3.765024470567659,0.0,0.9991375034525928,16,4.5625,4.125,1.106060606060606,73,66,4.125,4.5625,0.9242424242424242,0.0104166666666666,1.9544340029191944,1.3458333333333334,323.0,356.8983048432704,8.0,0.0498579046333769,1.4772170014581545,215.0625,110.41465406970822,0.5134072842532205,0.375,2,0.75,2,0.75,3,0.0410958904109589,0.0,4,0,16,0.0159002516586593,0.7520787554158597,1,1,-0.862119758689788,1.4787234042553192
mixing_01705,1.1755882866666667,1.1751818126666669,0.0006227018513983,0.0008409048818876,-0.0737924418571428,0.6379003840779929,4.061076375226213,0.0,0.9993772981486015,15,3.8666666666666663,4.333333333333333,0.8923076923076924,58,65,4.333333333333333,3.8666666666666663,0.8,0.0,1.3995812306417363,0.0,0.0,0.0,0.0,0.0,-1.4428232973175177e-12,276.8,130.07371536390983,0.4699194919216395,0.4666666666666667,2,0.5333333333333333,2,0.5333333333333333,2,0.0344827586206896,0.0666666666666666,3,0,9,0.0168262653898768,0.7409240372993477,1,1,-0.8243145683338052,1.430232558139535
mixing_01706,3.2512886189,3.2508612456999995,0.0002700222404588,0.0004884963864644,0.0203572989085412,0.5996909885997012,3.35778267592009,0.0163710777626193,0.9997299777595408,300,5.043333333333333,2.4433333333333334,2.064120054570259,1513,733,2.4433333333333334,5.043333333333333,0.9945429740791268,0.0084444444444444,1.7308085908166129,7.427222222222222,89.4247491638796,119.47884402724851,0.0,0.1438658589078078,2.9606751312451505,268.08,133.3333148272005,0.4973639019218163,0.39,2,0.52,2,0.52,2,0.0013218770654329,0.1766666666666666,4,0,295,0.000680673715448,0.85284637110885,1,1,-0.6601751866815927,1.236103467253715
mixing_01707,13.811665824,13.811246918,3.371420241680143e-05,1.618652418332374e-05,0.383712692,0.535002468353699,3.8977985042100354,0.0,0.9999662857975832,15,4.466666666666667,3.8666666666666663,1.1551724137931034,67,58,3.8666666666666663,4.466666666666667,0.896551724137931,0.0,1.7464657984983014,2.7580555555555555,709.2142857142857,824.6347397979498,36.0,0.0752489014002659,1.9329145639736272,303.26666666666665,144.77641218033247,0.477389796154097,0.6,1,1.0,1,1.0,2,0.0298507462686567,0.0666666666666666,3,2,14,0.0163270637408568,0.7722582301752323,1,1,-0.7815854885440239,1.4204545454545454
mixing_01708,0.012966112,0.0125921306666666,0.0481802926065663,0.0689835018226319,-0.0007657496071428,0.4653435205346452,3.2524096959738067,0.0144927536231884,0.9518197073934336,15,3.8,4.6,0.8260869565217391,57,69,4.6,3.8,0.6956521739130435,0.0,1.2419460322017175,0.0,0.0,0.0,0.0,0.0,-1.4428232973175177e-12,236.9333333333333,142.5254196208355,0.6015422887767395,0.4,2,0.5333333333333333,2,0.5333333333333333,3,0.0526315789473684,0.0666666666666666,4,0,14,0.0147265077138849,0.8033402494940959,1,1,-0.8015111686960478,1.3548387096774193
mixing_01710,0.000625058,0.000224058,0.6683691963401655,0.3396196637856056,-2.6365428571428565e-05,0.6891637739457863,3.233260846334702,0.0,0.3316308036598344,15,4.0,4.533333333333333,0.8823529411764706,60,68,4.533333333333333,4.0,0.0735294117647058,0.0111111111111111,1.429473298355513,0.0,0.0,0.0,0.0,0.0,-1.4428232973175177e-12,305.4,147.89272173726854,0.4842590757605388,0.5333333333333333,2,0.6666666666666666,2,0.6666666666666666,2,0.0333333333333333,0.1333333333333333,4,0,3,0.0067703374590077,0.983452861501642,1,1,-0.8249851733783352,0.927536231884058
mixing_01711,0.0228414538333333,0.0224538579333333,0.0595911484870626,0.093961076430029,-3.06093592195469e-05,0.6738352892198657,3.6713321967635,0.0052805280528052,0.9404088515129372,300,2.973333333333333,5.05,0.5887788778877888,892,1515,5.05,2.973333333333333,0.566996699669967,0.0152777777777777,1.7391519017456063,716.4319444444444,8625.936454849498,7893.33260530909,80.0,-0.0443484422266184,4.527124212481942,277.0433333333333,132.2431180179113,0.4773373046981025,0.4066666666666667,1,1.0,1,1.0,1,0.0011210762331838,0.16,4,0,148,0.0007051917582507,0.7830855498344163,1,1,-0.7403414594000135,1.3024891774891776
mixing_01712,2.243636438666667,2.2431141673333337,0.0002630579909401,0.0001793960874463,0.0482771318928571,0.4590932383943912,3.7404630517579567,0.0491803278688524,0.9997369420090598,15,4.2,4.066666666666666,1.0327868852459017,63,61,4.066666666666666,4.2,0.9016393442622952,0.0111111111111111,1.796791631975866,0.0,0.0,0.0,0.0,0.0,-1.4428232973175177e-12,250.26666666666668,127.18797487333838,0.5082098090303877,0.4,2,0.6,2,0.6,3,0.0476190476190476,0.0666666666666666,3,0,14,0.0177854274239816,0.758755165754762,1,1,-0.8184786297736616,1.4761904761904765
mixing_01714,1.5209742286666668,1.52052444,0.0004059495456728,0.0004565609250286,-0.1173421387142857,0.4378931382373055,3.803487436925304,0.056338028169014,0.9995940504543273,15,4.466666666666667,4.733333333333333,0.943661971830986,67,71,4.733333333333333,4.466666666666667,0.8591549295774648,0.0522222222222222,1.7464657984983014,0.0,0.0,0.0,0.0,0.0,-1.4428232973175177e-12,270.46666666666664,104.77858741628644,0.387399263308922,0.3333333333333333,2,0.5333333333333333,2,0.5333333333333333,3,0.044776119402985,0.4,3,0,12,0.0164835164835164,0.7301571041639796,1,1,-0.863555120884738,1.5
mixing_01715,0.2967098133333333,0.296100722,0.002367262258868,0.0013011762740797,0.0188933986428571,0.4634752181285836,3.4904264654104127,0.0,0.997632737741132,15,5.2,3.533333333333333,1.4716981132075473,78,53,3.533333333333333,5.2,0.8867924528301887,0.0166666666666666,0.9055872616939322,0.0,0.0,0.0,0.0,0.0,-1.4428232973175177e-12,267.4,107.5631376049833,0.4022555632198328,0.4,2,0.5333333333333333,2,0.5333333333333333,3,0.0384615384615384,0.0666666666666666,4,0,15,0.0135023706452277,0.8296195109745534,1,1,-0.8000727656054839,1.323232323232323
mixing_01716,0.0310475726666666,0.0306193133333333,0.0703535526584714,0.102536270681273,-0.0047382492857142,0.6856810086313712,3.938863058435216,0.0,0.9296464473415288,15,1.3333333333333333,5.333333333333333,0.25,20,80,5.333333333333333,1.3333333333333333,0.2375,0.0,1.8256051990111728,0.0,0.0,0.0,0.0,0.0,-1.4428232973175177e-12,259.8666666666667,138.15512330434254,0.5316384939879779,0.6,2,0.5333333333333333,2,0.5333333333333333,3,0.15,0.1333333333333333,4,1,4,0.0109649122807017,0.8851999307881661,1,1,-0.4123895488102133,1.0416666666666667
mixing_01717,3.614172258566667,3.613778637666667,0.0008277227200819,0.0024453483859759,0.0021160737051833,0.5949436815864179,3.6601364095879,0.0139935414424111,0.9991722772799182,300,3.1366666666666667,3.0966666666666667,1.0129171151776104,941,929,3.0966666666666667,3.1366666666666667,0.9892357373519914,0.008,1.7839873358864564,176.4322222222222,2124.2675585284283,3643.970019130068,3.0,0.2634604487318175,4.433318281373181,280.9866666666667,127.08538654700452,0.4522826227116513,0.3766666666666666,2,0.51,1,1.0,2,0.002125398512221,0.1366666666666666,4,0,105,0.0011958433253397,0.6633726361168234,1,1,-0.6723674990660122,1.4948041566746604
mixing_01718,1.9318799731666665,1.9314674098666669,0.000867390309372,0.0016096024474303,-0.0097415220463738,0.6694912083018253,3.759875654326798,0.0174464710547184,0.9991326096906278,300,4.626666666666667,4.203333333333333,1.1007137192704204,1388,1261,4.203333333333333,4.626666666666667,0.9825535289452816,0.0148333333333333,1.7712539694465683,0.0,0.0,0.0,0.0,0.0,-1.4428232973175177e-12,279.85,128.28725410272602,0.4584143437653243,0.4,1,1.0,1,1.0,1,0.0007204610951008,0.12,4,0,208,0.0009064498578218,0.7061024046472967,1,1,-0.8290111086132252,1.5491228070175438
mixing_01719,0.1937031661999999,0.1933093248666666,0.0031377468680566,0.0037360625446036,0.0005648317821975,0.5457150639384423,3.3437748178124203,0.014105419450631,0.9968622531319432,300,4.483333333333333,4.49,0.9985152190051968,1345,1347,4.49,4.483333333333333,0.9606533036377134,0.0226666666666666,1.7033667177416083,82.77166666666666,996.581939799331,989.5613175268124,5.0,-0.0035348015540279,4.513961143741092,277.9633333333333,130.4549871326562,0.4693244449483368,0.3833333333333333,2,0.51,2,0.51,3,0.0022304832713754,0.1,4,0,229,0.000934233695852,0.670851383166854,1,1,-0.8552922479997707,1.585394581861013
mixing_01721,42.10464931613334,42.1042370427,2.330506032248607e-05,3.114706522236731e-05,0.3111042914717696,0.617275540544332,3.5073762362965644,0.0203160270880361,0.9999766949396774,300,4.583333333333333,4.43,1.0346124905944318,1375,1329,4.43,4.583333333333333,0.9962377727614748,0.0229444444444444,1.7551804010399863,174.5222222222222,2101.2709030100336,1966.0112438367423,21.0,-0.0332555387823668,4.530228531927787,271.00666666666666,130.06278374156165,0.4799246651062519,0.3566666666666667,2,0.5366666666666666,2,0.5366666666666666,2,0.0014545454545454,0.1566666666666666,4,0,197,0.0009586204940582,0.6610444072698406,1,1,-0.8630395354403945,1.6095238095238096
mixing_01723,3.0731809239999994,3.0726898086666665,0.0005394345173368,0.0006023983852085,-0.3460156293214286,0.6810701192508649,3.732315788645253,0.0,0.999460565482663,15,3.466666666666667,4.666666666666667,0.7428571428571429,52,70,4.666666666666667,3.466666666666667,0.7,0.0111111111111111,1.889246428503388,0.0,0.0,0.0,0.0,0.0,-1.4428232973175177e-12,305.6666666666667,127.392344839906,0.4167688489855158,0.3333333333333333,2,0.8,2,0.8,3,0.0576923076923076,0.1333333333333333,4,0,6,0.0159352142110762,0.7539436054141937,1,1,-0.7631801154860821,1.3863636363636365
mixing_01724,0.6399203133333333,0.6394928906666667,0.0171664390708365,0.0269919100626923,-0.1102242656071428,0.7879358173443375,3.924164024232813,0.0133333333333333,0.9828335609291636,15,2.466666666666667,5.0,0.4933333333333333,37,75,5.0,2.466666666666667,0.4266666666666667,0.0166666666666666,1.2729055953157278,0.0,0.0,0.0,0.0,0.0,-1.4428232973175177e-12,276.26666666666665,145.50231547822122,0.5266734392310132,0.6,1,1.0,1,1.0,1,0.027027027027027,0.2,4,1,4,0.012541993281075,0.8625792528549882,1,1,-0.7170335397316888,1.1789473684210523
mixing_01725,47.930597860000006,47.930198184000005,1.2725848963329848e-05,1.3252758817748628e-05,0.8667949236071427,0.5319597946883664,3.528214087348811,0.0,0.9999872741510368,15,4.066666666666666,3.533333333333333,1.150943396226415,61,53,3.533333333333333,4.066666666666666,0.981132075471698,0.0,1.3995812306417363,0.0,0.0,0.0,0.0,0.0,-1.4428232973175177e-12,282.53333333333336,124.30484800720862,0.4399652477838908,0.4,2,0.6,2,0.6,2,0.0327868852459016,0.4,4,2,11,0.0194805194805194,0.7199100182971151,1,1,-0.7807593824849611,1.4805194805194806
mixing_01726,0.8473673699666666,0.8469420179,0.0010961661468508,0.0016196368080862,-0.0033397294442271,0.6089286791717368,3.512540811158816,0.0185048112509252,0.9989038338531494,300,4.496666666666667,4.503333333333333,0.998519615099926,1349,1351,4.503333333333333,4.496666666666667,0.9681717246484086,0.0258888888888888,1.6988842891730185,164.37472222222223,1979.0936454849495,1895.6969292104195,4.0,-0.0215228964422385,4.509956157814462,258.31666666666666,131.4780513323907,0.5089801329081516,0.4133333333333333,1,1.0,1,1.0,1,0.0007412898443291,0.12,4,0,130,0.000943669237641,0.6502270931213623,1,1,-0.8600266019399293,1.5957446808510638
mixing_01727,20.67235969603333,20.67196024146667,9.408447649303542e-05,0.0004658769745807,0.0869829819335948,0.6070095494067272,3.583675610165362,0.0208333333333333,0.9999059155235068,300,4.546666666666667,4.48,1.0148809523809523,1364,1344,4.48,4.546666666666667,0.9903273809523808,0.0231666666666666,1.720603180814915,102.76861111111111,1237.3478260869565,2020.3178926540784,2.0,0.2403469644115942,4.527010101951268,279.39,126.74084598160836,0.4536341529102988,0.4,1,1.0,1,1.0,2,0.001466275659824,0.1733333333333333,4,0,156,0.0009634775134025,0.6487331418504985,1,1,-0.8483293441934899,1.6147883124627311
mixing_01728,0.0162520846666666,0.015826608,0.0764238300179667,0.1020789258130199,3.566699999999987e-05,0.6272047680715915,4.062858995274848,0.0,0.9235761699820332,15,3.533333333333333,5.266666666666667,0.6708860759493671,53,79,5.266666666666667,3.533333333333333,0.5316455696202531,0.0133333333333333,1.3995812306417363,0.0,0.0,0.0,0.0,0.0,-1.4428232973175177e-12,286.6666666666667,116.7614580897228,0.4073074119408935,0.5333333333333333,2,0.5333333333333333,2,0.5333333333333333,3,0.0566037735849056,0.0,4,0,13,0.012087912087912,0.8355276295962571,1,1,-0.807809438324424,1.2571428571428571
mixing_01729,444.8091789075001,444.8087772278667,2.434924982017377e-06,1.4278523000408783e-05,-1.4128135555444392,0.5409332863575386,3.0896022768297704,0.0030234315948601,0.999997565075018,300,4.506666666666667,4.41,1.0219198790627362,1352,1323,4.41,4.506666666666667,0.9901738473167044,0.0296666666666666,1.715342772370343,0.0,0.0,0.0,0.0,0.0,-1.4428232973175177e-12,277.62333333333333,129.59778834804465,0.4668115852943844,0.4,1,1.0,1,1.0,1,0.0007396449704142,0.1066666666666666,4,0,260,0.0009655087780087,0.6820186575049976,1,1,-0.8583105996685824,1.6066066066066067
mixing_01730,0.0011221273333333,0.0007874613333333,0.4203320704274102,0.3165273405187522,-7.017967857142855e-05,0.6301912120822172,3.772493697210492,0.0,0.5796679295725897,15,3.0,4.4,0.6818181818181818,45,66,4.4,3.0,0.1212121212121212,0.05,1.8062389286476188,0.0,0.0,0.0,0.0,0.0,-1.4428232973175177e-12,277.1333333333333,162.81096254186792,0.5874824243752752,0.2,2,0.8,2,0.8,2,0.0444444444444444,0.2666666666666666,4,1,3,0.0080399826162538,0.964768792981243,1,1,-0.7477616269555354,0.940677966101695
mixing_01732,0.0215874693333333,0.0210850993333333,0.0389626150246809,0.0406750142622445,-0.0014784752499999,0.592169621375694,3.8507559056894767,0.0,0.961037384975319,15,2.7333333333333334,5.0,0.5466666666666666,41,75,5.0,2.7333333333333334,0.4933333333333333,0.0,1.6402239289360812,0.0,0.0,0.0,0.0,0.0,-1.4428232973175177e-12,263.06666666666666,126.6448728118269,0.4814174080530672,0.5333333333333333,2,0.5333333333333333,2,0.5333333333333333,3,0.073170731707317,0.0666666666666666,4,0,10,0.0132692747654998,0.8134972250385505,1,1,-0.7008372108761308,1.2340425531914894
mixing_01733,2.474314604666666,2.4738103406666663,0.0003356494368629,0.0004230958055383,0.2241453613571428,0.6427303292936274,3.8402400004025177,0.02,0.9996643505631372,15,5.533333333333333,3.333333333333333,1.66,83,50,3.333333333333333,5.533333333333333,0.96,0.0,1.584962500716828,0.0,0.0,0.0,0.0,0.0,-1.4428232973175177e-12,332.1333333333333,143.27439541297105,0.4313761403441521,0.4,1,1.0,1,1.0,1,0.0120481927710843,0.2,4,0,15,0.0134343434343434,0.8405515322816357,1,1,-0.775852790505562,1.33
mixing_01734,101.8423955766279,101.84196939906975,6.350493112775685e-06,6.619889824829328e-06,1.629372866624464,0.5582868372991717,3.817982413579759,0.0074074074074074,0.9999936495068874,86,5.046511627906977,3.13953488372093,1.6074074074074076,434,270,3.13953488372093,5.046511627906977,0.9962962962962963,0.0251937984496124,1.6194567458508888,25.155555555555555,1065.4117647058824,1104.1547876795669,1.0,0.0178574945908371,4.304919954018742,288.5,140.58807162185894,0.487307007354797,0.4534883720930232,1,1.0,1,1.0,1,0.0023041474654377,0.1627906976744186,4,0,84,0.0025985530783995,0.8029723738771455,1,1,-0.756177174124567,1.3512476007677543
mixing_01735,50.987621962,50.987248873333336,8.617980490707663e-06,6.3581261943026645e-06,-2.475252035607143,0.44015162193569,3.888033892744581,0.0,0.9999913820195092,15,4.2,4.4,0.9545454545454544,63,66,4.4,4.2,0.8636363636363636,0.0133333333333333,1.5655962303532738,0.0,0.0,0.0,0.0,0.0,-1.4428232973175177e-12,260.6666666666667,164.568555695824,0.631337170188583,0.4666666666666667,2,0.8,1,1.0,2,0.0317460317460317,0.0,3,0,11,0.0172413793103448,0.7379651165254882,1,1,-0.8762727699365319,1.4827586206896552
mixing_01736,0.0023869073333333,0.002003692,0.2333046092642316,0.1871549474090381,-0.00030671325,0.3395208278850578,3.803508854776037,0.0,0.7666953907357682,15,1.2666666666666666,1.6,0.7916666666666666,19,24,1.6,1.2666666666666666,0.5833333333333334,0.0,0.836640741938282,0.0,0.0,0.0,0.0,0.0,-1.4428232973175177e-12,284.1333333333333,144.35712989797543,0.5080612267643434,0.2,2,0.7333333333333333,2,0.7333333333333333,2,0.1052631578947368,0.1333333333333333,4,0,8,0.0227272727272727,0.5220306513409962,1,1,-0.23421922967911,0.9772727272727272
mixing_01737,4.508373235133334,4.507971315066667,0.0005203883097216,0.001591000734093,-0.0285924250405271,0.6513426726721382,3.632635752539435,0.0217391304347826,0.9994796116902784,300,4.466666666666667,4.446666666666666,1.004497751124438,1340,1334,4.446666666666666,4.466666666666667,0.9730134932533732,0.0209444444444444,1.7107075490491006,51.89833333333333,624.8628762541806,872.627986756474,0.0,0.1654535040061413,4.452175981992228,278.5433333333333,132.52387223160872,0.4757747049469575,0.39,1,1.0,1,1.0,1,0.0007462686567164,0.1833333333333333,4,0,121,0.0009525166530117,0.6683250687903101,1,1,-0.8494184609177887,1.5954653937947494
mixing_01738,12.356674802,12.356266419966666,0.0025943816071225,0.0198089265928618,0.0832334103914021,0.7384051489345131,3.877225467389225,0.0137142857142857,0.9974056183928774,300,3.96,2.9166666666666665,1.357714285714286,1188,875,2.9166666666666665,3.96,0.9657142857142856,0.004,1.749250396093601,9.228333333333332,111.11036789297658,158.35930693576458,1.0,0.1753404685436927,3.2754550246084118,273.94,123.98587847089954,0.4526023160943985,0.4133333333333333,1,1.0,1,1.0,1,0.0008417508417508,0.1466666666666666,4,0,224,0.0008958635681859,0.801566354849728,1,1,-0.633598357856859,1.3590250329380764
mixing_01739,0.046785258,0.0463700099999999,0.0096146590760084,0.008172274657478,0.0003621275357142,0.4713910392030196,4.069478256967632,0.0,0.9903853409239916,15,4.6,5.066666666666666,0.9078947368421052,69,76,5.066666666666666,4.6,0.7894736842105263,0.0333333333333333,1.456564762126626,0.0,0.0,0.0,0.0,0.0,-1.4428232973175177e-12,304.6666666666667,145.37029892493103,0.4771454012853316,0.3333333333333333,2,0.6,2,0.6,2,0.0289855072463768,0.0666666666666666,3,2,13,0.0146464646464646,0.7492250440629604,1,1,-0.904792944712424,1.45
mixing_01741,0.014505106,0.0140640186666666,0.0313990122178242,0.0172533026144978,-0.0001879045357142,0.4265461349350863,3.887979202214985,0.0,0.9686009877821758,15,4.533333333333333,4.533333333333333,1.0,68,68,4.533333333333333,4.533333333333333,0.7647058823529411,0.0388888888888888,1.889246428503388,0.0,0.0,0.0,0.0,0.0,-1.4428232973175177e-12,302.93333333333334,146.57736458786468,0.4838601383842364,0.4666666666666667,2,0.5333333333333333,2,0.5333333333333333,3,0.0441176470588235,0.2666666666666666,3,0,15,0.0140177283034425,0.7916979297341973,1,1,-0.8658174398389445,1.3737373737373737
mixing_01742,0.187896074,0.187506762,0.0044232385951748,0.0057149723078923,-0.0104715062499999,0.6085458908203482,3.7743343693836175,0.0483870967741935,0.9955767614048252,15,3.8666666666666663,4.133333333333334,0.935483870967742,58,62,4.133333333333334,3.8666666666666663,0.8064516129032258,0.0222222222222222,1.5628066316874034,0.0,0.0,0.0,0.0,0.0,-1.4428232973175177e-12,293.6666666666667,126.84955468510532,0.4319508105054664,0.4,2,0.6,2,0.6,3,0.0517241379310344,0.2666666666666666,3,0,10,0.0168067226890756,0.7179270332841762,1,1,-0.8122734860428206,1.411764705882353
mixing_01743,0.222550106,0.2220815226666666,0.0067945921619464,0.0129894532147359,-0.0048885558571428,0.5211484439859222,3.8375439785804137,0.0,0.9932054078380536,15,3.8,3.6666666666666665,1.0363636363636364,57,55,3.6666666666666665,3.8,0.8909090909090909,0.0222222222222222,1.796791631975866,0.0,0.0,0.0,0.0,0.0,-1.4428232973175177e-12,324.93333333333334,132.28727757998428,0.4071212892285113,0.4666666666666667,2,0.6666666666666666,2,0.6666666666666666,3,0.0526315789473684,0.0,3,0,13,0.0186480186480186,0.751367029588318,1,1,-0.7777070228819808,1.435897435897436
mixing_01744,29.405024956,29.404569910000003,1.8724437141573823e-05,1.4998996850027807e-05,0.8479381130714286,0.5501856169625442,3.658716069157313,0.0483870967741935,0.9999812755628584,15,4.933333333333334,4.133333333333334,1.193548387096774,74,62,4.133333333333334,4.933333333333334,0.9838709677419356,0.0355555555555555,1.471602261404027,0.0,0.0,0.0,0.0,0.0,-1.4428232973175177e-12,269.53333333333336,150.5973186379903,0.5587335591317968,0.4666666666666667,2,0.5333333333333333,2,0.5333333333333333,3,0.0405405405405405,0.1333333333333333,4,0,15,0.0169787765293383,0.7508850822380235,1,1,-0.8585291770223358,1.511111111111111
mixing_01745,0.5968376277666667,0.5964210500333333,0.0288687941500822,0.0591613415910916,0.0007064643991044,0.9048451390844248,3.7962524876587262,0.0065876152832674,0.971131205849918,300,2.47,5.06,0.4881422924901186,741,1518,5.06,2.47,0.4841897233201581,0.0069444444444444,1.7696538409957838,0.0,0.0,0.0,0.0,0.0,-1.4428232973175177e-12,276.65,125.5031112620514,0.453653031852707,0.4066666666666667,2,0.51,2,0.51,3,0.0040485829959514,0.09,4,0,9,0.0006793674394433,0.8084713642179637,1,1,-0.675386516842701,1.238486842105263
mixing_01746,0.7267364483000001,0.7263234285000001,0.0011896966061846,0.0014589097288366,0.0045792838387159,0.5988581446171778,3.185728769579929,0.0105980317940953,0.9988103033938154,300,4.466666666666667,4.403333333333333,1.0143830431491294,1340,1321,4.403333333333333,4.466666666666667,0.9788039364118092,0.0171666666666666,1.7285491299903046,13.768055555555556,165.76923076923077,246.4561876504237,0.0,0.1957350354340639,3.7808759096444864,292.4166666666667,135.1486103461069,0.4621782058003085,0.3766666666666666,2,0.5366666666666666,2,0.5366666666666666,2,0.0014925373134328,0.12,4,0,226,0.0009570028440355,0.6754861576148768,1,1,-0.8530446604048794,1.5953237410071943
mixing_01747,1.4830847633333335,1.482744994,0.000336645903818,0.0003362222843249,0.1118861252857142,0.5442245192953405,3.586375846701658,0.0208333333333333,0.999663354096182,15,4.466666666666667,3.2,1.3958333333333333,67,48,3.2,4.466666666666667,0.8958333333333334,0.0,1.5655962303532738,0.0,0.0,0.0,0.0,0.0,-1.4428232973175177e-12,267.8,116.94211022064356,0.4366770359247332,0.4666666666666667,2,0.5333333333333333,2,0.5333333333333333,2,0.0298507462686567,0.0666666666666666,3,0,13,0.0153702218658112,0.8270228659321796,1,1,-0.7352081364560472,1.3218390804597702
mixing_01748,0.1451181279999999,0.1447423713333333,0.008234493006682,0.0196114185326189,-0.0116554683928571,0.5850143572563737,3.7506920561183774,0.0,0.991765506993318,15,2.1333333333333333,2.466666666666667,0.8648648648648648,32,37,2.466666666666667,2.1333333333333333,0.8378378378378378,0.0,1.5655962303532738,5.248611111111111,1349.642857142857,1352.7833005190687,17.0,0.0011620829554612,2.199581230638851,266.8666666666667,134.01858435448776,0.5021930465444208,0.3333333333333333,1,1.0,1,1.0,1,0.03125,0.2,3,2,12,0.0250362844702467,0.6890627947903493,1,1,-0.5002865094167929,1.30188679245283
mixing_01749,0.0156317708666666,0.0152175415666666,0.0922330103796956,0.1241779644736395,-7.268049858553985e-05,0.7207202353158202,3.696858486879443,0.0019569471624266,0.9077669896203042,300,2.28,5.11,0.446183953033268,684,1533,5.11,2.28,0.4298760600130463,0.0114444444444444,1.6039470906360551,43.199444444444445,520.1270903010034,653.5663448538697,0.0,0.1136917448424328,4.496971150597043,282.29,126.16570526076605,0.4469365023938716,0.4133333333333333,1,1.0,1,1.0,1,0.0014619883040935,0.1166666666666666,4,0,79,0.0006425517041097,0.8274773265354192,1,1,-0.6459237420573815,1.1932185145317546
mixing_01750,837.3687440387,837.3683417830333,8.726562899129148e-07,1.4145489999142335e-06,3.9504063987031,0.5755845777342359,3.372959143098066,0.0044603033006244,0.99999912734371,300,4.746666666666667,3.736666666666667,1.2702943800178412,1424,1121,3.736666666666667,4.746666666666667,0.9991079393398752,0.0126666666666666,1.783682864109012,8.046388888888888,96.87959866220736,200.73964956679612,0.0,0.348969535816694,2.932324687505501,274.39666666666665,129.81697685776896,0.473099686066773,0.4333333333333333,2,0.5366666666666666,2,0.5366666666666666,2,0.0014044943820224,0.1833333333333333,4,0,274,0.0008557786072161,0.7611207483275257,1,1,-0.7943574974374314,1.4753623188405798
mixing_01751,31.71970359733333,31.719261454,2.441352008267812e-05,2.883262031361581e-05,-2.0826599839285707,0.5673336786028911,3.669526952625616,0.0,0.9999755864799176,15,4.066666666666666,4.533333333333333,0.8970588235294117,61,68,4.533333333333333,4.066666666666666,0.8235294117647058,0.0111111111111111,1.456564762126626,0.165,42.42857142857143,44.948723620388165,2.0,0.0288421859523647,-1.4428232973175177e-12,228.53333333333333,125.29728458274556,0.5482669978824922,0.4666666666666667,2,0.6,2,0.6,2,0.0327868852459016,0.1333333333333333,3,0,9,0.0168495297805642,0.709316662198464,1,1,-0.8595541981670984,1.4659090909090908
mixing_01752,0.0055892573333333,0.0052027873333333,0.0724093192690878,0.0329221473571194,-0.0001408594285714,0.4867967233371997,3.45541078517962,0.0,0.927590680730912,15,4.6,4.6,1.0,69,69,4.6,4.6,0.463768115942029,0.0,1.456564762126626,0.0,0.0,0.0,0.0,0.0,-1.4428232973175177e-12,265.6666666666667,112.12471797490676,0.42205038133591,0.1333333333333333,2,0.5333333333333333,2,0.5333333333333333,2,0.0289855072463768,0.0666666666666666,4,0,15,0.0095041322314049,0.8791023793725472,1,1,-0.870942164300539,1.140495867768595
mixing_01753,0.0864463432,0.0860389181333333,0.0115086112426718,0.0320972193739189,0.0001878511623729,0.5382673789540715,3.35266347611318,0.0110671936758893,0.9884913887573282,300,4.0633333333333335,4.216666666666667,0.9636363636363636,1219,1265,4.216666666666667,4.0633333333333335,0.9320158102766798,0.0123333333333333,1.7136031780864265,8.795,105.89297658862876,147.66078561870978,1.0,0.1647295968573569,3.1948433885901544,284.3333333333333,125.7043655325277,0.4421021062105312,0.3833333333333333,2,0.5366666666666666,2,0.5366666666666666,2,0.0016406890894175,0.1133333333333333,4,0,210,0.0009648775258116,0.6874178262536328,1,1,-0.8210711351749359,1.547663551401869
mixing_01754,0.884936986,0.8845410753333333,0.0004514662445723,0.0002915407628209,-0.0165342431785714,0.4550971505530974,3.861370799058271,0.0147058823529411,0.9995485337554276,15,4.466666666666667,4.533333333333333,0.9852941176470588,67,68,4.533333333333333,4.466666666666667,0.8970588235294118,0.0166666666666666,1.6402239289360812,0.0,0.0,0.0,0.0,0.0,-1.4428232973175177e-12,283.8666666666667,122.84942389926356,0.4327715731538171,0.3333333333333333,2,0.5333333333333333,2,0.5333333333333333,3,0.044776119402985,0.2,3,0,15,0.0172369765066394,0.7357420362064325,1,1,-0.8556049326313455,1.5168539325842696
mixing_01755,0.2934396293548387,0.2930431093548387,0.0177026967633947,0.0279472044522799,-0.0245277553870967,0.8046251293466092,4.125341822092625,0.0353982300884955,0.9822973032366052,31,1.5483870967741935,3.645161290322581,0.4247787610619469,48,113,3.645161290322581,1.5483870967741935,0.415929203539823,0.0,1.7672934871723556,4.673333333333333,560.8,556.3580022491512,18.0,-0.0039761589156643,2.4365123628884104,242.74193548387095,155.35485567820433,0.640000069903566,0.3548387096774194,2,0.5161290322580645,2,0.5161290322580645,2,0.0416666666666666,0.1935483870967742,4,0,5,0.0077107279693486,0.7829009197430251,1,1,-0.4301330362215454,1.110344827586207
mixing_01756,0.5338175119587629,0.5334040351546393,0.0263576843534656,0.0611648819465462,-0.0035928138791289,0.8325053572091498,4.015959805082328,0.0074074074074074,0.9736423156465344,97,2.6804123711340204,4.175257731958763,0.6419753086419753,260,405,4.175257731958763,2.6804123711340204,0.6395061728395062,0.0,1.7230766262202135,0.0,0.0,0.0,0.0,0.0,-1.4428232973175177e-12,268.8350515463917,130.42132689323117,0.4851351270714968,0.3814432989690721,2,0.5773195876288659,2,0.5773195876288659,3,0.0115384615384615,0.1752577319587628,4,0,10,0.0026336007857239,0.7742039404782084,1,1,-0.6314636211222926,1.3220675944333995
mixing_01757,31.160760706666665,31.160285561333332,3.0374326322196587e-05,5.580173031466137e-05,-0.0900735906071425,0.4421897077913211,3.71106372415853,0.0491803278688524,0.999969625673678,15,4.133333333333334,4.066666666666666,1.016393442622951,62,61,4.066666666666666,4.133333333333334,0.9344262295081968,0.0277777777777777,1.429473298355513,1.5527777777777778,399.2857142857143,308.08496707690153,55.0,-0.1289292157728841,1.5219280948830345,287.4,154.4315844823017,0.537340238282191,0.5333333333333333,2,0.6666666666666666,2,0.6666666666666666,3,0.0483870967741935,0.0666666666666666,4,1,14,0.0189814814814814,0.7167488235670054,1,1,-0.8247687525985332,1.5185185185185186
mixing_01759,22.40648225,22.406092716,3.119900859343577e-05,4.751403250243835e-05,2.25793949525,0.5438523704599437,3.9772086288693536,0.0256410256410256,0.9999688009914066,15,4.8,2.6,1.846153846153846,72,39,2.6,4.8,0.8974358974358975,0.0,1.5058231002039566,0.0,0.0,0.0,0.0,0.0,-1.4428232973175177e-12,255.13333333333333,117.43561559222064,0.4602911507403474,0.4666666666666667,2,0.5333333333333333,2,0.5333333333333333,3,0.0416666666666666,0.2,2,0,15,0.0135531135531135,0.8631311670785354,1,1,-0.695807979530059,1.21978021978022
mixing_01761,0.0021724839999999,0.0017734773333333,0.2501564565537164,0.1507334030630527,-0.0002700246428571,0.5781226396241551,3.8795361509084434,0.0,0.7498435434462837,15,4.2,4.866666666666666,0.8630136986301371,63,73,4.866666666666666,4.2,0.1095890410958904,0.0,1.3752793655336082,0.0,0.0,0.0,0.0,0.0,-1.4428232973175177e-12,246.2,141.50729410781017,0.5747656137603988,0.2666666666666666,2,0.7333333333333333,2,0.7333333333333333,2,0.0317460317460317,0.2666666666666666,3,0,5,0.0066975278242883,0.974105778176502,1,1,-0.8731335714836118,0.951048951048951
mixing_01762,0.5546901093333333,0.5542967066666667,0.0079419522432541,0.0154390488688434,-0.1068841583214285,0.7596062306849146,3.9240493977559767,0.036144578313253,0.9920580477567458,15,1.0,5.533333333333333,0.180722891566265,15,83,5.533333333333333,1.0,0.1686746987951807,0.0,1.3752793655336082,0.0,0.0,0.0,0.0,0.0,-1.4428232973175177e-12,325.7333333333333,124.10276079965038,0.3809949676616364,0.4666666666666667,2,0.6,2,0.6,2,0.1333333333333333,0.1333333333333333,3,0,3,0.0101010101010101,0.90976985976986,1,1,0.0,0.98989898989899
mixing_01763,0.1736258095,0.1732228059,0.0035646603491719,0.0040554191310855,0.0004289171624773,0.5330294342965849,3.477787301001717,0.0082089552238805,0.996435339650828,300,4.473333333333334,4.466666666666667,1.001492537313433,1342,1340,4.466666666666667,4.473333333333334,0.9522388059701492,0.0235,1.6851774766857694,7.211666666666667,86.82943143812709,171.7440763536053,1.0,0.3283965385343055,2.924487306923754,274.93,131.72429312011246,0.4791193871898754,0.3933333333333333,2,0.5166666666666667,2,0.5166666666666667,2,0.0014903129657228,0.1433333333333333,4,0,218,0.0009220518920628,0.6851143254373646,1,1,-0.8581402071913928,1.5720984759671748
mixing_01766,0.1928647190666666,0.1924669690666667,0.003228686324535,0.0034114298917506,0.0005386272070889,0.5518775144306114,3.3984344320797195,0.0156950672645739,0.9967713136754648,300,4.506666666666667,4.46,1.0104633781763828,1352,1338,4.46,4.506666666666667,0.9573991031390134,0.0224444444444444,1.7490384737278537,8.34361111111111,100.45819397993311,158.680008955833,0.0,0.2246747654969715,3.1355641841686936,267.82,131.23980807697131,0.4900299009669603,0.4133333333333333,1,1.0,1,1.0,1,0.0007396449704142,0.1666666666666666,4,0,219,0.0009215573153836,0.6885775691526312,1,1,-0.8596282187704578,1.5740198946752486
mixing_01768,0.5149340193333334,0.5144999853333333,0.0207927587090102,0.0351111569290314,-0.0382070740357142,0.7878584176568997,4.115231756735661,0.0246913580246913,0.97920724129099,15,2.2,5.4,0.4074074074074074,33,81,5.4,2.2,0.3950617283950617,0.0,1.781937063540933,0.0,0.0,0.0,0.0,0.0,-1.4428232973175177e-12,298.7333333333333,131.11470804858877,0.4389021693213192,0.4,2,0.6666666666666666,2,0.6666666666666666,2,0.0606060606060606,0.1333333333333333,3,2,5,0.0122422680412371,0.8401277982339671,1,1,-0.682051201573984,1.175257731958763
mixing_01769,118.358477186,118.35810477866669,4.947625543488257e-06,6.3527225298060425e-06,-9.713301613892856,0.5365453699659546,3.794055467632965,0.0,0.9999950523744564,15,4.333333333333333,4.733333333333333,0.9154929577464788,65,71,4.733333333333333,4.333333333333333,0.8309859154929577,0.0333333333333333,1.456564762126626,0.0,0.0,0.0,0.0,0.0,-1.4428232973175177e-12,262.1333333333333,139.12834088745268,0.5307540979938429,0.3333333333333333,2,0.6,2,0.6,2,0.0307692307692307,0.0666666666666666,4,0,7,0.0162446249402771,0.7210874108847655,1,1,-0.8526272213111499,1.4782608695652173
mixing_01770,414.5088027253,414.5084031949,1.906731921829024e-06,3.4275902971099973e-06,0.5189425373792443,0.536751962247675,3.385315916548566,0.0022338049143708,0.999998093268078,300,4.513333333333334,4.476666666666667,1.0081906180193598,1354,1343,4.476666666666667,4.513333333333334,0.988830975428146,0.0263333333333333,1.7448895068376982,0.0,0.0,0.0,0.0,0.0,-1.4428232973175177e-12,267.3466666666667,133.84351601086018,0.500636561808115,0.4066666666666667,1,1.0,1,1.0,1,0.000738552437223,0.1633333333333333,4,0,177,0.0009687875822768,0.6474664849466109,1,1,-0.8634574013430478,1.615937687237867
mixing_01772,0.0539249484666666,0.0535087689333333,0.0313910511526281,0.0652903499744955,9.97718111090123e-05,0.533019605340237,3.5004067545780697,0.0109529025191675,0.968608948847372,300,3.043333333333333,3.043333333333333,1.0,913,913,3.043333333333333,3.043333333333333,0.9233296823658268,0.0218888888888888,1.8482232098876925,6.853611111111111,82.51839464882943,141.23464960931386,1.0,0.262415446257543,2.9340344458768106,271.88,130.88021636897344,0.4813896438464523,0.44,1,1.0,1,1.0,1,0.0010952902519167,0.1666666666666666,4,0,182,0.0011101613199368,0.7082004918863873,1,1,-0.6588748029777877,1.4232268121590024
mixing_01773,0.0019071186666666,0.001469666,0.3532023400285549,0.3262484905092644,-0.0001922826428571,0.6673714813015997,3.832810736820045,0.0,0.6467976599714451,15,4.4,2.533333333333333,1.7368421052631582,66,38,2.533333333333333,4.4,0.2631578947368421,0.0,1.6402239289360812,0.0,0.0,0.0,0.0,0.0,-1.4428232973175177e-12,278.8666666666667,129.14049197159918,0.4630904565082447,0.4666666666666667,2,0.8,2,0.8,3,0.0454545454545454,0.1333333333333333,3,0,7,0.0088345225959904,0.9482700809828468,1,1,-0.6621302155070328,0.9541284403669724
mixing_01774,0.000594914,0.0002209413333333,0.6883155932304728,0.3257548840087773,-1.2015071428571433e-05,0.7517880431226642,3.399823501747532,0.0,0.3116844067695272,15,4.8,3.8,1.263157894736842,72,57,3.8,4.8,0.0175438596491228,0.0,1.796791631975866,0.0,0.0,0.0,0.0,0.0,-1.4428232973175177e-12,307.53333333333336,115.07877219332768,0.3741993459570594,0.2,2,0.7333333333333333,2,0.7333333333333333,2,0.0277777777777777,0.2,4,1,2,0.00635280212745,0.9957932692307692,1,1,-0.7903603202565191,0.902097902097902
mixing_01775,0.000293088,7.119533333333335e-05,0.7928658123872155,0.2619965799892864,-8.9595e-06,0.7499328370285386,2.994947212801854,0.0,0.2071341876127844,15,4.6,4.733333333333333,0.9718309859154928,69,71,4.733333333333333,4.6,0.0,0.0,1.2419460322017175,0.0,0.0,0.0,0.0,0.0,-1.4428232973175177e-12,349.7333333333333,111.9377803365185,0.3200660894105561,0.3333333333333333,1,1.0,1,1.0,1,0.0144927536231884,0.2,4,0,1,0.0058651026392961,1.0,1,1,-0.8797329677494634,0.9032258064516128
mixing_01776,0.0011118166666666,0.0007510373333333,0.4598359902378497,0.354576627155416,-0.0001457406785714,0.5897004022132851,2.970840013089001,0.0,0.5401640097621505,15,1.1333333333333333,1.2666666666666666,0.8947368421052632,17,19,1.2666666666666666,1.1333333333333333,0.3684210526315789,0.0,1.5628066316874034,0.0,0.0,0.0,0.0,0.0,-1.4428232973175177e-12,285.53333333333336,137.41899778553528,0.4812712974043962,0.6,2,0.5333333333333333,2,0.5333333333333333,3,0.1764705882352941,0.1333333333333333,3,2,7,0.0190274841437632,0.2672413793103448,1,1,-0.121089869924121,0.8181818181818182
mixing_01777,0.0006505759999999,0.0003651553333333,0.5903068726960954,0.3972462393917926,-8.491046428571426e-05,0.7862359004932121,2.8877472037636647,0.0,0.4096931273039045,15,3.8,4.4,0.8636363636363635,57,66,4.4,3.8,0.0454545454545454,0.0,1.5655962303532738,0.0,0.0,0.0,0.0,0.0,-1.4428232973175177e-12,250.46666666666667,137.0880148281527,0.5473303759441817,0.5333333333333333,1,1.0,1,1.0,1,0.0175438596491228,0.1333333333333333,3,1,3,0.0067993366500829,0.9866300366300366,1,1,-0.730716136883144,0.9111111111111112
mixing_01778,3.595133333333333e-05,3.0000000000000005e-06,0.8986531935411539,0.0699074982855781,1.214285714285714e-07,6.424901762877067e-16,-1.4428232973175177e-12,0.0,0.101346806458846,15,3.6,3.0,1.2,54,45,3.0,3.6,0.0,0.0,1.456564762126626,0.0,0.0,0.0,0.0,0.0,-1.4428232973175177e-12,243.4,112.20886137658012,0.4610060040122437,0.2,2,0.6,2,0.6,3,0.0555555555555555,0.0666666666666666,3,0,1,0.0076851420586865,0.9191919191919192,1,1,-0.7415519607074064,0.868421052631579
mixing_01779,8.662427745859375,8.661990837578124,6.125498057620618e-05,4.145749655756244e-05,0.0358064512042494,0.5077596341923039,3.6916240296951166,0.0121739130434782,0.9999387450194236,128,4.65625,4.4921875,1.0365217391304349,596,575,4.4921875,4.65625,0.9895652173913044,0.0282552083333333,1.7527901280413145,4.515555555555555,128.0,159.46450744243455,1.0,0.1094552775310371,2.2973359279426697,265.1640625,135.01739621620592,0.5091843703978775,0.3515625,2,0.515625,2,0.515625,3,0.0050335570469798,0.1640625,4,0,97,0.0022004246763252,0.6748694577590507,1,1,-0.8607660876742187,1.604109589041096
mixing_01780,27.492619126,27.492147688,0.0001754768648941,0.0003095825797036,-3.00525597225,0.5855879423241852,3.7405763316944687,0.0327868852459016,0.9998245231351056,15,3.066666666666667,4.066666666666666,0.7540983606557378,46,61,4.066666666666666,3.066666666666667,0.6721311475409836,0.0,1.7464657984983014,0.0,0.0,0.0,0.0,0.0,-1.4428232973175177e-12,308.4,99.31537069931753,0.3220342759381243,0.3333333333333333,2,0.7333333333333333,2,0.7333333333333333,2,0.0434782608695652,0.4666666666666667,4,0,9,0.0165123456790123,0.7911606886874265,1,1,-0.7032013845670319,1.3209876543209875
mixing_01781,0.3421645326666666,0.3417951999999999,0.0014064249224423,0.0013721861801789,-0.017236881,0.4659672162355313,3.708455205104346,0.0142857142857142,0.9985935750775576,15,4.666666666666667,4.666666666666667,1.0,70,70,4.666666666666667,4.666666666666667,0.8571428571428571,0.0,1.3709505944503406,0.0,0.0,0.0,0.0,0.0,-1.4428232973175177e-12,314.1333333333333,111.62364487525971,0.3553384280833819,0.2666666666666666,1,1.0,1,1.0,1,0.0142857142857142,0.3333333333333333,3,0,13,0.0156774916013437,0.7549061087905902,1,1,-0.8873536749184412,1.4736842105263157
mixing_01783,1.108701324,1.108292207333333,0.0004048217735139,0.0002847240327336,-0.0302221501071428,0.4719215904923772,3.6338014093510673,0.0,0.999595178226486,15,4.4,4.133333333333334,1.064516129032258,66,62,4.133333333333334,4.4,0.9193548387096774,0.0266666666666666,1.3382689280721365,0.0,0.0,0.0,0.0,0.0,-1.4428232973175177e-12,291.6,121.8088666723404,0.417725880220646,0.3333333333333333,2,0.6,2,0.6,2,0.0303030303030303,0.0666666666666666,4,0,13,0.0175102599179206,0.7439341543111218,1,1,-0.8359884458518922,1.4883720930232558
mixing_01784,7.345283475433333,7.3448889138,0.0001594409603465,0.0005245808341682,-0.0279351040600717,0.575571876193311,3.495883596466681,0.0120300751879699,0.9998405590396536,300,4.446666666666666,4.433333333333334,1.0030075187969925,1334,1330,4.433333333333334,4.446666666666666,0.9894736842105264,0.0232222222222222,1.7698685239450975,124.51833333333332,1499.2173913043478,1868.2697205509812,3.0,0.10959279634579,4.4702129919032725,272.64666666666665,133.1889615815796,0.4885039058424075,0.4233333333333333,2,0.5433333333333333,2,0.5433333333333333,2,0.0014992503748125,0.1,4,0,163,0.0009814844288821,0.6522007863436172,1,1,-0.8525301876962073,1.616504854368932
mixing_01785,0.6756667193333333,0.6753174006666666,0.0010555259493381,0.0017834774194987,0.0275624320357142,0.5161780429623561,3.7340259146978103,0.0181818181818181,0.9989444740506618,15,4.0,3.6666666666666665,1.090909090909091,60,55,3.6666666666666665,4.0,0.9272727272727272,0.0,1.9655962303518315,0.0,0.0,0.0,0.0,0.0,-1.4428232973175177e-12,294.2,75.43417187001052,0.2564043911285197,0.2,1,1.0,1,1.0,1,0.0166666666666666,0.0666666666666666,3,0,14,0.0186627718273287,0.7573090182199123,1,1,-0.7840541789341275,1.4556962025316456
mixing_01786,3.3690624009333336,3.368656811333333,0.0002802210710574,0.0004641398565812,-0.0141990025861665,0.6041756870838476,3.366639228038145,0.020542920029347,0.9997197789289426,300,4.453333333333333,4.543333333333333,0.9801907556859868,1336,1363,4.543333333333333,4.453333333333333,0.9699192956713132,0.0238888888888888,1.749648745706657,251.24777777777777,3025.056856187291,7038.408005433329,0.0,0.3988041101581119,4.4795458858184585,277.5833333333333,127.38752553171182,0.4589163333475058,0.3833333333333333,2,0.51,2,0.51,3,0.0022455089820359,0.1533333333333333,4,0,79,0.0009602754094067,0.6384117746883088,1,1,-0.8587728079753149,1.609421586165772
mixing_01787,0.0171259013333333,0.0165858286666666,0.0363545153668591,0.0224408293063791,-0.0006729513214285,0.505959847476966,3.716162061513144,0.0,0.9636454846331408,15,4.2,4.866666666666666,0.8630136986301371,63,73,4.866666666666666,4.2,0.6712328767123288,0.0388888888888888,1.7464657984983014,0.0,0.0,0.0,0.0,0.0,-1.4428232973175177e-12,274.2,129.7361057796061,0.4731440765120573,0.5333333333333333,1,1.0,1,1.0,1,0.0158730158730158,0.2,4,0,14,0.0132013201320132,0.7970762915996183,1,1,-0.8900328920947658,1.3333333333333333
mixing_01788,0.0004692606666666,0.0001429986666666,0.7943064716740679,0.2855606981969411,-1.97805e-05,0.8082219880838051,2.824148348686582,0.0,0.205693528325932,15,3.533333333333333,3.6666666666666665,0.9636363636363636,53,55,3.6666666666666665,3.533333333333333,0.0181818181818181,0.0,1.158938532345949,0.0,0.0,0.0,0.0,0.0,-1.4428232973175177e-12,281.2,147.24867207744668,0.5236439263067094,0.4,2,0.5333333333333333,2,0.5333333333333333,3,0.0566037735849056,0.2,4,0,2,0.0073160818317301,0.9698857736240912,1,1,-0.7606289238394427,0.8852459016393442
mixing_01790,0.1538721773333333,0.1535262233333333,0.0035624765024161,0.0041882981023991,-0.0090790578214285,0.5222487405025924,3.693821467514777,0.0140845070422535,0.9964375234975836,15,4.4,4.733333333333333,0.9295774647887324,66,71,4.733333333333333,4.4,0.8450704225352113,0.0111111111111111,1.456564762126626,0.0,0.0,0.0,0.0,0.0,-1.4428232973175177e-12,277.6666666666667,107.2950981883054,0.3864169202459978,0.4,2,0.6666666666666666,2,0.6666666666666666,3,0.0454545454545454,0.1333333333333333,4,2,10,0.0163640707118968,0.7171192959400107,1,1,-0.8666417538686517,1.4891304347826086
mixing_01791,0.0571831293333333,0.0567673493333333,0.0085419118623591,0.0064462931704881,-0.0008114831428571,0.4799654784020943,3.509196837656998,0.0441176470588235,0.9914580881376408,15,4.533333333333333,4.533333333333333,1.0,68,68,4.533333333333333,4.533333333333333,0.8382352941176471,0.0222222222222222,1.8062389286476188,0.0,0.0,0.0,0.0,0.0,-1.4428232973175177e-12,299.4,138.48919504010826,0.4625557616570082,0.3333333333333333,2,0.8,2,0.8,3,0.0441176470588235,0.2,3,2,14,0.0155570807595515,0.7694269245274458,1,1,-0.8844065771283902,1.446808510638298
mixing_01792,0.0580559819999999,0.0576040446666666,0.0239321376164186,0.0635189836623418,0.0024280418928571,0.519555858105592,3.654232861637289,0.0,0.9760678623835816,15,4.2,4.2,1.0,63,63,4.2,4.2,0.7777777777777778,0.0,1.5058231002039566,0.0,0.0,0.0,0.0,0.0,-1.4428232973175177e-12,274.0,128.9761882785235,0.4707160156150493,0.5333333333333333,1,1.0,1,1.0,1,0.0158730158730158,0.0666666666666666,3,0,14,0.0150501672240802,0.8126714238410592,1,1,-0.8120839570742702,1.3695652173913044
mixing_01793,0.7947562272666667,0.7943355152333333,0.0009130422861089,0.001246096257937,-0.0014695008118245,0.5534117245497896,3.5451627909216463,0.0148809523809523,0.9990869577138912,300,4.48,4.48,1.0,1344,1344,4.48,4.48,0.96875,0.0172222222222222,1.737987660470652,36.66222222222222,441.4180602006689,583.7158295842884,0.0,0.1388089602749055,4.466767785968087,275.26,130.11892836322718,0.4727128110267645,0.3233333333333333,2,0.51,1,1.0,3,0.0022321428571428,0.1433333333333333,4,0,164,0.0009461756972237,0.6645007581382616,1,1,-0.8574865607529641,1.594306049822064
mixing_01797,0.0010068793333333,0.0005586633333333,0.4754402644046862,0.2364452405577098,-4.104217857142856e-05,0.5662163679904029,3.606975794607528,0.0,0.5245597355953138,15,4.666666666666667,4.533333333333333,1.0294117647058825,70,68,4.533333333333333,4.666666666666667,0.0588235294117647,0.0,1.72323142879185,0.0,0.0,0.0,0.0,0.0,-1.4428232973175177e-12,261.3333333333333,141.9696479969608,0.543251204070003,0.5333333333333333,2,0.6,2,0.6,3,0.0428571428571428,0.2666666666666666,4,0,2,0.0062579357881371,0.9870910476705036,1,1,-0.8679622421857385,0.9261744966442952
mixing_01799,3.639901582,3.639420284666666,0.0002174111074707,0.0002795097273483,-0.1001441647857142,0.4123594918508798,3.940458098794557,0.0,0.9997825888925292,15,4.133333333333334,4.2,0.9841269841269842,62,63,4.2,4.133333333333334,0.8888888888888888,0.0388888888888888,1.7464657984983014,0.0,0.0,0.0,0.0,0.0,-1.4428232973175177e-12,323.53333333333336,150.90908647577314,0.4664406134631355,0.2666666666666666,2,0.5333333333333333,2,0.5333333333333333,3,0.0483870967741935,0.1333333333333333,4,0,12,0.017928858290304,0.7131118053112941,1,1,-0.8535898373635287,1.488095238095238
mixing_01801,0.1904216066666667,0.1900623526666666,0.0036125156823449,0.0056806648838282,0.0077028834999999,0.546400966321845,3.790649838458093,0.0655737704918032,0.996387484317655,15,4.0,4.066666666666666,0.9836065573770492,60,61,4.066666666666666,4.0,0.8360655737704918,0.0333333333333333,1.781937063540933,0.0,0.0,0.0,0.0,0.0,-1.4428232973175177e-12,270.7333333333333,157.2720421374862,0.5809112612810374,0.3333333333333333,1,1.0,1,1.0,1,0.0166666666666666,0.1333333333333333,3,0,11,0.0169467787114845,0.7405759483280491,1,1,-0.7915122841513459,1.423529411764706
mixing_01803,0.0754722406666666,0.0750872326666666,0.0064696382634368,0.0054497701226842,0.0017352733928571,0.501978915131008,3.394939267091861,0.0,0.9935303617365632,15,4.066666666666666,4.6,0.8840579710144928,61,69,4.6,4.066666666666666,0.8115942028985508,0.0,1.6402239289360812,0.0,0.0,0.0,0.0,0.0,-1.4428232973175177e-12,297.06666666666666,164.42734681600984,0.5535031872172683,0.5333333333333333,2,0.5333333333333333,2,0.5333333333333333,3,0.0491803278688524,0.2666666666666666,3,0,14,0.0165985699693564,0.7498849145907972,1,1,-0.867051040829834,1.4606741573033708
mixing_01804,0.0206582833333333,0.0203052833333333,0.0179280366043905,0.0141006126233457,-0.0001530630714285,0.4226522475146402,3.272834054162149,0.0,0.9820719633956094,15,4.266666666666667,4.533333333333333,0.9411764705882352,64,68,4.533333333333333,4.266666666666667,0.8235294117647058,0.0,1.6729055953142853,0.0,0.0,0.0,0.0,0.0,-1.4428232973175177e-12,259.7333333333333,148.1005771507355,0.5702024274283963,0.4666666666666667,2,0.6666666666666666,2,0.6666666666666666,3,0.046875,0.0666666666666666,4,0,15,0.0161172161172161,0.7766771519673994,1,1,-0.8664415805758163,1.4505494505494505
mixing_01805,991.757521544,991.7570217233332,6.970304732300361e-06,1.819730910547746e-05,-189.99073979382143,0.7363748826686286,4.013897357965564,0.0,0.9999930296952678,15,2.1333333333333333,5.333333333333333,0.4,32,80,5.333333333333333,2.1333333333333333,0.3375,0.0,1.5058231002039566,0.0,0.0,0.0,0.0,0.0,-1.4428232973175177e-12,224.8,129.43790568674785,0.5757913954036826,0.5333333333333333,1,1.0,1,1.0,1,0.03125,0.2,3,0,4,0.0113131313131313,0.897106564796421,1,1,-0.6411533952827608,1.12
mixing_01806,25.374602718,25.374082919333333,2.7430584394400567e-05,2.3279902044459837e-05,1.4898090125,0.579984362578457,3.767958277697537,0.0,0.9999725694156056,15,4.4,2.533333333333333,1.7368421052631582,66,38,2.533333333333333,4.4,0.9736842105263158,0.0,1.6402239289360812,0.0,0.0,0.0,0.0,0.0,-1.4428232973175177e-12,320.6666666666667,122.15076554737398,0.380927543287029,0.2666666666666666,2,0.6,1,1.0,3,0.0454545454545454,0.0666666666666666,4,0,14,0.0156579343571213,0.8578836324712208,1,1,-0.6696494537638588,1.2682926829268293
mixing_01808,0.0154870486666666,0.0150589999999999,0.0453378401572891,0.0621653913840794,-0.0011755604642857,0.3080926447476531,2.3227569588872994,0.0,0.9546621598427107,15,1.1333333333333333,1.1333333333333333,1.0,17,17,1.1333333333333333,1.1333333333333333,0.8235294117647058,0.0,1.5655962303532738,0.0,0.0,0.0,0.0,0.0,-1.4428232973175177e-12,264.26666666666665,158.02281330178096,0.5979672551782832,0.4,2,0.6,2,0.6,2,0.1176470588235294,0.0,3,2,12,0.0285714285714285,0.2333333333333333,1,1,-0.0967741935483868,0.9714285714285714
mixing_01810,0.0583309548666666,0.0579239613,0.0174114343220275,0.0442660586072397,0.0003471017614529,0.5780667570233644,3.61123301901786,0.014388489208633,0.9825885656779724,300,4.6433333333333335,2.316666666666667,2.0043165467625896,1393,695,2.316666666666667,4.6433333333333335,0.9266187050359712,0.0044444444444444,1.6631452275690684,935.6588888888888,11265.458193979934,12128.166021190093,64.0,0.0368779039654197,4.534507513744307,276.3233333333333,134.3938160091225,0.4863643413240135,0.4033333333333333,2,0.5133333333333333,2,0.5133333333333333,3,0.0021536252692031,0.1366666666666666,4,0,292,0.0006868891029386,0.854110313468509,1,1,-0.6413642081601126,1.1972477064220184
mixing_01811,0.1456335366666666,0.1452631266666666,0.0060729045771132,0.0098420885543492,-0.0214969197142857,0.5628490373032955,3.2960390338786154,0.0,0.9939270954228868,15,2.0,2.6666666666666665,0.75,30,40,2.6666666666666665,2.0,0.675,0.0222222222222222,1.7055872616924894,1.8194444444444444,467.8571428571428,401.7822539533531,57.0,-0.0759796406948984,1.429473298355513,243.06666666666663,103.85874106322537,0.4272850016314812,0.5333333333333333,2,0.8,2,0.8,3,0.1,0.0666666666666666,4,0,8,0.0211736237144585,0.6230657143753838,1,1,-0.5186861252321313,1.206896551724138
mixing_01812,0.2949791539999999,0.2945337466666666,0.001621175477686,0.0009311157991758,0.0026271957857142,0.4711905497099574,4.00710869012474,0.0,0.998378824522314,15,5.066666666666666,4.8,1.0555555555555556,76,72,4.8,5.066666666666666,0.9166666666666666,0.0,1.103307408603506,0.0,0.0,0.0,0.0,0.0,-1.4428232973175177e-12,281.26666666666665,125.15559839465358,0.444971314510501,0.5333333333333333,2,0.6666666666666666,2,0.6666666666666666,3,0.0394736842105263,0.1333333333333333,4,0,15,0.015893470790378,0.7505165214105789,1,1,-0.8867392531772611,1.5257731958762886
mixing_01813,0.5915055206666667,0.5910222433333332,0.0009576374008698,0.000585020106929,-0.0291111111428571,0.5386983417949855,4.013981232927344,0.0,0.99904236259913,15,4.533333333333333,4.666666666666667,0.9714285714285712,68,70,4.666666666666667,4.533333333333333,0.9,0.0,1.8062389286476188,0.0,0.0,0.0,0.0,0.0,-1.4428232973175177e-12,290.8666666666667,129.09291596513324,0.4438216226167771,0.3333333333333333,2,0.7333333333333333,2,0.7333333333333333,2,0.0294117647058823,0.1333333333333333,3,1,13,0.0172284644194756,0.7258016912567998,1,1,-0.8741572077325921,1.5333333333333334
mixing_01814,23.65050756875,23.65011155890625,4.125872063765059e-05,0.0001387838298467,0.2331820753880494,0.5497511261606903,3.512071084273665,0.0127795527156549,0.9999587412793624,64,4.6875,4.890625,0.9584664536741214,300,313,4.890625,4.6875,0.9424920127795527,0.0088541666666666,1.6629947374469851,0.0,0.0,0.0,0.0,0.0,-1.4428232973175177e-12,267.28125,126.69253730167576,0.47400458244518,0.328125,1,1.0,1,1.0,2,0.0066666666666666,0.078125,4,0,37,0.0042118426296189,0.67190265085586,1,1,-0.8955219964253981,1.6047120418848169
mixing_01815,0.56694188,0.5665383353333333,0.0006990615908128,0.0003659271485161,0.0382359395,0.2515117167658146,3.130717987912948,0.0,0.9993009384091872,15,4.533333333333333,1.1333333333333333,4.0,68,17,1.1333333333333333,4.533333333333333,0.9411764705882352,0.0,1.8294732983540705,0.0,0.0,0.0,0.0,0.0,-1.4428232973175177e-12,284.3333333333333,142.3339466921099,0.500588323653376,0.2666666666666666,2,0.6,2,0.6,3,0.0441176470588235,0.0,4,0,15,0.0121916236374067,0.8855531746836095,1,1,-0.2857214846330084,1.011904761904762
mixing_01816,0.0954710519999999,0.0950097786666666,0.0058986180339979,0.0047261593265458,3.9251178571428295e-05,0.5110258695676507,3.705328757629765,0.0,0.994101381966002,15,4.466666666666667,4.733333333333333,0.943661971830986,67,71,4.733333333333333,4.466666666666667,0.8591549295774648,0.0266666666666666,1.5655962303532738,0.0,0.0,0.0,0.0,0.0,-1.4428232973175177e-12,240.13333333333333,124.54767685317864,0.5186605088277845,0.2666666666666666,1,1.0,1,1.0,1,0.0149253731343283,0.1333333333333333,3,0,12,0.0164835164835164,0.7118716103789084,1,1,-0.8673844781927933,1.5
mixing_01819,7.558805390666666,7.558319273333333,6.606417914422976e-05,3.636560570497642e-05,0.1955745854642858,0.0645847861544852,0.7219280948844771,0.0,0.9999339358208558,15,1.4,1.0,1.4,21,15,1.0,1.4,0.9333333333333332,0.0,1.921928094881592,0.0,0.0,0.0,0.0,0.0,-1.4428232973175177e-12,273.46666666666664,119.9534830475468,0.4386402354249639,0.3333333333333333,2,0.5333333333333333,2,0.5333333333333333,3,0.1428571428571428,0.0666666666666666,3,0,15,0.027027027027027,0.3409090909090909,1,1,0.0,0.972972972972973
mixing_01820,0.0004570566666666,0.000174458,0.7663030023989379,0.2873979768546933,-1.820075e-05,0.7535595960059155,2.872385295114181,0.0,0.2336969976010622,15,3.066666666666667,2.933333333333333,1.0454545454545456,46,44,2.933333333333333,3.066666666666667,0.0227272727272727,0.0,1.3995812306417363,0.0,0.0,0.0,0.0,0.0,-1.4428232973175177e-12,226.33333333333331,121.21154274753742,0.5355443714913288,0.3333333333333333,1,1.0,1,1.0,1,0.0217391304347826,0.2,4,0,2,0.0084017923823749,0.8514357053682896,1,1,-0.6826807770897032,0.8653846153846154
mixing_01821,3.416468615366666,3.4160561488666668,0.0002423100533777,0.000311888591902,0.0149989610900876,0.5824115108879218,3.223987063474368,0.0173192771084337,0.999757689946622,300,4.496666666666667,4.426666666666667,1.0158132530120485,1349,1328,4.426666666666667,4.496666666666667,0.9864457831325302,0.0147777777777777,1.7685264290983718,9.320555555555556,112.22073578595318,165.7440448385963,0.0,0.1925542830727815,3.228383366903044,275.38,132.42417758613624,0.4808779780163274,0.4033333333333333,2,0.5333333333333333,2,0.5333333333333333,2,0.0014825796886582,0.1733333333333333,4,0,172,0.0009639128596849,0.657765864770763,1,1,-0.8540845123711447,1.605878824235153
mixing_01822,0.015159392,0.014700198,0.0435324360075016,0.057503964611884,0.0001362480357142,0.4265523749564989,3.426816204635302,0.0,0.9564675639924984,15,4.333333333333333,4.333333333333333,1.0,65,65,4.333333333333333,4.333333333333333,0.7846153846153846,0.0,1.8062389286476188,0.0,0.0,0.0,0.0,0.0,-1.4428232973175177e-12,283.46666666666664,156.21865018833913,0.5511006003821936,0.3333333333333333,2,0.5333333333333333,2,0.5333333333333333,3,0.0461538461538461,0.2,3,2,14,0.014870738961336,0.7822226482874288,1,1,-0.8517363277188603,1.3829787234042554
mixing_01823,0.4956894394666667,0.4952743374666666,0.0143460205392176,0.0371197638017197,-0.0045638052394848,0.8410088276328431,3.667959640758611,0.0110116999311768,0.985653979460782,300,3.583333333333333,4.843333333333334,0.7398485891259463,1075,1453,4.843333333333334,3.583333333333333,0.7377838953888507,0.0148333333333333,1.714195504417771,4.447222222222222,53.54515050167224,68.22464713343972,0.0,0.1205512115225416,2.257369919639236,278.57666666666665,133.7024755271789,0.4799485797823899,0.39,2,0.5166666666666667,2,0.5166666666666667,3,0.0027906976744186,0.1766666666666666,4,0,26,0.0008203051483233,0.7183802189255236,1,1,-0.7760553720033196,1.439635535307517
mixing_01824,1.0208020353333334,1.020442034,0.0132074989190418,0.0459089982363702,-0.0772202298928571,0.639039651059036,3.6420289492744926,0.0,0.986792501080958,15,3.2,3.1333333333333333,1.021276595744681,48,47,3.1333333333333333,3.2,0.723404255319149,0.0333333333333333,1.889246428503388,0.0,0.0,0.0,0.0,0.0,-1.4428232973175177e-12,244.53333333333333,144.18929357255476,0.5896508733883101,0.5333333333333333,2,0.5333333333333333,2,0.5333333333333333,2,0.0416666666666666,0.0666666666666666,4,2,11,0.0166666666666666,0.7833856543114018,1,1,-0.6618052276804446,1.25
mixing_01825,21.229718152266663,21.22928362933333,5.34488109057795e-05,0.0001171772612601,0.1404855113516817,0.5834485881973122,3.6179816150934503,0.0159744408945686,0.9999465511890944,300,5.013333333333334,2.0866666666666664,2.402555910543132,1504,626,2.0866666666666664,5.013333333333334,0.9904153354632588,0.0061111111111111,1.7060201523917584,7.580833333333333,91.2742474916388,203.02853739233603,0.0,0.3797255603434231,3.0583492743306926,280.28333333333336,130.44214643836187,0.4653938744307374,0.3566666666666667,1,1.0,1,1.0,1,0.0006648936170212,0.1266666666666666,4,0,297,0.0006505227087399,0.8670930405829832,1,1,-0.6071625731979648,1.1767955801104972
mixing_01827,0.0079261319999999,0.0074505593333333,0.0710971819737669,0.0521623661082664,-0.0003673663928571,0.4590024138791726,3.57539800111637,0.0,0.928902818026233,15,4.266666666666667,4.266666666666667,1.0,64,64,4.266666666666667,4.266666666666667,0.5,0.0222222222222222,1.3382689280721365,0.0,0.0,0.0,0.0,0.0,-1.4428232973175177e-12,310.2,134.8079056605043,0.434583835140246,0.1333333333333333,2,0.5333333333333333,2,0.5333333333333333,2,0.03125,0.0666666666666666,4,0,15,0.0104832104832104,0.8705432639256167,1,1,-0.8420341793215174,1.1531531531531531
mixing_01829,0.0005983873333333,0.0003213986666666,0.5379520394350964,0.3192344675118669,-2.4703107142857134e-05,0.6244141720758266,3.627694726052172,0.0,0.4620479605649034,15,4.0,4.533333333333333,0.8823529411764706,60,68,4.533333333333333,4.0,0.0588235294117647,0.0333333333333333,1.5546097612597958,0.0,0.0,0.0,0.0,0.0,-1.4428232973175177e-12,226.8,161.84172162067128,0.7135878378336475,0.6666666666666666,1,1.0,1,1.0,1,0.0166666666666666,0.1333333333333333,3,0,2,0.0066729225315399,0.9851765354611652,1,1,-0.8385539469737288,0.920863309352518
mixing_01830,0.7440270926666667,0.7435472959999999,0.0007130651286982,0.0004730285562559,-0.0058906433571428,0.4422257664106387,3.848911169980695,0.0,0.9992869348713016,15,4.733333333333333,3.933333333333333,1.2033898305084747,71,59,3.933333333333333,4.733333333333333,0.8983050847457628,0.0222222222222222,1.796791631975866,0.0,0.0,0.0,0.0,0.0,-1.4428232973175177e-12,277.06666666666666,128.3752683495132,0.4633371090574345,0.2666666666666666,2,0.6,2,0.6,3,0.0422535211267605,0.0666666666666666,3,0,14,0.015527950310559,0.7845086522803543,1,1,-0.8209930987058826,1.4130434782608696
mixing_01831,0.372651034,0.3722345693333333,0.0014318152982644,0.001238193338893,0.0078803553928571,0.6047589837921976,3.8790659243239527,0.0147058823529411,0.9985681847017356,15,4.533333333333333,4.533333333333333,1.0,68,68,4.533333333333333,4.533333333333333,0.9117647058823528,0.0,1.2866926683504267,0.0,0.0,0.0,0.0,0.0,-1.4428232973175177e-12,241.33333333333331,146.12356154328856,0.605484371035726,0.1333333333333333,2,0.6,1,1.0,2,0.0294117647058823,0.2,2,0,13,0.017364657814096,0.7606111760523525,1,1,-0.8270599274979143,1.5280898876404494
mixing_01832,0.0928405844,0.0924426139333333,0.0075238845930478,0.0183978576402641,0.0001595920213913,0.5052476616494322,3.408388258278304,0.0051775147928994,0.9924761154069524,300,4.35,4.506666666666667,0.9652366863905324,1305,1352,4.506666666666667,4.35,0.9312130177514792,0.0142222222222222,1.731609684194325,13.728333333333332,165.29096989966555,219.59401340003072,1.0,0.1410890158270511,3.7454298421326073,274.1433333333333,132.9020163204042,0.4847902544425818,0.4033333333333333,2,0.54,2,0.54,2,0.0015325670498084,0.14,4,0,233,0.000922087269643,0.6860872215263392,1,1,-0.8517105437840048,1.5647820965842167
mixing_01833,0.1374568929,0.1370525038,0.0168456927605989,0.0477758722766832,-0.0007130547670574,0.6823560716516571,3.510294191318844,0.0098176718092566,0.9831543072394012,300,3.9366666666666665,4.753333333333333,0.8281907433380085,1181,1426,4.753333333333333,3.9366666666666665,0.8218793828892006,0.019,1.7578356304987754,67.14527777777778,808.438127090301,887.7574008103127,1.0,0.0467630484901616,4.5151945367759385,268.34,129.02623880824916,0.4808311798772049,0.3933333333333333,2,0.51,2,0.51,3,0.0025402201524132,0.17,4,0,42,0.0008665476700936,0.6900455509127483,1,1,-0.8156584741303412,1.502593659942363
mixing_01834,0.32106309,0.3207606659999999,0.0017887292990702,0.0022098183960272,-0.0128737432499999,0.5668336689883476,3.680964054951491,0.0,0.9982112707009296,15,4.333333333333333,4.8,0.9027777777777778,65,72,4.8,4.333333333333333,0.8472222222222222,0.0222222222222222,1.8256051990111728,0.0,0.0,0.0,0.0,0.0,-1.4428232973175177e-12,277.7333333333333,135.09175012701905,0.4864081257573897,0.3333333333333333,2,0.7333333333333333,2,0.7333333333333333,3,0.0461538461538461,0.0,2,0,14,0.0167277167277167,0.7447441915443382,1,1,-0.8798793784038591,1.5054945054945057
mixing_01835,0.0022561726666666,0.00189432,0.2145863885801522,0.2425183440855886,-0.0001584911071428,0.5735144198960234,3.6168676541006266,0.0,0.7854136114198478,15,4.266666666666667,4.333333333333333,0.9846153846153848,64,65,4.333333333333333,4.266666666666667,0.2615384615384615,0.0133333333333333,1.2729055953157278,0.0,0.0,0.0,0.0,0.0,-1.4428232973175177e-12,252.7333333333333,131.50907989655352,0.5203471903055402,0.2,2,0.5333333333333333,2,0.5333333333333333,2,0.03125,0.0,4,1,5,0.0080614923134608,0.9356854804859008,1,1,-0.8375259938366096,1.015748031496063
mixing_01836,45.46940033266666,45.46907167466667,8.97740639020865e-06,9.084859594525928e-06,4.069197288214286,0.2227399756431818,3.6402239289230978,0.0,0.9999910225936098,15,5.266666666666667,1.0,5.266666666666667,79,15,1.0,5.266666666666667,0.9333333333333332,0.0,1.8062389286476188,0.0,0.0,0.0,0.0,0.0,-1.4428232973175177e-12,227.7333333333333,125.75456064815114,0.5522009396142469,0.5333333333333333,2,0.6,2,0.6,2,0.0253164556962025,0.0666666666666666,3,2,15,0.0105263157894736,0.9077688977688976,1,1,0.0,0.9894736842105264
mixing_01837,186.0595086739667,186.0590890384,1.0489242286955068e-05,8.96224723254241e-05,1.1936231819372087,0.4691611368186651,3.2966963860202387,0.002415458937198,0.999989510757713,300,4.88,1.38,3.536231884057971,1464,414,1.38,4.88,0.997584541062802,0.0033333333333333,1.7095696562709906,216.7111111111111,2609.230769230769,2701.805547093293,4.0,0.0174306429760205,4.526744635682266,272.62333333333333,127.84483745450233,0.4689431234346619,0.43,1,1.0,1,1.0,1,0.0006830601092896,0.16,4,0,299,0.0006031874506176,0.8913587424197755,1,1,-0.419383092340288,1.0640226628895184
mixing_01838,0.000978918,0.0005317586666666,0.5571970127598022,0.3235920109896517,-2.7245071428571422e-05,0.6811738065087872,3.899094995427339,0.0,0.4428029872401979,15,1.7333333333333334,4.733333333333333,0.3661971830985915,26,71,4.733333333333333,1.7333333333333334,0.056338028169014,0.0222222222222222,1.6729055953142853,0.0,0.0,0.0,0.0,0.0,-1.4428232973175177e-12,242.86666666666667,117.12683397964464,0.4822680509730083,0.1333333333333333,2,0.5333333333333333,2,0.5333333333333333,2,0.0769230769230769,0.2,4,1,2,0.0083939079266182,0.9344039473071732,1,1,-0.5571802397771678,0.8981481481481481
mixing_01839,147.56930682813336,147.5689034621333,1.4919736215283075e-05,0.0001330331134602,1.0238858849635526,0.4697852819533154,3.366502445920462,0.0,0.9999850802637849,300,5.126666666666667,1.2866666666666666,3.984455958549223,1538,386,1.2866666666666666,5.126666666666667,0.9974093264248703,0.0,1.7026978956565522,12.404722222222222,149.35451505016724,230.9485777322246,0.0,0.214550089732626,3.694622008333608,282.84,136.7784420417116,0.4835894570842582,0.3633333333333333,2,0.52,2,0.52,3,0.0019505851755526,0.1666666666666666,4,0,299,0.0005692169598252,0.8925679686737393,1,1,-0.3738116842766036,1.046220772158782
mixing_01841,0.0002915946666666,5.000799999999999e-05,0.8564911618334499,0.2384291956812164,-5.013071428571426e-06,0.821051376877739,2.2067528877419798,0.0,0.14350883816655,15,4.4,4.533333333333333,0.9705882352941178,66,68,4.533333333333333,4.4,0.0147058823529411,0.0,1.429473298355513,0.0,0.0,0.0,0.0,0.0,-1.4428232973175177e-12,302.53333333333336,132.75695659290145,0.4388176176495199,0.2666666666666666,2,0.5333333333333333,2,0.5333333333333333,2,0.0303030303030303,0.2666666666666666,2,1,2,0.0061592204449347,0.9959899749373434,1,1,-0.8617829220138311,0.9054054054054054
mixing_01842,1.0437175626666668,1.0433047573333334,0.0004202228944604,0.0002437688554666,-0.0542230002142857,0.4931655279591989,3.6897254306266576,0.0,0.9995797771055396,15,4.266666666666667,4.466666666666667,0.9552238805970148,64,67,4.466666666666667,4.266666666666667,0.8507462686567164,0.0555555555555555,1.2729055953157278,0.0,0.0,0.0,0.0,0.0,-1.4428232973175177e-12,262.53333333333336,141.5616305292336,0.5392139304059177,0.4666666666666667,2,0.6,1,1.0,3,0.046875,0.0666666666666666,4,0,12,0.016726251276813,0.7551768051768053,1,1,-0.878100451551754,1.4719101123595506
mixing_01843,0.0013760719999999,0.0009672986666666,0.3395609393118006,0.2166867126894855,-0.0001007597857142,0.5748851735235324,3.505902719312446,0.0,0.6604390606881994,15,4.4,4.6,0.9565217391304348,66,69,4.6,4.4,0.1014492753623188,0.0488888888888888,1.6894822670134118,0.0,0.0,0.0,0.0,0.0,-1.4428232973175177e-12,298.8,113.55627931307264,0.3800410954252766,0.3333333333333333,2,0.6666666666666666,2,0.6666666666666666,2,0.0303030303030303,0.1333333333333333,3,0,3,0.0066482812961686,0.9766626602564102,1,1,-0.8522908982761523,0.944055944055944
mixing_01845,0.193813366,0.19327913,0.0275319351572464,0.0741755646041491,-0.0144558181785714,0.6038354569102975,3.836945155920165,0.0135135135135135,0.9724680648427536,15,4.333333333333333,4.933333333333334,0.8783783783783783,65,74,4.933333333333334,4.333333333333333,0.6486486486486487,0.0,1.6894822670134118,0.0,0.0,0.0,0.0,0.0,-1.4428232973175177e-12,278.4,131.35165451130467,0.4718091038480771,0.5333333333333333,2,0.5333333333333333,2,0.5333333333333333,3,0.0461538461538461,0.2,4,0,9,0.0124887690925426,0.8255034124858573,1,1,-0.8272693556650029,1.3113207547169812
mixing_01846,6.408702090666667,6.408327159333335,0.0007509912425717,0.001250753214129,-1.225563814071429,0.7912512942497693,3.901499930196171,0.0116279069767441,0.9992490087574282,15,2.4,5.733333333333333,0.4186046511627906,36,86,5.733333333333333,2.4,0.3720930232558139,0.0222222222222222,1.3995812306417363,0.0,0.0,0.0,0.0,0.0,-1.4428232973175177e-12,299.1333333333333,127.46196444803596,0.4261041824650188,0.4,2,0.6,2,0.6,2,0.0555555555555555,0.0666666666666666,4,0,4,0.0111721611721611,0.8725481043437701,1,1,-0.7326173507233,1.161904761904762
mixing_01847,0.3329681733333334,0.3324973473333333,0.0014246248475385,0.0007508725044133,-0.0069696563571428,0.4872723743293781,3.8614177793408615,0.0266666666666666,0.9985753751524616,15,5.0,5.0,1.0,75,75,5.0,5.0,0.88,0.0333333333333333,1.5546097612597958,0.0,0.0,0.0,0.0,0.0,-1.4428232973175177e-12,306.3333333333333,129.9597007134281,0.4242427662027033,0.5333333333333333,2,0.5333333333333333,2,0.5333333333333333,2,0.0266666666666666,0.1333333333333333,3,0,12,0.015460729746444,0.7647554215527457,1,1,-0.9051144787216244,1.5151515151515151
mixing_01848,0.247001196,0.2466895986666667,0.001523881184178,0.0012770057568328,0.0016926504642857,0.4801456847635912,3.032084147810615,0.0172413793103448,0.998476118815822,15,4.333333333333333,3.8666666666666663,1.1206896551724137,65,58,3.8666666666666663,4.333333333333333,0.7931034482758621,0.0133333333333333,1.9898980954585168,3.319166666666667,853.5,642.8259873402754,148.0,-0.1407941948760766,1.921928094881592,279.06666666666666,128.7946686267202,0.4615193572386056,0.4,2,0.6,2,0.6,3,0.0461538461538461,0.1333333333333333,3,0,14,0.0146918299092212,0.8208140323304569,1,1,-0.764637033307292,1.3369565217391304
mixing_01849,0.3206277866666667,0.3202366446666665,0.0012930901441314,0.0008149048545289,0.0117753842142857,0.4421424404442325,3.828715863834817,0.0555555555555555,0.9987069098558684,15,4.2,3.6,1.1666666666666667,63,54,3.6,4.2,0.925925925925926,0.0222222222222222,1.230959563109682,0.0,0.0,0.0,0.0,0.0,-1.4428232973175177e-12,278.6666666666667,145.1002937216022,0.5206948339291945,0.2666666666666666,2,0.5333333333333333,2,0.5333333333333333,3,0.0476190476190476,0.1333333333333333,4,0,15,0.0176151761517615,0.7582929508302644,1,1,-0.8376713495536311,1.4268292682926829
normal_00001,4.518081866,4.517436024,0.0002510135004773,0.0002029835736076,-0.6375465540000003,0.5456576550135139,3.4548223999292937,0.0,0.9997489864995228,5,2.4,3.4,0.7058823529411765,12,17,3.4,2.4,0.6470588235294118,0.0,1.921928094881592,0.0,0.0,0.0,0.0,0.0,-1.4428232973175177e-12,251.2,85.32115798557822,0.3396542913438624,0.4,2,0.6,2,0.6,1,0.0833333333333333,0.2,3,1,3,0.0573122529644268,0.8489337822671157,1,1,-0.5915965664492252,1.2608695652173914
normal_00002,0.0989709996999999,0.09858124285,0.0656281168179652,0.0909534146863701,-0.0016673713471911,0.866607709988078,3.6888687962040425,0.0034188034188034,0.9343718831820348,200,1.0,2.925,0.3418803418803419,200,585,2.925,1.0,0.3401709401709402,0.0,1.6636717622893429,5.9191666666666665,107.08040201005024,189.0464928267373,1.0,0.2767938078095313,2.556933568951933,281.23,133.5425594178852,0.4748517562773715,0.355,1,1.0,1,1.0,1,0.005,0.18,4,0,6,0.0012722646310432,0.7364226312178536,1,1,0.0,0.9987277353689568
normal_00003,0.192166538,0.19183766,0.0019314964383285,0.0010846055177483,0.037714778,0.2744992108729553,2.807354922047505,0.0,0.9980685035616714,5,2.8,1.4,2.0,14,7,1.4,2.8,0.5714285714285714,0.0,1.5219280948830345,0.0,0.0,0.0,0.0,0.0,-1.4428232973175177e-12,277.6,111.27129009767076,0.4008331775852692,0.4,2,0.8,2,0.8,3,0.2142857142857142,0.4,2,0,5,0.0454545454545454,0.8139589169000934,1,1,-0.4398430978163434,0.9545454545454546
normal_00004,0.039146952,0.0387547,0.0244965298732107,0.0403929948006837,-0.007325843,0.5788293032845047,3.427333493880952,0.0,0.9755034701267892,5,4.0,4.2,0.9523809523809524,20,21,4.2,4.0,0.6666666666666666,0.0,1.3709505944503406,0.0,0.0,0.0,0.0,0.0,-1.4428232973175177e-12,248.8,115.59065706189232,0.4645926730783453,0.0,1,1.0,1,1.0,1,0.05,0.0,3,0,5,0.0413306451612903,0.8684054386668767,1,1,-0.8142819339020165,1.28125
normal_00005,0.052226642,0.0519707139999999,0.0047782637889159,0.0038721236594332,0.001436801,0.0258037940367722,1.3709505944503406,0.4,0.995221736211084,5,1.6,1.0,1.6,8,5,1.0,1.6,0.8,0.0,0.7219280948844771,0.0,0.0,0.0,0.0,0.0,-1.4428232973175177e-12,116.6,85.62009110016176,0.7343060986291746,0.2,1,1.0,1,1.0,1,0.125,0.4,2,0,5,0.0714285714285714,0.5111111111111111,1,1,0.0,0.9285714285714286
normal_00006,0.000407934,0.000172888,0.7273760009893715,0.3315003992999295,-0.00013785,0.8035308529525657,3.426367488454472,0.0,0.2726239990106286,5,2.0,3.8,0.5263157894736842,10,19,3.8,2.0,0.0526315789473684,0.0,1.921928094881592,134.73694444444445,121263.25,66569.19378126417,29314.0,-0.2911853517831482,1.921928094881592,347.0,76.13474896523925,0.2194084984589027,0.0,2,0.8,2,0.8,2,0.2,0.2,2,1,2,0.0274621212121212,0.9785714285714284,1,1,-0.6632402584655411,0.8787878787878788
normal_00008,2.04980774535,2.0493911922500003,0.0319214958194039,0.0700927113149292,-0.02216796370324,0.8442464996582234,3.886929078970622,0.003584229390681,0.968078504180596,200,1.0,1.395,0.7168458781362007,200,279,1.395,1.0,0.7132616487455197,0.0,1.66346309949324,1.3830555555555557,25.02010050251256,86.42950825659797,0.0,0.5510060415449008,0.946755449680308,289.65,121.1087285070858,0.4181209339101874,0.38,2,0.515,2,0.515,2,0.01,0.18,4,0,11,0.0020833333333333,0.3062925170068025,1,1,0.0,0.9979166666666668
normal_00009,0.10249756935,0.10209726165,0.0744198924082097,0.0889447336287286,-0.000760706460804,0.9024172166276512,3.783910940630554,0.0059288537549407,0.92558010759179,200,1.23,2.53,0.4861660079051383,246,506,2.53,1.23,0.4841897233201581,0.0,1.7224336064250665,213.14666666666668,3855.9195979899496,4510.638149546978,14.0,0.0782542320645278,4.498574008127781,279.855,128.42792779684237,0.4589088199133206,0.42,1,1.0,1,1.0,1,0.0040650406504065,0.14,4,0,13,0.0015065853003754,0.6982424390012277,1,1,-0.2445777653934147,1.0636492220650635
normal_00011,0.9583738348275862,0.9579696106896552,0.0006259702840188,0.0006091292150571,0.0300986329605911,0.391976318002798,3.047080990662046,0.0277777777777777,0.9993740297159812,29,3.793103448275862,1.2413793103448276,3.055555555555556,110,36,1.2413793103448276,3.793103448275862,0.9722222222222222,0.0,1.918036823874168,14.746944444444445,1896.0357142857144,1833.4229401029972,32.0,-0.016788703129618,3.581444787913856,266.86206896551727,110.54595816670584,0.4142438024078652,0.3793103448275862,2,0.5517241379310345,2,0.5517241379310345,3,0.0272727272727272,0.1034482758620689,4,1,25,0.0075025693730729,0.8717229717229718,1,1,-0.3178939496840137,1.042857142857143
normal_00012,0.02605103085,0.0256407084,0.0988978164196976,0.1039711220569403,-0.0004725443771094,0.875252381184326,3.629328855057401,0.0043041606886657,0.9011021835803024,200,1.085,3.485,0.3113342898134864,217,697,3.485,1.085,0.3098995695839311,0.0,1.718075916671383,435.4891666666667,7878.195979899498,7718.130391518814,20.0,-0.010263031470925,4.505041526195397,261.245,129.13152103037464,0.4942927942367304,0.29,2,0.52,2,0.52,3,0.0138248847926267,0.16,4,0,11,0.0011346904926841,0.8263915485978527,1,1,-0.1891493934414434,1.017817371937639
normal_00013,0.0361918751999999,0.0357722407,0.0789878071220065,0.0854367439535185,-0.0007324838694067,0.8573535481047001,3.4659213188774864,0.0018484288354898,0.9210121928779934,200,1.065,5.41,0.1968576709796672,213,1082,5.41,1.065,0.1959334565619223,0.0,1.7292705168732505,65.77694444444444,1189.9346733668342,1730.522624388764,0.0,0.1851038710401201,4.413669740821472,281.74,131.80853481184832,0.4678374913460932,0.32,2,0.51,1,1.0,2,0.0093896713615023,0.195,4,0,6,0.0007873268944787,0.8997399389366153,1,1,-0.1980787960391803,1.009353078721746
normal_00014,12.856239175111108,12.85582292288889,4.332778534129276e-05,3.3870166998117686e-05,-0.1851559837720685,0.2778271124657365,3.7967269865830615,0.0222222222222222,0.9999566722146586,45,3.4444444444444446,1.0,3.4444444444444446,155,45,1.0,3.4444444444444446,0.9777777777777776,0.0,1.6858512585987924,0.0,0.0,0.0,0.0,0.0,-1.4428232973175177e-12,260.4,144.05292587984965,0.5531986400915886,0.3333333333333333,2,0.5333333333333333,2,0.5333333333333333,3,0.0193548387096774,0.0888888888888888,4,0,45,0.0049751243781094,0.856799005837467,1,1,0.0,0.9950248756218906
normal_00015,0.0291475319999999,0.0287334419999999,0.0151717005039643,0.0084482590157308,0.006248225,0.3874847592969497,2.807354922047505,0.0,0.9848282994960356,5,5.0,1.4,3.571428571428572,25,7,1.4,5.0,0.8571428571428571,0.0,1.5219280948830345,0.0,0.0,0.0,0.0,0.0,-1.4428232973175177e-12,353.8,151.27689843462548,0.4275774404596537,0.4,2,0.8,2,0.8,3,0.12,0.4,3,0,5,0.0344086021505376,0.9203296703296704,1,1,-0.4868769485344372,1.032258064516129
normal_00017,0.1032014594999999,0.1027990293999999,0.0601543610027234,0.0847422500947821,-0.001622732121143,0.8504699051198321,3.893867140135647,0.0016339869281045,0.9398456389972764,200,1.335,3.06,0.4362745098039216,267,612,3.06,1.335,0.434640522875817,0.0016666666666666,1.6546979505415746,130.92333333333335,2368.462311557789,4451.643862973591,2.0,0.3054470851487794,4.446617858165463,281.88,134.98194779731023,0.478863160909998,0.27,2,0.515,2,0.515,2,0.0074906367041198,0.21,4,0,8,0.0013315034628178,0.7600437187581568,1,1,-0.3207503823137945,1.081180811808118
normal_00018,1.6105074480000003,1.61000504,0.0004792981201801,0.0004207640002917,-0.085834944,0.5944210336136588,3.2639334294697635,0.0,0.9995207018798198,5,2.2,3.4,0.6470588235294118,11,17,3.4,2.2,0.4117647058823529,0.0,1.5219280948830345,0.0,0.0,0.0,0.0,0.0,-1.4428232973175177e-12,243.4,138.51822984719377,0.5690970823631626,0.4,1,1.0,1,1.0,1,0.0909090909090909,0.2,2,0,5,0.043076923076923,0.9028376385519244,1,1,-0.5548765995358502,1.0769230769230769
normal_00019,0.011533962,0.011061188,0.0448086745659855,0.0207696645696797,0.00224548,0.1696124503082308,1.921928094881592,0.0,0.9551913254340144,5,3.4,1.0,3.4,17,5,1.0,3.4,0.8,0.0,0.9709505944517832,0.0,0.0,0.0,0.0,0.0,-1.4428232973175177e-12,185.4,134.37745346597396,0.7247974836352424,0.4,2,0.6,2,0.6,2,0.1176470588235294,0.2,2,1,5,0.0434782608695652,0.8447971781305115,1,1,0.0,0.9565217391304348
normal_00020,1.231030323,1.2306177894,0.0105725013593335,0.0339682538802517,0.0117623733422635,0.7574979755405435,3.982022910252215,0.0091743119266055,0.9894274986406666,200,3.2,2.725,1.1743119266055049,640,545,2.725,3.2,0.8458715596330275,0.0,1.7428373765577765,41.28472222222222,746.8592964824121,828.5157827785014,3.0,0.0518330443150074,4.462459170319232,257.655,121.69372534746697,0.4723126869164851,0.31,2,0.555,2,0.555,3,0.0046875,0.125,4,0,120,0.0013894556148077,0.8030019704052848,1,1,-0.5772146161940124,1.2824675324675323
normal_00021,0.0127490530555555,0.0122501652777777,0.1114275541463397,0.1272894218014814,-0.0005809316846846,0.6945191972947902,3.9187871974546615,0.0,0.8885724458536605,36,1.3055555555555556,2.9444444444444446,0.4433962264150943,47,106,2.9444444444444446,1.3055555555555556,0.4339622641509434,0.0111111111111111,1.887717664190862,12.895555555555555,1326.4,2025.7225335314668,22.0,0.2086208145842238,3.21419244707881,270.0,140.34427058385492,0.5197935947550182,0.2222222222222222,1,1.0,1,1.0,1,0.0212765957446808,0.0833333333333333,3,0,9,0.0075347188023244,0.7703807355676512,1,1,-0.321177608022078,1.06993006993007
normal_00025,21.096616590909097,21.09611620818182,0.0004805884005207,0.001361275156788,-4.4570197143636365,0.7189354142157005,3.843795932821159,0.027027027027027,0.9995194115994792,11,1.5454545454545454,3.363636363636364,0.4594594594594594,17,37,3.363636363636364,1.5454545454545454,0.4324324324324324,0.0,1.3485878960080944,0.1633333333333333,58.8,139.9069690901779,1.0,0.4081737518394217,-1.4428232973175177e-12,281.3636363636364,125.12735330635962,0.4447175723327805,0.3636363636363636,2,0.5454545454545454,2,0.5454545454545454,2,0.1176470588235294,0.0,4,0,6,0.0229591836734693,0.7664275782696838,1,1,-0.4338599910696722,1.1020408163265305
normal_00026,19.2763802724,19.27598507615,0.0060808373699239,0.0306768375893549,0.2900688184284482,0.7745211470186751,3.7979010751997295,0.0132275132275132,0.993919162630076,200,2.55,1.89,1.349206349206349,510,378,1.89,2.55,0.9603174603174603,0.0,1.781825050707618,7.536111111111111,136.33165829145727,264.3130292663675,1.0,0.3194385822386295,2.8484163457994427,262.57,130.0893203006358,0.4954462440516273,0.385,2,0.51,2,0.51,2,0.0039215686274509,0.175,4,0,110,0.001691750809678,0.75312308855166,1,1,-0.4287949070247757,1.2248275862068965
normal_00027,0.03880499,0.038636894,0.0098289508619651,0.0140647165511828,-0.0139395059999999,0.2140293736401849,2.28103611254621,0.0,0.9901710491380348,5,1.4,1.8,0.7777777777777777,7,9,1.8,1.4,0.4444444444444444,0.0,0.9709505944517832,0.0,0.0,0.0,0.0,0.0,-1.4428232973175177e-12,366.0,98.49111635066384,0.2691014107941635,0.2,2,0.6,2,0.6,3,0.4285714285714285,0.2,2,0,2,0.0588235294117647,0.5833333333333334,1,1,-0.3238751378156478,0.9411764705882352
normal_00028,2.943e-05,5.4e-06,0.8047547372472575,0.0780521636711139,3.000000000000001e-07,-2.974491556887528e-16,-1.4428232973175177e-12,0.0,0.1952452627527423,5,3.2,5.4,0.5925925925925926,16,27,5.4,3.2,0.0,0.0,0.7219280948844771,0.0,0.0,0.0,0.0,0.0,-1.4428232973175177e-12,341.6,146.9261719367928,0.4301117445456463,0.6,1,1.0,1,1.0,1,0.0625,0.0,2,0,1,0.0190602836879432,1.0,1,1,-0.7439045869847098,0.8958333333333334
normal_00029,0.061536172,0.061241474,0.0042922132580975,0.0044502964788905,0.0063818519999999,0.0850351838363655,1.921928094881592,0.0,0.9957077867419024,5,3.0,1.0,3.0,15,5,1.0,3.0,0.8,0.0,1.3709505944503406,0.0,0.0,0.0,0.0,0.0,-1.4428232973175177e-12,380.4,120.62669687925636,0.3171048813860578,0.8,2,0.6,2,0.6,3,0.2,0.0,3,0,5,0.0476190476190476,0.8633928571428571,1,1,0.0,0.9523809523809524
normal_00030,0.757556618,0.7571528140000001,0.0017572575729989,0.0028736684919932,-0.201706095,0.5730446369311124,1.8464393446652445,0.0,0.9982427424270012,5,1.0,2.0,0.5,5,10,2.0,1.0,0.4,0.0,1.5219280948830345,0.0,0.0,0.0,0.0,0.0,-1.4428232973175177e-12,275.6,132.28869944178905,0.4800025378874784,0.0,2,0.6,2,0.6,2,0.4,0.0,2,0,4,0.0625,0.5584415584415585,1,1,0.0,0.9375
normal_00032,0.952750648,0.952310778,0.0004592721959537,0.0002179324165878,0.03518014,0.0299802390769539,0.7219280948844771,0.0,0.9995407278040463,5,1.4,1.0,1.4,7,5,1.0,1.4,0.8,0.0,1.3709505944503406,0.8197222222222222,737.75,740.1007955001805,166.0,0.0015906852757655,0.9709505944517832,239.6,94.1079167764328,0.3927709381320233,0.0,1,1.0,1,1.0,3,0.4285714285714285,0.2,3,0,5,0.0769230769230769,0.4375,1,1,0.0,0.9230769230769232
normal_00033,0.038193978,0.037555972,0.0181713037819128,0.0056287207073162,0.0076674269999999,0.4606306155516357,2.749999999989901,0.0,0.9818286962180872,5,3.6,1.6,2.25,18,8,1.6,3.6,0.75,0.0,0.9709505944517832,0.0,0.0,0.0,0.0,0.0,-1.4428232973175177e-12,268.2,116.8747192509997,0.4357744938516022,0.6,1,1.0,1,1.0,2,0.1111111111111111,0.2,2,0,5,0.0433333333333333,0.83757326007326,1,1,-0.4567554095888128,1.04
normal_00034,0.000115334,3.6268e-05,0.8698813835559716,0.2196474702305426,-3.5268e-05,0.777941987426933,0.7219280948844771,0.0,0.1301186164440285,5,1.0,1.0,1.0,5,5,1.0,1.0,0.0,0.0,0.9709505944517832,0.0,0.0,0.0,0.0,0.0,-1.4428232973175177e-12,301.8,127.9421744382985,0.423930332797543,0.2,2,0.8,2,0.8,2,0.4,0.0,4,1,1,0.0476190476190476,0.0,1,1,0.0,0.6666666666666666
normal_00036,0.0136557504499999,0.013220564,0.065651311161416,0.0912951255727449,-0.0001354758294157,0.4563237496175244,3.273982087666594,0.0240384615384615,0.934348688838584,200,1.04,1.04,1.0,208,208,1.04,1.04,0.9615384615384616,0.0,1.648263500430862,19.843055555555555,358.96984924623115,703.7866204547604,1.0,0.3244551136965029,4.050308050408432,271.695,127.8441339598329,0.4705428291276354,0.27,1,1.0,1,1.0,1,0.0048076923076923,0.18,4,0,73,0.0024096385542168,0.0803404414515525,1,1,-0.0239712626685943,1.0
normal_00037,8.551770876,8.55141878,4.1898927494257786e-05,3.863441731214619e-05,0.322261542,0.5335228089776701,2.6022170014523835,0.0,0.9999581010725056,5,4.8,3.2,1.4999999999999998,24,16,3.2,4.8,0.9375,0.0,1.3709505944503406,0.0,0.0,0.0,0.0,0.0,-1.4428232973175177e-12,189.0,84.76437931112338,0.4484887794239332,0.4,2,0.8,2,0.8,2,0.0833333333333333,0.2,3,0,5,0.0459770114942528,0.9271282051282052,1,1,-0.7577640060903013,1.3333333333333333
normal_00039,0.3629132499999999,0.362387374,0.001447926619718,0.0007487445308883,-0.0004539549999999,0.0010021430823912,1.921928094881592,0.0,0.9985520733802818,5,1.0,1.0,1.0,5,5,1.0,1.0,0.8,0.0,0.9709505944517832,0.0,0.0,0.0,0.0,0.0,-1.4428232973175177e-12,244.8,145.05068079812654,0.5925272908420202,0.4,1,1.0,1,1.0,2,0.4,0.0,3,2,5,0.0909090909090909,0.0,1,1,0.0,0.9090909090909092
normal_00040,1.0337106720000002,1.0334295780000002,0.0003503078970043,0.000433597674345,0.237405471,0.1837806666687065,2.321928094880149,0.0,0.9996496921029956,5,6.4,1.0,6.4,32,5,1.0,6.4,0.8,0.0,1.3709505944503406,0.0,0.0,0.0,0.0,0.0,-1.4428232973175177e-12,220.0,128.03319881968113,0.5819690855440052,0.2,2,0.8,2,0.8,3,0.09375,0.2,3,1,5,0.0263157894736842,0.9345200254291164,1,1,0.0,0.9736842105263158
normal_00041,0.18125818335,0.1808436001,0.0120052688266375,0.0385948583704789,0.0009029700791119,0.5374704047769642,3.5233413280561825,0.033203125,0.9879947311733625,200,2.925,2.56,1.142578125,585,512,2.56,2.925,0.966796875,0.0025,1.6219044340685735,7.238888888888889,130.95477386934672,253.48012512620016,0.0,0.3187154745237443,2.976172876730584,270.31,126.06552455930232,0.466373883908484,0.335,1,1.0,1,1.0,1,0.0017094017094017,0.13,4,0,140,0.0017076534630963,0.738168057307176,1,1,-0.5948478815872047,1.3678304239401495
normal_00042,0.018859684,0.018303126,0.0296942078812216,0.0161448363296621,-0.00056228,0.0245763483243246,1.921928094881592,0.0,0.9703057921187784,5,1.0,1.0,1.0,5,5,1.0,1.0,0.8,0.0,1.5219280948830345,0.0,0.0,0.0,0.0,0.0,-1.4428232973175177e-12,233.6,174.8793870071599,0.748627512873116,0.4,2,0.6,2,0.6,3,0.6,0.0,2,0,5,0.0909090909090909,0.0,1,1,0.0,0.9090909090909092
normal_00044,412.64934074565,412.6489152175,8.106111948207525e-06,8.079782589844616e-05,3.8502517388962265,0.4345443674721077,3.2079197717575325,0.0,0.9999918938880518,200,2.405,1.18,2.038135593220339,481,236,1.18,2.405,0.9957627118644068,0.0016666666666666,1.741304680076062,7.796666666666667,141.04522613065328,268.4753396586889,1.0,0.3111690209804647,2.9465933952088665,274.02,131.4397643724739,0.4796721566764247,0.27,2,0.515,2,0.515,3,0.0062370062370062,0.13,4,0,184,0.0015437880295063,0.7304495066943202,1,1,-0.2186108629566174,1.0513196480938416
normal_00045,1.181283432,1.1807453,0.0004554650203028,0.0002540339079273,-0.000505096,0.0003422218153228,1.921928094881592,0.0,0.999544534979697,5,1.0,1.0,1.0,5,5,1.0,1.0,0.8,0.0,0.9709505944517832,0.0,0.0,0.0,0.0,0.0,-1.4428232973175177e-12,293.4,143.61685137893812,0.4894916543249425,0.8,2,0.6,2,0.6,3,0.6,0.0,3,2,5,0.0909090909090909,0.0,1,1,0.0,0.9090909090909092
normal_00046,0.3572701357,0.3568676029,0.0290266275735499,0.0503072485847952,-0.0064592606690017,0.8747435454613878,3.872403113466269,0.0140350877192982,0.97097337242645,200,1.0,2.85,0.3508771929824561,200,570,2.85,1.0,0.3491228070175438,0.0016666666666666,1.7657848479190934,140.51555555555555,2541.989949748744,4918.886476709263,6.0,0.3185814093544681,4.487094754403897,277.885,129.88874936288852,0.4674190739438563,0.325,2,0.55,2,0.55,2,0.01,0.14,4,0,6,0.0012970168612191,0.7162969546507205,1,1,0.0,0.9987029831387808
normal_00047,5.794852629999999,5.794543404000001,0.0002725329852278,0.0002627074610787,-2.610445142,0.7232274576642381,3.5932696894949108,0.04,0.999727467014772,5,3.0,5.0,0.6,15,25,5.0,3.0,0.44,0.0,0.7219280948844771,0.0,0.0,0.0,0.0,0.0,-1.4428232973175177e-12,213.0,135.81789278294667,0.6376426891218153,0.4,1,1.0,1,1.0,1,0.0666666666666666,0.2,2,0,3,0.035650623885918,0.8890962485790073,1,1,-0.81242207685406,1.1764705882352942
normal_00048,316.59230449885,316.59189816634995,2.3468004853130016e-06,3.302971195854572e-06,2.7520668124711087,0.4798184951066326,3.58400863222888,0.0072463768115942,0.9999976531995146,200,5.2,1.38,3.768115942028986,1040,276,1.38,5.2,0.9855072463768116,0.0,1.6820689970996838,37.86833333333333,685.0552763819095,944.9787437240324,0.0,0.1594589217992084,4.374480208837624,281.975,125.69562972378272,0.4457687019196124,0.29,1,1.0,1,1.0,1,0.0009615384615384,0.155,4,0,196,0.0008510682329081,0.8955523403799274,1,1,-0.4083382890203822,1.0578778135048232
normal_00049,19.739264118,19.738811548,2.578161484362793e-05,1.399870215446128e-05,-3.770834752,0.5801307627945952,2.549523459587733,0.0714285714285714,0.9999742183851564,5,2.4,2.8,0.8571428571428572,12,14,2.8,2.4,0.4285714285714285,0.0,1.3709505944503406,0.0,0.0,0.0,0.0,0.0,-1.4428232973175177e-12,230.6,206.19359834873637,0.8941613111393597,0.0,2,0.6,2,0.6,2,0.1666666666666666,0.0,2,0,3,0.0433333333333333,0.7627272727272727,1,1,-0.5650529196840087,1.04
normal_00050,0.3303525319999999,0.329966318,0.0012094978745704,0.0008804031616075,-0.0260834799999999,0.406750697281551,3.4858259278302546,0.0,0.9987905021254296,5,5.0,5.4,0.9259259259259258,25,27,5.4,5.0,0.7037037037037037,0.0,1.3709505944503406,0.0,0.0,0.0,0.0,0.0,-1.4428232973175177e-12,304.0,102.60604270704528,0.3375198773258068,0.2,2,0.8,2,0.8,2,0.08,0.2,3,0,5,0.0369843527738264,0.8204514554359754,1,1,-0.9338883092798158,1.368421052631579
normal_00051,0.000688066,0.000288674,0.5993200738254748,0.3646898048100542,9.720600000000002e-05,0.3884908235587547,1.921928094881592,0.0,0.4006799261745254,5,3.8,1.0,3.8,19,5,1.0,3.8,0.2,0.0,0.9709505944517832,0.0,0.0,0.0,0.0,0.0,-1.4428232973175177e-12,348.6,131.57621365581244,0.3774418062415732,0.0,1,1.0,1,1.0,1,0.0526315789473684,0.4,3,2,2,0.0317460317460317,0.8023715415019762,1,1,0.0,0.8571428571428571
normal_00052,2.923488558,2.923094016,0.0002579704939533,0.0002591592976194,-1.382725172,0.5341559250073743,2.556656707452724,0.0,0.9997420295060464,5,1.0,2.8,0.3571428571428571,5,14,2.8,1.0,0.2857142857142857,0.0,0.7219280948844771,0.0,0.0,0.0,0.0,0.0,-1.4428232973175177e-12,173.8,64.98615237110134,0.3739134198567395,0.6,2,0.8,2,0.8,3,0.6,0.4,2,1,3,0.05,0.7064935064935065,1,1,1.8518163059930264e-08,0.95
normal_00053,2.11308762,2.112601122,0.0002328847740813,4.138558205064087e-05,0.1380203469999999,0.0524423158003035,0.7219280948844771,0.0,0.9997671152259188,5,2.0,1.0,2.0,10,5,1.0,2.0,0.8,0.0,1.5219280948830345,0.0,0.0,0.0,0.0,0.0,-1.4428232973175177e-12,239.4,132.20173977675182,0.5522211352412356,1.0,2,0.6,2,0.6,3,0.3,0.4,3,1,5,0.0625,0.5844155844155844,1,1,0.0,0.9375
normal_00054,0.045119004,0.044768364,0.0078339743182458,0.0022072092694685,0.006578479,0.3555732985271217,1.842370993171338,0.0,0.9921660256817544,5,3.0,1.4,2.142857142857143,15,7,1.4,3.0,0.8571428571428571,0.0,1.3709505944503406,0.0,0.0,0.0,0.0,0.0,-1.4428232973175177e-12,318.4,156.20435333242156,0.4905915619736858,0.2,2,0.6,2,0.6,2,0.1333333333333333,0.2,2,0,5,0.0523809523809523,0.7809638278388278,1,1,-0.418829696383337,1.0476190476190477
normal_00057,0.1697804479999999,0.169302824,0.0030656916952013,0.001474969142729,0.0320979699999999,0.492520531665136,2.947702779208549,0.0,0.9969343083047985,5,5.8,1.8,3.222222222222222,29,9,1.8,5.8,0.8888888888888888,0.0,-1.4428232973175177e-12,0.0,0.0,0.0,0.0,0.0,-1.4428232973175177e-12,313.4,88.42680589052168,0.2821531776978994,0.4,1,1.0,1,1.0,1,0.0344827586206896,0.2,4,0,5,0.0319327731092436,0.9034706034706036,1,1,-0.6200707495824442,1.0857142857142856
normal_00058,0.4121337739999999,0.411682794,0.0011525569111759,0.0007240295331924,0.085375804,0.1659509316291706,1.921928094881592,0.0,0.998847443088824,5,5.6,1.0,5.6,28,5,1.0,5.6,0.8,0.0,1.5219280948830345,0.0,0.0,0.0,0.0,0.0,-1.4428232973175177e-12,358.6,167.50164178299866,0.4670988337506934,0.6,2,0.6,2,0.6,3,0.1071428571428571,0.0,3,0,5,0.0294117647058823,0.9467888433405676,1,1,0.0,0.9705882352941176
normal_00060,0.0043337839999999,0.00391834,0.0997300786004334,0.0587288694849121,0.0001614929999999,0.4958888202657245,3.684183719758991,0.0,0.9002699213995665,5,3.4,4.0,0.85,17,20,4.0,3.4,0.4,0.0,1.5219280948830345,0.0,0.0,0.0,0.0,0.0,-1.4428232973175177e-12,270.4,154.94611966745083,0.5730255904861348,0.8,1,1.0,1,1.0,1,0.0588235294117647,0.2,3,0,5,0.0329768270944741,0.884072249589491,1,1,-0.7296267519827262,1.088235294117647
normal_00061,2.934344852,2.93381122,0.0001818580098789,7.387556493469114e-05,-0.0006249159999999,0.0001704038748615,2.321928094880149,0.0,0.9998181419901212,5,1.0,1.0,1.0,5,5,1.0,1.0,0.8,0.0,0.9709505944517832,0.0,0.0,0.0,0.0,0.0,-1.4428232973175177e-12,261.4,154.37065783366995,0.5905533964562738,0.6,2,0.6,1,1.0,2,0.4,0.2,2,0,5,0.0909090909090909,0.0,1,1,0.0,0.9090909090909092
normal_00062,0.466892996,0.466457264,0.0014004864040606,0.0016571559454568,0.075526318,0.4112465713472091,2.499999999991344,0.0,0.9985995135959392,5,2.2,1.6,1.375,11,8,1.6,2.2,0.875,0.0,0.9709505944517832,0.0,0.0,0.0,0.0,0.0,-1.4428232973175177e-12,187.0,47.97395126524393,0.2565451939317857,0.6,1,1.0,1,1.0,1,0.0909090909090909,0.0,3,1,4,0.0698529411764705,0.8301587301587302,1,1,-0.4403855060505441,1.1176470588235294
normal_00063,5.89586616815,5.8954643173,0.0003936617606702,0.0023767641467231,0.0472966263072376,0.484897130326925,2.891773411200418,0.0197628458498023,0.9996063382393298,200,2.28,1.265,1.8023715415019763,456,253,1.265,2.28,0.9920948616600792,0.0,1.681399578543751,8.530833333333334,154.32663316582915,230.4166617985624,1.0,0.1977683032521085,3.1533577280886744,286.265,133.38983851890856,0.4659662848022237,0.31,2,0.525,2,0.525,2,0.0043859649122807,0.11,4,0,163,0.0016400420072818,0.7136463306223131,1,1,-0.2457494297872646,1.0775075987841944
normal_00066,0.001685942,0.00125465,0.5301112310943437,0.4306325074718918,-0.000747741,0.5521395467683747,2.581013401567487,0.0,0.4698887689056563,5,1.0,3.4,0.2941176470588235,5,17,3.4,1.0,0.0588235294117647,0.0,0.9709505944517832,0.0,0.0,0.0,0.0,0.0,-1.4428232973175177e-12,311.6,144.87166734734572,0.4649283290993123,0.4,1,1.0,1,1.0,1,0.2,0.2,2,0,2,0.0338461538461538,0.6891679748822606,1,1,0.0,0.8461538461538461
normal_00067,6.156481002,6.156001436,7.796356257570904e-05,4.75038580977977e-05,1.15106981,0.1495881912266662,1.921928094881592,0.0,0.9999220364374244,5,4.8,1.0,4.8,24,5,1.0,4.8,0.8,0.0,0.7219280948844771,0.0,0.0,0.0,0.0,0.0,-1.4428232973175177e-12,316.2,95.59654805483304,0.3023293739874542,0.2,1,1.0,1,1.0,1,0.0416666666666666,0.0,2,0,5,0.0333333333333333,0.9365656565656566,1,1,0.0,0.9666666666666668
normal_00068,0.02428766,0.023835466,0.0182743785394337,0.013456398462529,-0.000390582,0.0131092717046104,1.921928094881592,0.0,0.9817256214605662,5,1.0,1.0,1.0,5,5,1.0,1.0,0.8,0.0,0.9709505944517832,1.6352777777777778,1471.75,1000.2120712628896,190.0,-0.1907545161063933,0.9709505944517832,345.8,116.13009945746194,0.3358302471297337,0.4,2,0.6,2,0.6,2,0.4,0.2,2,1,5,0.0909090909090909,0.0,1,1,0.0,0.9090909090909092
normal_00069,3.5515062639999995,3.551143088,0.000102245291277,8.96206114734841e-05,-0.000246535,5.553929963203939e-05,1.921928094881592,0.0,0.9998977547087228,5,1.0,1.0,1.0,5,5,1.0,1.0,0.8,0.0,0.9709505944517832,0.0,0.0,0.0,0.0,0.0,-1.4428232973175177e-12,271.8,170.61711520243213,0.6277303723415457,0.2,2,0.6,2,0.6,2,0.4,0.0,2,0,5,0.0909090909090909,0.0,1,1,0.0,0.9090909090909092
normal_00070,0.051466124,0.0510073499999999,0.0307736637236635,0.0332012709133244,-0.02401648,0.4745397844624349,3.2028195311003564,0.0,0.9692263362763364,5,1.0,3.2,0.3125,5,16,3.2,1.0,0.25,0.0,1.3709505944503406,0.0,0.0,0.0,0.0,0.0,-1.4428232973175177e-12,264.4,144.4984428981849,0.5465145344106842,0.4,1,1.0,1,1.0,1,0.2,0.0,2,2,2,0.0454545454545454,0.7414350355526825,1,1,0.0,0.9545454545454546
normal_00071,0.1181942296,0.11778168965,0.0451559168464886,0.0682012227623421,-0.0021019830164329,0.8747912738557944,3.608635231186144,0.0020283975659229,0.9548440831535112,200,1.0,4.93,0.2028397565922921,200,986,4.93,1.0,0.2018255578093306,0.0,1.7168671512944815,128.30166666666668,2321.035175879397,2209.3095385105303,5.0,-0.0246616194599911,4.500898984101658,263.36,121.39656514972224,0.4609529357143159,0.275,2,0.545,2,0.545,3,0.015,0.145,4,0,4,0.0008424599831508,0.8768222208951695,1,1,0.0,0.9991575400168492
normal_00072,0.000789274,0.0004751259999999,0.536787733621778,0.417204784149902,-0.0001943809999999,0.6672658936787291,3.499999999982687,0.0,0.4632122663782219,5,4.8,3.2,1.4999999999999998,24,16,3.2,4.8,0.0625,0.0666666666666666,1.5219280948830345,0.0,0.0,0.0,0.0,0.0,-1.4428232973175177e-12,260.0,112.97344820797495,0.4345132623383652,0.6,2,0.8,2,0.8,1,0.0416666666666666,0.2,2,0,2,0.0211416490486257,0.9863247863247864,1,1,-0.8216893043870237,0.9090909090909092
normal_00075,1.866240536,1.865701824,0.0003184115957031,0.0001901745847398,0.364154009,0.1561467129701428,2.321928094880149,0.2,0.9996815884042968,5,3.6,1.0,3.6,18,5,1.0,3.6,0.8,0.0,0.9709505944517832,0.0,0.0,0.0,0.0,0.0,-1.4428232973175177e-12,169.8,71.52412180516446,0.421225687898495,0.2,2,0.6,2,0.6,2,0.1111111111111111,0.4,3,0,5,0.0416666666666666,0.8398496240601504,1,1,0.0,0.9583333333333334
normal_00076,0.0310281427,0.0306203647,0.049004340754934,0.0836547539442461,2.4305417970449252e-05,0.6410375965367662,3.701808850347959,0.0044247787610619,0.950995659245066,200,3.165,4.52,0.7002212389380532,633,904,4.52,3.165,0.6603982300884956,0.0098333333333333,1.7102322130394354,0.0,0.0,0.0,0.0,0.0,-1.4428232973175177e-12,282.41,132.77801741835032,0.4701604667623324,0.325,2,0.52,1,1.0,3,0.0047393364928909,0.16,4,0,108,0.0011837099333056,0.7576024188613941,1,1,-0.7356992609103007,1.3482456140350878
normal_00077,648.26221320985,648.2617897443499,1.2666825500991671e-06,2.1997580321054525e-06,6.014007760142496,0.3092298802096074,3.608333674963589,0.0,0.99999873331745,200,4.14,1.0,4.14,828,200,1.0,4.14,0.995,0.0,1.809364618509903,17.09,309.16582914572865,366.768432465852,3.0,0.0852192388987439,4.0813926860677725,280.215,134.45347694392868,0.4798225539101357,0.35,2,0.58,2,0.58,2,0.002415458937198,0.175,4,0,200,0.0009718172983479,0.887610948226148,1,1,0.0,0.999028182701652
normal_00078,0.0003576539999999,0.000113842,0.8589062786954944,0.2339292948666425,-9.304200000000002e-05,0.8300996117425907,2.6464393446609167,0.0,0.1410937213045054,5,2.0,2.0,1.0,10,10,2.0,2.0,0.0,0.0,0.7219280948844771,0.0,0.0,0.0,0.0,0.0,-1.4428232973175177e-12,202.8,109.6845476810658,0.5408508268297131,0.2,1,1.0,1,1.0,1,0.1,0.0,3,0,1,0.0333333333333333,0.6,1,1,-0.4285714285714286,0.8
normal_00079,1.50696906,1.5065718183333334,0.000263582910728,0.00018296617331,-0.0003993454285714,0.0002577059356051,2.2516291673806093,0.0,0.999736417089272,6,1.0,1.0,1.0,6,6,1.0,1.0,0.8333333333333334,0.0,1.459147917022917,0.2102777777777777,151.4,58.81700434398202,71.0,-0.440416301930184,-1.4428232973175177e-12,335.3333333333333,114.7251788696216,0.3421227998100047,0.3333333333333333,2,0.8333333333333334,2,0.8333333333333334,3,0.5,0.0,3,0,6,0.0769230769230769,0.0,1,1,0.0,0.9230769230769232
normal_00082,0.001500858,0.001096868,0.3071832685690207,0.1795493593296776,-0.000369364,0.269395405828231,2.321928094880149,0.0,0.6928167314309792,5,1.0,1.0,1.0,5,5,1.0,1.0,0.8,0.0,0.9709505944517832,0.0,0.0,0.0,0.0,0.0,-1.4428232973175177e-12,241.6,145.74738419608084,0.6032590405466922,0.6,2,0.6,2,0.6,3,0.6,0.2,2,0,5,0.0909090909090909,0.0,1,1,0.0,0.9090909090909092
normal_00083,0.0411795919999999,0.040715268,0.0366457162712366,0.0515272281384085,-0.024717841,0.619721129114092,3.753434386167144,0.0357142857142857,0.9633542837287632,5,1.0,5.6,0.1785714285714285,5,28,5.6,1.0,0.1428571428571428,0.0,1.921928094881592,0.0,0.0,0.0,0.0,0.0,-1.4428232973175177e-12,375.2,106.25299995764826,0.2831902983945849,0.6,1,1.0,1,1.0,1,0.2,0.4,2,2,2,0.0294117647058823,0.9011936339522546,1,1,0.0,0.9705882352941176
normal_00084,3.331034568,3.3305724960000007,0.0003383279849168,0.0004590308366888,-1.150925874,0.6231791244004569,3.725650756091896,0.0,0.999661672015083,5,2.4,4.2,0.5714285714285714,12,21,4.2,2.4,0.5238095238095238,0.0666666666666666,1.5219280948830345,0.0,0.0,0.0,0.0,0.0,-1.4428232973175177e-12,279.6,116.77028731659436,0.4176333595014104,0.4,1,1.0,1,1.0,1,0.0833333333333333,0.2,2,0,4,0.047008547008547,0.8530562871471962,1,1,-0.7534699029467046,1.2222222222222223
normal_00086,0.3426039138,0.3421696577,0.0509466712443166,0.0753444424837241,-0.0051253868237455,0.9253401061873988,3.754222189196205,0.005889281507656,0.9490533287556832,200,1.68,4.245,0.3957597173144876,336,849,4.245,1.68,0.3945818610129564,0.0,1.7652289202234002,161.41583333333332,2920.0854271356784,6055.286141796592,0.0,0.3493115232703267,4.325450605147531,265.965,137.1569682689276,0.5156955549374077,0.27,2,0.525,2,0.525,2,0.0059523809523809,0.155,4,0,9,0.0010758545553588,0.8302156275097453,1,1,-0.4759531295748482,1.1285714285714286
normal_00087,0.5587641752500001,0.5583541519499999,0.0268225449031821,0.0806771700539309,0.0035127219733068,0.8062072747950791,4.089090245138751,0.007396449704142,0.973177455096818,200,3.015,3.38,0.8920118343195267,603,676,3.38,3.015,0.757396449704142,0.0,1.7117858474412455,21.573055555555555,390.26633165829145,600.1218338800952,0.0,0.2118921747290102,4.201602031725671,285.735,122.5004349289787,0.428720440019524,0.28,2,0.525,2,0.525,2,0.0033167495854063,0.125,4,0,95,0.0013692001687145,0.7789261802951509,1,1,-0.6087456706627878,1.3226473629782831
normal_00088,0.00074888,0.0004709019999999,0.5960740905545039,0.4549201886822401,-0.000134109,0.5930301846244018,3.221928094871493,0.0,0.403925909445496,5,1.0,4.0,0.25,5,20,4.0,1.0,0.1,0.0,1.5219280948830345,0.0,0.0,0.0,0.0,0.0,-1.4428232973175177e-12,240.8,149.2571606322457,0.6198387069445419,0.2,2,0.8,2,0.8,2,0.4,0.0,2,1,2,0.033068783068783,0.922360248447205,1,1,0.0,0.8928571428571429
normal_00089,0.003416818,0.0027274519999999,0.3141253663545743,0.1914758267387521,-0.001495347,0.6633848001724684,3.284183719763319,0.0,0.6858746336454257,5,2.8,4.0,0.7,14,20,4.0,2.8,0.1,0.0,1.5219280948830345,0.0,0.0,0.0,0.0,0.0,-1.4428232973175177e-12,187.8,142.8152652905144,0.7604646714084898,0.2,2,0.6,2,0.6,3,0.2142857142857142,0.6,3,0,3,0.0255255255255255,0.9667613636363636,1,1,-0.6442660248317877,0.918918918918919
normal_00090,0.22375407405,0.22332778265,0.0432281648441152,0.0816209709044511,-0.0010685410511437,0.8087942852143974,3.914883284181035,0.003076923076923,0.9567718351558848,200,1.355,1.625,0.8338461538461538,271,325,1.625,1.355,0.8307692307692308,0.0,1.7294175942182126,160.42166666666665,2902.100502512563,5991.02760960463,4.0,0.3473386493649291,4.491692336266073,275.935,127.52869723356564,0.4621693414520291,0.315,2,0.515,2,0.515,2,0.007380073800738,0.13,4,0,28,0.0021582473293499,0.5275924314267868,1,1,-0.2149292685799695,1.1330798479087452
normal_00091,0.000941394,0.000513752,0.5923120363370219,0.349542859723,-0.0003121149999999,0.5055912191096094,3.077819531100356,0.0,0.407687963662978,5,3.4,3.2,1.0625,17,16,3.2,3.4,0.0625,0.0,0.9709505944517832,0.0,0.0,0.0,0.0,0.0,-1.4428232973175177e-12,373.8,115.27662382287228,0.3083911819766513,0.2,2,0.8,2,0.8,2,0.1176470588235294,0.2,2,2,2,0.0247747747747747,0.9,1,1,-0.7258205319240578,0.8918918918918919
normal_00093,0.002199454,0.0018394519999999,0.1800903067482012,0.1193684522225158,-0.000357899,0.1556546188756215,2.321928094880149,0.0,0.8199096932517989,5,1.0,1.0,1.0,5,5,1.0,1.0,0.8,0.0,1.3709505944503406,0.0,0.0,0.0,0.0,0.0,-1.4428232973175177e-12,287.2,119.00294114012476,0.4143556446383174,0.4,2,0.6,2,0.6,3,0.6,0.2,3,0,5,0.0909090909090909,0.0,1,1,0.0,0.9090909090909092
normal_00094,1.004788212,1.00448949,0.0019748606146852,0.0025518907282212,-0.628778187,0.6952499752552582,3.106890595594092,0.0,0.9980251393853148,5,1.0,3.0,0.3333333333333333,5,15,3.0,1.0,0.2666666666666666,0.0,0.7219280948844771,0.0,0.0,0.0,0.0,0.0,-1.4428232973175177e-12,253.6,134.31604520681807,0.529637402235087,0.6,2,0.6,2,0.6,3,0.6,0.4,3,0,3,0.0476190476190476,0.7324810606060606,1,1,0.0,0.9523809523809524
normal_00095,0.1180106059999999,0.117645448,0.003115193426395,0.0021003690559679,0.0036107929999999,0.3695732206409814,2.947702779208549,0.0,0.9968848065736048,5,2.6,1.8,1.4444444444444444,13,9,1.8,2.6,0.6666666666666666,0.0,1.921928094881592,0.0,0.0,0.0,0.0,0.0,-1.4428232973175177e-12,190.0,133.6600164596728,0.7034737708403831,0.4,1,1.0,1,1.0,1,0.0769230769230769,0.4,2,0,5,0.0523809523809523,0.8642857142857143,1,1,-0.5511782546095502,1.0476190476190477
normal_00096,3.48148170085,3.4810595509,0.0173964906411769,0.0454892160294424,0.0117309880133653,0.8430690824102778,4.055314853955357,0.0051457975986277,0.9826035093588232,200,2.685,2.915,0.921097770154374,537,583,2.915,2.685,0.8216123499142367,0.0,1.7633812269217812,23.023333333333333,416.5025125628141,678.7750115652058,1.0,0.2394575741990085,4.349024305994588,279.675,131.38569319710734,0.4697798988007771,0.33,2,0.51,2,0.51,3,0.0055865921787709,0.22,4,0,67,0.0015854141894569,0.7412340476303033,1,1,-0.5577337340831777,1.3317479191438764
normal_00097,0.0075126894499999,0.007100769,0.155291954699979,0.1559499154888147,-6.191389993249826e-05,0.7693973641703798,3.617027192475432,0.0020304568527918,0.844708045300021,200,1.03,4.925,0.2091370558375634,206,985,4.925,1.03,0.2020304568527919,0.0,1.7253872721524763,66.75305555555556,1207.5929648241206,1440.980717180903,4.0,0.0881182781292696,4.422603986205177,278.32,127.97368448082594,0.4598077194625824,0.275,1,1.0,1,1.0,1,0.0048543689320388,0.13,4,0,11,0.0008389261744966,0.8993466546893968,1,1,-0.124662189059529,0.9991610738255032
normal_00098,0.001990286,0.00140268,0.3452270549874312,0.2139109143878627,-1.537600000000002e-05,0.500655639328937,3.882045108113779,0.0,0.6547729450125688,5,1.0,4.6,0.2173913043478261,5,23,4.6,1.0,0.0434782608695652,0.0,1.5219280948830345,0.0,0.0,0.0,0.0,0.0,-1.4428232973175177e-12,164.6,101.9646997739904,0.6194696219561994,0.0,1,1.0,1,1.0,1,0.2,0.0,3,0,2,0.0282258064516129,0.9794238683127572,1,1,0.0,0.875
normal_00099,0.0016350919999999,0.001019102,0.4357993832083888,0.2370372332753142,-0.000333059,0.5399984314440369,3.902311575892503,0.0,0.5642006167916112,5,1.0,5.4,0.1851851851851851,5,27,5.4,1.0,0.0,0.0,1.3709505944503406,0.0,0.0,0.0,0.0,0.0,-1.4428232973175177e-12,376.4,88.4720294782481,0.2350478997828058,0.2,2,0.6,1,1.0,2,0.4,0.0,2,2,1,0.024024024024024,1.0,1,1,0.0,0.8648648648648649
normal_00100,12.207517048,12.207030458,3.647857990736617e-05,1.0651113659031892e-05,1.0274893360000006,0.5662188880236838,3.283856189758855,0.0,0.9999635214200928,5,4.0,5.0,0.8,20,25,5.0,4.0,0.76,0.0,0.9709505944517832,0.0,0.0,0.0,0.0,0.0,-1.4428232973175177e-12,313.0,121.67168939404104,0.3887274421534857,0.6,2,0.6,1,1.0,2,0.1,0.4,3,0,5,0.0483870967741935,0.7899685324994923,1,1,-0.8428640625998098,1.4516129032258065
normal_00101,646.8673646487,646.8669796917,1.3242132503713392e-06,2.870055461933745e-06,6.175580260170106,0.5639689286795654,3.777130689446736,0.0026385224274406,0.9999986757867496,200,5.285,1.895,2.788918205804749,1057,379,1.895,5.285,0.9841688654353562,0.0,1.7550089016123291,954.6294444444444,17269.6783919598,16868.44128674333,19.0,-0.0117533452045039,4.465460016242021,268.6,135.49770529681865,0.5044590666300024,0.375,2,0.515,2,0.515,3,0.0028382213812677,0.125,4,0,198,0.0009009314225556,0.8801024782033908,1,1,-0.5895368859421672,1.1369754552652416
normal_00102,0.17400719285,0.1736036648999999,0.0518479198401035,0.0781079275618849,-0.0034399516597014,0.8892324407470786,3.716376039815883,0.0029041626331074,0.9481520801598964,200,1.155,5.165,0.2236205227492739,231,1033,5.165,1.155,0.2226524685382381,0.0,1.7058594394615527,6.651944444444444,120.33668341708542,157.2185759194056,1.0,0.1328812597191928,2.7711686896133587,273.04,132.2421959586266,0.4843326837043166,0.305,2,0.505,2,0.505,3,0.0129870129870129,0.185,4,0,5,0.0008307471071729,0.8875174470919158,1,1,-0.2836916799890198,1.0243111831442464
normal_00104,0.0118299562499999,0.0114423537499999,0.0670685470240156,0.0653537343808112,-0.0020981401190476,0.672281144242285,3.879247855260646,0.0,0.9329314529759842,8,1.0,6.0,0.1666666666666666,8,48,6.0,1.0,0.1458333333333333,0.0,1.2987949406910706,0.0,0.0,0.0,0.0,0.0,-1.4428232973175177e-12,341.375,133.86660471208964,0.3921394499072563,0.25,2,0.625,2,0.625,2,0.25,0.125,3,0,2,0.0175438596491228,0.9281860996146712,1,1,0.0,0.9824561403508772
normal_00105,1.1872823953,1.1868738529,0.0003445452469774,0.0001902633536639,-0.000417274240336,0.0117188474428131,4.300657434388185,0.0,0.9996554547530226,200,1.0,1.0,1.0,200,200,1.0,1.0,0.995,0.0,1.694404402656556,148.19472222222225,2680.9095477386936,2745.921419866143,7.0,0.0119797120115835,4.497261000161813,267.3,129.95236854498754,0.4861667360455949,0.34,1,1.0,1,1.0,1,0.005,0.165,4,0,200,0.0024937655860349,0.0,1,1,0.0,0.9975062344139652
normal_00107,0.07987764625,0.0794733091,0.0057885772103725,0.0040133939186379,-0.0004097046880522,0.1718373334287141,4.1763610533425926,0.03,0.9942114227896276,200,1.0,1.0,1.0,200,200,1.0,1.0,0.995,0.0,1.691402587133488,198.3855555555556,3588.884422110553,3906.910940525073,13.0,0.0424273213220028,4.436311167163445,286.12,132.50973454332976,0.46312643136911,0.3,1,1.0,1,1.0,1,0.005,0.145,4,0,200,0.0024937655860349,0.0,1,1,0.0,0.9975062344139652
normal_00108,0.001021708,0.000593386,0.7002434527949871,0.4048846303726389,-0.000396234,0.5724496010141265,3.2608281712085856,0.0,0.2997565472050127,5,1.0,3.8,0.2631578947368421,5,19,3.8,1.0,0.0526315789473684,0.0,0.9709505944517832,0.0,0.0,0.0,0.0,0.0,-1.4428232973175177e-12,220.8,144.44272221195502,0.6541789955251586,0.8,2,0.8,2,0.8,2,0.4,0.2,2,2,2,0.0317460317460317,0.7729468599033816,1,1,0.0,0.8571428571428571
normal_00109,0.082914876,0.082648426,0.0156442222678875,0.0245979284144366,-0.042019503,0.6228582199496457,3.753434386167144,0.0,0.9843557777321126,5,1.0,5.6,0.1785714285714285,5,28,5.6,1.0,0.1428571428571428,0.0,1.3709505944503406,0.0,0.0,0.0,0.0,0.0,-1.4428232973175177e-12,285.6,203.21491087024103,0.7115368027669503,0.2,2,0.6,2,0.6,2,0.4,0.2,3,0,2,0.0294117647058823,0.9321597942287596,1,1,0.0,0.9705882352941176
normal_00110,1.398939048,1.398487798,0.0022187386535745,0.0040046084266083,-0.090844104,0.6943182861140871,3.734521664759553,0.0,0.9977812613464256,5,2.4,3.4,0.7058823529411765,12,17,3.4,2.4,0.6470588235294118,0.0,1.5219280948830345,0.0,0.0,0.0,0.0,0.0,-1.4428232973175177e-12,424.4,79.72013547404445,0.1878419780255524,0.4,1,1.0,1,1.0,2,0.1666666666666666,0.2,2,0,3,0.0573122529644268,0.853339561672895,1,1,-0.5947032062668118,1.2608695652173914
normal_00111,3.1446e-05,3.8e-06,0.8548734617854841,0.1080308441639063,-2.0000000000000002e-07,-1.5016650588441883e-16,-1.4428232973175177e-12,0.0,0.1451265382145158,5,2.4,3.8,0.631578947368421,12,19,3.8,2.4,0.0,0.0,1.3709505944503406,0.0,0.0,0.0,0.0,0.0,-1.4428232973175177e-12,307.2,156.311228003621,0.5088256119909539,0.4,1,1.0,1,1.0,1,0.0833333333333333,0.2,3,0,1,0.0246031746031746,0.935483870967742,1,1,-0.5801098072603784,0.8611111111111112
normal_00112,1.534057132,1.5336273860000005,0.0002941066348849,0.0001993350251651,0.128201559,0.0671100707639557,0.7219280948844771,0.0,0.9997058933651152,5,2.2,1.0,2.2,11,5,1.0,2.2,0.8,0.0,1.5219280948830345,0.0,0.0,0.0,0.0,0.0,-1.4428232973175177e-12,209.0,171.89240820932145,0.8224517139201983,0.2,2,0.8,2,0.8,3,0.2727272727272727,0.2,3,0,5,0.0588235294117647,0.6458333333333334,1,1,0.0,0.9411764705882352
normal_00113,0.793988204,0.793741172,0.000372145352055,0.0002574220506826,0.201997401,0.3328086809890213,2.9999999999884586,0.0,0.999627854647945,5,5.0,1.6,3.125,25,8,1.6,5.0,0.5,0.0,0.9709505944517832,0.0,0.0,0.0,0.0,0.0,-1.4428232973175177e-12,257.2,121.6971651272124,0.4731616062488818,0.2,2,0.8,2,0.8,3,0.12,0.2,2,0,5,0.0294117647058823,0.926259946949602,1,1,-0.5299732735734697,0.9705882352941176
normal_00116,18.185975306,18.185702084000003,1.4809270036693097e-05,8.824807755000224e-06,1.5389017859999994,0.5555741547992906,3.24999999998413,0.0,0.9999851907299632,5,3.6,3.2,1.125,18,16,3.2,3.6,0.6875,0.0,1.5219280948830345,0.0,0.0,0.0,0.0,0.0,-1.4428232973175177e-12,284.2,189.49327164836225,0.6667602802546173,0.0,2,0.8,2,0.8,2,0.1111111111111111,0.0,2,1,5,0.0449735449735449,0.8996018474279343,1,1,-0.6542638908031706,1.2142857142857142
normal_00117,0.011466026,0.011165812,0.0661789489331086,0.103124340098128,-0.0041617519999999,0.6236412059900757,3.4594911601789566,0.0,0.9338210510668914,5,1.0,5.2,0.1923076923076923,5,26,5.2,1.0,0.1538461538461538,0.0,1.5219280948830345,0.0,0.0,0.0,0.0,0.0,-1.4428232973175177e-12,274.4,147.73388236961756,0.5383887841458367,0.2,2,0.8,2,0.8,2,0.4,0.2,2,0,3,0.03125,0.924290524290524,1,1,0.0,0.96875
normal_00118,46.16817142815,46.16776543285,0.0001784136443729,0.0010983148960612,0.4312622662941199,0.6584017762252012,3.81017320223584,0.016826923076923,0.9998215863556272,200,4.345,2.08,2.0889423076923075,869,416,2.08,4.345,0.9927884615384616,0.0,1.707664764480744,16.829444444444444,304.45226130653265,407.8402195786259,2.0,0.1451481814655885,4.084619491955175,276.905,129.15852895962803,0.4664362469425545,0.315,2,0.505,2,0.505,3,0.003452243958573,0.135,4,0,172,0.0011192287860417,0.8581976796139634,1,1,-0.5609134455459366,1.1986940298507462
normal_00119,0.0130216699999999,0.012497006,0.039280195625034,0.0178071379718211,0.000596978,0.0579747181044804,2.321928094880149,0.0,0.9607198043749658,5,2.0,1.0,2.0,10,5,1.0,2.0,0.8,0.0,0.7219280948844771,0.0,0.0,0.0,0.0,0.0,-1.4428232973175177e-12,306.6,110.3734569541065,0.3599917056559246,0.2,1,1.0,1,1.0,1,0.1,0.0,2,2,5,0.0625,0.5844155844155844,1,1,0.0,0.9375
normal_00120,0.0009008879999999,0.000462556,0.6794297944521855,0.3243179761941566,-0.000341908,0.5913368327294424,1.921928094881592,0.0,0.3205702055478144,5,1.0,1.0,1.0,5,5,1.0,1.0,0.2,0.0,0.7219280948844771,0.0,0.0,0.0,0.0,0.0,-1.4428232973175177e-12,381.4,120.8192865398567,0.3167784125323983,0.8,2,0.6,1,1.0,2,0.4,0.0,2,0,2,0.0549450549450549,0.0,1,1,0.0,0.7142857142857143
normal_00121,1.240432932,1.239870162,0.0006790267024554,0.0006236616995585,-0.115135695,0.6021755915201437,3.176110251501385,0.0,0.9993209732975444,5,2.4,3.8,0.631578947368421,12,19,3.8,2.4,0.4736842105263157,0.0,1.3709505944503406,0.0,0.0,0.0,0.0,0.0,-1.4428232973175177e-12,354.8,117.79091645793406,0.3319924364654286,0.2,2,0.6,2,0.6,3,0.25,0.2,2,1,4,0.0441595441595441,0.8201987406532861,1,1,-0.5852957888648557,1.148148148148148
normal_00122,1.322386952,1.3219555159999996,0.0013938347268513,0.0015811626188699,-0.624584045,0.651284869240116,3.719375822395172,0.0,0.9986061652731486,5,1.0,5.8,0.1724137931034483,5,29,5.8,1.0,0.1379310344827586,0.0,1.5219280948830345,0.0,0.0,0.0,0.0,0.0,-1.4428232973175177e-12,252.6,128.41456303706366,0.5083711917540129,0.4,1,1.0,1,1.0,1,0.2,0.2,2,0,2,0.0285714285714285,0.9315795315795316,1,1,0.0,0.9714285714285714
normal_00123,0.00472223,0.0045072459999999,0.0440219968519487,0.0402999869647491,-0.000210322,0.0373304674295568,2.321928094880149,0.0,0.9559780031480511,5,1.0,1.0,1.0,5,5,1.0,1.0,0.8,0.0,1.5219280948830345,0.0,0.0,0.0,0.0,0.0,-1.4428232973175177e-12,265.2,106.5115017263394,0.4016270804160611,0.4,2,0.6,2,0.6,2,0.4,0.4,3,0,5,0.0909090909090909,0.0,1,1,0.0,0.9090909090909092
normal_00124,0.2340476379999999,0.233423392,0.0213329267552175,0.0273449100903148,-0.0242032479999999,0.562191091799403,2.9219280948758204,0.0,0.9786670732447824,5,2.8,2.0,1.4,14,10,2.0,2.8,0.7,0.0,1.3709505944503406,0.0,0.0,0.0,0.0,0.0,-1.4428232973175177e-12,264.8,121.12679307238344,0.4574274662854359,0.4,2,0.6,2,0.6,2,0.1428571428571428,0.2,3,2,4,0.0519480519480519,0.8835412953060012,1,1,-0.5691462380209354,1.0909090909090908
normal_00125,225.459943042,225.459412944,2.351186302862051e-06,9.089200590804051e-07,-0.0005742099999991,2.037475366463522e-06,2.321928094880149,0.0,0.9999976488136972,5,1.0,1.0,1.0,5,5,1.0,1.0,0.8,0.0,1.3709505944503406,0.0,0.0,0.0,0.0,0.0,-1.4428232973175177e-12,258.4,150.20252993874638,0.5812791406298236,0.2,2,0.6,2,0.6,3,0.6,0.4,2,0,5,0.0909090909090909,0.0,1,1,0.0,0.9090909090909092
normal_00126,1.497468662,1.4969841039999998,0.0003709185046716,0.0002864397568432,0.320421766,0.1712358949671252,2.321928094880149,0.0,0.9996290814953284,5,6.0,1.0,6.0,30,5,1.0,6.0,0.8,0.0,1.921928094881592,0.0,0.0,0.0,0.0,0.0,-1.4428232973175177e-12,272.2,152.75208672879072,0.5611759247935001,0.4,1,1.0,1,1.0,1,0.0333333333333333,0.0,1,0,5,0.0277777777777777,0.9355816226783968,1,1,0.0,0.9722222222222222
normal_00128,0.072223924,0.071746794,0.0122406577188553,0.0095590327503427,-0.024657223,0.6577949179246707,3.1018812234615907,0.0588235294117647,0.9877593422811448,5,1.0,3.4,0.2941176470588235,5,17,3.4,1.0,0.2352941176470588,0.0,1.921928094881592,0.0,0.0,0.0,0.0,0.0,-1.4428232973175177e-12,373.0,114.86513831445988,0.3079494324784447,0.2,2,0.6,2,0.6,3,0.6,0.0,2,0,3,0.0434782608695652,0.7844155844155843,1,1,0.0,0.9565217391304348
normal_00129,0.0066025985,0.0061939484499999,0.1618741682710414,0.159621557451812,-1.7423528710717757e-05,0.7265772401260289,3.6902484409046528,0.0,0.8381258317289586,200,1.0,5.46,0.1831501831501831,200,1092,5.46,1.0,0.1758241758241758,0.0,1.74481085053462,592.14,10712.08040201005,11407.316800038916,13.0,0.0314310734455487,4.508940046186095,267.68,128.22933130542003,0.4790396417566498,0.31,1,1.0,1,1.0,1,0.005,0.11,4,0,6,0.0007650855687807,0.908191439873258,1,1,0.0,0.9938461538461538
normal_00132,0.204892554,0.204617988,0.0014203699839849,0.000455471629178,0.039990842,0.372811983665874,2.749999999989901,0.0,0.998579630016015,5,5.0,1.6,3.125,25,8,1.6,5.0,0.5,0.0,1.5219280948830345,0.0,0.0,0.0,0.0,0.0,-1.4428232973175177e-12,169.4,136.66491868800858,0.8067586699410187,0.2,2,0.6,2,0.6,3,0.12,0.4,2,1,5,0.0294117647058823,0.9307210031347964,1,1,-0.5338235107969096,0.9705882352941176
normal_00134,0.617095162,0.6166087060000001,0.0007825499847336,0.0002193557298046,0.0491710919999999,0.3001962989289538,2.521640636334662,0.0,0.9992174500152664,5,4.2,1.4,3.0000000000000004,21,7,1.4,4.2,0.8571428571428571,0.0,1.5219280948830345,0.0,0.0,0.0,0.0,0.0,-1.4428232973175177e-12,221.0,71.83313998427188,0.3250368325080175,0.0,1,1.0,1,1.0,1,0.0476190476190476,0.2,3,1,5,0.0398860398860398,0.9074380165289256,1,1,-0.4296207525613605,1.037037037037037
normal_00135,702.526307956,702.525860316,6.371861785161728e-07,2.9088040104082285e-07,-0.0004562950000035,5.196050718819063e-07,2.321928094880149,0.0,0.9999993628138216,5,1.0,1.0,1.0,5,5,1.0,1.0,0.8,0.0,1.5219280948830345,0.0,0.0,0.0,0.0,0.0,-1.4428232973175177e-12,317.0,148.1705098864143,0.4674148576858495,0.6,2,0.6,2,0.6,2,0.4,0.4,2,0,5,0.0909090909090909,0.0,1,1,0.0,0.9090909090909092
normal_00136,0.4014689497000001,0.40105622165,0.027109932426042,0.0513392327986876,-0.0061976939175354,0.8548143135474443,3.8475839968510455,0.0,0.972890067573958,200,1.04,1.7,0.611764705882353,208,340,1.7,1.04,0.5970588235294118,0.0,1.7672380070289408,9.125833333333333,165.09045226130652,666.8203647561794,0.0,0.6031054077330588,2.7219617337734823,280.175,130.90437023158793,0.4672235932241917,0.35,2,0.575,2,0.575,2,0.0096153846153846,0.155,4,0,9,0.0018483540205072,0.4732348810609676,1,1,-0.0850289339536093,1.0055045871559634
normal_00137,0.061578168,0.0611805777999999,0.0604659979327695,0.0807489095620187,-0.0012718368518112,0.8618771958530996,3.5523730351471428,0.0027223230490018,0.9395340020672304,200,1.01,5.51,0.1833030852994555,202,1102,5.51,1.01,0.1823956442831216,0.0,1.7030107851252425,238.83666666666667,4320.663316582914,5280.482879378372,12.0,0.0999692685857866,4.543127944515804,281.0,129.9420048449137,0.4624270635050309,0.325,1,1.0,1,1.0,1,0.0049504950495049,0.125,4,0,5,0.0007686386019265,0.9050898783899688,1,1,-0.0866574206503676,1.0007674597083651
normal_00138,5.372697904000001,5.372137578,0.0001084302076878,3.0825862491455016e-05,0.798782814,0.1189519519784719,2.321928094880149,0.0,0.999891569792312,5,5.4,1.0,5.4,27,5,1.0,5.4,0.8,0.0,0.7219280948844771,0.0,0.0,0.0,0.0,0.0,-1.4428232973175177e-12,156.6,103.75355415599024,0.6625386599999378,0.0,1,1.0,1,1.0,1,0.037037037037037,0.2,3,0,5,0.0303030303030303,0.9251185322613894,1,1,0.0,0.9696969696969696
normal_00139,0.007199372,0.006558992,0.0905692171994967,0.0194920531507737,0.00012092,0.5275145937058623,2.918295834042948,0.0,0.9094307828005032,5,5.4,2.4,2.2500000000000004,27,12,2.4,5.4,0.4166666666666667,0.0,1.5219280948830345,0.0,0.0,0.0,0.0,0.0,-1.4428232973175177e-12,244.8,97.22499678580608,0.3971609345825411,0.6,2,0.6,2,0.6,3,0.1111111111111111,0.2,2,0,5,0.0263157894736842,0.9262443438914026,1,1,-0.6811873344686319,1.0
normal_00141,7.947800460999999,7.94740352885,0.0066336827911612,0.0351810287145419,-0.1083054687051601,0.7643427516623084,3.7628084288310575,0.0278884462151394,0.9933663172088388,200,1.12,1.255,0.8924302788844624,224,251,1.255,1.12,0.8645418326693227,0.0,1.6712581892038794,4.693611111111111,84.90954773869346,131.7778771411027,0.0,0.2162946439019647,2.350726868384017,262.29,131.947210016566,0.5030584849463037,0.345,2,0.525,2,0.525,3,0.0133928571428571,0.125,4,0,29,0.0022694046037858,0.2785066785066785,1,1,-0.0913396957844368,1.037117903930131
normal_00142,0.08777951975,0.0873870149,0.0411704153347981,0.0709189539978115,-0.001265418761629,0.7886141540136883,3.8472975222375,0.0109204368174727,0.958829584665202,200,1.43,3.205,0.4461778471138845,286,641,3.205,1.43,0.4446177847113884,0.0041666666666666,1.7733795335467877,127.89138888888888,2313.613065326633,3066.899640197797,1.0,0.1400027499419764,4.490118548136759,287.875,121.00080723598002,0.4203241241371429,0.28,2,0.52,2,0.52,3,0.0104895104895104,0.135,4,0,7,0.0013090964551306,0.7629633448627404,1,1,-0.3771667864580235,1.1009501187648456
normal_00144,0.00018890425,2.6050400000000004e-05,0.8892832738415367,0.2279935818638146,3.559770494262355e-08,0.8105271462494392,1.8397494004545376,0.0,0.1107167261584631,200,1.0,1.295,0.7722007722007722,200,259,1.295,1.0,0.0386100386100386,0.0,1.7560694987605725,9.788611111111113,177.08040201005025,427.0598954942232,0.0,0.4137772211468888,3.209188876649655,277.58,125.6089632880212,0.4525144581310656,0.33,1,1.0,1,1.0,1,0.005,0.14,4,0,3,0.0010914227015921,0.1870824053452116,1,1,0.0,0.7072419106317411
normal_00145,2.110507802,2.11004907,0.0004756424685667,0.0006277769517677,-0.4663562749999999,0.450159057398919,3.5220552088554444,0.0416666666666666,0.9995243575314332,5,3.6,4.8,0.75,18,24,4.8,3.6,0.5416666666666666,0.0666666666666666,1.921928094881592,0.0,0.0,0.0,0.0,0.0,-1.4428232973175177e-12,255.4,161.81872573963744,0.6335893725122844,0.4,2,0.6,2,0.6,2,0.1111111111111111,0.0,2,1,4,0.0374331550802139,0.851315238739174,1,1,-0.847561961583088,1.2352941176470589
normal_00146,17.0998056938,17.09940158485,0.0002744772128964,0.0014215665574033,-0.1234893232982148,0.601618345711834,3.8749491199187514,0.0032467532467532,0.9997255227871036,200,2.82,1.54,1.831168831168831,564,308,1.54,2.82,0.9837662337662336,0.0025,1.7189901724737235,0.0,0.0,0.0,0.0,0.0,-1.4428232973175177e-12,287.75,128.81398493008373,0.4476593742140182,0.31,2,0.565,1,1.0,2,0.0035460992907801,0.16,4,0,158,0.0014764846120502,0.7792765025152246,1,1,-0.3874461280334742,1.1339401820546164
normal_00147,0.078414556,0.077986784,0.0238219126880143,0.0342942602595728,-0.046585943,0.6390421931710156,3.907714802572913,0.0,0.9761780873119856,5,1.0,7.0,0.1428571428571428,5,35,7.0,1.0,0.1142857142857142,0.0,1.3709505944503406,0.0,0.0,0.0,0.0,0.0,-1.4428232973175177e-12,289.2,128.87668524601338,0.445631691722038,0.2,1,1.0,1,1.0,1,0.2,0.0,3,0,2,0.024390243902439,0.9414733414733412,1,1,0.0,0.975609756097561
normal_00148,0.0071839579999999,0.006786324,0.0876494707249225,0.0631359108777507,-0.003469701,0.4968873182791352,3.022055208861216,0.0,0.9123505292750774,5,1.0,2.4,0.4166666666666667,5,12,2.4,1.0,0.3333333333333333,0.0,0.7219280948844771,0.0,0.0,0.0,0.0,0.0,-1.4428232973175177e-12,210.0,193.2886442603393,0.9204221155254252,0.0,2,0.6,2,0.6,2,0.4,0.0,2,0,3,0.0555555555555555,0.6239316239316239,1,1,0.0,0.9444444444444444
normal_00149,1.7648719640000003,1.7645154419999998,0.0002311681131139,0.0001460935979748,0.1002266459999999,0.5680700779128599,3.2389012565882034,0.0,0.999768831886886,5,2.4,2.6,0.923076923076923,12,13,2.6,2.4,0.6923076923076923,0.0,1.3709505944503406,0.0,0.0,0.0,0.0,0.0,-1.4428232973175177e-12,247.4,161.9453611561628,0.6545891720135925,0.2,1,1.0,1,1.0,1,0.0833333333333333,0.0,2,0,5,0.0595238095238095,0.8154310966810967,1,1,-0.594088525786005,1.1904761904761905
normal_00150,0.177360145,0.1770657099999999,0.0033531252239488,0.005622572174854,-0.017470652,0.4442467927741501,3.0062389286404048,0.0,0.996646874776051,6,2.1666666666666665,2.5,0.8666666666666666,13,15,2.5,2.1666666666666665,0.6666666666666666,0.0,1.459147917022917,6.152222222222222,4429.6,2896.9869588936717,1633.0,-0.2091851294067977,1.9182958340487184,319.5,90.67469327215836,0.2838018568768649,0.1666666666666666,1,1.0,1,1.0,1,0.0769230769230769,0.1666666666666666,2,2,6,0.0507246376811594,0.6963064713064713,1,1,-0.5573901590601189,1.1666666666666667
normal_00151,0.0649139861904762,0.0645274078571428,0.0136719808936217,0.0198519266292897,0.00137271947249,0.6437731367442181,3.714365384043766,0.0109890109890109,0.9863280191063782,42,4.0,4.333333333333333,0.9230769230769232,168,182,4.333333333333333,4.0,0.8186813186813187,0.0039682539682539,1.7170407814689876,0.5458333333333333,47.926829268292686,39.34983202239068,1.0,-0.0982736635322871,0.9587118829742464,277.0,129.35242085283062,0.4669762485661755,0.3095238095238095,2,0.5714285714285714,2,0.5714285714285714,3,0.0178571428571428,0.238095238095238,4,0,27,0.0059517736285413,0.7299013415239556,1,1,-0.8059507455451688,1.440329218106996
normal_00152,0.300516966,0.300180544,0.0135127531504823,0.0277888581984848,-0.113875108,0.6706119771746833,3.80939752836072,0.0,0.9864872468495178,5,1.0,6.6,0.1515151515151515,5,33,6.6,1.0,0.1212121212121212,0.0,0.9709505944517832,0.0,0.0,0.0,0.0,0.0,-1.4428232973175177e-12,163.0,103.80510584744856,0.6368411401683961,0.4,2,0.6,2,0.6,2,0.4,0.2,2,0,2,0.0256410256410256,0.9388533035591858,1,1,0.0,0.9743589743589745
normal_00153,5.02437304705,5.0239571183,0.0008276745090207,0.003904516603884,0.0328461159846696,0.5856146989122072,3.7832826405562776,0.0273631840796019,0.9991723254909792,200,2.13,2.01,1.0597014925373134,426,402,2.01,2.13,0.9925373134328358,0.001,1.6932012551809132,47.946666666666665,867.3768844221106,2279.908570340905,3.0,0.4488095237059312,4.0633958361001845,264.34,129.23950109473526,0.4889139029081307,0.315,2,0.515,2,0.515,2,0.0046948356807511,0.145,4,0,83,0.0020961388514779,0.6679915023606152,1,1,-0.4413471154850976,1.3163751987281398
normal_00154,0.0558157367999999,0.05541365365,0.0749290195768392,0.0894792750701049,-0.0010680720387084,0.8895296224848047,3.5302031870003714,0.0059940059940059,0.9250709804231608,200,1.0,5.005,0.1998001998001998,200,1001,5.005,1.0,0.1988011988011988,0.0,1.6923358212231965,50.78722222222222,918.7638190954774,880.3667859971332,3.0,-0.0213419931769587,4.492846060752549,276.475,127.14811279739745,0.4598900905955237,0.295,2,0.53,1,1.0,3,0.015,0.14,4,0,5,0.0008319467554076,0.8895215119766018,1,1,0.0,0.9991680532445923
normal_00156,0.01398097495,0.01358277535,0.1173595787032013,0.1237585559166809,-6.148959810245258e-05,0.825945661094448,3.7483353469084992,0.001019367991845,0.8826404212967986,200,1.285,4.905,0.2619775739041793,257,981,4.905,1.285,0.2507645259938837,0.0,1.747647198486606,10.559722222222222,191.03015075376885,348.0043884311144,0.0,0.2912136908976533,3.442222904777537,262.24,124.80715737754514,0.4759272322206571,0.36,1,1.0,1,1.0,1,0.0038910505836575,0.14,4,0,26,0.0008720324131207,0.8829646216238956,1,1,-0.3565038409944067,1.0385906040268456
normal_00157,0.000554986,3.8004e-05,0.9351784385797088,0.0812095359970313,-8.428000000000003e-06,0.6994176051643685,2.1658851502510914,0.0,0.0648215614202912,5,2.2,4.8,0.4583333333333333,11,24,4.8,2.2,0.0,0.0,0.7219280948844771,0.0,0.0,0.0,0.0,0.0,-1.4428232973175177e-12,296.8,186.1174360450949,0.6270803101249828,0.6,2,0.6,2,0.6,3,0.2727272727272727,0.0,3,1,1,0.0224358974358974,1.0,1,1,-0.6039921554331247,0.875
normal_00158,0.8684044199999998,0.8680618580000001,0.0006767706824971,0.0008747177523148,-0.164947258,0.5905094058400616,3.180832987191013,0.0,0.999323229317503,5,2.2,2.6,0.8461538461538461,11,13,2.6,2.2,0.3076923076923077,0.0,1.3709505944503406,0.0,0.0,0.0,0.0,0.0,-1.4428232973175177e-12,258.6,78.71975609718312,0.3044074095018682,0.4,2,0.6,2,0.6,2,0.1818181818181818,0.2,2,1,5,0.04,0.8930555555555555,1,1,-0.5423261445466404,0.96
normal_00159,0.0026253599999999,0.002155002,0.1792901536812547,0.0416946971132175,-0.0004030809999999,0.1496354991781911,2.321928094880149,0.0,0.8207098463187453,5,1.0,1.0,1.0,5,5,1.0,1.0,0.8,0.0,1.3709505944503406,0.0,0.0,0.0,0.0,0.0,-1.4428232973175177e-12,256.6,110.18302954629628,0.4293960621445685,0.0,2,0.6,2,0.6,3,0.6,0.0,2,0,5,0.0909090909090909,0.0,1,1,0.0,0.9090909090909092
normal_00160,0.5364872608500001,0.5360834543999999,0.0450994584132807,0.0717248048344135,-0.0110715696390459,0.9510196266105948,3.603686219783284,0.0032467532467532,0.9549005415867192,200,1.35,4.62,0.2922077922077922,270,924,4.62,1.35,0.2911255411255411,0.0016666666666666,1.6749958320645535,7.765555555555555,140.4824120603015,201.18235544631065,0.0,0.1776593584084857,3.040596748342752,286.355,133.56070260898989,0.4664165200851736,0.35,1,1.0,1,1.0,1,0.0037037037037037,0.15,4,0,5,0.000944246737841,0.8595664695664694,1,1,-0.373022156737417,1.0613333333333332
normal_00162,0.3124205479999999,0.3121013719999999,0.0014263175840205,0.000987422991101,-0.117445838,0.6091711229324556,3.7499999999798015,0.0,0.9985736824159794,5,2.0,3.2,0.625,10,16,3.2,2.0,0.5625,0.0,1.5219280948830345,0.0,0.0,0.0,0.0,0.0,-1.4428232973175177e-12,316.0,138.18284987653135,0.4372874996092764,0.6,2,0.6,2,0.6,2,0.2,0.0,2,0,4,0.0562770562770562,0.8801120448179274,1,1,-0.5983443269942367,1.181818181818182
normal_00163,692.5846621347,692.5842582226501,1.291466621031803e-06,2.309686752031348e-06,7.033683149892923,0.4371946397924141,3.4915665667333613,0.0,0.9999987085333788,200,4.75,1.235,3.846153846153846,950,247,1.235,4.75,0.9959514170040484,0.0,1.65867514459356,20.459444444444443,370.1206030150754,484.87197245872886,3.0,0.1342132934663937,4.230153283593832,275.915,133.9155879593278,0.4853508796525299,0.26,2,0.505,2,0.505,2,0.0021052631578947,0.205,4,0,199,0.000904317606618,0.8909485799864353,1,1,-0.3390556474191566,1.0399652476107732
normal_00165,0.001993802,0.001574594,0.2115031196508182,0.1657550186533226,-0.0002034839999999,0.1042442686813233,1.921928094881592,0.0,0.788496880349182,5,4.8,1.0,4.8,24,5,1.0,4.8,0.8,0.0,1.5219280948830345,0.0,0.0,0.0,0.0,0.0,-1.4428232973175177e-12,278.4,150.44367716856698,0.5403867714388182,0.4,2,0.8,2,0.8,2,0.0833333333333333,0.0,3,0,5,0.0333333333333333,0.9374871794871796,1,1,0.0,0.9666666666666668
normal_00166,0.0361045719999999,0.035572766,0.0287073349495309,0.0263355442716179,-0.02084098,0.4848211602159509,3.221097250042088,0.0526315789473684,0.971292665050469,5,1.0,3.8,0.2631578947368421,5,19,3.8,1.0,0.2105263157894736,0.0,1.921928094881592,0.0,0.0,0.0,0.0,0.0,-1.4428232973175177e-12,187.8,44.5668037893677,0.2373099243310314,0.4,2,0.6,2,0.6,2,0.4,0.0,3,2,2,0.04,0.8123737373737374,1,1,0.0,0.96
normal_00167,11.485058514,11.484513676,0.0002422513718723,0.0004137152040148,1.4107471290000009,0.4073865971908259,2.985228136021267,0.0,0.9997577486281278,5,3.4,2.8,1.2142857142857144,17,14,2.8,3.4,0.7857142857142857,0.05,1.3709505944503406,0.0,0.0,0.0,0.0,0.0,-1.4428232973175177e-12,248.4,156.62630685807542,0.6305406878344421,0.6,2,0.6,1,1.0,3,0.1764705882352941,0.4,3,0,4,0.0516666666666666,0.8659595959595962,1,1,-0.7323599047674136,1.24
normal_00168,0.02707728805,0.02663655785,0.0465165043932766,0.0997105263789638,3.026301820295509e-05,0.6180908253979864,3.6214609984088857,0.0,0.9534834956067236,200,3.39,4.52,0.7500000000000001,678,904,4.52,3.39,0.6969026548672567,0.0154999999999999,1.7323293957311263,9.924166666666666,179.53266331658293,297.3070045647403,1.0,0.2469893953484366,3.313166254741409,269.215,126.2275554455874,0.4688726684827644,0.285,2,0.53,2,0.53,2,0.0029498525073746,0.155,4,0,124,0.0011931050294429,0.7628160690943614,1,1,-0.7580661357441681,1.3732638888888888
normal_00169,0.135956542,0.135438122,0.0038145241009523,0.0017660117624524,-0.0006249389999999,0.0036913624658795,2.321928094880149,0.0,0.9961854758990476,5,1.0,1.0,1.0,5,5,1.0,1.0,0.8,0.0,0.7219280948844771,25.80666666666667,23226.0,2843.5934132713137,19914.0,-0.7818459714201972,2.321928094880149,269.6,109.76930354156391,0.4071561704063943,0.2,2,0.8,2,0.8,3,0.6,0.2,3,0,5,0.0909090909090909,0.0,1,1,0.0,0.9090909090909092
normal_00170,0.827081014,0.8266281560000002,0.0006166413991675,0.0004161325229925,-0.159664215,0.6208651504002245,3.373557262259316,0.0,0.9993833586008324,5,1.6,3.0,0.5333333333333333,8,15,3.0,1.6,0.4666666666666667,0.0,0.9709505944517832,0.0,0.0,0.0,0.0,0.0,-1.4428232973175177e-12,325.4,193.91828175806427,0.5959381738108921,0.4,1,1.0,1,1.0,2,0.25,0.2,2,0,4,0.0547619047619047,0.8234983766233765,1,1,-0.479233838298523,1.0952380952380951
normal_00171,0.006408842,0.005807496,0.098698106961559,0.0380266354616462,0.001130144,0.1556807271154387,2.321928094880149,0.0,0.901301893038441,5,5.2,1.0,5.2,26,5,1.0,5.2,0.8,0.0,0.7219280948844771,0.0,0.0,0.0,0.0,0.0,-1.4428232973175177e-12,229.0,137.24977231310805,0.5993439839000352,0.4,2,0.6,2,0.6,2,0.0769230769230769,0.2,2,0,5,0.03125,0.8964459408903854,1,1,0.0,0.96875
normal_00173,0.0263287779999999,0.025885204,0.018056292400647,0.0094151528429032,0.0024116319999999,0.0812473411451576,2.321928094880149,0.0,0.9819437075993528,5,4.4,1.0,4.4,22,5,1.0,4.4,0.8,0.0,1.3709505944503406,0.0,0.0,0.0,0.0,0.0,-1.4428232973175177e-12,229.0,162.10798869889172,0.7078951471567324,0.2,2,0.6,2,0.6,2,0.0909090909090909,0.2,2,0,5,0.0357142857142857,0.9088628762541806,1,1,0.0,0.9642857142857144
normal_00174,0.022947924,0.022621496,0.0145128394449914,0.0124498059264874,0.002127326,0.0842689449009031,2.321928094880149,0.0,0.9854871605550086,5,2.8,1.0,2.8,14,5,1.0,2.8,0.8,0.0,1.3709505944503406,0.0,0.0,0.0,0.0,0.0,-1.4428232973175177e-12,273.6,154.1243004850306,0.5633198117142931,0.6,2,0.8,2,0.8,2,0.1428571428571428,0.2,3,0,5,0.05,0.8063492063492063,1,1,1.8518163059930264e-08,0.95
normal_00175,6.7873430193,6.78693992985,0.0002785445392686,0.001120281972354,0.0548917807246306,0.6354573381249877,3.691335612835067,0.0132325141776937,0.9997214554607312,200,4.705,2.645,1.77882797731569,941,529,2.645,4.705,0.9810964083175804,0.00125,1.7600286848296416,4.337222222222223,78.46231155778895,84.26702793303411,0.0,0.0356709883626886,2.329879552607161,269.865,131.47308712504986,0.4871809501975056,0.295,1,1.0,1,1.0,3,0.0031880977683315,0.135,4,0,181,0.0011105654818116,0.8379425651978901,1,1,-0.6629781375490401,1.2771503040834058
normal_00176,8.662600000000001e-05,1e-06,0.96328328273206,0.0439291017504874,0.0,0.0,-1.4428232973175177e-12,0.0,0.0367167172679401,5,1.0,1.0,1.0,5,5,1.0,1.0,0.0,0.0,0.9709505944517832,0.0,0.0,0.0,0.0,0.0,-1.4428232973175177e-12,214.6,149.36298068798706,0.6960064337744039,0.4,1,1.0,1,1.0,1,0.2,0.0,3,2,1,0.0476190476190476,0.0,1,1,0.0,0.6666666666666666
normal_00177,0.0936067011,0.09319965865,0.0569425601427052,0.075114282218628,-0.0017393837905572,0.881284173208193,3.6511911942363096,0.0028063610851262,0.9430574398572948,200,1.125,5.345,0.2104770813844714,225,1069,5.345,1.125,0.2095416276894293,0.0,1.7518360496457746,205.4105555555556,3715.969849246231,6282.53349491022,1.0,0.2566947829410885,4.426200328651668,280.58,135.0830141191615,0.4814420632944668,0.265,2,0.525,2,0.525,3,0.0133333333333333,0.175,4,0,5,0.0008029138201696,0.896665795263927,1,1,-0.2598668258028958,1.0188976377952756
normal_00179,0.185115996,0.184935326,0.0018537168218287,0.0014840836330755,-0.0811128909999999,0.5211375170981916,2.8731406795015912,0.0,0.9981462831781712,5,1.0,2.6,0.3846153846153846,5,13,2.6,1.0,0.3076923076923077,0.0,1.921928094881592,0.0,0.0,0.0,0.0,0.0,-1.4428232973175177e-12,208.2,87.65386471799177,0.4210079957636492,0.0,1,1.0,1,1.0,1,0.2,0.2,3,0,2,0.0526315789473684,0.6619047619047619,1,1,0.0,0.9473684210526316
normal_00181,0.014597586,0.01433164,0.0491153658228597,0.0716184293927549,-0.0003166729999999,0.5627888015607426,3.327819531098913,0.0,0.9508846341771402,5,2.2,3.2,0.6875,11,16,3.2,2.2,0.625,0.0,1.921928094881592,0.0,0.0,0.0,0.0,0.0,-1.4428232973175177e-12,283.2,94.37531456901218,0.333246167263461,0.2,2,0.6,2,0.6,2,0.1818181818181818,0.2,4,1,5,0.0584415584415584,0.8611829347123464,1,1,-0.565685424949238,1.2272727272727273
normal_00183,0.042416604,0.042015576,0.0094922711146968,0.0063912158039129,-0.000503178,0.0095807897528288,2.321928094880149,0.0,0.9905077288853033,5,1.0,1.0,1.0,5,5,1.0,1.0,0.8,0.0,1.5219280948830345,0.0,0.0,0.0,0.0,0.0,-1.4428232973175177e-12,254.8,166.26996120766975,0.6525508681619692,0.2,1,1.0,1,1.0,1,0.2,0.4,2,0,5,0.0909090909090909,0.0,1,1,0.0,0.9090909090909092
normal_00184,0.63107632,0.6307561764285714,0.0026464667005463,0.004598809563285,-0.030678401032967,0.7189157681949868,3.733155256248228,0.0307692307692307,0.9973535332994536,14,4.0,4.642857142857143,0.8615384615384615,56,65,4.642857142857143,4.0,0.8461538461538461,0.0,1.877387064290842,0.0,0.0,0.0,0.0,0.0,-1.4428232973175177e-12,318.0,149.53774928605304,0.4702444946102297,0.2142857142857142,1,1.0,1,1.0,1,0.0178571428571428,0.2142857142857142,3,1,6,0.0191455696202531,0.7155157379756312,1,1,-0.7739884821854978,1.5125
normal_00185,0.38413974375,0.38366326375,0.0308888461426109,0.0773605501260073,-0.1253264494047619,0.73416133447028,3.638530469102652,0.0,0.9691111538573892,8,1.0,3.25,0.3076923076923077,8,26,3.25,1.0,0.2692307692307692,0.0,0.8112781244562475,0.79,406.2857142857143,332.9756380130596,72.0,-0.0991666560745979,0.543564443196711,275.25,181.86003252108867,0.6607085650175791,0.25,2,0.625,2,0.625,3,0.375,0.125,3,0,4,0.0285714285714285,0.7732884399551068,1,1,0.0,0.9714285714285714
normal_00186,4.85796845,4.857516692,9.2995351266733e-05,5.461509026154996e-05,-0.0004571419999999,7.528818184046504e-05,2.321928094880149,0.0,0.9999070046487332,5,1.0,1.0,1.0,5,5,1.0,1.0,0.8,0.0,0.9709505944517832,0.0,0.0,0.0,0.0,0.0,-1.4428232973175177e-12,264.4,129.37271737116757,0.4893067979242344,0.4,1,1.0,1,1.0,2,0.4,0.0,2,2,5,0.0909090909090909,0.0,1,1,0.0,0.9090909090909092
normal_00187,0.00038167,9.709e-05,0.8056410819775062,0.2846858373248077,-3.7809e-05,0.7672355191237423,2.412718602588958,0.0,0.1943589180224937,5,1.0,5.8,0.1724137931034483,5,29,5.8,1.0,0.0,0.0,0.9709505944517832,0.0,0.0,0.0,0.0,0.0,-1.4428232973175177e-12,259.8,121.83472411426884,0.4689558279994951,0.4,2,0.8,2,0.8,3,0.6,0.2,3,0,1,0.0229419703103913,1.0,1,1,0.0,0.8717948717948718
normal_00188,0.2234960986,0.2230679413,0.0232140505438482,0.0638094882567699,0.0007488804185854,0.627681289374444,3.816481210010175,0.0,0.9767859494561516,200,1.695,1.43,1.1853146853146854,339,286,1.43,1.695,0.9195804195804196,0.0,1.7678353697105795,191.59916666666663,3466.115577889447,3354.8593244939893,27.0,-0.0163109020319927,4.433462656592862,274.765,129.85569793594797,0.4726064016011791,0.24,2,0.5,2,0.5,2,0.0058997050147492,0.205,4,0,120,0.0019823523068237,0.6148512092572861,1,1,-0.2481328563684985,1.112099644128114
normal_00189,152.24463834,152.24431350199998,4.764441515409798e-06,5.517574147668855e-06,-31.00974592999998,0.6522638224812737,3.708048150049591,0.0,0.9999952355584846,5,1.0,5.4,0.1851851851851851,5,27,5.4,1.0,0.1481481481481481,0.0,0.9709505944517832,0.0,0.0,0.0,0.0,0.0,-1.4428232973175177e-12,276.6,87.99886362902649,0.3181448431996619,0.4,2,0.8,2,0.8,2,0.4,0.0,1,2,2,0.0303030303030303,0.9289472432329576,1,1,0.0,0.9696969696969696
normal_00190,4.56714977475,4.566741583600001,0.0003521315293123,0.0011908795699817,-0.0146082846317408,0.3613571558767614,3.301308342889496,0.0607476635514018,0.9996478684706877,200,1.715,1.07,1.602803738317757,343,214,1.07,1.715,0.9953271028037384,0.0,1.703160767509659,0.0,0.0,0.0,0.0,0.0,-1.4428232973175177e-12,276.775,131.1912347505613,0.4739995835988124,0.32,2,0.555,2,0.555,2,0.0058309037900874,0.16,4,0,188,0.0018856299425847,0.543362435368249,1,1,-0.1074374762981717,1.0238970588235294
normal_00191,0.18388995,0.1835756659999999,0.0034228698442299,0.005030494532136,-0.1003875099999999,0.4999467930569838,2.855388542195992,0.0,0.99657713015577,5,1.0,2.4,0.4166666666666667,5,12,2.4,1.0,0.3333333333333333,0.0,0.9709505944517832,0.0,0.0,0.0,0.0,0.0,-1.4428232973175177e-12,172.8,118.70004212299168,0.6869215400636092,0.4,1,1.0,1,1.0,1,0.2,0.2,2,1,3,0.0555555555555555,0.6239316239316239,1,1,0.0,0.9444444444444444
normal_00195,0.8012961019999999,0.800884542,0.0501776742656063,0.1110326949407326,-0.290242769,0.6883941205136619,3.536414237103475,0.0,0.9498223257343936,5,1.0,5.2,0.1923076923076923,5,26,5.2,1.0,0.1538461538461538,0.0,0.9709505944517832,0.0,0.0,0.0,0.0,0.0,-1.4428232973175177e-12,252.0,149.39042807355497,0.5928191590220435,0.4,2,0.8,2,0.8,2,0.4,0.0,3,0,2,0.03125,0.9232249232249232,1,1,0.0,0.96875
normal_00196,0.003431022,0.003139774,0.083033966682688,0.0600920220468856,0.000431065,0.5190883165476244,3.095795254987949,0.0,0.9169660333173116,5,4.6,2.2,2.0909090909090904,23,11,2.2,4.6,0.6363636363636364,0.08,1.921928094881592,0.0,0.0,0.0,0.0,0.0,-1.4428232973175177e-12,273.6,123.92053905628396,0.4529259468431431,0.2,1,1.0,1,1.0,1,0.0434782608695652,0.0,3,0,5,0.034274193548387,0.893891293891294,1,1,-0.6194703811278598,1.0625
normal_00197,4.469692972000001,4.469175926,0.0002073655377758,0.0002303588463378,-1.2675554100000004,0.5972334260488453,3.4464393446537027,0.0,0.999792634462224,5,2.2,4.0,0.55,11,20,4.0,2.2,0.45,0.0,1.3709505944503406,0.0,0.0,0.0,0.0,0.0,-1.4428232973175177e-12,298.8,110.5721483918984,0.370054044149593,0.0,2,0.8,2,0.8,2,0.1818181818181818,0.0,3,0,4,0.0441595441595441,0.9059097468188376,1,1,-0.6410969647692967,1.148148148148148
normal_00199,0.0017187449999999,0.0013637116666666,0.3893758750789235,0.3446765847068443,-0.0002038934285714,0.6380844334942578,3.119996576836468,0.0,0.6106241249210765,6,1.0,5.666666666666667,0.1764705882352941,6,34,5.666666666666667,1.0,0.1176470588235294,0.0,0.6500224216454688,9.022222222222222,6496.0,4771.189579130136,1198.0,-0.1530825774037455,2.2516291673806093,339.0,94.95261976375376,0.280096223491899,0.0,1,1.0,1,1.0,1,0.1666666666666666,0.0,3,0,2,0.0232288037166085,0.9464535464535464,1,1,0.0,0.9523809523809524
normal_00200,41.258053936,41.257692532,6.46311834535928e-05,0.0001277661024424,-22.529347869,0.6555680897701982,3.9398290174404327,0.0294117647058823,0.9999353688165464,5,1.0,6.8,0.1470588235294117,5,34,6.8,1.0,0.1176470588235294,0.0,0.9709505944517832,0.0,0.0,0.0,0.0,0.0,-1.4428232973175177e-12,250.4,56.52698470642141,0.2257467440352292,0.0,2,0.8,2,0.8,2,0.4,0.0,2,2,2,0.025,0.9393825222396648,1,1,0.0,0.975
normal_00201,0.062531714,0.062301598,0.003867966205955,0.0018480400989589,0.010308998,0.1323753910774485,2.321928094880149,0.0,0.9961320337940448,5,5.4,1.0,5.4,27,5,1.0,5.4,0.8,0.0,1.3709505944503406,1.3875,1248.75,1071.100923116025,147.0,-0.0765777986480946,1.5219280948830345,356.8,114.121426559608,0.3198470475325336,0.2,1,1.0,1,1.0,1,0.037037037037037,0.0,4,1,5,0.0303030303030303,0.9255125826554398,1,1,0.0,0.9696969696969696
normal_00205,2.45380291125,2.4533710603,0.0001759495642791,9.549528081976771e-05,-0.0004308079692942,0.0058531328052526,4.311181065524444,0.0,0.9998240504357208,200,1.0,1.0,1.0,200,200,1.0,1.0,0.995,0.0,1.7575704906873242,52.35027777777778,947.0402010050252,933.8451058933512,7.0,-0.00701536402208,4.5222363888749495,266.855,127.65257488343843,0.4783593145469953,0.255,2,0.54,2,0.54,2,0.01,0.165,4,0,200,0.0024937655860349,0.0,1,1,0.0,0.9975062344139652
normal_00206,0.000530862,0.000251116,0.586906657459545,0.3528570713059443,-1.2560000000000002e-05,0.6600418807366989,2.6535442970190264,0.0,0.413093342540455,5,5.0,2.6,1.923076923076923,25,13,2.6,5.0,0.0769230769230769,0.0,1.5219280948830345,22.0925,19883.25,27902.43399217172,1328.0,0.1678156159381422,2.321928094880149,283.6,121.96843854046833,0.4300720681962917,0.0,2,0.6,2,0.6,2,0.08,0.0,3,0,2,0.0220673635307781,0.9852579852579852,1,1,-0.7574891725411785,0.9047619047619048
normal_00207,0.004884758,0.004494294,0.1650833928457936,0.2301414049166044,-0.000878738,0.4454024647697727,3.327819531098913,0.0,0.8349166071542063,5,2.8,3.2,0.8749999999999999,14,16,3.2,2.8,0.5,0.0,0.7219280948844771,0.0,0.0,0.0,0.0,0.0,-1.4428232973175177e-12,322.8,130.14684014604427,0.4031810413446229,0.2,2,0.6,2,0.6,3,0.2142857142857142,0.2,2,0,5,0.0427350427350427,0.7901056014692379,1,1,-0.6851190281271857,1.1111111111111112
normal_00208,2.583679482,2.583280754,0.0002309001725283,0.0002520216815572,-0.011132703,0.4898290071086928,3.58785879827931,0.037037037037037,0.9997690998274716,5,5.0,5.4,0.9259259259259258,25,27,5.4,5.0,0.7407407407407407,0.0333333333333333,0.7219280948844771,0.0,0.0,0.0,0.0,0.0,-1.4428232973175177e-12,245.6,201.4020853913881,0.820041064297183,0.2,1,1.0,1,1.0,1,0.04,0.2,3,0,5,0.039039039039039,0.8273148315500292,1,1,-0.9518672557074273,1.4054054054054057
normal_00209,0.012102812,0.011810544,0.0499315466017067,0.0429637320721414,-0.006986576,0.606690528834674,3.736006946426016,0.0,0.9500684533982932,5,1.0,5.4,0.1851851851851851,5,27,5.4,1.0,0.1481481481481481,0.0,1.5219280948830345,0.0,0.0,0.0,0.0,0.0,-1.4428232973175177e-12,198.2,72.27862754646078,0.3646752146642825,0.0,2,0.6,2,0.6,2,0.4,0.0,3,0,2,0.0303030303030303,0.9217171717171716,1,1,0.0,0.9696969696969696
normal_00210,0.0598017670833333,0.0594369808333333,0.0270587666727571,0.0391411835551833,-0.0088992696956521,0.7254812474562515,3.816983970767277,0.0,0.9729412333272428,24,1.0833333333333333,5.0,0.2166666666666666,26,120,5.0,1.0833333333333333,0.2083333333333333,0.0,1.717090774744117,2.4030555555555555,376.1304347826087,472.259076313712,9.0,0.1133072017909347,1.8489879890717569,263.7916666666667,145.17125693669428,0.5503254093319637,0.375,2,0.5416666666666666,2,0.5416666666666666,2,0.0769230769230769,0.2083333333333333,4,0,3,0.0069923371647509,0.8925644603330551,1,1,-0.2286804588063825,1.006896551724138
normal_00211,0.8576316199999999,0.857106074,0.0006728650161389,0.000372931191824,-0.091972314,0.4292137618196372,3.484183719761877,0.05,0.9993271349838608,5,4.2,4.0,1.05,21,20,4.0,4.2,0.8,0.0,1.3709505944503406,1.0763888888888888,968.75,1063.6212613049815,37.0,0.0466800840531788,0.9709505944517832,249.2,132.25241018597734,0.5307079060432478,0.2,1,1.0,1,1.0,1,0.0476190476190476,0.0,2,1,5,0.0471264367816091,0.823733808674985,1,1,-0.8427294941641168,1.3666666666666667
normal_00213,0.1750619259999999,0.1747244939999999,0.0154975895453928,0.027686469524897,-0.081806826,0.5696620983338084,3.4548223999292933,0.0,0.9845024104546074,5,1.0,3.4,0.2941176470588235,5,17,3.4,1.0,0.2352941176470588,0.0,0.7219280948844771,0.0,0.0,0.0,0.0,0.0,-1.4428232973175177e-12,239.6,131.01831932977922,0.5468210322611821,0.2,1,1.0,1,1.0,1,0.2,0.0,3,0,2,0.0434782608695652,0.7972101972101971,1,1,0.0,0.9565217391304348
normal_00214,0.00448473555,0.0041037897,0.1903212405845128,0.1976741569838428,-5.163227810695264e-06,0.7114268873136299,3.832974488396656,0.0,0.809678759415487,200,1.025,4.775,0.2146596858638743,205,955,4.775,1.025,0.193717277486911,0.0,1.6622213958477543,224.2213888888889,4056.266331658292,3912.289555009097,19.0,-0.0180681140594232,4.4833969710784,274.86,136.37128007814093,0.4961481484324417,0.335,1,1.0,1,1.0,1,0.0048780487804878,0.15,4,0,11,0.0008409148573706,0.8978233390541088,1,1,-0.122138888559794,0.9872340425531916
normal_00215,0.15206832205,0.1516449808,0.0433663165802177,0.0616380228153803,-0.0027178657779944,0.7809711584475006,3.7968351009632495,0.0,0.9566336834197824,200,1.0,1.28,0.78125,200,256,1.28,1.0,0.77734375,0.0,1.7085641427857825,54.64305555555556,988.5175879396984,928.9356791090652,1.0,-0.0310734607484532,4.503146287697641,280.45,132.95640083355545,0.4740823705956693,0.32,1,1.0,1,1.0,1,0.005,0.165,4,0,42,0.0021881838074398,0.2513820809540655,1,1,0.0,0.9978118161925602
normal_00216,0.040775062,0.040313458,0.0163358777276502,0.0141823455306705,0.006890662,0.5905768292067626,3.1219280948743777,0.0,0.9836641222723496,5,3.0,2.0,1.5,15,10,2.0,3.0,0.7,0.0,0.9709505944517832,0.0,0.0,0.0,0.0,0.0,-1.4428232973175177e-12,189.8,108.57577998798811,0.572053635342403,0.2,1,1.0,1,1.0,1,0.0666666666666666,0.0,2,0,5,0.0494071146245059,0.7946127946127945,1,1,-0.5648583465556599,1.0869565217391304
normal_00217,0.111625714,0.111152384,0.0124793812628305,0.0113839337812135,-0.072119776,0.3979950011688457,2.5219280948787066,0.0,0.9875206187371692,5,1.8,2.0,0.9,9,10,2.0,1.8,0.4,0.0,1.3709505944503406,0.0,0.0,0.0,0.0,0.0,-1.4428232973175177e-12,237.8,100.47736063412496,0.4225288504378677,0.6,2,0.6,2,0.6,3,0.3333333333333333,0.0,2,0,2,0.05,0.6848484848484849,1,1,-0.4059989714705747,0.95
normal_00218,3.384108928,3.38356168,0.0016932837942551,0.0033192848918275,-1.783388402,0.4900365500356415,3.202819531100356,0.0625,0.9983067162057448,5,1.0,3.2,0.3125,5,16,3.2,1.0,0.25,0.0,0.9709505944517832,0.0,0.0,0.0,0.0,0.0,-1.4428232973175177e-12,220.2,91.5625469283156,0.4158153811458475,0.4,2,0.6,2,0.6,3,0.6,0.0,2,2,3,0.0454545454545454,0.7683473389355742,1,1,0.0,0.9545454545454546
normal_00219,1.1217584466666666,1.1214352100000002,0.0003798303668336,0.0003859847897671,0.244384376,0.2119027728365646,2.2516291673806093,0.0,0.9996201696331664,6,3.333333333333333,1.0,3.333333333333333,20,6,1.0,3.333333333333333,0.8333333333333334,0.0,1.2516291673834947,0.0,0.0,0.0,0.0,0.0,-1.4428232973175177e-12,264.6666666666667,141.0640516455793,0.5329876006759923,0.6666666666666666,1,1.0,1,1.0,1,0.05,0.1666666666666666,3,2,6,0.037037037037037,0.8057513914656772,1,1,0.0,0.9629629629629628
normal_00220,0.000367414,9.568e-05,0.8284770775596553,0.216101127231479,-6.0808000000000005e-05,0.8559643255295427,0.8166890883106926,0.0,0.1715229224403447,5,1.0,2.4,0.4166666666666667,5,12,2.4,1.0,0.0,0.0,1.3709505944503406,0.0,0.0,0.0,0.0,0.0,-1.4428232973175177e-12,252.4,150.3322985921522,0.5956113256424413,0.4,2,0.8,2,0.8,1,0.2,0.0,3,0,1,0.0367965367965368,0.5294117647058824,1,1,0.0,0.7727272727272727
normal_00221,0.04081708,0.04031645,0.0122386929509169,0.0047348726310731,-0.0004409859999999,0.0087504926649047,2.321928094880149,0.0,0.9877613070490832,5,1.0,1.0,1.0,5,5,1.0,1.0,0.8,0.0,0.9709505944517832,0.0,0.0,0.0,0.0,0.0,-1.4428232973175177e-12,350.8,147.41845203365827,0.4202350400047271,0.2,1,1.0,1,1.0,1,0.2,0.2,3,0,5,0.0909090909090909,0.0,1,1,0.0,0.9090909090909092
normal_00222,48.05663240124999,48.0561943224,0.0042139948023251,0.0244926609789919,0.221443142002355,0.7658788553457017,3.953138204054632,0.0169779286926994,0.9957860051976748,200,3.295,2.945,1.1188455008488964,659,589,2.945,3.295,0.9473684210526316,0.0016666666666666,1.7328625969838083,31.469722222222224,569.3015075376884,699.30996107307,2.0,0.1024809066859156,4.375128490816906,290.8,128.21652540501427,0.4409096471974356,0.33,2,0.505,2,0.505,3,0.0045523520485584,0.145,4,0,104,0.0015773309235222,0.7532242925209675,1,1,-0.5992407193945248,1.402247191011236
normal_00223,0.002487624,0.001949092,0.2252136512773915,0.1038629734699163,-0.000146526,0.1254676536561638,2.321928094880149,0.0,0.7747863487226085,5,3.2,1.0,3.2,16,5,1.0,3.2,0.8,0.0,1.5219280948830345,0.0,0.0,0.0,0.0,0.0,-1.4428232973175177e-12,329.4,49.94797293184179,0.1516331904427498,0.4,2,0.6,2,0.6,2,0.125,0.0,3,1,5,0.0454545454545454,0.7955436720142602,1,1,0.0,0.9545454545454546
normal_00224,14.60054932,14.600229064,4.320582225598645e-05,4.826082707665135e-05,-6.089031752,0.4527897879365957,1.5566567074584952,0.0,0.999956794177744,5,1.0,1.4,0.7142857142857143,5,7,1.4,1.0,0.5714285714285714,0.0,0.9709505944517832,0.0,0.0,0.0,0.0,0.0,-1.4428232973175177e-12,318.2,95.53114675329716,0.3002235913051451,0.2,2,0.8,2,0.8,2,0.4,0.4,2,0,3,0.0769230769230769,0.3125,1,1,0.0,0.9230769230769232
normal_00225,74.68413143705,74.6837132056,1.1527936242948808e-05,2.037393418315074e-05,0.6845008268346655,0.3256222125680325,3.1400197198437088,0.0048543689320388,0.999988472063757,200,4.45,1.03,4.320388349514563,890,206,1.03,4.45,0.9951456310679612,0.0,1.7076733777277342,143.22333333333333,2590.974874371859,3358.432313205639,25.0,0.1289972958038993,4.5177524938278815,271.9,122.61202446217732,0.4509452904088905,0.35,2,0.52,2,0.52,3,0.0033707865168539,0.155,4,0,200,0.0009216357352483,0.8918739571938232,1,1,-0.121213518150978,1.004582951420715
normal_00226,0.033494708,0.0330243639999999,0.0146001709229031,0.0055752257710722,0.004181111,0.3534891391095373,2.1556390622223534,0.0,0.9853998290770968,5,4.8,1.6,3.0,24,8,1.6,4.8,0.5,0.0,0.7219280948844771,0.0,0.0,0.0,0.0,0.0,-1.4428232973175177e-12,169.6,90.43118930988356,0.5332027671573324,0.4,1,1.0,1,1.0,2,0.0833333333333333,0.4,2,0,5,0.0303030303030303,0.9249567892425036,1,1,-0.5281135616320121,0.9696969696969696
normal_00227,16.001013634,16.000783638,1.2416160591102204e-05,1.3746612078523018e-05,2.337648165,0.1168766839368219,2.321928094880149,0.0,0.999987583839409,5,4.0,1.0,4.0,20,5,1.0,4.0,0.8,0.0,1.5219280948830345,0.0,0.0,0.0,0.0,0.0,-1.4428232973175177e-12,300.0,126.8838051131822,0.4229460170439406,0.4,2,0.6,2,0.6,2,0.1,0.0,3,0,5,0.0384615384615384,0.8945578231292517,1,1,0.0,0.9615384615384616
normal_00228,0.0126622419999999,0.0120553919999999,0.0475201211087929,0.0090627015412743,-0.000584322,0.5001414983587275,2.845350936610895,0.0,0.952479878891207,5,1.0,2.2,0.4545454545454545,5,11,2.2,1.0,0.3636363636363636,0.0,0.7219280948844771,0.0,0.0,0.0,0.0,0.0,-1.4428232973175177e-12,289.0,123.65880478154396,0.4278851376524012,0.0,1,1.0,1,1.0,1,0.2,0.0,2,2,5,0.0588235294117647,0.6458333333333334,1,1,0.0,0.9411764705882352
normal_00232,28.047814012000003,28.047397108,4.523544070500952e-05,7.930414575348884e-05,-6.240480412999999,0.6342540082104452,3.463280517792056,0.0,0.999954764559295,5,2.6,4.2,0.6190476190476191,13,21,4.2,2.6,0.5714285714285714,0.0,1.5219280948830345,0.0,0.0,0.0,0.0,0.0,-1.4428232973175177e-12,245.0,136.15248804190102,0.5557244409873511,0.2,1,1.0,1,1.0,1,0.0769230769230769,0.2,3,0,5,0.0484330484330484,0.8477303000030273,1,1,-0.6596949055594205,1.2592592592592593
normal_00233,0.0453308347,0.04494343335,0.0495581874284644,0.0903791796710893,8.304208966474161e-05,0.7203265631150841,3.944593563885632,0.0093959731543624,0.9504418125715356,200,2.56,3.725,0.687248322147651,512,745,3.725,2.56,0.6281879194630873,0.0099999999999999,1.694934028923626,0.0,0.0,0.0,0.0,0.0,-1.4428232973175177e-12,273.86,132.093314055218,0.4823388375637844,0.285,1,1.0,1,1.0,1,0.001953125,0.165,4,0,97,0.001286417802303,0.7829804316352131,1,1,-0.6091853786678476,1.2709807886754296
normal_00234,0.014917266,0.014474006,0.0923318092551973,0.0928884947849607,-0.008977873,0.5478524811997454,3.403701696038593,0.0,0.9076681907448024,5,1.0,4.0,0.25,5,20,4.0,1.0,0.2,0.0,0.9709505944517832,0.0,0.0,0.0,0.0,0.0,-1.4428232973175177e-12,349.4,109.65080939053756,0.3138260142831642,0.2,1,1.0,1,1.0,1,0.2,0.0,2,0,2,0.0384615384615384,0.8677489177489177,1,1,0.0,0.9615384615384616
normal_00235,5.315105702,5.314999869999999,1.991126223488001e-05,1.450655621217378e-05,-8.583399999997355e-05,1.2919511134340153e-05,2.321928094880149,0.0,0.9999800887377652,5,1.0,1.0,1.0,5,5,1.0,1.0,0.8,0.0,1.5219280948830345,0.0,0.0,0.0,0.0,0.0,-1.4428232973175177e-12,230.2,144.09441349337592,0.6259531428904255,0.2,1,1.0,1,1.0,1,0.2,0.2,3,0,5,0.0909090909090909,0.0,1,1,0.0,0.9090909090909092
normal_00237,3.444491226,3.44400165,0.0004613248417248,0.0007309803368089,-1.761331286,0.6157262881531504,3.8279097821208863,0.0,0.999538675158275,5,1.6,4.6,0.3478260869565218,8,23,4.6,1.6,0.1739130434782608,0.0,1.921928094881592,0.0,0.0,0.0,0.0,0.0,-1.4428232973175177e-12,273.6,149.9309841226956,0.5479933630215482,0.4,2,0.6,2,0.6,2,0.25,0.0,2,0,3,0.03125,0.892854059520726,1,1,-0.5302328671847903,0.96875
normal_00238,0.164900878,0.16458702,0.0019057327795143,0.0016101227609924,-0.0003482159999999,0.5248870232901718,2.751629167376281,0.0,0.9980942672204856,5,1.0,2.4,0.4166666666666667,5,12,2.4,1.0,0.3333333333333333,0.0,0.7219280948844771,0.0,0.0,0.0,0.0,0.0,-1.4428232973175177e-12,282.2,177.63924116027965,0.6294799474141731,0.4,1,1.0,1,1.0,1,0.2,0.4,2,0,5,0.0555555555555555,0.6752136752136753,1,1,0.0,0.9444444444444444
normal_00239,0.0015024,0.001107358,0.2848933336759199,0.2343436475736051,-0.00029,0.5151179654637433,2.4193819456377152,0.0,0.7151066663240799,5,1.0,1.8,0.5555555555555556,5,9,1.8,1.0,0.3333333333333333,0.0,0.7219280948844771,0.0,0.0,0.0,0.0,0.0,-1.4428232973175177e-12,382.0,111.05404089901457,0.2907173845523941,0.2,2,0.6,2,0.6,3,0.6,0.0,3,0,4,0.0583333333333333,0.6818181818181818,1,1,0.0,0.875
normal_00240,5.058738778,5.0583228380000005,8.361152385135515e-05,6.532257344700484e-05,0.964409514,0.1525263681084165,2.321928094880149,0.0,0.9999163884761486,5,5.6,1.0,5.6,28,5,1.0,5.6,0.8,0.0,1.5219280948830345,0.0,0.0,0.0,0.0,0.0,-1.4428232973175177e-12,298.0,118.3997466213505,0.3973145859776862,0.6,2,0.6,2,0.6,2,0.0714285714285714,0.0,3,0,5,0.0294117647058823,0.9261581330546848,1,1,0.0,0.9705882352941176
normal_00242,19.136437722,19.136174726,2.9414678333947955e-05,2.5078598410125847e-05,-4.557639384000001,0.727837041085181,3.7294461948836153,0.0434782608695652,0.9999705853216658,5,1.0,4.6,0.2173913043478261,5,23,4.6,1.0,0.1739130434782608,0.0,1.5219280948830345,0.0,0.0,0.0,0.0,0.0,-1.4428232973175177e-12,283.6,153.77516054291732,0.5422255308283402,0.2,2,0.8,1,1.0,2,0.4,0.2,4,0,2,0.0344827586206896,0.9079365079365078,1,1,0.0,0.9655172413793104
normal_00243,0.05025606915,0.04987434535,0.0639129700388578,0.0902537119653244,6.666018404710125e-05,0.8304800357191373,3.856824896410029,0.0063938618925831,0.936087029961142,200,1.9,3.91,0.4859335038363171,380,782,3.91,1.9,0.4846547314578005,0.0016666666666666,1.696195265292724,38.64277777777778,699.0653266331658,1028.4811120008385,0.0,0.1906841853861517,4.3819672180433855,269.885,129.73080661866575,0.4806892069535756,0.335,1,1.0,1,1.0,1,0.0026315789473684,0.14,4,0,26,0.0012037633662279,0.8078866996491518,1,1,-0.5036043209856494,1.1820956256358088
normal_00244,4.43468166135,4.43428248205,0.004220169542728,0.0160220100986681,-0.0023368447286357,0.6343678632138317,3.685786955896993,0.0,0.995779830457272,200,1.25,1.21,1.0330578512396695,250,242,1.21,1.25,0.9669421487603306,0.0,1.785198658773915,176.00555555555556,3184.0201005025124,3774.675114589532,2.0,0.0848801385647707,4.518765155879818,275.94,128.8145267877726,0.4668207827345531,0.36,2,0.54,2,0.54,2,0.008,0.16,4,0,90,0.0023506254001318,0.3407566808729597,1,1,-0.1171114402630111,1.074235807860262
normal_00245,0.1030889599999999,0.102802164,0.0115278375783778,0.0118133755666043,-0.0748392489999999,0.7023667495732658,3.513784724206679,0.0,0.9884721624216224,5,1.0,5.4,0.1851851851851851,5,27,5.4,1.0,0.1481481481481481,0.0,0.9709505944517832,0.0,0.0,0.0,0.0,0.0,-1.4428232973175177e-12,218.2,117.18873666014152,0.5370702871683847,0.6,2,0.6,2,0.6,3,0.6,0.0,2,0,2,0.0303030303030303,0.9283882783882784,1,1,0.0,0.9696969696969696
normal_00248,22.158379655,22.157998528333334,2.0077307196007443e-05,2.206718823752912e-05,3.6400710362857134,0.1597146938799186,2.5849625007125,0.0,0.999979922692804,6,5.333333333333333,1.0,5.333333333333333,32,6,1.0,5.333333333333333,0.8333333333333334,0.0,1.459147917022917,0.0,0.0,0.0,0.0,0.0,-1.4428232973175177e-12,328.1666666666667,143.2514106969515,0.4365202966895423,0.3333333333333333,1,1.0,1,1.0,1,0.03125,0.0,4,2,6,0.0256410256410256,0.9256268983541712,1,1,3.0357432009429764e-08,0.9743589743589745
normal_00249,18.3228051911,18.32238665805,5.36268510943785e-05,0.0001197370590372,0.1612893467556663,0.4423995966701492,3.2062883892186864,0.0112781954887218,0.9999463731489056,200,5.225,1.33,3.928571428571428,1045,266,1.33,5.225,0.9962406015037594,0.0,1.7453940950197395,109.01527777777778,1972.13567839196,5155.580270572362,2.0,0.4466289923692828,4.453556320239528,272.915,134.60415733124395,0.4932090846279755,0.35,1,1.0,1,1.0,1,0.000956937799043,0.145,4,0,198,0.0008451140033649,0.8969605442358793,1,1,-0.3940997376580096,1.052166934189406
normal_00250,33.393169754,33.392811003999995,0.0002097616554894,0.0004537504766384,-8.188137878000001,0.6626978719523299,3.467720100457188,0.0,0.9997902383445106,5,1.0,2.8,0.3571428571428571,5,14,2.8,1.0,0.2857142857142857,0.0,0.9709505944517832,0.0,0.0,0.0,0.0,0.0,-1.4428232973175177e-12,331.2,155.21662282113988,0.4686492234937798,0.2,1,1.0,1,1.0,2,0.4,0.2,1,0,5,0.05,0.7493939393939395,1,1,0.0,0.95
normal_00253,0.00072406,0.0003742099999999,0.6908328513081494,0.3891994567419694,-0.000282425,0.7855505969613024,2.50325833476699,0.0,0.3091671486918506,5,1.6,1.8,0.888888888888889,8,9,1.8,1.6,0.1111111111111111,0.0,0.9709505944517832,0.0,0.0,0.0,0.0,0.0,-1.4428232973175177e-12,252.0,143.32306164745435,0.5687423081248189,0.4,2,0.8,2,0.8,3,0.375,0.0,2,1,2,0.0404761904761904,0.5625,1,1,-0.3580574370197166,0.8095238095238095
normal_00254,0.0268888165999999,0.0264840021,0.0904377500941294,0.0909784295369269,-0.0004539677241281,0.8508169972665967,3.658675090667133,0.0014347202295552,0.9095622499058706,200,1.0,3.485,0.2869440459110473,200,697,3.485,1.0,0.2855093256814921,0.0,1.796362132057142,41.50611111111111,750.8643216080402,891.1169811274418,8.0,0.085416721424139,4.450789129761137,272.935,132.51214327591978,0.4855080633701056,0.325,2,0.53,2,0.53,3,0.015,0.155,4,0,6,0.0011135857461024,0.8159999821890942,1,1,0.0,0.9988864142538976
normal_00256,0.6067844160000001,0.606445208,0.0005591842571615,0.0003848622917335,-0.00035627,0.0004699781550586,2.321928094880149,0.0,0.9994408157428384,5,1.0,1.0,1.0,5,5,1.0,1.0,0.8,0.0,0.9709505944517832,0.0,0.0,0.0,0.0,0.0,-1.4428232973175177e-12,239.8,124.43753453038197,0.5189221623452125,0.2,2,0.6,2,0.6,2,0.4,0.0,4,0,5,0.0909090909090909,0.0,1,1,0.0,0.9090909090909092
normal_00257,0.1381357808,0.13769077205,0.0295516316369223,0.0645413806604754,0.0001149704647941,0.769104827866998,3.92606268877841,0.0126939351198871,0.9704483683630776,200,2.605,3.545,0.7348377997179125,521,709,3.545,2.605,0.7221438645980254,0.00525,1.6281628859203052,36.37305555555555,658.0050251256281,1031.2320118607188,1.0,0.2209441177070919,4.312519960646707,292.885,133.11121195730928,0.4544828583140457,0.365,1,1.0,1,1.0,1,0.0019193857965451,0.165,4,0,47,0.0014611442541393,0.7369070091623502,1,1,-0.5960724103424647,1.3398692810457515
normal_00258,1.93399475305,1.93357409245,0.0010500987593615,0.0045184123235556,0.018216014621788,0.4563821196049896,3.40087822858682,0.0291666666666666,0.9989499012406384,200,1.845,1.2,1.5375,369,240,1.2,1.845,0.9958333333333332,0.0008333333333333,1.6472669121489647,122.00472222222224,2207.120603015075,2779.649758409279,33.0,0.1148096090052709,4.479649282935265,262.075,129.19448692673114,0.4929676120451441,0.33,1,1.0,1,1.0,1,0.002710027100271,0.13,4,0,173,0.00187771713995,0.5940938565938564,1,1,-0.188299807284357,1.068421052631579
normal_00259,0.327421924,0.326834106,0.0017956387078432,0.0003485348019715,-0.000568806,0.0013922806452765,2.321928094880149,0.0,0.9982043612921568,5,1.0,1.0,1.0,5,5,1.0,1.0,0.8,0.0,1.3709505944503406,0.0,0.0,0.0,0.0,0.0,-1.4428232973175177e-12,344.4,124.09794518846796,0.3603308513021718,0.2,2,0.6,2,0.6,2,0.4,0.0,3,0,5,0.0909090909090909,0.0,1,1,0.0,0.9090909090909092
normal_00261,0.567959646,0.567517468,0.0009293620245352,0.0007263892643779,0.141910694,0.4442383199031329,2.499999999991344,0.0,0.9990706379754648,5,5.0,1.6,3.125,25,8,1.6,5.0,0.875,0.0,0.9709505944517832,0.0,0.0,0.0,0.0,0.0,-1.4428232973175177e-12,277.2,154.39138577006167,0.5569674811329787,0.4,2,0.8,2,0.8,2,0.08,0.4,3,0,5,0.0354838709677419,0.8931414739107046,1,1,-0.5460423940478071,1.064516129032258
normal_00263,0.32917530215,0.32876297285,0.0341800688442607,0.0721689047499567,-0.0032610511167404,0.8414638547341156,3.888629669599552,0.0101651842439644,0.9658199311557392,200,2.545,3.935,0.6467598475222364,509,787,3.935,2.545,0.6442185514612452,0.0068333333333333,1.7357652371321444,2.158888888888889,39.05527638190955,80.93071644387928,0.0,0.3490027383677185,1.2954618442339936,291.57,127.17287367593364,0.4361658389955538,0.32,1,1.0,1,1.0,1,0.0019646365422396,0.165,4,0,24,0.0013263305264795,0.7560715659098223,1,1,-0.6076139547434218,1.3104145601617796
normal_00264,1.125899792,1.125483916,0.0006585654983747,0.0008061342211833,0.135004551,0.6023418403519859,3.499999999982687,0.0,0.9993414345016252,5,2.6,3.2,0.8125,13,16,3.2,2.6,0.6875,0.0,1.3709505944503406,0.0,0.0,0.0,0.0,0.0,-1.4428232973175177e-12,365.4,146.23029781820182,0.4001923859283027,0.0,2,0.6,2,0.6,2,0.1538461538461538,0.2,3,0,5,0.0573122529644268,0.857848324514991,1,1,-0.6249976675551627,1.2608695652173914
normal_00265,0.034934842,0.034420796,0.014742999616968,0.0046722658912453,-0.0004837399999999,0.0112429706738914,2.321928094880149,0.0,0.985257000383032,5,1.0,1.0,1.0,5,5,1.0,1.0,0.8,0.0,1.5219280948830345,0.0,0.0,0.0,0.0,0.0,-1.4428232973175177e-12,343.2,154.24882495500572,0.449442963155611,0.6,2,0.6,2,0.6,2,0.4,0.0,2,0,5,0.0909090909090909,0.0,1,1,0.0,0.9090909090909092
normal_00267,0.003526078,0.0030411319999999,0.2000377231497321,0.2081420697593009,-0.000686792,0.4267376095480236,3.303701696040035,0.0,0.7999622768502679,5,4.6,4.0,1.15,23,20,4.0,4.6,0.4,0.0,1.5219280948830345,0.0,0.0,0.0,0.0,0.0,-1.4428232973175177e-12,238.2,154.77952060915553,0.6497880798033397,0.2,2,0.6,2,0.6,2,0.0869565217391304,0.0,3,0,4,0.0275641025641025,0.9257770800627944,1,1,-0.8122336861618791,1.075
normal_00268,0.094861738,0.0942977419999999,0.0113782741387798,0.0082060877887461,-0.0258382049999999,0.4200573661971369,1.5566567074584952,0.0,0.9886217258612202,5,1.6,1.4,1.142857142857143,8,7,1.4,1.6,0.5714285714285714,0.0,1.921928094881592,0.0,0.0,0.0,0.0,0.0,-1.4428232973175177e-12,334.2,150.63598507660777,0.4507360415218664,0.2,2,0.8,2,0.8,3,0.375,0.0,1,2,3,0.0625,0.5584415584415585,1,1,-0.3015113445777638,0.9375
normal_00269,7.192898998000001,7.192679912,0.000118897931604,0.000131913613912,-2.139166246,0.7097605079498869,3.702471512198106,0.0,0.999881102068396,5,1.0,5.8,0.1724137931034483,5,29,5.8,1.0,0.1379310344827586,0.0,0.9709505944517832,0.0,0.0,0.0,0.0,0.0,-1.4428232973175177e-12,376.6,35.295892112255785,0.0937224963150711,0.2,2,0.6,2,0.6,2,0.4,0.2,3,0,2,0.0285714285714285,0.9303907203907203,1,1,0.0,0.9714285714285714
normal_00270,0.175433604,0.174973982,0.0121545395409483,0.0232555834387388,-0.0328266729999999,0.6532495506960576,3.2028195311003564,0.0,0.9878454604590516,5,3.0,3.2,0.9375,15,16,3.2,3.0,0.625,0.0,0.7219280948844771,0.0,0.0,0.0,0.0,0.0,-1.4428232973175177e-12,228.2,117.01581089750222,0.5127774360100886,0.4,2,0.8,2,0.8,3,0.2,0.0,2,1,4,0.0476923076923076,0.8827149041434756,1,1,-0.5772750996650987,1.1923076923076923
normal_00271,0.2979890239999999,0.2975273099999999,0.0015496106064206,0.0007017777090717,-0.0004130709999999,0.4864775325544521,2.2998963911592347,0.0,0.9984503893935792,5,1.0,2.2,0.4545454545454545,5,11,2.2,1.0,0.3636363636363636,0.0,0.9709505944517832,0.0,0.0,0.0,0.0,0.0,-1.4428232973175177e-12,209.0,176.13489148944907,0.8427506769830099,0.0,2,0.8,2,0.8,2,0.4,0.2,3,0,5,0.0588235294117647,0.6458333333333334,1,1,0.0,0.9411764705882352
normal_00272,0.091413046,0.0910545379999999,0.0039217521517634,0.0022645488833329,-0.000327303,0.0028756655708912,2.321928094880149,0.0,0.9960782478482364,5,1.0,1.0,1.0,5,5,1.0,1.0,0.8,0.0,1.3709505944503406,0.0,0.0,0.0,0.0,0.0,-1.4428232973175177e-12,366.8,125.21461576030173,0.3413702719746502,0.4,2,0.8,1,1.0,2,0.4,0.2,2,0,5,0.0909090909090909,0.0,1,1,0.0,0.9090909090909092
normal_00273,0.788498742,0.7881873739999999,0.0003948581718075,0.0002467956974257,-0.0002669149999999,0.000270915276042,1.921928094881592,0.0,0.9996051418281924,5,1.0,1.0,1.0,5,5,1.0,1.0,0.8,0.0,0.9709505944517832,2.5722222222222224,2315.0,2352.4675343137046,524.0,0.0080273797382103,0.9709505944517832,361.4,111.9008489690762,0.3096315688131605,0.2,1,1.0,1,1.0,1,0.2,0.0,3,0,5,0.0909090909090909,0.0,1,1,0.0,0.9090909090909092
normal_00274,1.7662112639999996,1.765752318,0.0002897142170081,0.0001529037383294,0.2550194649999999,0.5257783222531934,3.277613436804688,0.0,0.999710285782992,5,5.2,2.2,2.3636363636363638,26,11,2.2,5.2,0.9090909090909092,0.0,1.3709505944503406,0.0,0.0,0.0,0.0,0.0,-1.4428232973175177e-12,239.2,80.49037209505246,0.3364982110997176,0.0,2,0.6,2,0.6,2,0.0769230769230769,0.0,4,0,5,0.0372983870967741,0.931999481999482,1,1,-0.6581028910471967,1.15625
normal_00275,0.1307704954,0.1303488858,0.0360175297508702,0.0697586890961299,-0.002201745523783,0.8576091344826022,3.598453613829163,0.0047755491881566,0.9639824702491298,200,1.0,5.235,0.1910219675262655,200,1047,5.235,1.0,0.1900668576886341,0.0,1.7565050273536944,142.7913888888889,2583.1608040201004,4495.086673835983,11.0,0.2701128882251207,4.473003528461179,280.345,128.8797342661856,0.459718326583979,0.335,2,0.545,2,0.545,2,0.01,0.12,4,0,5,0.000801282051282,0.8998162143200307,1,1,0.0,0.999198717948718
normal_00276,1.3588828179999997,1.3585730039999997,0.0002484757123441,0.0001982331027481,0.092171242,0.4325936657578396,3.175123135099034,0.0,0.9997515242876558,5,4.6,3.4,1.352941176470588,23,17,3.4,4.6,0.8823529411764706,0.0,0.7219280948844771,0.0,0.0,0.0,0.0,0.0,-1.4428232973175177e-12,310.4,139.19339064768843,0.448432315230955,0.0,1,1.0,1,1.0,1,0.0434782608695652,0.2,2,0,5,0.0459770114942528,0.8331868131868131,1,1,-0.8229288451065719,1.3333333333333333
normal_00277,0.03453772755,0.03414815095,0.098789973154577,0.1078240502590291,-0.0005962436437335,0.9013007629745584,3.5761335310691043,0.0,0.9012100268454232,200,1.025,2.775,0.3693693693693693,205,555,2.775,1.025,0.3675675675675676,0.0,1.7821644338631777,297.81694444444446,5387.643216080402,5475.383766026637,31.0,0.0080769890464928,4.484754546453943,258.69,133.4198568090776,0.5157518914881812,0.33,1,1.0,1,1.0,1,0.0048780487804878,0.185,4,0,20,0.001331511265286,0.7560430077516407,1,1,-0.09172336821195,1.0052910052910051
normal_00279,6.08139656,6.081022196,7.206135474831823e-05,6.163302429514752e-05,0.9429843720000002,0.1240687277372996,0.9709505944517832,0.0,0.9999279386452518,5,2.4,1.0,2.4,12,5,1.0,2.4,0.8,0.0,1.5219280948830345,0.0,0.0,0.0,0.0,0.0,-1.4428232973175177e-12,285.0,117.38185549734678,0.4118661596398132,0.4,1,1.0,1,1.0,1,0.0833333333333333,0.2,4,1,5,0.0555555555555555,0.6581196581196581,1,1,0.0,0.9444444444444444
normal_00280,160.50444704800003,160.504205284,1.506274340660232e-06,1.7410897378316943e-06,-0.0002593410000031,1.2926315523177951e-06,2.321928094880149,0.0,0.9999984937256594,5,1.0,1.0,1.0,5,5,1.0,1.0,0.8,0.0,1.3709505944503406,0.0,0.0,0.0,0.0,0.0,-1.4428232973175177e-12,400.4,71.40938313695197,0.1783451127296502,0.4,1,1.0,1,1.0,1,0.2,0.0,1,2,5,0.0909090909090909,0.0,1,1,0.0,0.9090909090909092
normal_00281,0.8192010976,0.8188019665499999,0.0005131978880357,0.0003261771404084,0.0028716224276531,0.1200983067298782,2.0793113311415774,0.005,0.9994868021119644,200,1.095,1.0,1.095,219,200,1.0,1.095,0.995,0.0,1.6973388679299604,110.3875,1996.9597989949748,2370.613151054326,9.0,0.0855517140372282,4.449059496696099,276.115,132.22913634100254,0.4788915355594681,0.34,2,0.52,2,0.52,2,0.0091324200913242,0.145,4,0,200,0.0023809523809523,0.1115151515151515,1,1,0.0,0.9976190476190476
normal_00283,0.379190444,0.37865149,0.0020473065050204,0.0018110943625261,-0.088749062,0.321293409541317,1.7499999999942293,0.0,0.9979526934949796,5,1.8,1.6,1.125,9,8,1.6,1.8,0.5,0.0,0.9709505944517832,0.0,0.0,0.0,0.0,0.0,-1.4428232973175177e-12,206.8,70.06925145882465,0.3388261675958638,0.2,2,0.8,2,0.8,2,0.2222222222222222,0.0,3,2,3,0.0555555555555555,0.6239316239316239,1,1,-0.3580574370197166,0.9444444444444444
normal_00284,0.0904444233333333,0.0900863983333333,0.0500391874252925,0.0924744579900422,-0.0217697202097902,0.7100763269788358,3.838057155290673,0.0,0.9499608125747075,12,1.0,4.666666666666667,0.2142857142857142,12,56,4.666666666666667,1.0,0.1964285714285714,0.0,0.918295834051604,10.782222222222222,3528.7272727272725,4733.653962290731,230.0,0.1458328604418158,2.688721875530768,243.83333333333331,143.3925529531581,0.5880760886664036,0.4166666666666667,2,0.5833333333333334,2,0.5833333333333334,2,0.1666666666666666,0.25,3,0,3,0.0144927536231884,0.8488225225067331,1,1,0.0,0.9855072463768116
normal_00285,0.160832344,0.160591662,0.0015252414253649,0.0012499973892991,0.01624861,0.3708376824071973,2.4056390622209105,0.0,0.9984747585746352,5,3.2,1.6,2.0,16,8,1.6,3.2,0.875,0.0,0.9709505944517832,0.0,0.0,0.0,0.0,0.0,-1.4428232973175177e-12,318.6,113.16492389428802,0.3551943625056121,0.4,1,1.0,1,1.0,1,0.0625,0.0,1,0,5,0.0519480519480519,0.7219708396178985,1,1,-0.4561459900789761,1.0909090909090908
normal_00286,0.0569973009499999,0.0565873169,0.0089501680436097,0.0073507237744866,-0.0004103653384234,0.2417238242126297,4.126911188519538,0.015,0.9910498319563902,200,1.0,1.0,1.0,200,200,1.0,1.0,0.995,0.0,1.7607033742018934,0.8936111111111111,16.165829145728644,32.70098485125739,0.0,0.3383718796676326,0.9974015885648542,278.72,125.82124833534009,0.451425259526909,0.36,2,0.5,2,0.5,3,0.015,0.15,4,0,200,0.0024937655860349,0.0,1,1,0.0,0.9975062344139652
normal_00287,0.020808062,0.020401842,0.042059042148337,0.0433507509196177,-0.006916469,0.581680591389738,3.413660689670873,0.0,0.957940957851663,5,1.0,5.0,0.2,5,25,5.0,1.0,0.16,0.0,1.921928094881592,0.0,0.0,0.0,0.0,0.0,-1.4428232973175177e-12,161.0,74.90327095661443,0.4652377078050586,0.4,2,0.6,2,0.6,2,0.4,0.2,3,2,2,0.032258064516129,0.8865578865578866,1,1,0.0,0.967741935483871
normal_00288,3.556682802,3.55639894,0.0002102149126251,0.0003479924137239,-0.9302490780000008,0.6788974146353158,3.958229168645353,0.0,0.9997897850873748,5,1.0,5.4,0.1851851851851851,5,27,5.4,1.0,0.1481481481481481,0.0,1.3709505944503406,0.0,0.0,0.0,0.0,0.0,-1.4428232973175177e-12,326.2,137.92824221311602,0.42283336055523,1.0,1,1.0,1,1.0,1,0.2,0.2,2,0,2,0.0303030303030303,0.9242527313955886,1,1,0.0,0.9696969696969696
normal_00289,0.4295352419999999,0.4290369529999999,0.0012456921974215,0.0006201346765628,0.0301968856363636,0.1183443084446853,0.7219280948844771,0.0,0.9987543078025786,10,1.6,1.0,1.6,16,10,1.0,1.6,0.9,0.0,1.360964047439353,0.8013888888888889,320.55555555555554,247.07313856926885,49.0,-0.1294550781996365,0.4689955935863958,184.3,72.58106578930287,0.3938202158942098,0.2,2,0.8,2,0.8,2,0.125,0.0,3,2,10,0.037037037037037,0.4411764705882353,1,1,0.0,0.9629629629629628
normal_00291,1.3111030920000002,1.310727666,0.0002862943921019,0.000143357086561,-0.000322547,0.000196865914021,2.321928094880149,0.0,0.999713705607898,5,1.0,1.0,1.0,5,5,1.0,1.0,0.8,0.0,0.7219280948844771,0.0,0.0,0.0,0.0,0.0,-1.4428232973175177e-12,315.2,106.67098949573872,0.3384231900245517,0.2,2,0.6,2,0.6,3,0.6,0.0,3,0,5,0.0909090909090909,0.0,1,1,0.0,0.9090909090909092
normal_00292,0.0091031,0.008560446,0.0735858116228001,0.051566098525955,-0.001126433,0.5375983476795486,3.327819531098913,0.0,0.9264141883771998,5,2.2,3.2,0.6875,11,16,3.2,2.2,0.375,0.0,1.5219280948830345,0.0,0.0,0.0,0.0,0.0,-1.4428232973175177e-12,384.8,80.26020184375317,0.2085764081178616,0.2,1,1.0,1,1.0,1,0.0909090909090909,0.2,2,0,5,0.0415384615384615,0.8964678178963894,1,1,-0.5446914188068821,1.0384615384615383
normal_00293,2.261040974,2.2606243222,0.0004103012548713,0.0009696377633306,0.0214120699550588,0.3218227178529025,3.574993684900405,0.0049261083743842,0.9995896987451286,200,5.37,1.015,5.290640394088671,1074,203,1.015,5.37,0.9950738916256158,0.0,1.6365756465241852,7.706666666666667,139.41708542713567,424.57047986336113,1.0,0.5056022720808562,2.8724867503554385,264.07,135.5784743739501,0.5134186934295835,0.32,1,1.0,1,1.0,1,0.0009310986964618,0.115,4,0,200,0.0007861606180933,0.9029534857906962,1,1,-0.0976700411740032,1.0015686274509803
normal_00296,0.0904328132,0.0900326245,0.0554038614607029,0.07434295965604,-0.001408351842316,0.8715026295439295,3.742453846456753,0.0035087719298245,0.9445961385392972,200,1.5,2.85,0.5263157894736842,300,570,2.85,1.5,0.5245614035087719,0.006,1.6903415804493167,18.139444444444443,328.1507537688442,479.1007776686951,1.0,0.1869925519138275,4.072516257869568,271.61,123.93051181526674,0.4562811082628281,0.285,2,0.53,1,1.0,2,0.0066666666666666,0.14,4,0,17,0.0014654606094294,0.7394798135371948,1,1,-0.3820586756057915,1.1284046692607004
normal_00297,0.8271529235,0.8267153840499999,0.0020834811021893,0.0086282939376651,0.006725010221953,0.6102960121742642,3.4334568168936546,0.019197207678883,0.9979165188978106,200,4.165,2.865,1.4537521815008725,833,573,2.865,4.165,0.9773123909249564,0.01325,1.7207585102714251,3.073888888888889,55.60804020100503,76.0238466666107,0.0,0.1550977270890158,1.9104080368283904,290.355,131.3325556588289,0.4523171829616466,0.345,1,1.0,1,1.0,1,0.0012004801920768,0.175,4,0,183,0.0012862854163045,0.8042139226308582,1,1,-0.6768932954872692,1.344168260038241
normal_00298,53.34192716735001,53.3415318349,2.9744479579391897e-05,0.0001348700638011,0.551380144040996,0.5688655973783379,3.924053830908445,0.0093167701863354,0.9999702555204206,200,3.97,1.61,2.4658385093167703,794,322,1.61,3.97,0.9782608695652174,0.0,1.6678198349261315,112.33583333333333,2032.2060301507536,3091.593307447974,6.0,0.2067581510312819,4.432372284946267,276.1,128.73794035338673,0.4662728734276954,0.295,2,0.575,2,0.575,3,0.0037783375314861,0.13,4,0,184,0.0011148851148851,0.8615622274798304,1,1,-0.4357503373886291,1.1148851148851149
normal_00300,0.003663752,0.003360234,0.0829656107223389,0.0488597587064316,-0.000166245,0.0633110670268797,2.321928094880149,0.0,0.9170343892776612,5,1.8,1.0,1.8,9,5,1.0,1.8,0.8,0.0,1.921928094881592,0.0,0.0,0.0,0.0,0.0,-1.4428232973175177e-12,289.4,119.71340777039136,0.4136607041133081,0.4,1,1.0,1,1.0,1,0.1111111111111111,0.4,3,0,5,0.0666666666666666,0.5333333333333333,1,1,0.0,0.9333333333333332
normal_00301,0.047079006,0.046773168,0.0153828788125676,0.0166695230045813,-0.01396368,0.7414051428876449,3.6539967386455103,0.0,0.9846171211874324,5,1.0,4.6,0.2173913043478261,5,23,4.6,1.0,0.1739130434782608,0.0,0.7219280948844771,0.0,0.0,0.0,0.0,0.0,-1.4428232973175177e-12,442.2,61.45486148385659,0.1389752634189429,0.2,2,0.6,2,0.6,3,0.6,0.0,2,0,3,0.0344827586206896,0.8764730639730639,1,1,0.0,0.9655172413793104
normal_00303,0.0391027159999999,0.038743236,0.0112054281648861,0.0075304892606008,-0.006683478,0.3059933932725702,2.8278195311032417,0.0,0.9887945718351135,5,3.8,3.2,1.1874999999999998,19,16,3.2,3.8,0.6875,0.0333333333333333,1.3709505944503406,0.0530555555555555,47.75,42.14483954175173,4.0,-0.0623524162991019,-1.4428232973175177e-12,352.8,185.59418094326125,0.5260606035806724,0.2,2,0.6,2,0.6,2,0.1052631578947368,0.2,3,2,4,0.043103448275862,0.8149766899766898,1,1,-0.7043282544646575,1.206896551724138
normal_00304,2.752463098,2.752092818,0.0001336430705828,6.957704180395688e-05,0.433685686,0.4670221755257353,2.6416041678584947,0.0,0.9998663569294172,5,3.8,1.8,2.111111111111111,19,9,1.8,3.8,0.8888888888888888,0.0,1.921928094881592,0.0,0.0,0.0,0.0,0.0,-1.4428232973175177e-12,180.2,86.42453355384684,0.4796034048493166,0.4,2,0.6,2,0.6,3,0.1578947368421052,0.0,3,0,5,0.0466666666666666,0.7877622377622379,1,1,-0.5427063241548785,1.12
normal_00305,0.039460646,0.038959034,0.0437036310855555,0.0395152060436945,-0.0138778009999999,0.6448740515486084,3.484183719761877,0.0,0.9562963689144444,5,1.0,4.0,0.25,5,20,4.0,1.0,0.2,0.0,1.3709505944503406,0.0,0.0,0.0,0.0,0.0,-1.4428232973175177e-12,352.0,113.76071378116436,0.3231838459692169,0.2,1,1.0,1,1.0,1,0.2,0.0,1,1,2,0.0384615384615384,0.8217893217893218,1,1,0.0,0.9615384615384616
normal_00306,4.386498212,4.38592176,0.0001947063424044,0.0001943555284327,-1.008658205,0.3822674529424346,2.3898980954556315,0.0,0.9998052936575954,5,1.8,3.0,0.6,9,15,3.0,1.8,0.4,0.0,1.3709505944503406,0.0,0.0,0.0,0.0,0.0,-1.4428232973175177e-12,315.2,134.46077494942529,0.426588753012136,0.4,2,0.6,2,0.6,3,0.3333333333333333,0.2,3,0,3,0.0474308300395256,0.8454064454064454,1,1,-0.5325242619376501,1.0434782608695652
normal_00307,0.0004896099999999,0.000157698,0.7830500614404864,0.2816699105889105,-0.000131845,0.6688480513386347,1.921928094881592,0.0,0.2169499385595137,5,2.4,1.0,2.4,12,5,1.0,2.4,0.2,0.0,1.3709505944503406,0.0,0.0,0.0,0.0,0.0,-1.4428232973175177e-12,248.0,161.23430156142334,0.6501383127476748,0.4,1,1.0,1,1.0,1,0.0833333333333333,0.4,2,2,2,0.0404761904761904,0.5625,1,1,0.0,0.8095238095238095
normal_00308,0.11452695915,0.11411317885,0.0093431370175725,0.0209456516884957,0.0008705934160429,0.5996845667936599,3.717234402620555,0.0136986301369863,0.9906568629824276,200,4.5,1.825,2.4657534246575343,900,365,1.825,4.5,0.8794520547945206,0.0,1.7737349890284433,622.0286111111111,11252.778894472362,10345.477751699596,44.0,-0.0420080730420236,4.532320651724003,277.32,130.17965012448244,0.4694203451769884,0.36,2,0.515,2,0.515,2,0.0022222222222222,0.13,4,0,185,0.0009674271485295,0.8774000540420042,1,1,-0.5147507559897408,1.1057692307692308
normal_00310,0.02440225,0.023989184,0.0187184002162589,0.0126092654504921,0.003868287,0.3327566289874639,2.499999999991344,0.0,0.981281599783741,5,2.6,1.6,1.625,13,8,1.6,2.6,0.5,0.0,1.5219280948830345,0.0,0.0,0.0,0.0,0.0,-1.4428232973175177e-12,193.6,110.9157337801991,0.5729118480382185,0.4,1,1.0,1,1.0,3,0.2307692307692307,0.2,1,0,5,0.0454545454545454,0.8361344537815125,1,1,-0.4090479940519312,0.9545454545454546
normal_00311,0.159365234,0.159018974,0.014347692834811,0.0097760678954047,-0.133972492,0.794586034221719,3.438721875523554,0.0,0.9856523071651888,5,1.0,4.8,0.2083333333333333,5,24,4.8,1.0,0.1666666666666666,0.0,1.5219280948830345,0.0,0.0,0.0,0.0,0.0,-1.4428232973175177e-12,183.8,154.97483666711832,0.8431710373619059,0.2,2,0.6,2,0.6,3,0.6,0.0,2,0,2,0.0333333333333333,0.890989898989899,1,1,0.0,0.9666666666666668
normal_00314,0.582584628,0.582149,0.0101644992940541,0.0143413798990951,-0.28295286,0.8343478423684599,3.708132064638403,0.0,0.989835500705946,5,1.4,4.6,0.3043478260869565,7,23,4.6,1.4,0.2608695652173913,0.0,1.5219280948830345,0.7425,668.25,594.9951155261697,20.0,-0.0579894460492871,-1.4428232973175177e-12,335.8,84.71835692457685,0.2522881385484719,0.6,2,0.8,2,0.8,2,0.2857142857142857,0.2,3,0,3,0.0369458128078817,0.907912457912458,1,1,-0.5043791670487495,1.0344827586206895
normal_00316,0.94010701865,0.9397067501499998,0.0353183602986383,0.0737826982495017,-0.006654170221008,0.9150282781585972,3.865748895636166,0.0111111111111111,0.9646816397013618,200,2.345,4.05,0.5790123456790124,469,810,4.05,2.345,0.5740740740740741,0.0,1.6948413367562216,0.0,0.0,0.0,0.0,0.0,-1.4428232973175177e-12,281.315,134.92888793358884,0.4796363078171759,0.29,1,1.0,1,1.0,1,0.0021321961620469,0.15,4,0,26,0.001245154218045,0.7939736894282355,1,1,-0.583858828353276,1.2613412228796843
normal_00317,0.02418928035,0.0237632300499999,0.0602174743967923,0.0785179492193472,6.97834318607968e-06,0.5713525068276079,3.695318941630053,0.0,0.9397825256032076,200,1.075,1.145,0.9388646288209608,215,229,1.145,1.075,0.9170305676855895,0.0,1.6553731944120078,13.258888888888889,239.85929648241205,280.45953013173954,0.0,0.0780295303045704,3.814676467582552,278.28,129.0334832475469,0.4636822022694657,0.345,2,0.545,2,0.545,3,0.013953488372093,0.145,4,0,80,0.002362682389502,0.1881948298614966,1,1,-0.0566816002161364,1.023041474654378
normal_00318,5.818253034,5.817960857999999,5.0723252910405714e-05,4.032813750389477e-05,0.213215561,0.5182887617151448,3.506890595591207,0.0,0.9999492767470896,5,4.0,3.0,1.3333333333333333,20,15,3.0,4.0,0.7333333333333333,0.0,0.7219280948844771,0.0,0.0,0.0,0.0,0.0,-1.4428232973175177e-12,186.0,66.30610831590103,0.3564844533112958,0.4,2,0.6,2,0.6,3,0.15,0.0,3,1,5,0.043103448275862,0.8732744107744107,1,1,-0.7317128341589594,1.206896551724138
normal_00319,0.000500824,0.000160232,0.8149231471275169,0.2582487341016667,-5.776800000000001e-05,0.6683608767287433,1.3709505944503406,0.0,0.1850768528724831,5,2.4,1.0,2.4,12,5,1.0,2.4,0.0,0.0,1.5219280948830345,0.0,0.0,0.0,0.0,0.0,-1.4428232973175177e-12,297.0,112.62104599052525,0.3791954410455395,0.2,2,0.6,2,0.6,2,0.1666666666666666,0.0,2,0,1,0.0367965367965368,0.5294117647058824,1,1,0.0,0.7727272727272727
normal_00320,0.066940862,0.066270474,0.0100583024457944,0.0012045498881526,0.005627469,0.390532136528856,2.44643934466236,0.0,0.9899416975542056,5,1.8,2.0,0.9,9,10,2.0,1.8,0.4,0.0,1.3709505944503406,2.545555555555556,2291.0,809.252741731531,1517.0,-0.4779440199578355,1.5219280948830345,291.6,134.0011193983095,0.4595374464962602,0.2,1,1.0,1,1.0,1,0.1111111111111111,0.0,1,1,5,0.05,0.7851851851851852,1,1,-0.461538461538462,0.95
normal_00321,0.1128436579999999,0.11239437,0.0039858484357559,0.0015744867167363,-0.000486629,0.0034637250958387,2.321928094880149,0.0,0.996014151564244,5,1.0,1.0,1.0,5,5,1.0,1.0,0.8,0.0,1.5219280948830345,0.0,0.0,0.0,0.0,0.0,-1.4428232973175177e-12,343.8,154.09477603085705,0.4482105178326266,0.2,1,1.0,1,1.0,1,0.2,0.0,3,0,5,0.0909090909090909,0.0,1,1,0.0,0.9090909090909092
normal_00322,0.06177139355,0.0613430434999999,0.0948588678380346,0.1037663095244874,-0.0010351254299557,0.9135640295135814,3.6826290935771735,0.0,0.9051411321619652,200,1.1,3.82,0.2879581151832461,220,764,3.82,1.1,0.2866492146596858,0.0,1.6113368336743958,7.981666666666666,144.39195979899498,232.74895815727052,0.0,0.2342811245119834,3.042879875307266,258.42,132.85600169329817,0.5141088216596942,0.29,1,1.0,1,1.0,3,0.0136363636363636,0.17,4,0,7,0.0010577687958205,0.8374981880864235,1,1,-0.1995322678206207,1.0196891191709845
normal_00324,0.0027936719999999,0.002390482,0.1398688380683231,0.0875307926048935,0.000117604,0.3363766177699725,2.749999999989901,0.0,0.8601311619316767,5,3.8,1.6,2.375,19,8,1.6,3.8,0.5,0.0,0.9709505944517832,0.0,0.0,0.0,0.0,0.0,-1.4428232973175177e-12,293.8,75.54932163825166,0.2571454106135182,0.0,2,0.6,2,0.6,2,0.1052631578947368,0.0,2,0,5,0.0357142857142857,0.9193236714975844,1,1,-0.4379175625252245,0.9642857142857144
normal_00325,0.00325964,0.00307935,0.0733150827214384,0.0314922153112641,-0.001144972,0.5705172520174712,3.684183719758991,0.0,0.9266849172785616,5,1.0,4.0,0.25,5,20,4.0,1.0,0.2,0.0,0.9709505944517832,0.0,0.0,0.0,0.0,0.0,-1.4428232973175177e-12,297.0,141.77799547179387,0.4773669881205181,0.4,2,0.6,2,0.6,3,0.6,0.0,3,0,3,0.0384615384615384,0.8935374149659863,1,1,0.0,0.9615384615384616
normal_00326,21.32636754545,21.325955002,3.9586012631128094e-05,6.324968518220877e-05,0.2055545427153379,0.3212820712323283,3.654724210150657,0.01,0.9999604139873688,200,5.435,1.0,5.435,1087,200,1.0,5.435,0.995,0.0,1.6063219641405713,213.1811111111111,3856.542713567839,4338.159819558847,4.0,0.0587717618844727,4.494403680251061,279.675,126.05609892177722,0.4507235145142655,0.31,2,0.505,2,0.505,2,0.0018399264029438,0.15,4,0,200,0.0007763975155279,0.9077227766106446,1,1,0.0,0.999223602484472
normal_00327,114.65309498309998,114.6526527539,7.4491491955275484e-06,1.2174506329769594e-05,1.0524659141849848,0.4709139801770668,3.281081203412479,0.0,0.9999925508508044,200,4.795,1.335,3.5917602996254683,959,267,1.335,4.795,0.99625468164794,0.0,1.6603312253171754,1.7963888888888888,32.49748743718593,44.11586781059626,1.0,0.1516495438143163,1.115469975265736,273.39,127.97337152351452,0.4680982169191065,0.295,2,0.55,2,0.55,3,0.0031282586027111,0.16,4,0,196,0.0009119038410044,0.892455183705184,1,1,-0.3747087117764778,1.056896551724138
normal_00328,0.1266880747,0.12625917135,0.013416908398441,0.0229319869172215,-0.0014185894890197,0.52141548928486,2.6260416090900747,0.0473933649289099,0.9865830916015588,200,1.0,1.055,0.9478672985781992,200,211,1.055,1.0,0.943127962085308,0.0,1.7702288185698856,1.6166666666666667,29.246231155778894,73.77471256764765,0.0,0.4322274656249646,1.4297022214880812,278.77,129.6051099402067,0.4649177097256042,0.305,1,1.0,1,1.0,1,0.005,0.155,4,0,90,0.0024271844660194,0.0592243186582809,1,1,0.0,0.9975728155339806
normal_00330,1.8247026820000003,1.8242758340000005,0.0002339227907199,7.855240525495946e-05,-0.0004538289999999,0.0001990177106077,2.321928094880149,0.0,0.99976607720928,5,1.0,1.0,1.0,5,5,1.0,1.0,0.8,0.0,0.9709505944517832,0.0,0.0,0.0,0.0,0.0,-1.4428232973175177e-12,289.2,101.63021204346668,0.3514184372180728,0.6,1,1.0,1,1.0,1,0.2,0.2,3,0,5,0.0909090909090909,0.0,1,1,0.0,0.9090909090909092
normal_00331,0.0107220359999999,0.0104645859999999,0.1032616968403165,0.1149071577447983,-0.0053669409999999,0.6383525986280458,3.764735178703865,0.0,0.8967383031596834,5,1.0,6.0,0.1666666666666666,5,30,6.0,1.0,0.1333333333333333,0.0,0.9709505944517832,0.0,0.0,0.0,0.0,0.0,-1.4428232973175177e-12,243.4,101.8739417122946,0.4185453644712186,0.2,1,1.0,1,1.0,1,0.2,0.2,1,0,2,0.0277777777777777,0.9340702308444244,1,1,0.0,0.9722222222222222
normal_00332,1.411528748,1.4110678380000004,0.0006645304408791,0.000835905204934,-0.363944528,0.5345538684048834,3.2389012565882034,0.0,0.9993354695591208,5,1.0,2.6,0.3846153846153846,5,13,2.6,1.0,0.3076923076923077,0.0,1.3709505944503406,0.2597222222222222,233.75,106.95413736737817,160.0,-0.3721582708457074,-1.4428232973175177e-12,216.4,118.23408983876011,0.5463682524896494,0.4,2,0.6,2,0.6,2,0.4,0.4,3,0,3,0.0526315789473684,0.7045918367346938,1,1,0.0,0.9473684210526316
normal_00333,3.3779510540000004,3.377498726,0.0002964407899453,0.0002247623597872,-1.790990681,0.639590289456115,3.5395722619665246,0.0,0.9997035592100548,5,1.0,6.0,0.1666666666666666,5,30,6.0,1.0,0.1333333333333333,0.0,0.7219280948844771,0.0,0.0,0.0,0.0,0.0,-1.4428232973175177e-12,255.4,173.8082276533536,0.6805333894023242,0.4,1,1.0,1,1.0,1,0.2,0.2,2,2,2,0.0277777777777777,0.9315609122060732,1,1,0.0,0.9722222222222222
normal_00334,0.0019293359999999,0.001604878,0.2719193088268327,0.3527416336076579,-0.0001693059999999,0.5984108889200525,3.49922754711538,0.0,0.7280806911731672,5,1.8,3.4,0.5294117647058824,9,17,3.4,1.8,0.2352941176470588,0.0,0.7219280948844771,0.0,0.0,0.0,0.0,0.0,-1.4428232973175177e-12,297.4,123.32599077242396,0.4146805338682716,0.0,2,0.8,2,0.8,3,0.3333333333333333,0.0,2,1,2,0.037037037037037,0.8884297520661157,1,1,-0.5563486402641866,0.9629629629629628
normal_00335,0.100387804,0.100019424,0.0093371568885356,0.0134070756733,-0.029580109,0.6495074641146151,3.197159723409721,0.0,0.9906628431114642,5,1.0,3.6,0.2777777777777778,5,18,3.6,1.0,0.2222222222222222,0.0,1.5219280948830345,0.0,0.0,0.0,0.0,0.0,-1.4428232973175177e-12,279.0,149.04194040604813,0.5342005032474844,0.0,1,1.0,1,1.0,1,0.2,0.2,3,0,4,0.0416666666666666,0.7906432748538013,1,1,0.0,0.9583333333333334
normal_00336,8.3596e-05,4.2e-06,0.7744552319232978,0.3339059409925937,1.9e-06,-2.458508327631529e-16,-1.4428232973175177e-12,0.0,0.2255447680767022,5,1.0,4.2,0.238095238095238,5,21,4.2,1.0,0.0,0.0,1.3709505944503406,123.35083333333333,111015.75,91580.84730000864,2048.0,-0.09592906770893,2.321928094880149,153.4,118.020337230496,0.7693633457007562,0.2,1,1.0,1,1.0,1,0.2,0.2,3,0,1,0.0279569892473118,0.8461538461538461,1,1,0.0,0.8387096774193549
normal_00338,0.3375696976470589,0.3372364832352941,0.0196472532870329,0.0440619865558978,0.007280888670741,0.7386301874540543,3.981460804992267,0.0166666666666666,0.9803527467129672,34,1.411764705882353,1.7647058823529411,0.8,48,60,1.7647058823529411,1.411764705882353,0.7833333333333333,0.0,1.6855984800843604,0.0,0.0,0.0,0.0,0.0,-1.4428232973175177e-12,265.7647058823529,120.34975766956492,0.4528432670169552,0.2941176470588235,2,0.5294117647058824,2,0.5294117647058824,3,0.0625,0.1176470588235294,4,0,12,0.012094064949608,0.565630544319069,1,1,-0.2471146378987221,1.136842105263158
normal_00339,2.338757214,2.338513014,0.0001864965864466,0.0002478525941105,-0.703248083,0.5364802604298144,3.085055102743492,0.0769230769230769,0.9998135034135534,5,1.0,2.6,0.3846153846153846,5,13,2.6,1.0,0.3076923076923077,0.0,0.7219280948844771,0.0,0.0,0.0,0.0,0.0,-1.4428232973175177e-12,288.8,136.85284067201528,0.4738671768421581,0.8,2,0.6,2,0.6,2,0.4,0.2,2,0,3,0.0526315789473684,0.6452380952380953,1,1,0.0,0.9473684210526316
normal_00340,0.030708692,0.030360334,0.1669760381093735,0.3393668325643524,-0.012615118,0.7559096281916491,3.896291529021402,0.0,0.8330239618906263,5,1.0,5.6,0.1785714285714285,5,28,5.6,1.0,0.1428571428571428,0.0,1.3709505944503406,0.0,0.0,0.0,0.0,0.0,-1.4428232973175177e-12,239.2,128.63397684904248,0.5377674617434887,0.4,2,0.6,2,0.6,2,0.4,0.2,3,0,2,0.0294117647058823,0.925193580365994,1,1,0.0,0.9705882352941176
normal_00342,0.0200438152,0.01963694975,0.096099646251443,0.1015099207800016,-0.0003183774853896,0.8125793065437326,3.598463020945321,0.0032608695652173,0.903900353748557,200,1.62,4.6,0.3521739130434783,324,920,4.6,1.62,0.3489130434782608,0.0063333333333333,1.842633767838548,146.7711111111111,2655.1557788944724,3739.5102870279966,6.0,0.1695717175775776,4.446883284409141,277.08,130.65564699029375,0.4715448498278251,0.285,2,0.525,2,0.525,2,0.0061728395061728,0.13,4,0,20,0.0009872968858878,0.8458949288420765,1,1,-0.4835671124010567,1.107747105966162
normal_00344,0.5678314885714285,0.5673917014285714,0.0010728218624707,0.0009806247047136,-0.1364859478571428,0.4889944465004467,2.815072410104402,0.0,0.9989271781375292,7,1.0,1.8571428571428568,0.5384615384615384,7,13,1.8571428571428568,1.0,0.4615384615384615,0.0,1.950212064908976,0.0,0.0,0.0,0.0,0.0,-1.4428232973175177e-12,412.1428571428572,63.10158099294758,0.1531060890643442,0.2857142857142857,2,0.8571428571428571,2,0.8571428571428571,2,0.2857142857142857,0.1428571428571428,3,0,5,0.0476190476190476,0.5163265306122449,1,1,0.0,0.9523809523809524
normal_00345,0.037104641,0.03671176085,0.0681225864927291,0.1047230239675126,1.0608664891622517e-06,0.7971727331296862,3.863971952287432,0.0017574692442882,0.9318774135072708,200,1.54,2.845,0.5413005272407733,308,569,2.845,1.54,0.539543057996485,0.002,1.762629408894331,260.4266666666667,4711.236180904522,5681.4325825842325,39.0,0.0933539232086543,4.480381046744991,281.525,129.95677431728896,0.4616171718933983,0.345,2,0.52,1,1.0,3,0.0097402597402597,0.14,4,0,20,0.0014810936787529,0.7489037870861239,1,1,-0.361173783301133,1.138961038961039
normal_00346,1.470801822,1.470381768,0.0700948081976361,0.1562574938720337,-0.557637102,0.5421902976455055,2.4193819456377152,0.0,0.9299051918023638,5,1.0,1.8,0.5555555555555556,5,9,1.8,1.0,0.4444444444444444,0.0,0.7219280948844771,0.0,0.0,0.0,0.0,0.0,-1.4428232973175177e-12,258.0,149.71138901232598,0.5802767015981627,0.4,1,1.0,1,1.0,1,0.2,0.0,2,0,3,0.0666666666666666,0.4666666666666666,1,1,0.0,0.9333333333333332
normal_00347,0.00675561,0.006392144,0.1395340229306892,0.140488851813436,-0.002552457,0.6224001461794354,3.349275070693401,0.0,0.8604659770693107,5,1.0,5.0,0.2,5,25,5.0,1.0,0.16,0.0,1.3709505944503406,0.0,0.0,0.0,0.0,0.0,-1.4428232973175177e-12,324.8,153.84147685198553,0.4736498671551278,0.2,1,1.0,1,1.0,1,0.2,0.4,3,0,2,0.032258064516129,0.9168831168831169,1,1,0.0,0.967741935483871
normal_00348,19.58580920335,19.585373654700003,2.8409610767703972e-05,2.32039284025496e-05,0.1530462545478737,0.2604847842399582,3.4340299697735936,0.0,0.9999715903892324,200,1.3,1.0,1.3,260,200,1.0,1.3,0.995,0.0,1.7042603768276343,49.84861111111111,901.78391959799,1040.913393132554,1.0,0.0716166500168839,4.437638870598395,263.545,135.7235883595255,0.5149920824129675,0.315,2,0.53,2,0.53,3,0.0115384615384615,0.13,4,0,200,0.0021691973969631,0.296855804901782,1,1,0.0,0.9978308026030368
normal_00349,0.0923038628499999,0.0919030128,0.0486360245817702,0.074836798225135,-0.001652557920618,0.8536577042512553,3.6542431614147386,0.0062176165803108,0.95136397541823,200,1.99,4.825,0.4124352331606217,398,965,4.825,1.99,0.4093264248704663,0.0039166666666666,1.7255662376216014,504.2069444444445,9121.331658291458,15551.545593680208,11.0,0.2606187300216434,4.456362063804798,278.25,119.15724799081136,0.4282380880172914,0.295,2,0.505,2,0.505,3,0.007537688442211,0.155,4,0,9,0.0009999589158479,0.8236567643994623,1,1,-0.5864767482925407,1.1669520547945205
normal_00350,0.151216516,0.1507670619999999,0.0094548463436917,0.0141338574932706,-0.0176472299999999,0.5071045663806862,3.3232314287817517,0.0,0.9905451536563084,5,2.6,3.0,0.8666666666666667,13,15,3.0,2.6,0.4666666666666667,0.0,1.5219280948830345,0.0,0.0,0.0,0.0,0.0,-1.4428232973175177e-12,313.0,68.81133627535509,0.21984452484139,0.0,2,0.8,2,0.8,2,0.1538461538461538,0.2,3,1,3,0.043076923076923,0.8135705564276993,1,1,-0.6035127523726591,1.0769230769230769
normal_00351,8.166286306000002,8.165866008,7.449815808109245e-05,7.336144077070313e-05,-2.4196622960000003,0.1684821082324362,1.5566567074584952,0.0,0.9999255018419188,5,1.6,1.4,1.142857142857143,8,7,1.4,1.6,0.5714285714285714,0.0,0.9709505944517832,0.7747222222222222,697.25,792.6605121361856,10.0,0.0640377468035909,0.7219280948844771,276.8,91.06975348599556,0.3290092250216602,0.2,2,0.6,2,0.6,3,0.375,0.0,2,1,3,0.0625,0.5584415584415585,1,1,-0.3015113445777638,0.9375
normal_00352,0.0010270919999999,0.0006725139999999,0.5216555831095386,0.3256537577351003,-0.0003945829999999,0.6244075902566285,3.5073801024048805,0.0,0.4783444168904614,5,1.0,5.2,0.1923076923076923,5,26,5.2,1.0,0.0384615384615384,0.0,1.921928094881592,0.0,0.0,0.0,0.0,0.0,-1.4428232973175177e-12,233.0,88.55789067045353,0.3800767839933628,0.2,1,1.0,1,1.0,2,0.4,0.2,2,0,2,0.0260504201680672,0.9829059829059827,1,1,0.0,0.8857142857142857
normal_00354,6.736077101320754,6.735690677547169,0.0159116757388347,0.0592953976994804,-0.1444033916321132,0.8496468212166007,3.8442729342726896,0.0196850393700787,0.9840883242611652,106,1.518867924528302,2.39622641509434,0.6338582677165354,161,254,2.39622641509434,1.518867924528302,0.6299212598425197,0.0,1.7055732975624038,31.33833333333333,1074.4571428571428,1528.1400024902443,2.0,0.174319279664216,4.255835363538831,269.3490566037736,127.2201722888189,0.4723245512456587,0.3113207547169811,1,1.0,1,1.0,1,0.0062111801242236,0.1886792452830188,4,0,6,0.0031932902431517,0.6680154921331386,1,1,-0.3336576088250222,1.149584487534626
normal_00355,0.310058656,0.309521278,0.005700720957137,0.0098627853324863,-0.056585617,0.4827316346891021,3.341446071148209,0.05,0.994299279042863,5,4.6,4.0,1.15,23,20,4.0,4.6,0.7,0.0333333333333333,1.3709505944503406,0.0,0.0,0.0,0.0,0.0,-1.4428232973175177e-12,201.6,188.76387366230855,0.9363287384043084,0.2,1,1.0,1,1.0,1,0.0434782608695652,0.4,2,0,5,0.0383244206773618,0.8248880429914913,1,1,-0.836986961033331,1.2647058823529411
normal_00356,0.76310131795,0.76271261005,0.0012175374050249,0.0025465526255931,0.0044422201753168,0.5595675800628189,3.681299148303694,0.017162471395881,0.998782462594975,200,4.47,4.37,1.022883295194508,894,874,4.37,4.47,0.9862700228832952,0.0185833333333333,1.7413992470669608,39.780277777777776,719.643216080402,892.3354588929529,1.0,0.1071306001088416,4.472764110515213,270.71,139.31871526148433,0.5146419240570512,0.355,1,1.0,1,1.0,1,0.0011185682326621,0.125,4,0,134,0.0014466546112115,0.6713509627926934,1,1,-0.8537650472888858,1.5985533453887883
normal_00357,3.0503164420000006,3.049930972,0.0001784357378875,0.0001402865328051,0.61297493,0.3652607714165671,2.3709505944460125,0.0,0.9998215642621124,5,4.6,2.0,2.3,23,10,2.0,4.6,0.7,0.0,1.921928094881592,0.0,0.0,0.0,0.0,0.0,-1.4428232973175177e-12,252.4,126.67399101630926,0.5018779358807816,0.4,1,1.0,1,1.0,1,0.0434782608695652,0.2,3,1,4,0.0354838709677419,0.9285159285159286,1,1,-0.6204904150879708,1.064516129032258
normal_00358,0.0099635974499999,0.00955046345,0.1390706478131896,0.1388210589678172,-6.644713420085503e-05,0.8028001735369994,3.578646230404209,0.0012515644555694,0.8609293521868103,200,1.0,3.995,0.2503128911138924,200,799,3.995,1.0,0.2415519399249061,0.0,1.6987788145054783,56.15916666666666,1015.9447236180904,1546.409169189242,1.0,0.2070223192277203,4.388605031569782,280.94,125.70311358044832,0.4474375794847595,0.35,2,0.525,2,0.525,3,0.015,0.105,4,0,12,0.0009881012432865,0.8637388872500532,1,1,0.0,0.993041749502982
normal_00359,2.583e-05,1.4e-06,0.8748934652995993,0.1155745965285585,2.0000000000000004e-07,1.3829109342927354e-16,-1.4428232973175177e-12,0.0,0.1251065347004006,5,1.0,1.4,0.7142857142857143,5,7,1.4,1.0,0.0,0.0,0.9709505944517832,0.0,0.0,0.0,0.0,0.0,-1.4428232973175177e-12,305.4,127.10153421575995,0.4161805311583496,0.2,2,0.6,2,0.6,3,0.6,0.2,3,0,1,0.0441176470588235,0.3333333333333333,1,1,0.0,0.7058823529411765
normal_00361,492.5640831725,492.56364862655,4.76985045350933e-06,1.3788351313819148e-05,5.750572686280546,0.4708206129546911,3.3203607839716303,0.0,0.9999952301495464,200,2.72,1.145,2.3755458515283845,544,229,1.145,2.72,0.9956331877729258,0.0,1.7945931072706935,13.100555555555555,236.99497487437185,360.8686685688404,0.0,0.2071938895314925,3.637200742685914,271.705,132.13134159676426,0.4863044169108565,0.35,2,0.52,2,0.52,2,0.0036764705882352,0.12,4,0,181,0.0013946020062062,0.7881717467038575,1,1,-0.2072789199754983,1.0375838926174497
normal_00362,0.17131637,0.1710341779999999,0.0016468419862822,0.0013929465631465,-0.0003340809999999,0.0015626397198812,2.321928094880149,0.0,0.9983531580137178,5,1.0,1.0,1.0,5,5,1.0,1.0,0.8,0.0,0.7219280948844771,0.0,0.0,0.0,0.0,0.0,-1.4428232973175177e-12,339.4,118.6899321762381,0.3497051625699414,0.6,1,1.0,1,1.0,1,0.2,0.0,2,0,5,0.0909090909090909,0.0,1,1,0.0,0.9090909090909092
normal_00363,0.06347573165,0.06308249515,0.0073455397781889,0.0056098247635207,-0.0003964149887422,0.2094638549225172,4.1475043385995045,0.045,0.9926544602218108,200,1.0,1.0,1.0,200,200,1.0,1.0,0.995,0.0,1.7837449445023386,21.464166666666667,388.2964824120603,426.4103970015784,2.0,0.046782364986226,4.350120866621065,298.52,125.9466250512853,0.4219034739758988,0.315,1,1.0,1,1.0,1,0.005,0.195,4,0,200,0.0024937655860349,0.0,1,1,0.0,0.9975062344139652
normal_00364,0.085769656,0.0853824179999999,0.0045172619522675,0.0013480145895173,-0.00038646,0.2739372274177438,1.6644977791946904,0.0,0.9954827380477324,5,1.0,1.4,0.7142857142857143,5,7,1.4,1.0,0.5714285714285714,0.0,1.3709505944503406,0.0,0.0,0.0,0.0,0.0,-1.4428232973175177e-12,237.0,98.18350166906862,0.4142763783505005,0.0,1,1.0,1,1.0,1,0.2,0.2,3,0,5,0.0769230769230769,0.4375,1,1,0.0,0.9230769230769232
normal_00366,0.0005999899999999,0.0001853,0.7787587922340945,0.2776300636159521,-5.2751e-05,0.6926965281525456,2.816340113840424,0.0,0.2212412077659055,5,1.0,3.6,0.2777777777777778,5,18,3.6,1.0,0.0,0.0,1.5219280948830345,0.0,0.0,0.0,0.0,0.0,-1.4428232973175177e-12,315.2,68.86000290444373,0.2184644762196819,0.0,1,1.0,1,1.0,1,0.2,0.0,2,0,1,0.0304232804232804,0.9130434782608696,1,1,2.8124494279669252e-08,0.8214285714285714
normal_00367,0.029041326,0.028503434,0.1251590222117948,0.1785360901922787,-0.0069757249999999,0.7943996116397768,3.621928094868607,0.0,0.8748409777882052,5,1.8,4.0,0.45,9,20,4.0,1.8,0.4,0.0,1.3709505944503406,0.0,0.0,0.0,0.0,0.0,-1.4428232973175177e-12,253.8,161.56484766185991,0.6365833241208034,0.4,2,0.6,2,0.6,3,0.3333333333333333,0.2,3,0,3,0.0446153846153846,0.8658246515389374,1,1,-0.5458494140949359,1.1153846153846154
normal_00368,0.21228159985,0.21188208295,0.0360046892287852,0.0875811166627378,0.0010380121618765,0.7865172501857454,3.834013118393945,0.0148514851485148,0.9639953107712148,200,2.82,3.03,0.9306930693069309,564,606,3.03,2.82,0.7854785478547854,0.002,1.75053908740954,6.860833333333333,124.11557788944724,203.9798780807852,0.0,0.2434178795776552,2.9166837978691498,275.995,127.36149231073767,0.461463042123001,0.305,1,1.0,1,1.0,1,0.00177304964539,0.15,4,0,93,0.0014655373261083,0.7685414035865944,1,1,-0.5788276480507285,1.308724832214765
normal_00369,3.2768995060000004,3.2764004200000003,0.0002498851860169,0.0001252217449739,-1.1648448010000003,0.6170013525014106,3.344698375143843,0.0,0.9997501148139832,5,1.0,4.2,0.238095238095238,5,21,4.2,1.0,0.1904761904761904,0.0,1.5219280948830345,0.0,0.0,0.0,0.0,0.0,-1.4428232973175177e-12,201.6,130.69927314258484,0.6483098866199645,0.4,2,0.6,2,0.6,3,0.6,0.2,3,0,2,0.037037037037037,0.9028433687524596,1,1,0.0,0.9629629629629628
normal_00370,0.828090284,0.827680078,0.0005109626186916,0.0002667897551181,0.140821842,0.1361765868188506,1.921928094881592,0.0,0.9994890373813085,5,3.8,1.0,3.8,19,5,1.0,3.8,0.8,0.0,0.9709505944517832,0.5330555555555555,479.75,232.64713086560943,88.0,-0.346861123421629,-1.4428232973175177e-12,315.6,104.93950638343978,0.3325079416458801,0.0,1,1.0,1,1.0,3,0.1578947368421052,0.2,4,0,5,0.04,0.8605952380952381,1,1,0.0,0.96
normal_00371,0.411698342,0.4111992279999999,0.0012121469520821,0.0004399984959353,-0.000454163,0.4416360324489715,2.046439344663802,0.1,0.998787853047918,5,1.0,2.0,0.5,5,10,2.0,1.0,0.4,0.0,1.5219280948830345,0.0,0.0,0.0,0.0,0.0,-1.4428232973175177e-12,319.4,138.13507881780066,0.4324830269812169,0.0,1,1.0,1,1.0,1,0.2,0.2,3,0,5,0.0625,0.6103896103896104,1,1,0.0,0.9375
normal_00372,0.5399280599,0.539534247,0.0334715261098202,0.0732795675169633,-0.0104752746379359,0.8975903189797506,3.770497691244069,0.0103092783505154,0.9665284738901798,200,1.115,5.335,0.2089971883786316,223,1067,5.335,1.115,0.2080599812558575,0.0,1.6010276102310603,1.2586111111111111,22.768844221105528,42.04779326866842,0.0,0.2974382781057488,0.9814538950307684,271.985,137.41177077944857,0.5052181950454936,0.35,1,1.0,1,1.0,1,0.0044843049327354,0.12,4,0,5,0.0008029598719247,0.8973415265550096,1,1,-0.2506982168162421,1.0173501577287063
normal_00373,0.0172980869,0.0169064394,0.1131562622666954,0.1326039052051331,-0.0001563316981474,0.82140589287731,3.67271359885732,0.0009775171065493,0.8868437377333045,200,1.375,5.115,0.2688172043010752,275,1023,5.115,1.375,0.2668621700879765,0.001,1.7126933987365152,141.99333333333334,2568.7236180904524,5279.783632405789,13.0,0.3454236490823045,4.369054015571976,272.56,130.68830692850526,0.4794845425906415,0.335,2,0.525,2,0.525,2,0.0072727272727272,0.16,4,0,16,0.0008656796051754,0.8804633590544646,1,1,-0.4213932333949542,1.059591836734694
normal_00374,104.90813018424998,104.90771924875,1.193506203931636e-05,2.49526486150612e-05,1.0849560878345383,0.3447248687096362,3.622628843732101,0.0,0.9999880649379606,200,4.66,1.0,4.66,932,200,1.0,4.66,0.995,0.0,1.7702622938402564,92.18277777777776,1667.6281407035176,2374.3871914848887,5.0,0.1748531345621397,4.43099946259294,285.645,132.00018644344988,0.4621127148854343,0.255,2,0.545,2,0.545,2,0.0021459227467811,0.13,4,0,200,0.0008826125330979,0.8923460069762323,1,1,0.0,0.999117387466902
normal_00375,0.0064269239999999,0.0058547439999999,0.0916252644334012,0.0273221396559513,-0.000620535,0.084790726972862,2.321928094880149,0.0,0.9083747355665988,5,1.0,1.0,1.0,5,5,1.0,1.0,0.8,0.0,0.9709505944517832,0.0,0.0,0.0,0.0,0.0,-1.4428232973175177e-12,271.4,71.38837440368003,0.2630374885913045,0.2,1,1.0,1,1.0,1,0.2,0.0,3,2,5,0.0909090909090909,0.0,1,1,0.0,0.9090909090909092
normal_00376,0.877251034,0.87692096,0.0003746219324722,0.0003886992812978,0.140600012,0.1285590601004679,0.7219280948844771,0.0,0.9996253780675278,5,2.4,1.0,2.4,12,5,1.0,2.4,0.8,0.0,0.7219280948844771,0.0,0.0,0.0,0.0,0.0,-1.4428232973175177e-12,280.4,140.869798040602,0.5023887233972968,0.2,2,0.6,2,0.6,2,0.1666666666666666,0.0,4,0,5,0.0555555555555555,0.6752136752136753,1,1,0.0,0.9444444444444444
normal_00377,0.52837842645,0.52797588725,0.0087722164574816,0.0581005783230905,0.0051721317302107,0.6467418172617567,3.6694086974286906,0.0167064439140811,0.9912277835425182,200,4.415,2.095,2.107398568019093,883,419,2.095,4.415,0.8926014319809069,0.0,1.699595858794379,3.453611111111111,62.47738693467337,88.0762474680107,0.0,0.1700315016299663,1.954556159517428,266.915,125.77961013865946,0.4712347007049415,0.34,2,0.5,2,0.5,2,0.0022650056625141,0.135,4,0,192,0.0010241839566538,0.8815731622304895,1,1,-0.5690088647679516,1.1542553191489362
normal_00378,0.376150304,0.37568156,0.0012796370457911,0.0006905334335318,0.067811771,0.1444026605937217,2.321928094880149,0.2,0.9987203629542089,5,6.4,1.0,6.4,32,5,1.0,6.4,0.8,0.0,0.9709505944517832,0.0,0.0,0.0,0.0,0.0,-1.4428232973175177e-12,313.4,149.77750164827827,0.4779116198094393,0.2,1,1.0,1,1.0,1,0.03125,0.0,3,2,5,0.0263157894736842,0.9368106640833912,1,1,0.0,0.9736842105263158
normal_00381,1.706215378,1.7059116360000002,0.0054155900577776,0.0091899475700091,-1.109957773,0.7016334600268043,3.803508854776037,0.0416666666666666,0.9945844099422224,5,1.8,4.8,0.375,9,24,4.8,1.8,0.3333333333333333,0.0,1.5219280948830345,0.0,0.0,0.0,0.0,0.0,-1.4428232973175177e-12,255.4,140.37200575613358,0.5496163107131307,0.2,2,0.6,2,0.6,1,0.1111111111111111,0.0,3,0,2,0.0379310344827586,0.8656285936285936,1,1,-0.555060193506054,1.1
normal_00383,0.485228244,0.4847350179999999,0.002681844593007,0.0035039501737827,-0.1189256579999999,0.693378005410233,3.802910079626644,0.0333333333333333,0.997318155406993,5,1.0,6.0,0.1666666666666666,5,30,6.0,1.0,0.1333333333333333,0.0,1.5219280948830345,0.0,0.0,0.0,0.0,0.0,-1.4428232973175177e-12,346.4,164.9130073705528,0.4760768111159146,0.2,2,0.6,2,0.6,3,0.6,0.2,3,1,2,0.0277777777777777,0.9330819717916492,1,1,0.0,0.9722222222222222
normal_00384,0.13560838375,0.13519556745,0.0643077838041623,0.0841960618883667,-0.0025618491527413,0.9130307482930085,3.7028076988893295,0.0011723329425556,0.9356922161958378,200,1.28,4.265,0.3001172332942556,256,853,4.265,1.28,0.2989449003516999,0.0,1.776184502947746,175.65416666666667,3177.6633165829144,3890.7373165691583,5.0,0.1008819444446595,4.504043696890165,272.61,133.0483642747287,0.4880538655028381,0.33,2,0.51,2,0.51,3,0.01171875,0.145,4,0,6,0.000999223326864,0.8395715655668822,1,1,-0.3315015084363945,1.0521821631878558
normal_00387,0.007941854,0.007533176,0.0510559289557243,0.0246795597374266,-0.000334703,0.0355444237596466,2.321928094880149,0.0,0.9489440710442756,5,1.0,1.0,1.0,5,5,1.0,1.0,0.8,0.0,0.7219280948844771,0.0,0.0,0.0,0.0,0.0,-1.4428232973175177e-12,279.0,66.85805860178712,0.2396346186443982,0.2,1,1.0,1,1.0,1,0.2,0.2,3,0,5,0.0909090909090909,0.0,1,1,0.0,0.9090909090909092
normal_00388,0.009803726,0.009453814,0.0978473628637768,0.1126150992055929,-0.003975263,0.7844942867956333,3.35631240478561,0.0,0.9021526371362232,5,1.0,5.6,0.1785714285714285,5,28,5.6,1.0,0.1428571428571428,0.0,1.921928094881592,0.0,0.0,0.0,0.0,0.0,-1.4428232973175177e-12,276.0,190.5190279210977,0.6902863330474553,0.2,2,0.6,2,0.6,2,0.4,0.0,2,2,3,0.0294117647058823,0.929302881027019,1,1,0.0,0.9705882352941176
normal_00390,0.0111260039999999,0.010642342,0.0665836709665937,0.0439192975873913,-0.003130257,0.5712695972908434,2.842370993165567,0.0,0.9334163290334064,5,1.4,2.8,0.5,7,14,2.8,1.4,0.2857142857142857,0.0,1.3709505944503406,0.0,0.0,0.0,0.0,0.0,-1.4428232973175177e-12,376.2,107.08734752527955,0.2846553629061126,0.4,2,0.6,2,0.6,2,0.2857142857142857,0.2,3,0,3,0.0454545454545454,0.7625668449197862,1,1,-0.3715840586511734,0.9545454545454546
normal_00391,0.3777249059999999,0.377160684,0.0016441293264608,0.0009032131916417,0.079615868,0.1688741618678368,2.321928094880149,0.0,0.9983558706735391,5,5.2,1.0,5.2,26,5,1.0,5.2,0.8,0.0,0.7219280948844771,0.1097222222222222,98.75,95.68274400329456,4.0,-0.0157754086762951,-1.4428232973175177e-12,299.8,150.72889570351134,0.5027648288976362,0.2,2,0.6,2,0.6,3,0.1153846153846153,0.0,3,0,5,0.03125,0.9231681898348564,1,1,0.0,0.96875
normal_00392,0.07976148,0.07931432,0.0133190273477825,0.0186948936979371,-0.042069549,0.5960770009753595,3.3086949695469725,0.05,0.9866809726522175,5,1.0,4.0,0.25,5,20,4.0,1.0,0.2,0.0,1.3709505944503406,0.3327777777777778,299.5,242.9161377924489,77.0,-0.1043181761476324,0.9709505944517832,343.6,72.21703400168136,0.2101776309711331,0.4,2,0.8,2,0.8,2,0.4,0.2,2,0,2,0.0384615384615384,0.8217893217893218,1,1,0.0,0.9615384615384616
normal_00393,0.002865192,0.0024489299999999,0.1591199253015231,0.144834671894344,0.000552733,0.1973949439142808,2.321928094880149,0.0,0.840880074698477,5,3.8,1.0,3.8,19,5,1.0,3.8,0.8,0.0,1.3709505944503406,0.0,0.0,0.0,0.0,0.0,-1.4428232973175177e-12,333.8,90.00111110425249,0.2696258571127995,0.6,1,1.0,1,1.0,1,0.0526315789473684,0.2,3,0,5,0.04,0.8555555555555557,1,1,0.0,0.96
normal_00394,0.0012696019999999,0.00080257,0.4263128714530392,0.2642836087130741,-0.000160501,0.618441901225646,3.4864405016773885,0.0,0.5736871285469608,5,1.0,4.8,0.2083333333333333,5,24,4.8,1.0,0.0416666666666666,0.0,0.7219280948844771,0.0,0.0,0.0,0.0,0.0,-1.4428232973175177e-12,217.2,100.64641076561053,0.4633812650350392,0.4,2,0.8,2,0.8,2,0.4,0.4,4,0,2,0.0274621212121212,0.9805194805194803,1,1,0.0,0.8787878787878788
normal_00395,5.8350540854,5.834664588650001,0.023720686456869,0.0521577662543697,-0.1036605121486462,0.939375978353938,3.92781584422901,0.0026007802340702,0.9762793135431308,200,2.215,3.845,0.576072821846554,443,769,3.845,2.215,0.5708712613784135,0.0,1.6658428905913296,23.95111111111111,433.286432160804,895.4446655781675,3.0,0.3478192346094651,4.227320363724496,267.52,122.3743724608052,0.4574400884449955,0.315,1,1.0,1,1.0,1,0.0022573363431151,0.14,4,0,13,0.0012815144709629,0.7983394857262911,1,1,-0.5557794227527976,1.2456320657759508
normal_00396,0.194466328,0.1940945431999999,0.0023689509872732,0.0019328883717841,0.0127125436846153,0.2759402603545219,1.3234669541426176,0.0,0.9976310490127268,25,1.48,1.0,1.48,37,25,1.0,1.48,0.96,0.0,1.682292189076644,3.1108333333333333,466.625,304.5850746644249,7.0,-0.2101112662539881,1.7566238110735926,306.4,138.5920271877138,0.4523238485238701,0.2,2,0.56,2,0.56,3,0.081081081081081,0.2,4,0,25,0.0158730158730158,0.3943191311612364,1,1,0.0,0.984126984126984
normal_00397,6.480485853999999,6.480091010000001,0.0001527758289789,0.0001196429096865,-0.6801926109999997,0.7433139157072747,3.588354347154477,0.0,0.999847224171021,5,1.0,4.6,0.2173913043478261,5,23,4.6,1.0,0.1739130434782608,0.0,1.5219280948830345,0.0,0.0,0.0,0.0,0.0,-1.4428232973175177e-12,287.6,130.0818972801366,0.4523014509045082,0.6,2,0.6,2,0.6,2,0.4,0.2,2,0,2,0.0344827586206896,0.907010582010582,1,1,0.0,0.9655172413793104
normal_00398,127.37601955465,127.37558623205,6.945937632529827e-06,1.2340258270936705e-05,1.1837057380853442,0.3315593530266055,3.458134975780769,0.0,0.9999930540623674,200,5.41,1.035,5.2270531400966185,1082,207,1.035,5.41,0.9951690821256038,0.0,1.7434093436965636,465.6408333333333,8423.653266331658,7676.304460888597,24.0,-0.0464193023426089,4.498368859654725,287.77,135.75690326432613,0.4717548850273695,0.31,2,0.545,2,0.545,3,0.0027726432532347,0.155,4,0,200,0.0007836790478633,0.903163887512918,1,1,-0.1404460644405847,1.004676539360873
normal_00399,0.0097280719,0.0093120859,0.1282088620308698,0.1396445187958122,-2.0417692657316423e-05,0.7644043360836128,3.7640702196012814,0.0,0.8717911379691301,200,1.175,5.27,0.2229601518026565,235,1054,5.27,1.175,0.215370018975332,0.0,1.707319995057074,7.533055555555555,136.27638190954775,203.75919128998973,0.0,0.1984580870332709,2.927202816342202,264.01,127.49649674958556,0.4829229830293761,0.335,2,0.555,2,0.555,3,0.0127659574468085,0.11,4,0,9,0.0008099877967703,0.8966107443508575,1,1,-0.2953204017702366,1.0213946117274169
normal_00400,0.01844780265,0.0180488395999999,0.1092849478898257,0.1330313610506823,-0.0001280238444761,0.8344637100457011,3.706624758149095,0.0011037527593818,0.8907150521101742,200,1.305,4.53,0.2880794701986754,261,906,4.53,1.305,0.2858719646799117,0.0,1.7750808677152456,40.321666666666665,729.4371859296482,745.8652961656292,0.0,0.0111354182856448,4.410957348489933,282.87,131.37289403233896,0.4644285149798103,0.27,2,0.525,2,0.525,2,0.0076628352490421,0.095,4,0,21,0.0009514445324958,0.8706912091823988,1,1,-0.3528630801752691,1.0532490974729245
normal_00401,1.11899672,1.118673052,0.0003041558551155,0.0002407191092112,0.233251516,0.1668058531189144,2.321928094880149,0.0,0.9996958441448844,5,5.8,1.0,5.8,29,5,1.0,5.8,0.8,0.0,1.5219280948830345,0.0,0.0,0.0,0.0,0.0,-1.4428232973175177e-12,257.6,118.52130610147697,0.460098237971572,0.6,2,0.8,2,0.8,3,0.1034482758620689,0.0,2,0,5,0.0285714285714285,0.927169127169127,1,1,0.0,0.9714285714285714
normal_00402,5.096800000000001e-05,3.2e-06,0.9290218406015556,0.0438041452831992,-8.470329472543004e-23,-2.1175823681357504e-16,-1.4428232973175177e-12,0.0,0.0709781593984444,5,1.0,3.2,0.3125,5,16,3.2,1.0,0.0,0.0,1.3709505944503406,0.0,0.0,0.0,0.0,0.0,-1.4428232973175177e-12,325.8,142.06231027264056,0.4360414679945996,0.2,2,0.6,2,0.6,3,0.6,0.6,2,1,1,0.0323076923076923,0.8095238095238095,1,1,0.0,0.8076923076923077
normal_00404,10.243342564,10.242937394,3.6444042508777353e-05,2.3761701958386056e-05,0.9713511920000002,0.0758837469860257,0.9709505944517832,0.0,0.9999635559574912,5,2.4,1.0,2.4,12,5,1.0,2.4,0.8,0.0,0.9709505944517832,0.0,0.0,0.0,0.0,0.0,-1.4428232973175177e-12,221.6,159.1973617871854,0.7183996470540858,0.4,1,1.0,1,1.0,1,0.0833333333333333,0.4,1,0,5,0.0555555555555555,0.7637362637362638,1,1,0.0,0.9444444444444444
normal_00405,1.08379304265,1.08338707055,0.0019294275418423,0.0078292757930958,0.0108865149942923,0.5966759097091373,3.601110859008103,0.0093457943925233,0.9980705724581576,200,4.19,1.605,2.6105919003115265,838,321,1.605,4.19,0.9532710280373832,0.0,1.7289489376302225,80.04222222222222,1448.0,2170.8211377403486,8.0,0.1997393930863601,4.486648824730684,281.905,132.53354927495562,0.4701355040703628,0.33,2,0.515,2,0.515,3,0.0035799522673031,0.135,4,0,186,0.0010462592845355,0.8715972707766373,1,1,-0.4541520491118088,1.100664767331434
normal_00406,0.165456846,0.16497847,0.002892418585088,0.0012459754799617,-0.000472492,0.0022911692659046,2.321928094880149,0.0,0.997107581414912,5,1.0,1.0,1.0,5,5,1.0,1.0,0.8,0.0,1.5219280948830345,0.0,0.0,0.0,0.0,0.0,-1.4428232973175177e-12,370.6,177.97134600828304,0.4802248947875958,0.2,2,0.6,2,0.6,3,0.6,0.4,2,0,5,0.0909090909090909,0.0,1,1,0.0,0.9090909090909092
normal_00407,0.4038368180000001,0.403458372,0.0010446066423636,0.0005626107389987,0.029642232,0.4861932217242121,3.5585186130301514,0.0,0.9989553933576364,5,3.8,4.2,0.9047619047619048,19,21,4.2,3.8,0.7142857142857143,0.0,1.5219280948830345,0.0,0.0,0.0,0.0,0.0,-1.4428232973175177e-12,264.2,133.82899536348614,0.5065442670835963,0.2,2,0.8,2,0.8,2,0.1052631578947368,0.2,3,0,5,0.0459770114942528,0.8167849927849926,1,1,-0.8441358457394512,1.3333333333333333
normal_00408,10.498743356,10.498491351999998,0.000221293795187,0.000292566241283,-0.0189656480000003,0.6981062155758017,2.855388542195992,0.0,0.9997787062048128,5,1.8,2.4,0.75,9,12,2.4,1.8,0.6666666666666666,0.0,0.9709505944517832,0.0,0.0,0.0,0.0,0.0,-1.4428232973175177e-12,182.2,110.46583182142793,0.6062888683942258,0.6,2,0.8,2,0.8,2,0.2222222222222222,0.2,2,0,3,0.0686274509803921,0.7760683760683761,1,1,-0.4760555589257791,1.1666666666666667
normal_00411,0.270824066,0.27041155,0.0018522937390537,0.0011382096853425,-0.075257336,0.374477171001017,1.905639062223796,0.0,0.9981477062609464,5,1.0,1.6,0.625,5,8,1.6,1.0,0.5,0.0,1.5219280948830345,0.0,0.0,0.0,0.0,0.0,-1.4428232973175177e-12,249.6,161.04595617400642,0.645216170568936,0.6,1,1.0,1,1.0,1,0.2,0.2,2,0,4,0.0714285714285714,0.4222222222222223,1,1,0.0,0.9285714285714286
normal_00412,1.310171282,1.309748402,0.0004158950989805,0.0002766042620457,-0.213396272,0.6650984819122099,3.093069207758905,0.0,0.9995841049010192,5,1.0,2.8,0.3571428571428571,5,14,2.8,1.0,0.2857142857142857,0.0,1.3709505944503406,0.0,0.0,0.0,0.0,0.0,-1.4428232973175177e-12,343.0,99.73214125847294,0.290764260228784,0.2,2,0.6,2,0.6,3,0.6,0.0,3,0,4,0.05,0.7042424242424243,1,1,0.0,0.95
normal_00413,114.836612188,114.836037024,5.024822861218396e-06,2.091494131644717e-06,10.861506614000003,0.4714278426013331,3.127986806863248,0.0,0.9999949751771388,5,4.2,3.6,1.1666666666666667,21,18,3.6,4.2,0.7777777777777778,0.0666666666666666,1.5219280948830345,0.0,0.0,0.0,0.0,0.0,-1.4428232973175177e-12,239.8,125.57945691871738,0.5236841406118322,0.4,2,0.6,2,0.6,2,0.0952380952380952,0.4,3,0,5,0.0448275862068965,0.8091328671328669,1,1,-0.7853959782134767,1.3
normal_00414,0.135924426,0.135544276,0.008679611718248,0.0128449727006641,-0.083611731,0.6014312611558961,3.651478922871667,0.0,0.991320388281752,5,1.0,5.6,0.1785714285714285,5,28,5.6,1.0,0.1428571428571428,0.0,1.5219280948830345,0.0,0.0,0.0,0.0,0.0,-1.4428232973175177e-12,244.0,116.64047325006874,0.4780347264347079,0.0,1,1.0,1,1.0,1,0.2,0.6,2,0,2,0.0294117647058823,0.9043538836642284,1,1,0.0,0.9705882352941176
normal_00415,0.0806434816,0.08020802425,0.0102874977858903,0.0159509878002601,-1.011528243456086e-05,0.5508019159926839,3.6596904961255055,0.0112359550561797,0.9897125022141096,200,4.095,4.45,0.9202247191011236,819,890,4.45,4.095,0.8651685393258427,0.0319166666666666,1.7009453159717705,64.19833333333334,1161.3768844221106,1516.568522714614,0.0,0.1326358772460101,4.350086501309653,271.36,132.28323655462484,0.48748244602972,0.375,2,0.55,2,0.55,3,0.0036630036630036,0.175,4,0,150,0.0013184876815138,0.7135417960045304,1,1,-0.8300555917528314,1.5004389815627743
normal_00416,9.791817825,9.79141921875,0.0009186310308887,0.0015908589271406,-0.8339750403571429,0.8224060206419229,3.744203568290171,0.0,0.9990813689691111,8,2.75,3.875,0.7096774193548387,22,31,3.875,2.75,0.6774193548387096,0.0,1.561278124454805,0.0,0.0,0.0,0.0,0.0,-1.4428232973175177e-12,199.0,129.99230746471116,0.6532276757020661,0.5,2,0.625,2,0.625,3,0.1363636363636363,0.0,4,1,4,0.0339743589743589,0.8198860167610167,1,1,-0.6748862482132376,1.325
normal_00417,1.1377449940000002,1.1374001020000002,0.0007158520595626,0.0011945622408633,-0.184642992,0.6378002838222007,3.4528195310974703,0.0,0.9992841479404372,5,3.2,3.2,1.0,16,16,3.2,3.2,0.5625,0.0,0.7219280948844771,0.0,0.0,0.0,0.0,0.0,-1.4428232973175177e-12,214.6,165.88188568978833,0.7729817599710547,0.2,1,1.0,1,1.0,1,0.0625,0.0,3,0,4,0.0423280423280423,0.913149652280087,1,1,-0.6363961030678927,1.1428571428571428
normal_00418,0.006279712,0.0056694339999999,0.1649885288857912,0.1044380750155233,-0.0028809459999999,0.6376757362375146,3.783365363615185,0.0,0.8350114711142087,5,1.0,7.2,0.1388888888888889,5,36,7.2,1.0,0.1111111111111111,0.0,1.5219280948830345,0.0,0.0,0.0,0.0,0.0,-1.4428232973175177e-12,323.8,120.09454608765544,0.3708911244214189,0.4,1,1.0,1,1.0,1,0.2,0.2,2,0,2,0.0238095238095238,0.9440874440874442,1,1,0.0,0.9761904761904762
normal_00419,3.646e-05,3.2e-06,0.7681340853948216,0.4117330438510702,-1.2e-06,-2.1175823681357504e-16,-1.4428232973175177e-12,0.0,0.2318659146051782,5,1.0,3.2,0.3125,5,16,3.2,1.0,0.0,0.0,1.3709505944503406,0.0,0.0,0.0,0.0,0.0,-1.4428232973175177e-12,333.4,146.4557953786739,0.4392795302299758,0.6,2,0.6,2,0.6,2,0.4,0.2,2,0,1,0.0323076923076923,0.7142857142857143,1,1,0.0,0.8076923076923077
normal_00420,1.1638052305,1.16338954205,0.0451952732738754,0.0743559279624288,-0.0197316115654016,0.9388764021992682,3.7563062722121447,0.0032017075773745,0.9548047267261244,200,1.365,4.685,0.2913553895410886,273,937,4.685,1.365,0.2902881536819637,0.0,1.6360145388302776,13.715833333333334,248.12562814070355,768.5856744641027,1.0,0.5119054396169146,3.265590413631095,254.37,123.97739743750424,0.4873900123344115,0.32,2,0.535,2,0.535,3,0.0109890109890109,0.21,4,0,5,0.0009351529400126,0.8657671101700956,1,1,-0.3869737283610049,1.063268892794376
normal_00421,0.000657086,0.00027619,0.6609512821298605,0.433670841006179,-0.000179566,0.7157388865524572,2.826245258388182,0.0,0.3390487178701394,5,1.6,5.2,0.3076923076923077,8,26,5.2,1.6,0.0384615384615384,0.0,0.9709505944517832,0.0,0.0,0.0,0.0,0.0,-1.4428232973175177e-12,203.4,109.38372822316856,0.5377764416084984,0.6,1,1.0,1,1.0,1,0.125,0.2,3,0,2,0.0241820768136557,0.9834710743801652,1,1,-0.6222222222222228,0.8947368421052632
normal_00422,0.000829012,0.0004368159999999,0.5957901144019146,0.3807540971554845,-6.485699999999998e-05,0.7206356910003295,2.6841837197662044,0.0,0.4042098855980853,5,1.0,4.0,0.25,5,20,4.0,1.0,0.05,0.0,1.921928094881592,0.0,0.0,0.0,0.0,0.0,-1.4428232973175177e-12,269.8,201.8283924525982,0.748066688111928,0.0,2,0.6,2,0.6,2,0.4,0.0,3,0,2,0.0307881773399014,0.8541666666666666,1,1,0.0,0.8620689655172413
normal_00423,0.000145856,1e-06,0.8937488069162883,0.2201344966293909,0.0,0.0,-1.4428232973175177e-12,0.0,0.1062511930837116,5,1.0,1.0,1.0,5,5,1.0,1.0,0.0,0.0,0.7219280948844771,61.07611111111111,54968.5,32759.6723159741,12613.0,-0.2531550253211188,2.321928094880149,190.2,146.08798718580525,0.7680756424069677,0.6,1,1.0,1,1.0,1,0.2,0.0,3,0,1,0.0476190476190476,0.0,1,1,0.0,0.6666666666666666
normal_00424,0.11790674075,0.1174755527999999,0.067843243162725,0.0869071069803635,-0.0024342196570464,0.9038720390599196,3.6041169809817255,0.0068093385214007,0.9321567568372748,200,1.02,5.14,0.1984435797665369,204,1028,5.14,1.02,0.1974708171206225,0.0,1.7556892581180104,125.9661111111111,2278.78391959799,2239.426691830552,14.0,-0.0087107997285223,4.518025281146388,280.625,127.1679314487136,0.453159666632387,0.345,2,0.515,2,0.515,2,0.0098039215686274,0.13,4,0,5,0.0008163200398618,0.8955977506997914,1,1,-0.1102033311193019,1.002441008950366
normal_00428,4.59136234,4.590989834,7.897849000679693e-05,3.267841966456655e-05,0.7165789250000001,0.1249140956385744,0.9709505944517832,0.0,0.9999210215099932,5,2.2,1.0,2.2,11,5,1.0,2.2,0.8,0.0,1.3709505944503406,0.0,0.0,0.0,0.0,0.0,-1.4428232973175177e-12,306.0,86.1249092887766,0.2814539519241065,0.4,1,1.0,1,1.0,1,0.0909090909090909,0.4,2,0,5,0.0588235294117647,0.625,1,1,0.0,0.9411764705882352
normal_00429,9.155e-05,6.36e-06,0.8964630373788193,0.193185638726078,5.36e-06,0.6742138364779875,0.7219280948844771,0.0,0.1035369626211806,5,1.0,1.0,1.0,5,5,1.0,1.0,0.0,0.0,1.3709505944503406,0.0,0.0,0.0,0.0,0.0,-1.4428232973175177e-12,194.8,105.00809492605796,0.5390559287785316,0.6,2,0.6,2,0.6,2,0.4,0.2,3,0,1,0.0476190476190476,0.0,1,1,0.0,0.6666666666666666
normal_00430,5.33281364,5.332577307999999,4.4316399934285424e-05,3.1969559694695767e-05,-0.000306046,4.591340844374122e-05,2.321928094880149,0.0,0.9999556836000656,5,1.0,1.0,1.0,5,5,1.0,1.0,0.8,0.0,1.5219280948830345,0.53,477.0,276.7553070855191,165.0,-0.2656627303743304,0.9709505944517832,168.6,124.50421679605876,0.738459174353848,0.4,1,1.0,1,1.0,1,0.2,0.2,2,0,5,0.0909090909090909,0.0,1,1,0.0,0.9090909090909092
normal_00431,0.49319749235,0.49280462705,0.0335132410132699,0.0843499931005672,0.0034002896078676,0.8604702855375834,3.924053259026112,0.0085034013605442,0.96648675898673,200,2.32,2.94,0.7891156462585034,464,588,2.94,2.32,0.6904761904761905,0.0,1.7140042433873468,186.25444444444443,3369.427135678392,3431.381223204753,2.0,0.009109812283629,4.476242392507714,273.225,129.2752677399905,0.4731458239179815,0.3,2,0.565,1,1.0,3,0.0064655172413793,0.17,4,0,66,0.0014715962342803,0.7635928828653287,1,1,-0.5120075148329718,1.243498817966903
normal_00432,0.002699568,0.002325362,0.1311187700460396,0.0732966572578739,-0.000337236,0.116020129339002,1.921928094881592,0.0,0.8688812299539604,5,1.0,1.0,1.0,5,5,1.0,1.0,0.8,0.0,1.3709505944503406,0.0,0.0,0.0,0.0,0.0,-1.4428232973175177e-12,217.4,162.08732214457737,0.7455718589906962,0.6,2,0.6,2,0.6,2,0.4,0.4,1,0,5,0.0909090909090909,0.0,1,1,0.0,0.9090909090909092
normal_00434,0.023246364,0.022853835,0.055175166524376,0.0792354335546,-0.0002688476936623,0.4932508416973791,3.6643624510075647,0.0094786729857819,0.944824833475624,200,1.02,1.055,0.9668246445497632,204,211,1.055,1.02,0.9383886255924172,0.0,1.6997903893792352,49.22555555555556,890.5125628140704,1384.5105219970587,1.0,0.2171397567264684,4.350048939023851,263.185,130.73330393895034,0.4967353912227154,0.3,2,0.52,2,0.52,3,0.0147058823529411,0.175,4,0,122,0.0023923169156982,0.0809011776753712,1,1,-0.0192491270322263,0.9952038369304556
normal_00435,0.2260694206,0.22565365595,0.0123971922111392,0.0344600966123178,-0.0008995702721893,0.4719491147542677,3.7608768531277135,0.0042194092827004,0.9876028077888608,200,1.19,1.185,1.0042194092827004,238,237,1.185,1.19,0.9578059071729956,0.0,1.6828175463207458,41.06555555555556,742.894472361809,673.6523072587022,1.0,-0.0488809590331048,4.434963766353775,274.515,136.91805044510545,0.498763457170302,0.275,1,1.0,1,1.0,1,0.0042016806722689,0.08,4,0,74,0.0023719638862256,0.2863194344396906,1,1,-0.1024458251032444,1.0602678571428572
normal_00436,0.034885176,0.034562178,0.0335469251512571,0.0502790802084745,-0.014601661,0.624784532698409,3.503539122785269,0.0,0.966453074848743,5,1.0,5.2,0.1923076923076923,5,26,5.2,1.0,0.1538461538461538,0.0,1.3709505944503406,0.0,0.0,0.0,0.0,0.0,-1.4428232973175177e-12,279.8,158.86849908021415,0.5677930631887568,0.2,1,1.0,1,1.0,1,0.2,0.0,3,0,2,0.03125,0.9192782526115858,1,1,0.0,0.96875
normal_00437,1.336255022,1.335997388,0.0002031377270097,8.044543370811522e-05,0.236809046,0.3980263915755503,2.155639062222353,0.0,0.9997968622729904,5,3.2,1.6,2.0,16,8,1.6,3.2,0.5,0.0,1.3709505944503406,0.0,0.0,0.0,0.0,0.0,-1.4428232973175177e-12,188.2,65.30467058335108,0.346996124247349,0.4,2,0.6,2,0.6,2,0.125,0.0,3,0,5,0.04,0.8122222222222222,1,1,-0.4561459900789761,0.96
normal_00438,0.059870866,0.059615398,0.0042735315341953,0.0036723051761857,-0.0002437779999999,0.0032713427494018,2.321928094880149,0.0,0.9957264684658046,5,1.0,1.0,1.0,5,5,1.0,1.0,0.8,0.0,1.3709505944503406,0.0,0.0,0.0,0.0,0.0,-1.4428232973175177e-12,377.0,143.93574955514006,0.3817924391383026,0.6,2,0.6,2,0.6,2,0.4,0.0,2,1,5,0.0909090909090909,0.0,1,1,0.0,0.9090909090909092
normal_00439,2191.32884215945,2191.3284484863,3.5522770539112336e-07,5.855876710329838e-07,21.3570512829028,0.456225633413857,3.27490976440587,0.0,0.9999996447722944,200,5.17,1.31,3.946564885496183,1034,262,1.31,5.17,0.9961832061068704,0.0,1.6883755804992595,5.123055555555555,92.678391959799,209.98096847341264,0.0,0.387572934620996,2.4943548877415367,287.6,126.83507274564067,0.4410120749153013,0.24,2,0.55,2,0.55,2,0.0019342359767891,0.15,4,0,200,0.0008503992808351,0.8967830130148966,1,1,-0.3730164401765918,1.0493927125506073
normal_00440,1.8011173800000002,1.8007967720000004,0.0009188723952633,0.0016963920220912,-1.05077754,0.6767938662981623,3.4314134569615726,0.0,0.9990811276047366,5,1.0,4.6,0.2173913043478261,5,23,4.6,1.0,0.1739130434782608,0.0,0.9709505944517832,0.0,0.0,0.0,0.0,0.0,-1.4428232973175177e-12,250.8,119.5562629057968,0.4766996128620286,0.4,1,1.0,1,1.0,1,0.2,0.2,3,0,2,0.0344827586206896,0.912878787878788,1,1,0.0,0.9655172413793104
normal_00442,0.420826482,0.420251128,0.0014893588097321,0.000974499786023,0.074617271,0.1420432042243087,2.321928094880149,0.0,0.998510641190268,5,4.8,1.0,4.8,24,5,1.0,4.8,0.8,0.0,-1.4428232973175177e-12,0.0,0.0,0.0,0.0,0.0,-1.4428232973175177e-12,293.0,158.34613983296214,0.5404305113752974,0.2,1,1.0,1,1.0,1,0.0416666666666666,0.6,2,0,5,0.0333333333333333,0.9136017316017316,1,1,0.0,0.9666666666666668
normal_00443,8.440769765999999,8.440246748,7.744566973628083e-05,5.622355423081104e-05,2.0401244560000005,0.4699982721998021,2.749999999989901,0.0,0.9999225543302638,5,4.6,1.6,2.875,23,8,1.6,4.6,0.875,0.0,1.5219280948830345,0.0,0.0,0.0,0.0,0.0,-1.4428232973175177e-12,220.8,99.92347071634372,0.4525519507080784,0.2,2,0.6,2,0.6,3,0.1304347826086956,0.2,4,0,5,0.0381773399014778,0.8985870610870611,1,1,-0.5288750028103588,1.0689655172413792
normal_00444,0.001035226,0.000528018,0.5805716170612293,0.2879486000651663,-9.129800000000006e-05,0.5752650535214767,3.191022620591742,0.0,0.4194283829387707,5,1.0,6.6,0.1515151515151515,5,33,6.6,1.0,0.0,0.0,1.5219280948830345,55.56222222222223,50006.0,70184.72627644849,269.0,0.1678892116021977,1.921928094881592,209.6,116.07023735652476,0.5537702163956335,0.2,2,0.6,2,0.6,3,0.6,0.2,2,0,1,0.0210409745293466,1.0,1,1,0.0,0.8837209302325582
normal_00445,0.004257666,0.00382376,0.1027829554014071,0.0523825041504862,0.0003088069999999,0.069245350126577,1.921928094881592,0.0,0.8972170445985928,5,4.0,1.0,4.0,20,5,1.0,4.0,0.8,0.0,1.5219280948830345,0.0,0.0,0.0,0.0,0.0,-1.4428232973175177e-12,269.0,159.64805041089602,0.5934871762486841,0.0,1,1.0,1,1.0,1,0.05,0.4,3,0,5,0.0384615384615384,0.9088641517212946,1,1,0.0,0.9615384615384616
normal_00446,0.677628626,0.6771375559999999,0.0009362439996828,0.0003486195373525,-0.258588707,0.5141645179652732,3.565448371800628,0.0384615384615384,0.9990637560003172,5,2.8,5.2,0.5384615384615384,14,26,5.2,2.8,0.3076923076923077,0.0,1.5219280948830345,0.6655555555555556,599.0,927.8968153841244,0.0,0.2154021228352508,-1.4428232973175177e-12,150.0,87.01436662988475,0.580095777532565,0.2,2,0.8,2,0.8,2,0.1428571428571428,0.2,4,1,3,0.03003003003003,0.8678825308033901,1,1,-0.7465192991876013,1.0810810810810811
normal_00447,1.0216643141,1.0212628257499998,0.0081063573097443,0.032352339047529,0.010374304982787,0.7457334702346469,3.904604710118356,0.0065252854812398,0.9918936426902556,200,4.0,3.065,1.3050570962479608,800,613,3.065,4.0,0.8694942903752039,0.003,1.7170578203603897,49.702777777777776,899.1457286432161,1118.9133924340113,1.0,0.1089005081642427,4.434437447351177,287.18,130.70661304412772,0.455138286246005,0.3,2,0.53,2,0.53,3,0.00375,0.14,4,0,157,0.0012125424776027,0.8193418973332071,1,1,-0.6560753175008952,1.3083333333333331
normal_00449,0.12480925,0.1244815299999999,0.0026277504905934,0.0009865061627302,-0.000331661,0.0021314712311135,2.321928094880149,0.0,0.9973722495094066,5,1.0,1.0,1.0,5,5,1.0,1.0,0.8,0.0,0.7219280948844771,0.0,0.0,0.0,0.0,0.0,-1.4428232973175177e-12,385.0,68.05512471518952,0.1767665577017909,0.4,1,1.0,1,1.0,1,0.2,0.2,3,0,5,0.0909090909090909,0.0,1,1,0.0,0.9090909090909092
normal_00450,0.00492381,0.004676912,0.0591577910110701,0.0481549584484043,-0.0015482389999999,0.3173990017344777,1.960964047436468,0.0,0.9408422089889298,5,1.0,2.0,0.5,5,10,2.0,1.0,0.4,0.0,0.9709505944517832,0.0,0.0,0.0,0.0,0.0,-1.4428232973175177e-12,342.2,102.3801738619348,0.2991822731207914,0.2,1,1.0,1,1.0,1,0.2,0.2,2,0,3,0.0625,0.5584415584415585,1,1,0.0,0.9375
normal_00451,0.539092238,0.5388242320000001,0.0011224301752937,0.0013204145981019,-0.283856413,0.652046680781053,3.831401845369089,0.0,0.9988775698247062,5,1.0,6.0,0.1666666666666666,5,30,6.0,1.0,0.1333333333333333,0.0,1.5219280948830345,0.0,0.0,0.0,0.0,0.0,-1.4428232973175177e-12,176.4,109.39744055506964,0.6201668965706896,0.4,2,0.6,2,0.6,2,0.4,0.2,3,0,2,0.0277777777777777,0.9302704463994784,1,1,0.0,0.9722222222222222
normal_00452,0.5329122899999998,0.53256305,0.0006789044502587,0.000592542232557,0.0451596539999999,0.4117408998698738,3.239097917972916,0.0,0.9993210955497414,5,4.6,3.6,1.2777777777777777,23,18,3.6,4.6,0.7777777777777778,0.0,0.9709505944517832,0.0,0.0,0.0,0.0,0.0,-1.4428232973175177e-12,173.6,113.48920653524722,0.6537396689818389,0.8,2,0.6,2,0.6,2,0.0869565217391304,0.4,3,1,5,0.0413306451612903,0.8327770994437663,1,1,-0.8863043943324609,1.28125
normal_00453,0.2693600178571428,0.2689372152857142,0.0346564661242986,0.0625084080068915,-0.0158272973624354,0.8595406829123531,3.7148832805485257,0.005050505050505,0.9653435338757016,70,1.0,5.6571428571428575,0.1767676767676767,70,396,5.6571428571428575,1.0,0.1742424242424242,0.0,1.5744417700444853,113.28888888888888,5910.724637681159,9418.051798424063,249.0,0.2288067267053218,4.176878866910421,274.75714285714287,131.43284345834005,0.4783600604213489,0.2428571428571428,2,0.5142857142857142,2,0.5142857142857142,3,0.0428571428571428,0.1714285714285714,4,0,4,0.0021413276231263,0.9098894108969672,1,1,0.0,0.9978586723768736
normal_00454,0.939677817619048,0.939283483015873,0.0048014549763887,0.0077879067668791,-0.0637179474721582,0.8147101674387068,3.660386189431783,0.0142348754448398,0.9951985450236114,63,1.0,4.4603174603174605,0.2241992882562277,63,281,4.4603174603174605,1.0,0.2206405693950178,0.0,1.726353371133868,4.798333333333333,278.61290322580646,615.452268918864,1.0,0.3767503490657758,2.350655609892722,291.2857142857143,137.5064137590854,0.472067138947326,0.3333333333333333,2,0.5238095238095238,2,0.5238095238095238,2,0.0317460317460317,0.1587301587301587,4,0,4,0.0028985507246376,0.8459810874704493,1,1,0.0,0.9971014492753624
normal_00455,5.651090276000001,5.650717050000001,6.753918920896046e-05,5.340359013528218e-05,0.2684464019999998,0.0380247597780532,0.9709505944517832,0.0,0.999932460810791,5,2.6,1.0,2.6,13,5,1.0,2.6,0.8,0.0,1.921928094881592,0.0,0.0,0.0,0.0,0.0,-1.4428232973175177e-12,277.2,37.23842101915709,0.1343377381643473,0.4,2,0.8,2,0.8,2,0.1538461538461538,0.0,2,0,5,0.0526315789473684,0.7678571428571429,1,1,0.0,0.9473684210526316
normal_00457,0.419912668,0.419537406,0.0008830083132671,0.0003577987888973,0.084991649,0.1620673585420414,2.321928094880149,0.0,0.9991169916867328,5,5.0,1.0,5.0,25,5,1.0,5.0,0.8,0.0,1.3709505944503406,0.0,0.0,0.0,0.0,0.0,-1.4428232973175177e-12,244.2,128.48229450005942,0.5261355221132655,0.6,2,0.6,1,1.0,2,0.08,0.0,4,1,5,0.032258064516129,0.9174436674436676,1,1,0.0,0.967741935483871
normal_00458,3.9231670004,3.9227339328,0.0002337194923061,0.0004198687828384,0.0374610869683942,0.3800209100453723,3.287830563735895,0.0224215246636771,0.999766280507694,200,4.49,1.115,4.026905829596413,898,223,1.115,4.49,0.9820627802690582,0.0,1.7320787656606464,279.1536111111111,5050.015075376885,5964.330287944517,18.0,0.0830113077452946,4.466950452146734,268.585,138.06473892952678,0.5140448607685716,0.365,2,0.505,2,0.505,3,0.0033407572383073,0.145,4,0,199,0.0009239249585016,0.8974631183056904,1,1,-0.2399609578877605,1.0172413793103448
normal_00459,0.053448798,0.0531220999999999,0.0064941353193594,0.0042374040711504,0.008076154,0.1216240171228169,2.321928094880149,0.0,0.9935058646806404,5,4.2,1.0,4.2,21,5,1.0,4.2,0.8,0.0,0.7219280948844771,0.0,0.0,0.0,0.0,0.0,-1.4428232973175177e-12,239.8,151.67465180444623,0.6325048031878491,0.2,1,1.0,1,1.0,1,0.0476190476190476,0.2,2,0,5,0.037037037037037,0.9003968253968253,1,1,0.0,0.9629629629629628
normal_00460,7.020554406,7.020016484,9.629303766894652e-05,5.1265668046764186e-05,-2.2817779010000003,0.5660802378632516,3.323231428781751,0.0,0.9999037069623308,5,1.0,3.0,0.3333333333333333,5,15,3.0,1.0,0.2666666666666666,0.0,1.921928094881592,9.1825,8264.25,2589.0347984335785,4151.0,-0.5229030018990664,2.321928094880149,377.8,183.2012554542135,0.4849159752626085,0.0,2,0.8,2,0.8,2,0.4,0.2,2,1,3,0.0476190476190476,0.7977678571428571,1,1,0.0,0.9523809523809524
normal_00461,7.324567116,7.324105674,6.474043951342204e-05,2.34305308045292e-05,0.7324455,0.0800098146699678,1.921928094881592,0.0,0.9999352595604868,5,3.4,1.0,3.4,17,5,1.0,3.4,0.8,0.0,1.5219280948830345,0.0,0.0,0.0,0.0,0.0,-1.4428232973175177e-12,204.4,114.60061081861647,0.5606683503846208,0.2,2,0.6,2,0.6,2,0.1176470588235294,0.2,2,0,5,0.0434782608695652,0.8851851851851852,1,1,0.0,0.9565217391304348
normal_00462,0.0003940199999999,5.5794000000000015e-05,0.9168054045793518,0.1777815039317871,-5.4794e-05,0.7856615406674554,0.7219280948844771,0.0,0.0831945954206481,5,3.2,1.0,3.2,16,5,1.0,3.2,0.0,0.0,1.921928094881592,0.0,0.0,0.0,0.0,0.0,-1.4428232973175177e-12,218.6,140.17596084921266,0.6412441026953919,0.4,1,1.0,1,1.0,1,0.0625,0.6,3,0,1,0.0323076923076923,0.7142857142857143,1,1,0.0,0.8076923076923077
normal_00464,137.08839635640243,137.08798479554878,7.523015733567288e-06,1.710185195246103e-05,1.6143052313273971,0.4010609348329138,3.5377836968902336,0.0,0.9999924769842664,164,5.286585365853658,1.1341463414634143,4.661290322580645,867,186,1.1341463414634143,5.286585365853658,0.9946236559139784,0.0,1.6929560581131893,26.023055555555555,574.7423312883435,820.0411899647096,1.0,0.1758687674026957,4.228775806223502,265.4207317073171,127.0436370013422,0.4786500142024885,0.2865853658536585,2,0.5670731707317073,2,0.5670731707317073,3,0.0034602076124567,0.2378048780487804,4,0,164,0.0009896690952563,0.901376561226792,1,1,-0.2593003778355557,1.0203488372093024
normal_00465,0.163819368,0.1635094319999999,0.0018895646392182,0.001982273675367,-0.000174861,0.0008555396363927,2.321928094880149,0.0,0.9981104353607816,5,1.0,1.0,1.0,5,5,1.0,1.0,0.8,0.0,0.9709505944517832,0.0,0.0,0.0,0.0,0.0,-1.4428232973175177e-12,223.6,99.03686182427228,0.4429197756005021,0.2,2,0.8,2,0.8,3,0.6,0.0,2,1,5,0.0909090909090909,0.0,1,1,0.0,0.9090909090909092
normal_00467,1.4916895038000002,1.4912761544999995,0.0218316026487687,0.0591193688519802,0.0064875433972099,0.6618161208082262,3.0802483850419886,0.0231481481481481,0.9781683973512312,200,1.0,1.08,0.9259259259259258,200,216,1.08,1.0,0.9212962962962964,0.0,1.73762763239528,0.0,0.0,0.0,0.0,0.0,-1.4428232973175177e-12,271.2,133.22244970547433,0.4912332216278552,0.325,2,0.52,2,0.52,2,0.01,0.175,4,0,68,0.0023980815347721,0.0779662989340408,1,1,0.0,0.9976019184652278
normal_00468,0.298087772,0.2976756701499999,0.0084950517066045,0.0346539234137261,0.0002878837331208,0.541077099274593,3.6557634265104606,0.0119521912350597,0.9915049482933956,200,2.515,2.51,1.0019920318725102,503,502,2.51,2.515,0.9661354581673308,0.0099166666666666,1.734332083394233,147.31333333333333,2664.964824120603,4049.692741464493,10.0,0.2062246516398827,4.264607164160752,285.895,133.92904434661656,0.4684553571997292,0.34,1,1.0,1,1.0,1,0.0019880715705765,0.145,4,0,85,0.0019413537320352,0.6776121157625674,1,1,-0.5585966703340511,1.3958333333333333
normal_00469,0.000651668,0.000457572,0.6680546297488229,0.4573953882228631,-0.000347217,0.6070598725446487,0.9709505944517832,0.0,0.331945370251177,5,1.8,1.0,1.8,9,5,1.0,1.8,0.2,0.0,0.9709505944517832,0.0,0.0,0.0,0.0,0.0,-1.4428232973175177e-12,228.0,149.45233353815524,0.6554926909568213,0.2,2,0.6,2,0.6,2,0.2222222222222222,0.0,3,0,2,0.0457516339869281,0.4358974358974359,1,1,0.0,0.7777777777777778
normal_00470,0.01899757,0.0185776875,0.0458623320305119,0.0466137914199151,-0.0020760938811188,0.6372880492152996,3.7356660680793614,0.0,0.954137667969488,12,1.4166666666666667,2.583333333333333,0.5483870967741935,17,31,2.583333333333333,1.4166666666666667,0.5161290322580645,0.0,1.887918502665362,0.0575,18.818181818181817,15.44384656405958,4.0,-0.0984861496370487,-1.4428232973175177e-12,353.8333333333333,127.24266961085408,0.3596118783161208,0.5,2,0.75,2,0.75,3,0.1764705882352941,0.0833333333333333,3,2,6,0.0253699788583509,0.6883075258075259,1,1,-0.3391194327280585,1.0909090909090908
normal_00471,0.003165102,0.002703478,0.1448487964695531,0.0933522083131858,0.000237393,0.1043118531018191,2.321928094880149,0.0,0.8551512035304467,5,3.8,1.0,3.8,19,5,1.0,3.8,0.8,0.0,1.3709505944503406,0.0,0.0,0.0,0.0,0.0,-1.4428232973175177e-12,319.2,123.0292648112635,0.3854300276042089,0.2,1,1.0,1,1.0,1,0.0526315789473684,0.2,2,1,5,0.04,0.8122435897435898,1,1,0.0,0.96
normal_00472,0.103935926,0.103513378,0.0047376412224853,0.0034868456600806,-0.013381839,0.3529217754139678,3.2728043273187506,0.0,0.9952623587775148,5,4.2,4.2,1.0,21,21,4.2,4.2,0.6190476190476191,0.0333333333333333,-1.4428232973175177e-12,0.0,0.0,0.0,0.0,0.0,-1.4428232973175177e-12,267.8,204.0703310135993,0.7620251344794597,0.4,2,0.6,2,0.6,2,0.0952380952380952,0.4,1,0,5,0.0374331550802139,0.8505048703831666,1,1,-0.7867842140564497,1.2352941176470589
normal_00473,0.0785771,0.0781065,0.0059724261437557,0.003291913029625,-0.000507498,0.2494201781267517,1.6644977791946904,0.0,0.9940275738562444,5,1.0,1.4,0.7142857142857143,5,7,1.4,1.0,0.5714285714285714,0.0,1.3709505944503406,0.0,0.0,0.0,0.0,0.0,-1.4428232973175177e-12,292.8,126.65978051457375,0.4325812176044186,0.2,2,0.6,2,0.6,2,0.4,0.0,3,0,5,0.0769230769230769,0.4375,1,1,0.0,0.9230769230769232
normal_00474,4.398153164,4.3978223320000005,7.521713069966177e-05,3.3391480289536325e-05,-0.0002966059999998,5.395506732337807e-05,2.321928094880149,0.0,0.9999247828693004,5,1.0,1.0,1.0,5,5,1.0,1.0,0.8,0.0,1.5219280948830345,0.0,0.0,0.0,0.0,0.0,-1.4428232973175177e-12,267.4,159.51739717034,0.5965497276377711,0.6,2,0.6,2,0.6,2,0.4,0.2,2,0,5,0.0909090909090909,0.0,1,1,0.0,0.9090909090909092
normal_00475,4.997849564,4.997474656,0.0001181566299864,9.34162736734523e-05,-2.1515191019999995,0.4537863902364621,2.197159723416936,0.0,0.9998818433700136,5,1.0,1.8,0.5555555555555556,5,9,1.8,1.0,0.4444444444444444,0.0,1.3709505944503406,0.0,0.0,0.0,0.0,0.0,-1.4428232973175177e-12,258.4,148.20188932668842,0.573536723400497,0.2,2,0.6,2,0.6,3,0.6,0.0,3,1,3,0.0666666666666666,0.4666666666666666,1,1,0.0,0.9333333333333332
normal_00477,0.4565218599999999,0.4562504580000001,0.00063789750325,0.0004394642642644,0.0377737139999999,0.0664461956551066,0.9709505944517832,0.0,0.99936210249675,5,2.0,1.0,2.0,10,5,1.0,2.0,0.8,0.0,0.7219280948844771,0.0,0.0,0.0,0.0,0.0,-1.4428232973175177e-12,308.8,170.76504326120144,0.5529956064158078,0.6,1,1.0,1,1.0,1,0.1,0.2,3,1,5,0.0625,0.5844155844155844,1,1,0.0,0.9375
normal_00479,0.000660846,0.0004516,0.5593077520007658,0.4695330379521055,-0.000296629,0.5254720992028341,1.5219280948830345,0.0,0.4406922479992342,5,1.0,1.0,1.0,5,5,1.0,1.0,0.4,0.0,1.3709505944503406,0.0,0.0,0.0,0.0,0.0,-1.4428232973175177e-12,311.8,110.2642281068525,0.3536376783414127,0.4,1,1.0,1,1.0,3,0.6,0.0,3,0,3,0.0641025641025641,0.0,1,1,0.0,0.7692307692307693
normal_00481,0.6635302787499999,0.6632116825000001,0.0005573396190165,0.0003642615177248,0.0113332788095238,0.420907668369769,2.284159127842765,0.0,0.9994426603809836,8,2.25,1.5,1.5,18,12,1.5,2.25,0.9166666666666666,0.0,1.499999999995672,0.6744444444444444,346.85714285714283,323.80127440472256,1.0,-0.0343779603133168,-1.4428232973175177e-12,288.5,153.5996651782065,0.5324078515709064,0.375,2,0.625,2,0.625,2,0.1111111111111111,0.0,3,0,7,0.0427350427350427,0.7718045112781954,1,1,-0.3545462930345102,1.1111111111111112
normal_00482,0.1412428353,0.1408462103,0.0311288860722731,0.0885996383768525,0.000935044483252,0.7341117915423969,3.9658551568199143,0.0132669983416252,0.968871113927727,200,3.055,3.015,1.0132669983416251,611,603,3.015,3.055,0.7728026533996684,0.0020833333333333,1.7208129039245692,19.49972222222222,352.75879396984925,608.2374008473174,0.0,0.2658476779151805,4.121879339446512,279.7,123.29080710084548,0.4407965931385251,0.3,1,1.0,1,1.0,1,0.0016366612111292,0.18,4,0,126,0.0013522605251315,0.7856811081075781,1,1,-0.5926203642157218,1.280590717299578
normal_00483,0.170260804,0.169881978,0.0103559989356175,0.0118750109655118,-0.111550767,0.7696457305873173,3.896291529022845,0.0,0.9896440010643826,5,1.0,5.6,0.1785714285714285,5,28,5.6,1.0,0.1428571428571428,0.0,1.5219280948830345,0.0,0.0,0.0,0.0,0.0,-1.4428232973175177e-12,231.8,98.17178820822204,0.4235193624168336,0.6,1,1.0,1,1.0,1,0.2,0.0,2,0,3,0.0294117647058823,0.9310275930965584,1,1,0.0,0.9705882352941176
normal_00485,0.023849232,0.023479762,0.0244476306658211,0.0243221119555017,-0.010597269,0.684363546011164,3.4817145729673182,0.0,0.975552369334179,5,1.8,4.4,0.409090909090909,9,22,4.4,1.8,0.1818181818181818,0.0,0.7219280948844771,0.0,0.0,0.0,0.0,0.0,-1.4428232973175177e-12,318.2,163.5074921830801,0.5138513267852927,0.4,2,0.6,2,0.6,2,0.2222222222222222,0.2,2,0,3,0.03125,0.9197263641708086,1,1,-0.529309502464597,0.96875
normal_00486,0.283163436,0.2825867999999999,0.0023597400379068,0.0014037091869979,0.061493441,0.174087228419728,2.321928094880149,0.0,0.997640259962093,5,6.8,1.0,6.8,34,5,1.0,6.8,0.8,0.0,1.5219280948830345,0.3822222222222222,344.0,454.2218620894419,2.0,0.1380842436474026,0.7219280948844771,284.6,93.05267325552772,0.3269594984382561,0.2,2,0.6,2,0.6,2,0.0588235294117647,0.0,3,0,5,0.025,0.9392207792207792,1,1,0.0,0.975
normal_00487,0.030310492,0.02999376,0.0243679289543388,0.0361181503645293,-0.007856043,0.6174227875761792,3.53377125604436,0.0,0.9756320710456612,5,1.8,4.4,0.409090909090909,9,22,4.4,1.8,0.3636363636363636,0.0,-1.4428232973175177e-12,0.0,0.0,0.0,0.0,0.0,-1.4428232973175177e-12,247.6,144.19535360059285,0.5823721874014252,0.4,2,0.6,2,0.6,2,0.2222222222222222,0.2,2,1,4,0.041005291005291,0.8311939268461009,1,1,-0.6248192335464722,1.1071428571428572
normal_00488,0.001171814,0.00078653,0.546908672420588,0.4313770669266795,-0.000421025,0.6515250530812559,2.197159723416936,0.0,0.453091327579412,5,3.4,1.8,1.8888888888888888,17,9,1.8,3.4,0.2222222222222222,0.0,1.5219280948830345,0.0,0.0,0.0,0.0,0.0,-1.4428232973175177e-12,262.8,63.89209653783479,0.2431206108745615,0.2,2,0.6,2,0.6,3,0.1764705882352941,0.2,3,0,3,0.0320197044334975,0.8707912457912457,1,1,-0.545828789512167,0.896551724137931
normal_00489,0.00071357,0.000366354,0.6286260234106787,0.2862474952120877,-0.000166136,0.7577977099259794,2.6416041678584943,0.0,0.3713739765893212,5,1.0,1.8,0.5555555555555556,5,9,1.8,1.0,0.0,0.0,0.7219280948844771,0.0,0.0,0.0,0.0,0.0,-1.4428232973175177e-12,268.0,161.93054066481716,0.6042184353164819,0.4,2,0.8,2,0.8,2,0.4,0.0,3,1,1,0.0409356725146198,0.4285714285714285,1,1,0.0,0.7368421052631579
normal_00490,0.04514466975,0.0447245612,0.0753821060498859,0.0908206915138528,-0.0008755137066976,0.8662310606334674,3.605881583150517,0.0070339976553341,0.924617893950114,200,1.02,4.265,0.2391559202813599,204,853,4.265,1.02,0.2379835873388042,0.0,1.7842187951041222,282.3530555555556,5107.894472361809,6472.327685792879,47.0,0.1178244419490906,4.501680282679191,279.75,122.19840321683309,0.4368128801316642,0.255,2,0.505,2,0.505,3,0.0147058823529411,0.17,4,0,6,0.0009523706550904,0.8618582302423055,1,1,-0.1011335082171882,1.0028462998102468
normal_00495,0.042137408,0.0417249828,0.0539558521086567,0.0765901405585651,0.0001422960337658,0.764044379348785,3.804417253233608,0.0024509803921568,0.9460441478913432,200,1.535,2.04,0.7524509803921569,307,408,2.04,1.535,0.6764705882352942,0.0,1.8714614709339257,1.6791666666666667,30.376884422110557,34.198558086822864,0.0,0.0591815327348878,0.9837082626203004,283.725,131.24479171288587,0.4625774666063472,0.325,2,0.51,2,0.51,2,0.006514657980456,0.16,4,0,61,0.0017538179267173,0.6714370942529858,1,1,-0.3101710923097751,1.1189358372456963
normal_00496,0.02347114465,0.0230562300499999,0.0626017409813745,0.0867200182309514,-2.398656003150081e-05,0.6491786775811264,3.854120608147983,0.0035460992907801,0.9373982590186252,200,1.035,1.41,0.7340425531914894,207,282,1.41,1.035,0.7304964539007093,0.0,1.646861306475955,5.786944444444444,104.68844221105527,139.9841463280804,1.0,0.1442568794803082,2.636280384791063,282.7,131.044202140243,0.4635451083843049,0.355,2,0.52,2,0.52,2,0.0096618357487922,0.155,4,0,34,0.0021004613283162,0.3659426949179598,1,1,-0.0626444336406892,1.0124223602484472
normal_00497,0.1303330039999999,0.1300476179999999,0.0040142007770641,0.0030787168212433,-0.062572863,0.5722783318856084,3.22109725004353,0.0,0.9959857992229356,5,1.0,3.8,0.2631578947368421,5,19,3.8,1.0,0.2105263157894736,0.0,1.3709505944503406,0.0,0.0,0.0,0.0,0.0,-1.4428232973175177e-12,186.6,109.0862044440084,0.5845991663666046,0.6,1,1.0,1,1.0,1,0.2,0.0,4,1,2,0.04,0.8132478632478632,1,1,0.0,0.96
normal_00498,0.000133048,1.969e-05,0.8497890638536676,0.2316389429374439,-7.372000000000001e-06,0.7935415608599965,0.8166890883106926,0.0,0.1502109361463324,5,1.0,2.4,0.4166666666666667,5,12,2.4,1.0,0.0,0.0,0.7219280948844771,0.0,0.0,0.0,0.0,0.0,-1.4428232973175177e-12,170.6,124.0757832939208,0.7272906406443189,0.0,2,0.8,2,0.8,2,0.4,0.4,3,0,1,0.0367965367965368,0.6470588235294118,1,1,0.0,0.7727272727272727
normal_00499,0.0065718005,0.00616298575,0.1599207548601163,0.1637342890049251,-2.5213806697667464e-05,0.722774209503982,3.613522637993503,0.0009216589861751,0.8400792451398837,200,1.0,5.425,0.184331797235023,200,1085,5.425,1.0,0.1751152073732718,0.0,1.7207585102714251,26.371388888888887,477.070351758794,820.764630064675,1.0,0.2648212470147689,4.323320604432065,262.52,130.34260845130208,0.4965054413046704,0.295,1,1.0,1,1.0,1,0.005,0.165,4,0,6,0.0007668299785765,0.9107453530741204,1,1,0.0,0.9922779922779924
normal_00500,0.0506437965499999,0.05024208625,0.0083610230518964,0.0051232050232921,-0.0001600398937148,0.1260930054979551,4.197636456598945,0.035,0.9916389769481034,200,1.045,1.0,1.045,209,200,1.0,1.045,0.995,0.0,1.8057729064188413,294.785,5332.793969849246,5557.653736789841,32.0,0.0206474309411094,4.504673709150019,255.84,125.392306593203,0.4901200226438515,0.28,1,1.0,1,1.0,1,0.0047846889952153,0.135,4,0,200,0.0024390243902439,0.0596825396825396,1,1,0.0,0.997560975609756
normal_00501,0.03254160965,0.03213961885,0.0909586671552463,0.0934878394162824,-0.0007187160822695,0.8858483969958627,3.681850627853574,0.0017035775127768,0.9090413328447536,200,1.0,2.935,0.3407155025553662,200,587,2.935,1.0,0.3390119250425894,0.0,1.7171319031264405,150.68777777777777,2726.0100502512564,3285.244826148911,1.0,0.0930312867107295,4.502518762823293,293.71,130.24636840392927,0.4434522774298773,0.28,2,0.505,2,0.505,3,0.015,0.12,4,0,14,0.0012690355329949,0.7477607992914119,1,1,0.0,0.998730964467005
normal_00503,0.00054874,0.0001896919999999,0.8030382212508871,0.272232241414069,-0.000128641,0.8292680967543374,2.006330930584638,0.0,0.1969617787491129,5,4.2,4.2,1.0,21,21,4.2,4.2,0.0,0.1333333333333333,0.9709505944517832,0.0,0.0,0.0,0.0,0.0,-1.4428232973175177e-12,261.6,130.7432598645146,0.4997831034576246,0.4,2,0.8,2,0.8,2,0.0952380952380952,0.4,3,0,1,0.0194264569842738,1.0,1,1,-0.829369208955349,0.8936170212765957
normal_00504,1099.5011328042858,1099.50081227,2.866239758358516e-07,1.9542805075474205e-07,182.84845537107145,0.190058722466967,1.950212064908976,0.0,0.999999713376024,7,3.142857142857143,1.0,3.142857142857143,22,7,1.0,3.142857142857143,0.8571428571428571,0.0,1.950212064908976,0.0,0.0,0.0,0.0,0.0,-1.4428232973175177e-12,253.57142857142856,119.4178338759293,0.4709435702149324,0.0,2,0.5714285714285714,2,0.5714285714285714,2,0.0909090909090909,0.4285714285714285,4,0,7,0.0333333333333333,0.7971014492753624,1,1,0.0,0.9666666666666668
normal_00506,0.053360068,0.0529225239999999,0.0124604558652324,0.0079966887576,-0.0245168389999999,0.576736349266227,3.767375797792959,0.0,0.9875395441347674,5,1.0,5.6,0.1785714285714285,5,28,5.6,1.0,0.1428571428571428,0.0,-1.4428232973175177e-12,0.0,0.0,0.0,0.0,0.0,-1.4428232973175177e-12,222.2,144.08747343193994,0.6484584762913589,0.4,1,1.0,1,1.0,2,0.4,0.0,2,0,2,0.0294117647058823,0.9308576480990274,1,1,0.0,0.9705882352941176
normal_00507,1.781625825,1.781117757,0.0003019843100206,0.0001491347818688,0.149872976060606,0.1389954578393439,1.4854752972230063,0.0,0.9996980156899792,10,2.1,1.0,2.1,21,10,1.0,2.1,0.9,0.0,1.8464393446652445,0.5269444444444444,210.77777777777777,131.34583508837167,55.0,-0.232173225413946,-1.4428232973175177e-12,276.2,144.71182091008015,0.5239385261045625,0.5,2,0.8,2,0.8,2,0.0952380952380952,0.1,2,0,10,0.03125,0.6313131313131314,1,1,0.0,0.96875
normal_00508,0.935797572,0.935405248,0.0004191980695109,0.0002544248930817,-0.000436713,0.0003734963009314,2.321928094880149,0.0,0.999580801930489,5,1.0,1.0,1.0,5,5,1.0,1.0,0.8,0.0,1.5219280948830345,0.0,0.0,0.0,0.0,0.0,-1.4428232973175177e-12,321.4,116.5860197450792,0.3627443053673902,0.0,1,1.0,1,1.0,1,0.2,0.0,3,0,5,0.0909090909090909,0.0,1,1,0.0,0.9090909090909092
normal_00509,6.87643844715,6.8760535689,0.0001354974610772,0.0003266506988646,0.0679764722945473,0.3551927127527292,3.000394766679323,0.0192307692307692,0.9998645025389228,200,5.525,1.04,5.3125,1105,208,1.04,5.525,0.9951923076923076,0.0,1.6948291722513584,9.540555555555557,172.5929648241206,207.0022701566429,1.0,0.0906473584534485,3.400344352339997,286.015,127.258233782049,0.4449355235985839,0.295,1,1.0,1,1.0,1,0.0009049773755656,0.19,4,0,200,0.0007703907107191,0.9052112645241038,1,1,-0.1538232388767284,1.0053598774885146
normal_00510,0.016354582,0.01605016,0.0187660665928899,0.0160662638973072,-0.0003462769999999,0.0172597407128649,2.321928094880149,0.0,0.98123393340711,5,1.0,1.0,1.0,5,5,1.0,1.0,0.8,0.0,1.921928094881592,0.0,0.0,0.0,0.0,0.0,-1.4428232973175177e-12,267.2,121.31240662026288,0.4540134978303251,0.0,2,0.8,2,0.8,2,0.4,0.0,3,2,5,0.0909090909090909,0.0,1,1,0.0,0.9090909090909092
normal_00511,0.07280747,0.07243486,0.0057572507801171,0.0047608300301004,0.010706824,0.5418623411922024,3.3815804882932934,0.0,0.9942427492198828,5,4.8,3.4,1.411764705882353,24,17,3.4,4.8,0.7058823529411765,0.0,1.3709505944503406,0.0,0.0,0.0,0.0,0.0,-1.4428232973175177e-12,339.8,93.60662369725766,0.27547564360582,0.2,1,1.0,1,1.0,1,0.0416666666666666,0.2,3,0,5,0.0365418894830659,0.9145595783526816,1,1,-0.8554260899327362,1.2058823529411764
normal_00512,0.0005160939999999,0.0003163399999999,0.6920050756082171,0.4305416006111062,-0.000258425,0.6535373332490361,1.3709505944503406,0.0,0.307994924391783,5,1.0,1.0,1.0,5,5,1.0,1.0,0.2,0.0,1.3709505944503406,0.0,0.0,0.0,0.0,0.0,-1.4428232973175177e-12,306.8,118.011440123405,0.3846526731532105,0.2,2,0.6,2,0.6,2,0.4,0.2,3,0,2,0.0549450549450549,0.0,1,1,0.0,0.7142857142857143
normal_00513,0.193672666,0.19305639,0.0031805610548671,0.0007463770904449,-0.000572681,0.0023731138865696,2.321928094880149,0.0,0.9968194389451328,5,1.0,1.0,1.0,5,5,1.0,1.0,0.8,0.0,1.5219280948830345,0.0,0.0,0.0,0.0,0.0,-1.4428232973175177e-12,229.4,118.91509576163996,0.5183744366244113,0.0,2,0.8,2,0.8,2,0.4,0.0,4,0,5,0.0909090909090909,0.0,1,1,0.0,0.9090909090909092
normal_00514,0.39819815015,0.39778349825,0.0312319946235018,0.056566884260454,-0.0026373979183154,0.8827490440745869,3.98959908814078,0.0028129395218002,0.968768005376498,200,2.375,3.555,0.6680731364275668,475,711,3.555,2.375,0.630098452883263,0.0016666666666666,1.6616201820410543,74.22416666666666,1342.748743718593,1816.0422778560892,6.0,0.1498337594683791,4.347894042944085,265.185,133.33831522309205,0.5028124336711807,0.26,1,1.0,1,1.0,1,0.0021052631578947,0.165,4,0,40,0.0013494048282751,0.7785402417516248,1,1,-0.55425458087517,1.2643923240938166
normal_00515,0.013667384,0.0132752239999999,0.0286265973434986,0.0064135928992202,-0.0004070049999999,0.0245271944187156,2.321928094880149,0.0,0.9713734026565014,5,2.2,1.0,2.2,11,5,1.0,2.2,0.8,0.0,1.3709505944503406,0.0,0.0,0.0,0.0,0.0,-1.4428232973175177e-12,301.8,164.18800199770993,0.5440291650023523,0.6,2,0.6,2,0.6,3,0.2727272727272727,0.2,2,0,5,0.0588235294117647,0.6458333333333334,1,1,0.0,0.9411764705882352
normal_00516,0.0523342819999999,0.051959554,0.0153134386375909,0.017611087368451,-0.0019150989999999,0.3462709792901381,3.101881223463033,0.0,0.984686561362409,5,2.4,3.4,0.7058823529411765,12,17,3.4,2.4,0.6470588235294118,0.0,1.3709505944503406,0.0,0.0,0.0,0.0,0.0,-1.4428232973175177e-12,252.8,123.15315667899056,0.4871564742048677,0.2,2,0.6,2,0.6,2,0.1666666666666666,0.2,2,2,4,0.0573122529644268,0.8413142413142413,1,1,-0.6373925505983468,1.2608695652173914
normal_00517,0.0098650855,0.00942567815,0.1464252102514437,0.1513008815351723,-5.8325038648466224e-05,0.7944083303399689,3.6227320783454,0.0010604453870625,0.8535747897485563,200,1.09,4.715,0.2311770943796395,218,943,4.715,1.09,0.2279957582184517,0.0,1.705825301624185,46.29861111111112,837.5628140703518,854.3120567307346,1.0,0.0098998117115199,4.495973653482662,281.305,130.77350850855913,0.464881564524481,0.36,1,1.0,1,1.0,1,0.0045871559633027,0.15,4,0,13,0.0008847938910354,0.889361959393673,1,1,-0.205977400670571,1.013089005235602
normal_00518,28.972246296,28.971723768,1.8035453979691556e-05,6.742361105049972e-06,-0.0005191410000001,1.433510837416735e-05,2.321928094880149,0.0,0.9999819645460204,5,1.0,1.0,1.0,5,5,1.0,1.0,0.8,0.0,0.9709505944517832,0.0,0.0,0.0,0.0,0.0,-1.4428232973175177e-12,267.6,122.83444142421943,0.45902257632369,0.4,2,0.6,2,0.6,2,0.4,0.2,3,2,5,0.0909090909090909,0.0,1,1,0.0,0.9090909090909092
normal_00519,300.702782606,300.70250513200006,5.158285658506767e-06,1.0385070137268384e-05,-99.962216054,0.4246530342903057,1.9999999999942293,0.0,0.9999948417143416,5,2.2,1.6,1.375,11,8,1.6,2.2,0.5,0.0,1.5219280948830345,0.0,0.0,0.0,0.0,0.0,-1.4428232973175177e-12,225.4,92.8267202910886,0.4118310571920523,0.4,2,0.8,2,0.8,2,0.1818181818181818,0.4,4,0,4,0.05,0.7699999999999999,1,1,-0.3944053188733075,0.95
normal_00520,0.386431706,0.3857596259999999,0.0032732350249371,0.0038835908269593,-0.098384322,0.5167758262357541,2.91397707317121,0.0,0.996726764975063,5,1.8,2.2,0.8181818181818181,9,11,2.2,1.8,0.5454545454545454,0.0,0.9709505944517832,0.0,0.0,0.0,0.0,0.0,-1.4428232973175177e-12,271.6,125.41650609070562,0.4617691682279293,0.0,2,0.6,2,0.6,3,0.3333333333333333,0.2,3,0,4,0.0584795321637426,0.7346474953617811,1,1,-0.4988942116946687,1.0526315789473684
normal_00521,0.0340074098,0.03362244775,0.090370329702463,0.0979532457835527,-0.0005342191912322,0.8852428133969199,3.4753906920946904,0.0028248587570621,0.9096296702975368,200,1.08,5.31,0.2033898305084746,216,1062,5.31,1.08,0.2024482109227872,0.0016666666666666,1.7000678178447757,5.751111111111111,104.04020100502512,156.34689041574563,0.0,0.2008805011235978,2.544142732145112,284.93,123.17901790589706,0.4323132625764119,0.285,1,1.0,1,1.0,1,0.0046296296296296,0.155,4,0,6,0.0008018038704917,0.9003593197854726,1,1,-0.2111731823475473,1.01187648456057
normal_00522,0.00377477,0.0032795,0.1325652161101199,0.033509161447873,-0.0002707329999999,0.5486778472328099,3.084962500708172,0.0,0.86743478388988,5,3.0,2.4,1.25,15,12,2.4,3.0,0.3333333333333333,0.0,1.3709505944503406,0.0,0.0,0.0,0.0,0.0,-1.4428232973175177e-12,246.6,141.93942369898505,0.5755856597687958,0.6,2,0.8,2,0.8,2,0.1333333333333333,0.2,3,0,5,0.0357142857142857,0.9079616036137776,1,1,-0.5647156526044596,0.9642857142857144
normal_00523,0.0264863379999999,0.0261320039999999,0.0133573681911457,0.0047739835695091,-0.000325253,0.0099572309877188,2.321928094880149,0.0,0.9866426318088544,5,1.0,1.0,1.0,5,5,1.0,1.0,0.8,0.0,1.3709505944503406,0.0,0.0,0.0,0.0,0.0,-1.4428232973175177e-12,272.6,102.7462894707152,0.3769122871266148,0.4,2,0.6,2,0.6,2,0.4,0.0,3,0,5,0.0909090909090909,0.0,1,1,0.0,0.9090909090909092
normal_00525,0.6028260505499999,0.602438781,0.045592573540682,0.0791373531692761,-0.0129247901530038,0.9184369614992204,3.972419952272354,0.0099403578528827,0.954407426459318,200,1.0,2.515,0.3976143141153081,200,503,2.515,1.0,0.3956262425447316,0.0,1.7407440471065196,5.389166666666667,97.4924623115578,107.7511496212026,1.0,0.0499829798016108,2.6468497736663994,270.54,126.23734684590558,0.4666125040508079,0.32,2,0.51,1,1.0,2,0.01,0.155,4,0,10,0.0014204545454545,0.6695315597101311,1,1,1.5649215442128956e-08,0.9985795454545454
normal_00526,0.4999428739999999,0.499621798,0.0006423743695098,0.0002965514903571,-0.0003648689999999,0.0005842323156604,2.321928094880149,1.0,0.99935762563049,5,1.0,1.0,1.0,5,5,1.0,1.0,0.8,0.0,1.5219280948830345,0.0,0.0,0.0,0.0,0.0,-1.4428232973175177e-12,372.0,121.8113295223396,0.3274498105439236,0.0,2,0.8,2,0.8,3,0.6,0.4,3,0,5,0.0909090909090909,0.0,1,1,0.0,0.9090909090909092
normal_00527,0.1576862028571428,0.1571387957142857,0.0034583600905051,0.0006573910875186,0.0105405482142857,0.498897143235296,3.653996738645511,0.0,0.9965416399094948,7,5.142857142857143,3.2857142857142856,1.565217391304348,36,23,3.2857142857142856,5.142857142857143,0.8260869565217391,0.0642857142857143,1.4488156357208566,0.6644444444444444,398.6666666666667,232.32711612915287,49.0,-0.2636151972852938,-1.4428232973175177e-12,320.85714285714283,145.14984047692298,0.4523815152887181,0.2857142857142857,2,0.5714285714285714,2,0.5714285714285714,3,0.0833333333333333,0.0,3,0,7,0.0272895467160037,0.8562354312354312,1,1,-0.8202019814778485,1.25531914893617
normal_00528,7.05526570365,7.054850671649999,0.0001391097743358,0.0005315634017714,-0.0140733472557188,0.0979173102086679,0.806435689711771,0.0,0.999860890225664,200,1.0,1.035,0.9661835748792272,200,207,1.035,1.0,0.961352657004831,0.0,1.7269075287540738,1.7891666666666666,32.36683417085427,44.73080965272796,0.0,0.1603677475561434,1.4102767859564922,291.885,130.66013981195027,0.4476425298043759,0.29,1,1.0,1,1.0,1,0.005,0.145,4,0,187,0.0024509803921568,0.0336538461538461,1,1,0.0,0.9975490196078431
normal_00529,89.40547838619999,89.40507573945,1.1184997415992557e-05,2.562044246625701e-05,0.9093915095340666,0.4904609128644155,3.634654048054332,0.0106382978723404,0.999988815002584,200,5.485,1.41,3.890070921985816,1097,282,1.41,5.485,0.99645390070922,0.0016666666666666,1.786913166426685,173.7186111111111,3142.64824120603,3629.826326795528,18.0,0.0719350188321571,4.519646070335998,275.73,135.82521690665064,0.4926022446112161,0.32,1,1.0,1,1.0,1,0.0009115770282588,0.16,4,0,199,0.0008191238997663,0.8961346306050588,1,1,-0.4450260792007698,1.0624036979969185
normal_00532,3456.0120003401,3456.01158803295,2.224192783480256e-07,3.818374678577699e-07,32.96267801069209,0.317918364562311,3.701410304376346,0.0,0.9999997775807216,200,3.795,1.0,3.795,759,200,1.0,3.795,0.995,0.0,1.7998523419370598,4.796666666666667,86.77386934673366,142.04265096819822,0.0,0.2415419198989448,2.278674743490765,267.405,133.13751901642618,0.4978871712063207,0.32,1,1.0,1,1.0,1,0.0013175230566534,0.16,4,0,200,0.0010416666666666,0.8774834522202947,1,1,0.0,0.9989583333333332
normal_00533,0.10322085395,0.1027897750499999,0.0481940313330205,0.0701835789546677,-0.0021158973284707,0.8707181837637893,3.565706023969124,0.0046992481203007,0.9518059686669794,200,1.055,5.32,0.1983082706766917,211,1064,5.32,1.055,0.1973684210526315,0.0,1.6993610183413903,103.67527777777778,1875.532663316583,2558.8984395257817,15.0,0.1541044973663425,4.430941420385249,272.115,125.98744363933206,0.4629933801493194,0.36,1,1.0,1,1.0,1,0.0047393364928909,0.15,4,0,5,0.0007973933056486,0.8990440389031936,1,1,-0.1745646737554923,1.007905138339921
normal_00534,0.001373706,0.000787252,0.5934379299744252,0.3832989465780684,-0.000506447,0.5146479145178415,1.5219280948830345,0.0,0.4065620700255746,5,1.0,1.0,1.0,5,5,1.0,1.0,0.4,0.0,1.3709505944503406,0.0,0.0,0.0,0.0,0.0,-1.4428232973175177e-12,319.8,138.18538272914395,0.4320993831430392,0.2,2,0.6,2,0.6,2,0.4,0.2,2,0,3,0.0641025641025641,0.0,1,1,0.0,0.7692307692307693
normal_00535,0.003474578,0.003088266,0.1081098593812672,0.0866263152028357,-0.0002661589999999,0.0689471697062365,2.321928094880149,0.0,0.8918901406187327,5,1.0,1.0,1.0,5,5,1.0,1.0,0.8,0.0,1.3709505944503406,0.0,0.0,0.0,0.0,0.0,-1.4428232973175177e-12,243.8,122.76888856709586,0.5035639399798846,0.6,2,0.8,2,0.8,2,0.4,0.4,3,0,5,0.0909090909090909,0.0,1,1,0.0,0.9090909090909092
normal_00536,0.0546472239999999,0.0540909419999999,0.0106001752762288,0.0035052546871884,0.006571369,0.0971899361634338,2.321928094880149,0.0,0.9893998247237712,5,3.6,1.0,3.6,18,5,1.0,3.6,0.8,0.0,1.5219280948830345,0.0,0.0,0.0,0.0,0.0,-1.4428232973175177e-12,218.0,104.56815958981012,0.4796704568339914,0.4,2,0.8,2,0.8,2,0.1111111111111111,0.0,3,0,5,0.0416666666666666,0.881954887218045,1,1,0.0,0.9583333333333334
normal_00537,2.049711814,2.049306324,0.0003957805439865,0.0003679139518538,-1.23449573,0.5725195247649495,3.722907494300239,0.0,0.9996042194560134,5,1.0,5.6,0.1785714285714285,5,28,5.6,1.0,0.1428571428571428,0.0,1.3709505944503406,0.0,0.0,0.0,0.0,0.0,-1.4428232973175177e-12,346.2,124.95279108527347,0.3609266062544006,0.4,2,0.6,2,0.6,2,0.4,0.2,2,2,2,0.0294117647058823,0.9260831122900086,1,1,0.0,0.9705882352941176
normal_00538,0.2926733840000001,0.292236748,0.0027983719842047,0.0020639252680347,-0.153867166,0.6850248708128063,3.2998963911520214,0.0,0.9972016280157951,5,1.0,4.4,0.2272727272727272,5,22,4.4,1.0,0.1818181818181818,0.0,0.9709505944517832,0.0,0.0,0.0,0.0,0.0,-1.4428232973175177e-12,242.4,136.01948389844742,0.5611364847295686,0.2,2,0.6,2,0.6,2,0.4,0.2,1,0,2,0.0357142857142857,0.8361001317523058,1,1,0.0,0.9642857142857144
normal_00539,0.003546972,0.002965694,0.1631136830827431,0.0439575975340557,-0.000333762,0.4525803345215981,3.4642346527063674,0.0,0.8368863169172569,5,4.6,4.6,1.0,23,23,4.6,4.6,0.1304347826086956,0.0,0.7219280948844771,0.0,0.0,0.0,0.0,0.0,-1.4428232973175177e-12,342.0,97.5628002878146,0.2852713458708029,0.6,2,0.6,2,0.6,2,0.0869565217391304,0.0,2,0,4,0.0203900709219858,0.96295643481006,1,1,-0.9265347601899752,0.9583333333333334
normal_00541,0.0674409377,0.0670204751,0.0585686562544054,0.0833315824220596,0.0003727812159303,0.7336925577837327,3.682855727336882,0.0082987551867219,0.9414313437455946,200,1.0,1.205,0.8298755186721991,200,241,1.205,1.0,0.8257261410788381,0.0,1.7210560258780474,0.0,0.0,0.0,0.0,0.0,-1.4428232973175177e-12,275.005,130.40510893820814,0.4741917744703119,0.335,2,0.555,2,0.555,3,0.015,0.145,4,0,47,0.002262443438914,0.1929447962505814,1,1,0.0,0.997737556561086
normal_00543,0.0003549999999999,0.0001300219999999,0.7473952679270225,0.2321677773852201,-3.4136000000000007e-05,0.7784916170881621,2.791200464790048,0.0,0.2526047320729775,5,2.4,5.4,0.4444444444444444,12,27,5.4,2.4,0.0,0.0,1.5219280948830345,0.0,0.0,0.0,0.0,0.0,-1.4428232973175177e-12,228.8,163.73667884747144,0.7156323376200674,0.4,1,1.0,1,1.0,1,0.0833333333333333,0.0,2,1,1,0.0206131078224101,1.0,1,1,-0.715989995692675,0.8863636363636364
normal_00545,0.109226192,0.108722556,0.0045886358549105,0.001332451939923,0.005576784,0.2756887146240906,2.128085278884181,0.0,0.9954113641450894,5,1.8,1.4,1.2857142857142858,9,7,1.4,1.8,0.5714285714285714,0.0,1.5219280948830345,0.0,0.0,0.0,0.0,0.0,-1.4428232973175177e-12,358.6,146.14136991283473,0.4075331007050606,0.2,2,0.8,2,0.8,2,0.2222222222222222,0.0,3,0,5,0.0588235294117647,0.7361111111111112,1,1,-0.3238751378156478,0.9411764705882352
normal_00546,0.0002498219999999,6.560400000000002e-05,0.8738456899957571,0.2519987263158105,-6.2204e-05,0.8786049631120052,0.4394969869186279,0.0,0.1261543100042429,5,1.0,2.2,0.4545454545454545,5,11,2.2,1.0,0.0,0.0,0.9709505944517832,0.0,0.0,0.0,0.0,0.0,-1.4428232973175177e-12,317.4,71.18145825985866,0.224264203717261,0.8,2,0.6,2,0.6,2,0.4,0.0,2,0,1,0.0380952380952381,0.5,1,1,0.0,0.7619047619047619
normal_00547,0.096848656,0.096404824,0.1438168691340001,0.3149722871108612,-0.024254684,0.6039376826205295,3.022055208861216,0.0,0.8561831308659998,5,1.0,2.4,0.4166666666666667,5,12,2.4,1.0,0.3333333333333333,0.0,0.9709505944517832,0.0,0.0,0.0,0.0,0.0,-1.4428232973175177e-12,295.4,148.15296149588102,0.5015333835337882,0.2,2,0.6,2,0.6,2,0.4,0.2,3,1,5,0.0555555555555555,0.6581196581196581,1,1,0.0,0.9444444444444444
normal_00548,0.159820116,0.159487262,0.0032126300266703,0.0023768638526408,-0.044735568,0.5524803934696546,3.36609132910188,0.0,0.9967873699733296,5,1.0,3.8,0.2631578947368421,5,19,3.8,1.0,0.2105263157894736,0.0,1.5219280948830345,0.0,0.0,0.0,0.0,0.0,-1.4428232973175177e-12,371.8,180.3238752910995,0.4850023541987614,0.4,2,0.6,2,0.6,2,0.4,0.2,3,1,3,0.04,0.9057142857142856,1,1,0.0,0.96
normal_00549,0.6670268779999999,0.666675374,0.0005267815724963,0.000321596174297,-0.0002654569999999,0.0003185442394937,2.321928094880149,0.0,0.9994732184275036,5,1.0,1.0,1.0,5,5,1.0,1.0,0.8,0.0,0.7219280948844771,0.0,0.0,0.0,0.0,0.0,-1.4428232973175177e-12,251.8,143.57820168813927,0.5702073140911011,0.4,1,1.0,1,1.0,1,0.2,0.2,2,0,5,0.0909090909090909,0.0,1,1,0.0,0.9090909090909092
normal_00550,0.002501534,0.0022415,0.2661612912187974,0.4111081922870593,-0.001000447,0.6929062383820358,3.35213553988815,0.0,0.7338387087812026,5,2.0,5.4,0.3703703703703703,10,27,5.4,2.0,0.1481481481481481,0.0,1.3709505944503406,0.0,0.0,0.0,0.0,0.0,-1.4428232973175177e-12,295.2,129.70620648218804,0.4393841683000949,0.0,2,0.6,2,0.6,2,0.2,0.2,2,1,3,0.0263157894736842,0.9349741167922984,1,1,-0.6475811891645339,0.9736842105263158
normal_00552,1.183582502,1.182959488,0.0402366877354281,0.0550705785358368,-0.3091751209999999,0.8658707259201553,3.4357554339243146,0.0,0.959763312264572,5,2.0,4.6,0.4347826086956522,10,23,4.6,2.0,0.391304347826087,0.0,0.9709505944517832,0.0,0.0,0.0,0.0,0.0,-1.4428232973175177e-12,263.8,187.80628317497792,0.7119267747345638,0.4,2,0.6,2,0.6,3,0.3,0.6,3,0,3,0.0406403940886699,0.8577762515262514,1,1,-0.6089648126888653,1.137931034482759
normal_00554,0.01006000655,0.0096403061,0.1354805136099257,0.1295137185747301,-3.279586435160875e-05,0.780692200558818,3.6426490799649103,0.0019120458891013,0.8645194863900743,200,1.08,5.23,0.2065009560229445,216,1046,5.23,1.08,0.2026768642447418,0.0,1.8076409419444064,92.7611111111111,1678.0904522613066,1679.8349260427533,1.0,0.0005195093949132,4.521463414166985,282.035,127.30232987245276,0.4513706804916153,0.31,1,1.0,1,1.0,2,0.0092592592592592,0.135,4,0,9,0.000808326661329,0.8987481671767381,1,1,-0.2108849258861753,1.0096
normal_00556,5.529732461999999,5.529291022,7.876331378605953e-05,4.5140615382583424e-05,0.5934139830000001,0.4761651281073289,3.084962500708172,0.0,0.999921236686214,5,5.8,2.4,2.4166666666666665,29,12,2.4,5.8,0.75,0.0,1.3709505944503406,0.0,0.0,0.0,0.0,0.0,-1.4428232973175177e-12,296.8,54.70557558421263,0.1843179770357568,0.6,2,0.6,2,0.6,2,0.0689655172413793,0.2,3,0,5,0.0307807807807807,0.9142156862745096,1,1,-0.6520969110381712,1.108108108108108
normal_00557,0.0010334539999999,0.000773882,0.3607958451060605,0.2564069850787935,-0.0004057659999999,0.419460331161598,2.321928094880149,0.0,0.6392041548939396,5,1.0,1.0,1.0,5,5,1.0,1.0,0.4,0.0,0.9709505944517832,0.0,0.0,0.0,0.0,0.0,-1.4428232973175177e-12,345.2,68.84547915440781,0.1994364981298024,0.4,2,0.8,2,0.8,2,0.4,0.2,3,2,3,0.0641025641025641,0.0,1,1,0.0,0.7692307692307693
normal_00558,0.280104132,0.279835638,0.0009254209763007,0.00060903119586,0.0321888429999999,0.0927499534566073,0.7219280948844771,0.0,0.9990745790236992,5,2.4,1.0,2.4,12,5,1.0,2.4,0.8,0.0,0.9709505944517832,0.0,0.0,0.0,0.0,0.0,-1.4428232973175177e-12,199.6,150.09430368938055,0.7519754693856742,0.6,2,0.8,2,0.8,3,0.25,0.6,3,2,5,0.0555555555555555,0.6752136752136753,1,1,0.0,0.9444444444444444
normal_00559,1.1765893479999998,1.176011834,0.0011014636181036,0.0009514355538075,-0.5995544460000001,0.5362133793516461,2.9057645846424687,0.0555555555555555,0.9988985363818962,5,1.0,3.6,0.2777777777777778,5,18,3.6,1.0,0.2222222222222222,0.0,1.5219280948830345,0.0,0.0,0.0,0.0,0.0,-1.4428232973175177e-12,358.2,157.53634501282554,0.4397999581597586,0.4,1,1.0,1,1.0,1,0.2,0.4,2,1,2,0.0416666666666666,0.8078833447254499,1,1,0.0,0.9583333333333334
normal_00560,0.2998194859999999,0.29952702,0.0029283101141984,0.0050387374503245,-0.0710186429999999,0.3864493420644448,3.1182751607565486,0.0476190476190476,0.9970716898858016,5,3.8,4.2,0.9047619047619048,19,21,4.2,3.8,0.6666666666666666,0.0,1.921928094881592,0.0,0.0,0.0,0.0,0.0,-1.4428232973175177e-12,206.2,113.5548325699968,0.5507023887972686,0.0,2,0.6,2,0.6,2,0.1052631578947368,0.0,3,1,4,0.043010752688172,0.8087681549220012,1,1,-0.8242757612765955,1.2903225806451613
normal_00561,0.138247802,0.1378647934,0.0532479093741882,0.0872034172477279,-0.0022954890489162,0.76071014371099,3.520698277354664,0.0122448979591836,0.946752090625812,200,1.09,1.225,0.889795918367347,218,245,1.225,1.09,0.8530612244897959,0.0,1.6603312253171754,17.328333333333333,313.47738693467335,544.809835654917,0.0,0.2695280118726183,4.00360106350348,271.43,126.88033019721682,0.4674513878245471,0.32,1,1.0,1,1.0,1,0.0045871559633027,0.12,4,0,47,0.0022512666413824,0.2756798101286291,1,1,-0.0731981667287332,1.0198237885462555
normal_00562,0.003019886,0.002613764,0.1378928268264858,0.0864572200117812,0.0001954749999999,0.5706197004661596,3.180832987191014,0.0,0.8621071731735143,5,5.8,2.6,2.230769230769231,29,13,2.6,5.8,0.3846153846153846,0.0,0.9709505944517832,0.0,0.0,0.0,0.0,0.0,-1.4428232973175177e-12,244.0,69.01811356448393,0.2828611211659177,0.2,2,0.8,2,0.8,3,0.1034482758620689,0.2,2,0,5,0.024390243902439,0.9315315315315312,1,1,-0.7335589665259401,1.0
normal_00564,2.388826175,2.3882453599999995,0.0013607722208993,0.0023394567089595,-0.5869279169230768,0.6455434906298169,3.8545864700927503,0.0,0.9986392277791007,12,1.0,5.083333333333333,0.1967213114754098,12,61,5.083333333333333,1.0,0.180327868852459,0.0,1.584962500716828,0.3352777777777778,109.72727272727272,118.7097996330784,1.0,0.0393216688210574,-1.4428232973175177e-12,234.75,136.53446118438046,0.5816164480697783,0.5833333333333334,2,0.5833333333333334,2,0.5833333333333334,3,0.25,0.0833333333333333,4,0,3,0.0135135135135135,0.8872979171366268,1,1,0.0,0.9864864864864864
normal_00565,0.000818822,0.0004637619999999,0.7002781045673675,0.3280800422632393,-0.000327094,0.748729781768734,2.970840013087558,0.0,0.2997218954326325,5,1.6,3.8,0.4210526315789474,8,19,3.8,1.6,0.0,0.0,1.3709505944503406,0.0,0.0,0.0,0.0,0.0,-1.4428232973175177e-12,306.8,92.3672019712625,0.301066499254441,0.4,2,0.8,1,1.0,2,0.25,0.6,2,0,1,0.0272177419354838,0.925925925925926,1,1,-0.5732135034346397,0.84375
normal_00567,0.000179404,4.8e-06,0.9650976915925488,0.0325330926330558,-1.0000000000000017e-07,-1.882295438342889e-16,-1.4428232973175177e-12,0.0,0.0349023084074512,5,1.8,4.8,0.375,9,24,4.8,1.8,0.0,0.0,0.9709505944517832,0.0,0.0,0.0,0.0,0.0,-1.4428232973175177e-12,196.4,135.37097177755652,0.6892615670955016,0.2,2,0.6,2,0.6,2,0.2222222222222222,0.2,2,0,1,0.0234708392603129,1.0,1,1,-0.5513288802326056,0.868421052631579
normal_00568,0.0047101609,0.00430461025,0.1953450236040516,0.2189857301821747,-1.913116760669016e-05,0.6895660599497362,3.820274060200989,0.0022172949002217,0.8046549763959483,200,1.0,2.255,0.4434589800443459,200,451,2.255,1.0,0.4124168514412417,0.0,1.6845926907913409,0.2444444444444444,4.422110552763819,7.135635925983059,0.0,0.2347797971005025,-1.4428232973175177e-12,282.35,128.3549863174891,0.4545953119089396,0.37,1,1.0,1,1.0,1,0.005,0.135,4,0,14,0.0014743183259353,0.6535664335664335,1,1,0.0,0.9789473684210528
normal_00570,2.69989627755,2.69949863275,0.0003275545806954,0.0005384765329221,0.0095234411898522,0.6080306008060606,3.2065462446568507,0.0174863387978142,0.9996724454193046,200,4.43,4.575,0.9683060109289616,886,915,4.575,4.43,0.9551912568306012,0.0169166666666666,1.71089674036842,0.0,0.0,0.0,0.0,0.0,-1.4428232973175177e-12,283.08,127.88737035957632,0.4517711260406115,0.315,2,0.52,2,0.52,3,0.0033860045146726,0.135,4,0,35,0.0014192255016146,0.6433451610448214,1,1,-0.8564127553085407,1.598047914818101
normal_00572,0.399489068,0.399073276,0.0010407597517919,0.0004514030558131,-0.0004009169999999,0.0008036960109552,2.321928094880149,0.0,0.998959240248208,5,1.0,1.0,1.0,5,5,1.0,1.0,0.8,0.0,1.3709505944503406,0.0,0.0,0.0,0.0,0.0,-1.4428232973175177e-12,321.6,117.16142709953648,0.3643079200856233,0.4,1,1.0,1,1.0,1,0.2,0.2,2,1,5,0.0909090909090909,0.0,1,1,0.0,0.9090909090909092
normal_00573,0.23694855615,0.23654033765,0.0119555194179496,0.0459222786867601,0.0007148316785644,0.5470895762958415,3.531987297787522,0.0110410094637223,0.9880444805820504,200,3.68,3.17,1.160883280757098,736,634,3.17,3.68,0.9668769716088328,0.00825,1.7386247086684403,45.65777777777778,825.9698492462312,828.0023299408126,11.0,0.0012288481754151,4.502314653903366,266.81,133.81256635523013,0.5015275527724977,0.335,2,0.515,2,0.515,3,0.0040760869565217,0.155,4,0,149,0.0014974445071112,0.7483655067843495,1,1,-0.7137330646042792,1.4315569487983282
normal_00574,1.929147528,1.928895852,0.0001386790679079,0.0001007391620997,0.3792502639999999,0.1572921684109671,2.321928094880149,0.0,0.999861320932092,5,7.0,1.0,7.0,35,5,1.0,7.0,0.8,0.0,1.5219280948830345,0.2366666666666666,213.0,174.55228443076876,1.0,-0.0992065254516631,-1.4428232973175177e-12,285.6,148.88015314339248,0.5212890516225226,0.0,2,0.8,2,0.8,2,0.0571428571428571,0.0,2,0,5,0.024390243902439,0.9409090909090908,1,1,0.0,0.975609756097561
normal_00575,0.00268986,0.002308108,0.1350986497457198,0.1216172989672047,0.0001449649999999,0.1009751710058629,2.321928094880149,0.0,0.8649013502542802,5,6.8,1.0,6.8,34,5,1.0,6.8,0.8,0.0,1.5219280948830345,0.0,0.0,0.0,0.0,0.0,-1.4428232973175177e-12,319.8,122.77296119260136,0.3839054446297728,0.2,2,0.6,2,0.6,2,0.0588235294117647,0.0,2,0,5,0.025,0.9437229437229436,1,1,0.0,0.975
normal_00578,0.014430504,0.01405016,0.061819077408219,0.0637369656410114,-0.004527577,0.549982963895073,3.643074189408372,0.0,0.938180922591781,5,2.0,5.0,0.4,10,25,5.0,2.0,0.36,0.0,0.9709505944517832,0.0,0.0,0.0,0.0,0.0,-1.4428232973175177e-12,304.4,113.67629480239052,0.3734438068409676,0.6,1,1.0,1,1.0,1,0.1,0.4,2,0,4,0.0376344086021505,0.8782012858935937,1,1,-0.6245905712692529,1.1290322580645162
normal_00579,0.027884706,0.027645444,0.0096407977275205,0.0063931579603486,-0.006162704,0.4534766259014203,1.752715278973934,0.0,0.9903592022724794,5,1.0,1.8,0.5555555555555556,5,9,1.8,1.0,0.4444444444444444,0.0,1.921928094881592,0.0,0.0,0.0,0.0,0.0,-1.4428232973175177e-12,313.0,172.90315208231456,0.5524062366847111,0.8,1,1.0,1,1.0,1,0.2,0.2,3,1,5,0.0666666666666666,0.5333333333333333,1,1,0.0,0.9333333333333332
normal_00580,2.8358570681,2.8354155881,0.0004847829625993,0.0014280131180362,0.0262349634744618,0.5993451547062255,3.45955773328062,0.0091324200913242,0.9995152170374006,200,4.43,3.285,1.34855403348554,886,657,3.285,4.43,0.9756468797564688,0.00825,1.7272113101380906,900.975,16299.045226130653,15034.342611225922,208.0,-0.0403627792011981,4.496140961927031,263.275,129.12768553201235,0.4904669472301295,0.285,2,0.545,2,0.545,3,0.0033860045146726,0.135,4,0,181,0.0012717361382409,0.7896371643019963,1,1,-0.7393900289678124,1.4001814882032668
normal_00581,0.001443742,0.00086643,0.5373694467792456,0.3220851073670564,-0.000460235,0.7353109887700104,3.2516291673733955,0.0,0.4626305532207544,5,1.8,2.4,0.75,9,12,2.4,1.8,0.0833333333333333,0.0,0.9709505944517832,0.0,0.0,0.0,0.0,0.0,-1.4428232973175177e-12,253.8,151.93979070671384,0.5986595378515124,0.4,2,0.8,2,0.8,2,0.2222222222222222,0.4,3,2,2,0.035,0.75,1,1,-0.4385290096535144,0.84
normal_00582,0.009233464,0.008890786,0.0370318429742218,0.024104222408896,0.000339548,0.4334134119004597,2.755057619926766,0.0,0.962968157025778,5,4.2,3.8,1.105263157894737,21,19,3.8,4.2,0.7894736842105263,0.0,1.5219280948830345,0.0,0.0,0.0,0.0,0.0,-1.4428232973175177e-12,167.0,72.05206450893687,0.4314494880774662,0.4,1,1.0,1,1.0,2,0.0952380952380952,0.4,3,0,5,0.0459770114942528,0.8413434343434344,1,1,-0.8105967375089631,1.3333333333333333
normal_00586,0.000226098,7.822200000000002e-05,0.8129920563313119,0.3194076455454851,-7.722200000000001e-05,0.7897726982178929,0.7219280948844771,0.0,0.187007943668688,5,2.4,1.0,2.4,12,5,1.0,2.4,0.2,0.0,-1.4428232973175177e-12,0.0,0.0,0.0,0.0,0.0,-1.4428232973175177e-12,264.0,156.55510212062717,0.5930117504569211,0.6,2,0.6,2,0.6,2,0.1666666666666666,0.2,3,1,2,0.0404761904761904,0.5486111111111112,1,1,0.0,0.8095238095238095
normal_00589,0.083355534,0.082963498,0.0277544437863999,0.0591167836033206,-0.0156292144642857,0.684816914264749,3.661513517636175,0.0,0.9722455562136,15,1.0,4.4,0.2272727272727272,15,66,4.4,1.0,0.2121212121212121,0.0,1.9329145639736272,0.2069444444444444,53.21428571428572,34.6228218942126,8.0,-0.2116584246254754,-1.4428232973175177e-12,297.8,120.78091145304612,0.4055772715011623,0.4,2,0.6666666666666666,2,0.6666666666666666,3,0.2,0.2,4,0,3,0.0121951219512195,0.8603871253124983,1,1,0.0,0.9878048780487804
normal_00590,0.6487586880000001,0.648359256,0.0006157236997128,0.000302284539634,-0.0004635429999999,0.000571958210773,2.321928094880149,0.0,0.9993842763002873,5,1.0,1.0,1.0,5,5,1.0,1.0,0.8,0.0,1.5219280948830345,0.0,0.0,0.0,0.0,0.0,-1.4428232973175177e-12,235.6,157.28572726093108,0.6675964654538671,0.2,2,0.6,2,0.6,2,0.4,0.0,2,0,5,0.0909090909090909,0.0,1,1,0.0,0.9090909090909092
normal_00591,0.3920421859999999,0.391648852,0.0010030956674225,0.0003852370513624,-0.0003753649999999,0.0007667378532237,2.321928094880149,0.0,0.9989969043325776,5,1.0,1.0,1.0,5,5,1.0,1.0,0.8,0.0,1.3709505944503406,0.0,0.0,0.0,0.0,0.0,-1.4428232973175177e-12,273.8,115.3048134294488,0.4211278795816245,0.8,2,0.8,2,0.8,3,0.6,0.4,3,1,5,0.0909090909090909,0.0,1,1,0.0,0.9090909090909092
normal_00594,1.31392737,1.313591664,0.0002556876537604,0.0001645136687904,-0.018306123,0.4709049910657774,2.5219280948772638,0.0,0.9997443123462396,5,3.0,2.0,1.5,15,10,2.0,3.0,0.9,0.0,0.7219280948844771,0.0,0.0,0.0,0.0,0.0,-1.4428232973175177e-12,282.2,129.99499990384246,0.4606484759172305,0.0,1,1.0,1,1.0,1,0.0666666666666666,0.2,3,0,5,0.0595238095238095,0.9136904761904764,1,1,-0.5243788202755696,1.1904761904761905
normal_00595,10.680818158,10.68031127,0.0005245317451627,0.0010429195702123,-6.108437088,0.6236928519780865,3.213513255993201,0.0476190476190476,0.9994754682548372,5,1.0,4.2,0.238095238095238,5,21,4.2,1.0,0.1904761904761904,0.0,0.7219280948844771,0.0,0.0,0.0,0.0,0.0,-1.4428232973175177e-12,300.6,148.48838338402098,0.4939733312841682,0.2,2,0.6,2,0.6,1,0.2,0.0,1,0,3,0.037037037037037,0.8681818181818183,1,1,0.0,0.9629629629629628
normal_00597,0.7886842300000001,0.788160032,0.0008196621087765,0.0004273652750121,-0.304677636,0.6491270867944745,3.499999999982687,0.0,0.9991803378912234,5,1.0,3.2,0.3125,5,16,3.2,1.0,0.25,0.0,0.7219280948844771,0.0,0.0,0.0,0.0,0.0,-1.4428232973175177e-12,238.0,124.5090358166828,0.5231472093137932,0.2,2,0.6,2,0.6,2,0.4,0.4,2,2,3,0.0454545454545454,0.7626050420168068,1,1,3.0095685652764587e-08,0.9545454545454546
normal_00598,0.176541396,0.17592321,0.0035813061532053,0.001666786424476,0.025674582,0.1171133337096339,1.921928094881592,0.0,0.9964186938467944,5,5.0,1.0,5.0,25,5,1.0,5.0,0.8,0.0,1.921928094881592,0.0,0.0,0.0,0.0,0.0,-1.4428232973175177e-12,277.2,167.0110774769147,0.6024930644910342,0.2,2,0.6,2,0.6,3,0.12,0.2,3,0,5,0.032258064516129,0.8902097902097903,1,1,0.0,0.967741935483871
normal_00599,0.3105462925,0.31012052,0.001362060873274,0.0005805068008676,0.0356223328571428,0.150798909565868,2.499999999991344,0.0,0.998637939126726,8,3.875,1.0,3.875,31,8,1.0,3.875,0.875,0.0,0.9544340029220796,5.744166666666667,2954.1428571428573,2015.9402930905771,530.0,-0.1887699935177572,2.2499999999927867,318.625,142.90450107876737,0.4485037303374417,0.625,2,0.75,2,0.75,2,0.064516129032258,0.125,3,2,8,0.025,0.9101686507936508,1,1,0.0,0.975
normal_00600,0.018708728,0.01820965,0.0587543276380277,0.0810848987096948,-0.000360327,0.5417875000343225,3.7406015629290814,0.0,0.9412456723619724,5,2.4,4.8,0.5,12,24,4.8,2.4,0.3333333333333333,0.0,0.9709505944517832,0.0,0.0,0.0,0.0,0.0,-1.4428232973175177e-12,335.0,145.09479659863754,0.4331187958168285,0.2,1,1.0,1,1.0,1,0.0833333333333333,0.2,2,2,4,0.034090909090909,0.9028067170924314,1,1,-0.6376171154427164,1.0909090909090908
normal_00601,1.6983106234000005,1.69790236695,0.0244693051510203,0.0634824426118194,0.0245667497630915,0.8968064130408395,4.054904063645972,0.0134589502018842,0.9755306948489796,200,2.74,3.715,0.7375504710632571,548,743,3.715,2.74,0.7039030955585465,0.0016666666666666,1.7066580275824947,17.43,315.31658291457285,343.6347325627888,0.0,0.0429745703257327,4.103901763058227,274.765,136.32863698176746,0.4961644932279128,0.27,1,1.0,1,1.0,1,0.0018248175182481,0.17,4,0,53,0.0013791909885733,0.7691863619597988,1,1,-0.6057832982252409,1.3336776859504131
normal_00602,0.005875004,0.005321962,0.098828727956356,0.034645655800732,0.0010621489999999,0.1596627709855873,2.321928094880149,0.0,0.901171272043644,5,6.8,1.0,6.8,34,5,1.0,6.8,0.8,0.0,1.3709505944503406,0.0,0.0,0.0,0.0,0.0,-1.4428232973175177e-12,249.0,149.507524894234,0.6004318268844738,0.4,2,0.6,2,0.6,2,0.0588235294117647,0.0,3,3,5,0.025,0.9395937395937396,1,1,0.0,0.975
normal_00603,0.224340222,0.223855008,0.0026741180221645,0.0017816371411312,0.058094172,0.5657645756131577,2.9219280948758204,0.0,0.9973258819778352,5,5.2,2.0,2.6,26,10,2.0,5.2,0.9,0.0,1.5219280948830345,0.0,0.0,0.0,0.0,0.0,-1.4428232973175177e-12,339.6,159.7976845889827,0.4705467744080762,0.2,2,0.8,2,0.8,2,0.0769230769230769,0.4,3,1,5,0.0362903225806451,0.9172124172124172,1,1,-0.6308205731624142,1.125
normal_00608,0.4817943339999999,0.48145094,0.0010217966401397,0.0008501178189258,-0.152660507,0.6696485318132543,3.725480556977669,0.0555555555555555,0.99897820335986,5,2.6,3.6,0.7222222222222222,13,18,3.6,2.6,0.2222222222222222,0.0,1.921928094881592,0.0,0.0,0.0,0.0,0.0,-1.4428232973175177e-12,191.8,103.00825209661602,0.5370607512857978,0.2,2,0.6,2,0.6,2,0.1538461538461538,0.4,3,2,4,0.03125,0.9215833549166882,1,1,-0.6303089364131992,0.96875
normal_00609,0.002209556,0.001620276,0.350990232172199,0.2012153614975847,-0.00056847,0.5230779612033177,2.82257976183095,0.0,0.649009767827801,5,1.0,3.0,0.3333333333333333,5,15,3.0,1.0,0.0666666666666666,0.0,1.3709505944503406,0.0,0.0,0.0,0.0,0.0,-1.4428232973175177e-12,276.4,146.80361030982854,0.5311273889646474,0.4,2,0.8,2,0.8,2,0.4,0.4,2,1,2,0.036231884057971,0.8270676691729323,1,1,0.0,0.8333333333333334
normal_00610,0.0119262138999999,0.0114999246999999,0.0985601107980925,0.1095586196693005,-9.04500589514738e-06,0.584744041598568,3.625505989249373,0.0,0.9014398892019077,200,1.34,1.495,0.8963210702341137,268,299,1.495,1.34,0.8127090301003345,0.0,1.6828175463207458,0.8811111111111111,15.93969849246231,31.32655658778645,0.0,0.3255357986199731,0.8414646362052902,276.505,127.78900627842812,0.4621580306990041,0.35,1,1.0,1,1.0,1,0.003731343283582,0.195,4,0,84,0.0020689504181688,0.5050626439242992,1,1,-0.1972924885184428,1.08206106870229
normal_00611,0.000367388,0.000109246,0.8600602791546251,0.1911365678504985,-9.5814e-05,0.7471577906742585,1.3709505944503406,0.0,0.1399397208453748,5,1.0,1.0,1.0,5,5,1.0,1.0,0.0,0.0,1.3709505944503406,0.0,0.0,0.0,0.0,0.0,-1.4428232973175177e-12,247.6,160.2632209834808,0.6472666437135736,0.2,1,1.0,1,1.0,1,0.2,0.2,2,0,1,0.0476190476190476,0.0,1,1,0.0,0.6666666666666666
normal_00612,274.548850476,274.54844485,1.4502960471519946e-06,6.421684096913246e-07,43.572646162000005,0.1269652681829787,2.321928094880149,0.0,0.999998549703953,5,6.2,1.0,6.2,31,5,1.0,6.2,0.8,0.0,-1.4428232973175177e-12,0.0,0.0,0.0,0.0,0.0,-1.4428232973175177e-12,259.4,136.93173481702482,0.5278787001427325,0.6,2,0.6,2,0.6,2,0.064516129032258,0.0,3,0,5,0.027027027027027,0.9355405011655012,1,1,0.0,0.972972972972973
normal_00613,0.05611335,0.055702582,0.0076590521282076,0.0027499971247488,0.008293229,0.1197430309424435,1.921928094881592,0.0,0.9923409478717922,5,4.8,1.0,4.8,24,5,1.0,4.8,0.8,0.0,0.9709505944517832,0.0,0.0,0.0,0.0,0.0,-1.4428232973175177e-12,319.8,141.3177271257927,0.4418940810687701,0.2,2,0.6,2,0.6,3,0.125,0.2,3,2,5,0.0333333333333333,0.9306433566433566,1,1,0.0,0.9666666666666668
normal_00614,0.214076466,0.213753582,0.0015067278206655,0.0013254929422302,-0.000360715,0.0013500218209209,2.321928094880149,0.0,0.9984932721793346,5,1.0,1.0,1.0,5,5,1.0,1.0,0.8,0.0,0.7219280948844771,0.0,0.0,0.0,0.0,0.0,-1.4428232973175177e-12,265.6,58.637019023821466,0.2207719089752314,0.2,2,0.8,2,0.8,3,0.6,0.0,3,0,5,0.0909090909090909,0.0,1,1,0.0,0.9090909090909092
normal_00615,0.0045925865999999,0.004193672,0.1670711502823849,0.1930364151236621,1.967050050251256e-05,0.5283152435552421,3.459735801366689,0.0,0.832928849717615,200,2.79,2.825,0.9876106194690264,558,565,2.825,2.79,0.5203539823008849,0.0084166666666666,1.792694570916601,292.18805555555554,5285.814070351758,5358.292901165109,26.0,0.0068092918463991,4.467362403940673,274.68,136.95650044841017,0.4986038315436514,0.335,2,0.505,2,0.505,2,0.003584229390681,0.115,4,0,55,0.0010616253171641,0.8233454437875628,1,1,-0.6256767800949443,1.0913508260447036
normal_00616,0.046429796,0.045989396,0.0277953281771142,0.031304719301176,-0.022087051,0.6964166609189647,2.8729055953085147,0.0,0.9722046718228856,5,1.6,3.0,0.5333333333333333,8,15,3.0,1.6,0.4666666666666667,0.0,0.7219280948844771,0.0,0.0,0.0,0.0,0.0,-1.4428232973175177e-12,162.4,101.65529991102284,0.6259562802402885,0.2,1,1.0,1,1.0,1,0.125,0.0,2,0,3,0.0547619047619047,0.8305059523809523,1,1,-0.4983633343976015,1.0952380952380951
normal_00618,0.0135317996,0.0131107263499999,0.0735810315941893,0.1174770350629262,3.579825933398335e-05,0.5228040054500019,3.62961168949416,0.0055555555555555,0.9264189684058104,200,1.84,1.8,1.022222222222222,368,360,1.8,1.84,0.825,0.0,1.6190448715396533,28.86861111111111,522.2462311557789,623.9047043208885,2.0,0.0886955374013034,4.421308446848487,266.38,132.26255143676465,0.4965183250873363,0.345,2,0.535,2,0.535,2,0.0054347826086956,0.22,4,0,109,0.0018313083289311,0.6792022328701729,1,1,-0.3438325317740239,1.1537242472266245
normal_00619,0.333630396,0.333208736,0.0050458172307626,0.0093106653156139,-0.162443193,0.5774600330175851,3.7192945256453394,0.0,0.9949541827692372,5,1.0,5.2,0.1923076923076923,5,26,5.2,1.0,0.1538461538461538,0.0,1.5219280948830345,0.0,0.0,0.0,0.0,0.0,-1.4428232973175177e-12,269.4,146.71162189819864,0.5445865697780202,0.2,1,1.0,1,1.0,1,0.2,0.2,3,0,2,0.03125,0.9252525252525252,1,1,0.0,0.96875
normal_00620,0.0955837019999999,0.0952220479999999,0.0219523339175425,0.040508681885992,-0.032162746,0.6442963093509406,3.820888851328549,0.0476190476190476,0.9780476660824576,5,3.4,4.2,0.8095238095238094,17,21,4.2,3.4,0.2857142857142857,0.0,0.9709505944517832,0.0,0.0,0.0,0.0,0.0,-1.4428232973175177e-12,244.4,148.83984681529338,0.6090010098825425,0.4,1,1.0,1,1.0,1,0.0588235294117647,0.4,2,1,4,0.0285285285285285,0.9226200882450882,1,1,-0.6930093926214788,1.027027027027027
normal_00621,0.000490358,0.000134134,0.7293507160485722,0.2762014997985549,-0.000109025,0.6891377279436981,1.921928094881592,0.0,0.2706492839514278,5,3.6,1.0,3.6,18,5,1.0,3.6,0.0,0.0,1.5219280948830345,0.0,0.0,0.0,0.0,0.0,-1.4428232973175177e-12,138.6,103.87155529787738,0.7494340209082062,0.4,2,0.6,2,0.6,2,0.1111111111111111,0.0,3,0,1,0.0304232804232804,0.8260869565217391,1,1,0.0,0.8214285714285714
normal_00622,32.91130595205,32.9109181993,3.928058406437358e-05,0.0001647483958036,0.3307431403840245,0.5361344417124088,3.468190290184919,0.0151057401812688,0.9999607194159356,200,5.205,1.655,3.1450151057401814,1041,331,1.655,5.205,0.9969788519637462,0.00125,1.7168671512944815,128.77083333333334,2329.522613065327,3299.744418036497,4.0,0.1723531322303016,4.39827065197163,274.94,129.4668091572772,0.4708911368199505,0.31,2,0.535,2,0.535,3,0.0028818443804034,0.14,4,0,200,0.0008901449534879,0.8856949095715055,1,1,-0.5206101292589255,1.104669887278583
normal_00623,0.0231619798666666,0.0227871813333333,0.085085986485361,0.0970500802081085,-0.0008854540577524,0.81345137257334,3.807092613869822,0.0032786885245901,0.9149140135146392,75,1.0,4.066666666666666,0.2459016393442623,75,305,4.066666666666666,1.0,0.2426229508196721,0.0,1.717259618416036,31.80583333333333,1547.3108108108108,2297.931019627049,3.0,0.195207542702396,3.954322938147684,263.8,136.23151994684278,0.516419711701451,0.3066666666666666,2,0.5466666666666666,2,0.5466666666666666,2,0.0266666666666666,0.16,4,0,5,0.0026246719160104,0.8542708743689135,1,1,0.0,0.9973753280839897
normal_00624,0.204623052,0.204441692,0.0014236873689994,0.0016061465063321,-0.059607018,0.239214956702667,1.0612781244548048,0.0,0.9985763126310008,5,1.8,1.6,1.125,9,8,1.6,1.8,0.5,0.0,1.3709505944503406,0.0,0.0,0.0,0.0,0.0,-1.4428232973175177e-12,162.4,92.05324546152625,0.56683032919659,0.8,1,1.0,1,1.0,1,0.1111111111111111,0.0,1,0,3,0.0555555555555555,0.6239316239316239,1,1,-0.3580574370197166,0.9444444444444444
normal_00625,168.85953894575002,168.85912072765,4.66006781216406e-06,7.134924181947144e-06,1.6274374516950507,0.3279332950578347,3.6487734528845457,0.0,0.999995339932188,200,4.665,1.01,4.618811881188119,933,202,1.01,4.665,0.995049504950495,0.0,1.720727665627315,28.19833333333333,510.1206030150754,659.2968277361517,3.0,0.1275645640284721,4.37015410898537,281.9,126.07878210262984,0.4472464778383463,0.285,2,0.53,2,0.53,2,0.0021436227224008,0.125,4,0,200,0.0008833908510283,0.8969931448518182,1,1,-0.080474703316895,1.0008818342151675
normal_00626,0.0007446239999999,0.000543234,0.478836309642601,0.3288830275103744,-0.000362469,0.6482255213354517,3.235926350614606,0.0,0.521163690357399,5,1.0,2.8,0.3571428571428571,5,14,2.8,1.0,0.0714285714285714,0.0,1.5219280948830345,0.0,0.0,0.0,0.0,0.0,-1.4428232973175177e-12,322.6,160.2710204622158,0.4968103548115802,0.4,2,0.6,2,0.6,3,0.6,0.0,2,0,2,0.0375494071146245,0.748015873015873,1,1,0.0,0.8260869565217391
normal_00627,3.19339082135,3.1929904395499995,0.0109578035267212,0.0275875230072852,-0.0578121603427961,0.7317558928957317,3.607820448488157,0.0177777777777777,0.989042196473279,200,1.01,1.125,0.8977777777777778,202,225,1.125,1.01,0.8933333333333333,0.0,1.7220957867205118,8.015555555555556,145.00502512562815,276.3973997486472,0.0,0.311797860826785,2.9922083491335,254.53,128.05204304751726,0.5030921425667594,0.335,2,0.62,2,0.62,2,0.0099009900990099,0.185,4,0,47,0.0023584645125655,0.1285292878213232,1,1,-0.0230134639183031,1.0023474178403755
normal_00628,0.11143896685,0.1110557474,0.0155121370315096,0.0334462843346699,-0.0006102820127953,0.4626132970614509,3.692659513339773,0.0043290043290043,0.9844878629684904,200,1.155,1.155,1.0,231,231,1.155,1.155,0.9523809523809524,0.0033333333333333,1.800322980231749,120.39694444444444,2178.035175879397,2136.8039708447595,1.0,-0.0095556760362527,4.490166043181782,265.45,129.38294801163292,0.4874098625414689,0.365,2,0.535,1,1.0,3,0.0129870129870129,0.135,4,0,55,0.002370178840767,0.2518024040994386,1,1,-0.0861182417618391,1.0452488687782806
normal_00629,33.52018080180001,33.5197688433,2.320425549015715e-05,3.501426240777244e-05,0.2915771685351083,0.3751960483807007,3.776589734761554,0.0,0.9999767957445098,200,3.07,1.13,2.7168141592920354,614,226,1.13,3.07,0.995575221238938,0.0,1.7574493834321636,107.55694444444444,1945.7537688442208,2379.3310205180287,1.0,0.1002471102393671,4.476458723161596,262.74,127.05256459770604,0.4835676509009136,0.315,1,1.0,1,1.0,1,0.001628664495114,0.15,4,0,195,0.001266185315265,0.822031852519658,1,1,-0.2031742349058682,1.030674846625767
normal_00630,0.004561818,0.004199578,0.0770686921130875,0.0477175385018105,-0.000350119,0.0666960346968193,1.921928094881592,0.0,0.9229313078869126,5,1.0,1.0,1.0,5,5,1.0,1.0,0.8,0.0,1.5219280948830345,0.0,0.0,0.0,0.0,0.0,-1.4428232973175177e-12,213.0,93.74699995199846,0.4401267603380209,0.2,2,0.8,2,0.8,2,0.4,0.0,4,0,5,0.0909090909090909,0.0,1,1,0.0,0.9090909090909092
normal_00631,0.03384632,0.033486376,0.0119335937601889,0.0056947355266499,0.006251955,0.5301485396130455,3.189898095449861,0.0,0.9880664062398112,5,5.0,3.0,1.6666666666666667,25,15,3.0,5.0,0.8,0.0,1.5219280948830345,0.0,0.0,0.0,0.0,0.0,-1.4428232973175177e-12,144.2,75.77070674079793,0.5254556639445072,0.6,2,0.6,2,0.6,2,0.08,0.6,3,0,5,0.0378787878787878,0.9147359992948229,1,1,-0.7833183539271807,1.2121212121212122
normal_00632,0.4316234579999999,0.4313242459999999,0.0006937224216789,0.0003885166988939,-0.0012387109999999,0.4675805121328608,3.6732696894949104,0.04,0.999306277578321,5,5.4,5.0,1.08,27,25,5.0,5.4,0.8,0.04,0.9709505944517832,0.0,0.0,0.0,0.0,0.0,-1.4428232973175177e-12,235.2,118.313989029193,0.5030356676411267,0.4,1,1.0,1,1.0,1,0.037037037037037,0.0,3,1,5,0.039039039039039,0.828864109746463,1,1,-0.9338883092798158,1.4054054054054057
normal_00634,7.6549724473,7.654566837,8.95866992183108e-05,9.10634088059622e-05,0.0799084152070351,0.3480076860914207,3.2325294416353705,0.0,0.9999104133007816,200,1.34,1.0,1.34,268,200,1.0,1.34,0.995,0.0,1.7170578203603897,203.22916666666663,3676.5075376884415,5412.398055599269,1.0,0.1909900482620049,4.473486535849172,283.455,132.32656412400468,0.4668344679896445,0.36,2,0.54,2,0.54,3,0.0111940298507462,0.13,4,0,200,0.0021321961620469,0.3298374075325747,1,1,0.0,0.997867803837953
normal_00635,63.809296946,63.80886044199999,6.840736243228976e-06,5.175490533072534e-06,-0.0003154630000011,3.955099624958778e-06,2.321928094880149,0.0,0.9999931592637568,5,1.0,1.0,1.0,5,5,1.0,1.0,0.8,0.0,1.5219280948830345,0.0,0.0,0.0,0.0,0.0,-1.4428232973175177e-12,285.8,85.10992891549141,0.2977954125804458,0.0,2,0.8,2,0.8,2,0.4,0.2,2,1,5,0.0909090909090909,0.0,1,1,0.0,0.9090909090909092
normal_00636,0.00062565,0.0002379859999999,0.7908531288601773,0.3370489996206387,-0.0001660349999999,0.7867657014371526,2.1021871709392346,0.0,0.2091468711398227,5,1.0,3.6,0.2777777777777778,5,18,3.6,1.0,0.0,0.0,1.5219280948830345,15.148333333333332,13633.5,18284.552968284457,1282.0,0.1457185678871452,2.321928094880149,261.2,156.066332051471,0.5974974427697971,0.4,2,0.6,2,0.6,2,0.4,0.2,3,0,1,0.0304232804232804,0.8260869565217391,1,1,0.0,0.8214285714285714
normal_00637,0.0053387479999999,0.004901602,0.0831491646190584,0.0477056090765699,4.328499999999994e-05,0.0799250530744847,2.321928094880149,0.0,0.9168508353809416,5,1.6,1.0,1.6,8,5,1.0,1.6,0.8,0.0,1.5219280948830345,0.0,0.0,0.0,0.0,0.0,-1.4428232973175177e-12,341.4,113.13841080729392,0.331395462235776,0.6,2,0.8,2,0.8,1,0.125,0.0,1,1,5,0.0714285714285714,0.4666666666666667,1,1,0.0,0.9285714285714286
normal_00638,0.012850824,0.012365972,0.1484595973879669,0.1488642705285222,-0.005131488,0.7262889463273526,3.848884616604594,0.0,0.8515404026120331,5,1.0,6.2,0.1612903225806451,5,31,6.2,1.0,0.1290322580645161,0.0,1.3709505944503406,0.0,0.0,0.0,0.0,0.0,-1.4428232973175177e-12,229.8,136.27802464080554,0.59302882785381,0.0,1,1.0,1,1.0,2,0.4,0.4,2,0,3,0.027027027027027,0.934911616161616,1,1,0.0,0.972972972972973
normal_00639,0.395681518,0.395247124,0.0010932662663451,0.0004900826709439,0.044989792,0.0910894177689197,1.921928094881592,0.2,0.998906733733655,5,4.2,1.0,4.2,21,5,1.0,4.2,0.8,0.0,-1.4428232973175177e-12,0.0,0.0,0.0,0.0,0.0,-1.4428232973175177e-12,275.0,138.30401295696376,0.5029236834798683,0.2,1,1.0,1,1.0,1,0.0476190476190476,0.0,3,0,5,0.037037037037037,0.9151416765053128,1,1,0.0,0.9629629629629628
normal_00640,0.017357712,0.0168463,0.0478275224440888,0.0352517624258904,-0.006054668,0.475755477463894,2.952819531101799,0.0,0.9521724775559112,5,2.2,3.2,0.6875,11,16,3.2,2.2,0.5,0.0,1.3709505944503406,0.0,0.0,0.0,0.0,0.0,-1.4428232973175177e-12,256.6,145.91367310845135,0.5686425296510185,0.6,2,0.8,2,0.8,2,0.1818181818181818,0.0,3,1,3,0.0489130434782608,0.7518282886703939,1,1,-0.5874223612059462,1.125
normal_00641,0.184909584,0.184663802,0.0068768342995492,0.007083641516885,-0.124987769,0.6902197719707532,3.671405583422299,0.0,0.9931231657004508,5,1.0,5.2,0.1923076923076923,5,26,5.2,1.0,0.1538461538461538,0.0,1.3709505944503406,0.0,0.0,0.0,0.0,0.0,-1.4428232973175177e-12,350.4,120.3050289888166,0.3433362699452528,0.0,1,1.0,1,1.0,1,0.2,0.0,3,0,2,0.03125,0.8974860530416086,1,1,0.0,0.96875
normal_00642,7.125452914,7.124966618,0.0001094086513063,8.186719213271416e-05,-1.7546062279999994,0.682602894845591,3.499999999982687,0.0,0.9998905913486936,5,2.4,3.2,0.7499999999999999,12,16,3.2,2.4,0.4375,0.0,0.9709505944517832,0.0,0.0,0.0,0.0,0.0,-1.4428232973175177e-12,317.6,140.79524139685972,0.4433099540203391,0.0,2,0.6,2,0.6,2,0.1666666666666666,0.0,3,0,4,0.043076923076923,0.8325272610986897,1,1,-0.5978740604215989,1.0769230769230769
normal_00643,0.0248442034499999,0.02446239425,0.0965423779104596,0.1048146285765664,-0.0004584190120528,0.8761315851080117,3.563046524329029,0.0014025245441795,0.9034576220895404,200,1.0,3.565,0.2805049088359046,200,713,3.565,1.0,0.2791023842917251,0.0,1.6773380397733404,4.032777777777778,72.95477386934674,128.5577240264404,0.0,0.2759280478268346,2.1824991804281497,272.835,126.59128938334854,0.4639847870813808,0.295,1,1.0,1,1.0,1,0.005,0.165,4,0,11,0.0010940919037199,0.8180110505740762,1,1,0.0,0.99890590809628
normal_00645,0.0617908554545454,0.061362199090909,0.0145913470870241,0.0237973741022709,-0.005711439,0.5377138530071492,2.8325608750422635,0.0,0.985408652912976,11,1.0,1.9090909090909087,0.5238095238095238,11,21,1.9090909090909087,1.0,0.4761904761904761,0.0,1.4353713907702053,16.97277777777778,6110.2,8120.473567471296,375.0,0.1412634165164474,2.732158891354471,284.72727272727275,123.05453336557,0.4321838655878895,0.1818181818181818,1,1.0,1,1.0,1,0.0909090909090909,0.0909090909090909,3,0,10,0.0303030303030303,0.5440771349862259,1,1,0.0,0.9696969696969696
normal_00646,0.063025086,0.062395316,0.0284604856565294,0.0291213078400143,-0.00317687,0.700446564770984,3.030639062216582,0.0,0.9715395143434704,5,2.0,3.2,0.625,10,16,3.2,2.0,0.5625,0.0,1.3709505944503406,39.10166666666667,35191.5,39789.08075402094,418.0,0.0613169531068801,1.921928094881592,270.2,123.62928455669392,0.4575473151617096,0.2,1,1.0,1,1.0,1,0.1,0.0,2,0,3,0.0562770562770562,0.7394957983193278,1,1,-0.553446041641282,1.181818181818182
normal_00647,0.29696621455,0.29653312145,0.0125747351057692,0.0412261372353626,0.0013293114273081,0.5946095485671731,3.607808806331709,0.0026041666666666,0.9874252648942308,200,2.08,1.92,1.0833333333333337,416,384,1.92,2.08,0.9817708333333334,0.0054166666666666,1.7590917639824868,34.97277777777778,632.6733668341709,1165.1311478984833,2.0,0.2961711224445848,4.385172498643688,280.115,126.6276612671574,0.4520559815331467,0.35,2,0.55,2,0.55,2,0.0048076923076923,0.145,4,0,90,0.0020644841628258,0.6595057006042223,1,1,-0.4166308778035535,1.2841091492776886
normal_00648,0.0092642922,0.00886730035,0.1295900143477762,0.1213944172483118,-6.253054590114753e-05,0.7731835751254756,3.574941246908756,0.0,0.8704099856522238,200,1.0,5.21,0.1919385796545105,200,1042,5.21,1.0,0.1880998080614203,0.0,1.7181092417234898,2.1219444444444444,38.38693467336683,55.25478701061744,0.0,0.1801318048612465,1.5553448707663384,277.465,132.77618896769073,0.4785331085639296,0.32,1,1.0,1,1.0,1,0.005,0.15,4,0,9,0.0008006343189773,0.9000155516885917,1,1,0.0,0.9967897271268058
normal_00649,0.3780816008,0.37763565215,0.0568040731588151,0.0986972002864716,-0.0056565077162154,0.895301163575152,3.942441327645687,0.0020491803278688,0.9431959268411848,200,1.44,2.44,0.5901639344262295,288,488,2.44,1.44,0.5881147540983607,0.0016666666666666,1.6919041673763746,171.42444444444445,3101.145728643216,3405.248471054269,7.0,0.0467390590052462,4.491141794161111,283.45,129.64860703660747,0.457394979843385,0.33,1,1.0,1,1.0,3,0.0104166666666666,0.165,4,0,16,0.0016370202855503,0.6936496666918892,1,1,-0.3188610520119428,1.1262699564586358
normal_00650,0.0695743064516129,0.069129619032258,0.0433415981235288,0.0559483328951228,-0.0047596629959677,0.7365749012261066,4.128703759518164,0.0,0.9566584018764712,31,1.5161290322580645,2.5806451612903225,0.5875,47,80,2.5806451612903225,1.5161290322580645,0.5125,0.0,1.561797395485908,12.932777777777778,1551.9333333333334,2607.399917329309,18.0,0.2537586003304314,3.0214173761515157,288.1290322580645,138.5534173608345,0.4808728099178089,0.2903225806451613,2,0.5806451612903226,2,0.5806451612903226,3,0.0638297872340425,0.0967741935483871,4,0,5,0.009357500736811,0.7161083881159122,1,1,-0.359044646865678,1.0854700854700854
normal_00651,0.000591572,0.000188236,0.7408205065057998,0.348583370479321,5.740000000000064e-07,0.7490686383610272,2.62924922384305,0.0,0.2591794934942002,5,4.2,3.8,1.105263157894737,21,19,3.8,4.2,0.0,0.0,1.5219280948830345,0.0,0.0,0.0,0.0,0.0,-1.4428232973175177e-12,329.2,104.65992547293352,0.317922009334549,0.0,2,0.6,2,0.6,2,0.0952380952380952,0.2,1,0,1,0.0202020202020202,1.0,1,1,-0.7808154854246692,0.8888888888888888
normal_00652,1.931070178,1.930574334,0.0006366308513751,0.0009128116826768,-0.8932312620000001,0.5948906232469253,3.461320140193696,0.0,0.9993633691486248,5,1.4,3.6,0.3888888888888888,7,18,3.6,1.4,0.3333333333333333,0.0,0.9709505944517832,0.0,0.0,0.0,0.0,0.0,-1.4428232973175177e-12,269.8,163.71835572103697,0.6068137721313454,0.4,2,0.8,2,0.8,2,0.2857142857142857,0.2,3,0,3,0.0452898550724637,0.8302232854864432,1,1,-0.4152997322366331,1.0416666666666667
normal_00653,2.244e-05,1e-06,0.8648315711654945,0.2046160077695724,0.0,0.0,-1.4428232973175177e-12,0.0,0.1351684288345055,5,1.0,1.0,1.0,5,5,1.0,1.0,0.0,0.0,0.9709505944517832,0.0,0.0,0.0,0.0,0.0,-1.4428232973175177e-12,324.0,89.7022853666505,0.276858905452625,0.4,2,0.8,2,0.8,2,0.4,0.0,2,0,1,0.0476190476190476,0.0,1,1,0.0,0.6666666666666666
normal_00654,0.3830086819999999,0.382630986,0.0038509706299703,0.0071616041291114,-0.199795091,0.6654202944463601,3.721611723949704,0.0526315789473684,0.9961490293700296,5,1.0,3.8,0.2631578947368421,5,19,3.8,1.0,0.2105263157894736,0.0,0.9709505944517832,0.0,0.0,0.0,0.0,0.0,-1.4428232973175177e-12,307.0,125.02999640086374,0.4072638319246375,0.2,1,1.0,1,1.0,1,0.2,0.0,2,1,3,0.04,0.827894327894328,1,1,0.0,0.96
normal_00655,0.1739722263499999,0.17356770115,0.0247118090519836,0.0594793565641161,0.00046870830081,0.7845354848160763,3.791202595827445,0.0127118644067796,0.9752881909480164,200,3.07,3.54,0.867231638418079,614,708,3.54,3.07,0.7457627118644068,0.0055833333333333,1.7221574328307865,472.19,8542.130653266331,8853.498976883857,17.0,0.0178992270034227,4.510071923428965,278.62,132.70352946952218,0.4762885990579362,0.31,2,0.515,2,0.515,2,0.003257328990228,0.175,4,0,97,0.0013393553668435,0.7757732087392044,1,1,-0.6264359120140496,1.329979879275654
normal_00656,0.01080141115,0.0104020468,0.1164296979059576,0.1308206549248843,-3.791956908422708e-05,0.7607618887148274,3.675542887622024,0.0029154518950437,0.8835703020940424,200,1.315,5.145,0.2555879494655005,263,1029,5.145,1.315,0.2478134110787172,0.00125,1.7296893207617787,267.26,4834.854271356784,5873.263018655035,31.0,0.0969739795684573,4.4852719294487855,274.985,133.88776810163122,0.4868911689787851,0.355,2,0.595,2,0.595,3,0.0114068441064638,0.15,4,0,15,0.0008450343115324,0.8814482654008438,1,1,-0.3837613377629786,1.0444624090541632
normal_00659,215.638883086,215.63843341800003,2.376626471898317e-06,1.1579817616622387e-06,46.407879311,0.3252110542108778,2.749999999989901,0.0,0.9999976233735282,5,4.6,1.6,2.875,23,8,1.6,4.6,0.5,0.0,0.9709505944517832,0.0,0.0,0.0,0.0,0.0,-1.4428232973175177e-12,262.2,152.5244242736225,0.5817102375042811,0.2,2,0.8,2,0.8,2,0.0869565217391304,0.2,3,2,5,0.03125,0.9245791245791244,1,1,-0.5282705437953739,0.96875
normal_00661,0.605563884,0.6050164299999999,0.0013581317920052,0.0013282198428281,-0.0630933009999999,0.5491643484789331,3.6402239289230978,0.0,0.9986418682079948,5,3.8,3.0,1.2666666666666666,19,15,3.0,3.8,0.5333333333333333,0.0,1.921928094881592,0.0,0.0,0.0,0.0,0.0,-1.4428232973175177e-12,368.6,168.07379331710223,0.4559788207192138,0.4,1,1.0,1,1.0,1,0.0526315789473684,0.0,2,0,5,0.0365591397849462,0.9189199689199689,1,1,-0.7657495820340253,1.096774193548387
normal_00662,0.7973256299999999,0.796866572,0.0009184362258858,0.0007645049473445,-0.328540915,0.6304839405968261,3.3921472236472217,0.0,0.9990815637741142,5,1.0,3.6,0.2777777777777778,5,18,3.6,1.0,0.2222222222222222,0.0,1.3709505944503406,0.0,0.0,0.0,0.0,0.0,-1.4428232973175177e-12,381.0,137.4463531709736,0.3607515831259149,0.2,2,0.6,2,0.6,2,0.4,0.0,2,2,3,0.0416666666666666,0.7789473684210527,1,1,0.0,0.9583333333333334
normal_00663,89.73277131635001,89.7323501694,5.395159840847097e-05,0.0005992762274647,0.7617717265119931,0.5806188703067925,3.1468883246174237,0.0116129032258064,0.9999460484015914,200,4.64,3.875,1.1974193548387095,928,775,3.875,4.64,0.9974193548387096,0.0114166666666666,1.622141051580455,110.90861111111111,2006.3869346733668,2929.773191013952,11.0,0.1870657014417682,4.461483020109091,284.755,128.59220329687068,0.4515889213424546,0.29,1,1.0,1,1.0,1,0.0010775862068965,0.115,4,0,171,0.0013348801116188,0.74351117513082,1,1,-0.8092575610726409,1.5070796460176992
normal_00664,0.001718762,0.001300888,0.4003607737225957,0.3805451436575872,-0.0002383119999999,0.6103741082561887,3.760421209498911,0.0,0.5996392262774043,5,1.0,6.8,0.1470588235294117,5,34,6.8,1.0,0.0294117647058823,0.0,1.921928094881592,0.0,0.0,0.0,0.0,0.0,-1.4428232973175177e-12,132.0,54.1894823743501,0.4105263816238644,0.4,1,1.0,1,1.0,3,0.6,0.0,2,3,2,0.021594684385382,0.9859649122807018,1,1,0.0,0.9069767441860463
normal_00666,0.02223422,0.02181073175,0.0887679042886771,0.0967409791858186,-0.0003436279946973,0.8313648459399563,3.747608832499687,0.0,0.9112320957113228,200,1.085,2.635,0.411764705882353,217,527,2.635,1.085,0.4098671726755218,0.0,1.7387229123222538,2.793055555555556,50.527638190954775,78.20722370181335,0.0,0.2150123525507391,1.92528331728525,266.545,128.86745937368028,0.483473557461893,0.33,2,0.515,2,0.515,3,0.0138248847926267,0.15,4,0,17,0.0014057469353205,0.7302011645761644,1,1,-0.1575488862387582,1.021978021978022
normal_00668,2.195276276,2.194823804,0.0002013716943866,9.21272237232878e-05,0.1615155209999999,0.3364563909247287,3.403989446467949,0.0476190476190476,0.9997986283056132,5,5.0,4.2,1.1904761904761905,25,21,4.2,5.0,0.8095238095238095,0.04,1.5219280948830345,0.0,0.0,0.0,0.0,0.0,-1.4428232973175177e-12,289.0,160.6300096495048,0.5558131821782173,0.4,2,0.8,2,0.8,2,0.08,0.0,3,1,5,0.0409982174688057,0.8322596943286599,1,1,-0.8965312793702713,1.3529411764705883
normal_00669,0.068286126,0.0678243219999999,0.0278568481853791,0.0298606966486164,-0.0307301909999999,0.6224640212478098,3.260828171208586,0.0526315789473684,0.9721431518146209,5,1.0,3.8,0.2631578947368421,5,19,3.8,1.0,0.2105263157894736,0.0,0.9709505944517832,0.0,0.0,0.0,0.0,0.0,-1.4428232973175177e-12,342.2,163.09874309754812,0.4766181855568326,0.2,2,0.8,2,0.8,2,0.4,0.0,2,1,2,0.04,0.8632575757575758,1,1,0.0,0.96
normal_00670,0.104680912,0.104114946,0.0583971080646973,0.0977273351611269,-0.066827979,0.7906806747035147,3.605388542187335,0.0,0.9416028919353024,5,1.6,4.8,0.3333333333333333,8,24,4.8,1.6,0.1666666666666666,0.0,0.7219280948844771,0.0,0.0,0.0,0.0,0.0,-1.4428232973175177e-12,260.6,133.42900734098265,0.5120069353069172,0.2,2,0.6,2,0.6,2,0.25,0.2,2,2,3,0.0303030303030303,0.9271645021645022,1,1,-0.5183250804400067,0.9696969696969696
normal_00671,0.000298664,0.000147306,0.6034001079308391,0.3697714141945757,-9.07000000000002e-07,0.6871514624885159,2.52828238105105,0.0,0.396599892069161,5,1.0,6.0,0.1666666666666666,5,30,6.0,1.0,0.0333333333333333,0.0,1.5219280948830345,0.0,0.0,0.0,0.0,0.0,-1.4428232973175177e-12,408.6,72.88552668397205,0.1783786751932747,0.6,2,0.6,2,0.6,2,0.4,0.4,3,0,2,0.0236167341430499,0.984313725490196,1,1,0.0,0.8974358974358975
normal_00672,2.7733932260000005,2.772972808,0.0001383392411163,5.665908523557274e-05,-0.615368017,0.5651358530198759,3.202819531100356,0.0,0.9998616607588836,5,2.8,3.2,0.8749999999999999,14,16,3.2,2.8,0.625,0.0,1.3709505944503406,0.0,0.0,0.0,0.0,0.0,-1.4428232973175177e-12,252.0,81.49846624323675,0.3234066120763363,0.2,2,0.8,2,0.8,3,0.2142857142857142,0.2,1,0,4,0.05,0.7586746586746587,1,1,-0.7120050421760097,1.2
normal_00673,2.0628105046000003,2.06240041875,0.0003857291390449,0.0006725888314361,0.0186754489462611,0.5258820897364199,3.5893189888268213,0.0335365853658536,0.9996142708609552,200,5.145,1.64,3.1371951219512195,1029,328,1.64,5.145,0.9939024390243902,0.0016666666666666,1.676867905055123,50.44111111111111,912.502512562814,1581.352191166234,3.0,0.2681991367032298,4.281255654682623,271.05,129.6599630963651,0.4783617896932857,0.315,1,1.0,1,1.0,1,0.0009718172983479,0.195,4,0,197,0.0008962242343788,0.8884968700092296,1,1,-0.5179217365901196,1.1023558082859464
normal_00674,0.194437646,0.194213564,0.0026880251365388,0.0033475396549238,-0.086469738,0.7167959303619817,3.865998613251497,0.0,0.9973119748634612,5,1.0,5.4,0.1851851851851851,5,27,5.4,1.0,0.1481481481481481,0.0,1.5219280948830345,0.0,0.0,0.0,0.0,0.0,-1.4428232973175177e-12,333.6,165.5515025603815,0.4962575016798006,0.2,2,0.8,2,0.8,2,0.4,0.0,3,0,3,0.0303030303030303,0.9248067408781694,1,1,0.0,0.9696969696969696
normal_00675,0.047010698,0.04661237,0.0088763020830948,0.003726364742379,0.007637076,0.1318053040426823,1.921928094881592,0.0,0.9911236979169052,5,4.6,1.0,4.6,23,5,1.0,4.6,0.8,0.0,1.921928094881592,0.0,0.0,0.0,0.0,0.0,-1.4428232973175177e-12,217.2,148.38025475109552,0.6831503441578984,0.2,1,1.0,1,1.0,1,0.0434782608695652,0.0,3,0,5,0.0344827586206896,0.8772644022644022,1,1,0.0,0.9655172413793104
normal_00676,0.0032932079999999,0.0029378299999999,0.1078650041925023,0.077988742018261,6.879499999999997e-05,0.0496020532161491,1.921928094881592,0.0,0.8921349958074977,5,4.4,1.0,4.4,22,5,1.0,4.4,0.8,0.0,1.921928094881592,0.0,0.0,0.0,0.0,0.0,-1.4428232973175177e-12,383.4,88.95954136572423,0.2320280160817012,0.4,1,1.0,1,1.0,1,0.0454545454545454,0.2,3,1,5,0.0357142857142857,0.9184453227931488,1,1,0.0,0.9642857142857144
normal_00678,1.156331248,1.155889472,0.0003988358844095,0.0002033739431601,0.1782513469999999,0.5349978395973598,3.418295834038619,0.0,0.9996011641155904,5,4.8,2.4,2.0,24,12,2.4,4.8,0.9166666666666666,0.04,1.3709505944503406,35.905277777777776,32314.75,35284.71159989125,3496.0,0.0439346931114615,2.321928094880149,182.6,146.39945355089276,0.8017494718011652,0.4,1,1.0,1,1.0,1,0.0416666666666666,0.0,3,2,5,0.0413793103448275,0.8915555555555557,1,1,-0.7037281994703113,1.2
normal_00679,0.00087665,0.000572894,0.4500776834929348,0.3484905468061666,-0.00021083,0.4935903726744614,3.5319412055279025,0.0,0.5499223165070652,5,1.0,5.4,0.1851851851851851,5,27,5.4,1.0,0.0,0.0,1.5219280948830345,0.0,0.0,0.0,0.0,0.0,-1.4428232973175177e-12,246.6,145.51563489879703,0.5900877327607341,0.6,1,1.0,1,1.0,1,0.2,0.2,2,0,1,0.024024024024024,0.9375,1,1,0.0,0.8648648648648649
normal_00680,0.001170134,0.000831716,0.3469526423856194,0.1408107327628799,-0.000381392,0.628436068722176,3.1887218755264395,0.0,0.6530473576143806,5,1.0,2.4,0.4166666666666667,5,12,2.4,1.0,0.0833333333333333,0.0,1.5219280948830345,0.0,0.0,0.0,0.0,0.0,-1.4428232973175177e-12,339.2,113.24177674339094,0.3338495776632987,0.2,2,0.6,2,0.6,2,0.4,0.0,1,0,2,0.0404761904761904,0.5625,1,1,0.0,0.8095238095238095
normal_00681,4.730627304,4.730170832000001,0.000245750762132,0.0003789619989389,-2.098838651,0.6896107088159099,3.95230297763786,0.0,0.9997542492378676,5,1.0,5.8,0.1724137931034483,5,29,5.8,1.0,0.1379310344827586,0.0,1.3709505944503406,2.660277777777778,2394.25,1563.8055146021195,797.0,-0.2098112273398369,1.5219280948830345,318.0,87.40709353364863,0.2748650740051844,0.2,2,0.8,2,0.8,2,0.4,0.0,2,0,3,0.0285714285714285,0.9353535353535352,1,1,0.0,0.9714285714285714
normal_00682,0.005187988,0.00457717,0.1169100441648884,0.0125596394330113,-0.000577825,0.1009925346884646,2.321928094880149,0.0,0.8830899558351115,5,1.0,1.0,1.0,5,5,1.0,1.0,0.8,0.0,1.3709505944503406,0.0,0.0,0.0,0.0,0.0,-1.4428232973175177e-12,226.8,113.95042781841585,0.5024269304162956,0.2,2,0.6,2,0.6,2,0.4,0.2,3,0,5,0.0909090909090909,0.0,1,1,0.0,0.9090909090909092
normal_00683,0.4395127839999999,0.4391356399999999,0.0008938707705105,0.0006356872144057,-0.044698267,0.484024838300205,3.439936470380496,0.0,0.9991061292294894,5,5.0,4.2,1.1904761904761905,25,21,4.2,5.0,0.7142857142857143,0.0,0.9709505944517832,0.7991666666666667,719.25,551.9707306551679,56.0,-0.1315894756205076,0.7219280948844771,339.6,79.04302625785527,0.2327533164247799,0.4,1,1.0,1,1.0,1,0.04,0.4,2,1,5,0.0365079365079365,0.8408023507169619,1,1,-0.8633091245083695,1.2777777777777777
normal_00684,0.030545394,0.030126336,0.0138744927124838,0.0080305643343845,-0.002759897,0.285108693858168,2.8731406795015912,0.0,0.986125507287516,5,3.2,2.6,1.2307692307692308,16,13,2.6,3.2,0.7692307692307693,0.0,-1.4428232973175177e-12,0.0,0.0,0.0,0.0,0.0,-1.4428232973175177e-12,289.0,116.1701338554794,0.4019727815068491,0.2,2,0.8,2,0.8,3,0.1875,0.2,3,0,5,0.0525362318840579,0.7734107997265893,1,1,-0.80212413251407,1.2083333333333333
normal_00685,0.0115549262,0.0111372908,0.1142848474431219,0.1063341049583453,-0.0001494613859896,0.7854210705441007,3.714025492420175,0.0,0.8857151525568782,200,1.065,3.455,0.3082489146164978,213,691,3.455,1.065,0.3068017366136035,0.0,1.6853935024208928,22.886111111111116,414.02010050251255,535.885187581572,3.0,0.1282918293094838,4.41268920535029,286.61,135.36115065087043,0.4722834187602331,0.395,2,0.53,2,0.53,2,0.0093896713615023,0.12,4,0,12,0.0011374331254749,0.8291310214210595,1,1,-0.1612054913532395,1.0134529147982063
normal_00686,0.026754882,0.0264914859999999,0.0115651606098204,0.0107355218921297,0.005646016,0.1705005449675417,2.321928094880149,0.0,0.9884348393901796,5,5.6,1.0,5.6,28,5,1.0,5.6,0.8,0.0,0.7219280948844771,0.0,0.0,0.0,0.0,0.0,-1.4428232973175177e-12,287.8,107.23898544839,0.372616349716435,0.2,2,0.8,2,0.8,2,0.0714285714285714,0.0,4,0,5,0.0294117647058823,0.9282828282828284,1,1,0.0,0.9705882352941176
normal_00687,1.018290386,1.018071028,0.0002143029425685,0.0001650404951105,0.061307234,0.4115443772357304,2.9219280948758204,0.0,0.9997856970574316,5,4.2,2.0,2.1,21,10,2.0,4.2,0.9,0.0,1.3709505944503406,0.0,0.0,0.0,0.0,0.0,-1.4428232973175177e-12,314.8,119.76518692842257,0.3804484972313296,0.4,2,0.6,2,0.6,2,0.0952380952380952,0.0,2,1,5,0.0441595441595441,0.9035025580480128,1,1,-0.6124216451052941,1.148148148148148
normal_00688,0.003825154,0.003509114,0.1173107731052425,0.0980544717205958,-0.001561139,0.6351998955160321,3.931208948885797,0.0,0.8826892268947575,5,1.0,5.2,0.1923076923076923,5,26,5.2,1.0,0.1538461538461538,0.0,1.921928094881592,0.0,0.0,0.0,0.0,0.0,-1.4428232973175177e-12,250.0,108.69452608112331,0.4347781043244933,0.2,1,1.0,1,1.0,1,0.2,0.2,3,0,2,0.03125,0.894668911335578,1,1,0.0,0.96875
normal_00690,0.956803134,0.956395212,0.0043665722329204,0.0085294220668364,-0.4202033070000001,0.6510853370938876,3.327819531098913,0.0,0.9956334277670796,5,1.0,3.2,0.3125,5,16,3.2,1.0,0.25,0.0,0.7219280948844771,0.0,0.0,0.0,0.0,0.0,-1.4428232973175177e-12,295.4,139.69001395948104,0.4728842720361579,0.6,2,0.8,2,0.8,2,0.4,0.2,3,0,3,0.0454545454545454,0.7703081232492996,1,1,3.177265743584335e-08,0.9545454545454546
normal_00692,0.004562378,0.004369412,0.1037777931433599,0.1259265865830938,-0.000945241,0.4268314592444014,2.680036532565724,0.0,0.8962222068566401,5,2.8,3.2,0.8749999999999999,14,16,3.2,2.8,0.5,0.0,1.3709505944503406,0.0,0.0,0.0,0.0,0.0,-1.4428232973175177e-12,163.8,39.52467583674786,0.2412983872817329,0.2,2,0.8,2,0.8,2,0.1428571428571428,0.4,3,2,3,0.0427350427350427,0.8279155188246097,1,1,-0.6230044119040085,1.1111111111111112
normal_00693,0.092668024,0.092218294,0.0168590199242682,0.0300138334483873,-0.011542724,0.5288135327393211,3.084962500708172,0.0,0.9831409800757316,5,1.4,2.4,0.5833333333333334,7,12,2.4,1.4,0.5,0.0,0.9709505944517832,0.0,0.0,0.0,0.0,0.0,-1.4428232973175177e-12,337.2,134.8395342620257,0.399879994845865,0.2,2,0.6,2,0.6,2,0.2857142857142857,0.0,3,0,4,0.0620915032679738,0.7726495726495727,1,1,-0.3692744729379978,1.0555555555555556
normal_00694,11.49557119,11.495134814000002,4.123051416991153e-05,3.335655209220158e-05,1.4791121070000002,0.1029383043127829,2.321928094880149,0.0,0.9999587694858304,5,4.0,1.0,4.0,20,5,1.0,4.0,0.8,0.0,0.9709505944517832,0.0,0.0,0.0,0.0,0.0,-1.4428232973175177e-12,295.2,120.95536366775968,0.4097403918284542,0.4,2,0.6,2,0.6,3,0.15,0.2,2,0,5,0.0384615384615384,0.8947845804988662,1,1,0.0,0.9615384615384616
normal_00695,0.04113415935,0.0407058856,0.016385065354434,0.0378081735484014,0.0001097529541588,0.5083070918547634,3.2922387763666525,0.0112485939257592,0.983614934645566,200,4.39,4.445,0.9876265466816646,878,889,4.445,4.39,0.8863892013498312,0.0175,1.7075630241342716,35.29083333333333,638.427135678392,817.5501972923747,2.0,0.1230259960493349,4.42850109602816,281.085,137.6376707776088,0.4896656555049498,0.28,2,0.545,2,0.545,2,0.0022779043280182,0.145,4,0,183,0.0012722646310432,0.731282543721154,1,1,-0.8418545628911722,1.4987277353689568
normal_00696,0.832827154,0.8325364940000002,0.004227491388195,0.0083891739490118,-0.349319762,0.7259170214825443,3.49922754711538,0.0588235294117647,0.995772508611805,5,1.0,3.4,0.2941176470588235,5,17,3.4,1.0,0.2352941176470588,0.0,1.3709505944503406,0.0,0.0,0.0,0.0,0.0,-1.4428232973175177e-12,278.6,141.77552680205423,0.5088855951258228,0.4,2,0.6,2,0.6,3,0.6,0.6,3,0,3,0.0434782608695652,0.8238095238095239,1,1,0.0,0.9565217391304348
normal_00699,0.342581136,0.342342892,0.000695240794943,0.0009273852204413,-0.0002836699999999,0.0006628909356761,1.921928094881592,0.0,0.9993047592050568,5,1.0,1.0,1.0,5,5,1.0,1.0,0.8,0.0,1.5219280948830345,0.0,0.0,0.0,0.0,0.0,-1.4428232973175177e-12,365.0,89.10667763978185,0.2441278839446078,0.2,2,0.6,2,0.6,2,0.4,0.2,1,0,5,0.0909090909090909,0.0,1,1,0.0,0.9090909090909092
normal_00700,5.150307968,5.149830897999999,9.065514125456656e-05,5.089026914609517e-05,0.2268500739999999,0.0352548386919863,1.5219280948830345,0.0,0.9999093448587454,5,3.2,1.0,3.2,16,5,1.0,3.2,0.8,0.0,1.921928094881592,0.0,0.0,0.0,0.0,0.0,-1.4428232973175177e-12,233.4,93.76993121464896,0.4017563462495671,0.4,2,0.6,2,0.6,2,0.125,0.4,4,0,5,0.0454545454545454,0.8272727272727272,1,1,0.0,0.9545454545454546
normal_00701,72.214174916,72.213903688,3.732702788957046e-06,2.053272763456415e-06,6.600871915000004,0.4563082246948179,3.3927474104329143,0.0,0.999996267297211,5,4.4,2.6,1.6923076923076923,22,13,2.6,4.4,0.5384615384615384,0.0,0.7219280948844771,0.0,0.0,0.0,0.0,0.0,-1.4428232973175177e-12,334.8,132.01780182990476,0.3943184045098708,0.6,1,1.0,1,1.0,1,0.0454545454545454,0.2,4,2,5,0.0331439393939393,0.8978640407211836,1,1,-0.7198948516096314,1.0606060606060606
normal_00703,361.96793973075,361.96752790225,0.000108521611725,0.0008772559735143,4.291478248724197,0.6971824740545841,3.623586471452145,0.0022222222222222,0.9998914783882752,200,4.06,2.25,1.8044444444444443,812,450,2.25,4.06,0.9933333333333332,0.0025,1.7210560258780474,6.5408333333333335,118.32663316582916,170.1381609554057,0.0,0.1796112691928756,2.764074981000492,284.39,132.64149702739465,0.4664070362087086,0.255,2,0.505,2,0.505,2,0.0024630541871921,0.12,4,0,165,0.0012261831890479,0.839247888724612,1,1,-0.5674862926926436,1.2433497536945812
normal_00705,13.84069465,13.840351594,8.125328104127413e-05,0.0001154898114115,-4.164434324999999,0.5373261324799451,3.022055208861216,0.0,0.9999187467189584,5,2.0,2.4,0.8333333333333334,10,12,2.4,2.0,0.3333333333333333,0.0,0.9709505944517832,0.0,0.0,0.0,0.0,0.0,-1.4428232973175177e-12,330.2,149.28730689512756,0.4521117713359405,0.0,1,1.0,1,1.0,1,0.1,0.2,4,0,4,0.0434782608695652,0.7634649301315968,1,1,-0.4629100498862756,0.9565217391304348
normal_00706,0.5021956,0.501774632,0.0008302065656159,0.0003822726983857,0.027062201,0.0440119419986939,0.7219280948844771,0.0,0.9991697934343842,5,3.0,1.0,3.0,15,5,1.0,3.0,0.8,0.0,1.5219280948830345,0.0,0.0,0.0,0.0,0.0,-1.4428232973175177e-12,163.0,91.74148461846472,0.5628311939783112,0.4,2,0.6,2,0.6,2,0.1333333333333333,0.2,2,1,5,0.0476190476190476,0.7637310606060606,1,1,0.0,0.9523809523809524
normal_00708,18.829717154,18.829246554,0.0002779483506265,0.0004156042399302,-11.149468454,0.751658989736161,3.788754913971863,0.0454545454545454,0.9997220516493732,5,1.0,4.4,0.2272727272727272,5,22,4.4,1.0,0.1818181818181818,0.0,0.7219280948844771,0.0,0.0,0.0,0.0,0.0,-1.4428232973175177e-12,208.8,127.05392555918924,0.6084958120650825,0.2,1,1.0,1,1.0,1,0.2,0.0,2,0,2,0.0357142857142857,0.875233462189984,1,1,0.0,0.9642857142857144
normal_00709,27.431722517100003,27.4313077521,9.627725340048124e-05,0.0003618309453953,0.2640706318324158,0.6340068296084628,3.701050902880751,0.0105540897097625,0.9999037227465996,200,4.645,1.895,2.451187335092348,929,379,1.895,4.645,0.9973614775725592,0.0,1.67878561341201,136.98083333333332,2478.045226130653,5040.836868481067,7.0,0.34084743052255,4.4900305498318245,263.8,128.41895162194086,0.4868042138815044,0.355,2,0.525,2,0.525,2,0.0021528525296017,0.125,4,0,180,0.0010252631743966,0.8664652074329486,1,1,-0.539779644994339,1.1575221238938054
normal_00710,9.986868398000002,9.986566204000004,2.884402742684061e-05,2.2426975749410247e-05,0.9819153249999998,0.0786641520571244,1.921928094881592,0.0,0.9999711559725732,5,4.6,1.0,4.6,23,5,1.0,4.6,0.8,0.0,1.5219280948830345,0.0,0.0,0.0,0.0,0.0,-1.4428232973175177e-12,216.2,128.15693504449925,0.5927702823519855,0.2,2,0.6,2,0.6,2,0.0869565217391304,0.4,3,0,5,0.0344827586206896,0.8760521885521886,1,1,0.0,0.9655172413793104
normal_00711,0.01560455085,0.0152136877,0.0782496619484544,0.0874634069968678,-0.0001562033043726,0.7043078306265295,3.897913560223015,0.0045871559633027,0.9217503380515456,200,1.32,2.18,0.6055045871559633,264,436,2.18,1.32,0.5963302752293578,0.0,1.746662520145985,19.913888888888888,360.25125628140705,349.96181727968286,8.0,-0.0144878197610919,4.298550402641715,281.08,135.51173659048445,0.482110917142751,0.34,1,1.0,1,1.0,1,0.0037878787878787,0.135,4,0,30,0.0017116588419405,0.6886350659144774,1,1,-0.2704949139080684,1.09375
normal_00712,18.794581858,18.794016294,3.0380206647862776e-05,7.811972228743337e-06,3.901744594,0.1660864785882151,1.921928094881592,0.0,0.999969619793352,5,4.6,1.0,4.6,23,5,1.0,4.6,0.8,0.0,0.7219280948844771,0.0,0.0,0.0,0.0,0.0,-1.4428232973175177e-12,261.4,189.8138561854745,0.7261432906865897,0.4,2,0.6,2,0.6,2,0.0869565217391304,0.2,3,0,5,0.0344827586206896,0.9309371184371183,1,1,0.0,0.9655172413793104
normal_00713,0.000344694,0.000120922,0.8765191039595115,0.2628019357654736,-0.000119922,0.793384164998925,0.7219280948844771,0.0,0.1234808960404885,5,1.0,1.0,1.0,5,5,1.0,1.0,0.0,0.0,1.5219280948830345,0.0,0.0,0.0,0.0,0.0,-1.4428232973175177e-12,355.2,113.32563699357706,0.3190474014458814,0.4,1,1.0,1,1.0,3,0.6,0.0,2,0,1,0.0476190476190476,0.0,1,1,0.0,0.6666666666666666
normal_00714,0.000643798,0.000404588,0.5834025154334265,0.388751141735286,-0.0002538,0.5018438510287007,1.5219280948830345,0.0,0.4165974845665733,5,1.0,1.0,1.0,5,5,1.0,1.0,0.4,0.0,1.5219280948830345,0.0,0.0,0.0,0.0,0.0,-1.4428232973175177e-12,302.8,122.92965468104106,0.4059764025133456,0.0,2,0.8,2,0.8,2,0.4,0.2,3,0,3,0.0641025641025641,0.0,1,1,0.0,0.7692307692307693
normal_00715,0.0039776877499999,0.00356581815,0.210219225276306,0.2187903783026347,-2.063578356708918e-05,0.6872922093562709,3.8195556399002975,0.0,0.7897807747236939,200,1.035,2.625,0.3942857142857142,207,525,2.625,1.035,0.339047619047619,0.0,1.777402198820938,147.71777777777777,2672.281407035176,2651.159608085441,1.0,-0.0039676966251229,4.513589831067036,282.595,142.03602407726848,0.5026133656903642,0.31,2,0.5,2,0.5,2,0.0096618357487922,0.135,4,0,12,0.0012892726177518,0.7291885110477171,1,1,-0.1077595078864174,0.9708222811671088
normal_00717,2.026685258,2.0263914680000004,0.0003874919965068,0.0004439269044647,-0.4375538919999999,0.6781403413637711,3.719294525646781,0.0,0.9996125080034932,5,1.8,5.2,0.3461538461538461,9,26,5.2,1.8,0.3076923076923077,0.0,1.3709505944503406,2.3441666666666667,2109.75,1457.2351174398727,654.0,-0.1829317648032285,1.5219280948830345,261.8,19.149412523625887,0.0731451968052936,0.2,1,1.0,1,1.0,2,0.2222222222222222,0.0,3,0,3,0.0352822580645161,0.919886492108714,1,1,-0.5879447357921311,1.09375
normal_00719,0.0495458704,0.04913672875,0.0685498357311292,0.0979391614446735,0.000200591621833,0.7114043917117875,3.856132757482948,0.0210084033613445,0.9314501642688708,200,1.06,1.19,0.8907563025210085,212,238,1.19,1.06,0.8361344537815126,0.0,1.6833228731791663,69.14055555555555,1250.78391959799,1162.2161980447968,9.0,-0.0367044000145815,4.521235576129422,270.21,137.0022774266928,0.50702149227154,0.315,2,0.53,2,0.53,2,0.0094339622641509,0.11,4,0,65,0.0022172949002217,0.2388414595585911,1,1,-0.0582159212306798,0.9977827050997784
normal_00720,0.0034357859999999,0.003100558,0.175314714345647,0.2212912051304041,-0.001261546,0.5701579898413986,3.569773835009279,0.0,0.824685285654353,5,1.0,4.8,0.2083333333333333,5,24,4.8,1.0,0.1666666666666666,0.0,1.3709505944503406,0.0,0.0,0.0,0.0,0.0,-1.4428232973175177e-12,233.4,184.49471537147076,0.7904657899377495,0.4,1,1.0,1,1.0,1,0.2,0.2,1,1,3,0.0333333333333333,0.8838787878787877,1,1,0.0,0.9666666666666668
normal_00721,0.147776276,0.147294542,0.0072833595870123,0.005151928544208,-0.100358687,0.6648728879580615,3.443856189757412,0.0,0.9927166404129876,5,1.0,5.0,0.2,5,25,5.0,1.0,0.16,0.0,0.7219280948844771,0.4008333333333333,360.75,113.28807307038107,175.0,-0.5220296448485434,0.9709505944517832,306.8,137.74142441546044,0.4489616180425699,0.2,2,0.8,2,0.8,2,0.4,0.2,3,1,2,0.032258064516129,0.8883040036886191,1,1,0.0,0.967741935483871
normal_00723,1.41596197205,1.4155614668,0.0032382980555049,0.0127121841647054,0.017798403480597,0.6382855466035322,3.8462206796664127,0.021108179419525,0.9967617019444952,200,3.47,1.895,1.8311345646437995,694,379,1.895,3.47,0.9894459102902374,0.0041666666666666,1.7645361535143165,63.08138888888889,1141.1708542713568,1205.0865274527027,2.0,0.0272415437791312,4.433738756692742,268.395,129.3054852571535,0.4817730779528437,0.345,1,1.0,1,1.0,1,0.0014409221902017,0.135,4,0,169,0.0013320819460066,0.8179489154387571,1,1,-0.5066311647228051,1.1948775055679288
normal_00724,1.17310024,1.172703838,0.0003479194207914,0.0001286596281568,0.1952959169999999,0.1332277839786519,2.321928094880149,0.0,0.9996520805792086,5,6.0,1.0,6.0,30,5,1.0,6.0,0.8,0.0,1.5219280948830345,0.0,0.0,0.0,0.0,0.0,-1.4428232973175177e-12,278.6,163.2124382515009,0.5858307187778209,0.6,2,0.6,2,0.6,2,0.0666666666666666,0.0,2,0,5,0.0277777777777777,0.9317070026747446,1,1,0.0,0.9722222222222222
normal_00725,5.2506e-05,3.2e-06,0.931573479231072,0.054201340566911,-1.1e-06,-2.1175823681357504e-16,-1.4428232973175177e-12,0.0,0.0684265207689277,5,1.8,3.2,0.5625,9,16,3.2,1.8,0.0,0.0,1.3709505944503406,0.0,0.0,0.0,0.0,0.0,-1.4428232973175177e-12,125.2,72.07773581349514,0.5757007652835074,0.2,2,0.6,2,0.6,2,0.2222222222222222,0.2,2,1,1,0.028735632183908,1.0,1,1,-0.5399055247990173,0.8333333333333334
normal_00726,0.22378344425,0.22334419795,0.031859652241411,0.0689390790433737,-0.0014673720060976,0.7706564766498668,3.805499350977127,0.0,0.968140347758589,200,1.33,1.69,0.7869822485207101,266,338,1.69,1.33,0.742603550295858,0.0,1.7819908931158717,140.25194444444443,2537.221105527638,3622.113959975865,17.0,0.1761379829008444,4.516069435225116,266.33,132.0548884662707,0.4958318194205336,0.29,2,0.575,2,0.575,3,0.0112781954887218,0.165,4,0,27,0.0019786670859868,0.5589308393840968,1,1,-0.2168018981852795,1.092224231464738
normal_00727,0.0005359239999999,5.080200000000002e-05,0.9497782000433396,0.1061795884055984,-4.980200000000001e-05,0.7842525884807686,0.7219280948844771,0.0,0.0502217999566606,5,3.2,1.0,3.2,16,5,1.0,3.2,0.0,0.0,1.3709505944503406,0.0,0.0,0.0,0.0,0.0,-1.4428232973175177e-12,307.8,139.10859067649272,0.4519447390399373,0.2,1,1.0,1,1.0,1,0.0625,0.0,2,2,1,0.0323076923076923,0.8095238095238095,1,1,0.0,0.8076923076923077
normal_00728,0.0008235277499999,0.0004639501,0.528077370570595,0.3169555072029597,-8.136065851646283e-07,0.5474856699209923,3.2989648736453097,0.0,0.471922629429405,200,1.03,1.07,0.9626168224299064,206,214,1.07,1.03,0.2990654205607476,0.0,1.7061675346122402,46.4875,840.9798994974874,1298.4763586093227,1.0,0.2138377250660271,4.349465279370363,266.12,132.62481785683173,0.4983647146281066,0.27,1,1.0,1,1.0,1,0.0048543689320388,0.145,4,0,6,0.0013610733035193,0.0773876404494382,1,1,-0.0274574957079046,0.7553956834532374
normal_00729,0.00550518655,0.00509608575,0.1630512580439876,0.1802582322380214,-2.2056445623640575e-05,0.7112029279497467,3.773630400490926,0.0,0.8369487419560124,200,1.0,3.085,0.3241491085899514,200,617,3.085,1.0,0.3030794165316045,0.0,1.7043676426944934,142.8972222222222,2585.075376884422,3730.6550975170408,0.0,0.1813851501858436,4.466724399726052,273.97,131.04274150254378,0.4783105504345138,0.365,2,0.57,2,0.57,2,0.01,0.155,4,0,12,0.0011873791910706,0.7927276955848389,1,1,0.0,0.9843373493975904
normal_00730,0.53313433,0.5328824799999999,0.000512580533249,0.0004195065457222,0.0617393609999999,0.5377986660568969,3.0957952549879493,0.0,0.999487419466751,5,4.2,2.2,1.909090909090909,21,11,2.2,4.2,0.9090909090909092,0.0,1.5219280948830345,0.0,0.0,0.0,0.0,0.0,-1.4428232973175177e-12,259.2,85.43242943987956,0.3296004222217575,0.0,2,0.6,2,0.6,3,0.1428571428571428,0.2,2,0,5,0.0455840455840455,0.9156040928768202,1,1,-0.6,1.1851851851851851
normal_00731,0.01186430105,0.01148720935,0.1157514794813727,0.1103625292654599,-4.509365873396834e-05,0.81469515767141,3.656625166116929,0.0018264840182648,0.8842485205186272,200,1.015,5.475,0.1853881278538812,203,1095,5.475,1.015,0.182648401826484,0.0,1.7857613865926392,196.93166666666667,3562.5829145728644,4586.456102461746,3.0,0.1256434268812058,4.457657269585081,255.66,135.19423733667506,0.528804808482653,0.335,2,0.52,1,1.0,3,0.0147783251231527,0.125,4,0,8,0.0007710100231303,0.9051825325049369,1,1,-0.0987648133642935,1.0
normal_00733,3.81945162485,3.81903420185,0.0016004545001406,0.0107728032296629,-0.0427538433135903,0.6326061572724808,3.5712218093512558,0.014002333722287,0.9983995454998592,200,4.035,4.285,0.941656942823804,807,857,4.285,4.035,0.9276546091015168,0.0133333333333333,1.6992782648478786,47.45472222222222,858.4773869346734,1377.3656409193354,0.0,0.2320772288216931,4.436311543515947,265.475,124.2592094399979,0.4680636950371895,0.365,2,0.565,2,0.565,3,0.0037174721189591,0.125,4,0,55,0.001457485906882,0.6625355037712928,1,1,-0.8180490312435056,1.5565949485500468
normal_00734,0.0088682201999999,0.00846456365,0.1313178585723669,0.1368706979556431,-5.531024302857568e-05,0.7671686732076527,3.6068188956160623,0.0011402508551881,0.8686821414276329,200,1.045,4.385,0.2383124287343215,209,877,4.385,1.045,0.2314709236031927,0.0,1.7377684876122137,52.78638888888889,954.929648241206,3746.44193883754,6.0,0.5937655084036602,4.089731131781983,277.105,133.31307458112033,0.4810922739796118,0.365,2,0.505,2,0.505,3,0.0143540669856459,0.135,4,0,20,0.0009267745684865,0.8821258771428654,1,1,-0.1577292920578424,1.002770083102493
normal_00735,0.036647442,0.036218598,0.0146798062187197,0.0102320538965083,-0.003238251,0.5445982033871106,2.8464393446594736,0.0,0.9853201937812804,5,3.2,2.0,1.6,16,10,2.0,3.2,0.7,0.0,0.7219280948844771,0.0,0.0,0.0,0.0,0.0,-1.4428232973175177e-12,247.6,158.13696595040642,0.6386791839677157,0.2,1,1.0,1,1.0,2,0.125,0.4,3,2,5,0.0471014492753623,0.8765664160401002,1,1,-0.5874164884774041,1.0833333333333333
normal_00736,0.622865466,0.62235276,0.0009263028719239,0.0004818570646482,0.107060093,0.13768035093152,1.921928094881592,0.0,0.999073697128076,5,6.0,1.0,6.0,30,5,1.0,6.0,0.8,0.0,0.7219280948844771,0.0,0.0,0.0,0.0,0.0,-1.4428232973175177e-12,250.8,139.42632463060912,0.5559263342528273,0.4,1,1.0,1,1.0,2,0.0666666666666666,0.2,2,1,5,0.0277777777777777,0.9484993501122534,1,1,0.0,0.9722222222222222
normal_00737,0.980388446,0.980153324,0.000248220547585,0.0001204916457995,0.1904694559999999,0.5725779312313536,3.095795254987949,0.0,0.999751779452415,5,4.0,2.2,1.818181818181818,20,11,2.2,4.0,0.9090909090909092,0.0,1.5219280948830345,0.0,0.0,0.0,0.0,0.0,-1.4428232973175177e-12,239.6,88.0613422564067,0.3675348174307458,0.2,2,0.6,2,0.6,2,0.1,0.2,3,1,5,0.0476923076923076,0.8987906273620558,1,1,-0.6410969647692967,1.1923076923076923
normal_00738,29.38450988,29.383829236,0.0002096181533817,0.0003880964606255,-15.448731941,0.5892600588693321,3.3815804882932934,0.0,0.999790381846618,5,1.0,3.4,0.2941176470588235,5,17,3.4,1.0,0.2352941176470588,0.0,0.9709505944517832,0.0,0.0,0.0,0.0,0.0,-1.4428232973175177e-12,270.8,178.93211003059233,0.6607537298027781,0.4,2,0.8,2,0.8,2,0.4,0.0,3,0,2,0.0434782608695652,0.7901234567901234,1,1,0.0,0.9565217391304348
normal_00739,0.00017937,5.194000000000001e-06,0.978073169936146,0.0129177205831356,-1.394e-06,0.4931010139905014,0.4138168503007483,0.0,0.0219268300638539,5,1.4,2.4,0.5833333333333334,7,12,2.4,1.4,0.0,0.0,1.921928094881592,0.0,0.0,0.0,0.0,0.0,-1.4428232973175177e-12,254.4,123.89229193133848,0.4869980028747582,0.4,2,0.6,2,0.6,2,0.2857142857142857,0.0,3,2,1,0.0344202898550724,0.6842105263157895,1,1,-0.369274472937998,0.7916666666666666
normal_00741,0.006180944,0.005906066,0.2261365136811803,0.4310340493799405,-0.002244286,0.5546788335924455,2.7219280948772635,0.0,0.7738634863188197,5,1.0,2.0,0.5,5,10,2.0,1.0,0.4,0.0,0.9709505944517832,0.0,0.0,0.0,0.0,0.0,-1.4428232973175177e-12,260.6,120.71992379056572,0.4632383875309506,0.2,1,1.0,1,1.0,1,0.2,0.6,2,0,4,0.0625,0.5584415584415585,1,1,0.0,0.9375
normal_00742,0.05357514,0.053288442,0.0053732955235877,0.0048605336070627,-0.0003355889999999,0.0050380756112179,2.321928094880149,0.0,0.9946267044764122,5,1.0,1.0,1.0,5,5,1.0,1.0,0.8,0.0,0.7219280948844771,0.0,0.0,0.0,0.0,0.0,-1.4428232973175177e-12,190.8,155.15057202601608,0.8131581343082603,0.4,1,1.0,1,1.0,2,0.4,0.2,3,0,5,0.0909090909090909,0.0,1,1,0.0,0.9090909090909092
normal_00743,0.00885902315,0.00847340265,0.1104718346566153,0.1363351488439698,-6.178856513912831e-06,0.6544612916322582,3.694058514493333,0.0025125628140703,0.8895281653433846,200,1.445,1.99,0.7261306532663316,289,398,1.99,1.445,0.585427135678392,0.0,1.7452322020225748,32.528888888888886,588.4623115577889,1498.2804506770717,1.0,0.4359991828340573,4.086461627467379,287.865,135.2542990148929,0.4698532263904707,0.285,2,0.505,2,0.505,3,0.0103806228373702,0.13,4,0,57,0.0016086657206681,0.6859267359429317,1,1,-0.2821661846409182,1.0504587155963303
normal_00744,0.077686986,0.077200086,0.0062671967201805,0.001203235356477,-0.000481628,0.0049909581706942,2.321928094880149,0.0,0.9937328032798196,5,1.0,1.0,1.0,5,5,1.0,1.0,0.8,0.0,1.3709505944503406,0.0,0.0,0.0,0.0,0.0,-1.4428232973175177e-12,270.2,135.4629100528997,0.5013431164059945,0.0,2,0.6,2,0.6,2,0.4,0.2,3,0,5,0.0909090909090909,0.0,1,1,0.0,0.9090909090909092
normal_00745,0.00801632,0.00756043,0.0585686054620396,0.022768427745928,0.000746102,0.0865248140648084,2.321928094880149,0.0,0.9414313945379604,5,3.6,1.0,3.6,18,5,1.0,3.6,0.8,0.0,1.5219280948830345,0.0,0.0,0.0,0.0,0.0,-1.4428232973175177e-12,323.0,86.17424209124209,0.2667933191679322,0.2,1,1.0,1,1.0,1,0.0555555555555555,0.0,2,0,5,0.0416666666666666,0.8645170618854829,1,1,0.0,0.9583333333333334
normal_00747,0.000700598,0.0003817759999999,0.7389024061308808,0.3534176490165823,-0.00021905,0.7065537465893479,2.4584538292215177,0.0,0.2610975938691191,5,3.4,3.8,0.8947368421052632,17,19,3.8,3.4,0.0,0.0,0.7219280948844771,0.0,0.0,0.0,0.0,0.0,-1.4428232973175177e-12,223.0,142.66919779686154,0.6397721874298724,0.6,1,1.0,1,1.0,1,0.0588235294117647,0.0,3,0,1,0.0219512195121951,0.8888888888888888,1,1,-0.746277415586021,0.8780487804878049
normal_00749,16.061957972200002,16.061545310199996,8.383555075425564e-05,0.0001906197116181,0.1745079002678166,0.4194678219701175,3.156651254306742,0.0089686098654708,0.9999161644492456,200,4.275,1.115,3.834080717488789,855,223,1.115,4.275,0.9955156950672646,0.0,1.6894415861771024,291.98583333333335,5282.155778894472,7830.915378111938,15.0,0.1943678615558831,4.443211989715606,271.595,137.66389400844304,0.5068719748465289,0.325,2,0.5,2,0.5,3,0.0035087719298245,0.15,4,0,196,0.0009676145339652,0.8855004873112347,1,1,-0.2227674437899904,1.0208333333333333
normal_00750,0.30783745235,0.30742259075,0.0116878682179062,0.0302454010695929,-0.0037781460509037,0.7195120071653892,3.7622982653456623,0.0208791208791208,0.9883121317820937,200,3.74,4.55,0.821978021978022,748,910,4.55,3.74,0.8153846153846154,0.0136666666666666,1.6910493739390573,220.2625,3984.64824120603,4713.332286514491,8.0,0.0837762332286374,4.515159266440314,267.99,126.04800832226604,0.4703459394838092,0.335,2,0.535,2,0.535,3,0.0040106951871657,0.14,4,0,25,0.0013324332577912,0.6997574517879187,1,1,-0.7923343376678833,1.485663082437276
normal_00751,10.132015716000002,10.131515514,5.808604054869438e-05,3.671476050007128e-05,2.233748165,0.5466491210073078,3.1219280948743777,0.0,0.9999419139594512,5,4.8,2.0,2.4,24,10,2.0,4.8,0.9,0.0,0.9709505944517832,0.0,0.0,0.0,0.0,0.0,-1.4428232973175177e-12,311.8,124.0370912267778,0.397809785845984,0.4,2,0.8,1,1.0,2,0.0833333333333333,0.2,3,1,5,0.0390804597701149,0.9174545454545452,1,1,-0.594294435968718,1.1333333333333333
normal_00752,0.714296704,0.7139075539999999,0.0005311499183494,0.0002636268902676,-0.038206363,0.391639207174497,2.4193819456377152,0.0,0.9994688500816504,5,3.2,1.8,1.777777777777778,16,9,1.8,3.2,0.4444444444444444,0.0,0.9709505944517832,0.0,0.0,0.0,0.0,0.0,-1.4428232973175177e-12,366.4,93.6605573333834,0.2556237918487538,0.2,2,0.8,2,0.8,2,0.125,0.0,2,0,5,0.0384615384615384,0.8118269530034238,1,1,-0.4895996684285695,0.9615384615384616
normal_00753,7.093805529999999,7.093344002,0.0002759061260756,0.0004614846442404,-2.036368235,0.3673830371669884,3.0306390622165824,0.0,0.9997240938739242,5,3.4,3.2,1.0625,17,16,3.2,3.4,0.75,0.08,1.5219280948830345,0.0,0.0,0.0,0.0,0.0,-1.4428232973175177e-12,253.2,137.04634252689854,0.5412572769624745,0.6,2,0.6,2,0.6,2,0.1176470588235294,0.0,2,0,5,0.0507692307692307,0.8051049479620909,1,1,-0.7737272867590964,1.2692307692307692
normal_00754,0.0016533059999999,0.001419856,0.1526642693818913,0.1434127556143868,-0.000271383,0.1529073370820703,2.321928094880149,0.0,0.8473357306181086,5,2.4,1.0,2.4,12,5,1.0,2.4,0.8,0.0,1.5219280948830345,0.0,0.0,0.0,0.0,0.0,-1.4428232973175177e-12,278.4,125.5818458217588,0.4510842163137888,0.4,1,1.0,1,1.0,1,0.0833333333333333,0.2,4,0,5,0.0555555555555555,0.6752136752136753,1,1,0.0,0.9444444444444444
normal_00755,2.333489172,2.3330289,0.0002377048268224,0.0001412733985098,-0.446187232,0.5598540557496543,3.4594911601803986,0.0769230769230769,0.9997622951731774,5,2.8,5.2,0.5384615384615384,14,26,5.2,2.8,0.4230769230769231,0.0,1.921928094881592,0.0,0.0,0.0,0.0,0.0,-1.4428232973175177e-12,249.6,168.6365915215319,0.6756273698779323,0.4,2,0.6,2,0.6,2,0.1428571428571428,0.0,4,0,4,0.035650623885918,0.908383570452536,1,1,-0.7258430614527008,1.1764705882352942
normal_00756,0.5316786600000001,0.531236468,0.001032735259698,0.0008238860838469,0.109988118,0.1656333849429929,2.321928094880149,0.0,0.9989672647403018,5,6.0,1.0,6.0,30,5,1.0,6.0,0.8,0.0,1.5219280948830345,0.0,0.0,0.0,0.0,0.0,-1.4428232973175177e-12,316.4,104.76306601088,0.3311095638776232,0.4,2,0.8,2,0.8,2,0.0666666666666666,0.0,3,0,5,0.0277777777777777,0.935904955259794,1,1,1.820743903232912e-08,0.9722222222222222
normal_00757,0.023946038,0.02354734025,0.0813934304773986,0.0927891086046804,-0.0003153871492012,0.7921956114827859,3.773001433066562,0.0041753653444676,0.9186065695226012,200,1.045,2.395,0.4363256784968684,209,479,2.395,1.045,0.4342379958246347,0.0,1.6873277580642994,18.69361111111111,338.1758793969849,493.8729458619671,1.0,0.1871249159164738,4.151748877826471,285.38,132.38449255614017,0.4638884734604393,0.315,2,0.52,2,0.52,3,0.0143540669856459,0.125,4,0,9,0.0014900805683097,0.6720192192067193,1,1,-0.1170563149712378,1.011764705882353
normal_00758,0.0001971319999999,5.199999999999999e-06,0.9676296301687666,0.021236217577191,5.999999999999999e-07,-3.207698735164213e-16,-1.4428232973175177e-12,0.0,0.0323703698312334,5,1.0,5.2,0.1923076923076923,5,26,5.2,1.0,0.0,0.0,1.921928094881592,0.0,0.0,0.0,0.0,0.0,-1.4428232973175177e-12,213.0,132.06627124288775,0.6200294424548721,0.2,2,0.8,2,0.8,3,0.6,0.2,3,1,1,0.0246031746031746,1.0,1,1,0.0,0.8611111111111112
normal_00759,0.0433322008771929,0.0428789340350877,0.0481206007515779,0.0706938559534347,-0.0002655989577391,0.5165434498443238,3.8390519827871383,0.0531914893617021,0.951879399248422,57,1.6140350877192982,1.649122807017544,0.9787234042553192,92,94,1.649122807017544,1.6140350877192982,0.9148936170212766,0.0070175438596491,1.65880968670845,0.0,0.0,0.0,0.0,0.0,-1.4428232973175177e-12,266.0701754385965,130.79125402841663,0.4915667598325035,0.3157894736842105,2,0.5263157894736842,2,0.5263157894736842,2,0.0217391304347826,0.2280701754385964,4,0,22,0.0075943165115139,0.53906430497607,1,1,-0.3011840264180663,1.1847133757961783
normal_00760,0.00104999,0.000641654,0.3904047614075859,0.0972520770718447,4.7131e-05,0.6215558061365929,3.825251737265568,0.0,0.6095952385924139,5,1.0,5.2,0.1923076923076923,5,26,5.2,1.0,0.0,0.0,1.5219280948830345,0.0,0.0,0.0,0.0,0.0,-1.4428232973175177e-12,280.0,115.54869103542454,0.4126738965550876,0.2,2,0.8,2,0.8,2,0.4,0.2,2,0,1,0.0246031746031746,1.0,1,1,0.0,0.8611111111111112
normal_00761,0.000644074,0.000460504,0.5934663654464147,0.3937114081741028,-0.000374166,0.6500112919757485,1.3709505944503406,0.0,0.4065336345535852,5,1.0,1.0,1.0,5,5,1.0,1.0,0.2,0.0,1.3709505944503406,0.0,0.0,0.0,0.0,0.0,-1.4428232973175177e-12,237.8,103.15134511968324,0.4337735286782306,0.4,1,1.0,1,1.0,2,0.4,0.2,3,2,2,0.0549450549450549,0.0,1,1,0.0,0.7142857142857143
normal_00762,0.0109104711,0.0105103073999999,0.1221238348630762,0.1471260739126395,-9.190415705392638e-05,0.7607211644291763,3.710118465804353,0.0017761989342806,0.8778761651369237,200,1.085,2.815,0.3854351687388987,217,563,2.815,1.085,0.3783303730017762,0.001,1.7094439222602351,14.666944444444445,265.3316582914573,419.25775589984585,1.0,0.2248444022322774,3.814231380542059,278.185,128.51705701860598,0.461984136522839,0.315,1,1.0,1,1.0,2,0.0092165898617511,0.14,4,0,22,0.0013276098597158,0.7602462467619648,1,1,-0.1700665439043225,1.0169491525423728
normal_00763,0.32015976185,0.31971639705,0.01248821505151,0.0399526408455041,0.0039964078330683,0.7496164756177748,3.979832135092377,0.0093896713615023,0.98751178494849,200,3.97,3.195,1.242566510172144,794,639,3.195,3.97,0.8544600938967136,0.0063333333333333,1.707664764480744,552.4,9993.165829145728,10000.987153167798,17.0,0.000391180563087,4.519609684091519,279.78,123.43375168598088,0.4411814700335295,0.305,1,1.0,1,1.0,1,0.0012594458438287,0.12,4,0,146,0.0012139109279091,0.8035984706514662,1,1,-0.6613682002362054,1.3183072677092915
normal_00764,10.454852686,10.454423654,5.8568550286806586e-05,3.6728443751597904e-05,-3.67280038,0.2937547383661827,1.7499999999942293,0.0,0.9999414314497131,5,1.6,1.6,1.0,8,8,1.6,1.6,0.5,0.0,1.5219280948830345,0.0,0.0,0.0,0.0,0.0,-1.4428232973175177e-12,278.8,147.58963378232224,0.5293745831503667,0.6,1,1.0,1,1.0,1,0.125,0.2,2,0,3,0.0588235294117647,0.5833333333333334,1,1,-0.3333333333333333,0.9411764705882352
normal_00765,1.3000926632,1.2996530798,0.0476725880900182,0.0870838072528105,-0.0047133903592589,0.9373162915279682,3.881925558274117,0.0096618357487922,0.9523274119099818,200,2.22,4.14,0.5362318840579711,444,828,4.14,2.22,0.535024154589372,0.0,1.720572749625224,63.24111111111111,1144.0603015075376,2222.046421178294,3.0,0.3202471604378089,4.39271178470868,272.36,128.4953527501752,0.4717849638352738,0.39,2,0.575,2,0.575,2,0.0045045045045045,0.145,4,0,12,0.0012024821045705,0.7920415531392612,1,1,-0.57042261522713,1.2361516034985425
normal_00766,0.0002298939999999,6.487200000000003e-05,0.8573596396995242,0.302572552552485,-6.387200000000001e-05,0.7876680231841164,0.7219280948844771,0.0,0.1426403603004757,5,1.0,1.0,1.0,5,5,1.0,1.0,0.2,0.0,0.7219280948844771,0.0,0.0,0.0,0.0,0.0,-1.4428232973175177e-12,340.0,117.978811657009,0.3469965048735559,0.4,1,1.0,1,1.0,1,0.2,0.0,2,0,2,0.0549450549450549,0.0,1,1,0.0,0.7142857142857143
normal_00767,0.350672914,0.350112684,0.0036631028885557,0.0035260507365982,-0.094156468,0.6933921762029049,3.905639062205041,0.0,0.996336897111444,5,1.0,6.4,0.15625,5,32,6.4,1.0,0.125,0.0,1.5219280948830345,0.0,0.0,0.0,0.0,0.0,-1.4428232973175177e-12,189.4,117.93133595444428,0.6226575287985442,0.4,2,0.6,2,0.6,3,0.6,0.6,3,0,2,0.0263157894736842,0.9353414262505172,1,1,0.0,0.9736842105263158
normal_00769,0.003437624,0.0029199119999999,0.1552858801989746,0.105097159941565,-0.00090633,0.5025972837537571,3.4634651895843347,0.0,0.8447141198010252,5,3.6,5.0,0.72,18,25,5.0,3.6,0.16,0.0,0.9709505944517832,0.0,0.0,0.0,0.0,0.0,-1.4428232973175177e-12,305.2,172.3911250615878,0.5648464123905236,0.8,2,0.6,2,0.6,2,0.1111111111111111,0.2,3,2,3,0.0227272727272727,0.9570557647480724,1,1,-0.9023947798488704,0.9772727272727272
normal_00770,0.0071916934,0.00680616845,0.1571141749757112,0.1816424459349384,-1.6138134935873395e-05,0.7475827058915545,3.767266367606036,0.0016891891891891,0.8428858250242888,200,1.095,2.96,0.3699324324324324,219,592,2.96,1.095,0.339527027027027,0.0,1.6642763218031584,26.7625,484.1457286432161,659.2982898844571,1.0,0.1531798307596831,4.387030226764207,264.08,134.61455714362722,0.5097491561027993,0.285,2,0.51,2,0.51,2,0.0091324200913242,0.12,4,0,19,0.0012376199850447,0.763301015923967,1,1,-0.1775294497728292,1.0012345679012349
normal_00771,0.168046518,0.16753727,0.0030307340543071,0.0014263865627105,-0.000465208,0.5271252649236394,2.418295834045833,0.0,0.9969692659456928,5,1.0,2.4,0.4166666666666667,5,12,2.4,1.0,0.3333333333333333,0.0,1.3709505944503406,0.0,0.0,0.0,0.0,0.0,-1.4428232973175177e-12,331.8,146.82370380834288,0.442506641978128,0.4,2,0.6,2,0.6,3,0.6,0.4,2,0,5,0.0555555555555555,0.6752136752136753,1,1,0.0,0.9444444444444444
normal_00774,0.001181682,0.000806044,0.4131760032154956,0.3070854250041531,-7.516000000000002e-05,0.5517256708897613,3.240601562933409,0.0,0.5868239967845044,5,1.4,4.8,0.2916666666666667,7,24,4.8,1.4,0.0,0.0,0.7219280948844771,0.0,0.0,0.0,0.0,0.0,-1.4428232973175177e-12,208.4,105.516823303206,0.506318729861833,0.4,2,0.8,2,0.8,3,0.4285714285714285,0.4,2,0,1,0.0246031746031746,1.0,1,1,-0.4705619740571598,0.8611111111111112
normal_00775,59.565971374,59.56557738,9.309252682177752e-06,7.603448738387986e-06,-24.151455298,0.4959827322884707,3.265583322871864,0.0,0.9999906907473178,5,1.0,4.4,0.2272727272727272,5,22,4.4,1.0,0.1818181818181818,0.0,0.7219280948844771,0.0,0.0,0.0,0.0,0.0,-1.4428232973175177e-12,311.4,152.78841579125034,0.4906500185974642,0.4,1,1.0,1,1.0,1,0.2,0.2,3,0,2,0.0357142857142857,0.8752334621899839,1,1,0.0,0.9642857142857144
normal_00776,0.3119948899999999,0.311422282,0.0016329268366025,0.0007336317920987,-0.053407736,0.6789923832246677,3.30827083451939,0.0555555555555555,0.9983670731633976,5,2.4,3.6,0.6666666666666666,12,18,3.6,2.4,0.2222222222222222,0.0,1.3709505944503406,0.0,0.0,0.0,0.0,0.0,-1.4428232973175177e-12,217.2,146.57660113401457,0.674846229898778,0.4,2,0.8,2,0.8,2,0.1666666666666666,0.0,2,2,5,0.032258064516129,0.9314102564102564,1,1,-0.5995369796702622,0.967741935483871
normal_00778,0.1466852178571429,0.146244805,0.0302248652778037,0.0447630125212975,-0.0305232659120879,0.7942112845619402,3.9973577683019617,0.0,0.969775134722196,14,1.2142857142857142,4.642857142857143,0.2615384615384615,17,65,4.642857142857143,1.2142857142857142,0.2461538461538461,0.0178571428571428,1.842370993171338,19.48,5394.461538461538,5447.395801458847,421.0,0.0048823980373179,3.3787834934703063,355.2142857142857,99.6927422490868,0.2806552164663614,0.3571428571428571,2,0.7142857142857143,2,0.7142857142857143,3,0.1764705882352941,0.1428571428571428,4,1,4,0.0129746835443037,0.834672482399755,1,1,-0.3574552391110324,1.025
normal_00779,0.0172763453,0.0168890311499999,0.0898951633962785,0.0959691861438764,-0.0002957953605565,0.7988229815567098,3.696431689337053,0.0025906735751295,0.9101048366037215,200,1.0,3.86,0.2590673575129534,200,772,3.86,1.0,0.2577720207253886,0.0,1.7001231886553976,1.9691666666666667,35.62311557788945,41.50829266715773,0.0,0.0763006565441022,1.3436140633213085,284.43,133.35984908034976,0.4688670290769249,0.355,2,0.505,2,0.505,2,0.01,0.15,4,0,6,0.001027749229188,0.828814235929372,1,1,0.0,0.998972250770812
normal_00780,1.91849093,1.9181744700000003,0.0007152705923966,0.0011956095257224,-0.7587820760000001,0.6514278584888058,3.323231428781751,0.0,0.9992847294076032,5,1.0,3.0,0.3333333333333333,5,15,3.0,1.0,0.2666666666666666,0.0,0.7219280948844771,0.0,0.0,0.0,0.0,0.0,-1.4428232973175177e-12,339.8,75.85973899243261,0.2232482018611907,0.4,2,0.8,2,0.8,2,0.4,0.2,3,0,3,0.0476190476190476,0.7651289682539683,1,1,0.0,0.9523809523809524
normal_00782,0.0482419898999999,0.04781779915,0.073958901808901,0.0940783536876565,-0.0009407397303007,0.8588421592891122,3.650492436614924,0.0048780487804878,0.926041098191099,200,1.015,5.125,0.1980487804878048,203,1025,5.125,1.015,0.1970731707317073,0.00125,1.6631675806740125,151.47305555555556,2740.21608040201,2686.706198961921,0.0,-0.0098600788228646,4.474413968961336,266.825,132.24294064999762,0.4956167549892162,0.295,2,0.52,2,0.52,2,0.0098522167487684,0.155,4,0,5,0.0008176582215267,0.8906985585348162,1,1,-0.0977800804088836,1.00163132137031
normal_00783,0.0421292148999999,0.04170483845,0.070212613646825,0.1275563437652898,-6.391409786994675e-05,0.6849032642234375,3.71606466642731,0.0,0.9297873863531748,200,1.27,1.455,0.872852233676976,254,291,1.455,1.27,0.8178694158075601,0.0,1.716957887437391,0.0,0.0,0.0,0.0,0.0,-1.4428232973175177e-12,283.925,136.53504483222133,0.4808841941788195,0.335,1,1.0,1,1.0,1,0.0039370078740157,0.155,4,0,55,0.0021244084789235,0.4714280652391399,1,1,-0.1704572810259021,1.0749506903353057
normal_00784,0.31730404,0.316755942,0.0017273157638641,0.0007951817233269,-0.0004914489999999,0.0012412054451686,2.321928094880149,0.0,0.998272684236136,5,1.0,1.0,1.0,5,5,1.0,1.0,0.8,0.0,0.9709505944517832,0.0,0.0,0.0,0.0,0.0,-1.4428232973175177e-12,247.8,146.2231171873996,0.5900852186739289,0.6,2,0.6,2,0.6,2,0.4,0.2,3,0,5,0.0909090909090909,0.0,1,1,0.0,0.9090909090909092
normal_00785,0.0327332272,0.03232953465,0.0810752696203298,0.0878156086112719,-5.615833638340946e-06,0.8413798164973783,3.640172163565118,0.006060606060606,0.9189247303796704,200,1.6,4.95,0.3232323232323232,320,990,4.95,1.6,0.3181818181818182,0.0079166666666666,1.7964431984095008,0.0,0.0,0.0,0.0,0.0,-1.4428232973175177e-12,248.025,125.70826230226588,0.5068370619988544,0.35,2,0.54,2,0.54,2,0.00625,0.195,4,0,10,0.0009181191872893,0.8595919403599449,1,1,-0.4938766912404101,1.096234309623431
normal_00786,0.032093092,0.031761246,0.0132359218786237,0.0137350570866107,-0.007918889,0.1494643053811103,1.950212064908976,0.0,0.9867640781213762,5,2.0,1.4,1.4285714285714286,10,7,1.4,2.0,0.5714285714285714,0.1333333333333333,1.5219280948830345,0.0,0.0,0.0,0.0,0.0,-1.4428232973175177e-12,281.2,163.48455584549873,0.5813817775444479,0.4,2,0.8,2,0.8,2,0.2,0.0,4,1,3,0.0555555555555555,0.6239316239316239,1,1,-0.3418817293789141,0.9444444444444444
normal_00787,97.659259004,97.6588549463,8.690844624935052e-06,1.617348098879804e-05,-0.5019931271000828,0.3416719328485767,3.288291637003147,0.0,0.999991309155375,200,5.12,1.035,4.946859903381643,1024,207,1.035,5.12,0.9951690821256038,0.0,1.7567431383989718,0.0,0.0,0.0,0.0,0.0,-1.4428232973175177e-12,271.54,133.58218218379622,0.4919429262126987,0.265,2,0.53,2,0.53,3,0.0029296875,0.16,4,0,200,0.0008209950646925,0.9019968053626596,1,1,-0.1385589962220137,1.0048979591836735
normal_00788,0.258632652,0.258224234,0.0047300444356539,0.0082742270882083,0.039300166,0.3668682556173805,1.556656707458495,0.0,0.995269955564346,5,2.4,1.4,1.7142857142857144,12,7,1.4,2.4,0.8571428571428571,0.0,1.5219280948830345,0.0,0.0,0.0,0.0,0.0,-1.4428232973175177e-12,328.8,147.40658058580695,0.4483168509300698,0.4,1,1.0,1,1.0,1,0.0833333333333333,0.2,3,0,5,0.0620915032679738,0.7255189255189255,1,1,-0.4033755872716882,1.0555555555555556
normal_00789,11.310454380899998,11.31002689685,0.0086711292883656,0.0409619742840641,0.0871283775021601,0.8443282844564028,4.024935146436188,0.0136570561456752,0.9913288707116342,200,3.295,3.295,1.0,659,659,3.295,3.295,0.8285280728376327,0.0,1.7652289202234002,82.98694444444445,1501.2713567839196,2002.0630733024057,0.0,0.1429471626281896,4.495966756885874,280.195,134.508959836815,0.4800548183829654,0.295,1,1.0,1,1.0,2,0.0030349013657056,0.145,4,0,96,0.0013964645501434,0.7880175991251123,1,1,-0.6282988856463272,1.3559670781893003
normal_00790,1.062653734,1.062236696,0.0003886438776387,0.0003234489672123,0.049798341,0.0377335230000373,0.7219280948844771,0.0,0.9996113561223612,5,1.6,1.0,1.6,8,5,1.0,1.6,0.8,0.0,1.5219280948830345,0.0,0.0,0.0,0.0,0.0,-1.4428232973175177e-12,192.8,55.67494948358732,0.2887704848733782,0.0,1,1.0,1,1.0,1,0.125,0.2,3,0,5,0.0714285714285714,0.5111111111111111,1,1,0.0,0.9285714285714286
normal_00791,1.121685614,1.1212496019999998,0.0003886324573747,0.0003171636478162,-0.000444864,0.0003174058651752,1.5219280948830345,0.0,0.9996113675426253,5,1.0,1.0,1.0,5,5,1.0,1.0,0.8,0.0,1.921928094881592,0.0,0.0,0.0,0.0,0.0,-1.4428232973175177e-12,320.2,136.7596431700522,0.4271069430669962,0.6,2,0.6,1,1.0,2,0.4,0.2,2,2,5,0.0909090909090909,0.0,1,1,0.0,0.9090909090909092
normal_00793,0.011769646,0.011391894,0.0567035049402444,0.061132850474761,-0.004185344,0.6679235566221787,3.780394654100112,0.0,0.9432964950597554,5,1.0,5.6,0.1785714285714285,5,28,5.6,1.0,0.1428571428571428,0.0,0.9709505944517832,0.0,0.0,0.0,0.0,0.0,-1.4428232973175177e-12,302.4,134.9788872379677,0.4463587540938086,0.4,2,0.6,2,0.6,2,0.4,0.2,2,0,2,0.0294117647058823,0.9244165795889934,1,1,0.0,0.9705882352941176
normal_00794,0.2797862679999999,0.279354924,0.0024768580838546,0.0026382371123724,-0.123631635,0.5939589029109729,3.2610439833214144,0.0909090909090909,0.9975231419161454,5,1.0,4.4,0.2272727272727272,5,22,4.4,1.0,0.1818181818181818,0.0,1.5219280948830345,0.0,0.0,0.0,0.0,0.0,-1.4428232973175177e-12,317.4,96.347288493242,0.3035516335640895,0.4,1,1.0,1,1.0,1,0.2,0.0,2,0,3,0.0357142857142857,0.8675889328063241,1,1,0.0,0.9642857142857144
normal_00795,0.1920455944,0.191659382,0.0159968083317598,0.0296932007502191,-0.0018872315590189,0.6675118157185783,3.820901303443714,0.0198473282442748,0.9840031916682402,200,2.645,3.275,0.8076335877862596,529,655,3.275,2.645,0.7923664122137405,0.0088333333333333,1.6699856802636222,166.85777777777778,3018.532663316583,3609.774828051553,38.0,0.0891995679900078,4.449068157747961,273.52,124.54483804404374,0.4553408819978201,0.375,2,0.56,2,0.56,3,0.0056710775047258,0.165,4,0,48,0.0015842432027403,0.7139431476572711,1,1,-0.6201586366885024,1.36878612716763
normal_00796,3.5355517420000004,3.535220476,8.359184699018889e-05,3.53516960355042e-05,-1.3350394210000005,0.5955142096081122,3.3082708345193903,0.0,0.99991640815301,5,1.0,3.6,0.2777777777777778,5,18,3.6,1.0,0.2222222222222222,0.0,1.3709505944503406,0.7430555555555556,668.75,462.3382825377972,278.0,-0.1824894843743597,0.9709505944517832,245.6,164.23093496658905,0.6686927319486525,0.0,1,1.0,1,1.0,1,0.2,0.4,3,2,3,0.0416666666666666,0.8024986709197236,1,1,0.0,0.9583333333333334
normal_00797,0.0125649081,0.0121590557999999,0.115812482132443,0.1313703835353797,-0.0001643105029325,0.7826279967938415,3.934484928739362,0.0,0.8841875178675568,200,1.02,2.05,0.4975609756097561,204,410,2.05,1.02,0.4878048780487805,0.0,1.6498968388680089,2.673611111111111,48.36683417085427,65.51911843063272,0.0,0.1506093057832884,1.824025552982958,275.955,133.30835895711564,0.4830800636231112,0.285,2,0.55,2,0.55,2,0.0098039215686274,0.155,4,0,30,0.0016313213703099,0.6177789601702645,1,1,-0.0707323771770269,1.0
normal_00798,0.0102220919999999,0.00994461,0.0279576011357075,0.0111136112233451,0.0004802039999999,0.6134198899130856,3.235926350614606,0.0,0.9720423988642926,5,1.8,2.8,0.6428571428571429,9,14,2.8,1.8,0.5714285714285714,0.0,1.5219280948830345,0.0,0.0,0.0,0.0,0.0,-1.4428232973175177e-12,290.0,113.8046571982008,0.392429852407589,0.2,1,1.0,1,1.0,1,0.1111111111111111,0.2,3,0,4,0.0605263157894736,0.7506060606060606,1,1,-0.4989036167410415,1.15
normal_00799,0.0794516,0.078974332,0.0105785547731267,0.0113650356881734,-0.024475105,0.6435473870168348,3.408694969545529,0.0,0.9894214452268733,5,1.0,4.0,0.25,5,20,4.0,1.0,0.2,0.0,1.5219280948830345,0.0,0.0,0.0,0.0,0.0,-1.4428232973175177e-12,245.4,141.326925955389,0.5759043437464914,0.6,2,0.6,2,0.6,2,0.4,0.0,2,0,3,0.0384615384615384,0.8539682539682539,1,1,0.0,0.9615384615384616
normal_00800,0.754953836,0.754526692,0.0011396641738727,0.0011898933399899,-0.347141592,0.5936126586581603,3.022055208861216,0.0,0.9988603358261272,5,1.8,2.4,0.75,9,12,2.4,1.8,0.3333333333333333,0.0666666666666666,1.3709505944503406,0.0,0.0,0.0,0.0,0.0,-1.4428232973175177e-12,300.0,168.28398616624222,0.5609466205541407,0.6,1,1.0,1,1.0,2,0.2222222222222222,0.0,3,0,3,0.0454545454545454,0.8177404295051354,1,1,-0.5129891760425773,0.9545454545454546
normal_00801,1.318378768,1.317909806,0.0003557424980245,0.0001242786078236,-0.0004647949999999,0.0002821407036409,2.321928094880149,0.0,0.9996442575019756,5,1.0,1.0,1.0,5,5,1.0,1.0,0.8,0.0,1.5219280948830345,0.0,0.0,0.0,0.0,0.0,-1.4428232973175177e-12,271.4,184.44186075834304,0.6795941811287511,0.4,2,0.6,2,0.6,2,0.4,0.2,2,0,5,0.0909090909090909,0.0,1,1,0.0,0.9090909090909092
normal_00802,0.0867959297,0.08639199885,0.0078333542878568,0.0186612039960786,0.0001769188346133,0.5241896433998251,3.579053697312534,0.0127610208816705,0.9921666457121432,200,4.37,4.31,1.013921113689095,874,862,4.31,4.37,0.937354988399072,0.0110833333333333,1.7588642891199375,12.194166666666666,220.59798994974875,259.735639077534,1.0,0.0814801353947304,3.601102146888452,288.415,131.39461747922766,0.4555748400021762,0.29,2,0.535,2,0.535,3,0.0034324942791762,0.16,4,0,168,0.0013655786088718,0.7114352904340361,1,1,-0.8291028726999328,1.5390070921985817
normal_00803,0.0404448679999999,0.039968742,0.0147701882988291,0.0098176953934113,-0.0105408339999999,0.4552402003957757,3.3371753411057643,0.0,0.9852298117011709,5,3.6,3.4,1.0588235294117647,18,17,3.4,3.6,0.7058823529411765,0.0,1.5219280948830345,0.0,0.0,0.0,0.0,0.0,-1.4428232973175177e-12,334.4,191.97083111764664,0.5740754519068381,0.8,2,0.8,2,0.8,2,0.1111111111111111,0.2,2,1,5,0.0462962962962962,0.8179011525558839,1,1,-0.7392634019481429,1.25
normal_00804,0.5237706635,0.5233741212000002,0.0079695831660654,0.0300220161451988,0.003269511040741,0.6064486764432735,3.7714067835430094,0.011608623548922,0.9920304168339346,200,3.21,3.015,1.064676616915423,642,603,3.015,3.21,0.9718076285240465,0.0086666666666666,1.7877814870767792,33.285555555555554,602.1507537688442,623.4592807559595,0.0,0.0173860578706644,4.418220035087047,267.015,121.26442213352144,0.454148351716276,0.31,2,0.525,2,0.525,3,0.0046728971962616,0.17,4,0,119,0.0016892304435959,0.7054000186427113,1,1,-0.660112204693266,1.449359720605355
normal_00805,14.969229071500004,14.968825048,5.404938756200356e-05,9.457137857978928e-05,0.1464892474318158,0.3262014894534357,3.639794072204976,0.005,0.9999459506124382,200,5.335,1.0,5.335,1067,200,1.0,5.335,0.995,0.0,1.8042946449823007,34.733333333333334,628.3417085427136,879.6435286561418,4.0,0.1666474007267018,4.343778402620053,268.58,128.20568273453063,0.4773463501918634,0.3,1,1.0,1,1.0,1,0.0009372071227741,0.11,4,0,200,0.000788643533123,0.9060330690948672,1,1,0.0,0.999211356466877
normal_00807,0.00126616,0.0008195059999999,0.6009709930807947,0.4455663062268867,-0.000603091,0.8490322706606171,3.349275070693401,0.0,0.3990290069192052,5,1.6,5.0,0.32,8,25,5.0,1.6,0.04,0.0,1.5219280948830345,0.0,0.0,0.0,0.0,0.0,-1.4428232973175177e-12,346.4,130.7834087336769,0.3775502561595754,0.4,2,0.6,1,1.0,2,0.25,0.0,3,0,2,0.0247747747747747,0.9848484848484848,1,1,-0.5480722048803901,0.8918918918918919
normal_00808,0.000206126,4.8946e-05,0.8499645379437176,0.2695464844554096,-4.3646e-05,0.844472790777414,0.7653636126709271,0.0,0.1500354620562823,5,1.6,4.6,0.3478260869565218,8,23,4.6,1.6,0.0,0.0,0.7219280948844771,0.0,0.0,0.0,0.0,0.0,-1.4428232973175177e-12,203.4,161.5419450173855,0.7942081859261824,0.2,2,0.6,2,0.6,2,0.25,0.2,2,0,1,0.0246031746031746,0.935483870967742,1,1,-0.499309363125946,0.8611111111111112
normal_00809,0.000710476,0.0002483,0.6977854794552288,0.2010682237030646,-0.000126602,0.4970471204188483,2.321928094880149,0.0,0.3022145205447711,5,4.6,1.0,4.6,23,5,1.0,4.6,0.0,0.0,1.5219280948830345,0.0,0.0,0.0,0.0,0.0,-1.4428232973175177e-12,177.0,130.09996156801893,0.7350280314577341,0.4,1,1.0,1,1.0,1,0.0434782608695652,0.0,2,0,1,0.0265151515151515,0.9285714285714286,1,1,0.0,0.8484848484848485
normal_00810,0.0097910481818181,0.0093168509090909,0.1082725510716226,0.0959431919612381,-0.0024637072727272,0.6995747933700437,3.6976622783341737,0.0,0.8917274489283774,11,1.0,5.0,0.2,11,55,5.0,1.0,0.1818181818181818,0.0,1.539484756927174,35.50333333333333,12781.2,9434.647283285156,1617.0,-0.150638086139201,3.0957952549879493,352.3636363636364,141.91284136911128,0.402745421842163,0.3636363636363636,1,1.0,1,1.0,1,0.0909090909090909,0.0909090909090909,3,2,3,0.0149253731343283,0.8961854613640329,1,1,0.0,0.9850746268656716
normal_00811,8.112259982,8.111694367999998,7.047840181926713e-05,3.7253497160304174e-05,-0.4271891200000001,0.2795309088323313,1.842370993171338,0.0,0.9999295215981808,5,1.0,1.4,0.7142857142857143,5,7,1.4,1.0,0.5714285714285714,0.0,1.5219280948830345,0.0,0.0,0.0,0.0,0.0,-1.4428232973175177e-12,252.0,166.1836333698358,0.6594588625787136,0.4,1,1.0,1,1.0,1,0.2,0.2,2,0,5,0.0769230769230769,0.375,1,1,0.0,0.9230769230769232
normal_00812,0.0509345419,0.0505243791499999,0.0897405215435034,0.1036043262433354,-0.0003933880377334,0.8643318684756678,3.731616680707056,0.0,0.9102594784564966,200,1.03,2.085,0.4940047961630696,206,417,2.085,1.03,0.4916067146282973,0.0,1.7900370264580634,218.24194444444444,3948.095477386935,6076.097151866836,18.0,0.2122865903703524,4.40469977008774,264.04,131.77035147421515,0.4990545049015874,0.32,2,0.52,2,0.52,2,0.0097087378640776,0.17,4,0,10,0.0016338583709671,0.6174146294959687,1,1,-0.0892638045665473,1.0080906148867317
normal_00813,8.068950294,8.068725852,0.001253599499773,0.002661358276271,-5.493586550999999,0.5796971625199242,2.969389419514729,0.0,0.9987464005002268,5,1.0,3.6,0.2777777777777778,5,18,3.6,1.0,0.2222222222222222,0.0,1.5219280948830345,0.0,0.0,0.0,0.0,0.0,-1.4428232973175177e-12,147.8,71.55906651151899,0.4841614784270567,0.6,1,1.0,1,1.0,1,0.2,0.4,3,0,2,0.0416666666666666,0.7789473684210527,1,1,0.0,0.9583333333333334
normal_00814,0.0039144354,0.00349688785,0.2221236022004856,0.2319046083631379,-7.926675489387234e-06,0.704054174365328,3.829950991355805,0.0,0.7778763977995143,200,1.0,3.88,0.2577319587628866,200,776,3.88,1.0,0.220360824742268,0.0,1.7105863769316514,8.230277777777777,148.8894472361809,153.96076586691694,1.0,0.0167453031608389,3.1058304908451606,273.27,130.8614561416676,0.4788723831436586,0.325,2,0.515,2,0.515,2,0.01,0.205,4,0,10,0.0009672751778953,0.8588617248865696,1,1,0.0,0.9711442786069652
normal_00815,0.0030668419999999,0.002531342,0.1885887005202051,0.1251371423628178,-0.000522289,0.1650631167183255,1.921928094881592,0.0,0.8114112994797947,5,1.0,1.0,1.0,5,5,1.0,1.0,0.8,0.0,1.5219280948830345,0.0,0.0,0.0,0.0,0.0,-1.4428232973175177e-12,333.2,165.10511803090782,0.4955135595165301,0.4,2,0.6,2,0.6,2,0.4,0.2,2,0,5,0.0909090909090909,0.0,1,1,0.0,0.9090909090909092
normal_00816,0.1467202419999999,0.146280846,0.0031384173281244,0.0019005433162706,0.021437703,0.1187640273833253,0.9709505944517832,0.0,0.9968615826718756,5,2.4,1.0,2.4,12,5,1.0,2.4,0.8,0.0,1.5219280948830345,0.0,0.0,0.0,0.0,0.0,-1.4428232973175177e-12,297.2,160.01312446171406,0.5384021684445292,0.2,1,1.0,1,1.0,1,0.0833333333333333,0.0,2,1,5,0.0555555555555555,0.6581196581196581,1,1,0.0,0.9444444444444444
normal_00818,6.849815846,6.849301846,7.503882686100135e-05,2.265032667983569e-05,-0.0004756859999998,5.55602320581452e-05,2.321928094880149,0.0,0.999924961173139,5,1.0,1.0,1.0,5,5,1.0,1.0,0.8,0.0,0.7219280948844771,0.0,0.0,0.0,0.0,0.0,-1.4428232973175177e-12,279.6,117.83590284798602,0.4214445738483047,0.4,2,0.8,2,0.8,2,0.4,0.4,2,0,5,0.0909090909090909,0.0,1,1,0.0,0.9090909090909092
normal_00819,1.7487358269,1.7483103918,0.0023259074925722,0.0094280555906473,0.0099525862261306,0.5503227011760854,3.467132966548466,0.0277777777777777,0.9976740925074278,200,2.01,1.98,1.0151515151515151,402,396,1.98,2.01,0.9696969696969696,0.0038333333333333,1.7452322020225748,24.567777777777778,444.4422110552764,497.9071026219072,4.0,0.056735746278631,4.4698929683257305,258.295,134.0509090085933,0.5189837550420769,0.335,1,1.0,1,1.0,1,0.0024875621890547,0.17,4,0,71,0.0021201864063637,0.6548173791678971,1,1,-0.4248327122219408,1.299674267100977
normal_00820,2.1843199949,2.18391239715,0.0242707014185836,0.0470925180296241,-0.0378286046390985,0.9300181781673366,3.8085358677917807,0.0116959064327485,0.9757292985814164,200,1.67,4.275,0.3906432748538011,334,855,4.275,1.67,0.3894736842105263,0.0016666666666666,1.7184752482786914,8.248055555555556,149.2110552763819,311.039230149271,0.0,0.3516090701024241,2.950027701550132,278.705,130.33346475551042,0.4676394924938929,0.365,2,0.505,2,0.505,2,0.0059880239520958,0.155,4,0,7,0.0010672483125089,0.8290752731173291,1,1,-0.4716748009029316,1.1259469696969695
normal_00821,0.00035203,7.507600000000001e-05,0.7768606744189661,0.3207008756577957,2.2426e-05,0.7163873941073043,2.4138909867136373,0.0,0.2231393255810339,5,4.8,4.8,1.0,24,24,4.8,4.8,0.0,0.04,1.3709505944503406,0.0,0.0,0.0,0.0,0.0,-1.4428232973175177e-12,354.2,171.76932205722883,0.4849500905060103,0.2,1,1.0,1,1.0,1,0.0416666666666666,0.0,2,2,1,0.0174165457184325,1.0,1,1,-0.8958976175509428,0.9056603773584906
normal_00822,0.4553733299999999,0.454972192,0.0009894229615285,0.0006045073837222,0.104833547,0.184333985845007,2.321928094880149,0.0,0.9990105770384716,5,6.0,1.0,6.0,30,5,1.0,6.0,0.8,0.0,1.3709505944503406,0.0,0.0,0.0,0.0,0.0,-1.4428232973175177e-12,242.6,107.66986579354504,0.4438164294869952,0.2,1,1.0,1,1.0,2,0.0666666666666666,0.0,2,0,5,0.0277777777777777,0.9333533849662882,1,1,0.0,0.9722222222222222
normal_00825,0.057234666,0.0568273596499999,0.0620688672689627,0.0866040475996586,-0.0009878018096827,0.8267775593344925,3.854261725324021,0.0085470085470085,0.9379311327310372,200,1.235,2.34,0.5277777777777779,247,468,2.34,1.235,0.5256410256410257,0.0,1.735151065972119,718.6636111111111,13000.949748743718,12300.998861165685,36.0,-0.0276639123084734,4.488953545212307,270.985,134.97040351173513,0.4980733380509442,0.245,1,1.0,1,1.0,1,0.0040485829959514,0.125,4,0,13,0.0015999391351825,0.6682712688127347,1,1,-0.2445090472488654,1.0687593423019432
normal_00826,19.936722441,19.93629309475,6.373228553817296e-05,0.0003474327185361,-0.102236013461584,0.3634052096765326,2.7042842087750083,0.0,0.9999362677144618,200,1.42,1.065,1.3333333333333333,284,213,1.065,1.42,0.9953051643192488,0.0,1.821075652787393,0.0,0.0,0.0,0.0,0.0,-1.4428232973175177e-12,279.35,131.98796008742693,0.4724824058973578,0.37,2,0.505,2,0.505,3,0.0105633802816901,0.115,4,0,190,0.0021172360909942,0.3963173668436826,1,1,-0.0840149958509175,1.024742268041237
normal_00827,0.402139814,0.401628972,0.020268132161271,0.036276433942612,-0.336243172,0.7327852625440271,3.085055102743492,0.0,0.979731867838729,5,1.0,2.6,0.3846153846153846,5,13,2.6,1.0,0.3076923076923077,0.0,0.9709505944517832,0.0,0.0,0.0,0.0,0.0,-1.4428232973175177e-12,231.8,156.645140365094,0.6757771370366435,0.2,2,0.8,2,0.8,2,0.4,0.6,3,0,2,0.0526315789473684,0.6746031746031746,1,1,0.0,0.9473684210526316
normal_00828,0.000397174,0.000126548,0.7358578244112836,0.3576251193846551,-1.7704000000000005e-05,0.7823983576857876,1.5055213904977298,0.0,0.2641421755887164,5,4.0,3.8,1.0526315789473684,20,19,3.8,4.0,0.0,0.0,1.5219280948830345,0.0,0.0,0.0,0.0,0.0,-1.4428232973175177e-12,143.8,55.092649237443645,0.3831199529724871,0.2,2,0.8,2,0.8,3,0.15,0.0,4,1,1,0.0206131078224101,1.0,1,1,-0.7606016475647431,0.8863636363636364
normal_00829,0.6825627264499999,0.6821472286999999,0.0262380987266956,0.0472907176715212,-0.0129661900338408,0.8918100424232009,3.740413869571014,0.0091157702825888,0.9737619012733044,200,1.015,5.485,0.1850501367365542,203,1097,5.485,1.015,0.1841385597082953,0.005,1.677647947307145,6.620833333333334,119.77386934673366,160.384569617717,1.0,0.1449561912933718,2.798495670731969,277.45,128.00552555598654,0.4613643018777673,0.335,1,1.0,1,1.0,1,0.0049261083743842,0.12,4,0,4,0.0007721980200842,0.9036834396124016,1,1,-0.1005105991424204,1.0015408320493069
normal_00830,4.579403934,4.5787140740000005,0.0001549758383468,3.712898365949925e-05,0.531792703,0.0929156430220891,2.321928094880149,0.2,0.9998450241616532,5,5.4,1.0,5.4,27,5,1.0,5.4,0.8,0.0,1.3709505944503406,0.0,0.0,0.0,0.0,0.0,-1.4428232973175177e-12,144.2,71.53810173606789,0.4961033407494306,0.4,2,0.6,2,0.6,2,0.074074074074074,0.0,3,0,5,0.0303030303030303,0.9240362811791382,1,1,0.0,0.9696969696969696
normal_00831,0.096381314,0.095984362,0.0041125743341674,0.0027916168966483,-0.000382844,0.0031908864487739,2.321928094880149,0.0,0.9958874256658324,5,1.0,1.0,1.0,5,5,1.0,1.0,0.8,0.0,1.3709505944503406,0.0,0.0,0.0,0.0,0.0,-1.4428232973175177e-12,371.0,84.33860326090301,0.2273277715927305,0.6,1,1.0,1,1.0,1,0.2,0.0,4,0,5,0.0909090909090909,0.0,1,1,0.0,0.9090909090909092
normal_00832,0.67831547825,0.67790346725,0.0049858978743291,0.0152443274612689,-0.0072438297196204,0.5716321605679542,3.707438540643947,0.0036764705882352,0.995014102125671,200,1.335,1.36,0.9816176470588236,267,272,1.36,1.335,0.9485294117647058,0.0,1.776184502947746,33.64138888888889,608.5879396984925,972.3605278061494,1.0,0.2300976885614956,4.261505275378373,261.82,134.0994440872989,0.5121818199041286,0.305,1,1.0,1,1.0,3,0.0112359550561797,0.15,4,0,48,0.002334546084546,0.4165137852719789,1,1,-0.1804927077362153,1.1205821205821205
normal_00833,0.01295563445,0.0125457323,0.1165321930689754,0.1030592170362584,-0.0002026672349508,0.8161374027758207,3.56071071881021,0.0,0.8834678069310246,200,1.08,5.15,0.2097087378640776,216,1030,5.15,1.08,0.2087378640776699,0.0,1.66747887256604,2.6241666666666665,47.472361809045225,59.91072076232312,0.0,0.1158316436391289,1.6632547691067263,275.37,135.2201744485247,0.4910490411029694,0.335,2,0.56,2,0.56,3,0.0138888888888888,0.15,4,0,9,0.0008229148091643,0.8895636855869634,1,1,-0.2054328256263018,1.0121852152721365
normal_00834,16.104451071999996,16.104096808,2.1965597709194263e-05,1.7461066451211332e-05,1.851369609,0.0919701182163931,2.321928094880149,0.0,0.9999780344022908,5,4.8,1.0,4.8,24,5,1.0,4.8,0.8,0.0,1.921928094881592,0.0,0.0,0.0,0.0,0.0,-1.4428232973175177e-12,295.6,95.76168336030857,0.3239569802446162,0.2,2,0.6,2,0.6,2,0.0833333333333333,0.2,3,0,5,0.0333333333333333,0.9137489177489178,1,1,5.009368773452093e-08,0.9666666666666668
normal_00835,0.253516924,0.2530842449,0.0099671707326862,0.0349012883058181,0.0023698802852321,0.6731672057721416,3.922140788244853,0.0173160173160173,0.9900328292673136,200,4.02,2.31,1.74025974025974,804,462,2.31,4.02,0.8679653679653679,0.0,1.637742428088221,181.1725,3277.4924623115576,4385.23284836339,2.0,0.1445621944073394,4.451081051912448,281.335,130.96749673489612,0.4655215196647986,0.22,1,1.0,1,1.0,1,0.0012437810945273,0.11,4,0,174,0.0011172296939531,0.8628654518249903,1,1,-0.578455661245352,1.1887323943661972
normal_00836,0.000612338,0.0002034599999999,0.8092799394700929,0.2221979128453086,-0.00016308,0.6750968249287327,1.921928094881592,0.0,0.1907200605299071,5,1.0,1.0,1.0,5,5,1.0,1.0,0.0,0.0,1.921928094881592,0.0,0.0,0.0,0.0,0.0,-1.4428232973175177e-12,198.6,72.6243760730514,0.3656816519287583,0.2,2,0.6,2,0.6,3,0.6,0.0,2,0,1,0.0476190476190476,0.0,1,1,0.0,0.6666666666666666
normal_00838,0.168828208,0.168417388,0.0025692233187938,0.0015726993707074,0.031512792,0.1496890190459432,2.321928094880149,0.0,0.9974307766812064,5,5.4,1.0,5.4,27,5,1.0,5.4,0.8,0.0,0.9709505944517832,0.0,0.0,0.0,0.0,0.0,-1.4428232973175177e-12,336.2,130.18333226646183,0.3872199056111298,0.2,2,0.8,2,0.8,2,0.074074074074074,0.2,2,0,5,0.0303030303030303,0.9262554905412046,1,1,0.0,0.9696969696969696
normal_00839,0.6054299801999999,0.60500419875,0.0489291037826119,0.0831570401081555,-0.0023345701530263,0.9197611879936858,3.9570116109698814,0.0,0.951070896217388,200,1.86,3.1,0.6,372,620,3.1,1.86,0.5903225806451613,0.0,1.6953492475172127,54.390277777777776,983.9447236180904,1274.6810664103882,2.0,0.1287226702519109,4.455041526195396,288.645,132.87300384485093,0.4603336411330559,0.31,2,0.515,2,0.515,3,0.0080645161290322,0.17,4,0,33,0.0014557194218211,0.7856537232735316,1,1,-0.4598318098314564,1.2009685230024214
normal_00841,0.00431873735,0.0039144238499999,0.2104096271228517,0.2160983179824583,1.6126615990399784e-06,0.726499386993297,3.8383927491034737,0.0,0.7895903728771484,200,1.125,4.935,0.2279635258358663,225,987,4.935,1.125,0.182370820668693,0.0,1.6827082279666663,3.4575,62.54773869346734,141.842068315901,0.0,0.3879563799323866,1.93800040529117,271.665,138.2195936011837,0.5087869015190905,0.32,2,0.56,2,0.56,2,0.0088888888888888,0.17,4,0,13,0.0007991602223933,0.9094129008373198,1,1,-0.2506225899424297,0.9837662337662336
normal_00842,0.054910548,0.0545054819999999,0.0363344403379414,0.0585526415801157,-0.0118631839999999,0.7961329256046913,3.7381493331712266,0.0,0.9636655596620584,5,1.8,5.2,0.3461538461538461,9,26,5.2,1.8,0.1538461538461538,0.0,1.921928094881592,0.0,0.0,0.0,0.0,0.0,-1.4428232973175177e-12,194.2,127.88940534696376,0.6585448267093912,0.4,2,0.6,2,0.6,3,0.3333333333333333,0.2,1,1,3,0.0277777777777777,0.9332656590721106,1,1,-0.6581584883294956,0.9722222222222222
normal_00844,0.01085573585,0.01045605605,0.1240633728196125,0.1078001595659847,-5.660888198454968e-05,0.7827582666562212,3.543724012075846,0.000895255147717,0.8759366271803875,200,1.0,5.585,0.1790510295434198,200,1117,5.585,1.0,0.1763652641002685,0.0,1.743419294266764,74.38888888888889,1345.7286432160804,3213.3935437585315,0.0,0.4096544957444571,4.418119271631945,274.185,131.62017370307692,0.4800414818574208,0.305,2,0.525,2,0.525,2,0.01,0.17,4,0,7,0.0007564270452822,0.9076906080031086,1,1,0.0,0.9977272727272728
normal_00845,0.0069628419999999,0.0066571179999999,0.0477947860129475,0.0374552596336963,0.000988341,0.4991531552460775,3.0957952549879493,0.0,0.9522052139870524,5,3.8,2.2,1.727272727272727,19,11,2.2,3.8,0.3636363636363636,0.0,1.3709505944503406,0.0,0.0,0.0,0.0,0.0,-1.4428232973175177e-12,294.8,120.46036692622184,0.4086172555163563,0.6,2,0.8,2,0.8,2,0.1052631578947368,0.2,3,1,5,0.032258064516129,0.946398900245054,1,1,-0.6088642350344947,0.967741935483871
normal_00846,1.13112362,1.130753436,0.0012984139621319,0.002380655453195,-0.334767118,0.3791249830265996,3.180832987191013,0.0769230769230769,0.998701586037868,5,2.8,2.6,1.0769230769230769,14,13,2.6,2.8,0.6153846153846154,0.0,1.5219280948830345,0.0,0.0,0.0,0.0,0.0,-1.4428232973175177e-12,285.6,117.93981516010612,0.4129545348743211,0.4,2,0.6,2,0.6,2,0.1428571428571428,0.2,3,1,4,0.0489130434782608,0.7560176665439823,1,1,-0.5874511914263002,1.125
normal_00847,0.0454521919999999,0.044988958,0.0422131286040665,0.0613475776715656,-0.022848207,0.6950287329657757,3.4273334938809525,0.0,0.9577868713959335,5,1.0,4.2,0.238095238095238,5,21,4.2,1.0,0.1904761904761904,0.0,1.921928094881592,0.0,0.0,0.0,0.0,0.0,-1.4428232973175177e-12,193.6,104.45716825570182,0.5395514889240797,0.2,1,1.0,1,1.0,1,0.2,0.4,2,0,3,0.037037037037037,0.834347470711107,1,1,0.0,0.9629629629629628
normal_00849,42.764216538,42.763717984,1.2277282589511956e-05,6.291643581262635e-06,7.676646277000001,0.1436104555711866,2.321928094880149,0.0,0.9999877227174104,5,4.4,1.0,4.4,22,5,1.0,4.4,0.8,0.0,1.3709505944503406,0.0,0.0,0.0,0.0,0.0,-1.4428232973175177e-12,302.0,113.32475457727672,0.3752475317128368,0.4,1,1.0,1,1.0,1,0.0454545454545454,0.6,2,3,5,0.0357142857142857,0.9084886128364388,1,1,0.0,0.9642857142857144
normal_00850,0.0511836388,0.0507828093,0.0333923241691367,0.0525364678285045,0.0001675402663466,0.5284039681165006,3.736070790214991,0.0060422960725075,0.9666076758308632,200,1.6,1.655,0.9667673716012084,320,331,1.655,1.6,0.9546827794561934,0.0025,1.703570650203269,0.0,0.0,0.0,0.0,0.0,-1.4428232973175177e-12,282.295,130.63708591391804,0.4627679764569618,0.305,1,1.0,1,1.0,1,0.003125,0.11,4,0,49,0.0022786936889635,0.5477654795696939,1,1,-0.2981345603491728,1.216822429906542
normal_00851,0.0111235769,0.0107139382999999,0.1260285030911812,0.1142153853078024,-0.000107107761569,0.7952188699282888,3.462281630512849,0.000903342366757,0.8739714969088187,200,1.04,5.535,0.1878952122854562,208,1107,5.535,1.04,0.1860885275519422,0.001,1.7536913097755114,45.54333333333334,823.8994974874372,1336.1928741519396,2.0,0.2371627173868047,4.425849791789863,280.48,132.43464150801626,0.4721714257986888,0.365,2,0.53,2,0.53,3,0.0144230769230769,0.11,4,0,9,0.0007680303147113,0.904456932207158,1,1,-0.1575585895075512,1.004583651642475
normal_00853,0.0011206039999999,0.0008088,0.3969426836174147,0.377275986541245,-0.000328012,0.6332304648862515,2.6464393446609167,0.0,0.6030573163825853,5,1.0,2.0,0.5,5,10,2.0,1.0,0.3,0.0,1.3709505944503406,0.0,0.0,0.0,0.0,0.0,-1.4428232973175177e-12,294.0,165.34509366775902,0.5623982777814932,0.0,2,0.8,2,0.8,3,0.6,0.0,2,2,4,0.0551470588235294,0.5595238095238095,1,1,0.0,0.8823529411764706
normal_00854,0.020406722,0.020107164,0.0154777797006655,0.0088700582704896,-0.0007570849999999,0.5668363600244131,3.6211755428992727,0.0,0.9845222202993344,5,4.6,4.6,1.0,23,23,4.6,4.6,0.6956521739130435,0.0666666666666666,1.5219280948830345,0.0,0.0,0.0,0.0,0.0,-1.4428232973175177e-12,238.0,158.826949854236,0.6673401254379664,0.6,2,0.6,2,0.6,2,0.0869565217391304,0.0,2,0,5,0.0386554621848739,0.8304675716440423,1,1,-0.7868711558531437,1.3142857142857145
normal_00857,0.6795453733333333,0.6790775966666667,0.0012575629287184,0.0012265525801166,-0.1374830097142857,0.7433113242792442,3.5464393446522604,0.0,0.9987424370712816,6,3.1666666666666665,3.333333333333333,0.95,19,20,3.333333333333333,3.1666666666666665,0.25,0.0,1.459147917022917,0.8155555555555556,587.2,346.1995956092381,138.0,-0.2581963882611915,0.918295834051604,275.5,132.79871987334818,0.4820280213188681,0.1666666666666666,2,0.8333333333333334,2,0.8333333333333334,2,0.1052631578947368,0.0,4,0,5,0.025,0.9208046855105678,1,1,-0.6787117089084058,0.975
normal_00858,0.01078618145,0.01039112525,0.0840655979445086,0.1144586255347877,2.503385541888547e-05,0.4411230188552801,2.985322631432,0.0098039215686274,0.9159344020554916,200,1.955,2.04,0.9583333333333334,391,408,2.04,1.955,0.8333333333333334,0.0066666666666666,1.7732729416994517,150.48555555555555,2722.35175879397,3774.591594518734,16.0,0.161959213510495,4.51829508285789,287.36,123.32707829672296,0.4291727390615358,0.33,1,1.0,1,1.0,1,0.0025575447570332,0.16,4,2,104,0.0018426186863212,0.6709044905254866,1,1,-0.4200539964062942,1.212443095599393
normal_00859,0.006963526,0.006471792,0.1125704444657934,0.0784359207633827,-0.0018161549999999,0.6624737818735724,3.653996738644068,0.0,0.8874295555342065,5,1.0,4.6,0.2173913043478261,5,23,4.6,1.0,0.1739130434782608,0.0,1.5219280948830345,2.0094444444444446,1808.5,1017.4783781486464,850.0,-0.2799107126819445,1.5219280948830345,266.6,133.49269642943017,0.5007227923084402,0.4,1,1.0,1,1.0,2,0.4,0.0,2,0,3,0.0344827586206896,0.9071669071669072,1,1,0.0,0.9655172413793104
normal_00860,0.366318792,0.36598375,0.0009148678905941,0.0008384561160172,-0.0003601589999999,0.0007872677407124,2.321928094880149,0.0,0.999085132109406,5,1.0,1.0,1.0,5,5,1.0,1.0,0.8,0.0,0.9709505944517832,0.0,0.0,0.0,0.0,0.0,-1.4428232973175177e-12,287.4,169.50457220971947,0.5897862637777296,0.4,1,1.0,1,1.0,1,0.2,0.0,2,0,5,0.0909090909090909,0.0,1,1,0.0,0.9090909090909092
normal_00862,0.3229250119999999,0.322617858,0.0053906016529342,0.0068467849041618,-0.1207317469999999,0.7598857935337319,3.5385098741953542,0.0,0.994609398347066,5,1.0,5.8,0.1724137931034483,5,29,5.8,1.0,0.1379310344827586,0.0,0.9709505944517832,0.0,0.0,0.0,0.0,0.0,-1.4428232973175177e-12,335.4,70.18760574346443,0.2092653719244616,0.2,1,1.0,1,1.0,1,0.2,0.2,3,0,2,0.0285714285714285,0.9294560994560992,1,1,0.0,0.9714285714285714
normal_00863,0.000209856,1.3999999999999995e-06,0.8937906325068642,0.220187424967116,-2.0000000000000004e-07,1.3829109342927354e-16,-1.4428232973175177e-12,0.0,0.1062093674931357,5,2.8,1.4,2.0,14,7,1.4,2.8,0.0,0.0,1.921928094881592,0.0,0.0,0.0,0.0,0.0,-1.4428232973175177e-12,353.6,98.7486708771313,0.2792666031593079,0.2,2,0.8,2,0.8,2,0.1428571428571428,0.2,2,1,1,0.0323076923076923,0.7142857142857143,1,1,-0.3939192985791682,0.8076923076923077
normal_00864,100.758184792,100.757635668,5.449933691481688e-06,2.8699940665582315e-06,-0.0006768649999997,5.374203120401106e-06,2.321928094880149,0.0,0.9999945500663084,5,1.0,1.0,1.0,5,5,1.0,1.0,0.8,0.0,1.5219280948830345,0.0,0.0,0.0,0.0,0.0,-1.4428232973175177e-12,348.2,149.19014712775103,0.42846107733415,0.6,2,0.8,2,0.8,2,0.4,0.0,3,0,5,0.0909090909090909,0.0,1,1,0.0,0.9090909090909092
normal_00865,0.005019078,0.00460337,0.1558574925801547,0.1139611841151839,-0.001904921,0.6516056888757585,3.513269689496353,0.0,0.8441425074198452,5,1.0,5.0,0.2,5,25,5.0,1.0,0.16,0.0,0.7219280948844771,0.0,0.0,0.0,0.0,0.0,-1.4428232973175177e-12,256.6,127.7939748188466,0.498027961102286,0.0,1,1.0,1,1.0,3,0.6,0.0,2,0,3,0.032258064516129,0.9194749694749697,1,1,0.0,0.967741935483871
normal_00866,19.16695524405,19.16654003175,5.341421597244647e-05,0.0001177552229371,0.1908301013200404,0.331872350756882,3.506617943062678,0.005,0.9999465857840276,200,5.14,1.0,5.14,1028,200,1.0,5.14,0.995,0.0,1.8374083504201928,4.639722222222222,83.93467336683418,121.3279568746036,0.0,0.1821728751297107,2.1972520693280906,286.595,128.12251115366735,0.4470507550852853,0.365,1,1.0,1,1.0,1,0.0009727626459143,0.13,4,0,200,0.000813669650122,0.902361648717334,1,1,0.0,0.999186330349878
normal_00867,66.42872578034999,66.42830820875001,1.2040863329704375e-05,1.9707915326628497e-05,0.1412078269236706,0.5333770595799685,3.283923018932036,0.017688679245283,0.9999879591366704,200,4.4,4.24,1.0377358490566038,880,848,4.24,4.4,0.9929245283018868,0.0223333333333333,1.78112266598554,176.67277777777778,3196.0904522613064,2919.2901580682706,8.0,-0.0452629708321814,4.523854009552156,265.385,128.8938902731574,0.4856864188750585,0.3,2,0.535,2,0.535,2,0.0022727272727272,0.15,4,0,130,0.0014665071161239,0.6677077475052865,1,1,-0.8390346940841448,1.591160220994475
normal_00869,0.2331371844444444,0.2327414988888888,0.0022043129330618,0.0015087560117138,-0.0277701368333333,0.305951183020745,1.8919954870318063,0.0,0.997795687066938,9,1.0,1.4444444444444444,0.6923076923076923,9,13,1.4444444444444444,1.0,0.6153846153846154,0.0,1.224394445401658,0.5888888888888889,265.0,281.67090726590845,9.0,0.0304953255136357,-1.4428232973175177e-12,243.77777777777777,136.44850473509942,0.5597249510555583,0.4444444444444444,1,1.0,1,1.0,1,0.1111111111111111,0.0,2,0,4,0.0434782608695652,0.4285714285714285,1,1,0.0,0.9565217391304348
normal_00870,2.602466084,2.601829158,0.0002413411862575,5.025895622213536e-05,0.1389359469999999,0.0428294257743111,0.9709505944517832,0.0,0.9997586588137424,5,2.0,1.0,2.0,10,5,1.0,2.0,0.8,0.0,0.7219280948844771,0.0,0.0,0.0,0.0,0.0,-1.4428232973175177e-12,238.6,180.85574361905125,0.7579871903564596,0.2,1,1.0,1,1.0,1,0.1,0.0,2,1,5,0.0625,0.7,1,1,0.0,0.9375
normal_00871,1.34679891,1.346309382,0.0003863408038974,0.0001453882940795,0.26401565,0.4802384011760526,3.5464393446522595,0.0,0.9996136591961026,5,5.6,4.0,1.4,28,20,4.0,5.6,0.8,0.0,1.5219280948830345,0.0,0.0,0.0,0.0,0.0,-1.4428232973175177e-12,229.0,119.9208072020865,0.5236716471706834,0.8,1,1.0,1,1.0,1,0.0357142857142857,0.2,2,1,5,0.036036036036036,0.8728258720446221,1,1,-0.879023577070195,1.2972972972972974
normal_00872,0.8139934374999999,0.8135925085,0.0009962440083276,0.0014607641664996,0.0071998667988299,0.3372981915026359,3.381583286148769,0.019047619047619,0.9990037559916723,200,2.175,1.05,2.071428571428571,435,210,1.05,2.175,0.9952380952380953,0.0,1.7790464093120746,28.48305555555556,515.2713567839196,889.1435135409967,6.0,0.2662120464949082,4.304142844368703,259.41,129.72395082283543,0.5000730535555122,0.295,1,1.0,1,1.0,1,0.0022988505747126,0.155,4,0,194,0.0015970880998365,0.6790594089906017,1,1,-0.1132125993824548,1.0141509433962264
normal_00873,5.120991452,5.12079869,3.764110832372272e-05,3.0415890634825418e-05,-0.0002094029999998,3.271411553958155e-05,2.321928094880149,0.0,0.9999623588916764,5,1.0,1.0,1.0,5,5,1.0,1.0,0.8,0.0,1.3709505944503406,0.0,0.0,0.0,0.0,0.0,-1.4428232973175177e-12,341.6,171.3572292026222,0.5016312330287535,0.6,2,0.6,2,0.6,3,0.6,0.0,4,2,5,0.0909090909090909,0.0,1,1,0.0,0.9090909090909092
normal_00874,23.93712045033334,23.936685517666668,2.307867680894092e-05,1.9202697154426687e-05,-0.2419190628391219,0.2263861150266125,2.478701951459557,0.0,0.9999769213231908,60,1.1,1.0666666666666669,1.03125,66,64,1.0666666666666669,1.1,0.953125,0.0,1.7533420759144198,6.737777777777778,411.1186440677966,336.25515356120053,18.0,-0.1001687385135743,2.91414247138634,226.11666666666667,118.06377071228184,0.5221365255942294,0.3,2,0.6,2,0.6,3,0.0454545454545454,0.15,4,0,27,0.0078730620155038,0.1614906832298136,1,1,-0.0563287171754839,1.007751937984496
normal_00875,0.149836994,0.149270182,0.0037818806566985,0.0011536122823918,-0.0005297739999999,0.002839275696736,2.321928094880149,0.0,0.9962181193433016,5,1.0,1.0,1.0,5,5,1.0,1.0,0.8,0.0,1.5219280948830345,0.0,0.0,0.0,0.0,0.0,-1.4428232973175177e-12,329.6,115.08605475903671,0.3491688554582425,0.2,1,1.0,1,1.0,2,0.4,0.0,2,0,5,0.0909090909090909,0.0,1,1,0.0,0.9090909090909092
normal_00876,0.256328914,0.2559318,0.0019616864301438,0.0014352610821348,-0.035922628,0.543087572548624,3.572623663876409,0.0,0.998038313569856,5,4.4,4.4,1.0,22,22,4.4,4.4,0.6818181818181818,0.0,1.5219280948830345,0.0,0.0,0.0,0.0,0.0,-1.4428232973175177e-12,256.4,151.54801219415583,0.5910608899928075,0.6,1,1.0,1,1.0,1,0.0454545454545454,0.2,2,0,5,0.0392156862745098,0.835516207930001,1,1,-0.8753687770031972,1.2941176470588236
normal_00877,0.000371474,0.000172802,0.7134894064171212,0.3837868202311198,-0.0001368,0.6333260031712595,1.3709505944503406,0.0,0.2865105935828788,5,1.0,1.0,1.0,5,5,1.0,1.0,0.4,0.0,1.3709505944503406,0.0,0.0,0.0,0.0,0.0,-1.4428232973175177e-12,300.8,120.76092083120268,0.4014658272313919,0.4,2,0.6,2,0.6,2,0.4,0.0,3,1,3,0.0641025641025641,0.0,1,1,0.0,0.7692307692307693
normal_00878,0.001887006,0.00165333,0.2843116807993835,0.3734073967958962,-0.00041814,0.6261890366714451,2.963856189760298,0.0,0.7156883192006165,5,3.0,5.0,0.6,15,25,5.0,3.0,0.32,0.04,1.5219280948830345,0.0,0.0,0.0,0.0,0.0,-1.4428232973175177e-12,313.8,148.15937364878403,0.4721458688616444,0.4,2,0.8,2,0.8,3,0.2,0.0,3,0,4,0.03003003003003,0.873343169504644,1,1,-0.7305452703997691,1.0810810810810811
normal_00879,0.0113570518181818,0.0109127718181818,0.1051557127412881,0.1096293620243982,-0.0031810115454545,0.7155943418856124,4.051026636588324,0.0,0.8948442872587119,11,1.0,6.181818181818182,0.1617647058823529,11,68,6.181818181818182,1.0,0.1470588235294117,0.0,1.2406705316723603,0.0,0.0,0.0,0.0,0.0,-1.4428232973175177e-12,286.1818181818182,129.84746295697747,0.453723663445601,0.1818181818181818,1,1.0,1,1.0,1,0.0909090909090909,0.0,4,0,3,0.0125,0.9246314072401028,1,1,0.0,0.9875
normal_00880,2.7720245080499994,2.77161359495,0.018381435788291,0.0482194790139602,-0.0499331762355733,0.8784465465902547,3.93764179502764,0.0103896103896103,0.981618564211709,200,2.525,3.85,0.6558441558441558,505,770,3.85,2.525,0.6519480519480519,0.00875,1.7298537613583702,338.53194444444443,6124.195979899498,52960.09331322511,11.0,0.7926962969964287,4.307601803748544,273.835,132.7157682822722,0.4846559726925784,0.37,2,0.515,2,0.515,3,0.0059405940594059,0.165,4,0,18,0.0013481278469288,0.7534394997231285,1,1,-0.6372514502780453,1.3103802672147995
normal_00881,0.001173056,0.000723574,0.486128640552369,0.3510340224230662,-0.000317923,0.6517946982198047,3.725916088902663,0.0,0.513871359447631,5,1.0,6.6,0.1515151515151515,5,33,6.6,1.0,0.0303030303030303,0.0,0.9709505944517832,0.0,0.0,0.0,0.0,0.0,-1.4428232973175177e-12,139.8,99.58513945363536,0.7123400533164187,0.0,1,1.0,1,1.0,1,0.2,0.0,3,0,2,0.0220673635307781,0.9854469854469854,1,1,0.0,0.9047619047619048
normal_00882,0.0434935,0.0429768819999999,0.0731622512458373,0.1029370371412939,-0.029632329,0.6442805887758372,3.62454208620802,0.0,0.9268377487541626,5,1.0,6.2,0.1612903225806451,5,31,6.2,1.0,0.1290322580645161,0.0,1.921928094881592,0.0,0.0,0.0,0.0,0.0,-1.4428232973175177e-12,305.2,178.61047001785758,0.5852243447505163,0.4,1,1.0,1,1.0,2,0.4,0.0,3,0,2,0.027027027027027,0.9332022144522144,1,1,0.0,0.972972972972973
normal_00883,0.068092802,0.0677101079999999,0.0204003199593511,0.0232730514977813,-0.033242218,0.4698440861766432,2.663532754794156,0.0,0.9795996800406488,5,1.0,2.2,0.4545454545454545,5,11,2.2,1.0,0.3636363636363636,0.0,0.9709505944517832,0.0,0.0,0.0,0.0,0.0,-1.4428232973175177e-12,163.6,93.8338957946434,0.5735568202606566,0.4,2,0.6,2,0.6,2,0.4,0.2,3,0,3,0.0588235294117647,0.5833333333333334,1,1,0.0,0.9411764705882352
normal_00886,0.00487336,0.004394464,0.1001970641535861,0.0498916235018561,-0.0005027499999999,0.0915242450501359,2.321928094880149,0.0,0.8998029358464139,5,1.0,1.0,1.0,5,5,1.0,1.0,0.8,0.0,1.3709505944503406,0.0,0.0,0.0,0.0,0.0,-1.4428232973175177e-12,184.0,107.52441583194025,0.5843718251735882,0.2,2,0.6,2,0.6,2,0.4,0.0,3,0,5,0.0909090909090909,0.0,1,1,0.0,0.9090909090909092
normal_00887,3.7798e-05,1e-06,0.9451719127843948,0.0422219148945542,0.0,0.0,-1.4428232973175177e-12,0.0,0.0548280872156051,5,1.0,1.0,1.0,5,5,1.0,1.0,0.0,0.0,1.3709505944503406,0.0,0.0,0.0,0.0,0.0,-1.4428232973175177e-12,283.8,118.7484736744014,0.4184230925806955,0.0,2,0.8,2,0.8,2,0.4,0.2,3,0,1,0.0476190476190476,0.0,1,1,0.0,0.6666666666666666
normal_00888,0.0458992219999999,0.04538756,0.0116969568260542,0.0046965140399349,-0.0041497889999999,0.5065960765060256,3.516027641247476,0.0,0.9883030431739456,5,3.0,4.4,0.6818181818181818,15,22,4.4,3.0,0.5,0.0,1.921928094881592,0.0,0.0,0.0,0.0,0.0,-1.4428232973175177e-12,263.4,112.63347637358974,0.427613805518564,0.4,2,0.6,2,0.6,2,0.1333333333333333,0.2,2,1,5,0.0397849462365591,0.8097165654857962,1,1,-0.8377546381652466,1.1935483870967742
normal_00890,0.033108168,0.032686138,0.0799398528311827,0.1294413664864656,-0.011015837,0.7243324337946838,3.392147223647222,0.0555555555555555,0.9200601471688172,5,2.4,3.6,0.6666666666666666,12,18,3.6,2.4,0.6111111111111112,0.0,0.9709505944517832,0.0,0.0,0.0,0.0,0.0,-1.4428232973175177e-12,288.2,160.73176412893625,0.557709105235726,0.2,2,0.8,2,0.8,3,0.25,0.0,2,1,4,0.0543478260869565,0.7766499582289056,1,1,-0.5995369796702623,1.25
normal_00891,0.889261848,0.8888617,0.0004497889433445,0.0003367295101115,-0.0003529719999999,0.0003176845171751,2.321928094880149,0.0,0.9995502110566552,5,1.0,1.0,1.0,5,5,1.0,1.0,0.8,0.0,0.7219280948844771,0.0,0.0,0.0,0.0,0.0,-1.4428232973175177e-12,341.6,171.92091204969802,0.5032813584593033,0.6,2,0.8,2,0.8,2,0.4,0.0,3,1,5,0.0909090909090909,0.0,1,1,0.0,0.9090909090909092
normal_00892,7.216656444444443,7.216223282222223,6.400733882243927e-05,2.7923156291428625e-05,0.1073741226666667,0.530171403432852,3.380094336264574,0.0,0.9999359926611776,9,4.333333333333333,3.0,1.4444444444444444,39,27,3.0,4.333333333333333,0.9629629629629628,0.0,1.9749375011961563,0.2866666666666667,129.0,89.03510543600204,1.0,-0.1832956875640767,-1.4428232973175177e-12,299.0,78.58116822750856,0.2628132716639082,0.0,1,1.0,1,1.0,1,0.0256410256410256,0.1111111111111111,4,1,9,0.0280612244897959,0.8788969363969364,1,1,-0.6864919273366474,1.346938775510204
normal_00893,0.000164974,2.4222e-05,0.8159545629326524,0.2413445704306502,1.6773e-05,0.6666666666666667,3.0269868333463026,0.0,0.1840454370673476,5,3.0,2.6,1.1538461538461535,15,13,2.6,3.0,0.0,0.0,1.5219280948830345,0.0,0.0,0.0,0.0,0.0,-1.4428232973175177e-12,354.4,185.7250656212026,0.5240549255677275,0.2,2,0.8,2,0.8,2,0.1333333333333333,0.2,2,1,1,0.0265151515151515,0.8571428571428571,1,1,-0.6639061303092922,0.8484848484848485
normal_00895,16.225574962000003,16.225125502,4.179227986383433e-05,2.9632646004744568e-05,-5.257640355,0.6462167466516201,3.5849625007009576,0.0,0.9999582077201362,5,1.0,4.8,0.2083333333333333,5,24,4.8,1.0,0.1666666666666666,0.0,0.9709505944517832,0.0,0.0,0.0,0.0,0.0,-1.4428232973175177e-12,221.2,133.11911958843478,0.6018043381032314,0.2,2,0.6,1,1.0,3,0.6,0.4,3,0,3,0.0333333333333333,0.881050505050505,1,1,0.0,0.9666666666666668
normal_00896,25.692944302,25.69239116,2.3325124658064437e-05,1.1377968796941112e-05,4.292732299,0.1336665989324754,1.921928094881592,0.0,0.999976674875342,5,3.8,1.0,3.8,19,5,1.0,3.8,0.8,0.0,1.5219280948830345,0.0,0.0,0.0,0.0,0.0,-1.4428232973175177e-12,295.2,119.11213204371754,0.4034963822619158,0.6,2,0.6,1,1.0,2,0.1052631578947368,0.2,3,0,5,0.04,0.8530844155844155,1,1,0.0,0.96
normal_00897,2.42422103975,2.4238087055,0.0161907675882142,0.0505971125065496,-0.0331482983720693,0.580786223069351,3.436744515998913,0.0173160173160173,0.9838092324117858,200,1.08,1.155,0.9350649350649352,216,231,1.155,1.08,0.9090909090909092,0.0,1.706043668351358,4.782222222222222,86.51256281407035,240.21129432767663,0.0,0.470423962480723,2.274228833192256,266.695,134.24571327481306,0.5033679419367182,0.27,2,0.525,2,0.525,2,0.0092592592592592,0.13,4,0,87,0.0023460626036571,0.1830066792092108,1,1,-0.0651352520249604,1.022883295194508
normal_00898,1.52924785955,1.52886074735,0.0036449748854428,0.0280557019704654,-0.0125591854451736,0.5790326990485742,3.226578405527201,0.0199750312109862,0.9963550251145572,200,3.86,4.005,0.9637952559300874,772,801,4.005,3.86,0.951310861423221,0.0130833333333333,1.6548558845280397,82.21722222222222,1487.3467336683418,1524.5747591898134,18.0,0.0123602243981944,4.495069717837568,277.36,133.45659863263774,0.4811674308935597,0.325,2,0.54,2,0.54,2,0.0025906735751295,0.18,4,0,88,0.0015404804575413,0.663935887066754,1,1,-0.7892089036746458,1.555885262116716
normal_00899,0.2098006359999999,0.2092312919999999,0.0028177648913973,0.0012756912950534,0.02385337,0.0914497282748699,1.921928094881592,0.0,0.9971822351086026,5,4.2,1.0,4.2,21,5,1.0,4.2,0.8,0.0,0.9709505944517832,0.0,0.0,0.0,0.0,0.0,-1.4428232973175177e-12,346.6,46.843355985667806,0.1351510559309515,0.6,2,0.6,2,0.6,2,0.0952380952380952,0.0,3,0,5,0.037037037037037,0.8647019647019646,1,1,0.0,0.9629629629629628
normal_00900,8.760436133999999,8.760196098,4.7896988809610896e-05,7.082339575214457e-05,-2.349882339,0.6013816869431933,3.616348566056409,0.1052631578947368,0.9999521030111904,5,1.0,3.8,0.2631578947368421,5,19,3.8,1.0,0.2105263157894736,0.0,0.7219280948844771,0.0,0.0,0.0,0.0,0.0,-1.4428232973175177e-12,299.8,101.44308749244574,0.3383692044444487,0.2,2,0.6,2,0.6,2,0.4,0.2,3,2,2,0.04,0.846984126984127,1,1,0.0,0.96
normal_00901,0.1955485191999999,0.1951499504,0.0047831880762032,0.0104298986701352,0.0019550496644116,0.4035121833567074,3.2844784159475253,0.0044642857142857,0.9952168119237969,200,4.535,1.12,4.049107142857142,907,224,1.12,4.535,0.9776785714285714,0.0,1.7935341954025548,233.01694444444445,4215.381909547738,9487.120197567325,3.0,0.3847281501443608,4.48293642747405,266.245,136.21902616907911,0.5116303636465628,0.33,2,0.525,2,0.525,3,0.0033076074972436,0.095,4,0,199,0.0009154692447662,0.8949810727771256,1,1,-0.2348650429898992,1.0170863309352518
normal_00902,0.8235646444000001,0.8231664097,0.0033525816493871,0.017222788594304,0.0078851399749793,0.49295632255584,3.581371040969019,0.0220588235294117,0.9966474183506128,200,2.61,1.36,1.9191176470588236,522,272,1.36,2.61,0.9705882352941176,0.0,1.815855571598382,1.8983333333333332,34.34170854271357,73.06804028885506,0.0,0.3605476427178786,1.317154777315955,265.18,128.72809410169668,0.4854366622735375,0.25,1,1.0,1,1.0,1,0.0019157088122605,0.165,4,0,178,0.0014920044346731,0.7782113169849026,1,1,-0.3050751377896354,1.0876712328767124
normal_00905,0.00071883,0.000233772,0.761068391710797,0.3208784504484412,-0.000155603,0.4710435809250036,2.446439344662359,0.0,0.2389316082892031,5,5.8,2.0,2.9,29,10,2.0,5.8,0.0,0.0,1.5219280948830345,0.0,0.0,0.0,0.0,0.0,-1.4428232973175177e-12,242.2,155.83388591702385,0.6434099335962999,0.2,2,0.6,2,0.6,3,0.1034482758620689,0.2,3,1,1,0.0206131078224101,1.0,1,1,-0.6274513145122547,0.8863636363636364
normal_00907,0.396991738,0.396603182,0.000978694786276,0.000611074840589,-0.00048653,0.0009813940423704,2.321928094880149,0.0,0.999021305213724,5,1.0,1.0,1.0,5,5,1.0,1.0,0.8,0.0,0.7219280948844771,0.0,0.0,0.0,0.0,0.0,-1.4428232973175177e-12,339.4,150.6761427698493,0.4439485644367982,0.0,1,1.0,1,1.0,1,0.2,0.2,2,0,5,0.0909090909090909,0.0,1,1,0.0,0.9090909090909092
normal_00908,0.89468549,0.894239868,0.0005319734921532,0.0002540751544615,0.1146968589999999,0.1028521738867495,0.9709505944517832,0.0,0.9994680265078466,5,2.0,1.0,2.0,10,5,1.0,2.0,0.8,0.0,1.5219280948830345,0.0,0.0,0.0,0.0,0.0,-1.4428232973175177e-12,256.2,171.28105557825128,0.6685443231001221,0.2,2,0.6,2,0.6,3,0.3,0.0,3,1,5,0.0625,0.5844155844155844,1,1,0.0,0.9375
normal_00910,0.04819913,0.04768943,0.0269605668810419,0.0263246578282694,-0.015935979,0.5932499450564355,3.516027641247476,0.0,0.9730394331189582,5,2.0,4.4,0.4545454545454545,10,22,4.4,2.0,0.2727272727272727,0.0,1.5219280948830345,0.0,0.0,0.0,0.0,0.0,-1.4428232973175177e-12,338.8,95.484030078333,0.2818300769726475,0.6,2,0.6,2,0.6,3,0.3,0.4,3,0,2,0.0344086021505376,0.8790193968927003,1,1,-0.5987965299664474,1.032258064516129
normal_00911,130.355655209,130.35524671365,6.801202015503694e-06,1.137396999120025e-05,1.2846086199566418,0.4462207732956719,3.5267446615204108,0.0040322580645161,0.9999931987979848,200,5.13,1.24,4.137096774193548,1026,248,1.24,5.13,0.995967741935484,0.0,1.728332760858469,25.60527777777778,463.2110552763819,810.479184322145,0.0,0.2726472404744371,4.411707184447453,282.65,134.04757087049882,0.4742528599699233,0.41,1,1.0,1,1.0,1,0.0009746588693957,0.175,4,0,197,0.0008469044114812,0.897666043854256,1,1,-0.3306471627017804,1.0383048084759576
normal_00913,56.612109992,56.611663442,7.949164864274154e-06,4.577197676716259e-06,8.591197368999998,0.4058782806089231,2.749999999989901,0.0,0.9999920508351356,5,4.2,1.6,2.625,21,8,1.6,4.2,0.875,0.0,1.3709505944503406,0.0,0.0,0.0,0.0,0.0,-1.4428232973175177e-12,202.0,102.1763181955584,0.5058233574037545,0.4,2,0.6,1,1.0,2,0.0952380952380952,0.2,1,0,5,0.0413105413105413,0.8818772136953954,1,1,-0.4418980961632888,1.0740740740740742
normal_00914,7.721914798,7.721654468,4.160118687006794e-05,3.085980010720383e-05,-1.598996557,0.4414545509808222,3.481714572967318,0.0,0.99995839881313,5,3.4,4.4,0.7727272727272726,17,22,4.4,3.4,0.5909090909090909,0.0,0.9709505944517832,0.0,0.0,0.0,0.0,0.0,-1.4428232973175177e-12,282.2,79.6316519984359,0.2821816158697232,0.6,1,1.0,1,1.0,1,0.0588235294117647,0.2,3,0,4,0.0419354838709677,0.8225389994620763,1,1,-0.8532391106764102,1.2580645161290325
normal_00916,0.1631144479999999,0.162772288,0.0034828926045207,0.002427075815307,-0.05662423,0.5762124774785581,3.084962500708172,0.0,0.9965171073954792,5,1.4,2.4,0.5833333333333334,7,12,2.4,1.4,0.5,0.0,1.3709505944503406,0.0,0.0,0.0,0.0,0.0,-1.4428232973175177e-12,246.4,173.58945820527236,0.7045026712876313,0.2,2,0.8,2,0.8,2,0.2857142857142857,0.2,3,0,3,0.0620915032679738,0.705982905982906,1,1,-0.4033755872716884,1.0555555555555556
normal_00917,0.166745568,0.16625588,0.0029341551153315,0.0013682436969301,-0.0004299409999999,0.0020688158518061,2.321928094880149,0.0,0.9970658448846684,5,1.0,1.0,1.0,5,5,1.0,1.0,0.8,0.0,1.5219280948830345,0.0,0.0,0.0,0.0,0.0,-1.4428232973175177e-12,205.4,164.84932514268905,0.8025770454853409,0.4,2,0.6,2,0.6,3,0.6,0.0,2,0,5,0.0909090909090909,0.0,1,1,0.0,0.9090909090909092
normal_00918,0.001116786,0.000704578,0.512843649246294,0.4009622408771653,-0.000309837,0.5176731190997887,2.732158891354471,0.0,0.4871563507537061,5,2.8,2.2,1.2727272727272725,14,11,2.2,2.8,0.1818181818181818,0.0,0.9709505944517832,0.0,0.0,0.0,0.0,0.0,-1.4428232973175177e-12,278.4,146.62980597409245,0.5266875214586655,0.2,2,0.6,2,0.6,2,0.1428571428571428,0.2,1,2,3,0.033068783068783,0.8086956521739131,1,1,-0.5658595623783123,0.8928571428571429
normal_00919,0.365286464,0.3650131359999999,0.0007763837372461,0.0007703332150024,0.087447885,0.5699788415285966,3.1219280948743777,0.0,0.9992236162627538,5,5.2,2.0,2.6,26,10,2.0,5.2,0.9,0.0,1.5219280948830345,0.0,0.0,0.0,0.0,0.0,-1.4428232973175177e-12,359.8,122.96422243888668,0.3417571496355939,0.0,1,1.0,1,1.0,1,0.0384615384615384,0.0,2,0,5,0.0362903225806451,0.9115600448933784,1,1,-0.5578269701866014,1.125
normal_00920,0.174966868,0.17454457,0.0074861789872134,0.0116096974620788,-0.038530278,0.7137931035799815,3.614369445868001,0.0,0.9925138210127866,5,2.4,3.6,0.6666666666666666,12,18,3.6,2.4,0.6111111111111112,0.0,1.3709505944503406,1.8388888888888888,1655.0,879.4967310911394,539.0,-0.3059791947630544,1.3709505944503406,284.4,136.7965642843416,0.4810005776523967,0.4,2,0.6,2,0.6,3,0.25,0.4,3,0,3,0.0543478260869565,0.7716067558172821,1,1,-0.6205052279940232,1.25
normal_00921,0.093834518,0.0933064899999999,0.005703993229711,0.0023879858480728,0.006613683,0.3366179339603158,3.5724312513033643,0.0,0.994296006770289,5,5.0,3.6,1.3888888888888888,25,18,3.6,5.0,0.8333333333333334,0.1333333333333333,1.5219280948830345,0.0,0.0,0.0,0.0,0.0,-1.4428232973175177e-12,225.6,93.92443771457992,0.4163317274582443,0.4,2,0.6,2,0.6,2,0.08,0.4,2,1,5,0.0407196969696969,0.8289091860520434,1,1,-0.8816051772882421,1.303030303030303
normal_00922,0.3505964815,0.350232675,0.0286012961110831,0.0531843894429174,-0.0074478729287932,0.8881280587489998,3.5917495107039,0.0034246575342465,0.9713987038889168,200,1.035,4.38,0.2363013698630137,207,876,4.38,1.035,0.2351598173515981,0.0,1.7613487548469051,184.0925,3330.316582914573,3749.9414354256246,2.0,0.0592668870857651,4.4880985200849,287.6,127.57167657170844,0.4435732843244382,0.28,2,0.51,2,0.51,2,0.0096618357487922,0.185,4,0,6,0.0009345455675099,0.8534283276586588,1,1,-0.1286160562089036,1.0055710306406684
normal_00924,10.191176865849998,10.1907649548,0.0011547504901757,0.0055189684965875,0.0961005005952449,0.6147371453474422,3.546228149093766,0.0209205020920502,0.9988452495098242,200,1.435,1.195,1.200836820083682,287,239,1.195,1.435,0.99581589958159,0.0,1.7744653368453418,4.966944444444445,89.85427135678393,145.01462019291438,0.0,0.2348559167294341,2.3721356042948623,268.805,127.87032916357886,0.4756992212331573,0.35,1,1.0,1,1.0,1,0.0034843205574912,0.18,4,0,115,0.0022132830645975,0.4500394474352803,1,1,-0.1404416200699403,1.0778688524590163
normal_00925,1.028022224,1.027569714,0.0005217818689536,0.0003428307352266,-0.004552096,0.3949642039478295,3.641249800436724,0.0454545454545454,0.9994782181310464,5,3.8,4.4,0.8636363636363635,19,22,4.4,3.8,0.6363636363636364,0.0,1.5219280948830345,0.0,0.0,0.0,0.0,0.0,-1.4428232973175177e-12,291.6,105.21074089654536,0.360805009933283,0.4,2,0.8,2,0.8,3,0.1578947368421052,0.0,2,0,5,0.0413306451612903,0.8344322344322345,1,1,-0.8716890388175017,1.28125
normal_00927,0.1440061979999999,0.143698472,0.0175588208739307,0.035483143378896,-0.034738028,0.6946000069657938,3.468576629670552,0.0,0.9824411791260692,5,1.0,4.6,0.2173913043478261,5,23,4.6,1.0,0.1739130434782608,0.0,0.7219280948844771,0.0,0.0,0.0,0.0,0.0,-1.4428232973175177e-12,287.8,178.58247394411356,0.6205089435167254,0.2,1,1.0,1,1.0,1,0.2,0.0,2,0,2,0.0344827586206896,0.8754329004329003,1,1,0.0,0.9655172413793104
normal_00928,0.132586344,0.132139752,0.0781892055877591,0.1673931246408497,-0.070975465,0.7717430530395099,3.2998963911520214,0.0,0.9218107944122408,5,1.6,4.4,0.3636363636363636,8,22,4.4,1.6,0.1818181818181818,0.0,0.9709505944517832,0.0,0.0,0.0,0.0,0.0,-1.4428232973175177e-12,287.6,87.2828734632402,0.3034870426399172,0.2,2,0.6,2,0.6,3,0.375,0.0,2,0,3,0.032258064516129,0.9155011655011654,1,1,-0.5433798352828033,0.967741935483871
normal_00929,0.4633600094,0.46297718735,0.0059623092773079,0.014347424540116,0.0013057302885247,0.5265345803923467,3.5144647153651705,0.008130081300813,0.994037690722692,200,1.435,1.23,1.1666666666666667,287,246,1.23,1.435,0.9796747967479674,0.0,1.6430541994286123,2.558055555555556,46.27638190954774,65.01927812282247,0.0,0.1684063530224214,1.7126122281157197,277.94,129.6279810354874,0.4663883609249745,0.28,1,1.0,1,1.0,1,0.0034843205574912,0.17,4,0,122,0.0022063815342837,0.452457283964133,1,1,-0.1546916271576695,1.0833333333333333
normal_00930,0.004226528,0.003867204,0.088089414675661,0.0439973907460456,0.000369136,0.0899835643529536,2.321928094880149,0.0,0.9119105853243388,5,3.8,1.0,3.8,19,5,1.0,3.8,0.8,0.0,1.3709505944503406,0.0,0.0,0.0,0.0,0.0,-1.4428232973175177e-12,211.6,35.17527540759276,0.1662347609054478,0.2,2,0.8,2,0.8,3,0.1578947368421052,0.0,4,2,5,0.04,0.8774891774891774,1,1,0.0,0.96
normal_00931,2.880123759,2.8797407453000003,0.007859729173315,0.0290458781474905,-0.0567094329766594,0.8167357425441126,3.729791719438112,0.0254777070063694,0.9921402708266852,200,1.0,1.57,0.6369426751592356,200,314,1.57,1.0,0.6337579617834395,0.0,1.703665092319716,2.966388888888889,53.663316582914575,59.96583793839242,0.0,0.0554657066844234,1.8534617928533967,281.05,133.96867368022345,0.4766720287501279,0.37,2,0.515,2,0.515,2,0.01,0.14,4,0,11,0.0019417475728155,0.3715898739708261,1,1,0.0,0.9980582524271844
normal_00932,0.036617384,0.036091118,0.0279857410867224,0.0206966072711307,-0.009360061,0.6316231237920558,3.844106544791455,0.0,0.9720142589132776,5,1.0,5.2,0.1923076923076923,5,26,5.2,1.0,0.1538461538461538,0.0,1.921928094881592,0.0,0.0,0.0,0.0,0.0,-1.4428232973175177e-12,220.6,156.08106867906818,0.7075297764236999,0.0,1,1.0,1,1.0,1,0.2,0.0,3,0,2,0.03125,0.9192782526115858,1,1,0.0,0.96875
normal_00934,0.4663655380000001,0.465973864,0.0025710057273955,0.0038847098464328,-0.18009135,0.6082295093414648,3.350209029084027,0.0,0.9974289942726046,5,2.8,3.6,0.7777777777777777,14,18,3.6,2.8,0.4444444444444444,0.0,0.7219280948844771,0.0,0.0,0.0,0.0,0.0,-1.4428232973175177e-12,342.6,163.920102488987,0.4784591432836748,0.4,2,0.8,2,0.8,2,0.1428571428571428,0.2,2,0,3,0.0394088669950738,0.8414442039442038,1,1,-0.5853932099170399,1.103448275862069
normal_00935,0.074844786,0.074316696,0.0287522760916509,0.0232076535377245,-0.042892256,0.683194273397192,4.015319531090258,0.0,0.971247723908349,5,1.0,6.4,0.15625,5,32,6.4,1.0,0.125,0.0,1.921928094881592,0.0,0.0,0.0,0.0,0.0,-1.4428232973175177e-12,260.8,138.23241298624575,0.5300322583828441,0.2,1,1.0,1,1.0,1,0.2,0.0,2,2,2,0.0263157894736842,0.938469611196884,1,1,0.0,0.9736842105263158
normal_00936,0.3689115639999999,0.368297444,0.0017285627720197,0.0005018375894967,0.0353057459999999,0.0780333126612738,0.7219280948844771,0.0,0.9982714372279804,5,1.8,1.0,1.8,9,5,1.0,1.8,0.8,0.0,1.5219280948830345,0.0,0.0,0.0,0.0,0.0,-1.4428232973175177e-12,251.2,109.85308370728607,0.437313231318814,0.0,1,1.0,1,1.0,1,0.1111111111111111,0.2,2,0,5,0.0666666666666666,0.5666666666666667,1,1,0.0,0.9333333333333332
normal_00937,3.38811942355,3.3876969353,0.000124649318395,6.90980204951188e-05,-0.0004288548116702,0.0042196227357435,4.294749883454346,0.0,0.9998753506816048,200,1.0,1.0,1.0,200,200,1.0,1.0,0.995,0.0,1.808552555744942,210.3361111111111,3805.075376884422,4664.491417105189,26.0,0.1014710741558408,4.488342430496115,278.955,130.3047952815507,0.4671176185461838,0.37,2,0.55,2,0.55,3,0.015,0.16,4,0,200,0.0024937655860349,0.0,1,1,0.0,0.9975062344139652
normal_00938,0.000149018,1e-06,0.9827361122611016,0.0178556119287652,0.0,0.0,-1.4428232973175177e-12,0.0,0.0172638877388983,5,1.0,1.0,1.0,5,5,1.0,1.0,0.0,0.0,1.921928094881592,0.0,0.0,0.0,0.0,0.0,-1.4428232973175177e-12,219.8,167.83384640768975,0.7635752793798442,0.2,1,1.0,1,1.0,1,0.2,0.2,3,0,1,0.0476190476190476,0.0,1,1,0.0,0.6666666666666666
normal_00939,14.616700544,14.616249228,0.0001445450079856,0.0002739520882318,-1.39054698,0.4392468993520335,3.614369445868001,0.0,0.9998554549920144,5,3.8,3.6,1.0555555555555556,19,18,3.6,3.8,0.7777777777777778,0.0666666666666666,0.9709505944517832,0.0,0.0,0.0,0.0,0.0,-1.4428232973175177e-12,289.8,142.0675895480739,0.4902263269429741,0.4,2,0.6,2,0.6,2,0.1052631578947368,0.0,2,0,5,0.0489417989417989,0.838445612358656,1,1,-0.7624051443795709,1.3214285714285714
normal_00941,0.005309544,0.005045284,0.1724417645617576,0.2954748876338947,-0.002524895,0.693160113410787,3.75416342774724,0.0,0.8275582354382424,5,2.0,5.4,0.3703703703703703,10,27,5.4,2.0,0.1481481481481481,0.0,1.5219280948830345,0.0,0.0,0.0,0.0,0.0,-1.4428232973175177e-12,303.0,183.990488884616,0.607229336252858,0.0,2,0.6,2,0.6,2,0.2,0.0,2,0,3,0.0263157894736842,0.953076988371106,1,1,-0.6140430927033191,0.9736842105263158
normal_00943,8.592599999999999e-05,3.169000000000001e-05,0.6058465215412866,0.3493468463822449,-2.5158e-05,0.7116361628273902,2.0598225451195145,0.0,0.3941534784587133,5,1.0,4.8,0.2083333333333333,5,24,4.8,1.0,0.0,0.0,0.9709505944517832,22.70833333333333,20437.5,19694.901046971525,1011.0,-0.0185037260083025,1.921928094881592,196.6,140.2811462741875,0.713535840662195,0.6,2,0.6,2,0.6,2,0.4,0.4,2,0,1,0.0258467023172905,1.0,1,1,0.0,0.8529411764705882
normal_00944,9.243251688,9.242817584,4.696403755809375e-05,2.922597397154002e-05,-0.0005294329999999,4.582438159691048e-05,2.321928094880149,0.0,0.999953035962442,5,1.0,1.0,1.0,5,5,1.0,1.0,0.8,0.0,1.3709505944503406,0.0,0.0,0.0,0.0,0.0,-1.4428232973175177e-12,367.8,94.11004197215088,0.2558728710498936,0.6,2,0.6,2,0.6,2,0.4,0.0,2,2,5,0.0909090909090909,0.0,1,1,0.0,0.9090909090909092
normal_00945,0.018539356,0.018168068,0.0251791392625295,0.0283392381426226,-0.0029218879999999,0.6747149339159231,2.9464393446580317,0.0,0.9748208607374704,5,3.4,4.0,0.85,17,20,4.0,3.4,0.45,0.0,0.9709505944517832,0.0,0.0,0.0,0.0,0.0,-1.4428232973175177e-12,318.2,155.03128716488166,0.4872133474697727,0.2,2,0.8,2,0.8,2,0.1176470588235294,0.0,3,1,4,0.0350378787878787,0.8619677941106513,1,1,-0.7074687672297135,1.121212121212121
normal_00947,0.014612788,0.014188562,0.0413820859555256,0.0305753278851351,-0.004399672,0.5754481489477535,3.5883543471530346,0.0,0.9586179140444744,5,3.6,4.6,0.782608695652174,18,23,4.6,3.6,0.3478260869565217,0.0,1.5219280948830345,0.0,0.0,0.0,0.0,0.0,-1.4428232973175177e-12,248.0,158.025314427784,0.637198848499129,0.0,1,1.0,1,1.0,1,0.0555555555555555,0.0,2,0,4,0.0291607396870554,0.8929864253393668,1,1,-0.8126286762846436,1.0789473684210529
normal_00948,0.041183912,0.040749974,0.0111726269354838,0.0066704794777023,0.004041478,0.519731799910678,3.189898095449861,0.0,0.9888273730645162,5,3.4,3.0,1.1333333333333333,17,15,3.0,3.4,0.6,0.0,1.3709505944503406,0.0,0.0,0.0,0.0,0.0,-1.4428232973175177e-12,175.0,42.47352116319061,0.242705835218232,0.6,1,1.0,1,1.0,3,0.1764705882352941,0.2,3,2,5,0.0423280423280423,0.894307142133229,1,1,-0.6179554176369764,1.1428571428571428
normal_00949,0.1218261685999999,0.12141562805,0.0631188152628,0.0926176381018618,-0.0010499065738468,0.8518261829475304,3.92340167167015,0.0151187904967602,0.9368811847372,200,1.31,2.315,0.5658747300215983,262,463,2.315,1.31,0.5637149028077754,0.0,1.6583110477571563,12.114166666666666,219.15075376884425,293.7437220745761,0.0,0.1454353123672638,3.627221827552783,268.285,126.4910419494888,0.4714801123785854,0.315,2,0.535,2,0.535,3,0.0114503816793893,0.19,4,0,11,0.0016468589289283,0.6889541373377578,1,1,-0.2677107839497592,1.091867469879518
normal_00950,0.00454747225,0.0041434862,0.1561321302097791,0.168842691573929,-2.765679351983797e-06,0.5815859292644482,3.672856721427823,0.0,0.8438678697902208,200,2.21,3.735,0.5917001338688086,442,747,3.735,2.21,0.4042838018741633,0.0045,1.7094439222602351,56.41861111111111,1020.638190954774,1178.5591576962488,0.0,0.071808456316275,4.38317650224872,273.775,135.68476758936094,0.4956068581476064,0.285,2,0.52,2,0.52,3,0.006787330316742,0.215,4,0,37,0.0010072156966391,0.847571656296757,1,1,-0.5905820566702467,1.093836246550138
normal_00952,0.04936786695,0.0489683926,0.0577435727812277,0.085412065733238,-0.0003211028544063,0.8617971384351751,3.8087022656379967,0.0021645021645021,0.9422564272187722,200,1.9,4.62,0.4112554112554112,380,924,4.62,1.9,0.4058441558441558,0.0,1.7174815661013088,965.7652777777778,17471.130653266333,16101.511691664204,44.0,-0.0407956855921691,4.509419294984886,271.205,124.64181031819533,0.4595852226846678,0.34,2,0.535,2,0.535,3,0.0078947368421052,0.17,4,0,35,0.0010239400963634,0.830280119354393,1,1,-0.5377359011040591,1.1550044286979628
normal_00953,184.2767228065,184.276334516,5.440285472827291e-06,1.1754278234392816e-05,1.8157056685994744,0.3800672109987048,3.640373252662848,0.0,0.9999945597145272,200,4.68,1.09,4.293577981651375,936,218,1.09,4.68,0.9954128440366972,0.0,1.694663652236782,77.63166666666666,1404.391959798995,2198.0351063573976,8.0,0.2203079013075425,4.460202371047688,272.64,124.78484156105294,0.4576908801388386,0.26,2,0.525,2,0.525,2,0.0021367521367521,0.16,4,0,200,0.0008934433337049,0.8957255692738147,1,1,-0.2140548533199817,1.0149516270888304
normal_00954,0.02283478515,0.02240455725,0.0991221831157008,0.0984512284416951,-0.0003872161293257,0.8618998950278244,3.6165889691751816,0.0027624309392265,0.9008778168842992,200,1.02,3.62,0.281767955801105,204,724,3.62,1.02,0.2803867403314917,0.0016666666666666,1.7337268450063452,43.85416666666666,793.3417085427136,928.339401317908,8.0,0.0784103931918746,4.462856365319032,271.28,133.6663573057068,0.4927247025424168,0.355,2,0.515,2,0.515,3,0.0147058823529411,0.12,4,0,9,0.001085761085761,0.8302488775592226,1,1,-0.0947139595063281,1.0032432432432432
normal_00955,4.4593289962676055,4.458919926901409,0.000306462495937,0.0013776456654883,0.063518170382635,0.6286460721176741,3.795434987369892,0.0101522842639593,0.9996935375040628,142,4.971830985915493,2.7746478873239435,1.7918781725888326,706,394,2.7746478873239435,4.971830985915493,0.9898477157360406,0.0161971830985915,1.6615429364635188,24.269166666666667,619.6382978723404,679.0584979511382,3.0,0.0457537126986753,4.422398326976246,277.72535211267603,132.34653333059734,0.4765374580456126,0.380281690140845,1,1.0,1,1.0,1,0.0014164305949008,0.1549295774647887,4,0,140,0.001517132564285,0.8341865003434574,1,1,-0.7054127169712747,1.2910798122065728
normal_00956,33.34565669090001,33.34523944835,3.4536326980906906e-05,9.251376423991286e-05,0.346214241343366,0.4327488660495464,3.024250088076929,0.0168776371308016,0.9999654636730192,200,4.785,1.185,4.037974683544304,957,237,1.185,4.785,0.9957805907172996,0.0,1.6963895689004378,1014.0219444444444,18344.115577889446,16492.764113154877,0.0,-0.0531434353809392,4.53369666016517,270.505,125.3956952087448,0.4635614691364108,0.3,2,0.54,2,0.54,2,0.0020898641588296,0.19,4,0,197,0.0008911737968034,0.8948393232839994,1,1,-0.2928166556770926,1.0310880829015543
normal_00957,6.405531396350001,6.4050972641,0.0045825674816748,0.0198783453216209,0.0184561524337358,0.8070005433868325,3.889803031950013,0.0120663650075414,0.9954174325183252,200,3.66,3.315,1.104072398190045,732,663,3.315,3.66,0.9110105580693816,0.0075,1.6871364517796106,992.7633333333332,17959.53768844221,18332.320396308296,56.0,0.0102717999997559,4.522480899661284,265.29,135.75960093573917,0.5117403631336995,0.275,2,0.52,2,0.52,3,0.0040983606557377,0.13,4,0,102,0.0014218879001926,0.7574206341570812,1,1,-0.667171329353528,1.4076690211907164
normal_00958,0.006906496,0.006526298,0.0534438701914264,0.0375285128820805,0.0001931579999999,0.2323348222398493,2.235926350621819,0.0,0.9465561298085736,5,1.6,1.4,1.142857142857143,8,7,1.4,1.6,0.5714285714285714,0.0,1.5219280948830345,0.0,0.0,0.0,0.0,0.0,-1.4428232973175177e-12,275.6,60.64486787849405,0.2200466904154356,0.6,1,1.0,1,1.0,1,0.125,0.4,3,0,5,0.0625,0.6103896103896104,1,1,-0.3015113445777638,0.9375
normal_00959,0.10891308,0.108554422,0.0053630906111092,0.0056426009629098,-0.031773804,0.7158631872087027,3.930270372268928,0.0,0.9946369093888908,5,1.0,5.4,0.1851851851851851,5,27,5.4,1.0,0.1481481481481481,0.0,0.7219280948844771,12.775,11497.5,12813.3370848503,1083.0,0.0541255358775895,1.921928094881592,281.8,129.03371652401557,0.4578911161249664,0.8,1,1.0,1,1.0,1,0.2,0.2,3,0,2,0.0303030303030303,0.9242527313955886,1,1,0.0,0.9696969696969696
normal_00960,0.159715498,0.159278861,0.0027367763459714,0.0015953510713304,-0.0004800935151515,0.0049733799892,3.1219280948743777,0.0,0.9972632236540284,10,1.0,1.0,1.0,10,10,1.0,1.0,0.9,0.0,1.1567796494427114,0.4502777777777778,180.11111111111111,122.96109994126368,9.0,-0.188568958438658,0.4689955935863958,299.1,136.67516233756592,0.4569547386745767,0.3,2,0.6,2,0.6,3,0.3,0.3,4,0,10,0.0476190476190476,0.0,1,1,0.0,0.9523809523809524
normal_00961,9.8230261625,9.822646105,5.637940574192623e-05,5.311518350307905e-05,1.9318846745238092,0.2581402714790669,2.499999999991344,0.0,0.999943620594258,8,4.125,1.0,4.125,33,8,1.0,4.125,0.875,0.0,1.4056390622252386,9.356944444444444,4812.142857142857,4190.776860425469,572.0,-0.0690182758716433,2.499999999991344,283.75,145.10070394630856,0.5113681196345676,0.5,1,1.0,1,1.0,1,0.0303030303030303,0.125,2,0,8,0.0238095238095238,0.8567953288541524,1,1,0.0,0.9761904761904762
normal_00962,2.093620358,2.093137046,0.0002512342920255,0.0001121256216038,0.419848676,0.1604667699336107,1.921928094881592,0.0,0.9997487657079744,5,5.8,1.0,5.8,29,5,1.0,5.8,0.8,0.0,1.5219280948830345,0.0,0.0,0.0,0.0,0.0,-1.4428232973175177e-12,309.4,117.67880012984496,0.3803451846472042,0.4,2,0.6,1,1.0,2,0.0689655172413793,0.2,3,0,5,0.0285714285714285,0.9335353535353536,1,1,0.0,0.9714285714285714
normal_00963,0.5356154442857143,0.5352519271428572,0.0039954606184519,0.0082826124997606,-0.1966098485714286,0.6484120542260329,3.524670209568897,0.025,0.996004539381548,7,1.0,5.714285714285714,0.175,7,40,5.714285714285714,1.0,0.15,0.0,1.842370993171338,0.0,0.0,0.0,0.0,0.0,-1.4428232973175177e-12,221.8571428571429,118.45453216519913,0.5339225532236921,0.1428571428571428,2,0.7142857142857143,1,1.0,2,0.2857142857142857,0.0,3,2,3,0.0208333333333333,0.9208994257774744,1,1,0.0,0.9791666666666666
normal_00964,0.0423881827,0.0419933172,0.0306588997786892,0.0448767301765591,6.768538772969324e-05,0.5781481907706111,3.529020871092933,0.0101010101010101,0.9693411002213108,200,1.4,1.485,0.9427609427609428,280,297,1.485,1.4,0.8585858585858586,0.0,1.7630729968478092,120.28083333333332,2175.934673366834,2920.152505268156,10.0,0.1460371076502392,4.461642554342328,287.35,131.63955470073972,0.4581157289046101,0.315,2,0.525,2,0.525,2,0.0071428571428571,0.185,4,0,123,0.0021216199321964,0.5208973221395578,1,1,-0.203779090078298,1.1053639846743295
normal_00965,0.000842284,0.000484554,0.5152896750437084,0.4555253817170478,8.029400000000001e-05,0.7030107411489052,2.330124965304871,0.0,0.4847103249562915,5,2.8,3.0,0.9333333333333332,14,15,3.0,2.8,0.2666666666666666,0.0,1.5219280948830345,0.0,0.0,0.0,0.0,0.0,-1.4428232973175177e-12,267.2,189.22790491890987,0.7081882669120879,0.2,1,1.0,1,1.0,2,0.1428571428571428,0.2,2,1,2,0.0333333333333333,0.943111111111111,1,1,-0.5290166673900154,0.9666666666666668
normal_00966,0.1683983379999999,0.168119282,0.0033893348183356,0.0031789389200911,-0.062709774,0.6572094619997247,3.249999999985573,0.0625,0.9966106651816644,5,1.0,3.2,0.3125,5,16,3.2,1.0,0.25,0.0,1.3709505944503406,0.0,0.0,0.0,0.0,0.0,-1.4428232973175177e-12,326.0,98.17331613019904,0.301145141503678,0.2,2,0.6,2,0.6,2,0.4,0.0,2,0,4,0.0454545454545454,0.8102495543672014,1,1,0.0,0.9545454545454546
normal_00967,0.000706144,0.0003452019999999,0.6098854802570952,0.3218085778315505,-0.000129351,0.6380632379950086,3.101881223461591,0.0,0.3901145197429049,5,3.0,3.4,0.8823529411764706,15,17,3.4,3.0,0.0588235294117647,0.0,1.5219280948830345,0.0,0.0,0.0,0.0,0.0,-1.4428232973175177e-12,270.8,73.37029371619008,0.2709390462193134,0.2,1,1.0,1,1.0,1,0.0666666666666666,0.0,2,0,2,0.0253968253968253,0.9835777126099708,1,1,-0.6666666666666666,0.8888888888888888
normal_00968,2.964589606,2.964478852,4.394273165906784e-05,3.931393979529352e-05,0.625577767,0.1688196268502171,2.321928094880149,0.0,0.9999560572683408,5,3.8,1.0,3.8,19,5,1.0,3.8,0.8,0.0,0.9709505944517832,0.0,0.0,0.0,0.0,0.0,-1.4428232973175177e-12,259.8,203.13714579071944,0.7818981747140855,0.6,2,0.6,2,0.6,2,0.1052631578947368,0.2,2,1,5,0.04,0.885436507936508,1,1,0.0,0.96
normal_00969,68.34979201544998,68.34940917429999,1.1623543255774174e-05,2.0931536015593503e-05,0.6515253332183306,0.3530011195913226,3.0434205776446897,0.0093896713615023,0.9999883764567444,200,5.045,1.065,4.737089201877934,1009,213,1.065,5.045,0.9953051643192488,0.0,1.647058539520407,75.3338888888889,1362.824120603015,1335.1333564926022,0.0,-0.0102636028719853,4.437961719597418,269.125,126.00940929611478,0.4682188919502639,0.37,2,0.585,2,0.585,2,0.0019821605550049,0.155,4,0,199,0.0008353328001421,0.9048173938272952,1,1,-0.1843501026998323,1.0099173553719007
normal_00973,0.1651898359999999,0.164923714,0.002045177792007,0.0024438874317137,-0.040190719,0.4433238231384155,3.601227480932757,0.0,0.997954822207993,5,3.8,4.8,0.7916666666666666,19,24,4.8,3.8,0.625,0.0333333333333333,0.9709505944517832,0.0,0.0,0.0,0.0,0.0,-1.4428232973175177e-12,203.8,122.3445953035932,0.6003169543846575,0.2,2,0.8,2,0.8,3,0.1578947368421052,0.0,2,0,4,0.0407196969696969,0.8130907782693495,1,1,-0.9461643078680168,1.303030303030303
normal_00974,3.5188204700000005,3.5185786740000013,0.0014781029280253,0.0027572060191732,-2.641378307,0.7473030912585665,3.605388542187335,0.0,0.9985218970719748,5,1.0,4.8,0.2083333333333333,5,24,4.8,1.0,0.1666666666666666,0.0,1.3709505944503406,0.0,0.0,0.0,0.0,0.0,-1.4428232973175177e-12,268.6,158.426007965864,0.5898213252638271,0.6,1,1.0,1,1.0,1,0.2,0.2,2,0,2,0.0333333333333333,0.8597899877899878,1,1,0.0,0.9666666666666668
normal_00976,2.163607082,2.163018556,0.0002761938946749,8.401319457134115e-05,0.0953130949999999,0.0354885621240134,0.7219280948844771,0.0,0.9997238061053252,5,1.8,1.0,1.8,9,5,1.0,1.8,0.8,0.0,0.9709505944517832,0.0,0.0,0.0,0.0,0.0,-1.4428232973175177e-12,314.0,114.43557139281474,0.3644444948815756,0.0,2,0.6,2,0.6,2,0.2222222222222222,0.4,3,0,5,0.0666666666666666,0.5333333333333333,1,1,0.0,0.9333333333333332
normal_00977,0.5706636519999999,0.570429818,0.0052610717079185,0.0103357640814304,-0.175172065,0.7363148175349116,3.5391486718843157,0.0357142857142857,0.9947389282920812,5,3.0,5.6,0.5357142857142857,15,28,5.6,3.0,0.3928571428571428,0.0333333333333333,0.7219280948844771,0.0,0.0,0.0,0.0,0.0,-1.4428232973175177e-12,317.0,53.800557617928085,0.1697178473751674,0.2,2,0.8,2,0.8,2,0.1333333333333333,0.2,3,0,4,0.0322822822822822,0.8846830865213218,1,1,-0.7095292285581574,1.162162162162162
normal_00978,3.78731062405,3.786927727,0.0014720664856654,0.0103017509085252,-0.0359598186436211,0.6306295324193966,3.648856684404319,0.0271546635182998,0.9985279335143344,200,4.0,4.235,0.9445100354191264,800,847,4.235,4.0,0.9338842975206612,0.0104999999999999,1.7266246933462417,146.11527777777778,2643.291457286432,2741.7150641418043,11.0,0.0182773421840291,4.485308552983849,265.895,130.80329308703224,0.4919358885538737,0.295,2,0.51,2,0.51,2,0.0025,0.16,4,0,70,0.0014783498492029,0.66235822674339,1,1,-0.8080295269668549,1.5596590909090908
normal_00979,0.069602174,0.0692704099999999,0.0097761806645418,0.0148371226765062,-0.0109274689999999,0.6367073310956292,3.2028195311003564,0.0,0.990223819335458,5,3.0,3.2,0.9375,15,16,3.2,3.0,0.5,0.0,1.5219280948830345,0.0,0.0,0.0,0.0,0.0,-1.4428232973175177e-12,253.8,113.88898102977302,0.4487351498415012,0.6,2,0.6,2,0.6,3,0.2,0.0,1,0,4,0.041005291005291,0.8745023092849181,1,1,-0.6516368654015112,1.1071428571428572
normal_00980,0.1698328539999999,0.169416484,0.0057062393394482,0.0066406093271884,-0.085302717,0.5587951209438786,2.688721875530768,0.0833333333333333,0.994293760660552,5,1.0,2.4,0.4166666666666667,5,12,2.4,1.0,0.3333333333333333,0.0,1.3709505944503406,0.0,0.0,0.0,0.0,0.0,-1.4428232973175177e-12,245.2,109.06053364989556,0.4447819480012053,0.0,2,0.8,2,0.8,2,0.4,0.2,2,2,3,0.0555555555555555,0.6239316239316239,1,1,0.0,0.9444444444444444
normal_00981,0.0257194859999999,0.025286502,0.0169046267394434,0.0067496421358712,-0.000465152,0.0147162149988164,2.321928094880149,0.0,0.9830953732605564,5,1.0,1.0,1.0,5,5,1.0,1.0,0.8,0.0,0.9709505944517832,0.0,0.0,0.0,0.0,0.0,-1.4428232973175177e-12,224.2,71.36315575981767,0.3183013191784909,0.0,2,0.8,2,0.8,2,0.4,0.0,2,2,5,0.0909090909090909,0.0,1,1,0.0,0.9090909090909092
normal_00982,0.803484576,0.8030422139999999,0.0020424473894062,0.002574840610889,-0.270301744,0.7649854463317166,3.556656707442624,0.0357142857142857,0.9979575526105936,5,1.0,5.6,0.1785714285714285,5,28,5.6,1.0,0.1428571428571428,0.0,0.9709505944517832,0.0,0.0,0.0,0.0,0.0,-1.4428232973175177e-12,318.0,100.25966287595426,0.3152819587294159,0.4,1,1.0,1,1.0,2,0.4,0.0,3,2,3,0.0294117647058823,0.9000999000999002,1,1,0.0,0.9705882352941176
normal_00983,11.995890674,11.9952656,5.2106655174205184e-05,1.7204912292572913e-05,-0.0005972430000001,3.983191501810986e-05,2.321928094880149,0.0,0.9999478933448256,5,1.6,1.0,1.6,8,5,1.0,1.6,0.8,0.0,1.921928094881592,0.0,0.0,0.0,0.0,0.0,-1.4428232973175177e-12,289.0,158.26086060678426,0.5476154346255511,0.2,2,0.8,1,1.0,2,0.25,0.0,2,0,5,0.0714285714285714,0.5111111111111111,1,1,0.0,0.9285714285714286
normal_00985,0.0603926049,0.0599814825499999,0.0732224743595182,0.092838551085519,-0.0011584837714767,0.891795213703797,3.608022366246431,0.0036596523330283,0.9267775256404818,200,1.355,5.465,0.2479414455626715,271,1093,5.465,1.355,0.2470265324794144,0.0,1.7559050055542105,160.38666666666666,2901.467336683417,4714.793933659541,2.0,0.2380861859396887,4.458796868820608,259.565,127.57957719630498,0.4915130206164351,0.345,2,0.51,1,1.0,3,0.011070110701107,0.175,4,0,8,0.0008152326580768,0.8882411413490023,1,1,-0.4050102204306896,1.054095826893354
normal_00986,0.012354508,0.0120923219999999,0.0213470555394912,0.0196954803249787,-0.000241603,0.0159838945737635,2.321928094880149,0.0,0.9786529444605088,5,1.0,1.0,1.0,5,5,1.0,1.0,0.8,0.0,0.7219280948844771,0.0,0.0,0.0,0.0,0.0,-1.4428232973175177e-12,348.4,136.6539424970974,0.3922329003935058,0.2,1,1.0,1,1.0,1,0.2,0.0,3,0,5,0.0909090909090909,0.0,1,1,0.0,0.9090909090909092
normal_00987,2.912442614,2.912130826,0.0003959750556234,0.0005410316347861,-1.497678949,0.6714688139389349,3.517559429577588,0.0,0.9996040249443766,5,1.0,5.2,0.1923076923076923,5,26,5.2,1.0,0.1538461538461538,0.0,1.5219280948830345,0.0,0.0,0.0,0.0,0.0,-1.4428232973175177e-12,201.8,156.67226940336317,0.7763739811861404,0.2,2,0.8,2,0.8,2,0.4,0.2,3,0,2,0.03125,0.8941768108434774,1,1,0.0,0.96875
normal_00988,0.000986982,0.000660096,0.4733713506012195,0.3285138315714325,-0.000340985,0.4132550416909056,1.921928094881592,0.0,0.5266286493987804,5,1.0,1.0,1.0,5,5,1.0,1.0,0.6,0.0,1.921928094881592,0.0,0.0,0.0,0.0,0.0,-1.4428232973175177e-12,336.4,104.41168516981227,0.3103795635250068,0.6,2,0.8,2,0.8,2,0.4,0.0,3,0,4,0.0757575757575757,0.0,1,1,0.0,0.8333333333333334
normal_00989,1.547971718,1.547471358,0.0004523806052839,0.0004132773897699,-0.1530029530000001,0.4791326627255095,3.5220552088554444,0.0,0.999547619394716,5,3.6,4.8,0.75,18,24,4.8,3.6,0.7083333333333334,0.0,1.5219280948830345,0.0,0.0,0.0,0.0,0.0,-1.4428232973175177e-12,220.8,109.73012348484804,0.4969661389712321,0.0,1,1.0,1,1.0,1,0.0555555555555555,0.2,3,0,5,0.0482758620689655,0.8299023199023199,1,1,-0.8143074615805811,1.4
normal_00990,0.0578195922499999,0.0574038547,0.0662302476545392,0.0868902571635794,-0.0011260589668191,0.8512245289722747,3.6375481975149775,0.0018552875695732,0.9337697523454608,200,1.01,5.39,0.1873840445269017,202,1078,5.39,1.01,0.186456400742115,0.0,1.7364594111763385,19.81861111111111,358.52763819095475,331.5154907284338,3.0,-0.0391455929788361,4.31305600358714,257.795,126.8239906247629,0.4919567510027847,0.355,2,0.54,2,0.54,2,0.0099009900990099,0.125,4,0,5,0.0007830843981445,0.8992784426982766,1,1,-0.0857994571108216,1.0007818608287724
normal_00991,0.004638616,0.0041160699999999,0.1061870124618322,0.0607030412296752,-0.000314163,0.4199978242460513,2.725480556987769,0.0,0.8938129875381676,5,1.4,1.8,0.7777777777777777,7,9,1.8,1.4,0.4444444444444444,0.0,1.3709505944503406,0.0,0.0,0.0,0.0,0.0,-1.4428232973175177e-12,331.2,106.81151623303548,0.3224985393509525,0.2,2,0.6,2,0.6,2,0.2857142857142857,0.0,2,0,5,0.0588235294117647,0.625,1,1,-0.3238751378156478,0.9411764705882352
normal_00992,0.002595722,0.002235724,0.1635240162331337,0.0995852571657891,-0.000612312,0.4907737568083835,2.4193819456377152,0.0,0.8364759837668663,5,1.0,1.8,0.5555555555555556,5,9,1.8,1.0,0.3333333333333333,0.0,1.3709505944503406,0.0,0.0,0.0,0.0,0.0,-1.4428232973175177e-12,264.2,147.2232997864129,0.557241861417157,0.2,2,0.6,2,0.6,3,0.6,0.2,3,0,4,0.0583333333333333,0.5151515151515151,1,1,0.0,0.875
normal_00993,0.008514244,0.007842514,0.0839016119272302,0.029862656165125,0.001085931,0.4587630389382224,2.725480556987769,0.0,0.91609838807277,5,3.2,1.8,1.777777777777778,16,9,1.8,3.2,0.6666666666666666,0.0,0.7219280948844771,0.0,0.0,0.0,0.0,0.0,-1.4428232973175177e-12,361.6,88.81610214369914,0.2456197515035927,0.2,2,0.6,2,0.6,2,0.125,0.2,3,0,5,0.0452898550724637,0.881954887218045,1,1,-0.5562939111665912,1.0416666666666667
normal_00994,0.1458586439999999,0.145547726,0.0032773705812725,0.0034300005818104,-0.038587372,0.6593659804676271,3.2927701939211205,0.0,0.9967226294187274,5,2.0,3.4,0.5882352941176471,10,17,3.4,2.0,0.2352941176470588,0.0,0.7219280948844771,0.0,0.0,0.0,0.0,0.0,-1.4428232973175177e-12,193.6,128.11440200071183,0.6617479442185529,0.4,1,1.0,1,1.0,1,0.1,0.4,2,1,4,0.0357142857142857,0.8429288103201146,1,1,-0.5547001962252294,0.9642857142857144
normal_00995,0.9362982511111112,0.9357638077777778,0.0005707145479541,0.000172741276959,-0.0005069506666666,0.0008025935801844,3.169925001429328,0.0,0.9994292854520458,9,1.0,1.0,1.0,9,9,1.0,1.0,0.8888888888888888,0.0,0.9910760598353368,30.98361111111111,13942.625,10710.112451994844,815.0,-0.1311218502326437,2.50325833476699,262.77777777777777,144.64679202956574,0.5504529083577555,0.5555555555555556,2,0.8888888888888888,2,0.8888888888888888,2,0.2222222222222222,0.0,3,0,9,0.0526315789473684,0.0,1,1,0.0,0.9473684210526316
normal_00996,0.0088381393,0.0084508391999999,0.0945377865628223,0.1203431270299911,-5.069360150003754e-05,0.4515963978341162,3.803100755817416,0.0,0.9054622134371776,200,1.085,1.075,1.009302325581395,217,215,1.075,1.085,0.8930232558139535,0.0,1.8170104981909168,94.255,1705.1155778894472,2064.333411510343,13.0,0.0952971733086363,4.49462630929332,275.94,121.8244325322677,0.4414888473300997,0.345,1,1.0,1,1.0,1,0.0046082949308755,0.17,4,0,96,0.0022364878856906,0.1624801587301587,1,1,-0.0424006988917129,0.9818181818181818
normal_00999,0.12161266125,0.12121341115,0.0597364900863054,0.0825541284823174,-0.002413831943876,0.8977288714874466,3.7642955281071626,0.0058823529411764,0.9402635099136946,200,1.29,5.1,0.2529411764705883,258,1020,5.1,1.29,0.2519607843137255,0.00125,1.7657848479190934,5.482777777777778,99.1859296482412,146.0224757361539,0.0,0.1910070986942331,2.6299223770703275,276.19,136.7413062103789,0.4950986864491071,0.285,2,0.51,2,0.51,3,0.0116279069767441,0.19,4,0,6,0.0008579369235106,0.8815895659783913,1,1,-0.3742785663436656,1.0466830466830468
peeling_chain_01401,0.304265511,0.3038037879999999,0.001516920995885,0.0007715741825928,-0.000492568,0.0026752042999544,3.1219280948743777,0.0,0.9984830790041148,10,1.0,1.0,1.0,10,10,1.0,1.0,0.9,0.0,1.2954618442339936,6.281666666666666,2512.6666666666665,2817.411341403073,99.0,0.0571745243268528,2.321928094880149,304.3,166.61935995289116,0.5475496547909666,0.8,1,1.0,1,1.0,1,0.1,0.2,3,2,10,0.0476190476190476,0.0,1,1,0.0,0.9523809523809524
peeling_chain_01403,14.505753283,14.505325983,6.215932566738336e-05,5.305676036656582e-05,-3.464415824181819,0.5084386950697005,2.2098886380075133,0.0,0.9999378406743326,10,1.0,1.4,0.7142857142857143,10,14,1.4,1.0,0.6428571428571429,0.0,1.5709505944488975,0.0,0.0,0.0,0.0,0.0,-1.4428232973175177e-12,262.7,142.86983197613444,0.5438516634036332,0.4,2,0.5,2,0.5,2,0.2,0.2,4,0,6,0.04,0.2666666666666666,1,1,0.0,0.96
peeling_chain_01404,0.370203486,0.369866602,0.0009096810772503,0.0005748317558385,-0.0003304372121212,0.0014741028172096,3.3219280948729355,0.0,0.9990903189227496,10,1.0,1.0,1.0,10,10,1.0,1.0,0.9,0.0,1.360964047439353,0.0,0.0,0.0,0.0,0.0,-1.4428232973175177e-12,281.3,139.79512787568018,0.4969609949366518,0.4,2,0.5,2,0.5,3,0.3,0.1,2,0,10,0.0476190476190476,0.0,1,1,0.0,0.9523809523809524
peeling_chain_01405,10.718310739,10.717961402,3.259126441137699e-05,2.2483786625882384e-05,-0.0003822056969697,5.883949161111194e-05,2.6464393446609167,0.0,0.9999674087355884,10,1.0,1.0,1.0,10,10,1.0,1.0,0.9,0.0,1.5219280948830345,0.0,0.0,0.0,0.0,0.0,-1.4428232973175177e-12,238.0,127.2224648226702,0.5345481715238243,0.5,1,1.0,1,1.0,1,0.1,0.1,3,0,10,0.0476190476190476,0.0,1,1,0.0,0.9523809523809524
peeling_chain_01406,0.007895727,0.007444543,0.0571186162638863,0.0313075100837441,-0.0003854578787878,0.0854324436033212,3.1219280948743777,0.0,0.9428813837361136,10,1.0,1.0,1.0,10,10,1.0,1.0,0.9,0.0,1.6854752972215634,0.0,0.0,0.0,0.0,0.0,-1.4428232973175177e-12,297.9,110.26579000054568,0.3701436388067999,0.6,1,1.0,1,1.0,1,0.1,0.2,2,0,10,0.0476190476190476,0.0,1,1,0.0,0.9523809523809524
peeling_chain_01407,3.705889454,3.705471674,0.0002969319693864,0.0004016410993782,-0.7371543024242424,0.4403412094660713,1.9502120649089765,0.0,0.9997030680306136,10,1.0,1.4,0.7142857142857143,10,14,1.4,1.0,0.6428571428571429,0.0,1.5709505944488975,0.0,0.0,0.0,0.0,0.0,-1.4428232973175177e-12,200.3,115.53647812607834,0.576817164883067,0.4,2,0.5,2,0.5,3,0.3,0.2,3,0,6,0.04,0.2666666666666666,1,1,0.0,0.96
peeling_chain_01408,0.41474719,0.414261646,0.0011710038751947,0.0005446639074663,-0.0005782724848484,0.0023032535336375,3.121928094874378,0.0,0.9988289961248052,10,1.0,1.0,1.0,10,10,1.0,1.0,0.9,0.0,1.5219280948830345,0.0,0.0,0.0,0.0,0.0,-1.4428232973175177e-12,287.2,127.7808888510154,0.4449195294255411,0.5,2,0.6,2,0.6,2,0.2,0.4,4,0,10,0.0476190476190476,0.0,1,1,0.0,0.9523809523809524
peeling_chain_01409,0.0109875904666666,0.0105765865333333,0.1262266902280381,0.1552889750756979,-4.235190259447327e-05,0.7833284826420643,3.6862089983032265,0.0012594458438287,0.8737733097719619,300,1.0,2.6466666666666665,0.3778337531486146,300,794,2.6466666666666665,1.0,0.3727959697732997,0.0,1.7601628951144388,943.7316666666668,11362.65551839465,12805.799303090434,28.0,0.0597118763013707,4.52826396298285,271.00666666666666,126.31245415954932,0.4660861509909325,0.3566666666666667,1,1.0,1,1.0,1,0.0033333333333333,0.1133333333333333,4,0,25,0.0009082561647679,0.7423633314610765,1,1,0.0,0.9963570127504554
peeling_chain_01410,0.4518657679999999,0.451482845,0.0008474125095678,0.0005227681866464,-0.0003476095151515,0.0012703820451915,2.9219280948758204,0.0,0.9991525874904322,10,1.0,1.0,1.0,10,10,1.0,1.0,0.9,0.0,0.9709505944517832,0.0,0.0,0.0,0.0,0.0,-1.4428232973175177e-12,314.0,96.43650760992956,0.3071226357004126,0.1,2,0.8,2,0.8,2,0.2,0.2,4,2,10,0.0476190476190476,0.0,1,1,0.0,0.9523809523809524
peeling_chain_01411,0.4043808268333333,0.4039840412666666,0.0186665347713756,0.0502349105703731,-0.003710570223118,0.5160254152926943,2.9842798990807022,0.0093167701863354,0.9813334652286244,300,1.0,1.0733333333333333,0.9316770186335404,300,322,1.0733333333333333,1.0,0.9285714285714286,0.0,1.7710889237241882,119.23222222222222,1435.571906354515,1772.0128505426646,5.0,0.1048891828858801,4.517374669331036,275.1433333333333,131.58212508173608,0.4782311949471285,0.41,2,0.5133333333333333,1,1.0,2,0.0066666666666666,0.1233333333333333,4,0,152,0.0016051364365971,0.0724458204334365,1,1,1.13635959672804e-08,0.9983948635634028
peeling_chain_01412,0.413714201,0.41339618,0.0010653792255244,0.0010804828070131,-0.0675206681212121,0.5405261671887786,3.101881223461591,0.0,0.9989346207744756,10,1.0,1.7,0.5882352941176471,10,17,1.7,1.0,0.5294117647058824,0.0,1.2954618442339936,0.0,0.0,0.0,0.0,0.0,-1.4428232973175177e-12,336.0,110.28548811556708,0.3282306193915687,0.2,2,0.6,2,0.6,3,0.3,0.2,3,2,5,0.0357142857142857,0.4682539682539682,1,1,2.3075285607968143e-08,0.9642857142857144
peeling_chain_01413,1.251632661,1.2511576999999998,0.0003795756435559,0.0002091122527848,-0.0004905917575757,0.0006469819112333,3.121928094874378,0.0,0.999620424356444,10,1.0,1.0,1.0,10,10,1.0,1.0,0.9,0.0,1.1567796494427114,0.0,0.0,0.0,0.0,0.0,-1.4428232973175177e-12,271.8,157.77607197825938,0.5804859160348027,0.4,2,0.8,1,1.0,2,0.2,0.2,4,0,10,0.0476190476190476,0.0,1,1,0.0,0.9523809523809524
peeling_chain_01414,37.137702588,37.13724928800001,1.2205904699772733e-05,6.087459627454883e-06,-0.0004454369696971,1.979066877857629e-05,3.3219280948729355,0.0,0.9999877940953004,10,1.0,1.0,1.0,10,10,1.0,1.0,0.9,0.0,1.360964047439353,0.0,0.0,0.0,0.0,0.0,-1.4428232973175177e-12,317.1,119.81601636583392,0.3778493105198168,0.6,1,1.0,1,1.0,1,0.1,0.2,4,0,10,0.0476190476190476,0.0,1,1,0.0,0.9523809523809524
peeling_chain_01415,0.000134644,1.0000000000000002e-06,0.9874151277409252,0.0117161736935656,0.0,0.0,-1.4428232973175177e-12,0.0,0.0125848722590749,10,1.6,1.0,1.6,16,10,1.0,1.6,0.0,0.0,1.5709505944488975,0.0,0.0,0.0,0.0,0.0,-1.4428232973175177e-12,305.8,136.42727000127212,0.4461323414037675,0.5,1,1.0,1,1.0,1,0.0625,0.2,3,2,1,0.0206349206349206,0.3846153846153846,1,1,0.0,0.7222222222222222
peeling_chain_01416,0.00060981,0.0002842609999999,0.7078100764466569,0.3123506065888622,-6.826309090909092e-05,0.6689600402447046,3.64895590413691,0.0,0.2921899235533431,10,1.0,3.6,0.2777777777777778,10,36,3.6,1.0,0.0555555555555555,0.0,1.4854752972230063,124.55777777777776,49823.11111111111,54487.107356683606,8131.0,0.0447127454441338,2.9219280948758204,249.6,134.79136141129783,0.5400294928337253,0.5,2,0.6,2,0.6,3,0.3,0.1,4,0,2,0.0160726764500349,0.7787490287490288,1,1,0.0,0.8518518518518519
peeling_chain_01417,0.000419578,0.00016185,0.7167616395602822,0.2870888343938234,-4.2997333333333336e-05,0.8181394295129234,2.0049355947330323,0.0,0.283238360439718,10,1.0,1.5,0.6666666666666666,10,15,1.5,1.0,0.0666666666666666,0.0,1.1567796494427114,0.0,0.0,0.0,0.0,0.0,-1.4428232973175177e-12,353.4,109.28169512269147,0.3092294712017303,0.4,2,0.6,2,0.6,2,0.2,0.2,4,2,2,0.0222816399286987,0.2916666666666667,1,1,0.0,0.7352941176470589
peeling_chain_01418,0.00095598,0.000537153,0.5291116001635722,0.3031898635627769,5.7571575757575766e-05,0.6649048167305708,3.921165448818329,0.0,0.470888399836428,10,1.0,4.7,0.2127659574468085,10,47,4.7,1.0,0.0212765957446808,0.0,1.2954618442339936,0.0,0.0,0.0,0.0,0.0,-1.4428232973175177e-12,286.2,113.56231769385478,0.39679356287161,0.1,2,0.5,2,0.5,2,0.2,0.2,2,1,2,0.0132867132867132,0.9202380952380952,1,1,0.0,0.8636363636363636
peeling_chain_01419,0.000447291,0.000156728,0.8472538623107152,0.2652678700162585,-7.213915151515154e-05,0.8068717778571793,1.3567796494412687,0.0,0.1527461376892848,10,1.0,1.0,1.0,10,10,1.0,1.0,0.1,0.0,1.7609640474379105,0.0,0.0,0.0,0.0,0.0,-1.4428232973175177e-12,266.5,110.92064230290453,0.4162125414743133,0.3,2,0.6,2,0.6,3,0.3,0.2,4,0,2,0.0246305418719211,0.0,1,1,0.0,0.6896551724137931
peeling_chain_01420,0.328887853,0.32844321,0.0038541454187502,0.0061571444419854,-0.0612185098181818,0.5167148066927792,2.2066294029468265,0.2941176470588235,0.9961458545812498,10,1.0,1.7,0.5882352941176471,10,17,1.7,1.0,0.5294117647058824,0.0,1.1567796494427114,0.0,0.0,0.0,0.0,0.0,-1.4428232973175177e-12,249.9,150.5260774749678,0.6023452479990707,0.6,1,1.0,1,1.0,1,0.1,0.0,3,0,7,0.0357142857142857,0.4382716049382715,1,1,0.0,0.9642857142857144
peeling_chain_01421,0.0073960618333333,0.0069878595666666,0.1342538295286611,0.1463030092276845,-2.2767792324359152e-05,0.7068835081785462,3.727322896445137,0.0,0.8657461704713388,300,1.0,2.1166666666666667,0.4724409448818897,300,635,2.1166666666666667,1.0,0.4582677165354331,0.0,1.7748615981219664,90.2175,1086.2307692307693,1033.4296394313749,3.0,-0.0249101835292196,4.5277433430635625,265.08,132.81541092029352,0.5010389728394957,0.3866666666666666,1,1.0,1,1.0,1,0.0033333333333333,0.11,4,0,23,0.0010503352085842,0.6235635482529899,1,1,0.0,0.9904661016949152
peeling_chain_01422,0.0003600589999999,0.000130064,0.8021652935665097,0.286464689513919,-5.181987878787879e-05,0.8092311950566345,1.5058762555968932,0.0,0.1978347064334902,10,1.0,1.3,0.7692307692307692,10,13,1.3,1.0,0.0769230769230769,0.0,1.2954618442339936,0.0,0.0,0.0,0.0,0.0,-1.4428232973175177e-12,254.0,125.46978387909444,0.493975527083049,0.4,2,0.6,2,0.6,3,0.3,0.0,3,0,2,0.0231854838709677,0.2272727272727272,1,1,0.0,0.71875
peeling_chain_01424,0.6499381570333335,0.6495050780666667,0.0014874724118253,0.002894963665141,0.0042539736884232,0.3398412617416053,3.5301716485493544,0.0226537216828478,0.9985125275881748,300,5.51,1.03,5.349514563106796,1653,309,1.03,5.51,0.9967637540453076,0.0,1.7384583940237912,321.2855555555556,3868.321070234114,5669.543528066994,3.0,0.1888496569927943,4.491456598317537,286.05333333333334,130.04873214040438,0.4546310669586244,0.3633333333333333,2,0.5066666666666667,1,1.0,3,0.0018148820326678,0.1266666666666666,4,0,300,0.0005141291171601,0.9065938562310988,1,1,-0.1252788538884274,1.0040941658137157
peeling_chain_01425,0.286565738,0.286148076,0.0014573861044089,0.0007148624115665,-0.0004406824242424,0.0025410829601384,3.1219280948743777,0.0,0.9985426138955912,10,1.0,1.0,1.0,10,10,1.0,1.0,0.9,0.0,1.5219280948830345,0.0,0.0,0.0,0.0,0.0,-1.4428232973175177e-12,306.1,164.1398116782695,0.5362293749698448,0.2,2,0.8,2,0.8,2,0.2,0.0,4,0,10,0.0476190476190476,0.0,1,1,0.0,0.9523809523809524
peeling_chain_01427,3.840432683433333,3.8400488605,0.0018670083689792,0.0043021180228664,-0.0258044951555395,0.4734956033187167,1.9685270333947436,0.0792079207920792,0.9981329916310208,300,1.0,1.01,0.99009900990099,300,303,1.01,1.0,0.9867986798679867,0.0,1.7313513500911235,13.875833333333333,167.06688963210703,231.5974239132105,1.0,0.1618668440805099,3.816667494802997,272.45,122.84362425485048,0.4508850220401926,0.37,2,0.57,2,0.57,2,0.0066666666666666,0.1633333333333333,4,0,150,0.0016556291390728,0.0098684210526315,1,1,0.0,0.9983443708609272
peeling_chain_01428,0.0270200149999999,0.026625457,0.0270366205018914,0.026504682550141,-0.0049186617575757,0.542812035113613,2.9274512249515343,0.0,0.9729633794981084,10,1.0,1.8,0.5555555555555556,10,18,1.8,1.0,0.5,0.0,1.5219280948830345,0.0,0.0,0.0,0.0,0.0,-1.4428232973175177e-12,276.2,149.30788473635425,0.5405788730497982,0.3,2,0.7,2,0.7,3,0.3,0.0,3,0,6,0.0344827586206896,0.5131578947368421,1,1,0.0,0.9655172413793104
peeling_chain_01429,8.669647261,8.669181651999999,5.8051669611281e-05,2.5070966858969747e-05,0.9007606054545454,0.1714412107926149,3.121928094874378,0.0,0.9999419483303889,10,4.4,1.0,4.4,44,10,1.0,4.4,0.9,0.0,1.8464393446652445,0.0,0.0,0.0,0.0,0.0,-1.4428232973175177e-12,215.1,133.38286579950548,0.6200970051116015,0.5,2,0.7,2,0.7,2,0.0454545454545454,0.0,3,0,10,0.0181818181818181,0.890981240981241,1,1,2.7701279604214916e-08,0.9818181818181818
peeling_chain_01430,222.480120713,222.479712743,1.833735665302384e-06,1.0273126624929131e-06,-0.0004253274545443,3.15440132206304e-06,3.1219280948743777,0.0,0.9999981662643348,10,1.0,1.0,1.0,10,10,1.0,1.0,0.9,0.0,1.8464393446652445,0.0,0.0,0.0,0.0,0.0,-1.4428232973175177e-12,292.3,103.96372230521354,0.3556747256421947,0.5,2,0.6,2,0.6,3,0.3,0.2,3,1,10,0.0476190476190476,0.0,1,1,0.0,0.9523809523809524
peeling_chain_01431,0.0063380929333333,0.0059354722,0.1184923334396396,0.1397378979054256,-2.441559355103946e-06,0.476192092773768,3.1040480741481726,0.0083333333333333,0.8815076665603605,300,1.0,1.2,0.8333333333333334,300,360,1.2,1.0,0.7944444444444444,0.0,1.7305046965054194,0.0,0.0,0.0,0.0,0.0,-1.4428232973175177e-12,282.6433333333333,130.27774339323787,0.4609262912972929,0.3933333333333333,2,0.54,2,0.54,3,0.01,0.1366666666666666,4,0,41,0.0014550200395941,0.1857423622129504,1,1,0.0,0.9792284866468842
peeling_chain_01432,0.154315543,0.153865253,0.0143912187917845,0.0172751841617704,-0.05209437,0.7402791743475242,3.6020625374331807,0.0,0.9856087812082152,10,1.0,3.1,0.3225806451612903,10,31,3.1,1.0,0.2903225806451613,0.0,1.7609640474379105,0.0,0.0,0.0,0.0,0.0,-1.4428232973175177e-12,251.4,122.96630071328936,0.4891260967115726,0.2,2,0.8,2,0.8,3,0.3,0.1,3,0,4,0.0238095238095238,0.7173076923076923,1,1,0.0,0.9761904761904762
peeling_chain_01435,0.203237958,0.202857613,0.0021590835511842,0.0021567047490192,0.029798573030303,0.4129815201198064,3.2389012565882034,0.0,0.997840916448816,10,4.2,1.3,3.230769230769231,42,13,1.3,4.2,0.9230769230769232,0.0,1.5709505944503404,0.0,0.0,0.0,0.0,0.0,-1.4428232973175177e-12,239.5,131.92695790558585,0.5508432480400244,0.2,2,0.7,2,0.7,3,0.0714285714285714,0.2,4,0,10,0.0199564586357039,0.881821279495698,1,1,-0.3898414729246398,1.0377358490566038
peeling_chain_01436,6.073466086533334,6.073052414466667,6.812751436701673e-05,3.811877574791899e-05,-0.000416224925268,0.0034267801840625,4.314348937409863,0.0,0.9999318724856328,300,1.0,1.0,1.0,300,300,1.0,1.0,0.9966666666666668,0.0,1.6891208221969105,10.48277777777778,126.21404682274247,157.42693055793893,0.0,0.1100436334109259,3.432996318403362,282.1433333333333,130.69033118190885,0.4632054553190772,0.4066666666666667,1,1.0,1,1.0,1,0.0033333333333333,0.1333333333333333,4,0,300,0.0016638935108153,0.0,1,1,0.0,0.9983361064891848
peeling_chain_01437,0.048975017,0.048598453,0.0155829159312646,0.0236480266080649,-0.0052189967878787,0.4102247040661971,2.3301249653048712,0.0,0.9844170840687354,10,1.0,1.5,0.6666666666666666,10,15,1.5,1.0,0.6,0.0,1.6854752972215634,0.0,0.0,0.0,0.0,0.0,-1.4428232973175177e-12,325.6,148.96845303620495,0.4575198189072633,0.6,1,1.0,1,1.0,1,0.1,0.0,3,0,9,0.0384615384615384,0.3839285714285714,1,1,0.0,0.9615384615384616
peeling_chain_01438,0.05385466,0.053478588,0.0367486447638531,0.0975202263398194,-0.0028380115151515,0.5320046532766847,3.688721875520668,0.0,0.9632513552361468,10,3.4,2.4,1.4166666666666667,34,24,2.4,3.4,0.7083333333333334,0.0,1.4854752972230063,0.0,0.0,0.0,0.0,0.0,-1.4428232973175177e-12,255.3,140.59954954882798,0.5507228732817391,0.1,2,0.6,2,0.6,3,0.088235294117647,0.1,3,0,9,0.0227450980392156,0.862441758783222,1,1,-0.5653276935763958,1.1372549019607845
peeling_chain_01439,4.3244177883,4.324011087966666,0.0001833322190664,0.0003088819974043,0.0275528915520461,0.3533669563001826,3.202087559390918,0.0125,0.9998166677809336,300,5.36,1.0666666666666669,5.025,1608,320,1.0666666666666669,5.36,0.996875,0.0,1.7487134137519178,29.10833333333333,350.4682274247492,428.9746211364167,2.0,0.1007211675064934,4.360563526055419,275.43,133.5094792020001,0.4847310721490037,0.3433333333333333,2,0.5,2,0.5,3,0.001865671641791,0.1533333333333333,4,0,300,0.0005293253956487,0.9046986298695436,1,1,-0.1922691052664971,1.0099528548978522
peeling_chain_01440,0.396755083,0.396443887,0.0007846510796781,0.0005802334779085,-0.0002975497575757,0.0012384024980561,3.1219280948743777,0.0,0.9992153489203218,10,1.0,1.0,1.0,10,10,1.0,1.0,0.9,0.0,1.360964047439353,0.0,0.0,0.0,0.0,0.0,-1.4428232973175177e-12,352.2,152.4079321353642,0.4327312099243731,0.2,2,0.5,1,1.0,2,0.2,0.1,3,0,10,0.0476190476190476,0.0,1,1,0.0,0.9523809523809524
peeling_chain_01442,731.7333132609999,731.7329813289999,4.536242340222698e-07,3.624079762491533e-07,-0.0004052663636361,9.1384359743103e-07,2.7219280948772635,0.0,0.999999546375766,10,1.0,1.0,1.0,10,10,1.0,1.0,0.9,0.0,1.6854752972215634,0.0,0.0,0.0,0.0,0.0,-1.4428232973175177e-12,239.8,124.2173721971108,0.5180040541997948,0.4,2,0.7,2,0.7,3,0.3,0.0,4,0,10,0.0476190476190476,0.0,1,1,0.0,0.9523809523809524
peeling_chain_01444,3.234954287,3.234621751,0.0024830391788953,0.0075880571789356,-0.2693008752121212,0.2710184957418843,1.38443150433627,0.0,0.9975169608211047,10,1.0,1.2,0.8333333333333334,10,12,1.2,1.0,0.75,0.0,1.3567796494412687,0.0,0.0,0.0,0.0,0.0,-1.4428232973175177e-12,284.6,128.26812195986622,0.4506961418126008,0.3,1,1.0,1,1.0,1,0.1,0.2,4,0,9,0.0434782608695652,0.1923076923076923,1,1,0.0,0.9565217391304348
peeling_chain_01445,0.1563897349999999,0.156079454,0.0019805066274954,0.0016619387550078,-0.0003323648484848,0.0035136078833285,3.1219280948743777,0.0,0.9980194933725044,10,1.0,1.0,1.0,10,10,1.0,1.0,0.9,0.0,1.7609640474379105,0.0,0.0,0.0,0.0,0.0,-1.4428232973175177e-12,253.3,109.20729523861183,0.4311381572783728,0.4,2,0.7,2,0.7,3,0.3,0.2,4,0,10,0.0476190476190476,0.0,1,1,0.0,0.9523809523809524
peeling_chain_01446,0.0069092315666666,0.0065004906666666,0.1378959964781075,0.1479053986689527,8.709928350315e-06,0.6815063544116197,3.804072269706972,0.005281690140845,0.8621040035218925,300,1.0,1.893333333333333,0.528169014084507,300,568,1.893333333333333,1.0,0.5140845070422535,0.0,1.6929370755199078,0.0,0.0,0.0,0.0,0.0,-1.4428232973175177e-12,271.8533333333333,131.32333334875534,0.4830668498286649,0.35,2,0.54,2,0.54,2,0.0066666666666666,0.1333333333333333,4,0,24,0.0011324200913242,0.560230722209889,1,1,0.0,0.9908675799086758
peeling_chain_01447,0.00490372,0.004390446,0.1107010634931216,0.0588489445786237,-0.0004859466666666,0.182626548646766,3.3219280948729355,0.0,0.8892989365068784,10,1.0,1.0,1.0,10,10,1.0,1.0,0.9,0.0,1.4854752972230063,0.0,0.0,0.0,0.0,0.0,-1.4428232973175177e-12,264.7,123.07003426233916,0.4649415725815608,0.4,2,0.8,2,0.8,2,0.2,0.1,3,0,10,0.0476190476190476,0.0,1,1,0.0,0.9523809523809524
peeling_chain_01448,2.846071062,2.8457903580000004,0.0003072085498368,0.0003782644820056,-0.6818606774545455,0.7118180227057562,3.622579761823737,0.0,0.9996927914501632,10,1.0,3.0,0.3333333333333333,10,30,3.0,1.0,0.3,0.0,1.7219280948815914,0.0,0.0,0.0,0.0,0.0,-1.4428232973175177e-12,306.0,134.52715545775715,0.4396312269861344,0.2,1,1.0,1,1.0,2,0.2,0.1,3,0,6,0.024390243902439,0.7530140110785272,1,1,0.0,0.975609756097561
peeling_chain_01449,3.661712649,3.661337897,0.0004919110038036,0.0005463013294894,-0.6366959506060604,0.5775112610654882,1.584962500716828,0.3333333333333333,0.9995080889961964,10,1.0,1.2,0.8333333333333334,10,12,1.2,1.0,0.75,0.0,1.1567796494427114,0.0,0.0,0.0,0.0,0.0,-1.4428232973175177e-12,226.1,109.96812669536972,0.4863694236858457,0.4,1,1.0,1,1.0,1,0.1,0.3,4,0,5,0.0434782608695652,0.1538461538461538,1,1,0.0,0.9565217391304348
peeling_chain_01452,0.0321415299999999,0.031648987,0.0358576875147628,0.050059157279763,-0.005125786,0.4025463194373085,2.133937566087704,0.1538461538461538,0.9641423124852372,10,1.3,1.3,1.0,13,13,1.3,1.3,0.6923076923076923,0.0,1.5709505944503404,15.786666666666669,6314.666666666667,4957.219673253233,363.0,-0.1204276686685505,2.9219280948758204,275.2,129.10960029714633,0.4691482568937003,0.4,2,0.5,2,0.5,3,0.2307692307692307,0.1,3,0,6,0.037037037037037,0.3970588235294117,1,1,-0.1818181818181818,0.9629629629629628
peeling_chain_01453,0.0241523219999999,0.0236990079999999,0.060694449124831,0.0908476948567539,-0.007989227030303,0.7048096201071716,3.767351760587807,0.0,0.939305550875169,10,1.0,6.3,0.1587301587301587,10,63,6.3,1.0,0.1428571428571428,0.0,1.3709505944503406,0.0,0.0,0.0,0.0,0.0,-1.4428232973175177e-12,329.8,124.1135680648082,0.3763298000752219,0.4,1,1.0,1,1.0,1,0.1,0.1,3,0,3,0.0135135135135135,0.926257076257076,1,1,0.0,0.9864864864864864
peeling_chain_01454,0.44511332,0.44472856,0.0118991837022651,0.0307621317540496,-0.110376096,0.6093844473687632,2.5136459293497144,0.0,0.9881008162977348,10,1.0,1.7,0.5882352941176471,10,17,1.7,1.0,0.5294117647058824,0.0,1.5219280948830345,0.0,0.0,0.0,0.0,0.0,-1.4428232973175177e-12,262.3,119.54919954190872,0.4557727775139486,0.3,2,0.6,2,0.6,2,0.2,0.3,2,1,4,0.0357142857142857,0.4012345679012346,1,1,0.0,0.9642857142857144
peeling_chain_01455,0.0013958349999999,0.00107015,0.4172805816142076,0.3074137779553691,-0.0003088219393939,0.7026768649804453,3.292770193921121,0.0,0.5827194183857924,10,1.0,1.7,0.5882352941176471,10,17,1.7,1.0,0.2352941176470588,0.0,1.3709505944503406,0.0,0.0,0.0,0.0,0.0,-1.4428232973175177e-12,247.2,136.65837373213216,0.5528251364568454,0.3,2,0.5,2,0.5,2,0.2,0.0,2,0,5,0.0255681818181818,0.3816425120772947,1,1,0.0,0.8181818181818182
peeling_chain_01457,32.333718256999994,32.333322968000004,0.0002620760664239,0.0004438383474878,-8.510359738909091,0.7281863646237259,3.39080548205967,0.0454545454545454,0.999737923933576,10,1.0,2.2,0.4545454545454545,10,22,2.2,1.0,0.4090909090909091,0.0,1.8464393446652445,0.0,0.0,0.0,0.0,0.0,-1.4428232973175177e-12,288.1,178.77387952382753,0.6205271764103697,0.3,2,0.6,2,0.6,3,0.3,0.0,3,0,5,0.0303030303030303,0.5450443276530234,1,1,0.0,0.9696969696969696
peeling_chain_01459,0.353969119,0.35356252,0.0011470869920534,0.0007265319918472,-0.0003720934545454,0.0017364798734889,2.9219280948758204,0.0,0.9988529130079464,10,1.0,1.0,1.0,10,10,1.0,1.0,0.9,0.0,1.5709505944488975,0.0,0.0,0.0,0.0,0.0,-1.4428232973175177e-12,315.8,148.31483030664495,0.4696479743718966,0.4,1,1.0,1,1.0,1,0.1,0.3,3,0,10,0.0476190476190476,0.0,1,1,0.0,0.9523809523809524
peeling_chain_01460,0.003859492,0.003495729,0.0886438512044577,0.0578008314663912,1.5563212121212115e-05,0.080523661874247,2.6464393446609167,0.0,0.9113561487955424,10,1.7,1.0,1.7,17,10,1.0,1.7,0.9,0.0,1.6854752972215634,0.0,0.0,0.0,0.0,0.0,-1.4428232973175177e-12,298.7,146.40131298743344,0.4901282657764762,0.4,1,1.0,1,1.0,1,0.0588235294117647,0.3,4,0,10,0.0357142857142857,0.5296296296296297,1,1,0.0,0.9642857142857144
peeling_chain_01461,0.152105946,0.151731143,0.0139493240675382,0.0347918453090838,-0.0400694510909091,0.5492029839912296,2.411509198409812,0.0,0.9860506759324617,10,1.0,1.8,0.5555555555555556,10,18,1.8,1.0,0.5,0.0,1.8464393446652445,0.0,0.0,0.0,0.0,0.0,-1.4428232973175177e-12,222.7,129.16918277119268,0.5800142917431194,0.3,2,0.6,2,0.6,3,0.3,0.0,4,1,5,0.0344827586206896,0.4606516290726817,1,1,0.0,0.9655172413793104
peeling_chain_01462,0.630651837,0.630268308,0.0007682855466825,0.0006793356980322,0.0837068176969697,0.2191732454997565,2.5219280948787066,0.2,0.9992317144533176,10,3.3,1.0,3.3,33,10,1.0,3.3,0.9,0.0,0.9219280948830342,0.0,0.0,0.0,0.0,0.0,-1.4428232973175177e-12,179.9,118.3314084350483,0.6577621369374558,0.2,1,1.0,1,1.0,1,0.0303030303030303,0.2,3,0,10,0.0227272727272727,0.8511841100076395,1,1,0.0,0.9772727272727272
peeling_chain_01463,0.033013123,0.032658333,0.0107296350010771,0.0068340955121733,-0.0003038861212121,0.0153532668063613,3.1219280948743777,0.0,0.989270364998923,10,1.0,1.0,1.0,10,10,1.0,1.0,0.9,0.0,1.4854752972230063,0.0,0.0,0.0,0.0,0.0,-1.4428232973175177e-12,291.2,121.83668486042198,0.4183952089987018,0.3,1,1.0,1,1.0,1,0.1,0.1,4,0,10,0.0476190476190476,0.0,1,1,0.0,0.9523809523809524
peeling_chain_01464,5.301858902,5.301417426,8.326589388275949e-05,4.810594048842222e-05,-0.0004620781818181,0.0001438160662957,2.9219280948758204,0.0,0.9999167341061173,10,1.0,1.0,1.0,10,10,1.0,1.0,0.9,0.0,1.1567796494427114,0.0,0.0,0.0,0.0,0.0,-1.4428232973175177e-12,180.3,106.4800972534826,0.5905718095035085,0.6,1,1.0,1,1.0,1,0.1,0.2,3,0,10,0.0476190476190476,0.0,1,1,0.0,0.9523809523809524
peeling_chain_01465,10.2308843566,10.230462231733332,0.0001172932778945,0.0003368491005514,0.0671827143043055,0.3283429632851147,3.393437010390994,0.0133333333333333,0.9998827067221054,300,3.9966666666666666,1.0,3.9966666666666666,1199,300,1.0,3.9966666666666666,0.9966666666666668,0.0,1.768594969963651,62.08777777777778,747.5451505016722,747.9472960446002,5.0,0.0002689050980208,4.506773465084949,278.3666666666667,127.58319033900646,0.4583278302203561,0.4366666666666666,2,0.5433333333333333,1,1.0,3,0.0025020850708924,0.13,4,0,300,0.0006666666666666,0.8776106948606952,1,1,0.0,0.9993333333333332
peeling_chain_01466,0.477802994,0.477392591,0.0010665898563204,0.0007741587647374,-0.0658549479393939,0.2942569572681115,1.8879185026653624,0.0,0.9989334101436796,10,1.0,1.2,0.8333333333333334,10,12,1.2,1.0,0.75,0.0,1.5709505944503404,0.0,0.0,0.0,0.0,0.0,-1.4428232973175177e-12,183.9,96.4185897244118,0.5242990197086014,0.3,2,0.5,2,0.5,2,0.2,0.1,3,2,8,0.0434782608695652,0.1538461538461538,1,1,0.0,0.9565217391304348
peeling_chain_01467,2.5471099820000003,2.546733205,0.0004025985588044,0.0005781448754613,-0.3069160001818182,0.4487564699297081,2.406666316732033,0.0,0.9995974014411956,10,1.6,1.4,1.142857142857143,16,14,1.4,1.6,0.6428571428571429,0.0,1.3709505944503406,0.0,0.0,0.0,0.0,0.0,-1.4428232973175177e-12,259.5,128.27249640251543,0.4943063445183639,0.2,1,1.0,1,1.0,1,0.0625,0.1,3,0,7,0.032258064516129,0.5634920634920635,1,1,-0.2467175818975847,0.967741935483871
peeling_chain_01468,7.0175565,7.0171286870000005,6.096217688657722e-05,2.6041478511468934e-05,-0.0004309405454545,0.0001013308906984,3.3219280948729355,0.0,0.9999390378231132,10,1.0,1.0,1.0,10,10,1.0,1.0,0.9,0.0,1.1567796494427114,0.0,0.0,0.0,0.0,0.0,-1.4428232973175177e-12,264.3,140.0413034310473,0.5298573720433117,0.3,2,0.6,2,0.6,2,0.2,0.1,3,2,10,0.0476190476190476,0.0,1,1,0.0,0.9523809523809524
peeling_chain_01469,0.0682309659999999,0.067960398,0.003979715113058,0.0028197357751634,-0.0002841717575757,0.0068993621844295,3.121928094874378,0.0,0.996020284886942,10,1.0,1.0,1.0,10,10,1.0,1.0,0.9,0.0,1.8464393446652445,0.0,0.0,0.0,0.0,0.0,-1.4428232973175177e-12,222.8,126.36613470388338,0.5671729564806255,0.3,2,0.5,2,0.5,2,0.2,0.4,4,0,10,0.0476190476190476,0.0,1,1,0.0,0.9523809523809524
peeling_chain_01470,698.2415145809999,698.241029984,6.94025177305835e-07,3.555808778624912e-07,-0.0004850652121252,1.1462483092841115e-06,2.9219280948758204,0.0,0.9999993059748226,10,1.0,1.0,1.0,10,10,1.0,1.0,0.9,0.0,1.4854752972230063,0.0,0.0,0.0,0.0,0.0,-1.4428232973175177e-12,222.8,98.59208893212478,0.4425138641477772,0.4,2,0.9,2,0.9,2,0.2,0.0,3,1,10,0.0476190476190476,0.0,1,1,0.0,0.9523809523809524
peeling_chain_01471,0.0064693820333333,0.0060581446666666,0.154199781177745,0.1516160252178063,-6.016703407815637e-06,0.7220309221888901,3.672909407585743,0.0017793594306049,0.845800218822255,300,1.0233333333333334,3.7466666666666666,0.2731316725978648,307,1124,3.7466666666666666,1.0233333333333334,0.2606761565836299,0.0,1.7691021803185836,356.7061111111111,4294.789297658863,4256.43877388975,5.0,-0.0044847972066972,4.548393160351015,276.31666666666666,131.56438352480924,0.4761362574032544,0.3933333333333333,2,0.55,2,0.55,3,0.009771986970684,0.1433333333333333,4,0,11,0.0006925067000386,0.8468306834739174,1,1,-0.0981996013382251,0.9951321279554938
peeling_chain_01472,0.611006478,0.6104891830000001,0.0223924762703699,0.0526765525853078,-0.1297711793333333,0.8061251749432038,3.777444438136885,0.0,0.97760752372963,10,1.0,4.7,0.2127659574468085,10,47,4.7,1.0,0.1914893617021276,0.0,1.2954618442339936,0.0,0.0,0.0,0.0,0.0,-1.4428232973175177e-12,189.4,104.01730625237322,0.5491938028108406,0.3,2,0.6,2,0.6,3,0.3,0.1,3,0,3,0.0172413793103448,0.877242549117549,1,1,0.0,0.9827586206896552
peeling_chain_01473,0.0509609085333333,0.0505413334,0.0725847004877384,0.0943486433389892,-0.0006185558292781,0.8588900929622421,3.594596798156775,0.0016515276630883,0.9274152995122616,300,1.0,4.036666666666667,0.2477291494632534,300,1211,4.036666666666667,1.0,0.2469033856317093,0.0,1.7040961934796957,245.95694444444445,2961.3545150501677,5633.05981069266,30.0,0.3108653125600357,4.518023951984668,266.97,133.19802857420044,0.4989250798748939,0.3633333333333333,2,0.5366666666666666,2,0.5366666666666666,3,0.01,0.14,4,0,5,0.0006613756613756,0.8373084790164,1,1,0.0,0.9993386243386244
peeling_chain_01474,0.000174707,2.3785e-05,0.9561359807211378,0.1028891014663216,-1.242818181818182e-05,0.8621610258566325,0.4689955935863958,0.0,0.0438640192788622,10,1.0,1.0,1.0,10,10,1.0,1.0,0.0,0.0,1.2954618442339936,0.0,0.0,0.0,0.0,0.0,-1.4428232973175177e-12,289.0,113.41565637561294,0.3924417175626745,0.2,1,1.0,1,1.0,1,0.1,0.2,3,0,1,0.0229885057471264,0.0,1,1,0.0,0.6666666666666666
peeling_chain_01475,1.446016386,1.445567102,0.0003294103732951,0.0001797790666829,0.0500360081212121,0.0576994023207923,0.7219280948844771,0.0,0.9996705896267049,10,1.4,1.0,1.4,14,10,1.0,1.4,0.9,0.0,1.8954618442325508,0.0,0.0,0.0,0.0,0.0,-1.4428232973175177e-12,254.3,97.7912175106856,0.3845505997274305,0.2,2,0.8,2,0.8,2,0.1428571428571428,0.4,3,0,10,0.04,0.3555555555555555,1,1,0.0,0.96
peeling_chain_01476,0.0008634579999999,0.00048906,0.6393476502199127,0.3831054613720214,-0.0001348736969696,0.5678010878010876,2.9659573209361905,0.0,0.3606523497800873,10,1.0,2.0,0.5,10,20,2.0,1.0,0.05,0.0,1.6854752972215634,0.0,0.0,0.0,0.0,0.0,-1.4428232973175177e-12,236.0,130.927460832325,0.5547773764081568,0.6,2,0.6,2,0.6,3,0.3,0.3,3,0,2,0.020242914979757,0.5517241379310345,1,1,0.0,0.7692307692307693
peeling_chain_01477,0.16222748,0.161988898,0.0046561974009843,0.0046601178171997,-0.0495215495757575,0.6864760245931962,3.969564431830608,0.0,0.9953438025990156,10,1.0,5.5,0.1818181818181818,10,55,5.5,1.0,0.1636363636363636,0.0,1.4854752972230063,0.0,0.0,0.0,0.0,0.0,-1.4428232973175177e-12,295.8,149.21036603846707,0.5044299054714911,0.8,1,1.0,1,1.0,1,0.1,0.2,3,0,3,0.0151515151515151,0.9036657786657788,1,1,3.193515742865017e-08,0.9848484848484848
peeling_chain_01479,0.002296931,0.001984671,0.187887289934778,0.1784868042704607,-0.0003369744848484,0.2801511686319801,2.6464393446609167,0.0,0.812112710065222,10,1.0,1.0,1.0,10,10,1.0,1.0,0.9,0.0,1.4854752972230063,0.0,0.0,0.0,0.0,0.0,-1.4428232973175177e-12,331.7,115.2524282703936,0.3474598380174664,0.4,1,1.0,1,1.0,1,0.1,0.2,3,0,10,0.0476190476190476,0.0,1,1,0.0,0.9523809523809524
peeling_chain_01480,6.778844606,6.778389100999999,6.719406137480745e-05,3.1938139432216646e-05,-0.0004104575151514,9.991384234631556e-05,3.1219280948743777,0.0,0.9999328059386252,10,1.0,1.0,1.0,10,10,1.0,1.0,0.9,0.0,1.1567796494427114,0.0,0.0,0.0,0.0,0.0,-1.4428232973175177e-12,351.0,109.64589468932353,0.312381466351349,0.4,2,0.6,2,0.6,2,0.2,0.2,4,0,10,0.0476190476190476,0.0,1,1,0.0,0.9523809523809524
peeling_chain_01481,0.060849171,0.060366023,0.0212737848102849,0.0187746868937644,-0.0161795884242424,0.6552355542875588,3.827847541854052,0.027027027027027,0.9787262151897153,10,1.0,3.7,0.2702702702702702,10,37,3.7,1.0,0.2432432432432432,0.0,1.8464393446652445,0.0,0.0,0.0,0.0,0.0,-1.4428232973175177e-12,284.2,156.0482831263025,0.5490791102262579,0.6,1,1.0,1,1.0,1,0.1,0.0,3,0,4,0.0208333333333333,0.8064685314685314,1,1,0.0,0.9791666666666666
peeling_chain_01482,0.000410964,0.000151837,0.7715923420440369,0.3209419321274409,-5.7690000000000005e-05,0.7508993196651671,1.5709505944488975,0.0,0.2284076579559629,10,1.0,1.0,1.0,10,10,1.0,1.0,0.2,0.0,1.5709505944488975,0.0,0.0,0.0,0.0,0.0,-1.4428232973175177e-12,253.3,107.83943826098336,0.4257380112948415,0.7,1,1.0,1,1.0,1,0.1,0.0,3,0,2,0.0264550264550264,0.0,1,1,0.0,0.7142857142857143
peeling_chain_01483,0.2451995689666666,0.2447873684,0.0017177595031002,0.0009275767014383,-0.0004045556428226,0.082633174743505,4.294081577467325,0.0,0.9982822404968996,300,1.0,1.0,1.0,300,300,1.0,1.0,0.9966666666666668,0.0,1.7195458419349856,145.37,1750.2742474916388,5639.454519955618,2.0,0.5262954020175055,4.442504535022259,271.3466666666667,125.47077830948336,0.4624002935094713,0.4066666666666667,1,1.0,1,1.0,1,0.0033333333333333,0.1466666666666666,4,0,300,0.0016638935108153,0.0,1,1,0.0,0.9983361064891848
peeling_chain_01485,1.5280712818,1.5276654266333332,0.0002659095207788,0.0001533143307955,-0.0004005248254336,0.0131089035653719,4.304482253238571,0.0,0.9997340904792212,300,1.0,1.0,1.0,300,300,1.0,1.0,0.9966666666666668,0.0,1.769748129537608,115.16833333333334,1386.6421404682274,2070.41682319511,2.0,0.1977908649849315,4.485410166896395,272.49666666666667,132.84289255569564,0.4875028167526048,0.4133333333333333,2,0.51,2,0.51,3,0.01,0.13,4,0,300,0.0016638935108153,0.0,1,1,0.0,0.9983361064891848
peeling_chain_01487,0.0005007729999999,0.00032996,0.4664831515517452,0.3436265212199338,-0.0001003487272727,0.5171893562856104,2.170950594447455,0.0,0.5335168484482546,10,1.0,1.0,1.0,10,10,1.0,1.0,0.4,0.0,1.8464393446652445,0.0,0.0,0.0,0.0,0.0,-1.4428232973175177e-12,249.6,125.87048016821808,0.5042887827252327,0.4,1,1.0,1,1.0,1,0.1,0.2,3,1,5,0.0307692307692307,0.0,1,1,0.0,0.7692307692307693
peeling_chain_01488,0.001607556,0.0011795659999999,0.4069354689543217,0.346017813661733,-0.000273252,0.5742137927565449,3.05656476211797,0.0,0.5930645310456784,10,1.0,1.5,0.6666666666666666,10,15,1.5,1.0,0.3333333333333333,0.0,0.9709505944517832,0.0,0.0,0.0,0.0,0.0,-1.4428232973175177e-12,253.5,164.42171389448535,0.648606366447674,0.0,2,0.8,2,0.8,3,0.3,0.2,3,2,5,0.028735632183908,0.425,1,1,0.0,0.8333333333333334
peeling_chain_01489,5.683219343533333,5.682828804766666,6.870805519525721e-05,3.70884076354174e-05,-0.0003882868409848,0.0034162785826049,4.310065290040759,0.0,0.9999312919448048,300,1.0,1.0,1.0,300,300,1.0,1.0,0.9966666666666668,0.0,1.6977061942558558,189.54666666666665,2282.167224080268,5224.915030478011,4.0,0.391996211925201,4.491366952539272,269.9033333333333,126.8270383148428,0.4698980066252466,0.3833333333333333,1,1.0,1,1.0,1,0.0033333333333333,0.1533333333333333,4,0,300,0.0016638935108153,0.0,1,1,0.0,0.9983361064891848
peeling_chain_01492,0.1002644156589147,0.0998817331782945,0.0039225614376543,0.0024760024508698,-0.0003799075278957,0.0817719191814664,4.26908866778151,0.0387596899224806,0.9960774385623457,129,1.0,1.0,1.0,129,129,1.0,1.0,0.992248062015504,0.0,1.7257505504079425,55.36055555555556,1557.015625,1629.2319269001755,39.0,0.0226650003566446,4.398083816958199,276.6666666666667,133.92986348583102,0.4840838439246904,0.3875968992248062,2,0.5193798449612403,2,0.5193798449612403,3,0.0232558139534883,0.1395348837209302,4,0,129,0.0038610038610038,0.0,1,1,0.0,0.996138996138996
peeling_chain_01493,0.667174186,0.666805672,0.0005526120525793,0.0004011569746209,-0.000398605090909,0.000986341939815,2.9219280948758204,0.0,0.9994473879474206,10,1.0,1.0,1.0,10,10,1.0,1.0,0.9,0.0,1.1567796494427114,0.0,0.0,0.0,0.0,0.0,-1.4428232973175177e-12,257.2,110.56099372442948,0.429863894729508,0.3,2,0.6,2,0.6,2,0.2,0.1,3,0,10,0.0476190476190476,0.0,1,1,0.0,0.9523809523809524
peeling_chain_01495,0.150416809,0.150027532,0.0208195911709849,0.0369300505112949,-0.0286972281212121,0.777540486940186,3.847225684905623,0.0,0.9791804088290152,10,2.8,4.2,0.6666666666666666,28,42,4.2,2.8,0.4047619047619047,0.0,1.3709505944503406,0.0,0.0,0.0,0.0,0.0,-1.4428232973175177e-12,283.5,127.1073474578782,0.4483504319501877,0.5,2,0.6,2,0.6,3,0.1071428571428571,0.2,2,2,6,0.017921146953405,0.8962855802478445,1,1,-0.6270487431289996,1.1111111111111112
peeling_chain_01496,0.6731519140000001,0.672683042,0.0006964202620242,0.0004273253896793,-0.0004837305454545,0.0011865252283258,3.1219280948743777,0.0,0.9993035797379758,10,1.0,1.0,1.0,10,10,1.0,1.0,0.9,0.0,1.2954618442339936,0.0,0.0,0.0,0.0,0.0,-1.4428232973175177e-12,287.8,124.52558862427522,0.432680988965515,0.5,2,0.7,2,0.7,2,0.2,0.1,3,0,10,0.0476190476190476,0.0,1,1,0.0,0.9523809523809524
peeling_chain_01497,0.000622147,0.000341071,0.5888661069465058,0.3349252237351029,4.787460606060606e-05,0.4581154656948261,1.6854752972215634,0.0,0.4111338930534941,10,2.4,1.0,2.4,24,10,1.0,2.4,0.3,0.0,1.5709505944488975,0.0,0.0,0.0,0.0,0.0,-1.4428232973175177e-12,278.8,144.68110527025368,0.5189422714141093,0.4,2,0.5,2,0.5,2,0.0833333333333333,0.0,3,1,4,0.0207317073170731,0.6121863799283154,1,1,0.0,0.8292682926829268
peeling_chain_01498,0.0060894735666666,0.0056926404666666,0.1645805082720755,0.1567427045838116,-7.67221834909277e-06,0.7412422105923597,3.668508928825908,0.0,0.8354194917279244,300,1.0,5.28,0.1893939393939394,300,1584,5.28,1.0,0.1792929292929292,0.0,1.739668262599528,1.3458333333333334,16.204013377926422,22.413755569790084,0.0,0.1608001280516969,1.202526777878064,272.47,131.09654245942588,0.4811411988821736,0.4,1,1.0,1,1.0,1,0.0033333333333333,0.1433333333333333,4,0,8,0.0005221584767606,0.9076690219502724,1,1,0.0,0.991578947368421
peeling_chain_01499,0.6254268205,0.6250170245333334,0.0006555471452318,0.0003871946891781,-0.0004042721248191,0.0323405297006521,4.300742652402151,0.0,0.9993444528547684,300,1.0,1.0,1.0,300,300,1.0,1.0,0.9966666666666668,0.0,1.7748615981219664,18.317222222222224,220.5418060200669,274.5076847522536,1.0,0.1090110781610849,4.240270864627697,276.78333333333336,131.0462008022536,0.4734613143936421,0.36,2,0.5,2,0.5,2,0.0066666666666666,0.1,4,0,300,0.0016638935108153,0.0,1,1,0.0,0.9983361064891848
peeling_chain_01500,0.217034363,0.216679808,0.0016306969500786,0.0013479488774219,-0.0003248986666666,0.002474078249137,2.7219280948772635,0.0,0.9983693030499214,10,1.0,1.0,1.0,10,10,1.0,1.0,0.9,0.0,1.7609640474379105,0.0,0.0,0.0,0.0,0.0,-1.4428232973175177e-12,360.2,143.12838060054102,0.3973580805123293,0.7,2,0.5,2,0.5,3,0.3,0.1,3,0,10,0.0476190476190476,0.0,1,1,0.0,0.9523809523809524
peeling_chain_01501,0.0265631940333333,0.0261391674,0.0655139331127031,0.1079174746449947,-0.0002593848202224,0.5521201368063361,3.5689177894949045,0.0159235668789808,0.9344860668872969,300,1.0,1.0466666666666666,0.9554140127388536,300,314,1.0466666666666666,1.0,0.9363057324840764,0.0,1.691884543843341,243.58805555555557,2932.8327759197323,2641.462602624956,33.0,-0.0522703146331735,4.515767480002559,272.87,129.184785466349,0.4734297851223989,0.4266666666666667,1,1.0,1,1.0,2,0.0066666666666666,0.1266666666666666,4,0,143,0.0015998749283443,0.0514632936507936,1,1,0.0,0.9903225806451612
peeling_chain_01502,9.425921065,9.425426952,5.242153303288732e-05,2.715639433122236e-05,-0.0005107759999999,8.941562056474149e-05,2.9219280948758204,0.0,0.9999475784669672,10,1.0,1.0,1.0,10,10,1.0,1.0,0.9,0.0,1.7219280948815914,0.0,0.0,0.0,0.0,0.0,-1.4428232973175177e-12,238.4,135.96094210389165,0.5703059652008878,0.4,2,0.9,2,0.9,3,0.3,0.2,3,0,10,0.0476190476190476,0.0,1,1,0.0,0.9523809523809524
peeling_chain_01505,0.126437654,0.126074608,0.0028585875737591,0.0020698650481816,-0.0003115159999999,0.0040769621111967,2.9219280948758204,0.0,0.997141412426241,10,1.0,1.0,1.0,10,10,1.0,1.0,0.9,0.0,1.5709505944503404,0.0,0.0,0.0,0.0,0.0,-1.4428232973175177e-12,259.3,137.52498762851144,0.5303701798245717,0.1,2,0.6,2,0.6,3,0.3,0.2,4,0,10,0.0476190476190476,0.0,1,1,0.0,0.9523809523809524
peeling_chain_01506,0.0158803773666666,0.0154744179666666,0.122115569252592,0.1229424814570418,-8.354369998999995e-05,0.8415271809238554,3.63485201162964,0.0040551500405515,0.8778844307474081,300,1.0233333333333334,4.11,0.2489862124898621,307,1233,4.11,1.0233333333333334,0.2465531224655312,0.0,1.8109877059010224,188.5713888888889,2270.42474916388,3345.6080675009257,3.0,0.1914489023544497,4.507204725459309,274.12666666666667,132.99547590397694,0.4851606650355441,0.3933333333333333,2,0.52,2,0.52,3,0.009771986970684,0.1233333333333333,4,0,15,0.0006531623235613,0.8628787339952395,1,1,-0.1026866056826935,1.0026041666666667
peeling_chain_01508,0.1160560289999999,0.1156015759999999,0.0039256054625188,0.0020329702934913,-0.0004101649696969,0.0058543509822046,3.3219280948729355,0.0,0.996074394537481,10,1.0,1.0,1.0,10,10,1.0,1.0,0.9,0.0,1.7609640474379105,0.0,0.0,0.0,0.0,0.0,-1.4428232973175177e-12,252.3,142.52255182173025,0.5648931899394778,0.7,2,0.7,2,0.7,3,0.3,0.2,4,1,10,0.0476190476190476,0.0,1,1,0.0,0.9523809523809524
peeling_chain_01509,0.218515181,0.2182137989999999,0.006726032249977,0.0173962384480766,-0.021125846,0.4164888209781208,2.146465798495416,0.0,0.993273967750023,10,1.0,1.5,0.6666666666666666,10,15,1.5,1.0,0.6,0.0,1.4854752972230063,0.0,0.0,0.0,0.0,0.0,-1.4428232973175177e-12,274.7,143.37290151520574,0.5219253786501847,0.7,2,0.7,2,0.7,2,0.2,0.0,4,0,9,0.0384615384615384,0.3839285714285714,1,1,0.0,0.9615384615384616
peeling_chain_01510,2.1540935733333337,2.1536800322666667,0.0001921027963239,0.0001072721624359,-0.0004205426720074,0.0097632422878637,4.308909197463129,0.0,0.999807897203676,300,1.0,1.0,1.0,300,300,1.0,1.0,0.9966666666666668,0.0,1.7187327402621202,153.42416666666668,1847.247491638796,2429.3458591350027,1.0,0.1361126297853133,4.487816301710312,280.7933333333333,129.8652399890502,0.4624940287841004,0.4433333333333333,2,0.53,2,0.53,3,0.01,0.16,4,0,300,0.0016638935108153,0.0,1,1,0.0,0.9983361064891848
peeling_chain_01511,0.000156246,3.6271000000000006e-05,0.8675520119778521,0.1906669878528099,-1.317218181818182e-05,0.8227757712773288,1.1567796494427114,0.0,0.1324479880221478,10,1.0,1.0,1.0,10,10,1.0,1.0,0.0,0.0,1.7219280948815914,0.0,0.0,0.0,0.0,0.0,-1.4428232973175177e-12,206.4,93.11188013471867,0.4511234502651099,0.3,2,0.6,2,0.6,2,0.2,0.1,4,0,1,0.0229885057471264,0.0,1,1,0.0,0.6666666666666666
peeling_chain_01513,0.053535726,0.053107467,0.008027934893753,0.0046171810304062,-0.0004203114545454,0.0130586890916864,3.3219280948729355,0.0,0.9919720651062472,10,1.0,1.0,1.0,10,10,1.0,1.0,0.9,0.0,1.2954618442339936,0.0,0.0,0.0,0.0,0.0,-1.4428232973175177e-12,381.8,91.84624833564696,0.2405611533149475,0.3,2,0.5,2,0.5,2,0.2,0.1,3,0,10,0.0476190476190476,0.0,1,1,0.0,0.9523809523809524
peeling_chain_01514,0.242702378,0.2422783489999999,0.0092678123722428,0.011583833789541,-0.0831321327878787,0.6920194365703793,3.508697665847764,0.0,0.990732187627757,10,1.0,4.4,0.2272727272727272,10,44,4.4,1.0,0.2045454545454545,0.0,1.2954618442339936,0.0,0.0,0.0,0.0,0.0,-1.4428232973175177e-12,242.0,132.7972556610682,0.5487489903349926,0.6,2,0.9,2,0.9,3,0.3,0.0,2,0,3,0.0181818181818181,0.8292255892255895,1,1,0.0,0.9818181818181818
peeling_chain_01516,0.8856521293666666,0.8852510202333334,0.0004538865152441,0.0002473573718542,-0.000396138294561,0.0223740997734192,4.306739667820799,0.0,0.999546113484756,300,1.0,1.0,1.0,300,300,1.0,1.0,0.9966666666666668,0.0,1.7435872346483514,154.8225,1864.0836120401336,2401.1667961588137,1.0,0.1259206688278519,4.515341295675725,276.27,131.4128159426619,0.4756680636430372,0.4,2,0.53,2,0.53,3,0.01,0.1566666666666666,4,0,300,0.0016638935108153,0.0,1,1,0.0,0.9983361064891848
peeling_chain_01517,4.582935310766668,4.582542290166666,0.00018174356855,0.0003322043625921,-0.0170832748943499,0.3221582216579742,3.688855412203084,0.01,0.9998182564314498,300,3.023333333333333,1.0,3.023333333333333,907,300,1.0,3.023333333333333,0.9966666666666668,0.0,1.7503092141787655,0.0,0.0,0.0,0.0,0.0,-1.4428232973175177e-12,272.3066666666667,131.4874485237527,0.4828653302297142,0.37,2,0.5033333333333333,2,0.5033333333333333,2,0.0022050716648291,0.1366666666666666,4,0,300,0.0008278145695364,0.807924607208748,1,1,0.0,0.9991721854304636
peeling_chain_01518,0.0065153326666666,0.0061160441666666,0.1476818110907057,0.1902232340713344,-3.093349524105825e-05,0.6757135439003905,3.7445823518772734,0.0,0.8523181889092942,300,1.0,1.67,0.5988023952095809,300,501,1.67,1.0,0.562874251497006,0.0,1.662936849575278,29.352777777777774,353.4113712374582,690.0675658871558,0.0,0.3226286441175128,4.378872365505204,271.4066666666667,128.01599485487938,0.4716759408570633,0.4366666666666666,1,1.0,1,1.0,1,0.0033333333333333,0.13,4,0,34,0.0011956258900024,0.4755862099792732,1,1,0.0,0.978021978021978
peeling_chain_01519,0.0005293113666666,0.0002246429666666,0.6674813363195548,0.3293991599549198,-5.833218813542372e-08,0.6825925234381544,3.503991088081853,0.0,0.3325186636804452,300,1.0,1.393333333333333,0.7177033492822966,300,418,1.393333333333333,1.0,0.1531100478468899,0.0,1.7696884386828886,1127.97,13580.909698996657,13581.6322203101,17.0,2.659991526532153e-05,4.527818216545068,274.28,131.5404293306624,0.4795844732779,0.3866666666666666,1,1.0,1,1.0,1,0.0033333333333333,0.1766666666666666,4,0,4,0.0007897382424694,0.2561526139507791,1,1,9.72747162337408e-09,0.7526205450733753
peeling_chain_01520,0.0040325069999999,0.003697114,0.0947483409790967,0.0720674798771832,-0.000368915030303,0.4990514859141798,2.889549430849104,0.0,0.9052516590209032,10,1.0,1.7,0.5882352941176471,10,17,1.7,1.0,0.5294117647058824,0.0,1.3709505944503406,0.0,0.0,0.0,0.0,0.0,-1.4428232973175177e-12,274.2,146.21886183237632,0.5332562430064782,0.2,2,0.6,2,0.6,2,0.2,0.1,3,2,10,0.0357142857142857,0.4876543209876544,1,1,0.0,0.9642857142857144
peeling_chain_01521,0.0328360952666666,0.0324282311333333,0.071612421729431,0.0930667583750845,-0.0002608827132968,0.7511748591173886,3.7788133545657248,0.0063694267515923,0.928387578270569,300,1.0,1.57,0.6369426751592356,300,471,1.57,1.0,0.6348195329087049,0.0,1.6689710027682565,213.97694444444448,2576.3110367892978,3104.6628068211835,7.0,0.0930037322080147,4.514768772242413,276.4533333333333,130.45588122186547,0.4718911493990503,0.37,2,0.5066666666666667,2,0.5066666666666667,3,0.01,0.1833333333333333,4,0,15,0.0012953367875647,0.4237155147112769,1,1,0.0,0.9987046632124352
peeling_chain_01522,0.5533523899999999,0.552969533,0.0262248544075129,0.0697300612173711,-0.1391489264848485,0.7770837420922909,3.5362434129643057,0.0333333333333333,0.973775145592487,10,1.0,3.0,0.3333333333333333,10,30,3.0,1.0,0.3,0.0,1.8464393446652445,0.0,0.0,0.0,0.0,0.0,-1.4428232973175177e-12,337.2,171.75292331330687,0.5093503063858448,0.3,2,0.5,2,0.5,2,0.2,0.2,3,0,5,0.024390243902439,0.7136526555881395,1,1,0.0,0.975609756097561
peeling_chain_01523,0.050449224,0.0500189966666666,0.0228185134682154,0.0584617482862882,-0.0015819907408231,0.4476701595318808,3.372527156154394,0.0217391304347826,0.9771814865317848,30,3.333333333333333,1.5333333333333334,2.1739130434782608,100,46,1.5333333333333334,3.333333333333333,0.9347826086956522,0.0,1.2729055953157278,0.0,0.0,0.0,0.0,0.0,-1.4428232973175177e-12,260.3,144.65801526120265,0.5557357482182199,0.4333333333333333,2,0.5,2,0.5,2,0.02,0.2,4,0,30,0.0083162451583504,0.8534330825592961,1,1,-0.4348935275949693,1.0977443609022557
peeling_chain_01524,0.00048291,0.000105763,0.8396456104622587,0.2013165163547714,-3.203872727272727e-05,0.7846391753585686,3.079928484442017,0.0,0.1603543895377413,10,1.0,2.9,0.3448275862068966,10,29,2.9,1.0,0.0,0.0,0.8812908992278072,0.0,0.0,0.0,0.0,0.0,-1.4428232973175177e-12,321.3,125.76702447161752,0.3914317599490118,0.4,2,0.5,2,0.5,2,0.2,0.1,3,0,1,0.0165816326530612,0.6923076923076923,1,1,0.0,0.7959183673469388
peeling_chain_01525,0.45535794,0.455065795,0.0006421567150688,0.0005574903924274,-0.0003117455151515,0.0011303422618259,2.6464393446609167,0.0,0.9993578432849312,10,1.0,1.0,1.0,10,10,1.0,1.0,0.9,0.0,1.4854752972230063,0.0,0.0,0.0,0.0,0.0,-1.4428232973175177e-12,333.3,159.964614142559,0.4799418366113381,0.4,2,0.7,2,0.7,2,0.2,0.3,3,2,10,0.0476190476190476,0.0,1,1,0.0,0.9523809523809524
peeling_chain_01526,22.6203947,22.619856416,0.000107860647701,0.000240207914645,-3.609910307878788,0.4783718399222924,2.727217001450941,0.0,0.9998921393522988,10,1.0,1.6,0.625,10,16,1.6,1.0,0.5625,0.0,1.360964047439353,0.0,0.0,0.0,0.0,0.0,-1.4428232973175177e-12,263.9,147.7177864864094,0.55974909619708,0.4,2,0.7,2,0.7,3,0.3,0.2,4,0,7,0.037037037037037,0.4016806722689075,1,1,0.0,0.9629629629629628
peeling_chain_01527,0.2422299499999999,0.241888032,0.0021452933367193,0.0024741806469817,-0.0541964770909091,0.5428909828352787,3.624518654938701,0.0,0.9978547066632808,10,1.0,2.8,0.3571428571428571,10,28,2.8,1.0,0.3214285714285714,0.0,1.5709505944503404,0.0,0.0,0.0,0.0,0.0,-1.4428232973175177e-12,243.5,133.4176816534367,0.5479165570983027,0.5,1,1.0,1,1.0,1,0.1,0.3,3,0,3,0.0256410256410256,0.7392297357814599,1,1,0.0,0.9743589743589745
peeling_chain_01528,32.889232232999994,32.88878194099999,1.3690991287873e-05,7.471104043444471e-06,-0.000457311939394,2.2942920213499108e-05,3.1219280948743777,0.0,0.999986309008712,10,1.0,1.0,1.0,10,10,1.0,1.0,0.9,0.0,1.5709505944488975,0.0,0.0,0.0,0.0,0.0,-1.4428232973175177e-12,180.9,86.77999001305926,0.4797124931622955,0.5,2,0.7,2,0.7,3,0.3,0.0,4,0,10,0.0476190476190476,0.0,1,1,0.0,0.9523809523809524
peeling_chain_01530,1.103357919,1.102944018,0.0003750531414931,0.0002029956195871,-0.0003994433939393,0.0005975657778128,3.1219280948743777,0.0,0.9996249468585068,10,1.0,1.0,1.0,10,10,1.0,1.0,0.9,0.0,1.5219280948830345,0.0,0.0,0.0,0.0,0.0,-1.4428232973175177e-12,278.4,156.37007386325556,0.5616741158881307,0.5,1,1.0,1,1.0,1,0.1,0.3,4,1,10,0.0476190476190476,0.0,1,1,0.0,0.9523809523809524
peeling_chain_01531,0.0110102459,0.0106003189333333,0.1044209972737102,0.1245158698274776,-3.502656868187426e-05,0.6689023556895066,3.692883376308503,0.0080482897384305,0.8955790027262898,300,1.096666666666667,1.6566666666666667,0.6619718309859155,329,497,1.6566666666666667,1.096666666666667,0.6177062374245473,0.0,1.7214233620097117,23.602777777777774,284.18060200668896,869.8754615193394,0.0,0.5075098845052262,4.23562385575958,267.9766666666667,130.53879645590456,0.4871274729985367,0.4,2,0.5333333333333333,2,0.5333333333333333,2,0.0060790273556231,0.11,4,0,39,0.0012329425532359,0.5028391659469523,1,1,-0.1251273324457775,1.0085470085470083
peeling_chain_01533,0.000751904,0.000378544,0.6563007800618544,0.3547718206582975,-0.0001333255757575,0.6633891965002745,2.8464393446594736,0.0,0.3436992199381455,10,1.0,1.0,1.0,10,10,1.0,1.0,0.2,0.0,1.9709505944488976,0.0,0.0,0.0,0.0,0.0,-1.4428232973175177e-12,230.7,112.6519221121218,0.4883048205987074,0.2,2,0.7,2,0.7,2,0.2,0.2,4,1,2,0.0264550264550264,0.0,1,1,0.0,0.7142857142857143
peeling_chain_01534,0.0140331889999999,0.013564831,0.0560132758404882,0.0504979959569617,-0.00236675,0.6890520324484967,3.320478022397987,0.0,0.9439867241595116,10,1.0,2.7,0.3703703703703703,10,27,2.7,1.0,0.3333333333333333,0.0,1.8464393446652445,0.0,0.0,0.0,0.0,0.0,-1.4428232973175177e-12,268.7,137.34631815637107,0.5111511654498365,0.5,1,1.0,1,1.0,1,0.1,0.0,4,1,8,0.0263157894736842,0.757936507936508,1,1,0.0,0.9736842105263158
peeling_chain_01537,0.3824021111,0.382012633,0.0010265882845852,0.0006130315526474,-0.0003863895519194,0.0505723142802738,4.297248547057144,0.0,0.9989734117154148,300,1.0,1.0,1.0,300,300,1.0,1.0,0.9966666666666668,0.0,1.7137232898216617,149.57666666666665,1800.923076923077,2781.2011728716257,4.0,0.2139352934378567,4.474531475384648,272.8933333333333,130.5784735247317,0.4784963851250734,0.3866666666666666,2,0.5033333333333333,2,0.5033333333333333,3,0.01,0.1833333333333333,4,0,300,0.0016638935108153,0.0,1,1,0.0,0.9983361064891848
peeling_chain_01539,0.9294364478,0.9290030077,0.000466169182265,0.0002319910893285,-0.0004398812565317,0.0236746471925452,4.308396791103446,0.0433333333333333,0.999533830817735,300,1.0,1.0,1.0,300,300,1.0,1.0,0.9966666666666668,0.0,1.7506584543818215,156.82,1888.133779264214,2971.039075158132,9.0,0.2228579489425577,4.513321831317928,263.9866666666667,123.32375677665372,0.467159036226528,0.3766666666666666,1,1.0,1,1.0,1,0.0033333333333333,0.14,4,0,300,0.0016638935108153,0.0,1,1,0.0,0.9983361064891848
peeling_chain_01540,0.1264501883333333,0.1260388012999999,0.0774097762606977,0.0981220076666698,-0.0011093535452149,0.9210248201960766,3.767692664830921,0.0013679890560875,0.9225902237393022,300,1.0,2.4366666666666665,0.4103967168262654,300,731,2.4366666666666665,1.0,0.4090287277701778,0.0,1.7532587503818091,22.17055555555556,266.9364548494983,716.2075281556059,0.0,0.4569738319842569,4.263769391530025,279.8833333333333,131.85784527319254,0.4711171747985204,0.4266666666666667,1,1.0,1,1.0,1,0.0033333333333333,0.15,4,0,9,0.000968992248062,0.689919066968248,1,1,0.0,0.999031007751938
peeling_chain_01541,0.2318456151999999,0.2314360193333333,0.0018088402990738,0.0010575357401885,-0.0003695767637418,0.0860293521976285,4.276616249512465,0.0,0.9981911597009262,300,1.0066666666666666,1.0,1.0066666666666666,302,300,1.0,1.0066666666666666,0.9966666666666668,0.0,1.7520103450149402,14.989166666666666,180.4715719063545,231.99188738815215,1.0,0.124908799363512,3.926398558672643,280.56,133.82194929723738,0.4769815700642906,0.4033333333333333,1,1.0,1,1.0,1,0.0033112582781456,0.16,4,0,300,0.0016583747927031,0.0099009900990099,1,1,0.0,0.9983416252072967
peeling_chain_01542,105.832082148,105.83158153899998,4.7302002607461765e-06,2.33669091433266e-06,-0.0005011593333329,7.81347956789272e-06,3.1219280948743777,0.0,0.9999952697997392,10,1.0,1.0,1.0,10,10,1.0,1.0,0.9,0.0,1.8464393446652445,0.0,0.0,0.0,0.0,0.0,-1.4428232973175177e-12,293.6,109.66534953616338,0.3735195828888398,0.2,1,1.0,1,1.0,1,0.1,0.1,3,0,10,0.0476190476190476,0.0,1,1,0.0,0.9523809523809524
peeling_chain_01543,0.013006067,0.012619527,0.0418995937922138,0.0298687652863676,-0.0021462723030303,0.4950253335564795,2.624999999989901,0.0,0.9581004062077862,10,1.0,1.6,0.625,10,16,1.6,1.0,0.5625,0.0,1.4854752972230063,0.0,0.0,0.0,0.0,0.0,-1.4428232973175177e-12,321.2,111.42989824199888,0.3469174914134461,0.6,1,1.0,1,1.0,1,0.1,0.3,3,0,7,0.037037037037037,0.4117647058823529,1,1,0.0,0.9629629629629628
peeling_chain_01544,0.0704285203278688,0.0700404537704918,0.0552763522516986,0.1229284822214501,-0.0035361431993654,0.7577409648390733,3.9382015506941657,0.008695652173913,0.9447236477483014,61,1.0,1.8852459016393444,0.5304347826086956,61,115,1.8852459016393444,1.0,0.5217391304347826,0.0,1.6771365415132429,6.966944444444445,418.01666666666665,664.8089823818233,3.0,0.227915099658029,2.6997426672582194,299.8196721311475,127.88855932630322,0.4265515948878833,0.360655737704918,1,1.0,1,1.0,1,0.0163934426229508,0.1147540983606557,4,0,11,0.0056497175141242,0.5152043358939911,1,1,0.0,0.9943502824858758
peeling_chain_01545,0.1908796147058823,0.1905061150980392,0.0217974955998555,0.0474191242293435,-0.0042331193529411,0.6167718459751217,3.462707282618377,0.0068965517241379,0.9782025044001444,51,2.431372549019608,2.843137254901961,0.8551724137931034,124,145,2.843137254901961,2.431372549019608,0.8275862068965517,0.0039215686274509,1.58796709051631,44.63361111111111,3213.62,3635.21535477611,18.0,0.0615572331552847,4.229605559087326,289.80392156862746,134.40297907529327,0.4637721199485762,0.4705882352941176,1,1.0,1,1.0,1,0.0080645161290322,0.196078431372549,4,0,12,0.0067587939698492,0.6956917035677395,1,1,-0.5836532042508144,1.345
peeling_chain_01548,25.61747132223333,25.61705274643333,1.633965675764339e-05,8.889869884255562e-06,-0.0004236401101901,0.0008268621048465,4.311640827163419,0.0,0.9999836603432424,300,1.0,1.0,1.0,300,300,1.0,1.0,0.9966666666666668,0.0,1.673084410682627,60.92166666666667,733.5050167224081,1340.9093863555076,2.0,0.2928076322319505,4.378402286912187,283.1,129.05477046302556,0.4558628416214255,0.44,1,1.0,1,1.0,1,0.0033333333333333,0.14,4,0,300,0.0016638935108153,0.0,1,1,0.0,0.9983361064891848
peeling_chain_01549,0.0173736164666666,0.0169535046,0.066636740089115,0.0897546525568501,1.1283788095423292e-05,0.54014334604157,3.475580441328194,0.014792899408284,0.9333632599108848,300,1.0,1.1266666666666667,0.8875739644970414,300,338,1.1266666666666667,1.0,0.8816568047337278,0.0,1.7368924360735571,0.0,0.0,0.0,0.0,0.0,-1.4428232973175177e-12,272.46,129.54957367793142,0.475481074939189,0.4133333333333333,2,0.5266666666666666,2,0.5266666666666666,2,0.0066666666666666,0.16,4,0,77,0.0015600547730829,0.1299350649350649,1,1,0.0,0.996875
ransomware_01001,0.0441437164,0.0437206743999999,0.0102413599317724,0.0063757492248399,0.0005937569517406,0.1178587872834822,3.807585439187696,0.02,0.9897586400682274,50,1.26,1.0,1.26,63,50,1.0,1.26,0.98,0.0,1.6941188237438387,121.51805555555556,8927.857142857143,10272.836352959872,142.0,0.0700484704052872,4.218171939441543,265.6,124.39929129006076,0.468370825640289,0.5,1,1.0,1,1.0,1,0.0158730158730158,0.16,4,1,50,0.0087719298245614,0.3229166666666667,1,1,0.0,0.9912280701754386
ransomware_01002,0.8311709466666667,0.8306789499999999,0.0005954468881693,0.0003837148846427,0.0205095299999999,0.0110077906753266,0.918295834051604,0.0,0.9994045531118306,3,1.6666666666666667,1.0,1.6666666666666667,5,3,1.0,1.6666666666666667,0.6666666666666666,0.0,0.918295834051604,0.0,0.0,0.0,0.0,0.0,-1.4428232973175177e-12,275.0,210.7154479386834,0.7662379925043034,0.6666666666666666,2,0.6666666666666666,2,0.6666666666666666,2,0.4,0.3333333333333333,1,0,3,0.1111111111111111,0.6111111111111112,1,1,0.0,0.8888888888888888
ransomware_01004,0.0256772412,0.025300766,0.0273722577013434,0.037297293147417,-0.0008048215097238,0.4096454803821058,2.6055554185341268,0.0,0.9726277422986566,50,1.16,1.14,1.0175438596491229,58,57,1.14,1.16,0.912280701754386,0.0,1.4647497131667542,0.77,56.57142857142857,97.84160460579506,1.0,0.2672713253874088,0.5842388116399706,247.4,130.58705752040183,0.5278377426046962,0.44,2,0.58,2,0.58,2,0.0344827586206896,0.14,4,0,33,0.0090865992414664,0.2782186948853616,1,1,-0.1099247530622098,1.0176991150442478
ransomware_01005,0.3192471634,0.3188948458,0.0011961729827557,0.0009417684675426,0.0065345783831932,0.1707667326995726,3.723590820383302,0.0,0.9988038270172444,50,1.52,1.0,1.52,76,50,1.0,1.52,0.98,0.0,1.7263597707466445,31.42833333333333,2309.020408163265,2089.154779680304,39.0,-0.0499901934535633,4.368367439525196,290.7,130.9698906042834,0.4505328194161795,0.32,2,0.54,2,0.54,3,0.0394736842105263,0.24,4,0,50,0.0078740157480314,0.5194805194805195,1,1,0.0,0.9921259842519684
ransomware_01007,5.047e-05,2.6666666666666664e-06,0.9314031931962544,0.0656946308658004,0.0,0.0,-1.4428232973175177e-12,0.0,0.0685968068037455,3,1.3333333333333333,2.6666666666666665,0.5,4,8,2.6666666666666665,1.3333333333333333,0.0,0.0,0.918295834051604,0.0,0.0,0.0,0.0,0.0,-1.4428232973175177e-12,285.6666666666667,164.0010162570139,0.574099240106233,0.3333333333333333,2,0.6666666666666666,2,0.6666666666666666,2,0.5,0.6666666666666666,2,0,1,0.0571428571428571,0.8333333333333334,1,1,-0.4472135954999592,0.8
ransomware_01008,0.87773602,0.8773114266666666,0.0013190333092061,0.0016770580752231,-0.56877457,0.4960237020052034,2.499999999991344,0.0,0.998680966690794,3,1.0,2.6666666666666665,0.375,3,8,2.6666666666666665,1.0,0.25,0.0,0.918295834051604,0.0,0.0,0.0,0.0,0.0,-1.4428232973175177e-12,370.0,130.54118124178285,0.3528140033561698,0.3333333333333333,2,0.6666666666666666,2,0.6666666666666666,2,0.6666666666666666,0.0,2,0,3,0.0833333333333333,0.7142857142857143,1,1,0.0,0.9166666666666666
ransomware_01009,0.0262601866666666,0.0260365033333333,0.0084795886782683,0.006275536283751,-0.000129665,0.0022133881862358,1.584962500716828,0.0,0.9915204113217316,3,1.3333333333333333,1.0,1.3333333333333333,4,3,1.0,1.3333333333333333,0.6666666666666666,0.0,0.918295834051604,0.0,0.0,0.0,0.0,0.0,-1.4428232973175177e-12,409.0,57.16642371182581,0.1397712071193785,0.0,2,0.6666666666666666,2,0.6666666666666666,2,0.5,0.0,2,0,3,0.125,0.4666666666666667,1,1,0.0,0.875
ransomware_01010,0.0089704233333333,0.0085476333333333,0.0479159354052764,0.0315997155733992,0.000380985,0.0336275018296163,1.584962500716828,0.0,0.9520840645947236,3,1.6666666666666667,1.0,1.6666666666666667,5,3,1.0,1.6666666666666667,0.6666666666666666,0.0,0.918295834051604,0.0,0.0,0.0,0.0,0.0,-1.4428232973175177e-12,274.3333333333333,99.32438438436624,0.3620572942321977,0.3333333333333333,1,1.0,1,1.0,1,0.2,0.3333333333333333,2,1,3,0.1111111111111111,0.611111111111111,1,1,0.0,0.8888888888888888
ransomware_01011,0.00055914,0.0002397833333333,0.815263718688292,0.3075281666325613,-0.0003581749999999,0.6638863789068835,0.918295834051604,0.0,0.184736281311708,3,2.0,1.0,2.0,6,3,1.0,2.0,0.0,0.0,0.918295834051604,0.0,0.0,0.0,0.0,0.0,-1.4428232973175177e-12,283.0,126.63332894621384,0.4474675934495188,0.6666666666666666,2,0.6666666666666666,2,0.6666666666666666,1,0.1666666666666666,0.6666666666666666,3,2,1,0.0681818181818181,1.0,1,1,0.0,0.75
ransomware_01014,0.0202692464,0.0198697332,0.0852170204846722,0.0943375262892753,-0.0013115510540216,0.8022911666831846,3.773128761685764,0.0037453183520599,0.9147829795153278,50,1.0,5.34,0.1872659176029962,50,267,5.34,1.0,0.1835205992509363,0.0,1.7501557298652457,0.3744444444444444,27.51020408163265,32.53200775436061,1.0,0.0836378860666414,-1.4428232973175177e-12,270.14,133.94546712474187,0.4958372219025019,0.3,2,0.54,2,0.54,3,0.06,0.12,4,0,5,0.0031446540880503,0.8981360057852598,1,1,0.0,0.9968553459119496
ransomware_01015,0.0183262666666666,0.0179029866666666,0.0231292592483244,0.0145155500063748,-9.298500000000028e-05,0.0083063732134574,1.584962500716828,0.0,0.9768707407516756,3,1.3333333333333333,1.0,1.3333333333333333,4,3,1.0,1.3333333333333333,0.6666666666666666,0.0,0.918295834051604,0.0,0.0,0.0,0.0,0.0,-1.4428232973175177e-12,304.0,168.13387523042465,0.5530719579948179,0.3333333333333333,1,1.0,1,1.0,1,0.25,0.6666666666666666,2,2,3,0.125,0.4666666666666666,1,1,0.0,0.875
ransomware_01016,0.00460611,0.00411569,0.1080645189556465,0.0512806513032891,-0.000493975,0.053343289811537,1.584962500716828,0.0,0.8919354810443535,3,1.0,1.0,1.0,3,3,1.0,1.0,0.6666666666666666,0.0,1.584962500716828,0.0,0.0,0.0,0.0,0.0,-1.4428232973175177e-12,185.0,73.89857914736926,0.399451779174969,0.0,1,1.0,1,1.0,1,0.3333333333333333,0.3333333333333333,2,0,3,0.1428571428571428,0.0,1,1,0.0,0.8571428571428571
ransomware_01017,0.10063145,0.10034123,0.0028817537356039,0.0017131896910199,-0.0003029999999999,0.0013420870629816,1.584962500716828,1.0,0.9971182462643964,3,1.3333333333333333,1.0,1.3333333333333333,4,3,1.0,1.3333333333333333,0.6666666666666666,0.0,0.918295834051604,0.0,0.0,0.0,0.0,0.0,-1.4428232973175177e-12,197.66666666666663,51.54932912592882,0.2607891861345471,0.3333333333333333,1,1.0,1,1.0,2,0.5,0.0,2,0,3,0.125,0.4666666666666667,1,1,0.0,0.875
ransomware_01018,0.0797390533333333,0.07923365,0.006314449548218,0.0043089405188508,-0.00036365,0.0020398179589384,1.584962500716828,0.0,0.993685550451782,3,1.0,1.0,1.0,3,3,1.0,1.0,0.6666666666666666,0.0,0.918295834051604,0.0,0.0,0.0,0.0,0.0,-1.4428232973175177e-12,243.66666666666663,77.43599507550306,0.3177947814316131,0.6666666666666666,2,0.6666666666666666,2,0.6666666666666666,1,0.3333333333333333,0.0,2,0,3,0.1428571428571428,0.0,1,1,0.0,0.8571428571428571
ransomware_01019,0.0003691833333333,3.4179999999999995e-05,0.9522542941396184,0.0617389918825095,-4.9770000000000006e-05,0.6471620830895263,0.918295834051604,0.0,0.0477457058603814,3,1.6666666666666667,1.0,1.6666666666666667,5,3,1.0,1.6666666666666667,0.0,0.0,0.918295834051604,0.0,0.0,0.0,0.0,0.0,-1.4428232973175177e-12,334.3333333333333,129.57365987473432,0.3875583047100727,0.0,1,1.0,1,1.0,1,0.2,0.3333333333333333,2,0,1,0.0727272727272727,0.75,1,1,0.0,0.7272727272727273
ransomware_01020,0.0095296433333333,0.0092918466666666,0.0250242541215847,0.015529171355768,-0.0002438449999999,0.0116635109729415,1.584962500716828,0.0,0.9749757458784152,3,1.0,1.0,1.0,3,3,1.0,1.0,0.6666666666666666,0.0,-1.4428232973175177e-12,0.0,0.0,0.0,0.0,0.0,-1.4428232973175177e-12,248.33333333333331,89.58422480176593,0.3607418448393258,0.6666666666666666,2,0.6666666666666666,2,0.6666666666666666,2,0.6666666666666666,0.0,2,0,3,0.1428571428571428,0.0,1,1,0.0,0.8571428571428571
ransomware_01022,0.0039139866666666,0.0036168433333333,0.0662886578716423,0.0698538372534926,-0.001231695,0.6149612814612129,2.855388542195992,0.0,0.9337113421283576,3,1.0,4.0,0.25,3,12,4.0,1.0,0.1666666666666666,0.0,0.918295834051604,0.0,0.0,0.0,0.0,0.0,-1.4428232973175177e-12,402.3333333333333,19.60442127004348,0.0487268134300997,0.3333333333333333,1,1.0,1,1.0,1,0.3333333333333333,0.0,2,1,3,0.0625,0.8554778554778555,1,1,0.0,0.9375
ransomware_01024,0.2647979094,0.2643927978,0.0015931453265869,0.0009339181352759,0.0036443020528211,0.1149906559065883,3.731398010896009,0.0,0.9984068546734132,50,1.44,1.0,1.44,72,50,1.0,1.44,0.98,0.0,1.578161580062303,9.0225,662.8775510204082,464.8029045824565,49.0,-0.1756478490460844,3.226637264053948,293.98,115.84886177908788,0.3940705550686709,0.32,2,0.54,2,0.54,3,0.0416666666666666,0.08,4,0,50,0.008130081300813,0.4840182648401825,1,1,0.0,0.991869918699187
ransomware_01025,0.4615395026,0.4610496924,0.0103170357950321,0.0204469775876838,-0.0113954738199279,0.4695730212284622,3.1411190315692545,0.0,0.9896829642049678,50,1.34,1.22,1.098360655737705,67,61,1.22,1.34,0.9508196721311476,0.0,1.7273957780409537,1.8869444444444443,138.6326530612245,178.2574031868535,0.0,0.1250425797350003,1.2639695707342011,258.04,152.89037822931186,0.5925065037564403,0.3,2,0.56,2,0.56,3,0.044776119402985,0.12,4,0,32,0.0089635854341736,0.4268315018315017,1,1,-0.2013023720861336,1.0666666666666669
ransomware_01026,0.0006884866666666,0.0003291199999999,0.7849127754291595,0.3658783353393244,-0.0004921799999999,0.6646410630367847,0.918295834051604,0.0,0.2150872245708404,3,1.0,1.0,1.0,3,3,1.0,1.0,0.0,0.0,1.584962500716828,0.0,0.0,0.0,0.0,0.0,-1.4428232973175177e-12,408.3333333333333,137.44938462333445,0.336610737853064,0.6666666666666666,1,1.0,1,1.0,2,0.6666666666666666,0.0,2,0,1,0.0833333333333333,0.0,1,1,0.0,0.6666666666666666
ransomware_01027,0.0059561233333333,0.0053300833333333,0.1031831422610686,0.0327043185620898,-0.00056463,0.4612420068479226,2.2516291673806093,0.0,0.8968168577389314,3,1.0,2.0,0.5,3,6,2.0,1.0,0.3333333333333333,0.0,0.918295834051604,0.0,0.0,0.0,0.0,0.0,-1.4428232973175177e-12,328.6666666666667,142.60551648983758,0.4338910238027512,0.3333333333333333,2,0.6666666666666666,2,0.6666666666666666,2,0.6666666666666666,0.0,2,0,3,0.1,0.6571428571428571,1,1,0.0,0.9
ransomware_01028,71.13197225580001,71.1316047282,5.973479187067937e-06,5.103443344186787e-06,1.685827382279472,0.1974227232785125,3.65310236454127,0.0,0.999994026520813,50,1.46,1.0,1.46,73,50,1.0,1.46,0.98,0.0,1.7594741932489393,108.53916666666667,7974.306122448979,7207.901048053723,47.0,-0.0504804779560836,4.363074189395388,288.22,132.1539439364531,0.4585176043871108,0.32,2,0.58,1,1.0,3,0.0410958904109589,0.16,4,0,50,0.0080645161290322,0.4819819819819819,1,1,0.0,0.9919354838709676
ransomware_01030,0.6889202366666667,0.6884727033333333,0.0011709297886504,0.0013642629143417,-0.345098945,0.4351443067702485,2.2516291673806093,0.1666666666666666,0.9988290702113496,3,1.0,2.0,0.5,3,6,2.0,1.0,0.3333333333333333,0.0,1.584962500716828,0.0,0.0,0.0,0.0,0.0,-1.4428232973175177e-12,248.0,38.43175770115127,0.154966764923997,0.6666666666666666,1,1.0,1,1.0,1,0.3333333333333333,0.3333333333333333,2,0,3,0.1,0.6,1,1,0.0,0.9
ransomware_01031,2.435e-05,1e-06,0.9144977466367582,0.0708936268545768,0.0,0.0,-1.4428232973175177e-12,0.0,0.0855022533632417,3,2.0,1.0,2.0,6,3,1.0,2.0,0.0,0.0,1.584962500716828,0.0,0.0,0.0,0.0,0.0,-1.4428232973175177e-12,223.66666666666663,30.730007050655445,0.1373919838330347,0.6666666666666666,2,0.6666666666666666,2,0.6666666666666666,2,0.3333333333333333,0.0,2,0,1,0.0681818181818181,1.0,1,1,0.0,0.75
ransomware_01032,0.0012557766666666,0.0008546366666666,0.2865411464363946,0.1801731845409491,-0.000531835,0.2765749707803056,1.584962500716828,0.0,0.7134588535636053,3,1.6666666666666667,1.0,1.6666666666666667,5,3,1.0,1.6666666666666667,0.3333333333333333,0.0,0.918295834051604,43.71416666666666,78685.5,54622.5,24063.0,-0.1805067962912953,1.584962500716828,247.66666666666663,150.31411554918367,0.6069210587450216,0.0,2,0.6666666666666666,2,0.6666666666666666,1,0.2,0.3333333333333333,2,0,2,0.0888888888888888,0.7619047619047619,1,1,0.0,0.8
ransomware_01033,0.97162014,0.9711498066666668,0.0004841102141393,0.0002130509326426,-0.0005885999999999,0.0002693714174725,1.584962500716828,0.0,0.9995158897858606,3,1.3333333333333333,1.0,1.3333333333333333,4,3,1.0,1.3333333333333333,0.6666666666666666,0.0,0.918295834051604,0.0,0.0,0.0,0.0,0.0,-1.4428232973175177e-12,125.0,60.77005841695399,0.4861604673356319,0.0,2,0.6666666666666666,2,0.6666666666666666,2,0.5,0.0,3,1,3,0.125,0.4666666666666666,1,1,0.0,0.875
ransomware_01034,2.7669270636000003,2.7665379998,0.0001477291050749,9.867127429754036e-05,0.03047969315006,0.0918889357190752,2.539721832398072,0.0,0.9998522708949252,50,1.16,1.0,1.16,58,50,1.0,1.16,0.98,0.0,1.658691872028797,30.45388888888889,2237.428571428572,4151.347211866214,7.0,0.2995751776799101,3.686049881514471,307.28,130.8708726421676,0.425901043485315,0.42,2,0.54,2,0.54,3,0.0517241379310344,0.18,4,0,50,0.0091743119266055,0.2316384180790961,1,1,0.0,0.9908256880733946
ransomware_01035,0.1387576499999999,0.1382260733333333,0.003834401037888,0.0022125295520802,-0.0007080599999999,0.0022766568256225,1.584962500716828,0.0,0.996165598962112,3,1.0,1.0,1.0,3,3,1.0,1.0,0.6666666666666666,0.0,1.584962500716828,0.0,0.0,0.0,0.0,0.0,-1.4428232973175177e-12,355.3333333333333,48.993196806631566,0.1378795407316085,0.6666666666666666,2,0.6666666666666666,2,0.6666666666666666,2,0.6666666666666666,0.0,2,0,3,0.1428571428571428,0.0,1,1,0.0,0.8571428571428571
ransomware_01036,0.1134896933333333,0.11314256,0.003060960703566,0.0028802116050276,-0.00043652,0.0017147295313884,1.584962500716828,0.0,0.996939039296434,3,1.0,1.0,1.0,3,3,1.0,1.0,0.6666666666666666,0.0,1.584962500716828,0.0,0.0,0.0,0.0,0.0,-1.4428232973175177e-12,157.66666666666666,27.934447074057744,0.1771740829221421,0.3333333333333333,1,1.0,1,1.0,1,0.3333333333333333,0.0,2,0,3,0.1428571428571428,0.0,1,1,0.0,0.8571428571428571
ransomware_01037,0.1744597343999999,0.1740384092,0.0437225445045626,0.0612084448944739,0.0004373019303721,0.8680386614881305,3.9362062606549792,0.0,0.9562774554954372,50,1.02,2.36,0.4322033898305085,51,118,2.36,1.02,0.423728813559322,0.0,1.8230135223856505,0.0,0.0,0.0,0.0,0.0,-1.4428232973175177e-12,266.4,132.2887997171803,0.4965795785179441,0.38,1,1.0,1,1.0,1,0.0196078431372549,0.18,4,0,10,0.0059523809523809,0.6604919823407217,1,1,-0.0972677534806841,1.0
ransomware_01040,1.38231678,1.38195299,0.0002631674645889,3.555499089095485e-05,-0.00033983,0.0001092913844745,1.584962500716828,0.0,0.9997368325354112,3,1.3333333333333333,1.0,1.3333333333333333,4,3,1.0,1.3333333333333333,0.6666666666666666,0.0,0.918295834051604,0.8533333333333334,1536.0,1116.0,420.0,-0.1583710407239819,0.918295834051604,197.33333333333331,72.59017380701974,0.3678556105085459,0.3333333333333333,1,1.0,1,1.0,1,0.25,0.3333333333333333,1,0,3,0.125,0.4666666666666667,1,1,0.0,0.875
ransomware_01041,0.01728779,0.0169729066666666,0.0615760742964814,0.0914079069057833,-0.0153807349999999,0.6994585918592648,3.5351745656171487,0.0,0.9384239257035184,3,1.0,7.0,0.1428571428571428,3,21,7.0,1.0,0.0952380952380952,0.0,0.918295834051604,0.3886111111111111,699.5,86.5,613.0,-0.7798982188295165,-1.4428232973175177e-12,369.3333333333333,178.00374527895005,0.4819595991307312,0.0,1,1.0,1,1.0,1,0.3333333333333333,0.3333333333333333,2,0,2,0.04,0.9533799533799534,1,1,0.0,0.96
ransomware_01042,0.6494730212121211,0.6490256975757575,0.0007424189629704,0.000418945206637,0.0167812709525401,0.1421448937950402,3.446543938939681,0.0303030303030303,0.9992575810370296,33,1.4545454545454546,1.0,1.4545454545454546,48,33,1.0,1.4545454545454546,0.9696969696969696,0.0,1.687126325108373,11.626944444444444,1308.03125,2408.9163990835045,1.0,0.2961798908722731,3.130416559987124,286.09090909090907,131.44422858107058,0.4594491625013589,0.6363636363636364,2,0.5757575757575758,2,0.5757575757575758,3,0.0625,0.1818181818181818,4,0,33,0.0121951219512195,0.489795918367347,1,1,0.0,0.9878048780487804
ransomware_01043,1.07643174,1.076098233333333,0.0003157123921412,0.0002297437962114,0.04666458,0.0193951045836468,0.918295834051604,0.0,0.9996842876078588,3,1.3333333333333333,1.0,1.3333333333333333,4,3,1.0,1.3333333333333333,0.6666666666666666,0.0,0.918295834051604,0.0,0.0,0.0,0.0,0.0,-1.4428232973175177e-12,342.0,117.60527199067224,0.3438750643002112,0.3333333333333333,1,1.0,1,1.0,1,0.25,0.3333333333333333,2,1,3,0.125,0.4666666666666667,1,1,0.0,0.875
ransomware_01044,0.2231549966666667,0.22252863,0.0028045520529168,0.0011206362685158,-0.0005430099999999,0.001084524619496,1.584962500716828,0.0,0.9971954479470831,3,1.0,1.0,1.0,3,3,1.0,1.0,0.6666666666666666,0.0,0.918295834051604,0.0,0.0,0.0,0.0,0.0,-1.4428232973175177e-12,221.33333333333331,159.67571303530582,0.7214264143161407,0.6666666666666666,2,0.6666666666666666,2,0.6666666666666666,2,0.6666666666666666,0.0,2,1,3,0.1428571428571428,0.0,1,1,0.0,0.8571428571428571
ransomware_01045,0.3818543176,0.3813859382,0.0066700032752841,0.0127238963225623,-0.0164597684268907,0.6094740007507926,3.4432326534626205,0.0,0.993329996724716,50,1.06,1.32,0.803030303030303,53,66,1.32,1.06,0.7878787878787878,0.0,1.6275832925659557,31.851111111111116,2340.081632653061,4062.589718126346,5.0,0.2690295957895139,3.5946265016540826,297.92,118.17176015427368,0.3966560155554298,0.42,2,0.5,2,0.5,2,0.0377358490566037,0.1,4,0,11,0.0087680518715001,0.2980336413172234,1,1,-0.1035699589188544,1.017094017094017
ransomware_01046,0.0002526966666666,0.0001243866666666,0.7738386992681473,0.3734443324546063,-0.0001850799999999,0.6613070354092973,0.918295834051604,0.0,0.2261613007318527,3,1.0,1.0,1.0,3,3,1.0,1.0,0.0,0.0,0.918295834051604,0.0,0.0,0.0,0.0,0.0,-1.4428232973175177e-12,406.0,54.286278192559855,0.1337100448092607,0.3333333333333333,1,1.0,1,1.0,1,0.3333333333333333,0.3333333333333333,2,0,1,0.0833333333333333,0.0,1,1,0.0,0.6666666666666666
ransomware_01047,0.06182746,0.06144098,0.0159183375912045,0.0128535879874087,-0.06177567,0.6754172100464162,3.219528282285121,0.0,0.9840816624087956,3,1.0,5.666666666666667,0.1764705882352941,3,17,5.666666666666667,1.0,0.1176470588235294,0.0,0.918295834051604,1.2602777777777778,2268.5,141.5,2127.0,-0.8825726141078838,0.918295834051604,263.3333333333333,71.84242015225638,0.272819317033885,0.6666666666666666,2,0.6666666666666666,2,0.6666666666666666,2,0.6666666666666666,0.0,2,2,2,0.0476190476190476,0.9406457739791072,1,1,0.0,0.9523809523809524
ransomware_01048,0.5364452000000001,0.5361478433333334,0.0005669447919363,0.0003600897071003,0.0258581499999999,0.0215466397712658,0.918295834051604,0.3333333333333333,0.9994330552080636,3,1.6666666666666667,1.0,1.6666666666666667,5,3,1.0,1.6666666666666667,0.6666666666666666,0.0,0.918295834051604,0.0,0.0,0.0,0.0,0.0,-1.4428232973175177e-12,332.0,116.60617479361888,0.3512234180530689,0.3333333333333333,1,1.0,1,1.0,1,0.2,0.3333333333333333,3,0,3,0.1111111111111111,0.6111111111111112,1,1,0.0,0.8888888888888888
ransomware_01050,0.00136278,0.0011405733333333,0.1489451363395976,0.1016423318849824,-0.000142265,0.055436057499347,1.584962500716828,0.0,0.8510548636604024,3,1.0,1.0,1.0,3,3,1.0,1.0,0.6666666666666666,0.0,0.918295834051604,0.0,0.0,0.0,0.0,0.0,-1.4428232973175177e-12,295.3333333333333,2.8867513459481287,0.0097745530901178,0.6666666666666666,1,1.0,1,1.0,1,0.3333333333333333,0.3333333333333333,2,0,3,0.1428571428571428,0.0,1,1,0.0,0.8571428571428571
ransomware_01051,1.6691794799999995,1.66883684,0.0002141938504975,0.0002188552257414,0.093670225,0.0249517635422179,0.918295834051604,0.0,0.9997858061495024,3,1.3333333333333333,1.0,1.3333333333333333,4,3,1.0,1.3333333333333333,0.6666666666666666,0.0,-1.4428232973175177e-12,0.0,0.0,0.0,0.0,0.0,-1.4428232973175177e-12,387.0,94.57272334029513,0.2443739621196256,0.6666666666666666,1,1.0,1,1.0,1,0.25,0.0,1,0,3,0.125,0.3333333333333333,1,1,0.0,0.875
ransomware_01052,95.1397401478,95.1393311848,4.586682803260456e-06,2.9639759066577795e-06,1.5085504271894357,0.1320828065910099,3.682753940786861,0.0,0.9999954133171968,50,1.4,1.0,1.4,70,50,1.0,1.4,0.98,0.0,1.9061690484187253,0.6963888888888888,51.16326530612245,79.26070311778423,1.0,0.2154315510500256,0.8812908992278072,274.9,132.43161500586342,0.4817446889991394,0.38,2,0.52,2,0.52,2,0.0285714285714285,0.24,4,0,50,0.0082644628099173,0.4553990610328637,1,1,0.0,0.9917355371900828
ransomware_01053,0.2753925233333333,0.2747706,0.0052979821575029,0.005859495334759,-0.202721035,0.661948982954094,3.337175341107207,0.0,0.994702017842497,3,1.0,5.666666666666667,0.1764705882352941,3,17,5.666666666666667,1.0,0.1176470588235294,0.0,1.584962500716828,11.337222222222222,20407.0,15106.0,5301.0,-0.1492692816715005,1.584962500716828,223.33333333333331,173.38492821849692,0.7763504248589415,0.3333333333333333,2,0.6666666666666666,2,0.6666666666666666,1,0.3333333333333333,0.3333333333333333,2,0,2,0.0476190476190476,0.9421997755331089,1,1,0.0,0.9523809523809524
ransomware_01054,0.8471175233333333,0.8465809466666667,0.0006311139951096,0.000184951473608,0.0561031949999999,0.0296477234416904,0.918295834051604,0.0,0.9993688860048904,3,1.3333333333333333,1.0,1.3333333333333333,4,3,1.0,1.3333333333333333,0.6666666666666666,0.0,-1.4428232973175177e-12,0.0,0.0,0.0,0.0,0.0,-1.4428232973175177e-12,266.6666666666667,195.975338584561,0.7349075196921037,0.6666666666666666,1,1.0,1,1.0,1,0.25,0.0,2,0,3,0.125,0.3333333333333333,1,1,0.0,0.875
ransomware_01055,0.74371993625,0.743179855,0.000730067163249,0.000236052219238,0.021118215,0.0376065915430391,1.7499999999942293,0.0,0.9992699328367508,8,1.25,1.0,1.25,10,8,1.0,1.25,0.875,0.0,1.905639062223796,5.165,2656.285714285714,2863.457137012916,230.0,0.0375328033041359,1.7499999999942293,268.875,136.9300525294367,0.5092703022945111,0.375,1,1.0,1,1.0,1,0.1,0.125,3,2,8,0.0526315789473684,0.3636363636363636,1,1,0.0,0.9473684210526316
ransomware_01056,1.7907041999999995,1.7901997866666666,0.0002821784524997,8.600234524913829e-05,0.03309355,0.0082927690215939,0.918295834051604,0.0,0.9997178215475004,3,1.3333333333333333,1.0,1.3333333333333333,4,3,1.0,1.3333333333333333,0.6666666666666666,0.0,-1.4428232973175177e-12,0.0,0.0,0.0,0.0,0.0,-1.4428232973175177e-12,382.6666666666667,70.03094554076314,0.1830076974061754,0.3333333333333333,1,1.0,1,1.0,1,0.25,0.0,2,0,3,0.125,0.3333333333333333,1,1,0.0,0.875
ransomware_01057,0.0014542333333333,0.0011138033333333,0.2883313268246855,0.3435361829173751,-0.000836755,0.606929011006332,3.373557262259316,0.0,0.7116686731753146,3,1.3333333333333333,5.0,0.2666666666666666,4,15,5.0,1.3333333333333333,0.2,0.0,1.584962500716828,0.0,0.0,0.0,0.0,0.0,-1.4428232973175177e-12,119.66666666666669,53.10681061157159,0.4437895037178684,0.6666666666666666,1,1.0,1,1.0,2,0.5,0.3333333333333333,1,0,3,0.0555555555555555,0.9489087301587302,1,1,-0.5739440431835529,1.0
ransomware_01058,0.2762258848,0.2758537168,0.0015145211246078,0.0010837516266532,0.0058942094040816,0.1782104073502187,3.586495760939278,0.0,0.9984854788753924,50,1.4,1.0,1.4,70,50,1.0,1.4,0.98,0.0,1.8710005468224484,68.10333333333334,5003.510204081633,4780.522181888557,127.0,-0.022791014317658,4.174177320637148,293.26,121.23493973374548,0.4134042819809913,0.46,1,1.0,1,1.0,1,0.0142857142857142,0.12,4,0,50,0.0082644628099173,0.4319248826291079,1,1,0.0,0.9917355371900828
ransomware_01059,0.8706883400000001,0.8704036866666667,0.0003302998367417,0.0002485829831399,0.051699025,0.0264276045664932,0.918295834051604,0.0,0.9996697001632584,3,1.3333333333333333,1.0,1.3333333333333333,4,3,1.0,1.3333333333333333,0.6666666666666666,0.0,0.918295834051604,0.2561111111111111,461.0,122.0,339.0,-0.58147512864494,-1.4428232973175177e-12,158.33333333333334,59.70203793283219,0.3770655027336769,0.0,2,0.6666666666666666,2,0.6666666666666666,2,0.5,0.3333333333333333,2,1,3,0.125,0.4666666666666666,1,1,0.0,0.875
ransomware_01061,0.8791251066666667,0.8784860733333334,0.0007278881865831,0.0001543827326934,0.0817289549999999,0.0413483845704827,1.584962500716828,0.0,0.9992721118134168,3,2.0,1.0,2.0,6,3,1.0,2.0,0.6666666666666666,0.0,-1.4428232973175177e-12,0.0,0.0,0.0,0.0,0.0,-1.4428232973175177e-12,282.6666666666667,150.74592310684005,0.5332992562741983,0.3333333333333333,1,1.0,1,1.0,2,0.3333333333333333,0.0,1,0,3,0.1,0.8095238095238094,1,1,0.0,0.9
ransomware_01062,0.3027628765999999,0.3023860842,0.0144808047182857,0.0251155300014658,-0.0214946190237695,0.8129848703536414,3.889971544336676,0.0205761316872428,0.9855191952817144,50,1.04,4.86,0.2139917695473251,52,243,4.86,1.04,0.2098765432098765,0.0,1.554037582100957,49.325,3623.877551020408,3797.473363196893,69.0,0.023391403288035,4.241076879996076,258.64,142.95507500395976,0.5527183537115673,0.5,2,0.52,2,0.52,3,0.0576923076923076,0.04,4,0,4,0.0034245780223352,0.8915040105613878,1,1,-0.1893915131517003,1.0034013605442176
ransomware_01063,3.2912323024,3.2908413751999994,0.0001241889238184,7.835597260100819e-05,0.0484646884917166,0.1226864233404334,3.456691261028702,0.0,0.9998758110761816,50,1.44,1.0,1.44,72,50,1.0,1.44,0.98,0.0,1.4945657562351404,4.031666666666666,296.2040816326531,406.2649170682637,3.0,0.1566771425346133,2.2062114186927912,268.98,125.9893889279926,0.4683968656702825,0.44,2,0.58,2,0.58,3,0.0416666666666666,0.12,4,0,50,0.008130081300813,0.4748858447488583,1,1,0.0,0.991869918699187
ransomware_01064,0.0005438,0.0003597033333333,0.6664030391424856,0.5602080942858961,-0.000535055,0.7388951697849769,2.6174924611732133,0.0,0.3335969608575144,3,1.0,4.0,0.25,3,12,4.0,1.0,0.0833333333333333,0.0,0.918295834051604,0.0,0.0,0.0,0.0,0.0,-1.4428232973175177e-12,266.0,190.85858639317223,0.7175134826810987,0.3333333333333333,2,0.6666666666666666,2,0.6666666666666666,2,0.6666666666666666,0.0,3,1,2,0.0551470588235294,0.9107142857142856,1,1,0.0,0.8823529411764706
ransomware_01065,0.3956276966666667,0.3954246133333333,0.0005132786011201,0.000340750847461,-0.000240815,0.0002706682520003,1.584962500716828,0.0,0.99948672139888,3,1.0,1.0,1.0,3,3,1.0,1.0,0.6666666666666666,0.0,0.918295834051604,0.0,0.0,0.0,0.0,0.0,-1.4428232973175177e-12,308.6666666666667,152.6444670904692,0.4945285110922328,0.3333333333333333,1,1.0,1,1.0,1,0.3333333333333333,0.3333333333333333,3,2,3,0.1428571428571428,0.0,1,1,0.0,0.8571428571428571
ransomware_01066,0.0035915266666666,0.00307677,0.1648139316806103,0.0474740235368926,-0.002059555,0.5534664464140425,3.327819531098913,0.0,0.8351860683193898,3,1.3333333333333333,5.333333333333333,0.25,4,16,5.333333333333333,1.3333333333333333,0.125,0.0,1.584962500716828,0.0,0.0,0.0,0.0,0.0,-1.4428232973175177e-12,245.66666666666663,148.1901931078212,0.6032165255406562,0.3333333333333333,1,1.0,1,1.0,2,0.5,0.0,1,0,3,0.0476190476190476,0.9586419753086418,1,1,-0.5707328555486008,0.9523809523809524
ransomware_01067,1.020095185,1.0197113814000005,0.0008767226108784,0.0014738179740429,0.0007343734295318,0.4529696119244394,3.8379034917374377,0.0,0.9991232773891215,50,1.38,1.3,1.061538461538461,69,65,1.3,1.38,0.9076923076923076,0.0,1.5941026118839972,0.0,0.0,0.0,0.0,0.0,-1.4428232973175177e-12,270.9,129.616112943931,0.4784647949203802,0.42,1,1.0,1,1.0,1,0.0144927536231884,0.12,4,0,34,0.0086451612903225,0.4651544011544012,1,1,-0.2367084340650674,1.072
ransomware_01068,1.04814667,1.0478520766666668,0.0002841893127273,0.0002105011559242,0.027220145,0.0116579877433908,0.918295834051604,0.0,0.9997158106872728,3,1.6666666666666667,1.0,1.6666666666666667,5,3,1.0,1.6666666666666667,0.6666666666666666,0.0,1.584962500716828,0.0,0.0,0.0,0.0,0.0,-1.4428232973175177e-12,282.3333333333333,132.21321164442432,0.4682876445493187,0.3333333333333333,2,0.6666666666666666,2,0.6666666666666666,2,0.4,0.6666666666666666,2,0,3,0.1111111111111111,0.7777777777777777,1,1,0.0,0.8888888888888888
ransomware_01069,24.953614479999995,24.9532168908,1.6734109422115692e-05,1.0902265164465057e-05,0.4995618517570229,0.1667676718952525,3.430115251871872,0.0,0.999983265890578,50,1.4,1.0,1.4,70,50,1.0,1.4,0.98,0.0,1.805471112489768,1.821388888888889,133.81632653061226,160.86534785841127,2.0,0.0917906462418504,1.4358320452276143,264.22,130.28936241759598,0.4931093876981151,0.36,1,1.0,1,1.0,1,0.0142857142857142,0.16,4,0,50,0.0082644628099173,0.4272300469483567,1,1,0.0,0.9917355371900828
ransomware_01070,0.4655451115999999,0.4651376451999999,0.0009482581075107,0.0006067689378381,0.0078112725887154,0.1400652043030986,3.738688570429457,0.0,0.9990517418924892,50,1.26,1.0,1.26,63,50,1.0,1.26,0.98,0.0,1.750831496507922,9.435277777777776,693.204081632653,1254.902646514158,5.0,0.2883304886564587,2.941150933149866,280.04,119.44804352537892,0.4265392212733142,0.48,2,0.56,2,0.56,2,0.0317460317460317,0.22,4,2,50,0.0087719298245614,0.3437499999999999,1,1,0.0,0.9912280701754386
ransomware_01071,0.2144039533333333,0.2140926333333333,0.0014603263737136,0.0009460569381835,0.002915735,0.00617632959191,0.918295834051604,0.0,0.9985396736262864,3,1.6666666666666667,1.0,1.6666666666666667,5,3,1.0,1.6666666666666667,0.6666666666666666,0.0,0.918295834051604,0.0,0.0,0.0,0.0,0.0,-1.4428232973175177e-12,244.33333333333331,61.40304009846201,0.2513084860782892,0.6666666666666666,2,0.6666666666666666,1,1.0,3,0.6,0.0,3,0,3,0.1111111111111111,0.611111111111111,1,1,0.0,0.8888888888888888
ransomware_01072,0.0010803266666666,0.0008344366666666,0.6167970713230165,0.5196086511970196,-0.001155075,0.5527127797082376,2.807354922047505,0.0,0.3832029286769834,3,1.0,2.333333333333333,0.4285714285714285,3,7,2.333333333333333,1.0,0.2857142857142857,0.0,-1.4428232973175177e-12,0.0,0.0,0.0,0.0,0.0,-1.4428232973175177e-12,324.3333333333333,143.3957228557858,0.4421245309017034,0.0,2,0.6666666666666666,2,0.6666666666666666,2,0.6666666666666666,0.3333333333333333,2,0,2,0.0909090909090909,0.6666666666666666,1,1,0.0,0.9090909090909092
ransomware_01073,22.730447336666668,22.729910290000003,2.3626872110832976e-05,1.1454861025102227e-05,-0.0006869200000014,1.3431543454388505e-05,1.584962500716828,0.0,0.9999763731278892,3,1.0,1.0,1.0,3,3,1.0,1.0,0.6666666666666666,0.0,0.918295834051604,0.0,0.0,0.0,0.0,0.0,-1.4428232973175177e-12,260.0,158.35719118499165,0.6090661199422756,0.6666666666666666,1,1.0,1,1.0,1,0.3333333333333333,0.0,2,2,3,0.1428571428571428,0.0,1,1,0.0,0.8571428571428571
ransomware_01074,49.790270416666665,49.789795526666666,9.574474594294128e-06,2.710641253839053e-06,1.3919432399999998,0.0124278272085721,0.918295834051604,0.0,0.9999904255254056,3,1.3333333333333333,1.0,1.3333333333333333,4,3,1.0,1.3333333333333333,0.6666666666666666,0.0,0.918295834051604,0.0,0.0,0.0,0.0,0.0,-1.4428232973175177e-12,190.66666666666663,108.96941466913242,0.5715179091038414,0.6666666666666666,1,1.0,1,1.0,1,0.25,0.0,1,0,3,0.125,0.4666666666666667,1,1,0.0,0.875
ransomware_01076,0.0002077766666666,2.269333333333333e-05,0.9266595598453145,0.0519656966301285,-3.2540000000000004e-05,0.6372894633764201,0.918295834051604,0.0,0.0733404401546855,3,1.0,1.0,1.0,3,3,1.0,1.0,0.0,0.0,0.918295834051604,0.0,0.0,0.0,0.0,0.0,-1.4428232973175177e-12,228.66666666666663,132.8056223709423,0.580782605120739,1.0,2,0.6666666666666666,2,0.6666666666666666,3,1.0,0.0,2,1,1,0.0833333333333333,0.0,1,1,0.0,0.6666666666666666
ransomware_01078,0.1077361499999999,0.1073212266666666,0.0049622017166217,0.0040555339538007,-0.042309915,0.5772631869532616,2.9219280948758204,0.0,0.9950377982833783,3,1.3333333333333333,3.333333333333333,0.3999999999999999,4,10,3.333333333333333,1.3333333333333333,0.2,0.0,0.918295834051604,0.0,0.0,0.0,0.0,0.0,-1.4428232973175177e-12,307.6666666666667,190.31640321667845,0.6185798587757696,0.6666666666666666,2,0.6666666666666666,2,0.6666666666666666,2,0.5,0.3333333333333333,2,2,3,0.0666666666666666,0.8685185185185186,1,1,-0.4714045207910316,0.9333333333333332
ransomware_01079,0.03148522,0.0309480966666666,0.0169231248618711,0.0106560646543559,-0.0004508949999999,0.0064752860227951,1.584962500716828,0.0,0.9830768751381288,3,1.3333333333333333,1.0,1.3333333333333333,4,3,1.0,1.3333333333333333,0.6666666666666666,0.0,0.918295834051604,1.091388888888889,1964.5,1805.5,159.0,-0.0421750663129973,0.918295834051604,230.33333333333331,101.51026220699724,0.440710255602014,0.3333333333333333,1,1.0,1,1.0,2,0.5,0.0,3,0,3,0.125,0.3333333333333333,1,1,0.0,0.875
ransomware_01080,48.79130819,48.79092327333333,7.88900717437564e-06,6.556121202575272e-06,-0.0003658299999997,3.332404885986728e-06,1.584962500716828,0.0,0.9999921109928256,3,1.0,1.0,1.0,3,3,1.0,1.0,0.6666666666666666,0.0,0.918295834051604,0.0,0.0,0.0,0.0,0.0,-1.4428232973175177e-12,224.66666666666663,91.93657233839716,0.4092132299928657,0.6666666666666666,2,0.6666666666666666,2,0.6666666666666666,3,1.0,0.0,3,2,3,0.1428571428571428,0.0,1,1,0.0,0.8571428571428571
ransomware_01081,2.8797228565999995,2.8793162729999997,0.0001432439597002,9.769016736287948e-05,0.0275864533498199,0.0798856677805469,2.6685785440556806,0.0,0.9998567560402998,50,1.16,1.0,1.16,58,50,1.0,1.16,0.98,0.0,1.5632332590736524,29.424444444444443,2161.795918367347,5004.118793266822,84.0,0.3966448093897688,3.9132696894905834,279.52,135.6597243706714,0.485331011629477,0.46,2,0.54,2,0.54,2,0.0344827586206896,0.12,4,0,50,0.0091743119266055,0.231638418079096,1,1,0.0,0.9908256880733946
ransomware_01082,21.974346123333333,21.97403821,1.3881114995488288e-05,7.612621114694219e-06,0.8555798400000006,0.0173059718487979,0.918295834051604,0.0,0.9999861188850044,3,1.6666666666666667,1.0,1.6666666666666667,5,3,1.0,1.6666666666666667,0.6666666666666666,0.0,0.918295834051604,0.0,0.0,0.0,0.0,0.0,-1.4428232973175177e-12,202.66666666666663,70.57147676882873,0.3482145235304049,0.3333333333333333,1,1.0,1,1.0,1,0.2,0.3333333333333333,1,0,3,0.1111111111111111,0.7777777777777777,1,1,0.0,0.8888888888888888
ransomware_01084,0.6152053733333332,0.6146862233333333,0.0008262628374575,0.0006680574961815,0.0205013,0.0150951596350241,0.918295834051604,0.0,0.9991737371625424,3,1.3333333333333333,1.0,1.3333333333333333,4,3,1.0,1.3333333333333333,0.6666666666666666,0.0,0.918295834051604,0.0,0.0,0.0,0.0,0.0,-1.4428232973175177e-12,175.0,70.2353187506115,0.4013446785749228,0.6666666666666666,1,1.0,1,1.0,1,0.25,0.3333333333333333,1,2,3,0.125,0.3333333333333333,1,1,0.0,0.875
ransomware_01085,0.0533668023999999,0.0529591104,0.0322265069039121,0.052463552288273,-0.0020348042122448,0.7311705340433421,3.689832514524797,0.0176991150442477,0.9677734930960876,50,1.22,2.26,0.5398230088495576,61,113,2.26,1.22,0.5221238938053098,0.0,1.55406702640027,3.299722222222222,242.42857142857144,349.39814141533407,0.0,0.1807447478548943,1.7049598871992866,276.48,114.6416315021266,0.4146471046807241,0.42,2,0.5,2,0.5,3,0.0491803278688524,0.04,4,0,14,0.006430155210643,0.6598224963442354,1,1,-0.3218611778892569,1.0545454545454545
ransomware_01086,2.11713524,2.1168323733333336,0.0001399773449296,9.63896109556473e-05,0.1018368849999999,0.0213813990885383,1.584962500716828,0.0,0.9998600226550703,3,1.6666666666666667,1.0,1.6666666666666667,5,3,1.0,1.6666666666666667,0.6666666666666666,0.0,0.918295834051604,0.0,0.0,0.0,0.0,0.0,-1.4428232973175177e-12,251.0,224.39474147136335,0.8940029540691768,0.3333333333333333,1,1.0,1,1.0,3,0.6,0.0,2,2,3,0.1111111111111111,0.611111111111111,1,1,0.0,0.8888888888888888
ransomware_01087,0.2382347721999999,0.2377894211999999,0.0019235642716668,0.001042451568822,0.0030289978420168,0.1072080941168462,2.83913775144495,0.0,0.9980764357283332,50,1.24,1.0,1.24,62,50,1.0,1.24,0.98,0.0,1.758297570272249,11.071666666666667,813.4285714285714,1022.9660157540694,4.0,0.1141026257580981,3.344498451542852,273.48,124.84786497075191,0.4565155220518938,0.3,2,0.54,2,0.54,3,0.0483870967741935,0.24,4,0,50,0.0088495575221238,0.3121693121693122,1,1,0.0,0.991150442477876
ransomware_01089,4.5505879704,4.5501689344,0.000111814412188,8.522343808276645e-05,0.1154961445205282,0.2114417992682429,3.8684930703385896,0.04,0.999888185587812,50,1.54,1.0,1.54,77,50,1.0,1.54,0.98,0.0,1.8710005468224484,103.8488888888889,7629.714285714285,17965.827995141786,17.0,0.4038247596402086,4.225979129951364,293.86,128.88992455991752,0.4386099658337899,0.42,2,0.52,2,0.52,2,0.0259740259740259,0.22,4,0,50,0.0078125,0.5299145299145299,1,1,0.0,0.9921875
ransomware_01090,1.9738400366666664,1.97345583,0.0001946428052401,0.0001805880638896,-0.0005182849999999,0.0001167236101192,1.584962500716828,0.0,0.9998053571947598,3,1.0,1.0,1.0,3,3,1.0,1.0,0.6666666666666666,0.0,1.584962500716828,0.0,0.0,0.0,0.0,0.0,-1.4428232973175177e-12,364.3333333333333,187.590866870787,0.5148880151988665,0.3333333333333333,2,0.6666666666666666,1,1.0,2,0.6666666666666666,0.0,2,0,3,0.1428571428571428,0.0,1,1,0.0,0.8571428571428571
ransomware_01091,0.0419286033333333,0.0415428033333333,0.0091481876954883,0.0080699662267169,-0.0002001,0.002140763891636,1.584962500716828,0.0,0.9908518123045116,3,1.3333333333333333,1.0,1.3333333333333333,4,3,1.0,1.3333333333333333,0.6666666666666666,0.0,0.918295834051604,5.876666666666667,10578.0,4921.0,5657.0,-0.3649912897606297,1.584962500716828,211.66666666666663,39.0042732701602,0.1842721571818592,0.3333333333333333,2,0.6666666666666666,2,0.6666666666666666,1,0.25,0.0,2,1,3,0.125,0.4666666666666666,1,1,0.0,0.875
ransomware_01093,7.707629133333333,7.707295866666667,4.261248696397267e-05,1.8587313591273063e-05,0.5273671350000004,0.0304153976886672,0.918295834051604,0.0,0.999957387513036,3,1.3333333333333333,1.0,1.3333333333333333,4,3,1.0,1.3333333333333333,0.6666666666666666,0.0,1.584962500716828,2.665833333333333,4798.5,2291.5,2507.0,-0.3535966149506347,1.584962500716828,329.3333333333333,167.06086715126716,0.5072698395281392,0.0,1,1.0,1,1.0,2,0.5,0.3333333333333333,1,0,3,0.125,0.4666666666666666,1,1,0.0,0.875
ransomware_01094,6.929389453333333,6.92911891,3.904192045299754e-05,2.80097232695437e-05,-0.0001616700000002,1.0369764795049615e-05,1.584962500716828,0.0,0.999960958079547,3,1.3333333333333333,1.0,1.3333333333333333,4,3,1.0,1.3333333333333333,0.6666666666666666,0.0,1.584962500716828,0.0,0.0,0.0,0.0,0.0,-1.4428232973175177e-12,186.0,51.0,0.2741935483870967,0.3333333333333333,1,1.0,1,1.0,3,0.75,0.0,1,0,3,0.125,0.4666666666666666,1,1,0.0,0.875
ransomware_01095,0.19109531,0.19069412,0.0020655836603905,0.0013570072415101,0.007385655,0.0180120568653786,0.918295834051604,0.0,0.9979344163396094,3,1.3333333333333333,1.0,1.3333333333333333,4,3,1.0,1.3333333333333333,0.6666666666666666,0.0,-1.4428232973175177e-12,0.0,0.0,0.0,0.0,0.0,-1.4428232973175177e-12,304.6666666666667,76.84616667949894,0.252230306387852,0.0,2,0.6666666666666666,2,0.6666666666666666,2,0.5,0.0,3,0,3,0.125,0.3333333333333333,1,1,0.0,0.875
ransomware_01096,0.2910795713999999,0.2906715432,0.001539827911113,0.0010472234659204,0.0060745659543817,0.1741532984574593,3.945979129957135,0.0,0.9984601720888868,50,1.54,1.0,1.54,77,50,1.0,1.54,0.98,0.0,1.5185488318846103,3.542222222222222,260.2448979591837,236.93093203632532,2.0,-0.0468927983145699,2.0064185454843457,298.86,137.30050611557058,0.4594141274026988,0.4,2,0.58,2,0.58,2,0.0259740259740259,0.14,4,0,50,0.0078125,0.5341880341880342,1,1,0.0,0.9921875
ransomware_01098,0.0004629566666666,0.00018016,0.805007010263204,0.3289714540397698,-0.00026874,0.6629662522202484,0.918295834051604,0.0,0.1949929897367958,3,1.0,1.0,1.0,3,3,1.0,1.0,0.0,0.0,1.584962500716828,0.0,0.0,0.0,0.0,0.0,-1.4428232973175177e-12,210.0,99.51381813597548,0.473875324457026,0.3333333333333333,1,1.0,1,1.0,1,0.3333333333333333,0.3333333333333333,2,0,1,0.0833333333333333,0.0,1,1,0.0,0.6666666666666666
ransomware_01100,0.295847751111111,0.2955762022222222,0.000917191767796,0.0006852880650922,-0.0003124566666666,0.0015660894278766,2.947702779208549,0.0,0.999082808232204,9,1.0,1.0,1.0,9,9,1.0,1.0,0.8888888888888888,0.0,1.8910611120668817,18.72972222222222,8428.375,7260.288577899297,852.0,-0.0744541698087141,2.947702779208549,331.22222222222223,146.97685002899078,0.4437409091784358,0.3333333333333333,2,0.7777777777777778,2,0.7777777777777778,3,0.3333333333333333,0.2222222222222222,3,0,9,0.0526315789473684,0.0,1,1,0.0,0.9473684210526316
ransomware_01101,0.5688679724,0.5684847596,0.0006838117391876,0.0004287367880608,0.00520643670012,0.076712544791324,2.657851690840227,0.0,0.9993161882608124,50,1.12,1.0,1.12,56,50,1.0,1.12,0.98,0.0,1.6535325726757302,61.12055555555556,4490.489795918367,5219.843308784587,7.0,0.0751110703414464,4.124372820723687,298.14,133.27905510849124,0.4470351348644638,0.34,2,0.52,2,0.52,2,0.0357142857142857,0.12,4,0,50,0.0093457943925233,0.1695906432748538,1,1,0.0,0.9906542056074766
ransomware_01103,0.0058280533333333,0.0053803566666666,0.0754045384514869,0.0410761770986829,-0.00025293,0.02089328650455,1.584962500716828,0.0,0.9245954615485128,3,1.3333333333333333,1.0,1.3333333333333333,4,3,1.0,1.3333333333333333,0.6666666666666666,0.0,1.584962500716828,0.0,0.0,0.0,0.0,0.0,-1.4428232973175177e-12,115.66666666666669,57.143095237599205,0.4940325236680046,0.0,1,1.0,1,1.0,1,0.25,0.0,2,0,3,0.125,0.3333333333333333,1,1,0.0,0.875
ransomware_01104,4.578812233333333,4.578249403333333,0.0001229207609606,1.726273634097587e-05,-0.0005500199999999,5.339449903177347e-05,1.584962500716828,0.0,0.9998770792390392,3,1.0,1.0,1.0,3,3,1.0,1.0,0.6666666666666666,0.0,1.584962500716828,0.0,0.0,0.0,0.0,0.0,-1.4428232973175177e-12,203.33333333333331,222.39004773895195,1.0937215462571406,0.6666666666666666,1,1.0,1,1.0,1,0.3333333333333333,0.3333333333333333,2,0,3,0.1428571428571428,0.0,1,1,0.0,0.8571428571428571
ransomware_01106,0.1986890466666666,0.1980188066666666,0.0033749820166275,0.0009726080193695,-0.000780595,0.0017520109173018,1.584962500716828,0.0,0.9966250179833724,3,1.0,1.0,1.0,3,3,1.0,1.0,0.6666666666666666,0.0,-1.4428232973175177e-12,0.0,0.0,0.0,0.0,0.0,-1.4428232973175177e-12,434.0,9.16515138991168,0.0211178603454186,0.0,1,1.0,1,1.0,1,0.3333333333333333,0.3333333333333333,2,0,3,0.1428571428571428,0.0,1,1,0.0,0.8571428571428571
ransomware_01107,6.285712633333333,6.285214146666667,7.920232438640683e-05,2.838067539425608e-05,0.141407735,0.0100116846862878,0.918295834051604,0.0,0.9999207976756136,3,1.3333333333333333,1.0,1.3333333333333333,4,3,1.0,1.3333333333333333,0.6666666666666666,0.0,1.584962500716828,0.0,0.0,0.0,0.0,0.0,-1.4428232973175177e-12,288.3333333333333,120.77389342624232,0.4188689945418808,0.3333333333333333,2,0.6666666666666666,2,0.6666666666666666,2,0.5,0.3333333333333333,1,0,3,0.125,0.3333333333333333,1,1,0.0,0.875
ransomware_01108,0.01241267,0.0121087633333333,0.0322837777062037,0.0439184288969927,-0.007540525,0.525650958759253,3.084962500708172,0.0,0.9677162222937962,3,1.0,4.0,0.25,3,12,4.0,1.0,0.1666666666666666,0.0,1.584962500716828,0.0,0.0,0.0,0.0,0.0,-1.4428232973175177e-12,226.33333333333331,131.34052433781943,0.5802968674719562,0.6666666666666666,1,1.0,1,1.0,1,0.3333333333333333,0.6666666666666666,1,0,2,0.0625,0.9230769230769232,1,1,0.0,0.9375
ransomware_01110,0.00016534,1.3666666666666664e-05,0.9520416294994448,0.0629746082833941,-1.9e-05,0.4093224932249324,2.947702779208549,0.0,0.0479583705005551,3,1.3333333333333333,3.0,0.4444444444444444,4,9,3.0,1.3333333333333333,0.0,0.0,0.918295834051604,0.0,0.0,0.0,0.0,0.0,-1.4428232973175177e-12,163.33333333333334,144.2440062301839,0.883126568756228,0.6666666666666666,1,1.0,1,1.0,1,0.25,0.3333333333333333,2,0,1,0.0541666666666666,0.8461538461538461,1,1,-0.460566186471838,0.8125
ransomware_01111,180.5918626054,180.59149099440003,2.1709763047606204e-06,1.5540559094187866e-06,3.514419298621847,0.1621069143130988,3.741147631556296,0.0,0.9999978290236952,50,1.5,1.0,1.5,75,50,1.0,1.5,0.98,0.0,1.5903116342469297,6.316944444444444,464.1020408163265,501.9526868059911,1.0,0.0391806436089016,2.786037310809648,264.76,121.59040644218403,0.4592476448186434,0.38,2,0.6,2,0.6,3,0.04,0.16,4,0,50,0.0079365079365079,0.5131578947368421,1,1,0.0,0.992063492063492
ransomware_01112,0.7900043299999999,0.78974704,0.0003256911502728,0.00032191024797,-0.0002800899999999,0.0001576257182864,1.584962500716828,0.0,0.9996743088497272,3,1.0,1.0,1.0,3,3,1.0,1.0,0.6666666666666666,0.0,-1.4428232973175177e-12,0.0,0.0,0.0,0.0,0.0,-1.4428232973175177e-12,153.66666666666666,113.80831838373383,0.7406181239722377,0.3333333333333333,1,1.0,1,1.0,1,0.3333333333333333,0.3333333333333333,2,0,3,0.1428571428571428,0.0,1,1,0.0,0.8571428571428571
ransomware_01113,15.257520604,15.2570949428,5.054623284882658e-05,0.0001276021545963,0.3696921005781513,0.2741406430932426,3.0448080292359343,0.0961538461538461,0.999949453767151,50,1.5,1.04,1.4423076923076923,75,52,1.04,1.5,0.9807692307692308,0.0,1.5435161116243807,2.471388888888889,181.57142857142856,249.6378601584499,0.0,0.1578501051948814,1.4503173311837545,271.14,125.21019225645315,0.4617916657684339,0.42,2,0.52,2,0.52,2,0.0266666666666666,0.14,4,0,47,0.008063492063492,0.4937343358395992,1,1,-0.1039311087302199,1.007936507936508
ransomware_01114,0.5312595733333333,0.5305986933333333,0.0012400052446644,0.0002151816041789,0.017494455,0.014935891369536,0.918295834051604,0.0,0.9987599947553356,3,1.6666666666666667,1.0,1.6666666666666667,5,3,1.0,1.6666666666666667,0.6666666666666666,0.0,0.918295834051604,0.8511111111111112,1532.0,1354.0,178.0,-0.0616770616770616,-1.4428232973175177e-12,203.0,47.12748667179272,0.2321551067575996,0.3333333333333333,1,1.0,1,1.0,1,0.2,0.0,3,1,3,0.1111111111111111,0.7777777777777778,1,1,0.0,0.8888888888888888
ransomware_01115,0.0017940766666666,0.00153292,0.1471216297733583,0.0531162275878585,-0.0001581,0.0521227461315659,1.584962500716828,0.0,0.8528783702266417,3,1.3333333333333333,1.0,1.3333333333333333,4,3,1.0,1.3333333333333333,0.6666666666666666,0.0,0.918295834051604,0.0,0.0,0.0,0.0,0.0,-1.4428232973175177e-12,371.3333333333333,63.31139971074193,0.1704974857560375,0.6666666666666666,1,1.0,1,1.0,1,0.25,0.0,1,2,3,0.125,0.4666666666666666,1,1,0.0,0.875
ransomware_01116,0.2109970315999999,0.2106186976,0.0234043238296042,0.0556007419511249,-0.0019213283649459,0.7598680162406934,4.114567493480623,0.0,0.976595676170396,50,3.34,4.7,0.7106382978723403,167,235,4.7,3.34,0.7021276595744681,0.0373333333333333,1.5924876891631827,0.0,0.0,0.0,0.0,0.0,-1.4428232973175177e-12,236.74,114.3431659166246,0.4829904786543236,0.46,2,0.6,2,0.6,2,0.0119760479041916,0.1,3,0,12,0.0048975414829073,0.7529788350682264,1,1,-0.7753519013086151,1.4006968641114983
ransomware_01117,0.02184753,0.0214113933333333,0.0200676586811027,0.0129839044567352,0.0003334,0.0131906927640912,1.584962500716828,0.0,0.9799323413188972,3,1.6666666666666667,1.0,1.6666666666666667,5,3,1.0,1.6666666666666667,0.6666666666666666,0.0,0.918295834051604,0.0,0.0,0.0,0.0,0.0,-1.4428232973175177e-12,311.3333333333333,166.001004013028,0.5331938030397045,0.6666666666666666,1,1.0,1,1.0,1,0.2,0.3333333333333333,3,1,3,0.1111111111111111,0.611111111111111,1,1,0.0,0.8888888888888888
ransomware_01120,0.0349874499999999,0.0346247766666666,0.0103299568237481,0.0059261876820677,-0.00034805,0.0044675779537318,1.584962500716828,0.0,0.9896700431762518,3,1.0,1.0,1.0,3,3,1.0,1.0,0.6666666666666666,0.0,1.584962500716828,0.0,0.0,0.0,0.0,0.0,-1.4428232973175177e-12,286.0,112.2140811128443,0.3923569269679871,0.0,2,0.6666666666666666,2,0.6666666666666666,3,1.0,0.6666666666666666,2,0,3,0.1428571428571428,0.0,1,1,0.0,0.8571428571428571
ransomware_01121,0.00933927,0.0087990433333333,0.3381537759651143,0.4858122654598886,-0.00891039,0.664361820142316,3.373557262259316,0.0,0.6618462240348856,3,1.0,5.0,0.2,3,15,5.0,1.0,0.1333333333333333,0.0,0.918295834051604,0.0,0.0,0.0,0.0,0.0,-1.4428232973175177e-12,342.6666666666667,150.93155181516337,0.4404617270870525,0.6666666666666666,2,0.6666666666666666,2,0.6666666666666666,2,0.6666666666666666,0.0,2,0,2,0.0526315789473684,0.937689393939394,1,1,0.0,0.9473684210526316
ransomware_01122,0.0621194933333333,0.06142632,0.0299993943889387,0.0367287452155249,-0.06019119,0.4280751584445669,3.2516291673733955,0.0833333333333333,0.9700006056110614,3,1.3333333333333333,4.0,0.3333333333333333,4,12,4.0,1.3333333333333333,0.25,0.0,0.918295834051604,0.0,0.0,0.0,0.0,0.0,-1.4428232973175177e-12,312.6666666666667,91.9039353528092,0.2939358273544004,0.6666666666666666,1,1.0,1,1.0,2,0.5,0.3333333333333333,2,0,2,0.0666666666666666,0.9365190365190366,1,1,-0.4578171145335975,1.0
ransomware_01123,0.1371446533333333,0.1368029033333333,0.0025063186194891,0.0007115349801154,0.0066473999999999,0.0215960328912121,1.584962500716828,0.0,0.997493681380511,3,2.0,1.0,2.0,6,3,1.0,2.0,0.6666666666666666,0.0,1.584962500716828,0.0,0.0,0.0,0.0,0.0,-1.4428232973175177e-12,408.6666666666667,79.25486315257464,0.1939352279426785,0.0,1,1.0,1,1.0,1,0.1666666666666666,0.3333333333333333,2,0,3,0.1,0.8095238095238094,1,1,0.0,0.9
ransomware_01124,0.2083721014,0.2079914213999999,0.024130390091246,0.0653298662011009,-0.0134437689234093,0.7502387466993665,3.5989018055380435,0.0149812734082397,0.975869609908754,50,1.02,5.34,0.1910112359550561,51,267,5.34,1.02,0.1872659176029962,0.0,1.7005123630929666,26.69305555555556,1961.122448979592,2002.8866885191144,11.0,0.0105358585439275,4.147976439356446,288.8,123.78437473514752,0.4286162560081285,0.42,2,0.6,2,0.6,3,0.0588235294117647,0.16,4,0,4,0.0031545741324921,0.9046416270296868,1,1,-0.1446995673436648,1.0
ransomware_01125,630.3850482032,630.384670409,6.755638432914753e-07,5.20935491386264e-07,11.863233279654736,0.1567626871914254,3.722753940783974,0.0,0.9999993244361568,50,1.38,1.0,1.38,69,50,1.0,1.38,0.98,0.0,1.7475294079437078,86.18805555555555,6332.183673469388,5907.162168472388,139.0,-0.0347258350638754,4.08437282072513,298.08,139.23549864037065,0.4671078188418232,0.46,1,1.0,1,1.0,1,0.0144927536231884,0.18,4,0,50,0.0083333333333333,0.414285714285714,1,1,0.0,0.9916666666666668
ransomware_01127,0.5815259033333334,0.5811462233333333,0.0006529959018983,0.000372682860069,-0.0004404299999999,0.0003368285963281,1.584962500716828,0.0,0.9993470040981016,3,1.3333333333333333,1.0,1.3333333333333333,4,3,1.0,1.3333333333333333,0.6666666666666666,0.0,0.918295834051604,5.425833333333333,9766.5,3346.5,6420.0,-0.4895904827270647,1.584962500716828,240.66666666666663,201.5101320860401,0.8372997178090309,0.3333333333333333,1,1.0,1,1.0,2,0.5,0.0,1,0,3,0.125,0.4666666666666667,1,1,0.0,0.875
ransomware_01130,1.7289254168,1.7285641032,0.009897798929947,0.0221284402574233,-0.1347954573723889,0.8401695793934657,4.135184859698586,0.0186915887850467,0.990102201070053,50,1.0,2.14,0.4672897196261682,50,107,2.14,1.0,0.4579439252336448,0.0,1.6624154595756326,5.642777777777778,414.57142857142856,631.7073075792139,8.0,0.207531579784034,2.4226975245084983,264.4,136.26744411828753,0.5153836766954899,0.36,1,1.0,1,1.0,1,0.02,0.12,4,0,10,0.0063291139240506,0.5917924154035267,1,1,0.0,0.9936708860759492
ransomware_01131,0.2708430666666666,0.2703602333333333,0.0017822349054344,0.0004115492964158,-0.00041798,0.4269208477035638,2.2516291673806093,0.0,0.9982177650945656,3,1.0,2.0,0.5,3,6,2.0,1.0,0.3333333333333333,0.0,0.918295834051604,2.207222222222222,3973.0,2924.0,1049.0,-0.1520951138176018,1.584962500716828,239.0,178.72045210327775,0.7477843184237563,0.0,2,0.6666666666666666,2,0.6666666666666666,2,0.6666666666666666,0.0,2,1,3,0.1,0.6571428571428571,1,1,0.0,0.9
ransomware_01132,0.6149924966666668,0.6145667366666667,0.0006921541810893,0.0003008870456171,-0.000318825,0.0002305689383199,1.584962500716828,0.0,0.9993078458189104,3,1.0,1.0,1.0,3,3,1.0,1.0,0.6666666666666666,0.0,-1.4428232973175177e-12,0.0036111111111111,6.5,3.5,3.0,-0.3,-1.4428232973175177e-12,176.33333333333334,106.23244953089112,0.602452454806566,0.3333333333333333,1,1.0,1,1.0,1,0.3333333333333333,0.0,2,0,3,0.1428571428571428,0.0,1,1,0.0,0.8571428571428571
ransomware_01133,0.0787715495999999,0.0783793366,0.0376980522809422,0.0550905145083348,-0.0062006794588235,0.8273654336639567,3.720678599085485,0.0,0.9623019477190576,50,1.02,3.18,0.320754716981132,51,159,3.18,1.02,0.3144654088050314,0.0,1.682292189076644,90.70055555555555,6663.714285714285,5352.297553578353,689.0,-0.109139101198916,4.241076879994633,269.54,142.09427884905378,0.527173253873465,0.4,2,0.64,2,0.64,3,0.0588235294117647,0.16,4,0,6,0.0047846889952153,0.7708625749250747,1,1,-0.1153775298756123,1.0
ransomware_01134,0.0009256166666666,0.0005526566666666,0.4396622318101373,0.40027419864498,-0.00042755,0.7341394898580795,2.4056390622209105,0.0,0.5603377681898626,3,1.0,2.6666666666666665,0.375,3,8,2.6666666666666665,1.0,0.125,0.0,1.584962500716828,0.0,0.0,0.0,0.0,0.0,-1.4428232973175177e-12,273.6666666666667,157.46216476770962,0.5753794084081959,0.3333333333333333,1,1.0,1,1.0,1,0.3333333333333333,0.3333333333333333,1,0,2,0.0705128205128205,0.7,1,1,0.0,0.8461538461538461
ransomware_01135,2.750702759,2.7502878728,0.0001645660159712,0.0001132300049883,0.0516753267466986,0.1565259788640694,3.800240000402518,0.0,0.9998354339840289,50,1.46,1.0,1.46,73,50,1.0,1.46,0.98,0.0,1.6873233714230258,3.112222222222222,228.6530612244898,296.144376746181,1.0,0.1286045064981112,1.8106993328365368,304.58,137.2970992752132,0.4507751634224611,0.42,1,1.0,1,1.0,1,0.0136986301369863,0.12,4,2,50,0.0080645161290322,0.4909909909909909,1,1,0.0,0.9919354838709676
ransomware_01136,0.44066444,0.4402008433333333,0.0010519610822848,0.0004902905878839,-0.00052614,0.0005312120672677,1.584962500716828,0.0,0.9989480389177152,3,1.0,1.0,1.0,3,3,1.0,1.0,0.6666666666666666,0.0,0.918295834051604,0.0,0.0,0.0,0.0,0.0,-1.4428232973175177e-12,321.0,179.26795586495652,0.5584671522272788,0.6666666666666666,2,0.6666666666666666,2,0.6666666666666666,1,0.3333333333333333,0.3333333333333333,2,1,3,0.1428571428571428,0.0,1,1,0.0,0.8571428571428571
ransomware_01137,6.64536952,6.644988736666666,5.628411036922429e-05,2.1583088235792143e-05,0.4117251999999998,0.0275465193945434,0.918295834051604,0.0,0.9999437158896308,3,1.6666666666666667,1.0,1.6666666666666667,5,3,1.0,1.6666666666666667,0.6666666666666666,0.0,0.918295834051604,0.0,0.0,0.0,0.0,0.0,-1.4428232973175177e-12,282.3333333333333,198.57576220005635,0.7033380007085821,1.0,1,1.0,1,1.0,1,0.2,0.0,2,2,3,0.1111111111111111,0.7777777777777777,1,1,0.0,0.8888888888888888
ransomware_01138,0.0586568535999999,0.0582358986,0.0073169673568416,0.0033975127575243,-0.0004053663399759,0.0579831631893115,4.225979129954249,0.04,0.9926830326431584,50,1.0,1.0,1.0,50,50,1.0,1.0,0.98,0.0,1.6406313214683377,125.94305555555556,9252.959183673467,9331.878801051678,575.0,0.0042464517281815,4.246370130124442,281.86,119.85791077567724,0.4252391640377393,0.4,2,0.52,2,0.52,3,0.06,0.12,4,0,50,0.0099009900990099,0.0,1,1,0.0,0.99009900990099
ransomware_01139,0.1188384466666666,0.1187048066666666,0.0011656439154651,0.0011450729691798,0.0081630099999999,0.0310845411239827,0.918295834051604,0.0,0.9988343560845347,3,1.6666666666666667,1.0,1.6666666666666667,5,3,1.0,1.6666666666666667,0.6666666666666666,0.0,1.584962500716828,0.0,0.0,0.0,0.0,0.0,-1.4428232973175177e-12,257.3333333333333,144.19546918448353,0.5603450875044698,0.6666666666666666,1,1.0,1,1.0,1,0.2,0.3333333333333333,2,0,3,0.1111111111111111,0.7777777777777778,1,1,0.0,0.8888888888888888
ransomware_01140,0.7724332467999999,0.7720515998,0.0469287177721449,0.0720753278410083,-0.0491303251971188,0.8906562112608645,3.921898446357096,0.006060606060606,0.953071282227855,50,1.04,3.3,0.3151515151515152,52,165,3.3,1.04,0.3090909090909091,0.0066666666666666,1.636567311633521,58.973055555555554,4332.714285714285,6571.254637449692,8.0,0.2052959218344741,4.126370130127326,257.42,118.31540172654736,0.459620082847282,0.48,1,1.0,1,1.0,1,0.0192307692307692,0.22,4,0,4,0.0046726959517657,0.8086357083345035,1,1,-0.1601816310723126,1.0046296296296295
ransomware_01141,6.101037056599999,6.1006412398,6.782431337295715e-05,4.664811014920358e-05,0.068674508860024,0.0938446262896083,2.488470734135388,0.0,0.999932175686627,50,1.14,1.0,1.14,57,50,1.0,1.14,0.98,0.0,1.7918134968779265,67.5963888888889,4966.265306122449,6715.093558621595,76.0,0.1497110287209265,4.170881379909537,281.52,144.78728098384153,0.514305488007394,0.38,2,0.58,2,0.58,2,0.0350877192982456,0.16,4,0,50,0.0092592592592592,0.1954022988505747,1,1,0.0,0.9907407407407408
ransomware_01142,11.370009778200002,11.3695687868,4.227310399082076e-05,2.6078075697848255e-05,-0.0988224227236494,0.1741812009654396,3.691343131641392,0.04,0.9999577268960091,50,1.44,1.0,1.44,72,50,1.0,1.44,0.98,0.0,1.6186320710052555,0.0,0.0,0.0,0.0,0.0,-1.4428232973175177e-12,268.5,135.44352690177496,0.5044451653697392,0.42,1,1.0,1,1.0,1,0.0138888888888888,0.08,4,0,50,0.008130081300813,0.4703196347031961,1,1,0.0,0.991869918699187
ransomware_01145,0.6348543666666667,0.6347197800000001,0.0002287109839685,0.0001912964553555,0.085665855,0.0599850745683919,1.584962500716828,0.0,0.9997712890160316,3,2.0,1.0,2.0,6,3,1.0,2.0,0.6666666666666666,0.0,1.584962500716828,0.0,0.0,0.0,0.0,0.0,-1.4428232973175177e-12,353.3333333333333,127.61008319616964,0.3611606128193481,0.3333333333333333,1,1.0,1,1.0,2,0.3333333333333333,0.6666666666666666,2,0,3,0.1,0.8095238095238094,1,1,0.0,0.9
ransomware_01146,0.00011137,1e-06,0.983797038139034,0.0106216789279071,0.0,0.0,-1.4428232973175177e-12,0.0,0.0162029618609658,3,1.6666666666666667,1.0,1.6666666666666667,5,3,1.0,1.6666666666666667,0.0,0.0,1.584962500716828,0.0,0.0,0.0,0.0,0.0,-1.4428232973175177e-12,228.66666666666663,103.69345848863048,0.4534699350814744,0.6666666666666666,1,1.0,1,1.0,1,0.2,0.6666666666666666,2,0,1,0.0727272727272727,0.75,1,1,0.0,0.7272727272727273
ransomware_01147,0.0481799866666666,0.0475792033333333,0.0123026450459078,0.0041375653963115,0.00567454,0.0530067256508875,1.584962500716828,0.0,0.9876973549540922,3,2.0,1.0,2.0,6,3,1.0,2.0,0.6666666666666666,0.0,0.918295834051604,0.0,0.0,0.0,0.0,0.0,-1.4428232973175177e-12,107.66666666666669,66.8904577150832,0.6212736010688842,0.3333333333333333,1,1.0,1,1.0,1,0.1666666666666666,0.3333333333333333,2,0,3,0.1,0.8095238095238095,1,1,0.0,0.9
ransomware_01148,8.97897698,8.978451993333334,5.970775988052402e-05,1.6562985336147227e-05,1.025965275,0.0507865461668942,1.584962500716828,0.3333333333333333,0.9999402922401194,3,1.6666666666666667,1.0,1.6666666666666667,5,3,1.0,1.6666666666666667,0.6666666666666666,0.0,0.918295834051604,0.0,0.0,0.0,0.0,0.0,-1.4428232973175177e-12,190.66666666666663,63.06610288683877,0.3307662738820215,0.6666666666666666,1,1.0,1,1.0,3,0.6,0.0,3,1,3,0.1111111111111111,0.6111111111111112,1,1,0.0,0.8888888888888888
ransomware_01149,0.2175879963999999,0.2171910098,0.0019794275841925,0.0011808555295339,0.0032315727995198,0.1242329940490935,3.458912245656107,0.0,0.9980205724158074,50,1.42,1.0,1.42,71,50,1.0,1.42,0.98,0.0,1.6216675641363376,25.219166666666663,1852.8367346938776,2297.4055939560085,19.0,0.1071187714011758,4.010881379912423,270.94,125.22313309139206,0.4621803096308853,0.44,1,1.0,1,1.0,1,0.0140845070422535,0.16,4,0,50,0.0081967213114754,0.4675925925925924,1,1,0.0,0.9918032786885246
ransomware_01150,0.42919648,0.4288225599999999,0.0008695540216164,0.0006146697640519,0.0027047171428571,0.0065054426137364,1.459147917022917,0.0,0.9991304459783836,6,1.3333333333333333,1.0,1.3333333333333333,8,6,1.0,1.3333333333333333,0.8333333333333334,0.0,1.459147917022917,0.9136111111111112,657.8,479.688815796241,155.0,-0.156582800402377,0.6500224216454688,232.83333333333331,101.8261590489726,0.4373349708617292,0.6666666666666666,1,1.0,1,1.0,1,0.125,0.3333333333333333,2,1,6,0.0666666666666666,0.4444444444444444,1,1,0.0,0.9333333333333332
ransomware_01151,3.5740788148,3.5736945174,0.0001135588005789,6.38481387004985e-05,0.0690678539327731,0.1609997667105022,3.787976439360774,0.02,0.9998864411994212,50,1.5,1.0,1.5,75,50,1.0,1.5,0.98,0.0,1.5924876891631827,0.5744444444444444,42.204081632653065,58.59232365680286,1.0,0.1625875642795778,-1.4428232973175177e-12,285.3,119.8754881243919,0.4201734599523024,0.52,2,0.6,2,0.6,3,0.04,0.24,4,0,50,0.0079365079365079,0.5087719298245612,1,1,0.0,0.992063492063492
ransomware_01152,0.0120527066666666,0.0116735933333333,0.0763958583932049,0.0906223739954188,-0.011549285,0.6131273743442862,3.4613201401936955,0.0,0.9236041416067952,3,1.0,6.0,0.1666666666666666,3,18,6.0,1.0,0.1111111111111111,0.0,0.918295834051604,0.0,0.0,0.0,0.0,0.0,-1.4428232973175177e-12,223.33333333333331,139.2563583228189,0.6235359327887413,1.0,1,1.0,1,1.0,1,0.3333333333333333,0.3333333333333333,2,1,2,0.0454545454545454,0.9460188933873144,1,1,0.0,0.9545454545454546
ransomware_01154,15.8756092142,15.8751675858,3.1778173701790486e-05,2.2642131510351912e-05,0.287929852067707,0.1510859446088251,3.47708226120178,0.0,0.9999682218262984,50,1.42,1.0,1.42,71,50,1.0,1.42,0.98,0.0,1.6452822164458465,10.321666666666667,758.3265306122449,721.0557562226661,18.0,-0.0251934707622587,3.3220552627158457,267.46,119.19546800040987,0.4456571749061912,0.3,2,0.5,2,0.5,2,0.028169014084507,0.16,4,0,50,0.0081967213114754,0.472222222222222,1,1,0.0,0.9918032786885246
ransomware_01155,0.0063158,0.0057840266666666,0.1294314528042048,0.1247212722528473,-0.00505446,0.5027557977792526,3.2195282822836777,0.0,0.8705685471957952,3,1.0,5.666666666666667,0.1764705882352941,3,17,5.666666666666667,1.0,0.1176470588235294,0.0,0.918295834051604,0.0,0.0,0.0,0.0,0.0,-1.4428232973175177e-12,351.0,95.64517760974674,0.2724933835035519,0.3333333333333333,1,1.0,1,1.0,1,0.3333333333333333,0.3333333333333333,2,1,2,0.0476190476190476,0.9464535464535464,1,1,0.0,0.9523809523809524
ransomware_01157,0.2137574663999999,0.2133536634,0.001914326993455,0.001216361728544,0.0008957075865546,0.039497860133767,3.3241074513712165,0.0,0.998085673006545,50,1.04,1.0,1.04,52,50,1.0,1.04,0.98,0.0,1.6554281491874354,58.39305555555556,4290.102040816327,4719.767255784055,138.0,0.0476882850153942,4.206370130125884,267.92,140.89377095484934,0.5258800050569175,0.28,2,0.58,2,0.58,3,0.0576923076923076,0.14,4,0,50,0.0097087378640776,0.0628930817610062,1,1,0.0,0.9902912621359224
ransomware_01158,0.0444635933333333,0.0439332766666666,0.0118493468885013,0.0041409160943598,0.000820455,0.0104628865353365,1.584962500716828,0.0,0.9881506531114986,3,1.3333333333333333,1.0,1.3333333333333333,4,3,1.0,1.3333333333333333,0.6666666666666666,0.0,0.918295834051604,0.0,0.0,0.0,0.0,0.0,-1.4428232973175177e-12,284.3333333333333,30.8274769213008,0.1084202001921482,1.0,2,0.6666666666666666,2,0.6666666666666666,2,0.5,0.0,1,0,3,0.125,0.4666666666666667,1,1,0.0,0.875
ransomware_01159,0.8308911849999998,0.8304860352,0.0126401113112347,0.0390446248084215,-0.0042689515879951,0.8459306339073156,3.722064530465737,0.0112994350282485,0.9873598886887652,50,1.22,3.54,0.3446327683615819,61,177,3.54,1.22,0.3333333333333333,0.0,1.7764837789917425,0.0,0.0,0.0,0.0,0.0,-1.4428232973175177e-12,251.08,123.4060561474904,0.4915009405268853,0.4,2,0.5,2,0.5,3,0.0491803278688524,0.16,4,0,7,0.0045583390791388,0.8141025951081818,1,1,-0.381239211043101,1.039301310043668
ransomware_01160,0.3255720466666666,0.3251871966666667,0.0011824778660924,0.0009774932806905,-0.0005022799999999,0.0006864832251818,1.584962500716828,0.0,0.9988175221339076,3,1.3333333333333333,1.0,1.3333333333333333,4,3,1.0,1.3333333333333333,0.6666666666666666,0.0,0.918295834051604,0.0,0.0,0.0,0.0,0.0,-1.4428232973175177e-12,198.33333333333331,103.76094319797473,0.5231644194855868,0.3333333333333333,2,0.6666666666666666,2,0.6666666666666666,2,0.5,0.3333333333333333,2,0,3,0.125,0.4666666666666666,1,1,0.0,0.875
ransomware_01162,0.1421455466666666,0.1417137966666667,0.0030372837466562,0.0003524063379417,-0.00044362,0.0013912861632537,1.584962500716828,0.0,0.9969627162533437,3,1.0,1.0,1.0,3,3,1.0,1.0,0.6666666666666666,0.0,-1.4428232973175177e-12,0.0,0.0,0.0,0.0,0.0,-1.4428232973175177e-12,277.6666666666667,140.22244233122362,0.5050027935098089,0.6666666666666666,2,0.6666666666666666,2,0.6666666666666666,2,0.6666666666666666,0.3333333333333333,2,0,3,0.1428571428571428,0.0,1,1,0.0,0.8571428571428571
ransomware_01163,0.0318287166666666,0.0315011133333333,0.009572921406076,0.0057948137779086,-0.017355635,0.4616266472698213,1.9182958340487184,0.0,0.990427078593924,3,1.0,2.0,0.5,3,6,2.0,1.0,0.3333333333333333,0.0,-1.4428232973175177e-12,0.0,0.0,0.0,0.0,0.0,-1.4428232973175177e-12,281.0,185.776747737708,0.6611272161484271,0.6666666666666666,2,0.6666666666666666,2,0.6666666666666666,3,1.0,0.0,2,1,2,0.1,0.6,1,1,0.0,0.9
ransomware_01164,0.0126499633333333,0.0121371666666666,0.0403021114957478,0.0190207334723992,-0.0004067449999999,0.0148943786074912,1.584962500716828,0.0,0.959697888504252,3,1.0,1.0,1.0,3,3,1.0,1.0,0.6666666666666666,0.0,0.918295834051604,0.0,0.0,0.0,0.0,0.0,-1.4428232973175177e-12,281.6666666666667,181.8140075278397,0.6454935178503183,0.0,2,0.6666666666666666,2,0.6666666666666666,2,0.6666666666666666,0.0,3,1,3,0.1428571428571428,0.0,1,1,0.0,0.8571428571428571
ransomware_01165,11.972408484000002,11.971980477000002,3.574858700090253e-05,1.832306790962237e-05,-0.0004200081282112,0.0002922380064619,4.223465189572794,0.0,0.9999642514129988,50,1.0,1.0,1.0,50,50,1.0,1.0,0.98,0.0,1.680770966662193,7.401111111111111,543.7551020408164,770.6215495806297,5.0,0.1726038325923893,3.003590820394844,231.7,132.59655703967397,0.5722768970206041,0.34,2,0.58,2,0.58,3,0.06,0.08,4,0,50,0.0099009900990099,0.0,1,1,0.0,0.99009900990099
ransomware_01167,16.4935113298,16.493080317999997,2.874271330390368e-05,1.7273578457040933e-05,0.3159915168768307,0.1595966540556564,3.783144940957051,0.0,0.999971257286696,50,1.42,1.0,1.42,71,50,1.0,1.42,0.98,0.0,1.6855093772952805,13.606388888888889,999.6530612244898,4052.332241304901,0.0,0.6042533770935593,2.093419806105604,304.98,129.64023846233633,0.4250778361280619,0.42,2,0.64,2,0.64,2,0.028169014084507,0.12,4,0,50,0.0081967213114754,0.4537037037037034,1,1,0.0,0.9918032786885246
ransomware_01168,0.2859597633333333,0.2855237533333333,0.0015136801784625,0.0003401276949255,0.0145310549999999,0.0229577007599656,0.918295834051604,0.0,0.9984863198215372,3,1.6666666666666667,1.0,1.6666666666666667,5,3,1.0,1.6666666666666667,0.6666666666666666,0.0,0.918295834051604,0.0155555555555555,28.0,5.0,23.0,-0.696969696969697,-1.4428232973175177e-12,222.33333333333331,151.11695250147594,0.6796864430351242,0.3333333333333333,1,1.0,1,1.0,1,0.2,0.0,2,0,3,0.1111111111111111,0.611111111111111,1,1,0.0,0.8888888888888888
ransomware_01169,3.878361017800001,3.8779745492,0.0001077531935929,6.825984089743748e-05,0.0871391546583433,0.1872268493432431,3.4690097013207337,0.02,0.999892246806407,50,1.34,1.0,1.34,67,50,1.0,1.34,0.98,0.0,1.7941549844440443,10.321111111111112,758.2857142857143,724.9253022743454,36.0,-0.0224920201096807,3.3607566313904327,306.7,127.47536776865992,0.415635369314183,0.36,2,0.52,2,0.52,3,0.044776119402985,0.16,4,0,50,0.0084745762711864,0.3774509803921567,1,1,0.0,0.9915254237288136
ransomware_01170,0.1838782533333333,0.1835217266666666,0.0019382317966032,0.0008230122236639,-0.00028348,0.0006865187757303,1.584962500716828,0.0,0.9980617682033968,3,1.0,1.0,1.0,3,3,1.0,1.0,0.6666666666666666,0.0,1.584962500716828,0.0,0.0,0.0,0.0,0.0,-1.4428232973175177e-12,355.6666666666667,83.8112959769346,0.2356456306755424,0.0,2,0.6666666666666666,2,0.6666666666666666,2,0.6666666666666666,0.0,1,0,3,0.1428571428571428,0.0,1,1,0.0,0.8571428571428571
ransomware_01171,0.1305273233333333,0.1300938566666666,0.0054444399439679,0.0050608203982929,-0.0791755599999999,0.502323906448216,2.807354922047505,0.0,0.9945555600560322,3,1.3333333333333333,2.333333333333333,0.5714285714285714,4,7,2.333333333333333,1.3333333333333333,0.4285714285714285,0.0,0.918295834051604,0.0,0.0,0.0,0.0,0.0,-1.4428232973175177e-12,293.3333333333333,140.90540562140737,0.4803593373457069,1.0,1,1.0,1,1.0,2,0.5,0.0,3,0,2,0.1,0.8416666666666668,1,1,-0.5163977794943221,1.0
ransomware_01172,0.0476748529999999,0.0472758327999999,0.0533098845786091,0.0652654801447163,-0.0036120344941176,0.8116154372066332,3.925360715610133,0.003831417624521,0.9466901154213908,50,1.04,5.22,0.1992337164750958,52,261,5.22,1.04,0.1954022988505747,0.0,1.6387890365493605,3.0122222222222224,221.3061224489796,307.3533633499325,6.0,0.1627649615913314,1.9561476580718384,253.68,140.09449289238856,0.5522488682292201,0.38,2,0.58,2,0.58,3,0.0576923076923076,0.18,4,0,4,0.0032257399620743,0.8856559894727831,1,1,-0.1970877883653235,1.0032051282051282
ransomware_01173,4.5370539052000005,4.536700845200001,7.795987251759374e-05,5.1775295015902005e-05,0.011040802047539,0.0209869196847609,0.6800770457253945,0.0,0.9999220401274824,50,1.02,1.0,1.02,51,50,1.0,1.02,0.98,0.0,1.7266246933462417,28.968333333333334,2128.285714285714,1929.7607972735575,8.0,-0.0489213015293594,4.208047190906568,270.92,123.5917968349759,0.4561929604125789,0.4,1,1.0,1,1.0,1,0.0196078431372549,0.18,4,0,50,0.0098039215686274,0.032051282051282,1,1,0.0,0.9901960784313726
ransomware_01174,0.0524482866666666,0.05190495,0.0103134492641134,0.0025868788217024,0.00110324,0.0115993646934338,1.584962500716828,0.0,0.9896865507358866,3,1.3333333333333333,1.0,1.3333333333333333,4,3,1.0,1.3333333333333333,0.6666666666666666,0.0,-1.4428232973175177e-12,0.0,0.0,0.0,0.0,0.0,-1.4428232973175177e-12,155.0,75.9012516365837,0.4896854944295722,0.3333333333333333,1,1.0,1,1.0,1,0.25,0.6666666666666666,3,0,3,0.125,0.4666666666666666,1,1,0.0,0.875
ransomware_01176,0.4641465866666666,0.4639083566666667,0.0005138771739908,0.0003383766860678,0.00277703,0.0028598608200682,1.584962500716828,0.0,0.9994861228260092,3,1.6666666666666667,1.0,1.6666666666666667,5,3,1.0,1.6666666666666667,0.6666666666666666,0.0,0.918295834051604,0.0,0.0,0.0,0.0,0.0,-1.4428232973175177e-12,335.6666666666667,89.22630404389355,0.2658181848378159,0.0,2,0.6666666666666666,2,0.6666666666666666,2,0.4,0.0,1,1,3,0.1111111111111111,0.7777777777777778,1,1,0.0,0.8888888888888888
ransomware_01177,0.01537833,0.0150586033333333,0.0199711480498329,0.0189390808147431,0.0007976449999999,0.0235419501424914,1.584962500716828,0.0,0.9800288519501672,3,1.6666666666666667,1.0,1.6666666666666667,5,3,1.0,1.6666666666666667,0.6666666666666666,0.0,-1.4428232973175177e-12,0.0,0.0,0.0,0.0,0.0,-1.4428232973175177e-12,197.66666666666663,48.08672720547047,0.2432718071103059,0.0,2,0.6666666666666666,2,0.6666666666666666,2,0.4,0.3333333333333333,2,0,3,0.1111111111111111,0.611111111111111,1,1,0.0,0.8888888888888888
ransomware_01178,0.0163684866666666,0.01612837,0.0142940748984517,0.0105333283321865,0.0006565549999999,0.0189118787439634,0.918295834051604,0.0,0.9857059251015482,3,1.6666666666666667,1.0,1.6666666666666667,5,3,1.0,1.6666666666666667,0.6666666666666666,0.0,0.918295834051604,0.0,0.0,0.0,0.0,0.0,-1.4428232973175177e-12,230.0,93.25770745627408,0.4054682932881482,0.3333333333333333,2,0.6666666666666666,2,0.6666666666666666,2,0.4,0.3333333333333333,3,2,3,0.1111111111111111,0.7777777777777778,1,1,0.0,0.8888888888888888
ransomware_01180,0.2803921766666666,0.27988521,0.0095987055493817,0.0119847575841573,-0.267235065,0.5675841326759163,2.5849625007110566,0.0,0.9904012944506184,3,1.3333333333333333,4.0,0.3333333333333333,4,12,4.0,1.3333333333333333,0.25,0.0,0.918295834051604,0.0,0.0,0.0,0.0,0.0,-1.4428232973175177e-12,326.0,98.59513172565876,0.3024390543731863,0.3333333333333333,1,1.0,1,1.0,1,0.25,0.0,3,0,2,0.0666666666666666,0.9365190365190366,1,1,-0.4578171145335975,1.0
ransomware_01181,0.1708394284,0.170437156,0.0109570697455919,0.0149942891473529,-0.0012178391769507,0.6281856013772543,3.476176194716987,0.0138888888888888,0.989042930254408,50,1.16,1.44,0.8055555555555556,58,72,1.44,1.16,0.7777777777777778,0.0,1.81194853792554,0.0,0.0,0.0,0.0,0.0,-1.4428232973175177e-12,295.74,134.11840793470066,0.4535010750480173,0.32,2,0.52,2,0.52,3,0.0517241379310344,0.16,4,0,9,0.0085234723314975,0.4192513942513943,1,1,-0.1841159186744428,1.0483870967741935
ransomware_01182,0.0004575433333333,0.0002916866666666,0.4996982977907264,0.4436694010137804,-0.0001566,0.4514966592766972,1.584962500716828,0.0,0.5003017022092736,3,1.3333333333333333,1.0,1.3333333333333333,4,3,1.0,1.3333333333333333,0.0,0.0,0.918295834051604,0.0,0.0,0.0,0.0,0.0,-1.4428232973175177e-12,241.0,130.93127968518448,0.5432833181957862,0.6666666666666666,2,0.6666666666666666,1,1.0,2,0.5,0.0,2,1,1,0.0777777777777777,0.4285714285714285,1,1,0.0,0.7
ransomware_01183,0.0967738784,0.0963383936,0.0488064913856461,0.0800131291865143,-0.0071830659860744,0.7871090535100497,3.754683779337951,0.0,0.951193508614354,50,1.06,2.52,0.4206349206349206,53,126,2.52,1.06,0.4126984126984127,0.0,1.6649013668026351,0.8397222222222223,61.69387755102041,69.5599005062111,0.0,0.0599298783747071,0.8554508105572454,259.4,131.62686903919436,0.5074281767123916,0.4,1,1.0,1,1.0,1,0.0188679245283018,0.12,4,0,5,0.0057460195172059,0.6686445662823614,1,1,-0.1706481239447499,1.0112994350282485
ransomware_01184,6.08086744,6.080413396666667,7.40062765076811e-05,3.576631734990722e-05,0.2048250600000001,0.0149715741449266,1.584962500716828,0.0,0.9999259937234924,3,2.0,1.0,2.0,6,3,1.0,2.0,0.6666666666666666,0.0,0.918295834051604,0.0,0.0,0.0,0.0,0.0,-1.4428232973175177e-12,353.6666666666667,162.54947964645513,0.4596121007911077,0.6666666666666666,2,0.6666666666666666,2,0.6666666666666666,2,0.3333333333333333,0.0,2,1,3,0.1,0.8095238095238095,1,1,0.0,0.9
ransomware_01186,1.4239937766666666,1.4235636833333334,0.000302049116438,0.0001482082219999,-0.00047425,0.0001480634693378,1.584962500716828,0.0,0.999697950883562,3,1.0,1.0,1.0,3,3,1.0,1.0,0.6666666666666666,0.0,0.918295834051604,0.0,0.0,0.0,0.0,0.0,-1.4428232973175177e-12,251.66666666666663,191.7089808364056,0.7617575397473071,0.0,1,1.0,1,1.0,1,0.3333333333333333,0.3333333333333333,2,1,3,0.1428571428571428,0.0,1,1,0.0,0.8571428571428571
ransomware_01187,0.0304017225,0.0299453825,0.0150753990051173,0.007708277926285,-0.000480573,0.0100301983118765,1.9999999999942293,0.0,0.9849246009948828,4,1.0,1.0,1.0,4,4,1.0,1.0,0.75,0.0,1.9999999999942293,11.760277777777778,14112.333333333334,8222.942390382872,4836.0,-0.2636811390108314,1.9999999999942293,258.5,128.49254193661722,0.4970697947257919,0.25,1,1.0,1,1.0,1,0.25,0.0,4,0,4,0.1111111111111111,0.0,1,1,0.0,0.8888888888888888
ransomware_01188,821.6066992333334,821.60629274,1.693315807282222e-06,2.546254793768501e-06,-267.6734079850001,0.6058976965847075,2.1219280948801487,0.0,0.9999983066841928,3,1.0,3.333333333333333,0.3,3,10,3.333333333333333,1.0,0.2,0.0,-1.4428232973175177e-12,1.6141666666666667,2905.5,611.5,2294.0,-0.6522604492465169,1.584962500716828,274.3333333333333,165.84731934322403,0.6045467290761508,1.0,2,0.6666666666666666,2,0.6666666666666666,2,0.6666666666666666,0.0,1,0,2,0.0714285714285714,0.7777777777777778,1,1,0.0,0.9285714285714286
ransomware_01189,0.15929234,0.159042538,0.0015827771019564,0.0006352755086817,0.008301232,0.0419381838587106,1.921928094881592,0.0,0.9984172228980436,5,1.6,1.0,1.6,8,5,1.0,1.6,0.8,0.0,1.921928094881592,1.0102777777777778,909.25,1008.5207918035204,113.0,0.0517636373584372,0.7219280948844771,390.0,116.67261889578036,0.2991605612712316,0.2,2,0.8,2,0.8,3,0.375,0.2,2,1,5,0.0714285714285714,0.5925925925925927,1,1,0.0,0.9285714285714286
ransomware_01190,0.1751715126,0.1747297175999999,0.0454151144095505,0.0810763842608588,-0.0062041858439375,0.8566984089705671,3.732336153448273,0.0,0.9545848855904496,50,1.36,2.36,0.576271186440678,68,118,2.36,1.36,0.5677966101694916,0.0,1.64924809871291,7.248888888888889,532.5714285714286,806.8300784615085,6.0,0.2047620884775783,2.804376122325912,278.0,126.4305891687254,0.4547862919738323,0.38,2,0.58,2,0.58,3,0.0441176470588235,0.14,4,0,9,0.0065511411665257,0.7047957644596297,1,1,-0.4103097806783248,1.1005917159763314
ransomware_01191,11.839966563333332,11.8396184,2.9996133653967632e-05,2.346753312496717e-05,0.3874333750000004,0.0145477252506342,0.918295834051604,0.0,0.999970003866346,3,1.6666666666666667,1.0,1.6666666666666667,5,3,1.0,1.6666666666666667,0.6666666666666666,0.0,1.584962500716828,0.0,0.0,0.0,0.0,0.0,-1.4428232973175177e-12,196.33333333333331,96.58847412260604,0.4919616678570765,0.0,1,1.0,1,1.0,2,0.4,0.0,3,0,3,0.1111111111111111,0.6111111111111112,1,1,0.0,0.8888888888888888
ransomware_01192,0.1454518814,0.1451017336,0.0026087013000396,0.00195709704822,0.0026770918933973,0.1538964503178063,3.871272380088385,0.0,0.9973912986999602,50,1.44,1.0,1.44,72,50,1.0,1.44,0.98,0.0,1.6482705500765538,23.03611111111111,1692.4489795918366,6643.312067560033,14.0,0.5939305433497027,3.074302951459198,262.76,114.1223046041538,0.4343214515304986,0.3,2,0.6,2,0.6,2,0.0277777777777777,0.16,4,2,50,0.008130081300813,0.4657534246575341,1,1,0.0,0.991869918699187
ransomware_01194,0.0024472933333333,0.00224679,0.0766481975224402,0.0984245256430895,0.0001371949999999,0.0323978258364647,1.584962500716828,0.0,0.9233518024775598,3,1.6666666666666667,1.0,1.6666666666666667,5,3,1.0,1.6666666666666667,0.6666666666666666,0.0,-1.4428232973175177e-12,0.0,0.0,0.0,0.0,0.0,-1.4428232973175177e-12,272.0,169.5670958647343,0.6234084406791702,0.0,2,0.6666666666666666,2,0.6666666666666666,1,0.2,0.0,3,0,3,0.1111111111111111,0.7777777777777777,1,1,0.0,0.8888888888888888
ransomware_01195,0.0080217166666666,0.00783016,0.0496541382609393,0.0731294507594547,-0.0038592699999999,0.4347017387469304,2.499999999991344,0.0,0.9503458617390608,3,1.6666666666666667,2.6666666666666665,0.6250000000000001,5,8,2.6666666666666665,1.6666666666666667,0.375,0.0,0.918295834051604,0.0,0.0,0.0,0.0,0.0,-1.4428232973175177e-12,337.3333333333333,127.94660344586462,0.3792883501359623,0.6666666666666666,2,0.6666666666666666,2,0.6666666666666666,2,0.4,0.3333333333333333,2,2,3,0.0833333333333333,0.9095238095238096,1,1,-0.6172133998483675,1.0
ransomware_01196,11.0884053,11.087980123333333,3.837488035659074e-05,1.233657955126282e-05,0.3465955950000001,0.0139040691367935,0.918295834051604,0.0,0.9999616251196434,3,1.3333333333333333,1.0,1.3333333333333333,4,3,1.0,1.3333333333333333,0.6666666666666666,0.0,0.918295834051604,0.0,0.0,0.0,0.0,0.0,-1.4428232973175177e-12,351.3333333333333,125.64367605786346,0.357619571322192,0.6666666666666666,1,1.0,1,1.0,1,0.25,0.0,3,1,3,0.125,0.3333333333333333,1,1,0.0,0.875
ransomware_01197,0.00154097,0.0012640366666666,0.1814734128367035,0.0854925393551543,-0.0001720699999999,0.0605010578982855,1.584962500716828,0.0,0.8185265871632964,3,1.6666666666666667,1.0,1.6666666666666667,5,3,1.0,1.6666666666666667,0.6666666666666666,0.0,0.918295834051604,0.0,0.0,0.0,0.0,0.0,-1.4428232973175177e-12,324.0,163.52064089893972,0.5046933361078386,0.3333333333333333,1,1.0,1,1.0,1,0.2,0.0,2,2,3,0.1111111111111111,0.611111111111111,1,1,0.0,0.8888888888888888
ransomware_01198,0.20553916,0.20498927,0.0026771129765179,0.0019597116266131,-0.000781695,0.3888551024633803,3.180832987191013,0.0,0.997322887023482,3,4.333333333333333,4.333333333333333,1.0,13,13,4.333333333333333,4.333333333333333,0.6923076923076923,0.0,0.918295834051604,0.0,0.0,0.0,0.0,0.0,-1.4428232973175177e-12,164.33333333333334,51.59780357082396,0.3139825775100849,1.0,2,0.6666666666666666,2,0.6666666666666666,1,0.0769230769230769,0.6666666666666666,2,2,3,0.0684210526315789,0.8604140957082133,1,1,-0.8820310096755869,1.3
ransomware_01199,1.20448883,1.2041947433333335,0.000244146366785,7.314935294670131e-05,-0.000243325,8.980644122801895e-05,1.584962500716828,0.0,0.9997558536332152,3,1.0,1.0,1.0,3,3,1.0,1.0,0.6666666666666666,0.0,1.584962500716828,0.0,0.0,0.0,0.0,0.0,-1.4428232973175177e-12,386.0,73.69531871157082,0.1909205147968156,0.3333333333333333,2,0.6666666666666666,2,0.6666666666666666,2,0.6666666666666666,0.0,2,0,3,0.1428571428571428,0.0,1,1,0.0,0.8571428571428571
ransomware_01200,0.19318454,0.19258975,0.0030781073688191,0.0003511618495484,-0.0005607899999999,0.001294149870385,1.584962500716828,0.0,0.9969218926311808,3,1.0,1.0,1.0,3,3,1.0,1.0,0.6666666666666666,0.0,0.918295834051604,0.0,0.0,0.0,0.0,0.0,-1.4428232973175177e-12,336.6666666666667,118.92995137194556,0.3532572813028085,1.0,2,0.6666666666666666,2,0.6666666666666666,2,0.6666666666666666,0.3333333333333333,2,1,3,0.1428571428571428,0.0,1,1,0.0,0.8571428571428571
ransomware_01202,0.035054132,0.0346702728,0.0618822318125942,0.0736802196086369,-0.0020649551558223,0.7952733307760826,3.9899761703556207,0.0,0.938117768187406,50,1.16,2.8,0.4142857142857142,58,140,2.8,1.16,0.4,0.0,1.81194853792554,3.6180555555555554,265.81632653061223,398.038438994424,1.0,0.1991732519374755,1.758297570272249,267.82,139.9562161855614,0.52257567091913,0.44,2,0.58,2,0.58,3,0.0517241379310344,0.06,4,0,10,0.0053992146596858,0.7499609545384193,1,1,-0.3000350336083413,1.03125
ransomware_01203,1.7727035697999998,1.7723099024000002,0.0002537413382685,0.0001700455781296,-0.0178867696211284,0.205284458576526,4.02198451115274,0.04,0.9997462586617316,50,1.6,1.0,1.6,80,50,1.0,1.6,0.98,0.0,1.7947610855292777,0.0,0.0,0.0,0.0,0.0,-1.4428232973175177e-12,266.4,135.61394787094304,0.5090613658819183,0.52,2,0.5,2,0.5,3,0.0375,0.16,4,0,50,0.0076335877862595,0.5720164609053503,1,1,0.0,0.9923664122137404
ransomware_01204,0.0554884733333333,0.0550633233333333,0.0076696703882266,0.0052712395254161,0.0004942699999999,0.005488024888355,1.584962500716828,0.0,0.9923303296117734,3,1.6666666666666667,1.0,1.6666666666666667,5,3,1.0,1.6666666666666667,0.6666666666666666,0.0,0.918295834051604,0.0,0.0,0.0,0.0,0.0,-1.4428232973175177e-12,301.3333333333333,118.3399059207558,0.3927209267281719,0.6666666666666666,2,0.6666666666666666,2,0.6666666666666666,1,0.2,0.6666666666666666,3,0,3,0.1111111111111111,0.7777777777777778,1,1,0.0,0.8888888888888888
ransomware_01205,0.0182133858,0.0178097946,0.0223746653941513,0.0122710593865137,-0.0001320952129651,0.0709386671983292,4.08637013012877,0.0,0.9776253346058488,50,1.1,1.0,1.1,55,50,1.0,1.1,0.98,0.0,1.7265104831062466,65.95166666666667,4845.428571428572,7604.374739824009,95.0,0.2216056028693885,4.063144940952724,297.0,133.24750639011475,0.448644802660319,0.48,2,0.56,2,0.56,2,0.0363636363636363,0.24,4,0,50,0.0094339622641509,0.1488095238095237,1,1,0.0,0.9905660377358492
ransomware_01206,0.5973280566666667,0.5969431766666667,0.0006688600317154,0.0005359583314006,0.03733618,0.0279703190584159,0.918295834051604,0.0,0.9993311399682844,3,1.3333333333333333,1.0,1.3333333333333333,4,3,1.0,1.3333333333333333,0.6666666666666666,0.0,0.918295834051604,0.0,0.0,0.0,0.0,0.0,-1.4428232973175177e-12,239.33333333333331,154.3286536367545,0.6448272436076092,0.0,1,1.0,1,1.0,2,0.5,0.0,2,2,3,0.125,0.4666666666666666,1,1,0.0,0.875
ransomware_01207,51.29882357,51.298357974399984,2.04827198334693e-05,3.464743561838714e-05,0.8039257207154863,0.5051712317756004,3.522894195763628,0.0083333333333333,0.9999795172801664,50,2.78,2.4,1.1583333333333332,139,120,2.4,2.78,0.975,0.031,1.666313713859064,31.008333333333333,2278.1632653061224,2112.781234480516,90.0,-0.0376643409712062,4.368367439525196,244.38,126.28731253028724,0.5167661532461219,0.38,2,0.54,2,0.54,2,0.014388489208633,0.04,4,0,41,0.0070626090750436,0.7381251745584805,1,1,-0.5626877438342562,1.3489583333333333
ransomware_01209,0.0214007433333333,0.0209684566666666,0.0200386137255138,0.0064635470172525,0.002489055,0.0527576580504972,1.584962500716828,0.0,0.979961386274486,3,1.6666666666666667,1.0,1.6666666666666667,5,3,1.0,1.6666666666666667,0.6666666666666666,0.0,0.918295834051604,0.0,0.0,0.0,0.0,0.0,-1.4428232973175177e-12,312.3333333333333,59.86930209492452,0.1916839981694488,0.3333333333333333,1,1.0,1,1.0,1,0.2,0.3333333333333333,2,0,3,0.1111111111111111,0.6111111111111112,1,1,0.0,0.8888888888888888
ransomware_01210,0.0280103633333333,0.0274666866666666,0.0193294277520556,0.0105641952729075,0.0015577,0.0252054832646156,1.584962500716828,0.0,0.9806705722479444,3,2.0,1.0,2.0,6,3,1.0,2.0,0.6666666666666666,0.0,1.584962500716828,0.0,0.0,0.0,0.0,0.0,-1.4428232973175177e-12,199.33333333333331,192.0477371210953,0.9634501862262308,0.3333333333333333,2,0.6666666666666666,2,0.6666666666666666,1,0.1666666666666666,0.0,2,0,3,0.1,0.8095238095238094,1,1,0.0,0.9
ransomware_01211,398.47253634,398.47205735333335,1.2391868819947687e-06,6.815670229333177e-07,28.19975607500001,0.0314535538714288,0.918295834051604,0.0,0.999998760813118,3,1.3333333333333333,1.0,1.3333333333333333,4,3,1.0,1.3333333333333333,0.6666666666666666,0.0,0.918295834051604,0.0,0.0,0.0,0.0,0.0,-1.4428232973175177e-12,219.66666666666663,58.34666514320534,0.2656145605912231,0.6666666666666666,1,1.0,1,1.0,1,0.25,0.0,2,0,3,0.125,0.4666666666666667,1,1,0.0,0.875
ransomware_01213,0.1507951166666666,0.1505565233333333,0.0015748798590806,0.0006053323569592,0.0042699949999999,0.012605070265563,1.584962500716828,0.0,0.9984251201409194,3,2.0,1.0,2.0,6,3,1.0,2.0,0.6666666666666666,0.0,1.584962500716828,0.0,0.0,0.0,0.0,0.0,-1.4428232973175177e-12,252.66666666666663,50.14312847572769,0.1984556535978668,0.0,1,1.0,1,1.0,2,0.3333333333333333,0.3333333333333333,2,0,3,0.1,0.8095238095238094,1,1,0.0,0.9
ransomware_01214,0.1973351366666667,0.1970344533333333,0.0015036965468878,0.001114322120354,0.007864065,0.018182561732238,0.918295834051604,0.0,0.9984963034531122,3,1.3333333333333333,1.0,1.3333333333333333,4,3,1.0,1.3333333333333333,0.6666666666666666,0.0,0.918295834051604,0.0,0.0,0.0,0.0,0.0,-1.4428232973175177e-12,170.33333333333334,53.67805262240177,0.3151353382919869,0.3333333333333333,2,0.6666666666666666,2,0.6666666666666666,3,0.75,0.3333333333333333,2,0,3,0.125,0.4666666666666667,1,1,0.0,0.875
ransomware_01215,0.0063245533333333,0.0058519833333333,0.0721778552469525,0.0397855494195189,-0.00033085,0.0251272835325535,1.584962500716828,0.0,0.9278221447530474,3,1.3333333333333333,1.0,1.3333333333333333,4,3,1.0,1.3333333333333333,0.6666666666666666,0.0,1.584962500716828,0.0,0.0,0.0,0.0,0.0,-1.4428232973175177e-12,235.0,86.06392972668631,0.3662294881986651,0.6666666666666666,1,1.0,1,1.0,2,0.5,0.0,2,0,3,0.125,0.4666666666666666,1,1,0.0,0.875
ransomware_01216,2.1951822088,2.1947569667999995,0.000223107947955,0.0001529208948441,0.0508500259918367,0.1930375359499237,3.9361746300422302,0.0,0.999776892052045,50,1.54,1.0,1.54,77,50,1.0,1.54,0.98,0.0,1.7360220272656577,1.2025,88.34693877551021,87.44550513422588,0.0,-0.0051278292811446,0.722170750683323,258.44,124.6906637750119,0.4824743219896761,0.46,2,0.52,1,1.0,2,0.0259740259740259,0.2,4,0,50,0.0078125,0.5299145299145299,1,1,0.0,0.9921875
ransomware_01217,0.0106125499999999,0.0103259466666666,0.0280142231235867,0.0193860845634549,0.00081409,0.0406722999408611,1.584962500716828,0.0,0.9719857768764134,3,1.3333333333333333,1.0,1.3333333333333333,4,3,1.0,1.3333333333333333,0.6666666666666666,0.0,1.584962500716828,0.0,0.0,0.0,0.0,0.0,-1.4428232973175177e-12,342.3333333333333,144.5348862155201,0.4222051203958717,0.3333333333333333,1,1.0,1,1.0,1,0.25,0.3333333333333333,2,0,3,0.125,0.3333333333333333,1,1,0.0,0.875
ransomware_01218,0.1564627433333333,0.1560757766666666,0.002474642172569,0.0014022758729291,-0.00045731,0.001302244930185,1.584962500716828,0.0,0.9975253578274308,3,1.0,1.0,1.0,3,3,1.0,1.0,0.6666666666666666,0.0,0.918295834051604,0.0,0.0,0.0,0.0,0.0,-1.4428232973175177e-12,391.6666666666667,114.34305109333638,0.2919397049191567,0.6666666666666666,2,0.6666666666666666,1,1.0,2,0.6666666666666666,0.0,2,2,3,0.1428571428571428,0.0,1,1,0.0,0.8571428571428571
ransomware_01219,0.0001395399999999,1e-06,0.9802216268287894,0.0237513014757581,0.0,0.0,-1.4428232973175177e-12,0.0,0.0197783731712107,3,1.0,1.0,1.0,3,3,1.0,1.0,0.0,0.0,-1.4428232973175177e-12,0.0,0.0,0.0,0.0,0.0,-1.4428232973175177e-12,252.33333333333331,42.71221527073178,0.1692690169249608,0.0,1,1.0,1,1.0,1,0.3333333333333333,0.3333333333333333,3,0,1,0.0833333333333333,0.0,1,1,0.0,0.6666666666666666
ransomware_01220,0.54329398,0.5430433333333333,0.0004292449602632,0.000402262983195,0.057363255,0.0470072697288327,0.918295834051604,0.6666666666666666,0.9995707550397368,3,1.3333333333333333,1.0,1.3333333333333333,4,3,1.0,1.3333333333333333,0.6666666666666666,0.0,-1.4428232973175177e-12,0.2077777777777777,374.0,117.0,257.0,-0.5234215885947047,-1.4428232973175177e-12,359.6666666666667,141.17129075464788,0.3925059057126447,1.0,2,0.6666666666666666,2,0.6666666666666666,2,0.5,0.0,2,1,3,0.125,0.4666666666666666,1,1,0.0,0.875
ransomware_01221,0.4155699599999999,0.4152482333333333,0.0007858307712303,0.0005329810875133,0.012461465,0.0134859413810873,0.918295834051604,0.0,0.9992141692287696,3,1.6666666666666667,1.0,1.6666666666666667,5,3,1.0,1.6666666666666667,0.6666666666666666,0.0,0.918295834051604,0.0,0.0,0.0,0.0,0.0,-1.4428232973175177e-12,257.6666666666667,199.75568410769523,0.7752484506120125,0.0,2,0.6666666666666666,2,0.6666666666666666,2,0.4,0.3333333333333333,2,2,3,0.1111111111111111,0.611111111111111,1,1,0.0,0.8888888888888888
ransomware_01222,0.5454584166,0.5450466968,0.000784167601098,0.0004796445563918,-0.0017498383030012,0.0774073041588973,2.385937435831315,0.0,0.9992158323989018,50,1.14,1.0,1.14,57,50,1.0,1.14,0.98,0.0,1.7346939516409314,0.0,0.0,0.0,0.0,0.0,-1.4428232973175177e-12,265.6,145.4479358424049,0.5476202403705003,0.42,1,1.0,1,1.0,1,0.0175438596491228,0.06,4,0,50,0.0092592592592592,0.2183908045977011,1,1,0.0,0.9907407407407408
ransomware_01223,0.0033234033333333,0.0029505666666666,0.1158653142774563,0.1095632204057294,-0.0004808049999999,0.0724237528760952,1.584962500716828,0.0,0.8841346857225437,3,1.0,1.0,1.0,3,3,1.0,1.0,0.6666666666666666,0.0,0.918295834051604,0.0,0.0,0.0,0.0,0.0,-1.4428232973175177e-12,261.0,187.83769589728252,0.719684658610278,0.3333333333333333,2,0.6666666666666666,2,0.6666666666666666,2,0.6666666666666666,0.3333333333333333,2,2,3,0.1428571428571428,0.0,1,1,0.0,0.8571428571428571
ransomware_01224,0.0218668528,0.0214605854,0.0188695292000539,0.0105124606801997,1.901973829531811e-05,0.0757867395360053,4.118562939617505,0.0,0.9811304707999462,50,1.16,1.0,1.16,58,50,1.0,1.16,0.98,0.0,1.7168711615001584,110.90027777777776,8147.775510204082,8245.245844196337,413.0,0.0059458431661281,4.100685879825884,292.48,126.41335501651166,0.4322119632676137,0.36,2,0.6,2,0.6,2,0.0344827586206896,0.18,3,0,50,0.0091743119266055,0.2146892655367232,1,1,0.0,0.9908256880733946
ransomware_01225,0.10017318,0.0996982466666666,0.0045324492025776,0.0022143356903401,0.0125126949999999,0.3805218670475077,2.50325833476699,0.0,0.9954675507974224,3,3.0,3.0,1.0,9,9,3.0,3.0,0.5555555555555556,0.0,1.584962500716828,0.0,0.0,0.0,0.0,0.0,-1.4428232973175177e-12,217.33333333333331,212.4178272493468,0.9773826407178532,0.6666666666666666,1,1.0,1,1.0,1,0.1111111111111111,0.0,3,0,3,0.075,0.822066822066822,1,1,-0.7428571428571429,1.125
ransomware_01226,0.4162774066666666,0.4157725433333333,0.0012126245278038,0.0003395786992039,-0.0004330149999999,0.0004628759503169,1.584962500716828,0.0,0.9987873754721962,3,1.0,1.0,1.0,3,3,1.0,1.0,0.6666666666666666,0.0,1.584962500716828,0.0,0.0,0.0,0.0,0.0,-1.4428232973175177e-12,405.0,81.9084855189009,0.2022431741207429,0.6666666666666666,2,0.6666666666666666,2,0.6666666666666666,2,0.6666666666666666,0.0,2,0,3,0.1428571428571428,0.0,1,1,0.0,0.8571428571428571
ransomware_01227,1.1455882538,1.1451884134,0.0004027553496045,0.0002907108154484,0.0232672682338535,0.1692978691361249,3.45226548494627,0.0,0.9995972446503956,50,1.42,1.0,1.42,71,50,1.0,1.42,0.98,0.0,1.7174776241351752,1.326111111111111,97.42857142857144,168.36246127728987,3.0,0.2668784162000593,1.0710814768113015,281.04,129.38787755096246,0.4603895443743326,0.26,1,1.0,1,1.0,2,0.028169014084507,0.16,4,0,50,0.0081967213114754,0.4490740740740739,1,1,0.0,0.9918032786885246
ransomware_01228,0.97589031,0.9755152966666668,0.0003842599044867,0.0001640165078666,-0.0004023249999999,0.0001832991360794,1.584962500716828,0.0,0.9996157400955132,3,1.0,1.0,1.0,3,3,1.0,1.0,0.6666666666666666,0.0,0.918295834051604,0.0,0.0,0.0,0.0,0.0,-1.4428232973175177e-12,242.33333333333331,217.237964760613,0.8964427706765323,0.6666666666666666,2,0.6666666666666666,2,0.6666666666666666,2,0.6666666666666666,0.3333333333333333,2,0,3,0.1428571428571428,0.0,1,1,0.0,0.8571428571428571
ransomware_01229,0.0543442408,0.0539264171999999,0.0700781220154246,0.1047981766022301,-0.0026323197416566,0.8087623991304416,3.849062631015544,0.0,0.9299218779845754,50,1.12,2.54,0.4409448818897638,56,127,2.54,1.12,0.4330708661417323,0.0,1.8064139097113845,1.6683333333333332,122.57142857142856,107.03213326389609,1.0,-0.0676788076949673,0.9953784388173404,289.62,124.2709170173236,0.4290826497387045,0.38,2,0.52,2,0.52,3,0.0535714285714285,0.14,4,0,9,0.0058084174442963,0.7315202592546342,1,1,-0.2464462179285855,1.0280898876404494
ransomware_01230,1.6965095446,1.6961194308,0.0053265616357204,0.0094689828506288,-0.1407880650122448,0.8720780719255404,3.578214638594081,0.0216606498194945,0.9946734383642796,50,1.0,5.54,0.1805054151624548,50,277,5.54,1.0,0.1768953068592057,0.0,1.7854208048563849,2.1525,158.14285714285714,598.1023050841208,1.0,0.5817682808650022,1.3762840724904697,275.52,116.3589169381548,0.4223247565989939,0.46,2,0.52,2,0.52,3,0.06,0.16,4,0,4,0.0030487804878048,0.902543878982728,1,1,0.0,0.9969512195121952
ransomware_01231,0.0281121066666666,0.02781822,0.0104697579212815,0.0046362207848718,-0.0003118199999999,0.0049818668004879,1.584962500716828,0.0,0.9895302420787184,3,1.0,1.0,1.0,3,3,1.0,1.0,0.6666666666666666,0.0,-1.4428232973175177e-12,0.0,0.0,0.0,0.0,0.0,-1.4428232973175177e-12,221.66666666666663,202.94416309254456,0.9155375778611032,1.0,1,1.0,1,1.0,1,0.3333333333333333,0.0,3,0,3,0.1428571428571428,0.0,1,1,0.0,0.8571428571428571
ransomware_01233,35.8009343,35.80066978,7.332908715395391e-06,6.775602813927147e-06,1.6557419650000005,0.0205554477074801,0.918295834051604,0.0,0.9999926670912846,3,1.6666666666666667,1.0,1.6666666666666667,5,3,1.0,1.6666666666666667,0.6666666666666666,0.0,1.584962500716828,0.0,0.0,0.0,0.0,0.0,-1.4428232973175177e-12,247.0,122.64990827554662,0.496558333099379,0.3333333333333333,2,0.6666666666666666,2,0.6666666666666666,3,0.6,0.3333333333333333,2,0,3,0.1111111111111111,0.611111111111111,1,1,0.0,0.8888888888888888
ransomware_01234,0.1908952,0.1905439233333333,0.0018246702708285,0.0004006752709214,0.021494235,0.0501353869817278,1.584962500716828,0.0,0.9981753297291714,3,1.6666666666666667,1.0,1.6666666666666667,5,3,1.0,1.6666666666666667,0.6666666666666666,0.0,1.584962500716828,0.0,0.0,0.0,0.0,0.0,-1.4428232973175177e-12,248.0,112.69427669584644,0.4544124060316389,1.0,2,0.6666666666666666,2,0.6666666666666666,2,0.4,0.0,2,0,3,0.1111111111111111,0.611111111111111,1,1,0.0,0.8888888888888888
ransomware_01235,4.690562326666666,4.69013166,9.181477295048668e-05,7.845031076153507e-05,-0.0003760550000002,3.56355786301472e-05,0.918295834051604,0.0,0.9999081852270496,3,1.3333333333333333,1.0,1.3333333333333333,4,3,1.0,1.3333333333333333,0.6666666666666666,0.0,0.918295834051604,0.2155555555555555,388.0,341.0,47.0,-0.0644718792866941,-1.4428232973175177e-12,285.0,96.56603957913984,0.3388282090496134,0.0,1,1.0,1,1.0,2,0.5,0.0,3,0,3,0.125,0.4666666666666666,1,1,0.0,0.875
ransomware_01236,0.1141882166666666,0.1136713133333333,0.0045223308181012,0.0035362447146728,-0.000394245,0.0015414619120849,1.584962500716828,0.0,0.9954776691818988,3,1.0,1.0,1.0,3,3,1.0,1.0,0.6666666666666666,0.0,1.584962500716828,0.0,0.0,0.0,0.0,0.0,-1.4428232973175177e-12,224.66666666666663,141.5073614103992,0.6298547243786314,0.6666666666666666,1,1.0,1,1.0,1,0.3333333333333333,0.0,2,0,3,0.1428571428571428,0.0,1,1,0.0,0.8571428571428571
ransomware_01237,0.0769977479999999,0.0766046596,0.0052838814114214,0.0033727306999787,-3.9428037454981976e-05,0.0891306997205164,3.0790828721903343,0.02,0.9947161185885786,50,1.26,1.0,1.26,63,50,1.0,1.26,0.98,0.0,1.860386815435511,0.0,0.0,0.0,0.0,0.0,-1.4428232973175177e-12,260.52,131.07020085061444,0.5031099372432614,0.46,2,0.5,2,0.5,2,0.0317460317460317,0.14,4,0,50,0.0087719298245614,0.328125,1,1,0.0,0.9912280701754386
ransomware_01238,0.1489281892,0.1484938762,0.0034022213192609,0.0023504779837007,0.003361705887635,0.1887387266411734,3.999079570596764,0.0,0.9965977786807388,50,1.52,1.0,1.52,76,50,1.0,1.52,0.98,0.0,1.672431189723112,0.1205555555555555,8.857142857142858,8.932856114779133,0.0,0.0042559450259538,-1.4428232973175177e-12,292.86,136.01260595838843,0.46442875762613,0.32,1,1.0,1,1.0,1,0.0131578947368421,0.1,4,0,50,0.0078740157480314,0.4978354978354977,1,1,0.0,0.9921259842519684
ransomware_01241,0.0757675766666666,0.0753888866666666,0.0050000323180667,0.0025385192552739,0.00042255,0.0034107886045921,1.584962500716828,0.0,0.9949999676819332,3,1.3333333333333333,1.0,1.3333333333333333,4,3,1.0,1.3333333333333333,0.6666666666666666,0.0,0.918295834051604,0.0,0.0,0.0,0.0,0.0,-1.4428232973175177e-12,461.3333333333333,29.022979401386987,0.0629110825174573,0.3333333333333333,2,0.6666666666666666,2,0.6666666666666666,1,0.25,0.3333333333333333,2,2,3,0.125,0.4666666666666666,1,1,0.0,0.875
ransomware_01242,7.891716219999999,7.891276665399999,6.478580667359999e-05,4.41493003448392e-05,0.1638110823111645,0.1729208313350694,3.83824269100032,0.08,0.9999352141933262,50,1.5,1.0,1.5,75,50,1.0,1.5,0.98,0.0,1.6604205104806269,0.3702777777777777,27.20408163265306,44.226217910728174,0.0,0.2383041424562021,-1.4428232973175177e-12,257.02,126.25476188231151,0.4912254372512316,0.34,1,1.0,1,1.0,1,0.0133333333333333,0.02,4,0,50,0.0079365079365079,0.4912280701754386,1,1,0.0,0.992063492063492
ransomware_01243,32.60312526285714,32.602738707142855,1.1856390738939856e-05,6.47072523571462e-06,-0.0004071482142857,1.427218274764376e-05,2.807354922047505,0.0,0.9999881436092608,7,1.0,1.0,1.0,7,7,1.0,1.0,0.8571428571428571,0.0,1.3787834934818477,0.4127777777777778,247.66666666666663,356.28437455992304,27.0,0.1798452200242259,0.591672778579442,231.7142857142857,127.421497775054,0.5499078202375943,0.5714285714285714,2,0.7142857142857143,1,1.0,2,0.2857142857142857,0.2857142857142857,3,0,7,0.0666666666666666,0.0,1,1,0.0,0.9333333333333332
ransomware_01245,1.11633261,1.11595495,0.0003464952528194,0.0001232139874916,0.1403763,0.0559067968350037,1.584962500716828,0.0,0.9996535047471808,3,1.6666666666666667,1.0,1.6666666666666667,5,3,1.0,1.6666666666666667,0.6666666666666666,0.0,0.918295834051604,0.0,0.0,0.0,0.0,0.0,-1.4428232973175177e-12,404.6666666666667,125.04532511586882,0.3090082169255407,0.3333333333333333,2,0.6666666666666666,2,0.6666666666666666,3,0.6,0.0,2,2,3,0.1111111111111111,0.611111111111111,1,1,0.0,0.8888888888888888
ransomware_01246,0.0421164833333333,0.04182911,0.0067646406443792,0.0037503800594611,0.00155049,0.0164743325083099,1.584962500716828,0.0,0.9932353593556208,3,2.0,1.0,2.0,6,3,1.0,2.0,0.6666666666666666,0.0,1.584962500716828,0.0,0.0,0.0,0.0,0.0,-1.4428232973175177e-12,151.0,95.81753492967766,0.6345532114548189,0.6666666666666666,1,1.0,1,1.0,1,0.1666666666666666,0.0,2,0,3,0.1,0.8095238095238094,1,1,0.0,0.9
ransomware_01249,0.0002439166666666,1.0163333333333331e-05,0.9207932104447116,0.1114285745574589,-3.185e-06,0.4617907510659232,1.584962500716828,0.0,0.0792067895552885,3,1.0,1.0,1.0,3,3,1.0,1.0,0.0,0.0,-1.4428232973175177e-12,0.0,0.0,0.0,0.0,0.0,-1.4428232973175177e-12,345.6666666666667,125.32491106453392,0.362560012722856,0.3333333333333333,1,1.0,1,1.0,1,0.3333333333333333,0.0,2,0,1,0.0833333333333333,0.0,1,1,0.0,0.6666666666666666
ransomware_01250,2.867679515600001,2.8672754352,0.0001706093274495,0.0001286325775289,0.0708445114813925,0.2058240413721659,3.738688570428014,0.0,0.9998293906725504,50,1.5,1.0,1.5,75,50,1.0,1.5,0.98,0.0,1.8744444545738683,10.184444444444445,748.2448979591836,873.4642389701387,22.0,0.0772144265327725,3.21339532030542,273.9,127.08590217098136,0.4639864993464088,0.32,1,1.0,1,1.0,1,0.0133333333333333,0.22,4,0,50,0.0079365079365079,0.5043859649122805,1,1,0.0,0.992063492063492
ransomware_01252,0.2209478833333333,0.22051472,0.0019680185486067,0.0013388583741655,0.0019099199999999,0.0042765096739723,1.584962500716828,0.0,0.9980319814513932,3,1.3333333333333333,1.0,1.3333333333333333,4,3,1.0,1.3333333333333333,0.6666666666666666,0.0,0.918295834051604,0.0,0.0,0.0,0.0,0.0,-1.4428232973175177e-12,178.66666666666666,130.2011264672212,0.7287376481374321,0.3333333333333333,1,1.0,1,1.0,2,0.5,0.3333333333333333,3,2,3,0.125,0.3333333333333333,1,1,0.0,0.875
ransomware_01253,0.0045406966666666,0.00412076,0.0911493276331393,0.0460096232450841,-4.389999999999993e-05,0.0138054361061767,1.584962500716828,0.0,0.9088506723668608,3,1.6666666666666667,1.0,1.6666666666666667,5,3,1.0,1.6666666666666667,0.6666666666666666,0.0,0.918295834051604,2.7952777777777778,5031.5,2714.5,2317.0,-0.2991221275497031,0.918295834051604,213.33333333333331,119.43757086165698,0.559863613414017,0.0,2,0.6666666666666666,2,0.6666666666666666,2,0.4,0.0,2,1,3,0.1111111111111111,0.6111111111111112,1,1,0.0,0.8888888888888888
ransomware_01255,0.0081448266,0.007740473,0.0881843190331249,0.1168018877231392,-0.0001533489320528,0.6840915499684351,3.9977520715957495,0.0073529411764705,0.911815680966875,50,1.38,2.72,0.5073529411764706,69,136,2.72,1.38,0.4632352941176471,0.0,1.800924277222388,0.2552777777777777,18.755102040816325,35.277633899696504,0.0,0.3057874373985172,0.2422921890795294,299.64,142.32052930348624,0.4749717304214599,0.38,2,0.56,1,1.0,2,0.0289855072463768,0.12,3,0,25,0.0055900959860383,0.7634192880671754,1,1,-0.4446958702454716,1.0677083333333333
ransomware_01256,1.5628608156,1.5624883126,0.0066468680022178,0.0151949295259598,-0.0945998570079232,0.8371408344873943,3.62855611756759,0.0294117647058823,0.9933531319977824,50,1.1,2.72,0.4044117647058823,55,136,2.72,1.1,0.3970588235294117,0.0,1.636567311633521,6.996944444444445,514.0612244897959,1167.3524100770885,6.0,0.3885368669295784,2.762292189072316,284.22,130.97457145319063,0.4608210944099311,0.4,2,0.52,2,0.52,3,0.0545454545454545,0.14,4,0,6,0.0054913460985567,0.7097254732291229,1,1,-0.2322849526667969,1.0213903743315509
ransomware_01257,1.1330651588,1.132613466,0.0004247339700593,0.0002221705953209,0.0173963949003601,0.1280033032275462,3.548438191089745,0.0,0.9995752660299408,50,1.32,1.0,1.32,66,50,1.0,1.32,0.98,0.0,1.5265978472475217,10.560277777777776,775.8571428571429,908.8166111229816,6.0,0.0789229771946737,3.395463381259182,278.5,139.12778592476246,0.4995611702864002,0.5,2,0.54,2,0.54,3,0.0454545454545454,0.18,4,0,50,0.0085470085470085,0.3731343283582089,1,1,0.0,0.9914529914529916
ransomware_01258,1.463487361,1.4630594236,0.0002967874760893,0.000176234980101,0.0128808406684273,0.0739596410525456,1.8303377769598868,0.0,0.9997032125239106,50,1.12,1.0,1.12,56,50,1.0,1.12,0.98,0.0,1.7309091673090615,4.281944444444444,314.59183673469386,318.1324918683106,8.0,0.0055958890365953,2.210044500331849,266.6,135.59062034864584,0.5085919743009971,0.32,2,0.58,1,1.0,2,0.0357142857142857,0.2,4,0,50,0.0093457943925233,0.1578947368421052,1,1,0.0,0.9906542056074766
ransomware_01260,0.20299369,0.20284617,0.0007268857455854,0.0007573000527967,-0.0002104699999999,0.0004611485749137,1.584962500716828,0.0,0.9992731142544146,3,1.0,1.0,1.0,3,3,1.0,1.0,0.6666666666666666,0.0,0.918295834051604,0.0,0.0,0.0,0.0,0.0,-1.4428232973175177e-12,268.6666666666667,206.7131668117281,0.769403846693777,0.0,1,1.0,1,1.0,1,0.3333333333333333,0.6666666666666666,2,1,3,0.1428571428571428,0.0,1,1,0.0,0.8571428571428571
ransomware_01261,0.00336751,0.0029660566666666,0.1142186003622109,0.0736368703238755,-0.0003706549999999,0.0555402590270435,1.584962500716828,0.0,0.8857813996377891,3,1.3333333333333333,1.0,1.3333333333333333,4,3,1.0,1.3333333333333333,0.6666666666666666,0.0,1.584962500716828,0.0,0.0,0.0,0.0,0.0,-1.4428232973175177e-12,185.0,28.21347195933177,0.1525052538342257,0.6666666666666666,1,1.0,1,1.0,1,0.25,0.3333333333333333,2,0,3,0.125,0.4666666666666666,1,1,0.0,0.875
ransomware_01263,0.01405144,0.01381903,0.0170563179565196,0.0117505971421288,0.0008886599999999,0.030979984364556,1.584962500716828,0.0,0.9829436820434804,3,1.6666666666666667,1.0,1.6666666666666667,5,3,1.0,1.6666666666666667,0.6666666666666666,0.0,-1.4428232973175177e-12,0.0,0.0,0.0,0.0,0.0,-1.4428232973175177e-12,253.66666666666663,102.10452161061886,0.402514539857893,0.0,2,0.6666666666666666,2,0.6666666666666666,2,0.4,0.0,3,0,3,0.1111111111111111,0.6111111111111112,1,1,0.0,0.8888888888888888
ransomware_01264,0.0139766566666666,0.0133917,0.0416182625536874,0.0079419406010663,-0.000506305,0.0168032769883171,1.584962500716828,0.0,0.9583817374463124,3,1.3333333333333333,1.0,1.3333333333333333,4,3,1.0,1.3333333333333333,0.6666666666666666,0.0,1.584962500716828,0.0,0.0,0.0,0.0,0.0,-1.4428232973175177e-12,175.33333333333334,178.55064640973254,1.0183496943520869,0.3333333333333333,1,1.0,1,1.0,1,0.25,0.0,3,0,3,0.125,0.4666666666666667,1,1,0.0,0.875
ransomware_01265,0.5174377151999999,0.5170268793999999,0.0008108734455731,0.0005086682412796,0.0046636173104441,0.0762981797034984,2.2399409360049325,0.04,0.9991891265544268,50,1.1,1.0,1.1,55,50,1.0,1.1,0.98,0.0,1.7941549844440443,1.9683333333333333,144.6122448979592,156.5905640452887,1.0,0.0397682849949332,1.366108062368426,296.72,145.96841145555138,0.4919399145846298,0.44,2,0.54,2,0.54,3,0.0545454545454545,0.14,4,0,50,0.0094339622641509,0.1428571428571428,1,1,0.0,0.9905660377358492
ransomware_01266,0.0005506962,0.0002643698,0.7737729372035331,0.3125523560658669,-6.1433781512605045e-06,0.8278930952022504,2.39425137378661,0.0,0.2262270627964669,50,1.44,1.0,1.44,72,50,1.0,1.44,0.16,0.0,1.7790525986263714,0.0,0.0,0.0,0.0,0.0,-1.4428232973175177e-12,302.94,121.71368376779388,0.4017748853495539,0.4,1,1.0,1,1.0,1,0.0138888888888888,0.12,4,0,6,0.0045638186443214,0.5409356725146198,1,1,0.0,0.7439024390243902
ransomware_01267,0.27954562,0.2792905666666667,0.0009090467238441,0.000622813524032,0.0245750099999999,0.0394741263290469,0.918295834051604,0.0,0.999090953276156,3,1.3333333333333333,1.0,1.3333333333333333,4,3,1.0,1.3333333333333333,0.6666666666666666,0.0,0.918295834051604,0.2755555555555555,496.0,153.0,343.0,-0.5285053929121726,-1.4428232973175177e-12,260.3333333333333,53.91041952473876,0.207082277303734,0.3333333333333333,1,1.0,1,1.0,1,0.25,0.3333333333333333,2,2,3,0.125,0.3333333333333333,1,1,0.0,0.875
ransomware_01268,2.56263725,2.5622168688,0.0005196145926995,0.0014989051767957,-0.0054290957493397,0.3537702738726933,3.414312476949023,0.0169491525423728,0.9994803854073006,50,1.38,1.18,1.1694915254237288,69,59,1.18,1.38,0.9152542372881356,0.0,1.6726291922691972,2.2777777777777777,167.3469387755102,412.2412386178262,1.0,0.4225315653326705,1.3615419333315997,273.52,135.60344947752648,0.4957716052849023,0.5,2,0.58,2,0.58,2,0.0289855072463768,0.1,4,0,39,0.008392341987936,0.4591591591591591,1,1,-0.1841363761639362,1.032258064516129
ransomware_01269,0.877198769,0.8767756792,0.0005223990070253,0.0003561248133961,0.0138608808336134,0.1317546605049582,3.496691261028702,0.0,0.9994776009929746,50,1.36,1.0,1.36,68,50,1.0,1.36,0.98,0.0,1.7085641427857825,5.338055555555556,392.18367346938777,507.4723948848637,5.0,0.1281475504593378,2.519479184278848,273.02,136.29192708210968,0.4992012566189645,0.4,2,0.54,2,0.54,2,0.0294117647058823,0.22,4,0,50,0.0084033613445378,0.4154589371980674,1,1,0.0,0.9915966386554622
ransomware_01270,0.0433285366666666,0.0427023866666666,0.0270679909294995,0.0170653659255055,-0.043367535,0.5843807741373186,3.3232314287817517,0.0,0.9729320090705004,3,1.0,5.0,0.2,3,15,5.0,1.0,0.1333333333333333,0.0,0.918295834051604,0.0,0.0,0.0,0.0,0.0,-1.4428232973175177e-12,211.0,186.21224449536072,0.8825224857600035,0.0,1,1.0,1,1.0,1,0.3333333333333333,0.3333333333333333,1,2,2,0.0526315789473684,0.937689393939394,1,1,0.0,0.9473684210526316
ransomware_01271,0.1245163266666666,0.1242331066666666,0.0023866662419435,0.0026783087247529,0.00710005,0.0255068885019699,0.918295834051604,0.0,0.9976133337580564,3,1.3333333333333333,1.0,1.3333333333333333,4,3,1.0,1.3333333333333333,0.6666666666666666,0.0,0.918295834051604,0.0,0.0,0.0,0.0,0.0,-1.4428232973175177e-12,347.3333333333333,175.4318481158234,0.5050820963027546,0.6666666666666666,1,1.0,1,1.0,3,0.75,0.0,3,0,3,0.125,0.3333333333333333,1,1,0.0,0.875
ransomware_01272,0.00334387,0.00269923,0.1912959057354313,0.0206282133015487,-0.0002346649999999,0.0386390028102662,1.584962500716828,0.0,0.8087040942645687,3,1.6666666666666667,1.0,1.6666666666666667,5,3,1.0,1.6666666666666667,0.6666666666666666,0.0,0.918295834051604,0.0,0.0,0.0,0.0,0.0,-1.4428232973175177e-12,168.66666666666666,45.357836515130806,0.2689199793387202,0.3333333333333333,1,1.0,1,1.0,2,0.4,0.0,3,0,3,0.1111111111111111,0.611111111111111,1,1,0.0,0.8888888888888888
ransomware_01273,3.498200735,3.4977867544000003,0.0001393602879495,0.0001033002498818,0.0842900577123649,0.2007407922248949,4.016691261021489,0.0,0.9998606397120504,50,1.62,1.0,1.62,81,50,1.0,1.62,0.98,0.0,1.6621293158624224,4.313888888888889,316.9387755102041,400.5361411073844,3.0,0.1165160811353317,1.994189235735396,312.8,133.04717592045372,0.4253426340167958,0.44,2,0.6,2,0.6,2,0.0246913580246913,0.14,4,0,50,0.0075757575757575,0.5609756097560976,1,1,0.0,0.9924242424242424
ransomware_01274,0.7200288835999998,0.7196155782000001,0.0006521928086621,0.0004710477949507,0.0172517074597839,0.1997240436671802,3.913786320468398,0.06,0.9993478071913376,50,1.64,1.0,1.64,82,50,1.0,1.64,0.98,0.0,1.6735522858596228,28.093055555555555,2063.9795918367345,3831.721851403398,2.0,0.2998357831693655,3.698171939451642,275.92,120.89527260722608,0.438153350997485,0.2,1,1.0,1,1.0,2,0.024390243902439,0.08,4,0,50,0.0075187969924812,0.5742971887550204,1,1,0.0,0.9924812030075189
ransomware_01275,4.258040493799999,4.257675577,8.87336069812496e-05,5.683971668999518e-05,-0.0293285220057623,0.0975607695203217,2.427125158498761,0.36,0.9999112663930186,50,1.16,1.0,1.16,58,50,1.0,1.16,0.98,0.0,1.702053725687772,0.0,0.0,0.0,0.0,0.0,-1.4428232973175177e-12,286.82,118.03522303766373,0.4115306569892745,0.38,2,0.64,2,0.64,3,0.0517241379310344,0.14,4,0,50,0.0091743119266055,0.2259887005649718,1,1,0.0,0.9908256880733946
ransomware_01276,0.38906318,0.38861009,0.0011862232568755,0.00078107144201,0.0163816749999999,0.0190100628170056,0.918295834051604,0.0,0.9988137767431244,3,1.6666666666666667,1.0,1.6666666666666667,5,3,1.0,1.6666666666666667,0.6666666666666666,0.0,1.584962500716828,0.0,0.0,0.0,0.0,0.0,-1.4428232973175177e-12,226.33333333333331,207.3893279157183,0.9163004178897716,1.0,2,0.6666666666666666,2,0.6666666666666666,3,0.6,0.3333333333333333,2,0,3,0.1111111111111111,0.6111111111111112,1,1,0.0,0.8888888888888888
ransomware_01277,0.7329702914,0.7325727752,0.0009257936587325,0.0009350333669724,-0.0226549956321728,0.4111214085130952,3.0069637831946308,0.0,0.9990742063412674,50,1.08,1.12,0.9642857142857144,54,56,1.12,1.08,0.9464285714285714,0.0,1.7360220272656577,47.63027777777778,3499.3673469387754,5056.3886269440245,78.0,0.1819852371617649,4.223144940949838,281.58,124.78341890112269,0.4431544104734807,0.38,2,0.56,2,0.56,2,0.037037037037037,0.14,4,0,22,0.0096984658790336,0.1591478696741854,1,1,-0.0730088176509365,1.02803738317757
ransomware_01278,10.747181346666665,10.746758666666665,3.973997796130544e-05,1.237053609871029e-05,1.2314951,0.0509298824447616,1.584962500716828,0.0,0.9999602600220387,3,1.6666666666666667,1.0,1.6666666666666667,5,3,1.0,1.6666666666666667,0.6666666666666666,0.0,0.918295834051604,0.0,0.0,0.0,0.0,0.0,-1.4428232973175177e-12,326.0,142.97901943991644,0.4385859492021977,0.3333333333333333,1,1.0,1,1.0,1,0.2,0.0,2,0,3,0.1111111111111111,0.611111111111111,1,1,0.0,0.8888888888888888
ransomware_01279,7.197371483333334,7.196887503333333,6.724439635334914e-05,4.370680858589174e-05,-0.00064441,3.979559834881575e-05,1.584962500716828,0.0,0.9999327556036466,3,1.0,1.0,1.0,3,3,1.0,1.0,0.6666666666666666,0.0,1.584962500716828,0.0,0.0,0.0,0.0,0.0,-1.4428232973175177e-12,335.6666666666667,64.63229326995393,0.1925490365539839,0.6666666666666666,2,0.6666666666666666,2,0.6666666666666666,3,1.0,0.0,2,0,3,0.1428571428571428,0.0,1,1,0.0,0.8571428571428571
ransomware_01280,0.00072783,0.00048995,0.2964996208833627,0.2416098403471407,-0.000289895,0.262970144345795,1.584962500716828,0.0,0.7035003791166372,3,1.3333333333333333,1.0,1.3333333333333333,4,3,1.0,1.3333333333333333,0.3333333333333333,0.0,0.918295834051604,0.0,0.0,0.0,0.0,0.0,-1.4428232973175177e-12,384.3333333333333,110.00606043911095,0.2862256559560563,0.3333333333333333,1,1.0,1,1.0,3,0.75,0.3333333333333333,2,0,2,0.0972222222222222,0.3888888888888888,1,1,0.0,0.7777777777777778
ransomware_01281,11.2915211664,11.2911159464,3.7602730583408295e-05,2.223842451893408e-05,0.1680626281978391,0.1239936365388557,3.4475854391934684,0.0,0.9999623972694168,50,1.28,1.0,1.28,64,50,1.0,1.28,0.98,0.0,1.7395153684621985,22.25027777777778,1634.7142857142858,2692.475979086756,72.0,0.2444453857221608,3.865142250359249,280.0,128.24004914254218,0.4580001755090792,0.42,2,0.6,2,0.6,2,0.03125,0.08,4,0,50,0.008695652173913,0.3435897435897435,1,1,0.0,0.991304347826087
ransomware_01284,1.0312294933333332,1.03088965,0.000329574539185,0.0001707863149442,-0.000441495,0.0001903404501151,1.584962500716828,0.0,0.999670425460815,3,1.0,1.0,1.0,3,3,1.0,1.0,0.6666666666666666,0.0,-1.4428232973175177e-12,0.0,0.0,0.0,0.0,0.0,-1.4428232973175177e-12,319.0,210.18801107579853,0.6588965864445095,0.3333333333333333,2,0.6666666666666666,2,0.6666666666666666,2,0.6666666666666666,0.3333333333333333,2,1,3,0.1428571428571428,0.0,1,1,0.0,0.8571428571428571
ransomware_01285,0.4245386133333333,0.4239640633333333,0.0013656769575203,0.0006082079712649,0.0248953499999999,0.0260979666837957,1.584962500716828,0.0,0.9986343230424798,3,2.0,1.0,2.0,6,3,1.0,2.0,0.6666666666666666,0.0,0.918295834051604,0.0,0.0,0.0,0.0,0.0,-1.4428232973175177e-12,201.0,88.05112151472007,0.4380652811677615,0.3333333333333333,1,1.0,1,1.0,1,0.1666666666666666,0.0,1,0,3,0.1,0.8095238095238095,1,1,0.0,0.9
ransomware_01286,96.779973889,96.7795245304,4.853050198990052e-06,2.656680984117499e-06,1.1225893753757503,0.0966254656992717,2.830490379755214,0.0,0.999995146949801,50,1.16,1.0,1.16,58,50,1.0,1.16,0.98,0.0,1.7594741932489393,10.21527777777778,750.5102040816327,689.5786386449834,2.0,-0.0423109766764691,3.341664262542768,261.42,134.951554421638,0.5162250570791753,0.54,2,0.68,2,0.68,3,0.0517241379310344,0.14,4,0,50,0.0091743119266055,0.2259887005649717,1,1,0.0,0.9908256880733946
ransomware_01287,14.489636716666666,14.489121533333332,3.555516508106968e-05,9.368328057681634e-06,-0.0005186399999992,1.590894700811285e-05,1.584962500716828,0.0,0.9999644448349188,3,1.3333333333333333,1.0,1.3333333333333333,4,3,1.0,1.3333333333333333,0.6666666666666666,0.0,1.584962500716828,0.0,0.0,0.0,0.0,0.0,-1.4428232973175177e-12,326.0,137.72073191789244,0.4224562328769706,0.6666666666666666,1,1.0,1,1.0,1,0.25,0.3333333333333333,2,0,3,0.125,0.4666666666666666,1,1,0.0,0.875
ransomware_01288,1.78686276,1.7865009,0.0002049054209694,6.356250341370967e-05,0.167168925,0.0415881682455352,1.584962500716828,0.0,0.9997950945790306,3,2.0,1.0,2.0,6,3,1.0,2.0,0.6666666666666666,0.0,0.918295834051604,0.0,0.0,0.0,0.0,0.0,-1.4428232973175177e-12,374.6666666666667,118.49613214503388,0.3162708153337203,0.6666666666666666,2,0.6666666666666666,2,0.6666666666666666,2,0.3333333333333333,0.3333333333333333,1,0,3,0.1,0.8095238095238094,1,1,0.0,0.9
ransomware_01290,0.0731947841999999,0.0727224444,0.0065139390504035,0.0030133318978974,0.0001502640230492,0.0450589441407722,4.183465189572793,0.0,0.9934860609495964,50,1.02,1.0,1.02,51,50,1.0,1.02,0.98,0.0,1.629875555199967,0.0,0.0,0.0,0.0,0.0,-1.4428232973175177e-12,262.96,130.53171637418944,0.4963938103673161,0.3,2,0.6,2,0.6,3,0.0588235294117647,0.14,4,0,50,0.0098039215686274,0.032051282051282,1,1,0.0,0.9901960784313726
ransomware_01291,1.21218746,1.2118301733333334,0.0002921618294586,0.0002060581657515,0.0367641549999999,0.0135711480276393,0.918295834051604,0.0,0.9997078381705414,3,1.3333333333333333,1.0,1.3333333333333333,4,3,1.0,1.3333333333333333,0.6666666666666666,0.0,0.918295834051604,0.0,0.0,0.0,0.0,0.0,-1.4428232973175177e-12,328.0,81.9084855189009,0.2497209924356734,0.3333333333333333,1,1.0,1,1.0,1,0.25,0.0,3,0,3,0.125,0.4666666666666666,1,1,0.0,0.875
ransomware_01292,0.0607010534,0.0602783255999999,0.007008827292617,0.003368208403261,-0.000210034357743,0.0385360801063787,4.208367439529524,0.0,0.9929911727073828,50,1.02,1.0,1.02,51,50,1.0,1.02,0.98,0.0,1.6155647272732208,9.509722222222225,698.6734693877551,706.5979830881842,14.0,0.0056391337676908,3.144360250023193,286.82,137.66903376265432,0.4799840797805395,0.4,2,0.52,2,0.52,3,0.0588235294117647,0.2,4,0,50,0.0098039215686274,0.032051282051282,1,1,0.0,0.9901960784313726
ransomware_01294,17.02495085,17.024861103333333,5.214342302985304e-06,2.745810946838759e-06,0.4647106450000002,0.0121331784455694,0.918295834051604,0.0,0.9999947856576972,3,1.3333333333333333,1.0,1.3333333333333333,4,3,1.0,1.3333333333333333,0.6666666666666666,0.0,0.918295834051604,0.0,0.0,0.0,0.0,0.0,-1.4428232973175177e-12,153.66666666666666,59.91939029507338,0.3899309563670718,0.0,2,0.6666666666666666,2,0.6666666666666666,2,0.5,0.0,2,0,3,0.125,0.3333333333333333,1,1,0.0,0.875
ransomware_01295,0.2539057733333333,0.2534241966666666,0.0018323311620639,0.0008733321966077,0.03061978,0.0536996517700752,1.584962500716828,0.0,0.998167668837936,3,2.0,1.0,2.0,6,3,1.0,2.0,0.6666666666666666,0.0,1.584962500716828,0.0,0.0,0.0,0.0,0.0,-1.4428232973175177e-12,181.66666666666663,43.68447474027053,0.2404649985702964,1.0,1,1.0,1,1.0,1,0.1666666666666666,0.0,3,0,3,0.1,0.8095238095238095,1,1,0.0,0.9
ransomware_01297,10.002980463333332,10.00289007,9.03666242976743e-06,5.564376602939572e-06,-0.0001210049999995,5.3764461694419724e-06,1.584962500716828,1.0,0.9999909633375704,3,1.0,1.0,1.0,3,3,1.0,1.0,0.6666666666666666,0.0,0.918295834051604,0.0,0.0,0.0,0.0,0.0,-1.4428232973175177e-12,237.0,220.8823216103996,0.93199291818734,1.0,1,1.0,1,1.0,2,0.6666666666666666,0.0,2,2,3,0.1428571428571428,0.0,1,1,0.0,0.8571428571428571
ransomware_01299,0.8894025790000001,0.8889945314000001,0.0004590128654735,0.0002172992419797,0.0053751045690276,0.0512108163773575,1.7429661954617508,0.28,0.9995409871345264,50,1.04,1.0,1.04,52,50,1.0,1.04,0.98,0.0,1.610756363523003,56.430277777777775,4145.897959183673,6876.96024520118,155.0,0.247763532414043,4.225979129951364,285.82,123.03569914990577,0.4304656747250219,0.38,1,1.0,1,1.0,1,0.0192307692307692,0.12,4,0,50,0.0097087378640776,0.0628930817610062,1,1,0.0,0.9902912621359224
ransomware_01300,0.0570101099999999,0.0565289565999999,0.0086039779792477,0.0036762770230761,0.0001742146079231,0.0691779607338445,4.243074189399716,0.06,0.991396022020752,50,1.0,1.0,1.0,50,50,1.0,1.0,0.98,0.0,1.6735522858596228,0.0,0.0,0.0,0.0,0.0,-1.4428232973175177e-12,250.26,136.4154533708236,0.5450949147719316,0.34,2,0.54,1,1.0,2,0.04,0.12,4,0,50,0.0099009900990099,0.0,1,1,0.0,0.99009900990099
ransomware_01302,0.9898622304,0.9894452444,0.0005218675809783,0.0004177963991685,0.02676184870012,0.2253204180320175,3.863144940957051,0.0,0.9994781324190218,50,1.58,1.0,1.58,79,50,1.0,1.58,0.98,0.0,1.6387890365493605,7.9752777777777775,585.9387755102041,563.2137886822071,20.0,-0.0197754306400276,3.0678798659774538,254.34,117.1145627850206,0.4604645859283659,0.34,2,0.5,2,0.5,3,0.0379746835443038,0.08,3,0,50,0.0076923076923076,0.5375,1,1,0.0,0.9923076923076924
ransomware_01303,0.0288274999999999,0.0286963233333333,0.0046014180335375,0.0027837451247964,0.00112302,0.0173931689506795,1.584962500716828,0.0,0.9953985819664624,3,1.6666666666666667,1.0,1.6666666666666667,5,3,1.0,1.6666666666666667,0.6666666666666666,0.0,0.918295834051604,0.0,0.0,0.0,0.0,0.0,-1.4428232973175177e-12,247.66666666666663,78.34113436333006,0.3163168278465547,0.3333333333333333,1,1.0,1,1.0,1,0.2,0.0,2,2,3,0.1111111111111111,0.611111111111111,1,1,0.0,0.8888888888888888
ransomware_01304,0.0058257008,0.0054270205999999,0.1100150344480484,0.1041846227555663,-0.0002402590573829,0.4053405664242371,3.868438191086859,0.0,0.8899849655519515,50,1.0,1.0,1.0,50,50,1.0,1.0,0.92,0.0,1.7360220272656577,1.176388888888889,86.42857142857143,134.35849091751757,1.0,0.2170866308000187,0.9580420222234144,271.18,127.0570641523737,0.4685340517456069,0.38,1,1.0,1,1.0,1,0.02,0.1,4,0,34,0.0093353248693054,0.0,1,1,0.0,0.9615384615384616
ransomware_01305,0.0010892366666666,0.0008117466666666,0.2544777746249217,0.0545736332498272,-0.00025855,0.1415603116462168,1.584962500716828,0.0,0.7455222253750783,3,1.0,1.0,1.0,3,3,1.0,1.0,0.6666666666666666,0.0,-1.4428232973175177e-12,0.0,0.0,0.0,0.0,0.0,-1.4428232973175177e-12,195.33333333333331,85.56479026640183,0.4380450013638318,0.0,1,1.0,1,1.0,2,0.6666666666666666,0.0,1,0,3,0.1428571428571428,0.0,1,1,0.0,0.8571428571428571
ransomware_01306,2.6523028998,2.6518973746,0.0044107942242011,0.0106138019193903,-0.1841236539174069,0.7664120472821855,3.8903029273393583,0.0224719101123595,0.9955892057757988,50,1.24,1.78,0.6966292134831461,62,89,1.78,1.24,0.6741573033707865,0.0,1.7974570730082593,13.765,1011.3061224489796,2220.5638390804943,17.0,0.3741665757056749,3.169228804933365,266.62,129.64045885227563,0.4862368121381578,0.46,2,0.5,2,0.5,2,0.032258064516129,0.14,4,0,7,0.0076494427558257,0.554825333396762,1,1,-0.2767991142713642,1.070921985815603
ransomware_01307,0.0011920266666666,0.0007994833333333,0.3447175607071006,0.0826632174019648,-0.00034645,0.1925966075312527,1.584962500716828,0.0,0.6552824392928994,3,1.0,1.0,1.0,3,3,1.0,1.0,0.6666666666666666,0.0,1.584962500716828,0.0,0.0,0.0,0.0,0.0,-1.4428232973175177e-12,319.0,113.2651755836718,0.3550632463437987,0.6666666666666666,1,1.0,1,1.0,1,0.3333333333333333,0.0,3,1,3,0.1428571428571428,0.0,1,1,0.0,0.8571428571428571
ransomware_01308,1.2658019733333334,1.2652839433333334,0.0004087584123677,9.364618182057112e-05,0.0615992049999999,0.0217542351576281,0.918295834051604,0.0,0.9995912415876322,3,1.3333333333333333,1.0,1.3333333333333333,4,3,1.0,1.3333333333333333,0.6666666666666666,0.0,1.584962500716828,0.0,0.0,0.0,0.0,0.0,-1.4428232973175177e-12,263.0,187.2885474341664,0.712123754502534,0.6666666666666666,2,0.6666666666666666,2,0.6666666666666666,2,0.5,0.0,1,1,3,0.125,0.3333333333333333,1,1,0.0,0.875
ransomware_01309,0.0420585266666666,0.0416992266666666,0.0082289852207368,0.0075253941845226,0.0019723049999999,0.0221652924871719,1.584962500716828,0.0,0.9917710147792632,3,1.3333333333333333,1.0,1.3333333333333333,4,3,1.0,1.3333333333333333,0.6666666666666666,0.0,1.584962500716828,0.0,0.0,0.0,0.0,0.0,-1.4428232973175177e-12,165.0,29.512709126747414,0.1788649037984691,0.3333333333333333,2,0.6666666666666666,2,0.6666666666666666,2,0.5,0.3333333333333333,2,0,3,0.125,0.4666666666666666,1,1,0.0,0.875
ransomware_01311,1.53886343,1.53814677,0.0006013387976291,0.0002966141937729,-0.7797649649999999,0.5366776364879915,3.664497779181707,0.0,0.9993986612023708,3,1.0,4.666666666666667,0.2142857142857142,3,14,4.666666666666667,1.0,0.1428571428571428,0.0,0.918295834051604,0.0,0.0,0.0,0.0,0.0,-1.4428232973175177e-12,239.0,103.3634364753804,0.4324829978049389,0.6666666666666666,1,1.0,1,1.0,1,0.3333333333333333,0.6666666666666666,3,0,2,0.0555555555555555,0.9309090909090908,1,1,0.0,0.9444444444444444
ransomware_01313,0.0087550433333333,0.0083314566666666,0.0485790397433039,0.0116060732228266,-0.00381408,0.5169878923400216,2.725480556987769,0.0,0.951420960256696,3,1.0,3.0,0.3333333333333333,3,9,3.0,1.0,0.2222222222222222,0.0,0.918295834051604,0.0,0.0,0.0,0.0,0.0,-1.4428232973175177e-12,230.33333333333331,80.27660514330022,0.34852361133126,0.3333333333333333,2,0.6666666666666666,2,0.6666666666666666,2,0.6666666666666666,0.0,2,0,3,0.0769230769230769,0.75,1,1,0.0,0.9230769230769232
ransomware_01314,48.518321463333336,48.517891393333336,8.771471399288665e-06,5.600529921414128e-06,1.1093420149999993,0.0101642724468116,0.918295834051604,0.0,0.9999912285286008,3,1.3333333333333333,1.0,1.3333333333333333,4,3,1.0,1.3333333333333333,0.6666666666666666,0.0,0.918295834051604,0.0,0.0,0.0,0.0,0.0,-1.4428232973175177e-12,359.6666666666667,167.5271122336123,0.4657843713631482,0.3333333333333333,2,0.6666666666666666,2,0.6666666666666666,2,0.5,0.0,2,2,3,0.125,0.3333333333333333,1,1,0.0,0.875
ransomware_01317,3.446519626666667,3.4460523866666666,0.0001355673089125,0.0001069594928854,-0.00041156,5.307973734352256e-05,1.584962500716828,0.0,0.9998644326910876,3,1.0,1.0,1.0,3,3,1.0,1.0,0.6666666666666666,0.0,0.918295834051604,0.0,0.0,0.0,0.0,0.0,-1.4428232973175177e-12,304.6666666666667,216.6110184947509,0.7109770847748936,0.3333333333333333,1,1.0,1,1.0,1,0.3333333333333333,0.6666666666666666,2,0,3,0.1428571428571428,0.0,1,1,0.0,0.8571428571428571
ransomware_01318,13.79744345,13.797089166666666,2.5139093666046583e-05,8.96598190596663e-06,1.5296166000000009,0.0492734077302657,1.584962500716828,0.0,0.999974860906334,3,1.6666666666666667,1.0,1.6666666666666667,5,3,1.0,1.6666666666666667,0.6666666666666666,0.0,0.918295834051604,0.0,0.0,0.0,0.0,0.0,-1.4428232973175177e-12,260.3333333333333,46.5008960487143,0.1786205994188769,0.6666666666666666,1,1.0,1,1.0,1,0.2,0.3333333333333333,2,2,3,0.1111111111111111,0.611111111111111,1,1,0.0,0.8888888888888888
ransomware_01319,15.06601707,15.06548999,3.5035128722641886e-05,1.4699098225995996e-05,0.7640211749999999,0.0225392580587858,1.584962500716828,0.0,0.9999649648712774,3,1.6666666666666667,1.0,1.6666666666666667,5,3,1.0,1.6666666666666667,0.6666666666666666,0.0,0.918295834051604,0.0,0.0,0.0,0.0,0.0,-1.4428232973175177e-12,341.6666666666667,187.2039885614976,0.5479141128629198,1.0,2,0.6666666666666666,2,0.6666666666666666,2,0.4,0.3333333333333333,2,2,3,0.1111111111111111,0.611111111111111,1,1,0.0,0.8888888888888888
ransomware_01320,0.0469778107999999,0.0465518924,0.0490741598472974,0.0824113373034843,-0.0020947170477791,0.6675575715363159,3.9807815644675895,0.0,0.9509258401527024,50,1.24,1.66,0.746987951807229,62,83,1.66,1.24,0.6867469879518072,0.0,1.758297570272249,23.807777777777776,1749.142857142857,1343.1633389510157,60.0,-0.1312869723912416,4.351272380079728,286.04,123.60915361389245,0.4321393987340667,0.34,2,0.54,2,0.54,2,0.032258064516129,0.12,4,0,22,0.0076695229027821,0.5533459595959596,1,1,-0.2575741553363036,1.0507246376811594
ransomware_01321,179.5349133886,179.5344547636,0.0056286040427399,0.0387345281941471,-7.693039992765424,0.636960324487623,3.25162386270445,0.0,0.99437139595726,50,1.22,1.22,1.0,61,61,1.22,1.22,0.918032786885246,0.0,1.6813824112838116,3.9341666666666666,289.0408163265306,317.4747272077892,0.0,0.046880762058573,2.1843265549852906,242.36,130.55857392178345,0.5386968720984628,0.48,2,0.58,2,0.58,2,0.0327868852459016,0.18,4,0,18,0.0091454272863568,0.3373376623376622,1,1,-0.1616948283746778,1.0517241379310345
ransomware_01322,3.532691063333333,3.5321135666666663,0.0001634743657975,2.3903205279379244e-05,-0.0006064250000001,0.4523068690792744,2.235926350621819,0.0,0.9998365256342024,3,1.0,2.333333333333333,0.4285714285714285,3,7,2.333333333333333,1.0,0.2857142857142857,0.0,0.918295834051604,0.115,207.0,95.0,112.0,-0.3708609271523179,-1.4428232973175177e-12,327.0,192.1900101462092,0.5877370340862667,0.6666666666666666,2,0.6666666666666666,2,0.6666666666666666,2,0.6666666666666666,0.0,3,1,3,0.0909090909090909,0.7083333333333333,1,1,0.0,0.9090909090909092
ransomware_01323,0.0575041266666666,0.05698392,0.0993415790655898,0.1612784593873691,-0.00193564,0.7774574651936896,2.7219280948772635,0.0,0.9006584209344103,3,1.3333333333333333,3.333333333333333,0.3999999999999999,4,10,3.333333333333333,1.3333333333333333,0.3,0.0,0.918295834051604,0.0,0.0,0.0,0.0,0.0,-1.4428232973175177e-12,293.0,188.79618640216228,0.644355584990315,0.6666666666666666,1,1.0,1,1.0,1,0.25,0.3333333333333333,3,2,2,0.0769230769230769,0.894949494949495,1,1,-0.5333333333333344,1.0
ransomware_01325,3.3108850566666668,3.310756636666666,3.878688873077212e-05,3.458161501661016e-05,-0.00016619,2.230977094605141e-05,1.584962500716828,0.0,0.9999612131112692,3,1.0,1.0,1.0,3,3,1.0,1.0,0.6666666666666666,0.0,0.918295834051604,0.9536111111111112,1716.5,809.5,907.0,-0.3590657165479018,0.918295834051604,241.0,175.06855799943062,0.7264255518648574,0.6666666666666666,2,0.6666666666666666,2,0.6666666666666666,2,0.6666666666666666,0.3333333333333333,2,2,3,0.1428571428571428,0.0,1,1,0.0,0.8571428571428571
ransomware_01326,0.6082839933333334,0.6081124333333333,0.0002822358083866,0.0003594175577597,0.0583477949999999,0.0426440110608931,1.584962500716828,0.0,0.9997177641916134,3,1.6666666666666667,1.0,1.6666666666666667,5,3,1.0,1.6666666666666667,0.6666666666666666,0.0,0.918295834051604,0.0,0.0,0.0,0.0,0.0,-1.4428232973175177e-12,254.33333333333331,156.57692465153775,0.6156366631122061,0.3333333333333333,2,0.6666666666666666,2,0.6666666666666666,3,0.6,0.3333333333333333,2,1,3,0.1111111111111111,0.611111111111111,1,1,0.0,0.8888888888888888
ransomware_01327,0.02948188,0.02925141,0.007625939848267,0.0050920931797744,0.00156768,0.0238192506503675,1.584962500716828,0.0,0.9923740601517328,3,2.0,1.0,2.0,6,3,1.0,2.0,0.6666666666666666,0.0,1.584962500716828,0.0,0.0,0.0,0.0,0.0,-1.4428232973175177e-12,195.33333333333331,125.32491106453392,0.6415951078389107,0.6666666666666666,2,0.6666666666666666,2,0.6666666666666666,2,0.3333333333333333,0.3333333333333333,3,0,3,0.1,0.8095238095238094,1,1,0.0,0.9
ransomware_01328,0.0903909033333333,0.08988873,0.0055496705164968,0.0030401295442225,-0.0003893999999999,0.0019253433290987,1.584962500716828,0.0,0.9944503294835032,3,1.0,1.0,1.0,3,3,1.0,1.0,0.6666666666666666,0.0,0.918295834051604,0.0,0.0,0.0,0.0,0.0,-1.4428232973175177e-12,336.3333333333333,34.31229128655406,0.1020187055100715,0.0,1,1.0,1,1.0,1,0.3333333333333333,0.3333333333333333,3,1,3,0.1428571428571428,0.0,1,1,0.0,0.8571428571428571
ransomware_01329,0.0158846666666666,0.0152856433333333,0.0375256791119166,0.0101280505873094,0.0002623049999999,0.01601226539442,1.584962500716828,0.0,0.9624743208880834,3,1.3333333333333333,1.0,1.3333333333333333,4,3,1.0,1.3333333333333333,0.6666666666666666,0.0,-1.4428232973175177e-12,0.0,0.0,0.0,0.0,0.0,-1.4428232973175177e-12,315.6666666666667,89.14220848359845,0.2823934798846835,0.6666666666666666,1,1.0,1,1.0,1,0.25,0.0,1,0,3,0.125,0.4666666666666666,1,1,0.0,0.875
ransomware_01330,4.970194403333333,4.970002283333334,9.675399901302707e-05,6.675833938934295e-05,-6.238580385000001,0.5669319024646036,2.8731406795015912,0.0,0.999903246000987,3,1.0,4.333333333333333,0.2307692307692307,3,13,4.333333333333333,1.0,0.1538461538461538,0.0,0.918295834051604,0.0,0.0,0.0,0.0,0.0,-1.4428232973175177e-12,385.0,86.85044617041412,0.2255855744686081,0.3333333333333333,2,0.6666666666666666,1,1.0,2,0.6666666666666666,0.3333333333333333,3,2,2,0.0588235294117647,0.8728354978354977,1,1,0.0,0.9411764705882352
ransomware_01333,0.4894421833333333,0.4892122366666667,0.0004696845276028,0.0003101610574241,-0.0001531899999999,0.0001391715892234,1.584962500716828,0.0,0.9995303154723972,3,1.0,1.0,1.0,3,3,1.0,1.0,0.6666666666666666,0.0,1.584962500716828,0.0,0.0,0.0,0.0,0.0,-1.4428232973175177e-12,302.0,137.0109484676316,0.4536786373100384,0.0,2,0.6666666666666666,2,0.6666666666666666,2,0.6666666666666666,0.0,3,0,3,0.1428571428571428,0.0,1,1,0.0,0.8571428571428571
ransomware_01336,2.9845798900000005,2.984218866666667,0.0001182559704112,9.883104126686302e-05,0.1173047950000001,0.0174703889941821,1.584962500716828,0.0,0.9998817440295888,3,2.0,1.0,2.0,6,3,1.0,2.0,0.6666666666666666,0.0,0.918295834051604,0.0,0.0,0.0,0.0,0.0,-1.4428232973175177e-12,116.0,35.79106033634656,0.3085436235891945,0.3333333333333333,1,1.0,1,1.0,1,0.1666666666666666,0.6666666666666666,2,0,3,0.1,0.8095238095238094,1,1,0.0,0.9
ransomware_01337,1.8534753833333333,1.85310951,0.0001973751183061,0.0001790200260689,-0.000356715,8.555349759111391e-05,0.918295834051604,0.0,0.9998026248816938,3,1.0,1.0,1.0,3,3,1.0,1.0,0.6666666666666666,0.0,0.918295834051604,0.0,0.0,0.0,0.0,0.0,-1.4428232973175177e-12,229.0,73.18469785412795,0.3195838334241395,0.3333333333333333,1,1.0,1,1.0,1,0.3333333333333333,0.3333333333333333,3,2,3,0.1428571428571428,0.0,1,1,0.0,0.8571428571428571
ransomware_01338,0.1123961666666666,0.1118177033333333,0.0051411047737063,0.0017150298963558,-0.0005373499999999,0.0021358176308654,1.584962500716828,0.0,0.9948588952262936,3,1.3333333333333333,1.0,1.3333333333333333,4,3,1.0,1.3333333333333333,0.6666666666666666,0.0,0.918295834051604,0.0,0.0,0.0,0.0,0.0,-1.4428232973175177e-12,312.3333333333333,123.62173487430653,0.395800645275261,0.0,1,1.0,1,1.0,2,0.5,0.6666666666666666,2,2,3,0.125,0.4666666666666667,1,1,0.0,0.875
ransomware_01341,3.597989853333333,3.5974697066666668,0.0001466110240669,7.766442616181231e-05,0.1349378399999998,0.0166875821080192,0.918295834051604,0.0,0.999853388975933,3,1.3333333333333333,1.0,1.3333333333333333,4,3,1.0,1.3333333333333333,0.6666666666666666,0.0,1.584962500716828,0.0,0.0,0.0,0.0,0.0,-1.4428232973175177e-12,178.33333333333334,96.3448666683043,0.5402515887942297,0.3333333333333333,2,0.6666666666666666,2,0.6666666666666666,2,0.5,0.0,2,0,3,0.125,0.3333333333333333,1,1,0.0,0.875
ransomware_01343,12.4215133232,12.4211105204,3.2549339763621686e-05,1.8722094669495745e-05,0.1208764457037214,0.0811068934657188,1.8815350140820248,0.0,0.9999674506602362,50,1.06,1.0,1.06,53,50,1.0,1.06,0.98,0.0,1.878032200905352,22.08055555555556,1622.2448979591836,2469.610185968068,16.0,0.2070858499699374,3.900685879827327,288.58,126.72565418482333,0.4391352629593989,0.4,2,0.56,2,0.56,3,0.0566037735849056,0.12,4,0,50,0.0096153846153846,0.0925925925925925,1,1,0.0,0.9903846153846154
ransomware_01344,0.1238632266666666,0.1236656233333333,0.0016154894069759,0.0017043246747951,0.007799625,0.0287785536663242,0.918295834051604,0.0,0.998384510593024,3,1.3333333333333333,1.0,1.3333333333333333,4,3,1.0,1.3333333333333333,0.6666666666666666,0.0,1.584962500716828,0.0,0.0,0.0,0.0,0.0,-1.4428232973175177e-12,271.3333333333333,72.66590213665096,0.2678104501350772,0.3333333333333333,1,1.0,1,1.0,1,0.25,0.0,2,0,3,0.125,0.4666666666666666,1,1,0.0,0.875
ransomware_01345,0.00094107,0.0005241833333333,0.6055712856745626,0.3892665229733518,-0.000541525,0.4591480928004408,1.584962500716828,0.0,0.3944287143254373,3,1.3333333333333333,1.0,1.3333333333333333,4,3,1.0,1.3333333333333333,0.3333333333333333,0.0,0.918295834051604,0.0,0.0,0.0,0.0,0.0,-1.4428232973175177e-12,118.0,37.74917217635375,0.3199082387826588,0.6666666666666666,2,0.6666666666666666,2,0.6666666666666666,2,0.5,0.0,2,1,2,0.0972222222222222,0.3888888888888889,1,1,0.0,0.7777777777777778
ransomware_01346,0.7268718977999999,0.7265563027999999,0.0004562442444334,0.0003509025485773,0.007882223497719,0.0908706345833932,2.588716745573897,0.0,0.9995437557555664,50,1.24,1.0,1.24,62,50,1.0,1.24,0.98,0.0,1.7174776241351752,133.98222222222222,9843.591836734691,10293.681923767048,19.0,0.0223510934193676,4.201076879997518,258.3,129.4046414333342,0.5009858359788394,0.38,2,0.52,2,0.52,3,0.0483870967741935,0.2,4,0,50,0.0088495575221238,0.3068783068783068,1,1,0.0,0.991150442477876
ransomware_01348,0.0102945066666666,0.00988534,0.0391893107085634,0.0223673191361782,-0.000374885,0.0168548128395742,1.584962500716828,0.0,0.9608106892914366,3,1.0,1.0,1.0,3,3,1.0,1.0,0.6666666666666666,0.0,0.918295834051604,0.0,0.0,0.0,0.0,0.0,-1.4428232973175177e-12,249.33333333333331,176.8228869047594,0.7091827014896767,1.0,1,1.0,1,1.0,2,0.6666666666666666,0.3333333333333333,2,0,3,0.1428571428571428,0.0,1,1,0.0,0.8571428571428571
ransomware_01349,0.0495197733333333,0.04901549,0.0101626205439321,0.0067244266227324,-0.000385235,0.0034930907669302,1.584962500716828,0.0,0.989837379456068,3,1.0,1.0,1.0,3,3,1.0,1.0,0.6666666666666666,0.0,0.918295834051604,2.0875,3757.5,1470.5,2287.0,-0.437452180566182,1.584962500716828,225.33333333333331,166.5723066218792,0.7392262128189905,0.0,2,0.6666666666666666,2,0.6666666666666666,2,0.6666666666666666,0.3333333333333333,2,0,3,0.1428571428571428,0.0,1,1,0.0,0.8571428571428571
ransomware_01350,56.24015440333333,56.23974227666667,7.327943474806404e-06,5.352995695842032e-06,-0.0002748549999971,2.172089928567827e-06,1.584962500716828,0.0,0.9999926720565252,3,1.0,1.0,1.0,3,3,1.0,1.0,0.6666666666666666,0.0,0.918295834051604,0.0,0.0,0.0,0.0,0.0,-1.4428232973175177e-12,203.33333333333331,57.55287424041768,0.2830469224938574,1.0,2,0.6666666666666666,2,0.6666666666666666,2,0.6666666666666666,0.0,3,0,3,0.1428571428571428,0.0,1,1,0.0,0.8571428571428571
ransomware_01351,0.00239813,0.0019621,0.1752801177882194,0.1025254069824224,1.536500000000004e-05,0.0312850743817565,1.584962500716828,0.0,0.8247198822117805,3,2.0,1.0,2.0,6,3,1.0,2.0,0.6666666666666666,0.0,0.918295834051604,0.0,0.0,0.0,0.0,0.0,-1.4428232973175177e-12,262.3333333333333,19.857828011475306,0.0756969301581015,0.0,1,1.0,1,1.0,1,0.1666666666666666,0.0,2,0,3,0.1,0.8095238095238094,1,1,0.0,0.9
ransomware_01352,0.3215617666666666,0.3210841133333333,0.0014858101372715,0.0007460058366798,-0.00052819,0.00073112029329,1.584962500716828,0.0,0.9985141898627284,3,1.3333333333333333,1.0,1.3333333333333333,4,3,1.0,1.3333333333333333,0.6666666666666666,0.0,0.918295834051604,0.0,0.0,0.0,0.0,0.0,-1.4428232973175177e-12,233.0,193.40889328053143,0.8300810870409074,0.0,2,0.6666666666666666,2,0.6666666666666666,2,0.5,0.3333333333333333,2,1,3,0.125,0.4666666666666666,1,1,0.0,0.875
ransomware_01353,0.7137329924000001,0.7133589057999999,0.0080295183201293,0.0204809379677404,-0.0105779057906362,0.5529954129435851,3.727180981398557,0.0579710144927536,0.9919704816798705,50,1.5,1.38,1.0869565217391306,75,69,1.38,1.5,0.9855072463768116,0.0,1.8467341583314545,0.0,0.0,0.0,0.0,0.0,-1.4428232973175177e-12,290.16,120.40871891950654,0.4149735281207145,0.34,2,0.56,2,0.56,2,0.0266666666666666,0.16,4,0,27,0.0091428571428571,0.4828320802005013,1,1,-0.3173603834642438,1.1428571428571428
ransomware_01354,0.03480336,0.03444034,0.010410088307035,0.0042697685026375,-0.00028711,0.0037050866641978,1.584962500716828,0.0,0.9895899116929648,3,1.0,1.0,1.0,3,3,1.0,1.0,0.6666666666666666,0.0,0.918295834051604,0.0,0.0,0.0,0.0,0.0,-1.4428232973175177e-12,311.6666666666667,140.50741380202447,0.4508259266375116,0.0,2,0.6666666666666666,2,0.6666666666666666,3,1.0,0.3333333333333333,2,2,3,0.1428571428571428,0.0,1,1,0.0,0.8571428571428571
ransomware_01355,0.0014514166666666,0.0009238033333333,0.4055602519699369,0.2552185074566954,-0.000551625,0.2653883763138619,1.584962500716828,0.0,0.5944397480300632,3,1.3333333333333333,1.0,1.3333333333333333,4,3,1.0,1.3333333333333333,0.6666666666666666,0.0,1.584962500716828,0.0,0.0,0.0,0.0,0.0,-1.4428232973175177e-12,182.0,107.01401777337396,0.5879891086449119,0.3333333333333333,2,0.6666666666666666,2,0.6666666666666666,2,0.5,0.0,2,1,3,0.125,0.4666666666666666,1,1,0.0,0.875
ransomware_01356,4.4366810518,4.436248451400001,0.0001012155118807,6.149540674514831e-05,0.0821251414737094,0.1542230185246021,3.4746265016569686,0.02,0.9998987844881192,50,1.3,1.0,1.3,65,50,1.0,1.3,0.98,0.0,1.7475294079437078,28.065277777777776,2061.938775510204,2382.9407951072258,24.0,0.0722183839847953,3.90398182055638,288.48,128.55813264584918,0.4456396722332542,0.34,2,0.52,2,0.52,2,0.0307692307692307,0.12,4,0,50,0.0086206896551724,0.3535353535353533,1,1,0.0,0.9913793103448276
ransomware_01357,29.2028927708,29.202437619199998,3.6212992659048606e-05,7.122941150747216e-05,0.144289888920048,0.4212203060081879,3.38189651897483,0.0,0.999963787007341,50,1.9,1.44,1.3194444444444444,95,72,1.44,1.9,0.9722222222222222,0.0,1.368060376045464,0.8555555555555555,62.85714285714285,62.71640087549277,4.0,-0.0011207932615945,0.9248187049701448,281.34,140.6268198068192,0.4998465195379938,0.3,1,1.0,1,1.0,3,0.031578947368421,0.22,4,0,36,0.0077811946696486,0.6386994448850121,1,1,-0.2637303518398627,1.1360544217687074
ransomware_01358,0.0003171533333333,0.00020149,0.7423836316525282,0.4218197320148888,-0.000300735,0.5522751335881022,1.7499999999942293,0.0,0.2576163683474717,3,1.0,2.6666666666666665,0.375,3,8,2.6666666666666665,1.0,0.0,0.0,0.918295834051604,0.0,0.0,0.0,0.0,0.0,-1.4428232973175177e-12,237.0,75.43871685016919,0.3183068221526126,1.0,1,1.0,1,1.0,2,0.6666666666666666,0.0,2,2,1,0.0604395604395604,0.6363636363636364,1,1,0.0,0.7857142857142857
ransomware_01359,2.8260000000000004e-05,1e-06,0.8513028313522676,0.155325373963146,0.0,0.0,-1.4428232973175177e-12,0.0,0.1486971686477324,3,1.0,1.0,1.0,3,3,1.0,1.0,0.0,0.0,0.918295834051604,0.0,0.0,0.0,0.0,0.0,-1.4428232973175177e-12,190.66666666666663,59.00282479113465,0.3094553747786782,0.0,1,1.0,1,1.0,1,0.3333333333333333,0.0,3,1,1,0.0833333333333333,0.0,1,1,0.0,0.6666666666666666
ransomware_01360,0.4256247333333333,0.4251315833333333,0.0011509498059112,0.0001381693707674,0.0369488749999999,0.038627387063234,1.584962500716828,0.0,0.9988490501940888,3,2.0,1.0,2.0,6,3,1.0,2.0,0.6666666666666666,0.0,0.918295834051604,0.0,0.0,0.0,0.0,0.0,-1.4428232973175177e-12,132.66666666666666,67.00248751601193,0.5050438757488337,0.3333333333333333,1,1.0,1,1.0,1,0.1666666666666666,0.3333333333333333,3,0,3,0.1,0.8095238095238095,1,1,0.0,0.9
ransomware_01361,0.0093758997999999,0.008943839,0.0840276936348992,0.1141499137448608,-0.0003180856206482,0.3030717583355424,3.25454598459981,0.02,0.9159723063651009,50,1.08,1.0,1.08,54,50,1.0,1.08,0.94,0.0,1.551440319450131,70.02166666666666,5144.448979591837,6858.523301706424,51.0,0.1428041556661155,4.04637013012877,261.8,121.3813353503271,0.4636414642869637,0.5,2,0.54,2,0.54,2,0.037037037037037,0.1,4,0,46,0.0091694586492682,0.1169590643274853,1,1,0.0,0.97196261682243
ransomware_01362,7.337957474400001,7.3375542878,6.0845693535692665e-05,4.543181872133055e-05,0.1624702337954381,0.1844526937339763,3.597167734900115,0.04,0.9999391543064644,50,1.48,1.0,1.48,74,50,1.0,1.48,0.98,0.0,1.64924809871291,0.4125,30.306122448979597,38.58899286945545,0.0,0.1202243494650123,0.2422921890795294,263.48,126.04651554736708,0.4783912082411077,0.48,1,1.0,1,1.0,1,0.0135135135135135,0.14,4,0,50,0.008,0.4933333333333334,1,1,0.0,0.992
ransomware_01364,0.0916056466666666,0.0909636633333333,0.007003392902978,0.0014436907592858,-0.0006308,0.0030820609601901,1.584962500716828,0.0,0.992996607097022,3,1.3333333333333333,1.0,1.3333333333333333,4,3,1.0,1.3333333333333333,0.6666666666666666,0.0,1.584962500716828,0.0,0.0,0.0,0.0,0.0,-1.4428232973175177e-12,240.66666666666663,166.39210718460575,0.6913799467504395,0.3333333333333333,2,0.6666666666666666,2,0.6666666666666666,2,0.5,0.3333333333333333,2,0,3,0.125,0.4666666666666666,1,1,0.0,0.875
ransomware_01367,0.1621772529999999,0.1618164298,0.0025967637543593,0.0020378417087111,0.0036722926765906,0.1892218980349792,3.796245381598123,0.0,0.9974032362456406,50,1.5,1.0,1.5,75,50,1.0,1.5,0.98,0.0,1.6992365361625086,15.2725,1122.061224489796,2109.5114572071648,0.0,0.3055633680498994,3.577851690831572,264.7,139.87534537901223,0.5284297143143644,0.4,2,0.5,2,0.5,2,0.0266666666666666,0.1,4,0,50,0.0079365079365079,0.5,1,1,0.0,0.992063492063492
ransomware_01368,0.0568871098,0.0565090828,0.0118246867495334,0.0148056039304447,0.0010813709282112,0.3651025373621125,3.106053784991892,0.0,0.9881753132504666,50,1.38,1.12,1.232142857142857,69,56,1.12,1.38,0.9821428571428572,0.0,1.5733368233976834,19.485277777777775,1431.571428571429,1310.333280552108,29.0,-0.0442167620252839,4.17088137991098,261.18,133.55388578458982,0.5113480579852585,0.24,1,1.0,1,1.0,1,0.0144927536231884,0.16,4,0,39,0.0087535014005602,0.449659863945578,1,1,-0.1609682373229138,1.0416666666666667
ransomware_01369,0.0217798866666666,0.0213986233333333,0.0171638090183738,0.0090480022333702,0.0015040699999999,0.031239185116841,0.918295834051604,0.0,0.9828361909816262,3,2.0,1.0,2.0,6,3,1.0,2.0,0.6666666666666666,0.0,0.918295834051604,0.0,0.0,0.0,0.0,0.0,-1.4428232973175177e-12,310.6666666666667,163.27992324022367,0.5255791520608057,0.0,1,1.0,1,1.0,2,0.3333333333333333,0.0,2,0,3,0.1,0.8095238095238095,1,1,0.0,0.9
ransomware_01370,3.971285753333333,3.9709558633333337,8.306358239274247e-05,7.705375692421807e-05,-0.0001560549999999,1.7466267610493615e-05,1.584962500716828,0.0,0.9999169364176071,3,1.0,1.0,1.0,3,3,1.0,1.0,0.6666666666666666,0.0,0.918295834051604,0.0,0.0,0.0,0.0,0.0,-1.4428232973175177e-12,359.0,85.15867542417507,0.2372107950534124,0.3333333333333333,1,1.0,1,1.0,2,0.6666666666666666,0.3333333333333333,1,0,3,0.1428571428571428,0.0,1,1,0.0,0.8571428571428571
ransomware_01371,4.1804331136,4.1800386514,0.0001042836644686,6.764016869255237e-05,0.0671462442434574,0.1338162174210177,3.580503832734128,0.06,0.9998957163355316,50,1.42,1.0,1.42,71,50,1.0,1.42,0.98,0.0,1.6535325726757302,9.074722222222222,666.7142857142857,1078.9963590564812,3.0,0.2361686196834374,3.030308332654803,252.44,130.00630439972312,0.5149988290275833,0.34,2,0.56,2,0.56,3,0.0422535211267605,0.2,4,0,50,0.0081967213114754,0.4583333333333331,1,1,0.0,0.9918032786885246
ransomware_01372,0.9276483866666666,0.9272615633333334,0.0003597451294787,0.0002273459072447,-0.7205405250000001,0.6720291371651771,3.121928094874378,0.0,0.9996402548705212,3,1.0,3.333333333333333,0.3,3,10,3.333333333333333,1.0,0.2,0.0,0.918295834051604,0.0,0.0,0.0,0.0,0.0,-1.4428232973175177e-12,265.3333333333333,169.16658456484052,0.6375625046413588,0.3333333333333333,1,1.0,1,1.0,1,0.3333333333333333,0.0,1,0,2,0.0714285714285714,0.8222222222222222,1,1,0.0,0.9285714285714286
ransomware_01373,0.0562529203999999,0.0558674017999999,0.0073725467622665,0.0045596088659954,0.0010371510794717,0.1553313155866147,3.9479764393578898,0.0,0.9926274532377336,50,1.46,1.0,1.46,73,50,1.0,1.46,0.98,0.0,1.6430741894227987,0.4733333333333333,34.775510204081634,39.584198716217536,2.0,0.0646679308184219,-1.4428232973175177e-12,306.74,135.46274583886185,0.4416207401671182,0.46,2,0.58,2,0.58,3,0.0410958904109589,0.12,4,2,50,0.0080645161290322,0.4819819819819818,1,1,0.0,0.9919354838709676
ransomware_01374,0.1423444146,0.1419685988,0.002756755427744,0.0019568059712991,0.0023927615884753,0.1416314999933634,3.3884930703458034,0.02,0.997243244572256,50,1.28,1.0,1.28,64,50,1.0,1.28,0.98,0.0,1.6374776241351752,233.06722222222223,17123.30612244898,15757.766083004824,186.0,-0.0415296688292804,4.036565630216751,262.96,133.42703578192473,0.507404304007928,0.34,1,1.0,1,1.0,1,0.015625,0.08,4,0,50,0.008695652173913,0.3435897435897436,1,1,0.0,0.991304347826087
ransomware_01375,4.5020024758,4.5015830278,0.0002518421947149,0.0003847504624673,-0.0143132145762304,0.4272886639917398,3.0628824981802625,0.0,0.9997481578052853,50,1.32,1.16,1.137931034482759,66,58,1.16,1.32,0.9482758620689656,0.0066666666666666,1.8106993328365368,41.8375,3073.775510204081,5652.551810466888,28.0,0.2955167971013633,4.083074189401159,284.04,126.04679403187646,0.4437642375435729,0.34,2,0.52,2,0.52,2,0.0303030303030303,0.1,4,2,32,0.0088306509044295,0.3654589371980676,1,1,-0.1365597133584276,1.0420168067226891
ransomware_01376,226.989265973,226.9888758716,1.882774468653141e-06,1.299314460513581e-06,-0.8378232239846336,0.1274594391677488,3.4181719394501995,0.0,0.9999981172255312,50,1.38,1.0,1.38,69,50,1.0,1.38,0.98,0.0,1.7228121216393726,0.0,0.0,0.0,0.0,0.0,-1.4428232973175177e-12,285.38,130.62985407444273,0.4577400451133321,0.44,2,0.58,2,0.58,3,0.0434782608695652,0.18,4,0,50,0.0083333333333333,0.4238095238095236,1,1,0.0,0.9916666666666668
ransomware_01377,0.0462083899999999,0.0458781613999999,0.0411485214397418,0.0577273031277553,-0.0024949785166866,0.7953125848882551,3.899967759842896,0.0113636363636363,0.958851478560258,50,1.08,3.52,0.3068181818181818,54,176,3.52,1.08,0.3011363636363636,0.0,1.8969429076840911,52.29638888888889,3842.183673469388,5420.872418955328,5.0,0.1704284989461506,3.8840525721079446,266.66,141.7472038380947,0.5315653035254432,0.48,1,1.0,1,1.0,1,0.0185185185185185,0.1,4,0,5,0.0044832560134107,0.8146149519030875,1,1,-0.2431767402121182,1.013215859030837
ransomware_01378,0.04094624,0.0404646633333333,0.0117056079742626,0.0067897477820948,0.0008713899999999,0.0105517579577044,1.584962500716828,0.0,0.9882943920257372,3,1.3333333333333333,1.0,1.3333333333333333,4,3,1.0,1.3333333333333333,0.6666666666666666,0.0,0.918295834051604,0.0,0.0,0.0,0.0,0.0,-1.4428232973175177e-12,142.33333333333334,49.08496035786657,0.3448592062613576,0.6666666666666666,1,1.0,1,1.0,1,0.25,0.0,2,0,3,0.125,0.4666666666666666,1,1,0.0,0.875
ransomware_01379,0.1240292466666666,0.1235565233333333,0.027541156119997,0.0425801638835604,-0.089805225,0.7423155326338613,3.3787834934703063,0.0,0.9724588438800028,3,1.3333333333333333,4.666666666666667,0.2857142857142857,4,14,4.666666666666667,1.3333333333333333,0.1428571428571428,0.0,0.918295834051604,0.0,0.0,0.0,0.0,0.0,-1.4428232973175177e-12,331.6666666666667,211.34174536360135,0.637211292553572,0.6666666666666666,2,0.6666666666666666,2,0.6666666666666666,2,0.5,0.0,2,0,3,0.0526315789473684,0.9395604395604396,1,1,-0.5619514869490169,0.9473684210526316
ransomware_01380,0.8304937733333334,0.8298686266666667,0.0013411094234835,0.0010804134006257,-0.4878177150000001,0.5330000420253934,3.106890595594092,0.0,0.9986588905765164,3,1.0,5.0,0.2,3,15,5.0,1.0,0.1333333333333333,0.0,0.918295834051604,0.0,0.0,0.0,0.0,0.0,-1.4428232973175177e-12,225.66666666666663,142.6545945048155,0.6321473907155782,0.0,1,1.0,1,1.0,1,0.3333333333333333,0.3333333333333333,2,2,2,0.0526315789473684,0.8866758241758241,1,1,0.0,0.9473684210526316
ransomware_01383,0.5834445766666666,0.5829881766666668,0.0007823415500968,0.0004503545916952,-0.0004887849999999,0.0003726281020308,1.584962500716828,0.0,0.9992176584499032,3,1.0,1.0,1.0,3,3,1.0,1.0,0.6666666666666666,0.0,0.918295834051604,0.0,0.0,0.0,0.0,0.0,-1.4428232973175177e-12,373.3333333333333,23.43786110832926,0.0627799851115962,0.6666666666666666,2,0.6666666666666666,2,0.6666666666666666,2,0.6666666666666666,0.0,2,0,3,0.1428571428571428,0.0,1,1,0.0,0.8571428571428571
ransomware_01384,0.0320875366666666,0.0317060433333333,0.063016944814089,0.0540889754174299,-0.040152415,0.819095709123562,2.8073549220460627,0.0,0.9369830551859112,3,1.0,4.666666666666667,0.2142857142857142,3,14,4.666666666666667,1.0,0.1428571428571428,0.0,0.918295834051604,0.0,0.0,0.0,0.0,0.0,-1.4428232973175177e-12,273.3333333333333,104.43339185018044,0.3820733848177333,0.0,2,0.6666666666666666,2,0.6666666666666666,1,0.3333333333333333,0.3333333333333333,1,1,2,0.0555555555555555,0.930909090909091,1,1,0.0,0.9444444444444444
ransomware_01386,2.546030383333333,2.545567853333333,0.0001754641086622,0.0001222779025394,0.282924865,0.0493973807375773,1.584962500716828,0.0,0.9998245358913378,3,1.6666666666666667,1.0,1.6666666666666667,5,3,1.0,1.6666666666666667,0.6666666666666666,0.0,-1.4428232973175177e-12,0.0,0.0,0.0,0.0,0.0,-1.4428232973175177e-12,371.0,110.07724560507498,0.296704166051415,0.3333333333333333,2,0.6666666666666666,2,0.6666666666666666,2,0.4,0.3333333333333333,2,0,3,0.1111111111111111,0.6111111111111112,1,1,0.0,0.8888888888888888
ransomware_01388,39.5588014906,39.55840844,5.534429989681355e-05,0.0001756246692495,0.7838170917896758,0.3758033976242376,3.1929329178198653,0.0,0.9999446557001032,50,1.68,1.18,1.423728813559322,84,59,1.18,1.68,0.9830508474576272,0.0,1.6669641158496165,1.8594444444444445,136.6122448979592,370.9788385145071,1.0,0.4617232281562807,1.1766912610445717,287.14,129.3269878869773,0.4503969766907338,0.34,1,1.0,1,1.0,1,0.0119047619047619,0.24,4,0,41,0.0079049198452183,0.6008080808080813,1,1,-0.1957198661422028,1.0592592592592591
ransomware_01389,5.7625404614,5.762107681800001,8.277571300579432e-05,5.6030359698385386e-05,0.1017197148720287,0.1470630416311981,3.2002948796585766,0.02,0.999917224286994,50,1.4,1.0,1.4,70,50,1.0,1.4,0.98,0.0,1.629860916199036,58.27638888888889,4281.530612244898,9294.613579703122,10.0,0.3692567563057758,4.113269689487697,237.3,126.47517300938988,0.5329758660319843,0.36,2,0.52,2,0.52,3,0.0428571428571428,0.1,4,0,50,0.0082644628099173,0.4319248826291078,1,1,0.0,0.9917355371900828
ransomware_01391,0.0007603499999999,0.0004701233333333,0.5319441236254842,0.4632293941210513,-0.00047859,0.4524486482270611,1.584962500716828,0.0,0.468055876374516,3,1.6666666666666667,1.0,1.6666666666666667,5,3,1.0,1.6666666666666667,0.3333333333333333,0.0,0.918295834051604,0.0,0.0,0.0,0.0,0.0,-1.4428232973175177e-12,267.0,212.76277869965884,0.7968643396990968,0.0,2,0.6666666666666666,2,0.6666666666666666,2,0.4,0.0,2,2,2,0.0888888888888888,0.7619047619047619,1,1,0.0,0.8
ransomware_01392,0.3269879466666666,0.3266504733333333,0.0010265065297762,0.0005310069017533,0.0029231509999999,0.0148635349926043,1.5304930567531545,0.0,0.9989734934702236,9,1.1111111111111112,1.0,1.1111111111111112,10,9,1.0,1.1111111111111112,0.8888888888888888,0.0,1.4355205042783383,0.3019444444444444,135.875,102.96897287532784,17.0,-0.1377720640321474,0.764204506505735,301.1111111111111,138.162444647998,0.4588420670966723,0.2222222222222222,1,1.0,1,1.0,1,0.1,0.0,3,0,9,0.05,0.1515151515151515,1,1,0.0,0.95
ransomware_01393,0.0047264188,0.0043321705999999,0.167494776151835,0.1943161805563397,-0.0001468643558223,0.6914829701740791,3.927707487725556,0.0,0.8325052238481647,50,1.28,3.22,0.3975155279503105,64,161,3.22,1.28,0.3478260869565217,0.0,1.7663718115469829,64.67555555555556,4751.673469387755,6083.668550819883,107.0,0.1229305986786565,4.20888407050734,227.62,125.05784620710205,0.5494150171650207,0.34,2,0.7,2,0.7,2,0.03125,0.22,4,0,24,0.0047128314691466,0.8132334792098107,1,1,-0.4226034829899432,1.0273972602739727
ransomware_01395,4.396668396666667,4.396142013333333,0.0001197231412467,1.8481204498841538e-05,-0.0005505499999998,5.5659914567517405e-05,1.584962500716828,0.0,0.9998802768587532,3,1.0,1.0,1.0,3,3,1.0,1.0,0.6666666666666666,0.0,0.918295834051604,0.0,0.0,0.0,0.0,0.0,-1.4428232973175177e-12,213.66666666666663,119.0812047862018,0.5573223312926762,0.3333333333333333,1,1.0,1,1.0,1,0.3333333333333333,0.0,2,0,3,0.1428571428571428,0.0,1,1,0.0,0.8571428571428571
ransomware_01398,0.0069726556,0.0064732769999999,0.1104633317804459,0.108491325540283,-0.0002540307010804,0.3591186083957166,3.803590820384744,0.0,0.8895366682195539,50,1.04,1.0,1.04,52,50,1.0,1.04,0.92,0.0,1.762051645061283,1.6816666666666666,123.55102040816328,173.30992190169326,1.0,0.167616868377359,1.3671381453322111,261.88,128.04824345949157,0.4889577037555047,0.48,2,0.52,2,0.52,3,0.0576923076923076,0.2,4,2,34,0.0091644204851752,0.0595238095238095,1,1,0.0,0.9622641509433962
ransomware_01399,23.58528933333333,23.58480946,2.0098183706568613e-05,6.20552942328452e-06,2.0361834399999985,0.0383709022246976,1.584962500716828,0.0,0.9999799018162934,3,1.6666666666666667,1.0,1.6666666666666667,5,3,1.0,1.6666666666666667,0.6666666666666666,0.0,0.918295834051604,0.0,0.0,0.0,0.0,0.0,-1.4428232973175177e-12,342.6666666666667,136.07473436804253,0.3971052559378673,0.6666666666666666,1,1.0,1,1.0,2,0.4,0.3333333333333333,1,0,3,0.1111111111111111,0.6111111111111112,1,1,0.0,0.8888888888888888
ransomware_01400,2.6115422444000003,2.6111422862,0.0001715971323067,0.0001418414407413,-0.0211241383716686,0.2115456093486433,3.335002572692044,0.0,0.9998284028676934,50,1.48,1.06,1.3962264150943395,74,53,1.06,1.48,0.9245283018867924,0.0,1.6958833557063937,0.0,0.0,0.0,0.0,0.0,-1.4428232973175177e-12,253.84,132.8857665018173,0.5235020741483505,0.32,2,0.54,2,0.54,3,0.0405405405405405,0.22,4,0,50,0.0078125,0.518803418803419,1,1,-0.1405673679543781,0.9921875
