max_chain_length,graph_density,avg_clustering,max_in_degree,max_out_degree,degree_assortativity,edge_to_node_ratio,scenario_id
49,0.0008904719501335708,0.0,86,153,-0.14176133478240813,0.9991095280498664,exchange_001
29,0.0012033694344163659,0.0,59,109,-0.1501154731247447,0.9987966305655837,exchange_003
31,0.0011507479861910242,0.0,71,112,-0.15207383125174498,0.998849252013809,exchange_004
70,0.0017301038062283738,0.0,49,73,-0.17245772191856462,0.9982698961937716,exchange_006
69,0.0008635578583765112,0.0,97,147,-0.14226789575058674,0.9991364421416234,exchange_007
43,0.0021008403361344537,0.0,39,56,-0.19162829608064524,0.9978991596638656,exchange_008
57,0.0008291873963515755,0.0,93,160,-0.13854677047895325,0.9991708126036484,exchange_009
91,0.0011210762331838565,0.0,80,107,-0.15060645977492093,0.9988789237668162,exchange_010
32,0.001388888888888889,0.0,60,96,-0.15961015072210147,0.9986111111111111,exchange_011
82,0.000946073793755913,0.0,101,124,-0.14731041723231256,0.9990539262062441,exchange_013
38,0.0019011406844106464,0.0,33,75,-0.16619120573721424,0.9980988593155894,exchange_014
115,0.0008237232289950577,0.0,107,142,-0.14033986665563475,0.999176276771005,exchange_015
78,0.001834862385321101,0.0,39,73,-0.17301601102342543,0.998165137614679,exchange_016
71,0.0008598452278589854,0.0,107,142,-0.14400309766429983,0.999140154772141,exchange_018
28,0.0010672358591248667,0.0,79,110,-0.14745349790057702,0.9989327641408752,exchange_019
32,0.0022026431718061676,0.0,33,60,-0.1880904666750001,0.9977973568281938,exchange_021
88,0.0015015015015015015,0.0,57,83,-0.16397430856273645,0.9984984984984985,exchange_023
80,0.0010626992561105207,0.0,73,116,-0.14532291985238674,0.9989373007438895,exchange_024
29,0.003067484662576687,0.0,26,42,-0.2245444223097725,0.9969325153374233,exchange_025
33,0.0008051529790660225,0.0,110,147,-0.14027605836327917,0.999194847020934,exchange_026
52,0.000966183574879227,0.0,83,129,-0.14431150029228962,0.9990338164251208,exchange_027
25,0.0017211703958691911,0.0,46,72,-0.17081199734065555,0.9982788296041308,exchange_028
115,0.0015748031496062992,0.0,50,88,-0.1646352634486808,0.9984251968503937,exchange_029
27,0.0025252525252525255,0.0,33,48,-0.20554022228946486,0.9974747474747475,exchange_030
27,0.0009199632014719411,0.0,81,139,-0.14002982359101562,0.9990800367985281,exchange_031
118,0.0019193857965451055,0.0,41,70,-0.17630357599539853,0.9980806142034548,exchange_032
62,0.0018796992481203006,0.0,47,68,-0.17582655117391482,0.9981203007518797,exchange_033
66,0.000881057268722467,0.0,99,145,-0.14364045502376915,0.9991189427312775,exchange_034
40,0.0013477088948787063,0.0,52,105,-0.15410220797507634,0.9986522911051213,exchange_038
41,0.002320185614849188,0.0,35,52,-0.19528328743757337,0.9976798143851509,exchange_040
18,0.037815126050420166,0.0,2,1,-0.3365005007595537,1.2857142857142858,layer_0002
1,0.05844155844155844,0.0,2,1,-0.33246753246753247,1.2272727272727273,layer_0003
0,0.042735042735042736,0.0,1,1,-0.4333552205133529,1.1111111111111112,layer_0004
1,0.06277056277056277,0.0,2,1,-0.3933789313764307,1.3181818181818181,layer_0005
4,0.09615384615384616,0.0,1,1,-0.4792981952233147,1.1538461538461537,layer_0006
4,0.042328042328042326,0.0,1,1,-0.3346068177548662,1.1428571428571428,layer_0007
0,0.04064039408866995,0.0,1,1,-0.3400409136337804,1.1379310344827587,layer_0010
3,0.07142857142857142,0.0,1,1,0.0,0.9285714285714286,layer_0013
18,0.029411764705882353,0.0,1,1,0.0,0.9705882352941176,layer_0014
4,0.035897435897435895,0.0,3,1,-0.4148470802161886,1.4,layer_0015
0,0.051666666666666666,0.0,2,1,-0.3796953351027193,1.24,layer_0016
9,0.09615384615384616,0.0,1,1,-0.5096471914376259,1.1538461538461537,layer_0018
2,0.08333333333333333,0.0,1,1,-0.4235994339875147,1.25,layer_0020
0,0.052307692307692305,0.0,2,1,-0.4216359586325898,1.3076923076923077,layer_0022
0,0.05263157894736842,0.0,1,1,0.0,0.9473684210526315,layer_0023
9,0.022727272727272728,0.0,1,1,0.0,0.9772727272727273,layer_0024
4,0.06060606060606061,0.0,2,1,-0.3854166666666665,1.2727272727272727,layer_0025
0,0.0625,0.0,1,1,0.0,0.9375,layer_0026
23,0.05847953216374269,0.0,1,1,-0.33287702465488883,1.0526315789473684,layer_0027
1,0.05928853754940711,0.0,2,1,-0.4339574490494392,1.3043478260869565,layer_0028
3,0.023255813953488372,0.0,1,1,0.0,0.9767441860465116,layer_0029
34,0.041005291005291,0.0,1,1,-0.3336279972293404,1.1071428571428572,layer_0030
1,0.03870967741935484,0.0,2,1,-0.3337944070773197,1.1612903225806452,layer_0031
0,0.03763440860215054,0.0,1,1,-0.31860832673373135,1.1290322580645162,layer_0032
1,0.02631578947368421,0.0,1,1,-0.12862886499536594,0.9736842105263158,layer_0033
4,0.04940711462450593,0.0,1,1,-0.33398155627699644,1.0869565217391304,layer_0034
8,0.038461538461538464,0.0,1,1,-0.207245056729344,0.9615384615384616,layer_0035
6,0.09090909090909091,0.0,1,1,-0.350823207722812,1.0,layer_0036
0,0.04926108374384237,0.0,3,1,-0.47286506706909615,1.3793103448275863,layer_0038
5,0.05731225296442688,0.0,2,1,-0.34924471299093657,1.2608695652173914,layer_0040
16,0.045,0.0,1,1,-0.3047690499947677,1.08,layer_0042
18,0.055,0.0,2,1,-0.38469910850928263,1.32,layer_0043
5,0.03698435277382646,0.0,3,1,-0.4198398454979809,1.368421052631579,layer_0044
21,0.04461538461538461,0.0,1,1,-0.3084305042490023,1.1153846153846154,layer_0047
8,0.03650793650793651,0.0,2,1,-0.35769251324260903,1.2777777777777777,layer_0048
0,0.059782608695652176,0.0,2,1,-0.4858009776060952,1.375,layer_0050
1,0.05270655270655271,0.0,2,1,-0.4395615384172968,1.3703703703703705,layer_0052
4,0.05333333333333334,0.0,2,1,-0.39605366153166066,1.28,layer_0053
1,0.05526315789473684,0.0,1,1,-0.3954507050150882,1.05,layer_0054
0,0.030364372469635626,0.0,2,1,-0.27990728310281493,1.1538461538461537,layer_0055
1,0.10909090909090909,0.0,1,1,-0.3333333333333333,1.0909090909090908,layer_0056
6,0.02564102564102564,0.0,1,1,-0.14315416722533778,0.9743589743589743,layer_0057
14,0.08333333333333333,0.0,1,1,-0.3458108050274084,1.0,layer_0058
7,0.1111111111111111,0.0,1,1,-0.408248290463864,1.0,layer_0060
9,0.058823529411764705,0.0,1,1,0.0,0.9411764705882353,layer_0061
3,0.040106951871657755,0.0,3,1,-0.4037228320480531,1.3235294117647058,layer_0062
5,0.018867924528301886,0.0,1,1,-0.11531001210635165,0.9811320754716981,layer_0063
4,0.08571428571428572,0.0,1,1,-0.38461538461538464,1.2,layer_0064
0,0.045,0.0,1,1,-0.27700290402936323,1.08,layer_0065
2,0.040998217468805706,0.0,3,1,-0.42384861816395114,1.3529411764705883,layer_0066
1,0.046296296296296294,0.0,2,1,-0.3000659427809994,1.25,layer_0067
3,0.05476190476190476,0.0,1,1,-0.37852951277647995,1.0952380952380953,layer_0068
0,0.030303030303030304,0.0,1,1,0.0,0.9696969696969697,layer_0069
1,0.06060606060606061,0.0,2,1,-0.39440531887330765,1.2727272727272727,layer_0070
4,0.02857142857142857,0.0,1,1,0.0,0.9714285714285714,layer_0071
1,0.024390243902439025,0.0,1,1,-0.17491893656839794,0.975609756097561,layer_0073
1,0.10909090909090909,0.0,1,1,-0.3333333333333333,1.0909090909090908,layer_0074
5,0.05615942028985507,0.0,2,1,-0.3797775112422943,1.2916666666666667,layer_0075
2,0.1388888888888889,0.0,1,1,-0.42857142857142844,1.1111111111111112,layer_0078
3,0.1111111111111111,0.0,1,1,0.0,0.8888888888888888,layer_0079
1,0.0380952380952381,0.0,3,1,-0.37855835267503435,1.3333333333333333,layer_0080
3,0.027131782945736434,0.0,2,1,-0.2612796291632831,1.1395348837209303,layer_0081
2,0.041666666666666664,0.0,1,1,6.472304543782565e-09,0.9583333333333334,layer_0082
4,0.047126436781609195,0.0,2,1,-0.4315991187676148,1.3666666666666667,layer_0083
4,0.03903903903903904,0.0,3,1,-0.4262780101473369,1.4054054054054055,layer_0084
2,0.03225806451612903,0.0,1,1,-0.20556208606582552,0.967741935483871,layer_0085
2,0.07720588235294118,0.0,1,1,-0.546230993599135,1.2352941176470589,layer_0086
2,0.04666666666666667,0.0,1,1,-0.3590595588703127,1.12,layer_0089
0,0.022727272727272728,0.0,1,1,0.0,0.9772727272727273,layer_0092
1,0.05434782608695652,0.0,2,1,-0.3539830589110057,1.25,layer_0093
2,0.025,0.0,1,1,0.0,0.975,layer_0094
4,0.03865546218487395,0.0,3,1,-0.3871316778429685,1.3142857142857143,layer_0095
1,0.04408602150537634,0.0,2,1,-0.4641284516855322,1.3225806451612903,layer_0096
2,0.019230769230769232,0.0,1,1,0.0,0.9807692307692307,layer_0097
7,0.08791208791208792,0.0,1,1,-0.36514837167011077,1.1428571428571428,layer_0098
0,0.051587301587301584,0.0,2,1,-0.4649472255839746,1.3928571428571428,layer_0099
9,0.10897435897435898,0.0,1,1,-0.5983660736054127,1.3076923076923077,layer_0100
5,0.04,0.0,1,1,0.0,0.96,layer_0101
2,0.03125,0.0,1,1,0.0,0.96875,layer_0102
1,0.05555555555555555,0.0,1,1,0.0,0.9444444444444444,layer_0104
6,0.05615942028985507,0.0,2,1,-0.3797775112422943,1.2916666666666667,layer_0105
11,0.0380952380952381,0.0,3,1,-0.38763887575863726,1.3333333333333333,layer_0107
0,0.06666666666666667,0.0,1,1,-0.2842676218074802,0.9333333333333333,layer_0110
0,0.05263157894736842,0.0,1,1,1.7171083679736613e-08,0.9473684210526315,layer_0111
1,0.03968253968253968,0.0,3,1,-0.44422760261751604,1.3888888888888888,layer_0112
1,0.08333333333333333,0.0,1,1,-0.42857142857142866,1.25,layer_0113
0,0.04940711462450593,0.0,1,1,-0.30672801840613556,1.0869565217391304,layer_0114
1,0.047619047619047616,0.0,2,1,-0.38440763882066636,1.2857142857142858,layer_0115
0,0.019230769230769232,0.0,1,1,0.0,0.9807692307692307,layer_0116
2,0.03598484848484849,0.0,2,1,-0.31039927593409544,1.1515151515151516,layer_0117
0,0.02040816326530612,0.0,1,1,-0.12509133595254118,0.9795918367346939,layer_0118
2,0.040998217468805706,0.0,3,1,-0.41148998197305287,1.3529411764705883,layer_0119
0,0.08571428571428572,0.0,1,1,-0.393035203092692,1.2,layer_0120
2,0.043478260869565216,0.0,1,1,0.0,0.9565217391304348,layer_0121
5,0.034482758620689655,0.0,1,1,0.0,0.9655172413793104,layer_0122
5,0.07309941520467836,0.0,2,1,-0.4493664599113338,1.3157894736842106,layer_0123
3,0.05238095238095238,0.0,1,1,-0.26399142041825235,1.0476190476190477,layer_0124
8,0.042735042735042736,0.0,1,1,-0.326331425540692,1.1111111111111112,layer_0125
3,0.02702702702702703,0.0,1,1,-0.17328494210262724,0.972972972972973,layer_0126
13,0.07516339869281045,0.0,2,1,-0.41947602319099647,1.2777777777777777,layer_0128
51,0.05076923076923077,0.0,2,1,-0.32632019189573613,1.2692307692307692,layer_0129
1,0.08333333333333333,0.0,1,1,0.0,0.9166666666666666,layer_0130
1,0.0989010989010989,0.0,1,1,-0.5,1.2857142857142858,layer_0131
0,0.09090909090909091,0.0,1,1,-0.3162277660168388,1.0,layer_0132
0,0.04206349206349207,0.0,3,1,-0.4824668106258826,1.4722222222222223,layer_0133
0,0.023255813953488372,0.0,1,1,-0.16820685341247194,0.9767441860465116,layer_0134
60,0.04926108374384237,0.0,3,1,-0.47286506706909615,1.3793103448275863,layer_0135
0,0.04891304347826087,0.0,1,1,-0.35051019851655096,1.125,layer_0136
3,0.05476190476190476,0.0,1,1,-0.34365699231894686,1.0952380952380953,layer_0137
0,0.05847953216374269,0.0,1,1,-0.35634832254989923,1.0526315789473684,layer_0138
0,0.07142857142857142,0.0,1,1,-0.3314967720658976,1.0,layer_0140
9,0.042735042735042736,0.0,1,1,-0.31524687449500793,1.1111111111111112,layer_0142
2,0.09090909090909091,0.0,1,1,-0.350823207722812,1.0,layer_0143
0,0.06535947712418301,0.0,1,1,-0.3923570062535319,1.1111111111111112,layer_0144
1,0.02631578947368421,0.0,1,1,0.0,0.9736842105263158,layer_0145
0,0.05731225296442688,0.0,2,1,-0.3455820290435097,1.2608695652173914,layer_0146
1,0.1111111111111111,0.0,1,1,-0.408248290463864,1.0,layer_0148
1,0.022222222222222223,0.0,1,1,0.0,0.9777777777777777,layer_0149
0,0.05615942028985507,0.0,2,1,-0.3797775112422943,1.2916666666666667,layer_0150
1,0.03508771929824561,0.0,3,1,-0.3861186066271742,1.3333333333333333,layer_0151
2,0.036036036036036036,0.0,3,1,-0.36507176765146304,1.2972972972972974,layer_0152
4,0.040106951871657755,0.0,3,1,-0.41512273277170997,1.3235294117647058,layer_0154
3,0.04985754985754986,0.0,2,1,-0.35909993588101224,1.2962962962962963,layer_0155
32,0.030434782608695653,0.0,4,1,-0.39297896742948313,1.3695652173913044,layer_0156
1,0.021739130434782608,0.0,1,1,0.0,0.9782608695652174,layer_0157
4,0.02127659574468085,0.0,1,1,0.0,0.9787234042553191,layer_0159
1,0.07142857142857142,0.0,1,1,-0.3636363636363638,1.0,layer_0160
1,0.19047619047619047,0.0,1,1,-0.6,1.1428571428571428,layer_0162
6,0.06277056277056277,0.0,2,1,-0.41689895559687024,1.3181818181818181,layer_0163
0,0.07692307692307693,0.0,1,1,0.0,0.9230769230769231,layer_0164
0,0.06666666666666667,0.0,1,1,0.0,0.9333333333333333,layer_0165
14,0.04188948306595366,0.0,3,1,-0.42885890056909914,1.3823529411764706,layer_0166
10,0.09090909090909091,0.0,1,1,0.0,0.9090909090909091,layer_0169
2,0.018867924528301886,0.0,1,1,-0.11371301055541186,0.9811320754716981,layer_0170
9,0.0427807486631016,0.0,3,1,-0.45294398671182023,1.411764705882353,layer_0171
9,0.03763440860215054,0.0,1,1,-0.327355935436091,1.1290322580645162,layer_0172
2,0.09090909090909091,0.0,1,1,0.0,0.9090909090909091,layer_0173
2,0.04,0.0,1,1,0.0,0.96,layer_0176
6,0.05076923076923077,0.0,2,1,-0.4101515562147977,1.2692307692307692,layer_0178
3,0.04940711462450593,0.0,1,1,-0.3376594236332037,1.0869565217391304,layer_0179
4,0.06904761904761905,0.0,2,1,-0.6062820789735572,1.380952380952381,layer_0180
1,0.05928853754940711,0.0,2,1,-0.40256523297150537,1.3043478260869565,layer_0181
31,0.03153153153153153,0.0,2,1,-0.2878169906429898,1.135135135135135,layer_0182
11,0.04940711462450593,0.0,1,1,-0.32474820029830337,1.0869565217391304,layer_0184
1,0.06428571428571428,0.0,2,1,-0.4724566786566337,1.2857142857142858,layer_0185
106,0.14444444444444443,0.0,1,1,-0.7209434445029798,1.3,layer_0186
1,0.02564102564102564,0.0,1,1,-0.17090853239019113,0.9743589743589743,layer_0187
0,0.040106951871657755,0.0,2,1,-0.3693398205415852,1.3235294117647058,layer_0188
15,0.017543859649122806,0.0,1,1,0.0,0.9824561403508771,layer_0190
9,0.04556650246305419,0.0,2,1,-0.38145956449069046,1.2758620689655173,layer_0191
50,0.09615384615384616,0.0,1,1,-0.4792981952233147,1.1538461538461537,layer_0193
2,0.05333333333333334,0.0,2,1,-0.3643410852713178,1.28,layer_0194
1,0.05789473684210526,0.0,1,1,-0.3392544593839081,1.1,layer_0195
7,0.049783549783549784,0.0,1,1,-0.32943456373450836,1.0454545454545454,layer_0196
0,0.029411764705882353,0.0,1,1,-0.16698578776097014,0.9705882352941176,layer_0198
1,0.02127659574468085,0.0,1,1,0.0,0.9787234042553191,layer_0199
0,0.03655913978494624,0.0,1,1,-0.28486317526889815,1.096774193548387,layer_0201
1,0.03508771929824561,0.0,3,1,-0.3861186066271742,1.3333333333333333,layer_0202
3,0.05,0.0,1,1,-0.2542245934268642,0.95,layer_0203
3,0.02631578947368421,0.0,1,1,0.0,0.9736842105263158,layer_0204
2,0.024390243902439025,0.0,1,1,-0.16018292656324956,0.975609756097561,layer_0205
5,0.05,0.0,1,1,-0.2049800154226981,0.95,layer_0206
2,0.08333333333333333,0.0,1,1,-0.28867513459481253,0.9166666666666666,layer_0207
33,0.058823529411764705,0.0,1,1,-0.21821789023599236,0.9411764705882353,layer_0208
6,0.04894179894179894,0.0,2,1,-0.4246946477269106,1.3214285714285714,layer_0209
0,0.03643724696356275,0.0,3,1,-0.4152859536839259,1.3846153846153846,layer_0210
0,0.05076923076923077,0.0,2,1,-0.34991062212087504,1.2692307692307692,layer_0211
0,0.030364372469635626,0.0,2,1,-0.2917548607230227,1.1538461538461537,layer_0212
0,0.06428571428571428,0.0,2,1,-0.389184418936062,1.2857142857142858,layer_0213
12,0.055,0.0,2,1,-0.4153006366379586,1.32,layer_0214
31,0.03333333333333333,0.0,1,1,0.0,0.9666666666666667,layer_0215
4,0.04461538461538461,0.0,1,1,-0.3084305042490023,1.1153846153846154,layer_0216
3,0.07142857142857142,0.0,1,1,-0.2335496832484578,0.9285714285714286,layer_0217
0,0.037037037037037035,0.0,1,1,0.0,0.9629629629629629,layer_0218
8,0.04,0.0,1,1,0.0,0.96,layer_0219
6,0.01818181818181818,0.0,1,1,0.0,0.9818181818181818,layer_0220
1,0.040336134453781515,0.0,3,1,-0.46349826237768765,1.3714285714285714,layer_0221
15,0.05555555555555555,0.0,1,1,0.0,0.9444444444444444,layer_0222
4,0.08571428571428572,0.0,1,1,-0.393035203092692,1.2,layer_0223
77,0.022727272727272728,0.0,1,1,-0.13181939110436505,0.9772727272727273,layer_0224
2,0.07692307692307693,0.0,1,1,-0.350823207722812,0.9230769230769231,layer_0226
13,0.024390243902439025,0.0,1,1,-0.14000936807466074,0.975609756097561,layer_0227
4,0.047311827956989246,0.0,3,1,-0.4680876491928688,1.4193548387096775,layer_0228
4,0.040106951871657755,0.0,2,1,-0.38830053999167247,1.3235294117647058,layer_0229
2,0.027777777777777776,0.0,1,1,0.0,0.9722222222222222,layer_0230
0,0.02702702702702703,0.0,1,1,0.0,0.972972972972973,layer_0231
1,0.06190476190476191,0.0,2,1,-0.3767674420769687,1.2380952380952381,layer_0232
2,0.0338680926916221,0.0,1,1,-0.266748131892734,1.1176470588235294,layer_0234
5,0.02,0.0,1,1,-0.12115168522879144,0.98,layer_0235
9,0.04597701149425287,0.0,2,1,-0.44948937838359004,1.3333333333333333,layer_0236
1,0.03414634146341464,0.0,3,1,-0.43329316815096647,1.3658536585365855,layer_0237
2,0.04188948306595366,0.0,3,1,-0.4626550084255743,1.3823529411764706,layer_0239
12,0.05194805194805195,0.0,1,1,-0.31209988794877336,1.0909090909090908,layer_0240
4,0.03870967741935484,0.0,2,1,-0.3428095210221114,1.1612903225806452,layer_0241
2,0.06535947712418301,0.0,1,1,-0.38756663969942035,1.1111111111111112,layer_0242
0,0.037298387096774195,0.0,2,1,-0.36478745775423804,1.15625,layer_0243
64,0.04408602150537634,0.0,2,1,-0.383961802852035,1.3225806451612903,layer_0244
17,0.03576248313090418,0.0,3,1,-0.4227086304800201,1.358974358974359,layer_0246
27,0.08169934640522876,0.0,2,1,-0.5182062681786979,1.3888888888888888,layer_0247
2,0.023809523809523808,0.0,1,1,-0.12571048848142335,0.9761904761904762,layer_0248
2,0.05333333333333334,0.0,2,1,-0.39605366153166066,1.28,layer_0249
9,0.03753753753753754,0.0,3,1,-0.3811755405814174,1.3513513513513513,layer_0250
12,0.0480295566502463,0.0,2,1,-0.446872979949423,1.3448275862068966,layer_0251
7,0.10256410256410256,0.0,1,1,-0.539791896359413,1.2307692307692308,layer_0253
7,0.029411764705882353,0.0,1,1,-0.19499439399175794,0.9705882352941176,layer_0254
0,0.055,0.0,2,1,-0.4815043353160257,1.32,layer_0256
2,0.03441295546558704,0.0,3,1,-0.36996057421847484,1.3076923076923077,layer_0258
1,0.037037037037037035,0.0,1,1,-0.18391548702336524,0.9629629629629629,layer_0260
2,0.011935208866155157,0.0,1,3,0.012320354515909437,0.8115942028985508,licit_00001
1,0.0625,0.0,1,1,-0.654812779635034,0.9375,licit_00002
0,0.25,0.0,1,1,0.0,0.75,licit_00003
6,0.014097744360902255,0.0,1,2,-0.3202563076101731,0.7894736842105263,licit_00004
1,0.11904761904761904,0.0,1,1,0.0,0.7142857142857143,licit_00005
0,0.10714285714285714,0.0,1,1,-0.4999999999999998,0.75,licit_00006
9,0.0018658747834694382,0.0,1,4,-0.24328206829645366,0.8377777777777777,licit_00008
2,0.00388755980861244,0.0,1,3,-0.2634304217437686,0.8086124401913876,licit_00009
0,0.0641025641025641,0.0,1,1,-0.6123724356957959,0.7692307692307693,licit_00010
5,0.01951219512195122,0.0,1,2,0.0,0.7804878048780488,licit_00012
0,0.0641025641025641,0.0,1,1,0.0,0.7692307692307693,licit_00013
3,0.01314484126984127,0.0,1,3,-0.16651128640322005,0.828125,licit_00014
1,0.07272727272727272,0.0,1,1,0.0,0.7272727272727273,licit_00015
0,0.04779411764705882,0.0,1,1,-0.3458108050274084,0.7647058823529411,licit_00016
1,0.03133903133903134,0.0,1,2,-0.24246715773614663,0.8148148148148148,licit_00017
0,0.14285714285714285,0.0,1,1,-1.0000000000000002,0.8571428571428571,licit_00018
1,0.03133903133903134,0.0,1,2,0.0,0.8148148148148148,licit_00019
0,0.026881720430107527,0.0,1,2,-0.37848905962255736,0.8064516129032258,licit_00020
2,0.07272727272727272,0.0,1,1,0.0,0.7272727272727273,licit_00021
7,0.004266697007623165,0.0,1,4,-0.2012861928806066,0.7978723404255319,licit_00022
4,0.024193548387096774,0.0,1,1,0.0,0.75,licit_00023
1,0.026436781609195402,0.0,1,2,-0.10603483504672453,0.7666666666666667,licit_00024
1,0.3333333333333333,0.0,1,1,0.0,0.6666666666666666,licit_00026
0,0.07272727272727272,0.0,1,1,0.0,0.7272727272727273,licit_00027
0,0.01916376306620209,0.0,1,1,-0.38971671329500895,0.7857142857142857,licit_00028
0,0.07272727272727272,0.0,1,1,0.0,0.7272727272727273,licit_00029
0,0.25,0.0,1,1,0.0,0.75,licit_00030
3,0.007709880068532267,0.0,1,3,-0.18590364369469164,0.7864077669902912,licit_00031
2,0.021021021021021023,0.0,1,1,-0.311704170830966,0.7567567567567568,licit_00032
0,0.25,0.0,1,1,0.0,0.75,licit_00033
0,0.09722222222222222,0.0,1,1,0.0,0.7777777777777778,licit_00034
0,0.16666666666666666,0.0,1,1,0.0,0.8333333333333334,licit_00035
2,0.11904761904761904,0.0,1,1,0.0,0.7142857142857143,licit_00037
0,0.01987179487179487,0.0,1,1,-0.28493081091785966,0.775,licit_00038
2,0.0641025641025641,0.0,1,1,-0.4588314677411243,0.7692307692307693,licit_00039
2,0.021337126600284494,0.0,1,2,-0.1903186036749696,0.7894736842105263,licit_00040
5,0.004532019704433498,0.0,1,4,-0.28316453228113714,0.7885714285714286,licit_00041
17,0.025806451612903226,0.0,1,2,2.1073424255447014e-08,0.7741935483870968,licit_00042
0,0.25,0.0,1,1,0.0,0.75,licit_00043
9,0.0018130190086105636,0.0,1,4,-0.17123257523899083,0.801354401805869,licit_00044
9,0.0022738251903183355,0.0,1,3,-0.26006563215869877,0.7867435158501441,licit_00045
1,0.2,0.0,1,1,-1.0,0.8,licit_00046
7,0.001521999099225023,0.0,1,3,-0.18743356689998716,0.7716535433070866,licit_00047
2,0.025806451612903226,0.0,1,1,-0.5286805326376813,0.7741935483870968,licit_00048
1,0.015037593984962405,0.0,1,4,-0.2864037595417103,0.8421052631578947,licit_00049
2,0.010990990990990991,0.0,1,2,-0.4248188579602231,0.8133333333333334,licit_00052
15,0.017142857142857144,0.0,1,3,-0.4509726881330024,0.84,licit_00053
1,0.2,0.0,1,2,0.0,0.8,licit_00054
1,0.025201612903225805,0.0,1,2,-0.27116583866476185,0.78125,licit_00055
1,0.007994950557542605,0.0,1,2,-0.31851610027421606,0.7755102040816326,licit_00057
5,0.0062746062992125986,0.0,1,3,-0.24106783010379543,0.796875,licit_00058
6,0.00389765662362506,0.0,1,3,-0.24427518441682614,0.7951219512195122,licit_00060
2,0.017142857142857144,0.0,1,3,-0.41705087415943837,0.84,licit_00061
0,0.07777777777777778,0.0,1,1,0.0,0.7,licit_00062
8,0.010443037974683544,0.0,1,6,-0.04545789942278695,0.825,licit_00063
0,0.04093567251461988,0.0,1,1,0.0,0.7368421052631579,licit_00065
1,0.017874396135265702,0.0,1,2,-0.3459379053638389,0.8043478260869565,licit_00066
36,0.05238095238095238,0.0,1,1,0.0,0.7333333333333333,licit_00067
7,0.004301075268817204,0.0,1,3,-0.195933167630069,0.7956989247311828,licit_00068
0,0.049019607843137254,0.0,1,2,-0.3305715456259762,0.8333333333333334,licit_00069
3,0.024193548387096774,0.0,1,2,0.0,0.75,licit_00070
1,0.008056688021743351,0.0,1,3,-0.19032924891635067,0.8137254901960784,licit_00071
5,0.002499855777551295,0.0,1,5,-0.1955568634994225,0.804953560371517,licit_00072
0,0.0641025641025641,0.0,1,1,-0.5345224838248483,0.7692307692307693,licit_00073
3,0.02556818181818182,0.0,1,3,0.01511857892037166,0.8181818181818182,licit_00074
7,0.004181363067470702,0.0,1,3,-0.2210708074934618,0.7819148936170213,licit_00076
2,0.006193548387096774,0.0,1,2,-0.2241770081265058,0.768,licit_00078
0,0.07777777777777778,0.0,1,1,0.0,0.7,licit_00079
3,0.021021021021021023,0.0,1,2,-0.1593941782658336,0.7567567567567568,licit_00081
1,0.024369747899159664,0.0,1,3,-0.36288841275115535,0.8285714285714286,licit_00082
0,0.0226890756302521,0.0,1,2,-0.295144413466662,0.7714285714285715,licit_00084
10,0.0017142354802789663,0.0,1,4,-0.22679409692196048,0.7748344370860927,licit_00085
22,0.011935208866155157,0.0,1,3,-0.2902212893781742,0.8115942028985508,licit_00086
2,0.01087719298245614,0.0,1,3,-0.2418183227615476,0.8157894736842105,licit_00087
5,0.027777777777777776,0.0,1,1,-0.3805211953235971,0.75,licit_00089
5,0.07777777777777778,0.0,1,1,0.0,0.7,licit_00090
7,0.029556650246305417,0.0,1,3,-0.24544034683690902,0.8275862068965517,licit_00092
0,0.3333333333333333,0.0,1,1,0.0,0.6666666666666666,licit_00093
0,0.06593406593406594,0.0,1,2,-0.4498234510602416,0.8571428571428571,licit_00095
0,0.03,0.0,1,1,0.0,0.72,licit_00096
1,0.25,0.0,1,1,0.0,0.75,licit_00097
2,0.16666666666666666,0.0,1,1,0.0,0.8333333333333334,licit_00098
2,0.010656436487638534,0.0,1,1,-0.2993924754260491,0.7246376811594203,licit_00099
11,0.0053318624747196175,0.0,1,2,-0.303824406926,0.7837837837837838,licit_00100
0,0.03133903133903134,0.0,1,2,-0.5644135099634631,0.8148148148148148,licit_00101
9,0.007920792079207921,0.0,1,3,-0.33649436618147205,0.7920792079207921,licit_00102
1,0.01991465149359886,0.0,1,1,-0.23388213848187395,0.7368421052631579,licit_00103
0,0.018173758865248225,0.0,1,2,-0.4830650996063465,0.8541666666666666,licit_00105
1,0.011985526910900044,0.0,1,2,-0.3402065230849939,0.7910447761194029,licit_00106
0,0.06818181818181818,0.0,1,1,0.0,0.75,licit_00108
4,0.008118811881188119,0.0,1,3,-0.24070626971544049,0.8118811881188119,licit_00109
5,0.011985526910900044,0.0,1,3,-0.26245717796132784,0.7910447761194029,licit_00110
1,0.01849894291754757,0.0,1,2,-0.30371194342774804,0.7954545454545454,licit_00111
2,0.009550396708786366,0.0,1,4,-0.0879915957900976,0.7831325301204819,licit_00112
3,0.012956107879428873,0.0,1,2,-0.23983723744941374,0.7903225806451613,licit_00113
0,0.11904761904761904,0.0,1,1,0.0,0.7142857142857143,licit_00116
1,0.0457516339869281,0.0,1,2,-0.45226701686664533,0.7777777777777778,licit_00117
5,0.011468812877263581,0.0,1,3,-0.35302630308623784,0.8028169014084507,licit_00118
1,0.017970401691331923,0.0,1,1,-0.26741256594173196,0.7727272727272727,licit_00119
2,0.02556818181818182,0.0,1,2,-0.349252584071533,0.8181818181818182,licit_00120
0,0.03260869565217391,0.0,1,1,-0.4780914437337586,0.75,licit_00123
4,0.05714285714285714,0.0,1,1,-0.4879500364742664,0.8,licit_00124
4,0.014013749338974087,0.0,1,5,-0.17495969584756013,0.8548387096774194,licit_00125
1,0.0367965367965368,0.0,1,2,0.0,0.7727272727272727,licit_00126
2,0.02406417112299465,0.0,1,3,0.0,0.7941176470588235,licit_00127
1,0.010030864197530864,0.0,1,4,-0.1765236879093151,0.8024691358024691,licit_00128
10,0.002709030100334448,0.0,1,3,-0.23175712683611802,0.81,licit_00129
5,0.008376288659793814,0.0,1,3,-0.36025206199852233,0.8041237113402062,licit_00130
0,0.07051282051282051,0.0,1,3,0.05407380704358762,0.8461538461538461,licit_00131
2,0.004597701149425287,0.0,1,3,-0.12348020241861728,0.8,licit_00132
2,0.013114754098360656,0.0,1,2,-0.2964977895616914,0.7868852459016393,licit_00134
3,0.0028063241106719367,0.0,1,4,-0.20003051144948897,0.7717391304347826,licit_00135
3,0.0065565171780750066,0.0,1,3,-0.22779437825716076,0.8064516129032258,licit_00136
5,0.004081632653061225,0.0,1,3,-0.2509443260937929,0.7959183673469388,licit_00137
1,0.25,0.0,1,1,0.0,0.75,licit_00138
6,0.0013536379018612521,0.0,1,3,-0.24053758313726384,0.7986463620981388,licit_00139
48,0.004671326791235381,0.0,1,4,-0.28518135453706334,0.8034682080924855,licit_00140
7,0.023674242424242424,0.0,1,2,-0.2751676641960437,0.7575757575757576,licit_00142
1,0.09722222222222222,0.0,1,1,0.0,0.7777777777777778,licit_00143
0,0.3333333333333333,0.0,1,1,0.0,0.6666666666666666,licit_00144
2,0.07272727272727272,0.0,1,1,-0.3333333333333333,0.7272727272727273,licit_00145
1,0.04112554112554113,0.0,1,2,-0.6421612990679363,0.8636363636363636,licit_00146
0,0.021848739495798318,0.0,1,1,-0.2769558547034981,0.7428571428571429,licit_00148
5,0.09722222222222222,0.0,1,1,0.0,0.7777777777777778,licit_00149
1,0.010973084886128364,0.0,1,1,-0.2633439790825641,0.7571428571428571,licit_00152
3,0.01568627450980392,0.0,1,2,-0.39353418513409205,0.7843137254901961,licit_00153
5,0.11904761904761904,0.0,1,1,0.0,0.7142857142857143,licit_00154
3,0.01141352063213345,0.0,1,2,-0.1851640199545123,0.7647058823529411,licit_00155
2,0.049019607843137254,0.0,1,2,-0.41155936083614536,0.8333333333333334,licit_00156
0,0.05,0.0,1,1,-0.40824829046386324,0.75,licit_00157
4,0.01228878648233487,0.0,1,1,2.845134559306133e-08,0.7619047619047619,licit_00159
1,0.005663350733773269,0.0,1,3,-0.2966105630722729,0.8041958041958042,licit_00160
2,0.010689551339957843,0.0,1,5,-0.17548561823270073,0.8658536585365854,licit_00164
0,0.058333333333333334,0.0,1,3,0.0,0.875,licit_00165
0,0.11904761904761904,0.0,1,1,0.0,0.7142857142857143,licit_00166
10,0.01773049645390071,0.0,1,3,0.25992310850305617,0.8333333333333334,licit_00168
1,0.01568627450980392,0.0,1,3,0.0,0.7843137254901961,licit_00169
2,0.03230769230769231,0.0,1,2,-0.3217979514674196,0.8076923076923077,licit_00170
0,0.25,0.0,1,1,0.0,0.75,licit_00171
14,0.003676144919833466,0.0,1,4,-0.2201513629366577,0.7793427230046949,licit_00172
3,0.11904761904761904,0.0,1,1,0.0,0.7142857142857143,licit_00173
3,0.03260869565217391,0.0,1,1,2.962004347662982e-08,0.75,licit_00174
0,0.11904761904761904,0.0,1,1,0.0,0.7142857142857143,licit_00175
1,0.0163265306122449,0.0,1,2,-0.3184061690345568,0.8,licit_00176
4,0.01384180790960452,0.0,1,2,-0.37613647456059845,0.8166666666666667,licit_00178
4,0.04678362573099415,0.0,1,4,0.0,0.8421052631578947,licit_00179
9,0.0042778340650681075,0.0,1,5,-0.18402888690902472,0.8042328042328042,licit_00180
15,0.043859649122807015,0.0,1,1,-0.3599370165326778,0.7894736842105263,licit_00181
2,0.024731182795698924,0.0,1,1,-0.2659080117391549,0.7419354838709677,licit_00182
2,0.018686868686868686,0.0,1,3,-0.2823542943715143,0.8222222222222222,licit_00183
1,0.06818181818181818,0.0,1,1,-0.478091443733757,0.75,licit_00184
19,0.018272425249169437,0.0,1,2,0.0,0.7674418604651163,licit_00185
6,0.002618637031359775,0.0,1,3,-0.21978173317677835,0.8013029315960912,licit_00187
0,0.14285714285714285,0.0,1,2,0.0,0.8571428571428571,licit_00188
1,0.02849002849002849,0.0,1,1,-0.27500954910846365,0.7407407407407407,licit_00189
4,0.018902439024390243,0.0,1,2,-0.18795957498056598,0.7560975609756098,licit_00190
4,0.0041175828970331585,0.0,1,2,-0.21094949808540903,0.7864583333333334,licit_00191
3,0.06043956043956044,0.0,1,1,-0.4303314829119346,0.7857142857142857,licit_00192
0,0.25,0.0,1,1,0.0,0.75,licit_00193
17,0.00969732588892154,0.0,1,2,-0.28143860130863474,0.7951807228915663,licit_00194
7,0.004101933035943188,0.0,1,3,-0.18106320986865465,0.8080808080808081,licit_00196
12,0.004704875962360992,0.0,1,2,-0.3864848940031965,0.7857142857142857,licit_00197
0,0.3333333333333333,0.0,1,1,0.0,0.6666666666666666,licit_00198
8,0.010284810126582278,0.0,1,3,-0.18542735290997012,0.8125,licit_00199
0,0.04678362573099415,0.0,1,3,-0.2335496832484569,0.8421052631578947,licit_00200
1,0.08888888888888889,0.0,1,1,0.0,0.8,licit_00201
17,0.011670020120724347,0.0,1,4,-0.321450432759665,0.8169014084507042,licit_00203
8,0.010223953261927946,0.0,1,3,-0.18809167030935434,0.7974683544303798,licit_00204
16,0.018002322880371662,0.0,1,1,-0.16677306097476763,0.7380952380952381,licit_00205
2,0.020917678812415654,0.0,1,1,-0.3534925327925656,0.7948717948717948,licit_00207
0,0.04112554112554113,0.0,1,4,0.11289418957242955,0.8636363636363636,licit_00208
1,0.3333333333333333,0.0,1,1,0.0,0.6666666666666666,licit_00209
1,0.08181818181818182,0.0,1,2,0.0,0.8181818181818182,licit_00210
1,0.039525691699604744,0.0,1,2,-0.4707565417620037,0.8695652173913043,licit_00211
2,0.005307855626326964,0.0,1,5,-0.20994230195125632,0.8280254777070064,licit_00212
25,0.042483660130718956,0.0,1,1,0.0,0.7222222222222222,licit_00213
0,0.2,0.0,1,1,0.0,0.8,licit_00215
2,0.026881720430107527,0.0,1,2,-0.3164659070859209,0.8064516129032258,licit_00216
12,0.0017976977212138545,0.0,1,3,-0.25898237068232555,0.7945823927765236,licit_00217
2,0.034420289855072464,0.0,1,1,0.0,0.7916666666666666,licit_00218
11,0.0035284350352843504,0.0,1,3,-0.25793547281610557,0.7727272727272727,licit_00219
4,0.011194029850746268,0.0,1,1,-0.15595096113287416,0.75,licit_00220
3,0.04093567251461988,0.0,1,1,-0.2842676218074802,0.7368421052631579,licit_00221
5,0.0067226890756302525,0.0,1,3,-0.27103963288895894,0.8,licit_00222
5,0.0027826171118854044,0.0,1,3,-0.24032966737476766,0.7986111111111112,licit_00224
0,0.25,0.0,1,1,0.0,0.75,licit_00226
1,0.023172905525846704,0.0,1,2,-0.09722222222222451,0.7647058823529411,licit_00227
1,0.019568151147098516,0.0,1,1,-0.3864367132317172,0.7435897435897436,licit_00228
4,0.13333333333333333,0.0,1,1,0.0,0.6666666666666666,licit_00230
2,0.027777777777777776,0.0,1,2,-0.04003203845127185,0.75,licit_00231
0,0.2,0.0,1,1,-1.0,0.8,licit_00232
1,0.0226890756302521,0.0,1,1,-0.34622296908415573,0.7714285714285715,licit_00233
2,0.022222222222222223,0.0,1,1,-0.34233585288710033,0.7777777777777778,licit_00234
0,0.042105263157894736,0.0,1,1,-0.4835456804902438,0.8,licit_00235
1,0.042105263157894736,0.0,1,1,-0.4457424941602093,0.8,licit_00236
0,0.25,0.0,1,1,0.0,0.75,licit_00237
0,0.049019607843137254,0.0,1,1,-0.5381930103241903,0.8333333333333334,licit_00238
5,0.05714285714285714,0.0,1,1,-0.5070925528371089,0.8,licit_00239
4,0.01087719298245614,0.0,1,3,-0.22133247053122165,0.8157894736842105,licit_00240
4,0.07575757575757576,0.0,1,1,-0.60009919814898,0.8333333333333334,licit_00241
0,0.11904761904761904,0.0,1,1,0.0,0.7142857142857143,licit_00242
6,0.0019858071441350112,0.0,1,3,-0.2672450349507222,0.8121951219512196,licit_00243
3,0.010273972602739725,0.0,1,1,-0.24615384615384492,0.7397260273972602,licit_00244
1,0.06818181818181818,0.0,1,1,0.0,0.75,licit_00246
0,0.09722222222222222,0.0,1,1,-0.5477225575051675,0.7777777777777778,licit_00247
1,0.03557312252964427,0.0,1,3,0.15811388300841933,0.782608695652174,licit_00248
6,0.0036513801347533145,0.0,1,4,-0.23504416664946434,0.7813953488372093,licit_00249
2,0.034420289855072464,0.0,1,2,-0.28812512461960404,0.7916666666666666,licit_00250
0,0.2,0.0,1,1,0.0,0.8,licit_00251
3,0.00523489932885906,0.0,1,3,-0.17546077755207987,0.78,licit_00252
2,0.03557312252964427,0.0,1,1,-0.3658545578807571,0.782608695652174,licit_00253
11,0.03557312252964427,0.0,1,1,-0.35890245974325147,0.782608695652174,licit_00255
0,0.04285714285714286,0.0,1,1,-0.8000000000000004,0.8571428571428571,licit_00256
1,0.051470588235294115,0.0,1,1,0.0,0.8235294117647058,licit_00257
3,0.011295822676896846,0.0,1,1,-0.23659143720702902,0.7681159420289855,licit_00258
1,0.023674242424242424,0.0,1,1,-0.3591992887299878,0.7575757575757576,licit_00259
4,0.0035165005023572145,0.0,1,3,-0.20655449368358975,0.7982456140350878,licit_00260
4,0.0046367287331142756,0.0,1,3,-0.14326795281360843,0.7650602409638554,licit_00261
4,0.011935208866155157,0.0,1,3,-0.23985672361275479,0.8115942028985508,licit_00263
6,0.015294117647058824,0.0,1,2,-0.19425419912462932,0.7647058823529411,licit_00264
33,0.024731182795698924,0.0,1,1,-0.21923522857256067,0.7419354838709677,licit_00265
6,0.007289107289107289,0.0,1,3,-0.1218174568604492,0.8018018018018018,licit_00266
2,0.02406417112299465,0.0,1,2,-0.29565217391304277,0.7941176470588235,licit_00267
0,0.0380952380952381,0.0,1,2,0.0,0.7619047619047619,licit_00268
10,0.013559322033898305,0.0,1,5,-0.014263898471073148,0.8,licit_00269
0,0.14285714285714285,0.0,1,1,-1.0,0.8571428571428571,licit_00270
0,0.024193548387096774,0.0,1,1,-0.2727272727272737,0.75,licit_00271
1,0.08888888888888889,0.0,1,1,-0.7745966692414834,0.8,licit_00272
0,0.09722222222222222,0.0,1,1,-0.7302967433402202,0.7777777777777778,licit_00273
0,0.11904761904761904,0.0,1,1,0.0,0.7142857142857143,licit_00274
0,0.05,0.0,1,1,0.0,0.75,licit_00275
1,0.0055537924468422725,0.0,1,3,-0.0860488951340437,0.7608695652173914,licit_00276
3,0.07777777777777778,0.0,1,1,0.0,0.7,licit_00277
3,0.007494269088344207,0.0,1,3,-0.30710755947303653,0.794392523364486,licit_00279
1,0.25,0.0,1,1,0.0,0.75,licit_00280
6,0.0026163157231118396,0.0,1,4,-0.29916429084189233,0.8058252427184466,licit_00281
4,0.011106997408367271,0.0,1,3,-0.22903940418426233,0.8108108108108109,licit_00282
22,0.0035634208840486866,0.0,1,3,-0.2846439584490226,0.7946428571428571,licit_00283
6,0.009157509157509158,0.0,1,3,-0.3914708925447554,0.8241758241758241,licit_00284
0,0.10714285714285714,0.0,1,1,0.0,0.75,licit_00285
0,0.09722222222222222,0.0,1,1,0.0,0.7777777777777778,licit_00286
1,0.08181818181818182,0.0,1,1,-0.7184212081071001,0.8181818181818182,licit_00287
2,0.06818181818181818,0.0,1,1,0.0,0.75,licit_00288
0,0.14285714285714285,0.0,1,1,0.0,0.8571428571428571,licit_00289
0,0.02252252252252252,0.0,1,3,0.03213291960680522,0.8108108108108109,licit_00290
1,0.01916376306620209,0.0,1,1,0.0,0.7857142857142857,licit_00292
0,0.13333333333333333,0.0,1,1,0.0,0.6666666666666666,licit_00293
1,0.042105263157894736,0.0,1,2,-0.4472135954999579,0.8,licit_00294
2,0.010138113429327064,0.0,1,3,-0.39685592507701856,0.8313253012048193,licit_00295
5,0.009575923392612859,0.0,1,5,0.06574718897872621,0.813953488372093,licit_00297
2,0.004188481675392671,0.0,1,2,-0.28292117573778763,0.7958115183246073,licit_00299
1,0.017874396135265702,0.0,1,1,-0.4372038938593543,0.8043478260869565,licit_00300
2,0.3333333333333333,0.0,1,1,0.0,0.6666666666666666,licit_00301
0,0.07575757575757576,0.0,1,1,-0.60009919814898,0.8333333333333334,licit_00302
11,0.009179575444635685,0.0,1,2,-0.24540384741714533,0.7619047619047619,licit_00303
0,0.08888888888888889,0.0,1,1,-1.0,0.8,licit_00304
4,0.009786208973200844,0.0,1,2,-0.38485345740584204,0.7926829268292683,licit_00305
5,0.03166666666666667,0.0,1,2,0.0,0.76,licit_00306
11,0.007371007371007371,0.0,1,4,-0.08089161807830984,0.8108108108108109,licit_00307
0,0.13333333333333333,0.0,1,1,0.0,0.6666666666666666,licit_00308
0,0.0457516339869281,0.0,1,1,-0.37463432463267815,0.7777777777777778,licit_00309
9,0.0014878385371744005,0.0,1,3,-0.19692380639827756,0.7840909090909091,licit_00310
0,0.16666666666666666,0.0,1,1,0.0,0.8333333333333334,licit_00311
0,0.25,0.0,1,1,0.0,0.75,licit_00312
1,0.005970149253731343,0.0,1,3,-0.2265609625639307,0.8,licit_00313
0,0.02832512315270936,0.0,1,2,-0.3131121455425754,0.7931034482758621,licit_00314
1,0.05238095238095238,0.0,1,1,0.0,0.7333333333333333,licit_00315
6,0.0035724855198072127,0.0,1,3,-0.18947542656103322,0.7752293577981652,licit_00316
3,0.027093596059113302,0.0,1,1,-0.34860834438919847,0.7586206896551724,licit_00318
1,0.013914095583787053,0.0,1,1,-0.23463740242910355,0.7931034482758621,licit_00319
0,0.03076923076923077,0.0,1,1,-0.3110026075493236,0.7692307692307693,licit_00320
0,0.08181818181818182,0.0,1,1,-0.6324555320336753,0.8181818181818182,licit_00321
3,0.0083986562150056,0.0,1,4,-0.1493710053286352,0.7894736842105263,licit_00322
4,0.018583042973286876,0.0,1,1,-0.275056724603983,0.7619047619047619,licit_00323
0,0.11904761904761904,0.0,1,1,0.0,0.7142857142857143,licit_00324
2,0.009065372829417773,0.0,1,3,-0.2848294934487227,0.797752808988764,licit_00325
0,0.06818181818181818,0.0,1,1,0.0,0.75,licit_00326
0,0.25,0.0,1,1,0.0,0.75,licit_00327
0,0.05238095238095238,0.0,1,1,-0.3563483225498987,0.7333333333333333,licit_00328
2,0.009899383317104837,0.0,1,2,-0.29882843875056675,0.7721518987341772,licit_00329
4,0.02795698924731183,0.0,1,4,-0.12546764098974778,0.8387096774193549,licit_00331
7,0.0018130190086105636,0.0,1,4,-0.200993098982983,0.801354401805869,licit_00332
18,0.022222222222222223,0.0,1,2,2.1828982583758644e-08,0.7777777777777778,licit_00333
2,0.013131313131313131,0.0,1,1,-0.185110312699632,0.7090909090909091,licit_00334
0,0.25,0.0,1,1,0.0,0.75,licit_00335
0,0.042105263157894736,0.0,1,2,-0.2036532699906392,0.8,licit_00336
5,0.0020731247644176403,0.0,1,4,-0.21222687607493035,0.783641160949868,licit_00337
1,0.16666666666666666,0.0,1,1,0.0,0.8333333333333334,licit_00338
0,0.0380952380952381,0.0,1,2,-0.3779644730092272,0.7619047619047619,licit_00341
0,0.11904761904761904,0.0,1,1,0.0,0.7142857142857143,licit_00342
3,0.0106544901065449,0.0,1,2,-0.269431673639335,0.7671232876712328,licit_00343
1,0.08888888888888889,0.0,1,1,0.0,0.8,licit_00344
0,0.03571428571428571,0.0,1,1,0.0,0.7142857142857143,licit_00345
0,0.2,0.0,1,1,0.0,0.8,licit_00346
0,0.16666666666666666,0.0,1,1,-0.9999999999999991,0.8333333333333334,licit_00347
0,0.16666666666666666,0.0,1,1,-0.9999999999999991,0.8333333333333334,licit_00348
1,0.02795698924731183,0.0,1,3,-0.04743416490252597,0.8387096774193549,licit_00349
4,0.010061668289516391,0.0,1,2,-0.20907825202727418,0.7848101265822784,licit_00350
1,0.3333333333333333,0.0,1,1,0.0,0.6666666666666666,licit_00351
0,0.023172905525846704,0.0,1,1,-0.44312936752559917,0.7647058823529411,licit_00354
3,0.014935064935064935,0.0,1,2,-0.5680865478698179,0.8214285714285714,licit_00355
0,0.037549407114624504,0.0,1,2,0.0,0.8260869565217391,licit_00359
1,0.08888888888888889,0.0,1,1,-0.5773502691896257,0.8,licit_00362
0,0.043859649122807015,0.0,1,2,-0.5547001962252276,0.7894736842105263,licit_00363
0,0.0641025641025641,0.0,1,2,0.0,0.7692307692307693,licit_00365
1,0.03538461538461538,0.0,1,4,-0.20140157895643318,0.8846153846153846,licit_00366
32,0.010181414291003332,0.0,1,3,-0.17224027699961936,0.7432432432432432,licit_00367
0,0.16666666666666666,0.0,1,1,0.0,0.8333333333333334,licit_00368
0,0.0641025641025641,0.0,1,1,-0.6123724356957954,0.7692307692307693,licit_00369
0,0.03463203463203463,0.0,1,1,-0.29277002188455997,0.7272727272727273,licit_00370
1,0.033846153846153845,0.0,1,4,-0.0954427144463666,0.8461538461538461,licit_00371
1,0.05714285714285714,0.0,1,1,-0.6019292654288461,0.8,licit_00372
0,0.023015873015873017,0.0,1,2,-0.19685424139877733,0.8055555555555556,licit_00374
1,0.020512820512820513,0.0,1,2,0.0,0.8,licit_00375
2,0.005578146178709206,0.0,1,2,-0.24438533777091084,0.7697841726618705,licit_00376
0,0.25,0.0,1,1,0.0,0.75,licit_00377
1,0.007722772277227723,0.0,1,3,-0.24062429488442488,0.7722772277227723,licit_00380
0,0.06043956043956044,0.0,1,1,0.0,0.7857142857142857,licit_00381
2,0.0641025641025641,0.0,1,1,-0.4588314677411243,0.7692307692307693,licit_00382
5,0.002169898430286242,0.0,1,3,-0.20438709644748757,0.7811634349030471,licit_00383
2,0.00851063829787234,0.0,1,4,-0.29084158250540737,0.8,licit_00384
1,0.25,0.0,1,1,0.0,0.75,licit_00385
7,0.029556650246305417,0.0,1,2,-0.23238221938503112,0.8275862068965517,licit_00386
0,0.07272727272727272,0.0,1,1,-0.3333333333333333,0.7272727272727273,licit_00387
0,0.049019607843137254,0.0,1,2,-0.32137346561145186,0.8333333333333334,licit_00388
0,0.3333333333333333,0.0,1,1,0.0,0.6666666666666666,licit_00389
2,0.01916376306620209,0.0,1,2,-0.2569367706772071,0.7857142857142857,licit_00390
1,0.021848739495798318,0.0,1,1,0.0,0.7428571428571429,licit_00391
9,0.026515151515151516,0.0,1,3,-0.2224145154228664,0.8484848484848485,licit_00392
29,0.012956107879428873,0.0,1,3,-0.14645749908780076,0.7903225806451613,licit_00393
1,0.05238095238095238,0.0,1,1,-0.28867513459481253,0.7333333333333333,licit_00394
0,0.25,0.0,1,1,0.0,0.75,licit_00395
1,0.03557312252964427,0.0,1,2,-0.13803940759355746,0.782608695652174,licit_00396
2,0.10714285714285714,0.0,1,1,0.0,0.75,licit_00397
0,0.06043956043956044,0.0,1,1,0.0,0.7857142857142857,licit_00398
2,0.04779411764705882,0.0,1,1,0.0,0.7647058823529411,licit_00399
5,0.008054123711340205,0.0,1,2,-0.3081680263549936,0.7731958762886598,licit_00400
1,0.08888888888888889,0.0,1,2,0.0,0.8,licit_00401
5,0.0035398230088495575,0.0,1,3,-0.24890899411951706,0.7964601769911505,licit_00402
2,0.009403467528651191,0.0,1,3,-0.35136418446315326,0.7710843373493976,licit_00403
1,0.030797101449275364,0.0,1,1,0.0,0.7083333333333334,licit_00404
2,0.008361204013377926,0.0,1,2,-0.2320288971273374,0.7608695652173914,licit_00405
3,0.026881720430107527,0.0,1,3,-0.15717098741180002,0.8064516129032258,licit_00406
2,0.020625889046941678,0.0,1,1,-0.2868422580664479,0.7631578947368421,licit_00407
1,0.09722222222222222,0.0,1,1,-0.7302967433402202,0.7777777777777778,licit_00408
1,0.07272727272727272,0.0,1,1,0.0,0.7272727272727273,licit_00409
0,0.13333333333333333,0.0,1,1,0.0,0.6666666666666666,licit_00410
0,0.05714285714285714,0.0,1,1,0.0,0.8,licit_00411
0,0.25,0.0,1,1,0.0,0.75,licit_00412
2,0.05714285714285714,0.0,1,1,-0.6139406135149216,0.8,licit_00414
4,0.10714285714285714,0.0,1,1,-0.4999999999999998,0.75,licit_00415
3,0.03557312252964427,0.0,1,3,0.06523280730534424,0.782608695652174,licit_00417
0,0.07051282051282051,0.0,1,2,-0.44854261357252956,0.8461538461538461,licit_00418
0,0.25,0.0,1,1,0.0,0.75,licit_00419
4,0.001423302556993985,0.0,1,4,-0.19451884386046053,0.8084358523725835,licit_00421
6,0.009302325581395349,0.0,1,5,-0.24670470672194195,0.7906976744186046,licit_00422
1,0.3333333333333333,0.0,1,1,0.0,0.6666666666666666,licit_00423
0,0.2,0.0,1,1,0.0,0.8,licit_00424
0,0.07777777777777778,0.0,1,1,0.0,0.7,licit_00425
2,0.026881720430107527,0.0,1,3,0.0,0.8064516129032258,licit_00426
1,0.05238095238095238,0.0,1,1,0.0,0.7333333333333333,licit_00428
0,0.06043956043956044,0.0,1,1,-0.6374552583116765,0.7857142857142857,licit_00429
3,0.005253863134657837,0.0,1,3,-0.2588032209999986,0.7880794701986755,licit_00431
0,0.0641025641025641,0.0,1,1,0.0,0.7692307692307693,licit_00432
0,0.06818181818181818,0.0,1,1,0.0,0.75,licit_00433
4,0.03133903133903134,0.0,1,3,-0.26958193300859573,0.8148148148148148,licit_00434
0,0.10714285714285714,0.0,1,1,-0.4999999999999998,0.75,licit_00436
2,0.027093596059113302,0.0,1,2,-0.19814848097530394,0.7586206896551724,licit_00437
6,0.019568151147098516,0.0,1,1,-0.3374326762004787,0.7435897435897436,licit_00438
1,0.06818181818181818,0.0,1,1,0.0,0.75,licit_00439
2,0.02620967741935484,0.0,1,2,-0.4094910583019702,0.8125,licit_00440
0,0.06593406593406594,0.0,1,2,0.0,0.8571428571428571,licit_00441
0,0.06818181818181818,0.0,1,1,-0.4780914437337586,0.75,licit_00442
13,0.0034325396825396824,0.0,1,3,-0.17255904613440118,0.7688888888888888,licit_00443
2,0.0103862382343395,0.0,1,3,-0.28678341691190257,0.810126582278481,licit_00444
2,0.023273273273273273,0.0,1,3,-0.44408462637034146,0.8378378378378378,licit_00445
5,0.0013485047211860028,0.0,1,4,-0.22724952247013286,0.7996632996632996,licit_00446
4,0.013934426229508197,0.0,1,3,-0.34144087136742807,0.8360655737704918,licit_00447
1,0.08333333333333333,0.0,1,1,0.0,0.6666666666666666,licit_00450
4,0.00808080808080808,0.0,1,3,-0.0433023111226734,0.8,licit_00451
0,0.10714285714285714,0.0,1,1,-0.4999999999999998,0.75,licit_00452
0,0.03463203463203463,0.0,1,1,0.0,0.7272727272727273,licit_00454
0,0.05714285714285714,0.0,1,1,-0.7071067811865475,0.8,licit_00455
1,0.019027484143763214,0.0,1,3,-0.201967867367951,0.8181818181818182,licit_00456
21,0.018686868686868686,0.0,1,3,-0.3953631602418974,0.8222222222222222,licit_00458
0,0.05714285714285714,0.0,1,1,0.0,0.8,licit_00459
2,0.042105263157894736,0.0,1,1,-0.5773502691896257,0.8,licit_00461
3,0.04779411764705882,0.0,1,1,0.0,0.7647058823529411,licit_00462
5,0.00999000999000999,0.0,1,2,-0.2407527357897271,0.7692307692307693,licit_00464
6,0.008142650999793857,0.0,1,3,-0.2003976373652033,0.797979797979798,licit_00466
1,0.029556650246305417,0.0,1,2,-0.55021064239763,0.8275862068965517,licit_00467
0,0.03333333333333333,0.0,1,2,-0.4303314829119372,0.8,licit_00468
1,0.010663983903420523,0.0,1,3,0.1230083428917245,0.7464788732394366,licit_00469
2,0.009222133119486768,0.0,1,3,-0.10408998568757417,0.7931034482758621,licit_00470
0,0.11904761904761904,0.0,1,1,0.0,0.7142857142857143,licit_00472
2,0.01916376306620209,0.0,1,2,-0.27691497049406455,0.7857142857142857,licit_00474
5,0.0036575266838424735,0.0,1,3,-0.2602736625860774,0.7607655502392344,licit_00475
7,0.03076923076923077,0.0,1,2,-0.2721655269759096,0.7692307692307693,licit_00477
1,0.06043956043956044,0.0,1,1,0.0,0.7857142857142857,licit_00478
6,0.010252904989747095,0.0,1,2,-0.2781358410418999,0.7792207792207793,licit_00479
2,0.010736764161421697,0.0,1,4,0.036743521953263206,0.7837837837837838,licit_00480
0,0.04047619047619048,0.0,1,1,-0.8888888888888902,0.8095238095238095,licit_00481
2,0.038011695906432746,0.0,1,1,0.0,0.6842105263157895,licit_00482
0,0.11904761904761904,0.0,1,1,0.0,0.7142857142857143,licit_00483
0,0.11904761904761904,0.0,1,1,0.0,0.7142857142857143,licit_00484
33,0.0023933163769959023,0.0,1,4,-0.22532666803433027,0.8041543026706232,licit_00486
2,0.009786208973200844,0.0,1,2,-0.3574226340694474,0.7926829268292683,licit_00487
0,0.08181818181818182,0.0,1,2,0.05976143046671922,0.8181818181818182,licit_00488
0,0.10714285714285714,0.0,1,1,0.0,0.75,licit_00489
5,0.07575757575757576,0.0,1,1,-0.60009919814898,0.8333333333333334,licit_00490
6,0.00389765662362506,0.0,1,5,-0.1618220231502421,0.7951219512195122,licit_00491
1,0.019027484143763214,0.0,1,2,-0.4190321060909908,0.8181818181818182,licit_00492
0,0.042105263157894736,0.0,1,1,-0.37142857142857144,0.8,licit_00493
0,0.06818181818181818,0.0,1,1,0.0,0.75,licit_00494
10,0.0015288649706457925,0.0,1,3,-0.25861686315350796,0.78125,licit_00495
7,0.01757631822386679,0.0,1,2,-0.4038894254496276,0.8085106382978723,licit_00496
0,0.11904761904761904,0.0,1,1,0.0,0.7142857142857143,licit_00497
0,0.07777777777777778,0.0,1,1,0.0,0.7,licit_00499
1,0.019230769230769232,0.0,1,1,-0.39801487608399533,0.75,licit_00500
0,0.13333333333333333,0.0,1,1,0.0,0.6666666666666666,licit_00502
4,0.004107796964939822,0.0,1,4,-0.20050639526205702,0.8010204081632653,licit_00503
0,0.02721774193548387,0.0,1,1,-0.6136470553555308,0.84375,licit_00504
2,0.3333333333333333,0.0,1,1,0.0,0.6666666666666666,licit_00505
1,0.01849894291754757,0.0,1,1,-0.36986364307676667,0.7954545454545454,licit_00506
12,0.013734658094681473,0.0,1,2,-0.35340622106589914,0.7966101694915254,licit_00508
0,0.07272727272727272,0.0,1,1,0.0,0.7272727272727273,licit_00509
0,0.25,0.0,1,1,0.0,0.75,licit_00510
0,0.013636363636363636,0.0,1,2,-0.23977494724951726,0.75,licit_00512
0,0.11904761904761904,0.0,1,1,0.0,0.7142857142857143,licit_00513
0,0.05,0.0,1,1,-0.350823207722812,0.75,licit_00514
1,0.05714285714285714,0.0,1,1,-0.5813183589761814,0.8,licit_00515
1,0.03042328042328042,0.0,1,3,-0.3219447538692732,0.8214285714285714,licit_00516
4,0.005099302200751476,0.0,1,3,-0.28156182042210987,0.8209876543209876,licit_00517
0,0.2,0.0,1,1,0.0,0.8,licit_00518
1,0.03418803418803419,0.0,1,4,-0.21004201260420235,0.8888888888888888,licit_00519
0,0.0380952380952381,0.0,1,2,-0.3779644730092272,0.7619047619047619,licit_00521
8,0.007571345369831101,0.0,1,2,-0.2507760750514544,0.7647058823529411,licit_00522
1,0.02556818181818182,0.0,1,3,-0.3005749323821492,0.8181818181818182,licit_00525
0,0.09722222222222222,0.0,1,1,-0.5477225575051675,0.7777777777777778,licit_00526
0,0.025806451612903226,0.0,1,1,-0.42640143271122094,0.7741935483870968,licit_00527
13,0.022281639928698752,0.0,1,1,-0.2426314816373394,0.7352941176470589,licit_00528
0,0.14285714285714285,0.0,1,2,0.4999999999999995,0.8571428571428571,licit_00529
5,0.014876632801161103,0.0,1,1,-0.29664684241913,0.7735849056603774,licit_00531
0,0.25,0.0,1,1,0.0,0.75,licit_00532
0,0.06043956043956044,0.0,1,1,-0.5714285714285717,0.7857142857142857,licit_00533
12,0.0023615964040524643,0.0,1,6,-0.12311621945101846,0.7958579881656804,licit_00534
11,0.027065527065527065,0.0,1,1,0.0,0.7037037037037037,licit_00536
11,0.003284923928077455,0.0,1,3,-0.17985312655453478,0.7883817427385892,licit_00537
0,0.02406417112299465,0.0,1,1,-0.42451793251226383,0.7941176470588235,licit_00538
0,0.043859649122807015,0.0,1,1,-0.4036036763977875,0.7894736842105263,licit_00539
19,0.028735632183908046,0.0,1,3,-0.34504763224774093,0.8333333333333334,licit_00540
3,0.07051282051282051,0.0,1,1,-0.6900655593423539,0.8461538461538461,licit_00542
1,0.021592442645074223,0.0,1,2,-0.19728801008312422,0.8205128205128205,licit_00543
1,0.007816711590296496,0.0,1,3,-0.22150780649488253,0.8207547169811321,licit_00544
4,0.03359683794466403,0.0,1,1,-0.4096732451993511,0.7391304347826086,licit_00545
1,0.06818181818181818,0.0,1,1,0.0,0.75,licit_00546
0,0.05416666666666667,0.0,1,2,0.0,0.8125,licit_00548
8,0.003281978029452777,0.0,1,3,-0.2506996910444807,0.7942386831275721,licit_00549
1,0.08181818181818182,0.0,1,2,-0.7559289460184522,0.8181818181818182,licit_00550
6,0.0226890756302521,0.0,1,1,-0.31984651050360174,0.7714285714285715,licit_00551
0,0.14285714285714285,0.0,1,2,-0.250000000000001,0.8571428571428571,licit_00552
0,0.3333333333333333,0.0,1,1,0.0,0.6666666666666666,licit_00553
0,0.06593406593406594,0.0,1,2,-0.3721042037676246,0.8571428571428571,licit_00554
10,0.006663769375633783,0.0,1,3,-0.2111501877248065,0.7796610169491526,licit_00555
1,0.049019607843137254,0.0,1,2,0.0,0.8333333333333334,licit_00557
0,0.027586206896551724,0.0,1,3,-0.4796320968792728,0.8,licit_00558
1,0.0367965367965368,0.0,1,1,0.0,0.7727272727272727,licit_00559
1,0.020121951219512196,0.0,1,2,-0.246666666666667,0.8048780487804879,licit_00560
0,0.027777777777777776,0.0,1,1,0.0,0.75,licit_00562
4,0.02832512315270936,0.0,1,1,-0.5357604847752595,0.7931034482758621,licit_00563
0,0.04779411764705882,0.0,1,1,-0.4103049699311103,0.7647058823529411,licit_00564
4,0.0045003103662321535,0.0,1,3,-0.22969868170503785,0.8055555555555556,licit_00565
2,0.08181818181818182,0.0,1,1,-0.8000000000000003,0.8181818181818182,licit_00566
76,0.020512820512820513,0.0,1,2,-0.40907084486410666,0.8,licit_00568
7,0.03162055335968379,0.0,1,1,0.0,0.6956521739130435,licit_00570
1,0.029556650246305417,0.0,1,2,-0.40293831207267455,0.8275862068965517,licit_00571
1,0.06818181818181818,0.0,1,1,0.0,0.75,licit_00572
4,0.043859649122807015,0.0,1,3,0.0,0.7894736842105263,licit_00573
9,0.001837697186534396,0.0,1,4,-0.20732334046227252,0.7883720930232558,licit_00574
1,0.02620967741935484,0.0,1,2,0.0,0.8125,licit_00575
2,0.006836632958268053,0.0,1,3,-0.22550190063308825,0.8067226890756303,licit_00576
1,0.008376288659793814,0.0,1,3,-0.2814361953464781,0.8041237113402062,licit_00578
2,0.023015873015873017,0.0,1,3,-0.07374748211500463,0.8055555555555556,licit_00579
0,0.037549407114624504,0.0,1,2,-0.5460375914550671,0.8260869565217391,licit_00580
1,0.0380952380952381,0.0,1,1,-0.48038446141526137,0.7619047619047619,licit_00581
2,0.023273273273273273,0.0,1,4,0.0,0.8378378378378378,licit_00582
1,0.0074682598954443615,0.0,1,1,-0.31060508819172,0.7692307692307693,licit_00583
3,0.026455026455026454,0.0,1,1,-0.1814436846506063,0.7142857142857143,licit_00585
0,0.2,0.0,1,1,0.0,0.8,licit_00587
4,0.006349206349206349,0.0,1,3,-0.2076862154842134,0.7936507936507936,licit_00589
1,0.07777777777777778,0.0,1,1,0.0,0.7,licit_00590
0,0.08888888888888889,0.0,1,2,0.0,0.8,licit_00591
6,0.02923076923076923,0.0,1,1,0.0,0.7307692307692307,licit_00592
0,0.025806451612903226,0.0,1,1,-0.31209988794877336,0.7741935483870968,licit_00593
1,0.03557312252964427,0.0,1,1,-0.3872983346207417,0.782608695652174,licit_00595
3,0.01251097453906936,0.0,1,3,-0.22315662201842001,0.8382352941176471,licit_00597
0,0.10714285714285714,0.0,1,1,-0.4999999999999998,0.75,licit_00598
2,0.06818181818181818,0.0,1,1,0.0,0.75,licit_00599
0,0.018038852913968548,0.0,1,4,-0.13177502727791837,0.8297872340425532,licit_00603
17,0.0064761904761904765,0.0,1,3,-0.23919737169245797,0.8095238095238095,licit_00604
0,0.25,0.0,1,1,0.0,0.75,licit_00605
2,0.0083986562150056,0.0,1,2,-0.1953740705864295,0.7894736842105263,licit_00606
3,0.017287234042553192,0.0,1,2,-0.4447212909046023,0.8125,licit_00608
0,0.06043956043956044,0.0,1,1,-0.4303314829119346,0.7857142857142857,licit_00610
1,0.01134585289514867,0.0,1,4,-0.061995017350713236,0.8055555555555556,licit_00611
0,0.03557312252964427,0.0,1,1,-0.35890245974325147,0.782608695652174,licit_00612
1,0.04678362573099415,0.0,1,1,-0.6036877005941698,0.8421052631578947,licit_00614
6,0.00481180496150556,0.0,1,3,-0.24538342894991766,0.8035714285714286,licit_00615
0,0.11904761904761904,0.0,1,1,0.0,0.7142857142857143,licit_00616
4,0.0038322185061315495,0.0,1,4,-0.17507139714890704,0.7932692307692307,licit_00618
2,0.004389195825659914,0.0,1,3,-0.24045230438150322,0.7900552486187845,licit_00621
4,0.005827886710239652,0.0,1,3,-0.14791382533962424,0.7867647058823529,licit_00622
2,0.011852502194907815,0.0,1,3,-0.34477684530869745,0.7941176470588235,licit_00623
1,0.023015873015873017,0.0,1,3,0.0,0.8055555555555556,licit_00625
0,0.04779411764705882,0.0,1,1,-0.4103049699311103,0.7647058823529411,licit_00626
6,0.008217821782178218,0.0,1,4,-0.31308695648153884,0.8217821782178217,licit_00627
0,0.08888888888888889,0.0,1,1,-0.5773502691896257,0.8,licit_00628
1,0.042105263157894736,0.0,1,1,0.0,0.8,licit_00629
1,0.03078817733990148,0.0,1,2,-0.37448101649718096,0.8620689655172413,licit_00630
2,0.3333333333333333,0.0,1,1,0.0,0.6666666666666666,licit_00631
0,0.03076923076923077,0.0,1,2,0.0,0.7692307692307693,licit_00632
0,0.07777777777777778,0.0,1,1,0.0,0.7,licit_00633
8,0.05238095238095238,0.0,1,1,0.0,0.7333333333333333,licit_00634
13,0.003301419610432486,0.0,1,2,-0.2590388891770733,0.7692307692307693,licit_00635
1,0.01384180790960452,0.0,1,2,-0.3872081517883489,0.8166666666666667,licit_00637
2,0.011150234741784037,0.0,1,2,-0.2807276529691021,0.7916666666666666,licit_00638
5,0.02721774193548387,0.0,1,2,-0.5785421372235205,0.84375,licit_00639
0,0.022281639928698752,0.0,1,1,0.0,0.7352941176470589,licit_00640
2,0.025806451612903226,0.0,1,1,-0.27272727272727215,0.7741935483870968,licit_00641
0,0.021153846153846155,0.0,1,2,0.0,0.825,licit_00643
1,0.0392156862745098,0.0,1,1,0.0,0.6666666666666666,licit_00646
2,0.009012539184952978,0.0,1,3,-0.21163175867424378,0.7840909090909091,licit_00647
9,0.003619849940766092,0.0,1,4,-0.1832143509578401,0.7710280373831776,licit_00648
24,0.009065372829417773,0.0,1,3,-0.173327770260506,0.797752808988764,licit_00649
0,0.25,0.0,1,1,0.0,0.75,licit_00650
3,0.06818181818181818,0.0,1,1,0.0,0.75,licit_00651
8,0.0036404771698889346,0.0,1,3,-0.2723778355682022,0.8009049773755657,licit_00652
3,0.019806763285024155,0.0,1,5,-0.24770564571192724,0.8913043478260869,licit_00653
0,0.02620967741935484,0.0,1,2,-0.4168610434249556,0.8125,licit_00654
0,0.3333333333333333,0.0,1,1,0.0,0.6666666666666666,licit_00655
5,0.020242914979757085,0.0,1,3,0.0,0.7692307692307693,licit_00656
5,0.0641025641025641,0.0,1,1,-0.5345224838248483,0.7692307692307693,licit_00657
2,0.03078817733990148,0.0,1,4,0.1394708495124341,0.8620689655172413,licit_00658
0,0.1111111111111111,0.0,1,3,0.0,0.8888888888888888,licit_00661
0,0.10714285714285714,0.0,1,1,0.0,0.75,licit_00662
49,0.0021093176815847395,0.0,1,4,-0.2434518765956662,0.7931034482758621,licit_00665
0,0.034420289855072464,0.0,1,2,-0.39363661515662407,0.7916666666666666,licit_00666
7,0.07575757575757576,0.0,1,1,0.0,0.8333333333333334,licit_00667
1,0.012121212121212121,0.0,1,3,-0.17894736842105405,0.7878787878787878,licit_00668
4,0.007494269088344207,0.0,1,2,-0.39843102192080376,0.794392523364486,licit_00669
7,0.004419889502762431,0.0,1,3,-0.20323018420947006,0.7955801104972375,licit_00671
1,0.02406417112299465,0.0,1,1,2.3916116436570318e-08,0.7941176470588235,licit_00672
7,0.004656319290465632,0.0,1,3,-0.17707567281227304,0.7636363636363637,licit_00673
0,0.07272727272727272,0.0,1,1,-0.3333333333333333,0.7272727272727273,licit_00675
4,0.005947705083604534,0.0,1,3,-0.30062085371806657,0.7910447761194029,licit_00676
6,0.003514725487819658,0.0,1,3,-0.19775839455932517,0.7802690582959642,licit_00677
0,0.05416666666666667,0.0,1,2,-0.2739610746356052,0.8125,licit_00679
0,0.25,0.0,1,1,0.0,0.75,licit_00680
1,0.010990990990990991,0.0,1,2,-0.3866287862111594,0.8133333333333334,licit_00681
4,0.017676767676767676,0.0,1,1,-0.3503802264491578,0.7777777777777778,licit_00682
1,0.043859649122807015,0.0,1,1,-0.7077983283260935,0.7894736842105263,licit_00683
3,0.06818181818181818,0.0,1,1,0.0,0.75,licit_00684
1,0.08888888888888889,0.0,1,2,0.0,0.8,licit_00685
6,0.003301419610432486,0.0,1,5,-0.05032119145889145,0.7692307692307693,licit_00686
0,0.13333333333333333,0.0,1,1,0.0,0.6666666666666666,licit_00687
0,0.0641025641025641,0.0,1,1,-0.4588314677411243,0.7692307692307693,licit_00688
5,0.009302325581395349,0.0,1,3,-0.20330446910792888,0.7906976744186046,licit_00690
0,0.09722222222222222,0.0,1,1,0.0,0.7777777777777778,licit_00691
0,0.3333333333333333,0.0,1,1,0.0,0.6666666666666666,licit_00692
0,0.02032520325203252,0.0,1,2,-0.525993877298463,0.8333333333333334,licit_00694
2,0.010548523206751054,0.0,1,3,-0.35246425130603526,0.8227848101265823,licit_00695
1,0.011852502194907815,0.0,1,2,-0.2532511118523478,0.7941176470588235,licit_00696
0,0.25,0.0,1,1,0.0,0.75,licit_00697
22,0.001487626448248101,0.0,1,3,-0.20710384613569402,0.794392523364486,licit_00698
1,0.11904761904761904,0.0,1,1,0.0,0.7142857142857143,licit_00699
0,0.10714285714285714,0.0,1,1,-0.4999999999999998,0.75,licit_00700
0,0.25,0.0,1,1,0.0,0.75,licit_00702
1,0.023273273273273273,0.0,1,3,-0.2699735541577049,0.8378378378378378,licit_00703
0,0.04473684210526316,0.0,1,2,0.0,0.85,licit_00704
4,0.027777777777777776,0.0,1,1,0.0,0.75,licit_00705
6,0.00560668570824077,0.0,1,2,-0.30875060475777144,0.7681159420289855,licit_00706
6,0.003762541806020067,0.0,1,3,-0.23099638171174927,0.7788461538461539,licit_00707
0,0.08333333333333333,0.0,1,1,0.0,0.6666666666666666,licit_00709
7,0.0036731145403173225,0.0,1,4,-0.2791286068182845,0.786046511627907,licit_00710
0,0.3333333333333333,0.0,1,1,0.0,0.6666666666666666,licit_00712
2,0.05714285714285714,0.0,1,1,-0.6153846153846161,0.8,licit_00713
3,0.3333333333333333,0.0,1,1,0.0,0.6666666666666666,licit_00715
4,0.019027484143763214,0.0,1,3,-0.35120668762232404,0.8181818181818182,licit_00716
0,0.03103448275862069,0.0,1,4,-0.48416483186574494,0.9,licit_00717
2,0.02406417112299465,0.0,1,3,0.0,0.7941176470588235,licit_00718
2,0.03133903133903134,0.0,1,2,-0.2027767764134523,0.8148148148148148,licit_00719
0,0.07777777777777778,0.0,1,1,0.0,0.7,licit_00720
1,0.01201923076923077,0.0,1,1,-0.3748377957448231,0.7692307692307693,licit_00721
1,0.00895843287147635,0.0,1,4,-0.07104123631979083,0.8152173913043478,licit_00722
0,0.022222222222222223,0.0,1,2,-0.10256410256410248,0.7777777777777778,licit_00723
1,0.013150204558737581,0.0,1,2,-0.20867538242760764,0.7627118644067796,licit_00725
1,0.043859649122807015,0.0,1,1,-0.520204871009884,0.7894736842105263,licit_00726
2,0.015488215488215488,0.0,1,3,-0.3175436679444491,0.8363636363636363,licit_00728
0,0.25,0.0,1,1,0.0,0.75,licit_00729
4,0.00980392156862745,0.0,1,3,-0.24369193969651146,0.8235294117647058,licit_00731
17,0.02027027027027027,0.0,1,1,-0.2933573244244296,0.7297297297297297,licit_00732
1,0.11904761904761904,0.0,1,1,0.0,0.7142857142857143,licit_00733
1,0.05416666666666667,0.0,1,2,-0.24720661623652293,0.8125,licit_00735
4,0.006788710907704043,0.0,1,3,-0.16905836565108998,0.7739130434782608,licit_00737
0,0.16666666666666666,0.0,1,1,-0.9999999999999991,0.8333333333333334,licit_00738
0,0.016581632653061226,0.0,1,2,-0.2716618768831155,0.7959183673469388,licit_00739
3,0.0641025641025641,0.0,1,1,-0.6123724356957954,0.7692307692307693,licit_00741
0,0.04779411764705882,0.0,1,2,-0.3947710169758626,0.7647058823529411,licit_00742
3,0.005069124423963134,0.0,1,2,-0.28132607294013384,0.7806451612903226,licit_00743
1,0.010921880784894483,0.0,1,3,-0.2935903373670303,0.7972972972972973,licit_00744
11,0.008310540711129813,0.0,1,3,-0.20939008779530457,0.8061224489795918,licit_00746
0,0.25,0.0,1,1,0.0,0.75,licit_00747
0,0.027586206896551724,0.0,1,2,-0.3779644730092272,0.8,licit_00748
0,0.05714285714285714,0.0,1,2,-0.35355339059327445,0.8,licit_00749
5,0.08888888888888889,0.0,1,1,0.0,0.8,licit_00750
0,0.08888888888888889,0.0,1,1,0.0,0.8,licit_00751
3,0.16666666666666666,0.0,1,1,0.0,0.8333333333333334,licit_00753
5,0.012648809523809524,0.0,1,2,-0.21119430154775473,0.796875,licit_00754
2,0.021021021021021023,0.0,1,1,-0.24144557176631037,0.7567567567567568,licit_00755
1,0.03333333333333333,0.0,1,2,-0.20874143036171727,0.8,licit_00757
3,0.004310606520551272,0.0,1,3,-0.16751389884381448,0.7802197802197802,licit_00759
1,0.03230769230769231,0.0,1,2,-0.48856991820183887,0.8076923076923077,licit_00760
4,0.023529411764705882,0.0,1,2,-0.36608826607349915,0.8,licit_00761
2,0.03684210526315789,0.0,1,1,0.0,0.7,licit_00762
1,0.009036833676504232,0.0,1,3,-0.34003949031821556,0.8404255319148937,licit_00763
0,0.16666666666666666,0.0,1,1,-0.9999999999999991,0.8333333333333334,licit_00764
3,0.007722772277227723,0.0,1,1,-0.33500569924747675,0.7722772277227723,licit_00766
3,0.10714285714285714,0.0,1,1,0.0,0.75,licit_00767
1,0.023172905525846704,0.0,1,2,-0.22787606911843578,0.7647058823529411,licit_00768
0,0.3333333333333333,0.0,1,1,0.0,0.6666666666666666,licit_00769
4,0.027093596059113302,0.0,1,2,-0.19364916731037152,0.7586206896551724,licit_00770
0,0.11904761904761904,0.0,1,1,0.0,0.7142857142857143,licit_00771
0,0.021337126600284494,0.0,1,2,-0.24807475529387388,0.7894736842105263,licit_00772
4,0.002129211893807418,0.0,1,4,-0.25374561329623635,0.779291553133515,licit_00773
3,0.01744186046511628,0.0,1,2,-0.32536151189338625,0.75,licit_00774
0,0.051470588235294115,0.0,1,1,-0.6389784510646981,0.8235294117647058,licit_00775
1,0.023172905525846704,0.0,1,2,-0.09736702254178319,0.7647058823529411,licit_00777
2,0.008600095556617296,0.0,1,3,-0.11065717819678232,0.782608695652174,licit_00778
5,0.006228257210189653,0.0,1,3,-0.2827270296807575,0.8283582089552238,licit_00779
0,0.06043956043956044,0.0,1,1,-0.44294039801783225,0.7857142857142857,licit_00780
0,0.042105263157894736,0.0,1,2,-0.3038218101251,0.8,licit_00781
1,0.015024458420684835,0.0,1,2,-0.34483397079286116,0.7962962962962963,licit_00782
1,0.010061668289516391,0.0,1,3,-0.1623608781903274,0.7848101265822784,licit_00783
13,0.02462121212121212,0.0,1,3,-0.0714285714285718,0.7878787878787878,licit_00785
0,0.05714285714285714,0.0,1,1,-0.47809144373375606,0.8,licit_00787
0,0.021848739495798318,0.0,1,1,-0.3316455587753943,0.7428571428571429,licit_00788
0,0.2,0.0,1,1,0.0,0.8,licit_00790
3,0.03463203463203463,0.0,1,1,0.0,0.7272727272727273,licit_00792
1,0.25,0.0,1,1,0.0,0.75,licit_00793
0,0.06818181818181818,0.0,1,1,0.0,0.75,licit_00795
0,0.023809523809523808,0.0,1,2,-0.5451664941693714,0.8333333333333334,licit_00797
1,0.07777777777777778,0.0,1,1,0.0,0.7,licit_00799
0,0.25,0.0,1,1,0.0,0.75,licit_00800
0,0.0226890756302521,0.0,1,1,-0.28571428571428525,0.7714285714285715,licit_00801
1,0.06818181818181818,0.0,1,1,0.0,0.75,licit_00802
9,0.0037076038787240578,0.0,1,3,-0.3289761636812952,0.7897196261682243,licit_00803
1,0.034420289855072464,0.0,1,2,-0.3521414817774322,0.7916666666666666,licit_00804
5,0.037549407114624504,0.0,1,3,-0.5060480768510598,0.8260869565217391,licit_00805
0,0.04093567251461988,0.0,1,1,-0.35355339059327295,0.7368421052631579,licit_00806
2,0.01987179487179487,0.0,1,1,-0.35848857195857614,0.775,licit_00807
1,0.033846153846153845,0.0,1,3,-0.29988007195203314,0.8461538461538461,licit_00808
3,0.007994950557542605,0.0,1,2,-0.21269983937709921,0.7755102040816326,licit_00809
3,0.027777777777777776,0.0,1,1,-0.2848978279183064,0.75,licit_00810
1,0.023185483870967742,0.0,1,1,0.0,0.71875,licit_00813
1,0.25,0.0,1,1,0.0,0.75,licit_00816
0,0.25,0.0,1,1,0.0,0.75,licit_00817
0,0.25,0.0,1,1,0.0,0.75,licit_00818
3,0.008954824913124833,0.0,1,2,-0.3815925396976087,0.7701149425287356,licit_00819
8,0.10714285714285714,0.0,1,1,0.0,0.75,licit_00820
0,0.07777777777777778,0.0,1,1,0.0,0.7,licit_00822
2,0.008483676975945017,0.0,1,4,-0.2070022951247956,0.8144329896907216,licit_00823
0,0.03260869565217391,0.0,1,1,-0.26261286571944553,0.75,licit_00825
0,0.0641025641025641,0.0,1,1,0.0,0.7692307692307693,licit_00826
1,0.3333333333333333,0.0,1,1,0.0,0.6666666666666666,licit_00827
3,0.025201612903225805,0.0,1,1,0.0,0.78125,licit_00828
1,0.042483660130718956,0.0,1,2,0.0,0.7222222222222222,licit_00829
4,0.05,0.0,1,1,0.0,0.75,licit_00830
4,0.07272727272727272,0.0,1,1,-0.3333333333333333,0.7272727272727273,licit_00832
1,0.02721774193548387,0.0,1,3,-0.11627361296797291,0.84375,licit_00834
0,0.07272727272727272,0.0,1,1,0.0,0.7272727272727273,licit_00835
0,0.07051282051282051,0.0,1,1,-0.6686478498357303,0.8461538461538461,licit_00836
0,0.07272727272727272,0.0,1,1,-0.3333333333333333,0.7272727272727273,licit_00840
27,0.004334121355397951,0.0,1,5,-0.17242733557777035,0.8148148148148148,licit_00842
3,0.11904761904761904,0.0,1,1,0.0,0.7142857142857143,licit_00843
1,0.04093567251461988,0.0,1,1,0.0,0.7368421052631579,licit_00844
2,0.10714285714285714,0.0,1,1,0.0,0.75,licit_00846
0,0.11904761904761904,0.0,1,1,0.0,0.7142857142857143,licit_00847
0,0.0641025641025641,0.0,1,1,0.0,0.7692307692307693,licit_00848
0,0.16666666666666666,0.0,1,1,-0.9999999999999991,0.8333333333333334,licit_00849
3,0.029556650246305417,0.0,1,3,-0.18181818181818143,0.8275862068965517,licit_00850
0,0.07051282051282051,0.0,1,3,0.0,0.8461538461538461,licit_00851
2,0.10714285714285714,0.0,1,1,-0.4999999999999998,0.75,licit_00852
0,0.057692307692307696,0.0,1,1,0.0,0.6923076923076923,licit_00853
0,0.08888888888888889,0.0,1,2,0.0,0.8,licit_00854
3,0.06818181818181818,0.0,1,1,0.0,0.75,licit_00858
2,0.01916376306620209,0.0,1,2,-0.28151745369443054,0.7857142857142857,licit_00859
7,0.008532024310425433,0.0,1,3,-0.14345248944267774,0.7849462365591398,licit_00860
7,0.0033612243438460986,0.0,1,3,-0.212507396506643,0.7932489451476793,licit_00861
0,0.07272727272727272,0.0,1,1,0.0,0.7272727272727273,licit_00862
0,0.11904761904761904,0.0,1,1,0.0,0.7142857142857143,licit_00863
0,0.08888888888888889,0.0,1,1,0.0,0.8,licit_00864
1,0.10714285714285714,0.0,1,1,0.0,0.75,licit_00865
4,0.010548523206751054,0.0,1,4,-0.12832044955946936,0.8227848101265823,licit_00866
2,0.02177177177177177,0.0,1,3,-0.2543038755249065,0.7837837837837838,licit_00867
3,0.023015873015873017,0.0,1,3,-0.04310985628129059,0.8055555555555556,licit_00868
5,0.011387163561076604,0.0,1,3,-0.3801397575293405,0.7857142857142857,licit_00869
0,0.08888888888888889,0.0,1,2,0.0,0.8,licit_00870
0,0.08888888888888889,0.0,1,1,0.0,0.8,licit_00871
0,0.09722222222222222,0.0,1,1,0.0,0.7777777777777778,licit_00872
1,0.06043956043956044,0.0,1,1,0.0,0.7857142857142857,licit_00873
0,0.25,0.0,1,1,0.0,0.75,licit_00874
6,0.04678362573099415,0.0,1,2,-0.16666666666666666,0.8421052631578947,licit_00875
4,0.06043956043956044,0.0,1,1,-0.5407380704358744,0.7857142857142857,licit_00876
3,0.0038415531836584467,0.0,1,6,0.027601038229431052,0.7990430622009569,licit_00877
0,0.2,0.0,1,1,0.0,0.8,licit_00878
2,0.01987179487179487,0.0,1,1,0.0,0.775,licit_00879
7,0.004719639335023951,0.0,1,4,-0.23967117408466693,0.7928994082840237,licit_00880
0,0.07575757575757576,0.0,1,1,0.0,0.8333333333333334,licit_00882
4,0.3333333333333333,0.0,1,1,0.0,0.6666666666666666,licit_00883
0,0.06818181818181818,0.0,1,1,0.0,0.75,licit_00884
1,0.03896103896103896,0.0,1,2,-0.5330017908890259,0.8181818181818182,licit_00885
2,0.049019607843137254,0.0,1,3,0.0,0.8333333333333334,licit_00886
0,0.02721774193548387,0.0,1,3,-0.14940357616679836,0.84375,licit_00887
0,0.0457516339869281,0.0,1,1,-0.34854833778846267,0.7777777777777778,licit_00888
0,0.11904761904761904,0.0,1,1,0.0,0.7142857142857143,licit_00890
0,0.11904761904761904,0.0,1,1,0.0,0.7142857142857143,licit_00891
5,0.022222222222222223,0.0,1,1,-0.5310850045437941,0.7777777777777778,licit_00892
1,0.2,0.0,1,1,0.0,0.8,licit_00893
1,0.021592442645074223,0.0,1,2,-0.1932204857789486,0.8205128205128205,licit_00895
1,0.054945054945054944,0.0,1,1,0.0,0.7142857142857143,licit_00896
4,0.00797979797979798,0.0,1,2,-0.41519533016886034,0.79,licit_00897
3,0.008004385964912281,0.0,1,3,-0.25830946561382756,0.7604166666666666,licit_00898
6,0.05,0.0,1,1,-0.350823207722812,0.75,licit_00899
2,0.06818181818181818,0.0,1,2,0.0,0.75,licit_00900
0,0.10714285714285714,0.0,1,1,-0.4999999999999998,0.75,licit_00901
4,0.004629307344239471,0.0,1,3,-0.20592982916211938,0.7823529411764706,licit_00902
0,0.13333333333333333,0.0,1,1,0.0,0.6666666666666666,licit_00903
0,0.02252252252252252,0.0,1,3,-0.16666666666666682,0.8108108108108109,licit_00904
0,0.06190476190476191,0.0,1,2,-0.6014133067792934,0.8666666666666667,licit_00905
0,0.0457516339869281,0.0,1,2,0.0,0.7777777777777778,licit_00906
0,0.10714285714285714,0.0,1,1,-0.4999999999999998,0.75,licit_00907
0,0.11904761904761904,0.0,1,1,0.0,0.7142857142857143,licit_00908
9,0.00784167289021658,0.0,1,3,-0.24218937904988413,0.8076923076923077,licit_00909
4,0.005070754716981132,0.0,1,4,-0.13635469047290752,0.80625,licit_00910
19,0.008954824913124833,0.0,1,3,-0.231953613915362,0.7701149425287356,licit_00911
0,0.3333333333333333,0.0,1,1,0.0,0.6666666666666666,licit_00912
0,0.025210084033613446,0.0,1,3,-0.34667282979397995,0.8571428571428571,licit_00913
5,0.08181818181818182,0.0,1,2,-0.18898223650461515,0.8181818181818182,licit_00919
5,0.015082956259426848,0.0,1,1,-0.4442616583193191,0.7692307692307693,licit_00922
3,0.00784167289021658,0.0,1,2,-0.3666424161194605,0.8076923076923077,licit_00923
1,0.0367965367965368,0.0,1,2,0.0,0.7727272727272727,licit_00924
2,0.010367762128325509,0.0,1,1,-0.21287262750015282,0.7361111111111112,licit_00925
20,0.00153157221344171,0.0,1,3,-0.1953643540222746,0.7887596899224806,licit_00926
0,0.11904761904761904,0.0,1,1,0.0,0.7142857142857143,licit_00927
0,0.25,0.0,1,1,0.0,0.75,licit_00928
0,0.3333333333333333,0.0,1,1,0.0,0.6666666666666666,licit_00929
0,0.25,0.0,1,1,0.0,0.75,licit_00930
2,0.012152777777777778,0.0,1,1,-0.3256601462784456,0.765625,licit_00931
0,0.3333333333333333,0.0,1,1,0.0,0.6666666666666666,licit_00934
0,0.10714285714285714,0.0,1,1,0.0,0.75,licit_00935
5,0.007920792079207921,0.0,1,2,-0.3607931133412126,0.7920792079207921,licit_00937
1,0.07272727272727272,0.0,1,1,-0.3333333333333333,0.7272727272727273,licit_00939
0,0.03042328042328042,0.0,1,2,-0.38311319307138725,0.8214285714285714,licit_00940
7,0.0163265306122449,0.0,1,1,-0.38158577222477774,0.8,licit_00942
0,0.13333333333333333,0.0,1,1,0.0,0.6666666666666666,licit_00943
13,0.09722222222222222,0.0,1,1,0.0,0.7777777777777778,licit_00944
0,0.049019607843137254,0.0,1,3,0.0,0.8333333333333334,licit_00945
5,0.022222222222222223,0.0,1,3,-0.30628194591584407,0.7777777777777778,licit_00946
5,0.027586206896551724,0.0,1,2,-0.16903085094570333,0.8,licit_00947
5,0.021153846153846155,0.0,1,3,-0.11322770341445972,0.825,licit_00948
0,0.11904761904761904,0.0,1,1,0.0,0.7142857142857143,licit_00949
0,0.0291005291005291,0.0,1,1,-0.31352722326440974,0.7857142857142857,licit_00950
0,0.08888888888888889,0.0,1,1,0.0,0.8,licit_00951
2,0.08888888888888889,0.0,1,1,0.0,0.8,licit_00954
0,0.08888888888888889,0.0,1,1,-0.7745966692414834,0.8,licit_00955
3,0.0015888545376276759,0.0,1,7,-0.1803912625337922,0.8023715415019763,licit_00958
1,0.08181818181818182,0.0,1,1,0.0,0.8181818181818182,licit_00959
0,0.05714285714285714,0.0,1,2,0.0,0.8,licit_00960
7,0.024731182795698924,0.0,1,1,-0.2506741034420509,0.7419354838709677,licit_00961
2,0.019568151147098516,0.0,1,1,-0.2540002540003794,0.7435897435897436,licit_00962
2,0.25,0.0,1,1,0.0,0.75,licit_00963
3,0.004060707578295518,0.0,1,4,-0.298155832569595,0.8040201005025126,licit_00964
1,0.07575757575757576,0.0,1,1,-0.6666666666666673,0.8333333333333334,licit_00965
0,0.08333333333333333,0.0,1,2,-0.6708203932499353,0.9166666666666666,licit_00966
1,0.02832512315270936,0.0,1,2,-0.3243418483782191,0.7931034482758621,licit_00967
2,0.008698453608247423,0.0,1,4,-0.14357915786644812,0.8350515463917526,licit_00968
5,0.010450450450450451,0.0,1,2,-0.09186636496752029,0.7733333333333333,licit_00970
7,0.017970401691331923,0.0,1,2,-0.1138981386057736,0.7727272727272727,licit_00971
1,0.04047619047619048,0.0,1,2,-0.16499158227685995,0.8095238095238095,licit_00972
0,0.3333333333333333,0.0,1,1,0.0,0.6666666666666666,licit_00974
2,0.014319111630625365,0.0,1,2,-0.2928561180551857,0.8305084745762712,licit_00975
0,0.07575757575757576,0.0,1,1,-0.7205766921228931,0.8333333333333334,licit_00978
0,0.08181818181818182,0.0,1,2,-0.18898223650461515,0.8181818181818182,licit_00979
2,0.007582436959971787,0.0,1,3,-0.2701592914198725,0.8037383177570093,licit_00980
19,0.017053701015965168,0.0,1,3,-0.11714734562044879,0.8867924528301887,licit_00983
4,0.011194029850746268,0.0,1,1,-0.2121579341221748,0.75,licit_00984
0,0.054945054945054944,0.0,1,1,0.0,0.7142857142857143,licit_00985
7,0.010710808179162609,0.0,1,3,-0.22874483984563446,0.8354430379746836,licit_00986
0,0.3333333333333333,0.0,1,1,0.0,0.6666666666666666,licit_00987
2,0.023674242424242424,0.0,1,2,-0.06019292654288451,0.7575757575757576,licit_00988
0,0.03166666666666667,0.0,1,1,-0.47565149415449537,0.76,licit_00990
1,0.020634920634920634,0.0,1,1,-0.22821773229382028,0.7222222222222222,licit_00991
4,0.3333333333333333,0.0,1,1,0.0,0.6666666666666666,licit_00992
3,0.003524094077989734,0.0,1,4,-0.292902009132254,0.8034934497816594,licit_00993
0,0.07272727272727272,0.0,1,1,-0.3333333333333333,0.7272727272727273,licit_00994
1,0.0641025641025641,0.0,1,1,-0.4588314677411243,0.7692307692307693,licit_00995
3,0.019230769230769232,0.0,1,1,-0.36822984715932905,0.75,licit_00996
6,0.007475365273530411,0.0,1,5,-0.15174017359054673,0.8073394495412844,licit_00997
1,0.018173758865248225,0.0,1,3,-0.33425924516644756,0.8541666666666666,licit_00998
2,0.004411858058782454,0.0,1,4,-0.20460531290421932,0.7808988764044944,licit_01000
16,0.03166666666666667,0.0,1,2,-0.2444529325408564,0.76,licit_01001
14,0.023674242424242424,0.0,1,2,-0.13248225746598716,0.7575757575757576,licit_01002
2,0.015602322206095792,0.0,1,2,-0.2809982566545833,0.8113207547169812,licit_01003
2,0.019744483159117306,0.0,1,2,-0.32558439127716937,0.8095238095238095,licit_01004
17,0.0020562770562770564,0.0,1,5,-0.11224218369784036,0.7896103896103897,licit_01005
0,0.25,0.0,1,1,0.0,0.75,licit_01007
0,0.125,0.0,1,1,-0.9999999999999997,0.875,licit_01008
0,0.08181818181818182,0.0,1,1,0.0,0.8181818181818182,licit_01009
1,0.023674242424242424,0.0,1,3,0.18604027516022711,0.7575757575757576,licit_01010
1,0.01583710407239819,0.0,1,3,-0.13382992102364144,0.8076923076923077,licit_01011
0,0.14285714285714285,0.0,1,1,0.0,0.8571428571428571,licit_01013
5,0.012544802867383513,0.0,1,3,-0.23616968655664014,0.7777777777777778,licit_01014
1,0.03359683794466403,0.0,1,1,-0.27842302319485196,0.7391304347826086,licit_01015
3,0.029556650246305417,0.0,1,2,0.0,0.8275862068965517,licit_01016
1,0.03260869565217391,0.0,1,1,-0.246957290286816,0.75,licit_01017
8,0.007089241034195163,0.0,1,3,-0.31573481518554286,0.7727272727272727,licit_01018
4,0.008579272477693892,0.0,1,3,-0.10741180448174244,0.7978723404255319,licit_01019
1,0.03333333333333333,0.0,1,2,0.0,0.8,licit_01022
7,0.004213891310665505,0.0,1,3,-0.306256747774983,0.7795698924731183,licit_01024
5,0.007722772277227723,0.0,1,3,-0.22407738430574217,0.7722772277227723,licit_01025
0,0.06818181818181818,0.0,1,1,0.0,0.75,licit_01028
4,0.007935026138909633,0.0,1,3,-0.3464710030542712,0.8173076923076923,licit_01029
1,0.024193548387096774,0.0,1,2,-0.1581138830084192,0.75,licit_01031
1,0.06043956043956044,0.0,1,1,-0.44294039801783225,0.7857142857142857,licit_01032
1,0.0226890756302521,0.0,1,1,-0.2529822128134714,0.7714285714285715,licit_01033
0,0.10714285714285714,0.0,1,1,0.0,0.75,licit_01034
0,0.05714285714285714,0.0,1,2,-0.22188007849009114,0.8,licit_01035
1,0.10714285714285714,0.0,1,1,0.0,0.75,licit_01036
2,0.01269169751454257,0.0,1,2,-0.2896962357180084,0.7741935483870968,licit_01039
5,0.0641025641025641,0.0,1,1,-0.408248290463864,0.7692307692307693,licit_01040
1,0.25,0.0,1,1,0.0,0.75,licit_01041
3,0.026436781609195402,0.0,1,1,-0.29298680830588564,0.7666666666666667,licit_01044
47,0.025806451612903226,0.0,1,2,-0.3811451557853934,0.7741935483870968,licit_01045
1,0.0125,0.0,1,3,-0.11104203976854787,0.8,licit_01046
1,0.025806451612903226,0.0,1,3,0.0,0.7741935483870968,licit_01047
12,0.009413580246913581,0.0,1,2,-0.1942714913578816,0.7530864197530864,licit_01048
3,0.012259615384615384,0.0,1,3,-0.06473362515256198,0.7846153846153846,licit_01049
0,0.03076923076923077,0.0,1,1,0.0,0.7692307692307693,licit_01050
1,0.013387978142076503,0.0,1,2,-0.26823385870178273,0.8032786885245902,licit_01051
7,0.0013696488320460302,0.0,1,3,-0.11615429005003228,0.773851590106007,licit_01052
1,0.05,0.0,1,4,-0.15381521382942046,0.95,licit_01054
4,0.008810010214504596,0.0,1,2,-0.22666537943483386,0.7752808988764045,licit_01055
2,0.039473684210526314,0.0,1,2,0.08006407690254339,0.75,licit_01057
1,0.004137115839243499,0.0,1,4,-0.1478617238754118,0.7777777777777778,licit_01058
5,0.01951951951951952,0.0,1,1,0.0,0.7027027027027027,licit_01059
7,0.026881720430107527,0.0,1,2,-0.2305308320743024,0.8064516129032258,licit_01060
1,0.02849002849002849,0.0,1,1,-0.2721655269759096,0.7407407407407407,licit_01061
0,0.02923076923076923,0.0,1,1,0.0,0.7307692307692307,licit_01062
12,0.00413396127681842,0.0,1,3,-0.3071370831009944,0.8061224489795918,licit_01063
0,0.11904761904761904,0.0,1,1,0.0,0.7142857142857143,licit_01064
3,0.005903821382567625,0.0,1,3,-0.2251243831806893,0.8029197080291971,licit_01065
4,0.3333333333333333,0.0,1,1,0.0,0.6666666666666666,licit_01066
4,0.01568627450980392,0.0,1,3,0.03350126050864098,0.7843137254901961,licit_01067
1,0.020512820512820513,0.0,1,3,-0.3112864031823452,0.8,licit_01068
2,0.011468812877263581,0.0,1,2,-0.3357507671913792,0.8028169014084507,licit_01069
1,0.07272727272727272,0.0,1,1,0.0,0.7272727272727273,licit_01070
0,0.039473684210526314,0.0,1,2,0.0,0.75,licit_01071
2,0.013056835637480798,0.0,1,3,-0.28569987647450046,0.8095238095238095,licit_01072
13,0.023172905525846704,0.0,1,2,-0.14898913342440254,0.7647058823529411,licit_01073
4,0.012980769230769231,0.0,1,4,-0.07254762501100094,0.8307692307692308,licit_01074
0,0.016913319238900635,0.0,1,1,-0.19518001458970666,0.7272727272727273,licit_01075
3,0.009810126582278481,0.0,1,2,-0.1537567473856917,0.775,licit_01077
2,0.011594202898550725,0.0,1,3,-0.15139018377922614,0.8,licit_01078
2,0.05714285714285714,0.0,1,1,-0.439999999999999,0.8,licit_01079
0,0.06190476190476191,0.0,1,2,-0.5145529756640856,0.8666666666666667,licit_01081
1,0.03076923076923077,0.0,1,3,0.18144368465060515,0.7692307692307693,licit_01082
2,0.026436781609195402,0.0,1,2,-0.23875979524695934,0.7666666666666667,licit_01084
0,0.25,0.0,1,1,0.0,0.75,licit_01085
0,0.25,0.0,1,1,0.0,0.75,licit_01086
0,0.10714285714285714,0.0,1,1,0.0,0.75,licit_01088
7,0.3333333333333333,0.0,1,1,0.0,0.6666666666666666,licit_01089
2,0.008891928864569083,0.0,1,2,-0.1568623808704593,0.7558139534883721,licit_01092
2,0.0064516129032258064,0.0,1,2,-0.4094256659276949,0.8,licit_01093
20,0.0034778747965073255,0.0,1,3,-0.28434825650312046,0.8068669527896996,licit_01094
3,0.011935208866155157,0.0,1,3,-0.4378776022599555,0.8115942028985508,licit_01095
3,0.05,0.0,1,1,-0.40824829046386324,0.75,licit_01096
1,0.043859649122807015,0.0,1,2,0.0,0.7894736842105263,licit_01098
3,0.02275960170697013,0.0,1,3,0.02864949272941025,0.8421052631578947,licit_01099
1,0.2,0.0,1,1,-1.0,0.8,licit_01103
6,0.02406417112299465,0.0,1,3,-0.4068410007365361,0.7941176470588235,licit_01104
0,0.25,0.0,1,1,0.0,0.75,licit_01105
3,0.06818181818181818,0.0,1,1,-0.478091443733757,0.75,licit_01106
0,0.08181818181818182,0.0,1,1,0.0,0.8181818181818182,licit_01107
1,0.009756749532210639,0.0,1,5,-0.4046638882701604,0.8390804597701149,licit_01110
2,0.008614232209737827,0.0,1,2,-0.30378124375732096,0.7666666666666667,licit_01112
5,0.009273772204806687,0.0,1,4,-0.022632651827287048,0.8068181818181818,licit_01118
0,0.3333333333333333,0.0,1,1,0.0,0.6666666666666666,licit_01120
5,0.023809523809523808,0.0,1,2,-0.20100756305184225,0.8333333333333334,licit_01121
0,0.10714285714285714,0.0,1,1,-0.4999999999999998,0.75,licit_01122
2,0.02903225806451613,0.0,1,2,-0.6573562389453549,0.8709677419354839,licit_01124
0,0.07575757575757576,0.0,1,1,-0.60009919814898,0.8333333333333334,licit_01125
1,0.07272727272727272,0.0,1,1,0.0,0.7272727272727273,licit_01126
2,0.03078817733990148,0.0,1,2,-0.4638768927564563,0.8620689655172413,licit_01129
0,0.10714285714285714,0.0,1,1,0.0,0.75,licit_01130
1,0.038011695906432746,0.0,1,1,0.0,0.6842105263157895,licit_01131
1,0.03166666666666667,0.0,1,1,0.0,0.76,licit_01132
1,0.03557312252964427,0.0,1,1,-0.6324555320336752,0.782608695652174,licit_01133
1,0.020917678812415654,0.0,1,2,-0.31684661566902295,0.7948717948717948,licit_01134
8,0.020731707317073172,0.0,1,4,-0.18463723646899913,0.8292682926829268,licit_01135
0,0.05714285714285714,0.0,1,2,0.0,0.8,licit_01136
3,0.07272727272727272,0.0,1,1,0.0,0.7272727272727273,licit_01137
0,0.039473684210526314,0.0,1,1,0.0,0.75,licit_01138
2,0.010156510156510156,0.0,1,2,-0.2789289543873557,0.782051282051282,licit_01139
0,0.25,0.0,1,1,0.0,0.75,licit_01140
9,0.006680440771349863,0.0,1,3,-0.1390368934654076,0.8016528925619835,licit_01142
7,0.012162876784769964,0.0,1,2,-0.15956974176382074,0.7419354838709677,licit_01143
2,0.007305470608222901,0.0,1,2,-0.3231296546049171,0.7889908256880734,licit_01146
3,0.024193548387096774,0.0,1,1,-0.34641016151377746,0.75,licit_01147
3,0.03359683794466403,0.0,1,2,-0.22145461294330754,0.7391304347826086,licit_01148
0,0.3333333333333333,0.0,1,1,0.0,0.6666666666666666,licit_01149
0,0.034420289855072464,0.0,1,2,-0.25337871924686384,0.7916666666666666,licit_01150
7,0.020487264673311186,0.0,1,3,-0.2949349118708757,0.8604651162790697,licit_01151
1,0.018902439024390243,0.0,1,1,-0.3674418339685002,0.7560975609756098,licit_01153
4,0.023015873015873017,0.0,1,3,-0.3737488407889597,0.8055555555555556,licit_01154
1,0.02275960170697013,0.0,1,3,0.02486823656509969,0.8421052631578947,licit_01155
0,0.058333333333333334,0.0,1,2,-0.5597928684393496,0.875,licit_01156
1,0.3333333333333333,0.0,1,1,0.0,0.6666666666666666,licit_01157
2,0.05,0.0,1,1,0.0,0.75,licit_01159
3,0.03,0.0,1,1,-0.25000000000000083,0.72,licit_01160
0,0.3333333333333333,0.0,1,1,0.0,0.6666666666666666,licit_01161
30,0.004032647541775331,0.0,1,4,-0.22559993106255688,0.8186274509803921,licit_01162
4,0.06818181818181818,0.0,1,1,-0.478091443733757,0.75,licit_01163
0,0.14285714285714285,0.0,1,2,-0.250000000000001,0.8571428571428571,licit_01164
0,0.06190476190476191,0.0,1,2,-0.5273280443046446,0.8666666666666667,licit_01165
1,0.09722222222222222,0.0,1,1,0.0,0.7777777777777778,licit_01167
3,0.00871954132823698,0.0,1,3,-0.10206345142989978,0.7934782608695652,licit_01168
2,0.005253863134657837,0.0,1,3,-0.2673356851331785,0.7880794701986755,licit_01169
2,0.11904761904761904,0.0,1,1,0.0,0.7142857142857143,licit_01171
1,0.06818181818181818,0.0,1,1,-0.478091443733757,0.75,licit_01172
0,0.03557312252964427,0.0,1,1,0.0,0.782608695652174,licit_01174
3,0.0641025641025641,0.0,1,1,-0.4588314677411243,0.7692307692307693,licit_01177
0,0.037549407114624504,0.0,1,2,-0.3268602252303065,0.8260869565217391,licit_01181
10,0.0017362404111119386,0.0,1,5,-0.28626889347932755,0.8038793103448276,licit_01182
2,0.01607843137254902,0.0,1,3,-0.2782943239622715,0.803921568627451,licit_01183
0,0.01987179487179487,0.0,1,2,-0.45742184392524177,0.775,licit_01184
0,0.25,0.0,1,1,0.0,0.75,licit_01185
4,0.0032620643193986454,0.0,1,2,-0.2636366214844255,0.773109243697479,licit_01186
9,0.0022438873413803775,0.0,1,4,-0.2656081489299783,0.8055555555555556,licit_01187
6,0.0033916806362325057,0.0,1,2,-0.2730271407309525,0.7665198237885462,licit_01189
2,0.0641025641025641,0.0,1,1,0.0,0.7692307692307693,licit_01190
0,0.0367965367965368,0.0,1,2,0.0,0.7727272727272727,licit_01191
0,0.03166666666666667,0.0,1,1,-0.321428571428571,0.76,licit_01192
12,0.004691962464300286,0.0,1,4,-0.21922079234401928,0.8023255813953488,licit_01193
2,0.011171171171171172,0.0,1,3,-0.3065134099616867,0.8266666666666667,licit_01194
0,0.08333333333333333,0.0,1,1,0.0,0.6666666666666666,licit_01195
1,0.054945054945054944,0.0,1,1,0.0,0.7142857142857143,licit_01196
1,0.11904761904761904,0.0,1,1,0.0,0.7142857142857143,licit_01197
1,0.07777777777777778,0.0,1,1,0.0,0.7,licit_01198
0,0.06818181818181818,0.0,1,1,-0.37796447300922864,0.75,licit_01200
4,0.016581632653061226,0.0,1,4,-0.06884519210696344,0.7959183673469388,licit_01201
0,0.11904761904761904,0.0,1,1,0.0,0.7142857142857143,licit_01202
0,0.09722222222222222,0.0,1,1,-0.7302967433402245,0.7777777777777778,licit_01203
20,0.014097744360902255,0.0,1,3,-0.049585218984876396,0.7894736842105263,licit_01205
0,0.25,0.0,1,1,0.0,0.75,licit_01206
3,0.020242914979757085,0.0,1,1,-0.3746348789037688,0.7692307692307693,licit_01207
3,0.00352812755837979,0.0,1,3,-0.15919843213252016,0.7973568281938326,licit_01208
4,0.02528735632183908,0.0,1,2,0.0,0.7333333333333333,licit_01209
2,0.03333333333333333,0.0,1,1,-0.4136701519960152,0.8,licit_01210
0,0.3333333333333333,0.0,1,1,0.0,0.6666666666666666,licit_01211
0,0.06043956043956044,0.0,1,1,-0.46291004988627565,0.7857142857142857,licit_01212
4,0.0641025641025641,0.0,1,1,-0.4588314677411243,0.7692307692307693,licit_01213
6,0.01849894291754757,0.0,1,3,-0.2491118977260072,0.7954545454545454,licit_01214
0,0.10714285714285714,0.0,1,1,0.0,0.75,licit_01215
3,0.024193548387096774,0.0,1,1,-0.292508969650853,0.75,licit_01216
0,0.07777777777777778,0.0,1,1,0.0,0.7,licit_01217
3,0.003307988545472499,0.0,1,6,-0.17322537404669094,0.8137651821862348,licit_01219
8,0.004177109440267335,0.0,1,3,-0.1977159021004844,0.7894736842105263,licit_01220
9,0.13333333333333333,0.0,1,1,0.0,0.6666666666666666,licit_01221
2,0.0367965367965368,0.0,1,1,-0.4624354712709102,0.7727272727272727,licit_01222
4,0.02406417112299465,0.0,1,2,-0.39593773131515914,0.7941176470588235,licit_01223
1,0.11904761904761904,0.0,1,1,0.0,0.7142857142857143,licit_01224
2,0.018686868686868686,0.0,1,4,-0.33645134789016234,0.8222222222222222,licit_01225
0,0.0380952380952381,0.0,1,1,-0.3779644730092272,0.7619047619047619,licit_01226
0,0.016581632653061226,0.0,1,2,-0.28132041602164054,0.7959183673469388,licit_01227
2,0.005835484232970486,0.0,1,2,-0.308105633349289,0.7761194029850746,licit_01229
1,0.011778846153846154,0.0,1,2,-0.45708519511524554,0.7538461538461538,licit_01230
0,0.11904761904761904,0.0,1,1,0.0,0.7142857142857143,licit_01231
1,0.014675052410901468,0.0,1,3,-0.2848978279183058,0.7777777777777778,licit_01232
0,0.08888888888888889,0.0,1,1,-0.7745966692414834,0.8,licit_01233
4,0.013442431326709527,0.0,1,2,0.0,0.7796610169491526,licit_01234
5,0.008480649784997612,0.0,1,3,-0.19325333183580606,0.7717391304347826,licit_01235
2,0.012148337595907928,0.0,1,4,0.005580985290296563,0.8260869565217391,licit_01237
4,0.0380952380952381,0.0,1,1,-0.2889738156210036,0.7619047619047619,licit_01238
1,0.018893387314439947,0.0,1,1,-0.2727272727272725,0.717948717948718,licit_01239
0,0.25,0.0,1,1,0.0,0.75,licit_01240
7,0.02832512315270936,0.0,1,2,0.0,0.7931034482758621,licit_01241
5,0.0045261941448382125,0.0,1,4,-0.147228394636312,0.7966101694915254,licit_01242
0,0.06818181818181818,0.0,1,1,-0.478091443733757,0.75,licit_01244
0,0.04093567251461988,0.0,1,1,-0.35355339059327295,0.7368421052631579,licit_01245
1,0.042483660130718956,0.0,1,1,0.0,0.7222222222222222,licit_01246
4,0.007614696363982486,0.0,1,2,-0.2879215056888432,0.7766990291262136,licit_01247
1,0.03359683794466403,0.0,1,2,-0.26967994498529646,0.7391304347826086,licit_01248
9,0.02177177177177177,0.0,1,1,-0.45400348307133276,0.7837837837837838,licit_01249
3,0.005980861244019139,0.0,1,3,-0.2922712147683632,0.7894736842105263,licit_01250
3,0.015239477503628448,0.0,1,2,-0.3252770415359172,0.7924528301886793,licit_01251
3,0.023273273273273273,0.0,1,2,-0.4661944327675055,0.8378378378378378,licit_01253
0,0.07272727272727272,0.0,1,1,-0.3333333333333333,0.7272727272727273,licit_01254
2,0.0380952380952381,0.0,1,1,-0.3892494720807615,0.7619047619047619,licit_01256
0,0.021337126600284494,0.0,1,3,-0.019626716799471623,0.7894736842105263,licit_01259
10,0.004488104952608122,0.0,1,4,-0.16842999353513297,0.7988826815642458,licit_01260
5,0.09722222222222222,0.0,1,1,0.0,0.7777777777777778,licit_01262
8,0.015510204081632653,0.0,1,1,-0.24918166719880042,0.76,licit_01263
20,0.0013720392836510688,0.0,1,4,-0.2408955946697778,0.7902946273830156,licit_01264
0,0.06593406593406594,0.0,1,1,-0.8164965809277261,0.8571428571428571,licit_01265
2,0.028735632183908046,0.0,1,4,-0.1320694619916923,0.8333333333333334,licit_01266
1,0.025201612903225805,0.0,1,2,0.0,0.78125,licit_01268
1,0.018357487922705314,0.0,1,3,-0.26355081789561163,0.8260869565217391,licit_01269
1,0.04093567251461988,0.0,1,1,-0.35355339059327295,0.7368421052631579,licit_01270
0,0.022222222222222223,0.0,1,2,-0.10256410256410248,0.7777777777777778,licit_01271
3,0.025201612903225805,0.0,1,1,0.0,0.78125,licit_01272
0,0.10714285714285714,0.0,1,1,-0.4999999999999998,0.75,licit_01274
0,0.037549407114624504,0.0,1,2,-0.5391393780477904,0.8260869565217391,licit_01275
8,0.01076555023923445,0.0,1,4,-0.3188014143165861,0.8181818181818182,licit_01276
5,0.001406926406926407,0.0,1,5,-0.23864423753650485,0.7878787878787878,licit_01277
2,0.011852502194907815,0.0,1,2,-0.3256860393093436,0.7941176470588235,licit_01278
3,0.3333333333333333,0.0,1,1,0.0,0.6666666666666666,licit_01279
0,0.017874396135265702,0.0,1,3,0.0,0.8043478260869565,licit_01280
1,0.08888888888888889,0.0,1,1,-0.6666666666666666,0.8,licit_01281
2,0.06818181818181818,0.0,1,1,0.0,0.75,licit_01282
2,0.015602322206095792,0.0,1,3,-0.3516126793258966,0.8113207547169812,licit_01283
0,0.3333333333333333,0.0,1,1,0.0,0.6666666666666666,licit_01284
13,0.023185483870967742,0.0,1,1,0.0,0.71875,licit_01286
0,0.125,0.0,1,2,-0.6454972243679025,0.875,licit_01287
1,0.06818181818181818,0.0,1,1,-0.478091443733757,0.75,licit_01289
0,0.09722222222222222,0.0,1,1,0.0,0.7777777777777778,licit_01290
1,0.009844255069056715,0.0,1,3,-0.25564488239509053,0.8072289156626506,licit_01291
2,0.012800819252432157,0.0,1,3,-0.13970474009058503,0.7936507936507936,licit_01292
2,0.0641025641025641,0.0,1,2,0.10206207261596464,0.7692307692307693,licit_01293
5,0.005298013245033113,0.0,1,4,-0.10671684011914243,0.7947019867549668,licit_01294
0,0.03333333333333333,0.0,1,1,0.0,0.8,licit_01295
0,0.3333333333333333,0.0,1,1,0.0,0.6666666666666666,licit_01296
4,0.020242914979757085,0.0,1,2,-0.34199278402838557,0.7692307692307693,licit_01297
4,0.0083986562150056,0.0,1,4,-0.09954370465739772,0.7894736842105263,licit_01298
4,0.10714285714285714,0.0,1,1,0.0,0.75,licit_01299
9,0.03133903133903134,0.0,1,3,0.0,0.8148148148148148,licit_01300
2,0.028225806451612902,0.0,1,3,-0.286909520878502,0.875,licit_01301
0,0.3333333333333333,0.0,1,1,0.0,0.6666666666666666,licit_01302
3,0.014478114478114479,0.0,1,1,-0.44503685022456024,0.7818181818181819,licit_01303
0,0.037549407114624504,0.0,1,1,-0.5017094066958709,0.8260869565217391,licit_01304
0,0.25,0.0,1,1,0.0,0.75,licit_01305
0,0.023172905525846704,0.0,1,1,0.0,0.7647058823529411,licit_01306
5,0.054945054945054944,0.0,1,1,0.0,0.7142857142857143,licit_01308
0,0.16666666666666666,0.0,1,1,-0.9999999999999991,0.8333333333333334,licit_01310
0,0.09722222222222222,0.0,1,1,0.0,0.7777777777777778,licit_01311
1,0.013114754098360656,0.0,1,1,-0.4016096644512484,0.7868852459016393,licit_01312
3,0.10714285714285714,0.0,1,1,0.0,0.75,licit_01313
3,0.05,0.0,1,1,-0.350823207722812,0.75,licit_01314
4,0.10714285714285714,0.0,1,1,0.0,0.75,licit_01316
1,0.024603174603174603,0.0,1,3,-0.31595055461101446,0.8611111111111112,licit_01317
1,0.03076923076923077,0.0,1,2,0.0,0.7692307692307693,licit_01318
11,0.015373864430468204,0.0,1,2,-0.2491894868181967,0.8148148148148148,licit_01319
0,0.06818181818181818,0.0,1,1,-0.37796447300922864,0.75,licit_01320
5,0.042483660130718956,0.0,1,1,-0.2842676218074799,0.7222222222222222,licit_01321
0,0.06043956043956044,0.0,1,1,-0.5163977794943221,0.7857142857142857,licit_01322
3,0.017287234042553192,0.0,1,2,-0.35567180449085045,0.8125,licit_01323
3,0.0457516339869281,0.0,1,1,-0.6030226891555264,0.7777777777777778,licit_01325
2,0.03076923076923077,0.0,1,2,-0.34299717028501864,0.7692307692307693,licit_01327
2,0.010822510822510822,0.0,1,4,-0.224931527797652,0.8333333333333334,licit_01329
0,0.16666666666666666,0.0,1,1,-0.9999999999999991,0.8333333333333334,licit_01331
0,0.3333333333333333,0.0,1,1,0.0,0.6666666666666666,licit_01332
3,0.02177177177177177,0.0,1,2,-0.3097076095590864,0.7837837837837838,licit_01333
0,0.051470588235294115,0.0,1,3,0.0,0.8235294117647058,licit_01334
3,0.02903225806451613,0.0,1,5,0.030560326262806272,0.8709677419354839,licit_01335
5,0.0032828685258964145,0.0,1,3,-0.3055004448834506,0.8207171314741036,licit_01336
11,0.0038459734534027484,0.0,1,3,-0.2720786194444138,0.7922705314009661,licit_01337
4,0.0090884790163058,0.0,1,2,-0.20399791346634027,0.7816091954022989,licit_01338
1,0.03557312252964427,0.0,1,1,0.0,0.782608695652174,licit_01339
30,0.006037821827295511,0.0,1,5,-0.21562004378476468,0.7969924812030075,licit_01340
0,0.021592442645074223,0.0,1,3,-0.07352146220938077,0.8205128205128205,licit_01341
1,0.06043956043956044,0.0,1,1,0.0,0.7857142857142857,licit_01342
0,0.021021021021021023,0.0,1,1,-0.3390317518104054,0.7567567567567568,licit_01343
6,0.029914529914529916,0.0,1,2,-0.28358912905407163,0.7777777777777778,licit_01344
3,0.01036653091447612,0.0,1,2,-0.28767798089122903,0.7567567567567568,licit_01346
4,0.0641025641025641,0.0,1,1,0.0,0.7692307692307693,licit_01347
2,0.02142857142857143,0.0,1,2,0.0,0.75,licit_01348
0,0.10714285714285714,0.0,1,1,0.0,0.75,licit_01350
8,0.11904761904761904,0.0,1,1,0.0,0.7142857142857143,licit_01352
4,0.3333333333333333,0.0,1,1,0.0,0.6666666666666666,licit_01353
3,0.049019607843137254,0.0,1,3,-0.16261090889699728,0.8333333333333334,licit_01354
0,0.2,0.0,1,1,-1.0,0.8,licit_01355
2,0.022222222222222223,0.0,1,1,-0.273974514762695,0.7777777777777778,licit_01356
4,0.026436781609195402,0.0,1,2,-0.24960095744714708,0.7666666666666667,licit_01357
0,0.08888888888888889,0.0,1,1,-0.6666666666666666,0.8,licit_01358
1,0.11904761904761904,0.0,1,1,0.0,0.7142857142857143,licit_01359
0,0.25,0.0,1,1,0.0,0.75,licit_01360
6,0.0016688257943790709,0.0,1,5,-0.12541324026083708,0.7860169491525424,licit_01362
0,0.08888888888888889,0.0,1,2,0.0,0.8,licit_01363
5,0.125,0.0,1,2,-0.6454972243679025,0.875,licit_01364
5,0.009403467528651191,0.0,1,2,-0.3068360317906692,0.7710843373493976,licit_01365
0,0.09722222222222222,0.0,1,1,0.0,0.7777777777777778,licit_01366
0,0.08888888888888889,0.0,1,1,0.0,0.8,licit_01367
5,0.06043956043956044,0.0,1,1,-0.4303314829119346,0.7857142857142857,licit_01368
1,0.02406417112299465,0.0,1,2,-0.4780914437337565,0.7941176470588235,licit_01371
3,0.023273273273273273,0.0,1,2,-0.3061096999864378,0.8378378378378378,licit_01372
0,0.3333333333333333,0.0,1,1,0.0,0.6666666666666666,licit_01373
0,0.13333333333333333,0.0,1,1,0.0,0.6666666666666666,licit_01374
0,0.03557312252964427,0.0,1,1,0.0,0.782608695652174,licit_01375
1,0.023273273273273273,0.0,1,3,-0.43438835807156234,0.8378378378378378,licit_01378
1,0.025201612903225805,0.0,1,2,-0.1826373931022548,0.78125,licit_01379
9,0.008442982456140351,0.0,1,4,-0.11131227952361798,0.8020833333333334,licit_01380
6,0.019568151147098516,0.0,1,1,-0.20537441232410894,0.7435897435897436,licit_01381
7,0.010630630630630631,0.0,1,3,-0.2903160964576078,0.7866666666666666,licit_01382
3,0.008310540711129813,0.0,1,3,-0.19694657291215628,0.8061224489795918,licit_01383
12,0.004107796964939822,0.0,1,5,-0.2808027140273758,0.8010204081632653,licit_01384
0,0.11904761904761904,0.0,1,1,0.0,0.7142857142857143,licit_01385
4,0.03463203463203463,0.0,1,2,0.0,0.7272727272727273,licit_01386
3,0.010323010323010324,0.0,1,2,-0.10705631313740165,0.7948717948717948,licit_01387
0,0.06043956043956044,0.0,1,1,0.0,0.7857142857142857,licit_01388
0,0.06818181818181818,0.0,1,1,0.0,0.75,licit_01389
9,0.0013376320482919467,0.0,1,4,-0.21932274964756165,0.7905405405405406,licit_01390
3,0.027462121212121212,0.0,1,4,-0.3881077364118884,0.8787878787878788,licit_01391
6,0.0291005291005291,0.0,1,2,-0.0905357460425191,0.7857142857142857,licit_01392
1,0.03333333333333333,0.0,1,2,-0.19156525704423003,0.8,licit_01393
2,0.034420289855072464,0.0,1,1,-0.37383210888418783,0.7916666666666666,licit_01394
0,0.03359683794466403,0.0,1,1,-0.4096732451993511,0.7391304347826086,licit_01396
0,0.08181818181818182,0.0,1,2,-0.18898223650461515,0.8181818181818182,licit_01397
7,0.017874396135265702,0.0,1,1,-0.3045926349956169,0.8043478260869565,licit_01398
4,0.06818181818181818,0.0,1,1,-0.4780914437337586,0.75,licit_01402
0,0.05714285714285714,0.0,1,1,0.0,0.8,licit_01403
5,0.007571345369831101,0.0,1,2,-0.3142270203784844,0.7647058823529411,licit_01405
1,0.08181818181818182,0.0,1,1,-0.7184212081071001,0.8181818181818182,licit_01407
1,0.003663516976297245,0.0,1,5,-0.18590721497792387,0.8169642857142857,licit_01408
2,0.012544802867383513,0.0,1,2,-0.19340209819104714,0.7777777777777778,licit_01409
3,0.029914529914529916,0.0,1,2,-0.413808480089498,0.7777777777777778,licit_01410
2,0.025201612903225805,0.0,1,2,0.0,0.78125,licit_01411
0,0.04473684210526316,0.0,1,1,-0.5909102448695132,0.85,licit_01412
0,0.06818181818181818,0.0,1,1,0.0,0.75,licit_01413
1,0.010526315789473684,0.0,1,3,-0.07663212917227638,0.7894736842105263,licit_01414
0,0.14285714285714285,0.0,1,2,0.0,0.8571428571428571,licit_01415
7,0.00871954132823698,0.0,1,3,-0.2639543393564215,0.7934782608695652,licit_01416
0,0.3333333333333333,0.0,1,1,0.0,0.6666666666666666,licit_01417
0,0.2,0.0,1,1,0.0,0.8,licit_01418
17,0.008236101578586136,0.0,1,2,-0.2463860508229355,0.7659574468085106,licit_01419
9,0.008739076154806492,0.0,1,2,-0.2244453973260698,0.7777777777777778,licit_01420
2,0.008114035087719297,0.0,1,2,-0.2794617208413071,0.7708333333333334,licit_01421
1,0.2,0.0,1,1,-1.0,0.8,licit_01422
7,0.004465334900117509,0.0,1,4,-0.17134660055380727,0.8216216216216217,licit_01423
0,0.023172905525846704,0.0,1,1,-0.23662840251096504,0.7647058823529411,licit_01424
1,0.08181818181818182,0.0,1,3,0.1889822365046138,0.8181818181818182,licit_01425
3,0.008174692049272117,0.0,1,2,-0.26691512860998773,0.7684210526315789,licit_01426
7,0.001546957907275343,0.0,1,4,-0.17318364919871476,0.7858546168958742,licit_01427
8,0.013734658094681473,0.0,1,1,-0.4320842697636294,0.7966101694915254,licit_01428
0,0.036231884057971016,0.0,1,2,-0.4743638468626665,0.8333333333333334,licit_01429
1,0.029914529914529916,0.0,1,1,0.0,0.7777777777777778,licit_01430
2,0.014097744360902255,0.0,1,2,-0.24097843644681693,0.7894736842105263,licit_01432
1,0.01951219512195122,0.0,1,2,-0.2954684201426394,0.7804878048780488,licit_01433
0,0.16666666666666666,0.0,1,1,-0.9999999999999991,0.8333333333333334,licit_01434
0,0.04285714285714286,0.0,1,4,-0.17548350532571208,0.8571428571428571,licit_01435
1,0.023674242424242424,0.0,1,2,-0.19399264254968115,0.7575757575757576,licit_01436
52,0.0035634208840486866,0.0,1,3,-0.2846229785772674,0.7946428571428571,licit_01437
0,0.020242914979757085,0.0,1,2,-0.17843445967710328,0.7692307692307693,licit_01438
0,0.02177177177177177,0.0,1,2,0.0,0.7837837837837838,licit_01441
4,0.0291005291005291,0.0,1,1,-0.48418202613504285,0.7857142857142857,licit_01442
6,0.003764726725130658,0.0,1,4,-0.15135161823497703,0.7981220657276995,licit_01444
5,0.0064366954130733655,0.0,1,3,-0.1602427743502894,0.8110236220472441,licit_01447
1,0.020917678812415654,0.0,1,2,-0.3928360591393299,0.7948717948717948,licit_01448
2,0.012568306010928962,0.0,1,1,-0.23214751277059015,0.7540983606557377,licit_01449
0,0.028735632183908046,0.0,1,2,-0.5791709283855918,0.8333333333333334,licit_01450
1,0.026881720430107527,0.0,1,3,0.0,0.8064516129032258,licit_01451
2,0.029556650246305417,0.0,1,2,-0.47809144373375706,0.8275862068965517,licit_01452
0,0.05,0.0,1,1,0.0,0.75,licit_01454
11,0.02252252252252252,0.0,1,3,-0.2625987321840322,0.8108108108108109,licit_01455
4,0.0641025641025641,0.0,1,1,0.0,0.7692307692307693,licit_01458
4,0.0380952380952381,0.0,1,1,-0.3779644730092272,0.7619047619047619,licit_01459
2,0.02177177177177177,0.0,1,2,-0.2543038755249065,0.7837837837837838,licit_01460
4,0.00255560436049994,0.0,1,4,-0.22223025494480847,0.807570977917981,licit_01462
1,0.13333333333333333,0.0,1,1,0.0,0.6666666666666666,licit_01463
3,0.020121951219512196,0.0,1,3,-0.3125479577184329,0.8048780487804879,licit_01464
1,0.042105263157894736,0.0,1,3,0.0,0.8,licit_01466
0,0.06043956043956044,0.0,1,1,-0.5163977794943221,0.7857142857142857,licit_01467
0,0.08181818181818182,0.0,1,2,-0.15811388300841925,0.8181818181818182,licit_01468
0,0.09722222222222222,0.0,1,2,0.0,0.7777777777777778,licit_01469
3,0.06818181818181818,0.0,1,1,-0.478091443733757,0.75,licit_01470
7,0.029914529914529916,0.0,1,2,-0.14641958871787583,0.7777777777777778,licit_01471
0,0.07575757575757576,0.0,1,2,0.0,0.8333333333333334,licit_01472
1,0.018583042973286876,0.0,1,2,-0.42857142857142855,0.7619047619047619,licit_01473
3,0.008838987099856666,0.0,1,3,-0.20823390344608783,0.8043478260869565,licit_01474
3,0.07272727272727272,0.0,1,1,0.0,0.7272727272727273,licit_01475
1,0.01951219512195122,0.0,1,3,-0.025949964805384102,0.7804878048780488,licit_01478
0,0.036231884057971016,0.0,1,1,-0.6123724356957944,0.8333333333333334,licit_01479
0,0.023529411764705882,0.0,1,3,-1.532572531167205e-16,0.8,licit_01482
1,0.023172905525846704,0.0,1,2,-0.15785235468140557,0.7647058823529411,licit_01484
1,0.02832512315270936,0.0,1,2,0.0,0.7931034482758621,licit_01485
17,0.006998069498069498,0.0,1,2,-0.23059943364309393,0.7767857142857143,licit_01486
0,0.029556650246305417,0.0,1,2,-0.35502819053868256,0.8275862068965517,licit_01487
1,0.08888888888888889,0.0,1,1,0.0,0.8,licit_01491
0,0.11904761904761904,0.0,1,1,0.0,0.7142857142857143,licit_01493
1,0.02032520325203252,0.0,1,4,-0.20145315449330675,0.8333333333333334,licit_01494
6,0.014026884862653419,0.0,1,2,-0.31491832864888614,0.8135593220338984,licit_01496
2,0.018902439024390243,0.0,1,1,-0.3291702202279979,0.7560975609756098,licit_01497
0,0.04285714285714286,0.0,1,4,-0.016812065978477276,0.8571428571428571,licit_01498
1,0.07575757575757576,0.0,1,2,0.0,0.8333333333333334,licit_01499
1,0.09722222222222222,0.0,1,1,0.0,0.7777777777777778,licit_01500
2,0.00851063829787234,0.0,1,3,-0.22518128325361975,0.8,licit_01502
0,0.0641025641025641,0.0,1,1,0.0,0.7692307692307693,licit_01504
0,0.05238095238095238,0.0,1,1,0.0,0.7333333333333333,licit_01505
3,0.003910563121089437,0.0,1,3,-0.2662650018544299,0.8133971291866029,licit_01506
0,0.1,0.0,1,1,-0.9999999999999999,0.9,licit_01507
1,0.10714285714285714,0.0,1,1,0.0,0.75,licit_01508
0,0.13333333333333333,0.0,1,1,0.0,0.6666666666666666,licit_01510
0,0.08181818181818182,0.0,1,1,-0.6193235372853317,0.8181818181818182,licit_01511
2,0.0641025641025641,0.0,1,2,0.0,0.7692307692307693,licit_01512
14,0.005177828707240472,0.0,1,3,-0.12122186069705933,0.7922077922077922,licit_01513
6,0.01916376306620209,0.0,1,2,-0.3909422219401765,0.7857142857142857,licit_01514
4,0.01396103896103896,0.0,1,1,-0.3446739311292902,0.7678571428571429,licit_01515
3,0.3333333333333333,0.0,1,1,0.0,0.6666666666666666,licit_01516
0,0.25,0.0,1,1,0.0,0.75,licit_01517
1,0.017113783533765033,0.0,1,2,-0.2475123759282027,0.7872340425531915,licit_01518
0,0.0291005291005291,0.0,1,1,-0.288675134594812,0.7857142857142857,licit_01519
3,0.07272727272727272,0.0,1,1,0.0,0.7272727272727273,licit_01520
5,0.06818181818181818,0.0,1,1,-0.478091443733757,0.75,licit_01521
1,0.024955436720142603,0.0,1,1,-0.5717573254917614,0.8235294117647058,licit_01522
4,0.00946643717728055,0.0,1,3,-0.22341691825686627,0.7857142857142857,licit_01523
4,0.008687516706762898,0.0,1,2,-0.12210924660266959,0.7471264367816092,licit_01524
1,0.08888888888888889,0.0,1,1,-0.6,0.8,licit_01525
0,0.16666666666666666,0.0,1,1,-0.9999999999999991,0.8333333333333334,licit_01526
22,0.005584693084693085,0.0,1,3,-0.2657587546217736,0.7986111111111112,licit_01527
1,0.07051282051282051,0.0,1,2,0.0,0.8461538461538461,licit_01528
46,0.008333333333333333,0.0,1,4,-0.021809330107925486,0.7916666666666666,licit_01530
1,0.051470588235294115,0.0,1,2,0.0,0.8235294117647058,licit_01533
2,0.027777777777777776,0.0,1,2,-0.3093441124448752,0.75,licit_01534
1,0.039473684210526314,0.0,1,1,0.0,0.75,licit_01535
0,0.04583333333333333,0.0,1,1,0.0,0.6875,licit_01536
6,0.023273273273273273,0.0,1,4,0.06929348671835787,0.8378378378378378,licit_01537
8,0.011852502194907815,0.0,1,2,-0.3417284829036953,0.7941176470588235,licit_01538
12,0.020242914979757085,0.0,1,2,-0.32184725782662427,0.7692307692307693,licit_01539
3,0.010175438596491228,0.0,1,1,-0.30676297997227425,0.7631578947368421,licit_01541
0,0.06818181818181818,0.0,1,1,-0.3779644730092288,0.75,licit_01542
1,0.04285714285714286,0.0,1,4,0.0,0.8571428571428571,licit_01543
1,0.013056835637480798,0.0,1,2,-0.3026554902401118,0.8095238095238095,licit_01544
0,0.02849002849002849,0.0,1,1,-0.34299717028501764,0.7407407407407407,licit_01545
0,0.11904761904761904,0.0,1,1,0.0,0.7142857142857143,licit_01547
1,0.03230769230769231,0.0,1,3,-0.2079725827019267,0.8076923076923077,licit_01548
0,0.06060606060606061,0.0,1,1,0.0,0.6666666666666666,licit_01549
0,0.03230769230769231,0.0,1,3,0.0,0.8076923076923077,licit_01551
1,0.3333333333333333,0.0,1,1,0.0,0.6666666666666666,licit_01552
1,0.02849002849002849,0.0,1,1,-0.2156862745098044,0.7407407407407407,licit_01553
0,0.25,0.0,1,1,0.0,0.75,licit_01554
2,0.00876577840112202,0.0,1,3,-0.19101733560984566,0.8064516129032258,licit_01555
1,0.0457516339869281,0.0,1,1,-0.48484848484848453,0.7777777777777778,licit_01557
2,0.018272425249169437,0.0,1,1,-0.3544227927610467,0.7674418604651163,licit_01559
1,0.06043956043956044,0.0,1,1,-0.44294039801783225,0.7857142857142857,licit_01560
0,0.3333333333333333,0.0,1,1,0.0,0.6666666666666666,licit_01561
0,0.25,0.0,1,1,0.0,0.75,licit_01562
9,0.0016343155989138086,0.0,1,4,-0.20143722578190382,0.7975460122699386,licit_01563
3,0.0035317460317460317,0.0,1,5,-0.044552042057051267,0.7911111111111111,licit_01565
5,0.012841530054644808,0.0,1,2,-0.37222054086716244,0.7704918032786885,licit_01566
0,0.25,0.0,1,1,0.0,0.75,licit_01567
1,0.013220518244315178,0.0,1,3,-0.002937988601737386,0.8064516129032258,licit_01568
1,0.010156510156510156,0.0,1,3,-0.07533341622183212,0.782051282051282,licit_01569
1,0.01916376306620209,0.0,1,2,-0.3165016749170581,0.7857142857142857,licit_01570
0,0.25,0.0,1,1,0.0,0.75,licit_01571
0,0.10714285714285714,0.0,1,1,-0.4999999999999998,0.75,licit_01572
0,0.03571428571428571,0.0,1,1,-0.23652495839563326,0.7142857142857143,licit_01573
3,0.027586206896551724,0.0,1,3,-0.28078819064802457,0.8,licit_01574
0,0.25,0.0,1,1,0.0,0.75,licit_01575
2,0.027586206896551724,0.0,1,2,0.0,0.8,licit_01576
0,0.10714285714285714,0.0,1,1,0.0,0.75,licit_01577
1,0.05238095238095238,0.0,1,1,0.0,0.7333333333333333,licit_01578
0,0.11904761904761904,0.0,1,1,0.0,0.7142857142857143,licit_01579
1,0.017391304347826087,0.0,1,1,-0.4140393356054119,0.782608695652174,licit_01580
5,0.0015337539193834764,0.0,1,4,-0.18225348856301202,0.7883495145631068,licit_01581
1,0.03166666666666667,0.0,1,1,-0.3540052161969204,0.76,licit_01582
2,0.07272727272727272,0.0,1,1,0.0,0.7272727272727273,licit_01583
4,0.002551602530857795,0.0,1,4,-0.25296553260450916,0.7909967845659164,licit_01584
11,0.047619047619047616,0.0,1,1,0.0,0.6666666666666666,licit_01585
1,0.11904761904761904,0.0,1,1,0.0,0.7142857142857143,licit_01587
2,0.0457516339869281,0.0,1,3,0.21320071635560947,0.7777777777777778,licit_01588
2,0.012800819252432157,0.0,1,2,-0.3632516938197316,0.7936507936507936,licit_01589
0,0.03306878306878307,0.0,1,3,-0.5929304449793943,0.8928571428571429,licit_01590
1,0.01951219512195122,0.0,1,2,-0.4931969619160718,0.7804878048780488,licit_01593
43,0.001341851171202707,0.0,1,3,-0.24727852101618966,0.7849829351535836,licit_01594
0,0.03260869565217391,0.0,1,1,-0.3162277660168377,0.75,licit_01598
3,0.02142857142857143,0.0,1,2,-0.3730019232961262,0.75,licit_01600
3,0.017970401691331923,0.0,1,1,-0.3548604316149186,0.7727272727272727,licit_01601
3,0.03260869565217391,0.0,1,1,-0.3952847075210466,0.75,licit_01602
3,0.07272727272727272,0.0,1,1,0.0,0.7272727272727273,licit_01603
0,0.03166666666666667,0.0,1,1,-0.3540052161969204,0.76,licit_01605
1,0.0641025641025641,0.0,1,1,0.0,0.7692307692307693,licit_01606
10,0.004168822954401702,0.0,1,2,-0.25387095278717753,0.7754010695187166,licit_01607
5,0.022281639928698752,0.0,1,1,-0.3563483225498996,0.7352941176470589,licit_01608
0,0.07272727272727272,0.0,1,1,-0.3333333333333333,0.7272727272727273,licit_01611
2,0.03260869565217391,0.0,1,1,-0.3162277660168377,0.75,licit_01612
1,0.039525691699604744,0.0,1,4,-0.2610184488319381,0.8695652173913043,licit_01613
10,0.004830917874396135,0.0,1,4,-0.22786251146562686,0.7777777777777778,licit_01614
1,0.025806451612903226,0.0,1,2,-0.31434730673096545,0.7741935483870968,licit_01615
1,0.11904761904761904,0.0,1,1,0.0,0.7142857142857143,licit_01616
5,0.005876393110435664,0.0,1,5,-0.35315415403077854,0.8226950354609929,licit_01617
1,0.021848739495798318,0.0,1,1,0.0,0.7428571428571429,licit_01618
0,0.06818181818181818,0.0,1,1,-0.478091443733757,0.75,licit_01619
0,0.06818181818181818,0.0,1,1,0.0,0.75,licit_01620
14,0.029556650246305417,0.0,1,2,-0.28867513459481303,0.8275862068965517,licit_01621
0,0.0380952380952381,0.0,1,1,-0.3779644730092272,0.7619047619047619,licit_01623
2,0.009157509157509158,0.0,1,4,-0.18018578321551285,0.8241758241758241,licit_01626
0,0.09722222222222222,0.0,1,1,-0.7302967433402202,0.7777777777777778,licit_01627
69,0.014675052410901468,0.0,1,2,-0.2800508266904807,0.7777777777777778,licit_01628
0,0.009810126582278481,0.0,1,4,-0.25182218565924214,0.775,licit_01629
2,0.021153846153846155,0.0,1,3,-0.20953951903123805,0.825,licit_01630
0,0.05238095238095238,0.0,1,1,-0.28867513459481253,0.7333333333333333,licit_01631
1,0.1111111111111111,0.0,1,2,-0.5555555555555556,0.8888888888888888,licit_01632
1,0.010954616588419406,0.0,1,3,-0.2531383332656227,0.7777777777777778,licit_01633
18,0.001405887152450888,0.0,1,4,-0.24824470044773939,0.7929203539823009,licit_01634
0,0.0367965367965368,0.0,1,1,-0.4310179667522919,0.7727272727272727,licit_01635
0,0.3333333333333333,0.0,1,1,0.0,0.6666666666666666,licit_01636
4,0.034420289855072464,0.0,1,1,0.0,0.7916666666666666,licit_01638
1,0.004107796964939822,0.0,1,3,-0.21781586170635064,0.8010204081632653,licit_01642
3,0.016913319238900635,0.0,1,1,-0.23904572186687872,0.7272727272727273,licit_01645
0,0.10714285714285714,0.0,1,1,0.0,0.75,licit_01649
23,0.010548523206751054,0.0,1,4,-0.1647215860402908,0.8227848101265823,licit_01650
2,0.009523809523809525,0.0,1,3,-0.2693599682026987,0.8,licit_01651
1,0.1111111111111111,0.0,1,3,0.0,0.8888888888888888,licit_01652
1,0.02252252252252252,0.0,1,2,-0.31799936400190776,0.8108108108108109,licit_01653
8,0.007367475292003594,0.0,1,2,-0.3229224734675062,0.7735849056603774,licit_01655
0,0.08181818181818182,0.0,1,2,0.09999999999999987,0.8181818181818182,licit_01658
12,0.05714285714285714,0.0,1,1,-0.439999999999999,0.8,licit_01660
0,0.09722222222222222,0.0,1,2,0.2999999999999991,0.7777777777777778,licit_01661
7,0.009523809523809525,0.0,1,3,-0.1753309701566226,0.8,licit_01662
3,0.005773420479302832,0.0,1,3,-0.2586717814866242,0.7794117647058824,licit_01663
4,0.009179575444635685,0.0,1,2,-0.28826126322127554,0.7619047619047619,licit_01664
0,0.039473684210526314,0.0,1,1,-0.3202563076101737,0.75,licit_01667
2,0.0367965367965368,0.0,1,1,-0.3596943895981085,0.7727272727272727,licit_01669
3,0.004086320175204316,0.0,1,2,-0.2370772536635576,0.788659793814433,licit_01670
0,0.25,0.0,1,1,0.0,0.75,licit_01671
3,0.004056795131845842,0.0,1,4,-0.2621752300237942,0.8235294117647058,licit_01672
0,0.3333333333333333,0.0,1,1,0.0,0.6666666666666666,licit_01673
0,0.051470588235294115,0.0,1,1,-0.4955946277833532,0.8235294117647058,licit_01674
3,0.004259694477085781,0.0,1,3,-0.17327977550286827,0.7837837837837838,licit_01675
2,0.042105263157894736,0.0,1,3,0.0,0.8,licit_01677
15,0.13333333333333333,0.0,1,1,0.0,0.6666666666666666,licit_01678
4,0.0367965367965368,0.0,1,2,0.0,0.7727272727272727,licit_01679
5,0.07051282051282051,0.0,1,2,-0.41697519441472874,0.8461538461538461,licit_01680
0,0.25,0.0,1,1,0.0,0.75,licit_01681
6,0.004226323960669312,0.0,1,3,-0.16342907469827975,0.786096256684492,licit_01682
4,0.0226890756302521,0.0,1,2,-0.2565210244444077,0.7714285714285715,licit_01684
1,0.036231884057971016,0.0,1,2,-0.42316363302800625,0.8333333333333334,licit_01685
2,0.012437810945273632,0.0,1,2,-0.2934027777777776,0.8208955223880597,licit_01686
1,0.0380952380952381,0.0,1,1,0.0,0.7619047619047619,licit_01687
12,0.016581632653061226,0.0,1,1,-0.43484584520368713,0.7959183673469388,licit_01688
0,0.3333333333333333,0.0,1,1,0.0,0.6666666666666666,licit_01689
1,0.008142650999793857,0.0,1,4,-0.16906852670025346,0.797979797979798,licit_01690
0,0.02832512315270936,0.0,1,1,-0.3168995981810596,0.7931034482758621,licit_01691
1,0.010181414291003332,0.0,1,2,-0.2292410261557526,0.7432432432432432,licit_01692
0,0.03896103896103896,0.0,1,1,-0.49424165057217306,0.8181818181818182,licit_01693
0,0.02903225806451613,0.0,1,2,-0.5417175868709017,0.8709677419354839,licit_01696
12,0.021592442645074223,0.0,1,3,-0.35895306180967734,0.8205128205128205,licit_01697
3,0.027093596059113302,0.0,1,1,-0.2708012801545327,0.7586206896551724,licit_01698
0,0.04285714285714286,0.0,1,2,-0.45643546458763895,0.8571428571428571,licit_01699
1,0.13333333333333333,0.0,1,1,0.0,0.6666666666666666,licit_01700
0,0.11904761904761904,0.0,1,1,0.0,0.7142857142857143,licit_01701
3,0.005578146178709206,0.0,1,3,-0.12168502072835828,0.7697841726618705,licit_01702
6,0.013914095583787053,0.0,1,3,-0.2369855318549872,0.7931034482758621,licit_01703
1,0.04093567251461988,0.0,1,1,2.4142640450626095e-08,0.7368421052631579,licit_01704
0,0.16666666666666666,0.0,1,1,0.0,0.8333333333333334,licit_01705
4,0.0047761619617907045,0.0,1,3,-0.0891660730124621,0.7976190476190477,licit_01706
0,0.16666666666666666,0.0,1,1,-0.9999999999999991,0.8333333333333334,licit_01707
2,0.0200845665961945,0.0,1,3,-0.24327587403321996,0.8636363636363636,licit_01708
11,0.0025925343987789275,0.0,1,3,-0.18197062579184045,0.7725752508361204,licit_01709
1,0.021337126600284494,0.0,1,2,3.176938241058744e-08,0.7894736842105263,licit_01710
1,0.0291005291005291,0.0,1,2,0.0,0.7857142857142857,licit_01711
2,0.02832512315270936,0.0,1,2,-0.48342892431795337,0.7931034482758621,licit_01713
1,0.00969732588892154,0.0,1,2,-0.27450640370735624,0.7951807228915663,licit_01714
6,0.009550396708786366,0.0,1,2,-0.2872526894283568,0.7831325301204819,licit_01715
0,0.06818181818181818,0.0,1,1,0.0,0.75,licit_01716
1,0.010061668289516391,0.0,1,3,-0.23382412480406845,0.7848101265822784,licit_01717
1,0.01916376306620209,0.0,1,1,-0.3759794326599075,0.7857142857142857,licit_01721
63,0.008821170809943865,0.0,1,2,-0.22192105231306664,0.7586206896551724,licit_01722
0,0.04779411764705882,0.0,1,2,-0.3947710169758626,0.7647058823529411,licit_01723
6,0.03076923076923077,0.0,1,1,-0.34299717028501786,0.7692307692307693,licit_01724
16,0.003723764387271496,0.0,1,2,-0.2942062179091804,0.7819905213270142,licit_01725
1,0.043859649122807015,0.0,1,2,-0.15724272550828788,0.7894736842105263,licit_01726
0,0.008282828282828282,0.0,1,3,-0.2521621621621625,0.82,licit_01727
5,0.03230769230769231,0.0,1,3,0.0,0.8076923076923077,licit_01728
0,0.3333333333333333,0.0,1,1,0.0,0.6666666666666666,licit_01730
0,0.039473684210526314,0.0,1,1,-0.28394587001019317,0.75,licit_01731
7,0.011171171171171172,0.0,1,5,-0.16545980709288205,0.8266666666666667,licit_01732
1,0.0291005291005291,0.0,1,1,-0.648885684523049,0.7857142857142857,licit_01733
2,0.022222222222222223,0.0,1,2,-0.11518245674418277,0.7777777777777778,licit_01735
0,0.027777777777777776,0.0,1,1,-0.32115825836148026,0.75,licit_01736
0,0.25,0.0,1,1,0.0,0.75,licit_01737
5,0.004484438108814446,0.0,1,4,-0.19415500936279906,0.8206521739130435,licit_01738
1,0.03571428571428571,0.0,1,1,-0.23652495839563326,0.7142857142857143,licit_01739
5,0.018826135105204873,0.0,1,1,0.0,0.7906976744186046,licit_01740
5,0.006213090551181103,0.0,1,3,-0.04771115681474619,0.7890625,licit_01741
0,0.08181818181818182,0.0,1,2,0.0,0.8181818181818182,licit_01744
9,0.01282051282051282,0.0,1,5,-0.08075861461705794,0.8333333333333334,licit_01745
3,0.09722222222222222,0.0,1,1,0.0,0.7777777777777778,licit_01747
13,0.005526688710439301,0.0,1,3,-0.2486567095060364,0.8013698630136986,licit_01749
4,0.00999000999000999,0.0,1,2,-0.16255512917198492,0.7692307692307693,licit_01750
2,0.034420289855072464,0.0,1,2,-0.1751646180817945,0.7916666666666666,licit_01751
1,0.008415737428992216,0.0,1,6,0.027845000609196677,0.8163265306122449,licit_01752
3,0.029914529914529916,0.0,1,2,-0.26181746904432124,0.7777777777777778,licit_01753
4,0.025806451612903226,0.0,1,2,-0.4264014327112192,0.7741935483870968,licit_01754
2,0.004597701149425287,0.0,1,3,-0.24751615567056487,0.8,licit_01756
0,0.3333333333333333,0.0,1,1,0.0,0.6666666666666666,licit_01758
0,0.10714285714285714,0.0,1,1,-0.4999999999999998,0.75,licit_01759
1,0.06818181818181818,0.0,1,1,-0.478091443733757,0.75,licit_01761
3,0.023529411764705882,0.0,1,1,-0.41840492971079085,0.8,licit_01762
0,0.08181818181818182,0.0,1,1,-0.8000000000000003,0.8181818181818182,licit_01764
1,0.013484928609201481,0.0,1,5,-0.22132486619503086,0.8225806451612904,licit_01765
4,0.004570506788546848,0.0,1,3,-0.25521718366520935,0.7861271676300579,licit_01766
28,0.0014938476133837418,0.0,1,3,-0.23602228301127398,0.793233082706767,licit_01768
0,0.25,0.0,1,1,0.0,0.75,licit_01769
2,0.02406417112299465,0.0,1,2,-0.27060403659669474,0.7941176470588235,licit_01770
3,0.01201923076923077,0.0,1,3,-0.2533671178681688,0.7692307692307693,licit_01772
9,0.0013375603864734299,0.0,1,4,-0.2364227641019863,0.7690972222222222,licit_01773
1,0.034420289855072464,0.0,1,2,0.0,0.7916666666666666,licit_01774
2,0.0641025641025641,0.0,1,1,-0.5345224838248483,0.7692307692307693,licit_01775
7,0.008415737428992216,0.0,1,3,-0.42485223789202303,0.8163265306122449,licit_01776
2,0.010443037974683544,0.0,1,6,-0.147277086747109,0.825,licit_01778
0,0.029556650246305417,0.0,1,1,-0.657951694959769,0.8275862068965517,licit_01779
7,0.026881720430107527,0.0,1,2,-0.27004681557593324,0.8064516129032258,licit_01781
1,0.06818181818181818,0.0,1,1,0.0,0.75,licit_01783
5,0.020512820512820513,0.0,1,2,-0.330178688229303,0.8,licit_01785
0,0.25,0.0,1,1,0.0,0.75,licit_01786
0,0.16666666666666666,0.0,1,1,0.0,0.8333333333333334,licit_01787
0,0.3333333333333333,0.0,1,1,0.0,0.6666666666666666,licit_01789
0,0.05,0.0,1,1,0.0,0.75,licit_01790
1,0.02620967741935484,0.0,1,2,-0.3292523039342605,0.8125,licit_01791
1,0.04411764705882353,0.0,1,1,0.0,0.7058823529411765,licit_01792
1,0.019230769230769232,0.0,1,1,-0.3375159398880239,0.75,licit_01793
3,0.016908212560386472,0.0,1,2,-0.26817613379455973,0.7608695652173914,licit_01794
0,0.02832512315270936,0.0,1,2,-0.39498277938588194,0.7931034482758621,licit_01795
2,0.024193548387096774,0.0,1,2,-0.1511857892036925,0.75,licit_01796
0,0.08181818181818182,0.0,1,1,0.0,0.8181818181818182,licit_01797
2,0.023015873015873017,0.0,1,2,-0.35157209954214336,0.8055555555555556,licit_01798
2,0.015294117647058824,0.0,1,2,-0.089861829043543,0.7647058823529411,licit_01799
3,0.009143155694879833,0.0,1,4,-0.23700744943672503,0.7954545454545454,licit_01800
0,0.13333333333333333,0.0,1,1,0.0,0.6666666666666666,licit_01801
1,0.09722222222222222,0.0,1,1,0.0,0.7777777777777778,licit_01803
0,0.08888888888888889,0.0,1,2,0.14907119849998599,0.8,licit_01805
0,0.25,0.0,1,1,0.0,0.75,licit_01806
4,0.0019619508119944813,0.0,1,3,-0.2729651225773947,0.7788944723618091,licit_01807
3,0.08181818181818182,0.0,1,1,0.0,0.8181818181818182,licit_01808
0,0.25,0.0,1,1,0.0,0.75,licit_01809
3,0.01991465149359886,0.0,1,1,-0.2197738307274764,0.7368421052631579,licit_01810
5,0.02100840336134454,0.0,1,1,0.0,0.7142857142857143,licit_01811
6,0.022048364153627313,0.0,1,2,-0.4396001908088719,0.8157894736842105,licit_01812
3,0.014319111630625365,0.0,1,3,-0.3113866450144415,0.8305084745762712,licit_01813
0,0.020917678812415654,0.0,1,2,-0.17596728589674174,0.7948717948717948,licit_01815
2,0.029556650246305417,0.0,1,2,0.0,0.8275862068965517,licit_01816
9,0.003593624487380036,0.0,1,4,-0.07627624574063875,0.7798165137614679,licit_01818
5,0.006881066203100102,0.0,1,3,-0.15773331246887487,0.8050847457627118,licit_01819
0,0.026881720430107527,0.0,1,3,-0.0958994092614584,0.8064516129032258,licit_01820
4,0.02849002849002849,0.0,1,1,0.0,0.7407407407407407,licit_01821
3,0.0090884790163058,0.0,1,2,-0.3285369202030537,0.7816091954022989,licit_01822
1,0.02620967741935484,0.0,1,3,-0.33866700533384364,0.8125,licit_01823
0,0.024955436720142603,0.0,1,2,-0.2407193815580396,0.8235294117647058,licit_01825
2,0.019744483159117306,0.0,1,2,0.0,0.8095238095238095,licit_01826
4,0.057692307692307696,0.0,1,1,0.0,0.6923076923076923,licit_01827
1,0.06593406593406594,0.0,1,1,-0.7718110569901858,0.8571428571428571,licit_01828
1,0.034420289855072464,0.0,1,2,-0.3521414817774322,0.7916666666666666,licit_01829
2,0.01201923076923077,0.0,1,1,-0.33521383977530267,0.7692307692307693,licit_01830
22,0.004555963552291582,0.0,1,3,-0.25251805102076524,0.7790697674418605,licit_01831
6,0.020634920634920634,0.0,1,1,-0.1924500897298763,0.7222222222222222,licit_01832
4,0.02923076923076923,0.0,1,1,0.0,0.7307692307692307,licit_01833
3,0.0074243289548829245,0.0,1,2,-0.1362510786586435,0.7572815533980582,licit_01834
3,0.06043956043956044,0.0,1,1,0.0,0.7857142857142857,licit_01835
4,0.007547169811320755,0.0,1,3,-0.2853155087531643,0.7924528301886793,licit_01836
1,0.018902439024390243,0.0,1,1,-0.2814390178921176,0.7560975609756098,licit_01837
3,0.004230317273795535,0.0,1,3,-0.22995440146870355,0.7783783783783784,licit_01838
0,0.0367965367965368,0.0,1,2,-0.4364357804719832,0.7727272727272727,licit_01839
0,0.13333333333333333,0.0,1,1,0.0,0.6666666666666666,licit_01840
3,0.010954616588419406,0.0,1,2,-0.26868075687035325,0.7777777777777778,licit_01841
5,0.004411858058782454,0.0,1,3,-0.04012760015143224,0.7808988764044944,licit_01843
0,0.035,0.0,1,3,-0.1833802568001012,0.84,licit_01844
1,0.03359683794466403,0.0,1,1,0.0,0.7391304347826086,licit_01846
1,0.03359683794466403,0.0,1,1,0.0,0.7391304347826086,licit_01847
0,0.034420289855072464,0.0,1,2,-0.1716609122826279,0.7916666666666666,licit_01848
7,0.0033642480450991087,0.0,1,3,-0.23805330223130491,0.7872340425531915,licit_01849
6,0.011194029850746268,0.0,1,2,-0.15710467216691487,0.75,licit_01850
11,0.09090909090909091,0.0,1,3,0.0,0.9090909090909091,licit_01852
2,0.00825082508250825,0.0,1,5,-0.2251930671005069,0.8333333333333334,licit_01854
8,0.0034364913613062465,0.0,1,3,-0.22167403630532992,0.7869565217391304,licit_01855
22,0.0380952380952381,0.0,1,2,0.0,0.7619047619047619,licit_01857
0,0.06818181818181818,0.0,1,1,0.0,0.75,licit_01858
3,0.0457516339869281,0.0,1,1,-0.39391929857916774,0.7777777777777778,licit_01859
5,0.01716500553709856,0.0,1,1,-0.1548806185324736,0.7209302325581395,licit_01861
6,0.007509157509157509,0.0,1,2,-0.38334589713597395,0.780952380952381,licit_01862
4,0.03162055335968379,0.0,1,1,-0.14285714285714285,0.6956521739130435,licit_01863
2,0.043859649122807015,0.0,1,2,-0.3185294946485158,0.7894736842105263,licit_01865
0,0.023529411764705882,0.0,1,2,-0.3440511766019878,0.8,licit_01866
1,0.016400709219858155,0.0,1,2,-0.264917025365597,0.7708333333333334,licit_01868
1,0.02177177177177177,0.0,1,2,-0.325660936975192,0.7837837837837838,licit_01869
3,0.011052631578947368,0.0,1,2,-0.3484321897136271,0.8289473684210527,licit_01870
2,0.012857977790765635,0.0,1,1,-0.30758312596043313,0.7457627118644068,licit_01871
8,0.01951219512195122,0.0,1,2,-0.13086894521217912,0.7804878048780488,licit_01872
0,0.3333333333333333,0.0,1,1,0.0,0.6666666666666666,licit_01873
1,0.13333333333333333,0.0,1,1,0.0,0.6666666666666666,licit_01874
1,0.04047619047619048,0.0,1,1,-0.4258325179379024,0.8095238095238095,licit_01875
1,0.06043956043956044,0.0,1,1,0.0,0.7857142857142857,licit_01876
0,0.25,0.0,1,1,0.0,0.75,licit_01877
1,0.03333333333333333,0.0,1,2,-0.3604802951139881,0.8,licit_01878
1,0.3333333333333333,0.0,1,1,0.0,0.6666666666666666,licit_01879
1,0.024955436720142603,0.0,1,2,-0.5830563778517331,0.8235294117647058,licit_01881
5,0.003551346552234389,0.0,1,2,-0.29673014758835187,0.7706422018348624,licit_01882
3,0.010252904989747095,0.0,1,2,-0.26908178056851134,0.7792207792207793,licit_01883
4,0.024193548387096774,0.0,1,2,-0.06388765649999448,0.75,licit_01885
0,0.01201923076923077,0.0,1,2,-0.32962389395918035,0.7692307692307693,licit_01886
2,0.03,0.0,1,1,-0.25000000000000083,0.72,licit_01887
4,0.11904761904761904,0.0,1,1,0.0,0.7142857142857143,licit_01888
4,0.02406417112299465,0.0,1,3,-0.34112114616897565,0.7941176470588235,licit_01889
7,0.01607843137254902,0.0,1,2,-0.4460358006001401,0.803921568627451,licit_01890
7,0.027093596059113302,0.0,1,1,-0.2708012801545327,0.7586206896551724,licit_01893
1,0.026436781609195402,0.0,1,1,-0.3678836036909802,0.7666666666666667,licit_01894
2,0.04047619047619048,0.0,1,2,-0.38372093023255865,0.8095238095238095,licit_01895
12,0.003663516976297245,0.0,1,4,-0.28248657926595555,0.8169642857142857,licit_01896
1,0.03133903133903134,0.0,1,2,-0.25520889276702,0.8148148148148148,licit_01897
0,0.05714285714285714,0.0,1,1,0.0,0.8,licit_01898
0,0.25,0.0,1,1,0.0,0.75,licit_01899
1,0.3333333333333333,0.0,1,1,0.0,0.6666666666666666,licit_01900
4,0.043859649122807015,0.0,1,2,-0.17975584713607096,0.7894736842105263,licit_01901
1,0.008514851485148515,0.0,1,3,-0.3261587377531599,0.8514851485148515,licit_01902
1,0.013221153846153846,0.0,1,3,-0.3308406817241521,0.8461538461538461,licit_01903
1,0.039473684210526314,0.0,1,1,-0.3636363636363638,0.75,licit_01904
20,0.016156462585034014,0.0,1,2,-0.2842773889438983,0.7755102040816326,licit_01905
5,0.007442021460713049,0.0,1,2,-0.34325161199958326,0.7962962962962963,licit_01906
1,0.16666666666666666,0.0,1,2,0.0,0.8333333333333334,licit_01907
3,0.13333333333333333,0.0,1,1,0.0,0.6666666666666666,licit_01908
0,0.08888888888888889,0.0,1,1,0.0,0.8,licit_01909
3,0.09722222222222222,0.0,1,2,0.0,0.7777777777777778,licit_01910
1,0.02032520325203252,0.0,1,3,-0.1106244197171773,0.8333333333333334,licit_01911
3,0.03557312252964427,0.0,1,1,0.0,0.782608695652174,licit_01912
3,0.009575923392612859,0.0,1,3,-0.12192027984417474,0.813953488372093,licit_01913
0,0.09722222222222222,0.0,1,1,-0.5477225575051675,0.7777777777777778,licit_01914
0,0.11904761904761904,0.0,1,1,0.0,0.7142857142857143,licit_01915
3,0.0031145260228925566,0.0,1,3,-0.24097514064879877,0.7817460317460317,licit_01917
1,0.09722222222222222,0.0,1,1,-0.7302967433402202,0.7777777777777778,licit_01918
0,0.10714285714285714,0.0,1,1,-0.4999999999999998,0.75,licit_01921
0,0.03333333333333333,0.0,1,2,-0.35634832254989984,0.8,licit_01922
6,0.007046476761619191,0.0,1,5,0.0795017872682605,0.8103448275862069,licit_01923
0,0.11904761904761904,0.0,1,1,0.0,0.7142857142857143,licit_01924
1,0.035,0.0,1,3,-0.22501363524213508,0.84,licit_01925
2,0.009722222222222222,0.0,1,2,-0.34391363900163396,0.7777777777777778,licit_01926
12,0.001468126656437439,0.0,1,4,-0.20146054380701522,0.7854477611940298,licit_01927
0,0.07575757575757576,0.0,1,1,-0.60009919814898,0.8333333333333334,licit_01928
57,0.02142857142857143,0.0,1,2,-0.16301398452481655,0.75,licit_01929
0,0.2,0.0,1,1,0.0,0.8,licit_01931
14,0.0380952380952381,0.0,1,1,-0.38461538461538464,0.7619047619047619,licit_01932
1,0.039473684210526314,0.0,1,1,-0.4193139346887674,0.75,licit_01933
0,0.07051282051282051,0.0,1,1,-0.6900655593423539,0.8461538461538461,licit_01934
0,0.1111111111111111,0.0,1,2,0.0,0.8888888888888888,licit_01936
1,0.038011695906432746,0.0,1,1,0.0,0.6842105263157895,licit_01937
15,0.001455692774347308,0.0,1,4,-0.147391580815731,0.7904411764705882,licit_01938
3,0.11904761904761904,0.0,1,1,0.0,0.7142857142857143,licit_01939
0,0.027777777777777776,0.0,1,2,-0.03834824944236923,0.75,licit_01940
4,0.03260869565217391,0.0,1,2,-0.2578553115647009,0.75,licit_01941
5,0.004545454545454545,0.0,1,3,-0.32301588737372455,0.7954545454545454,licit_01944
0,0.3333333333333333,0.0,1,1,0.0,0.6666666666666666,licit_01945
9,0.003299675441759827,0.0,1,3,-0.23270611506688507,0.7754237288135594,licit_01946
0,0.05714285714285714,0.0,1,1,0.0,0.8,licit_01948
1,0.034420289855072464,0.0,1,1,-0.5793654595023221,0.7916666666666666,licit_01949
14,0.00859106529209622,0.0,1,4,-0.3472093988596451,0.8247422680412371,licit_01950
1,0.07272727272727272,0.0,1,1,0.0,0.7272727272727273,licit_01951
1,0.029914529914529916,0.0,1,1,-0.42380871895812877,0.7777777777777778,licit_01952
3,0.0061546840958605666,0.0,1,3,-0.30166339385182095,0.8308823529411765,licit_01953
3,0.07272727272727272,0.0,1,1,0.0,0.7272727272727273,licit_01954
3,0.07777777777777778,0.0,1,1,0.0,0.7,licit_01955
26,0.05714285714285714,0.0,1,2,0.0,0.8,licit_01956
1,0.02721774193548387,0.0,1,3,-0.19145989526687124,0.84375,licit_01958
2,0.0226890756302521,0.0,1,2,-0.3999999999999975,0.7714285714285715,licit_01960
4,0.003822766699454529,0.0,1,4,-0.2671283636365982,0.8066037735849056,licit_01961
1,0.009028727770177838,0.0,1,2,-0.13888658913710775,0.7674418604651163,licit_01962
1,0.008838987099856666,0.0,1,4,-0.33973657169357924,0.8043478260869565,licit_01963
0,0.09722222222222222,0.0,1,2,0.0,0.7777777777777778,licit_01964
0,0.16666666666666666,0.0,1,1,-0.9999999999999991,0.8333333333333334,licit_01965
0,0.04047619047619048,0.0,1,2,-0.5378341163622523,0.8095238095238095,licit_01966
0,0.022281639928698752,0.0,1,1,-0.1812883257004214,0.7352941176470589,licit_01968
2,0.033846153846153845,0.0,1,3,-0.3038743880973071,0.8461538461538461,licit_01969
0,0.04411764705882353,0.0,1,1,0.0,0.7058823529411765,licit_01970
1,0.3333333333333333,0.0,1,1,0.0,0.6666666666666666,licit_01971
0,0.054945054945054944,0.0,1,1,-0.2500000000000021,0.7142857142857143,licit_01972
2,0.009323006310958119,0.0,1,3,-0.18872674513214938,0.7738095238095238,licit_01973
2,0.023674242424242424,0.0,1,1,-0.23671118388577997,0.7575757575757576,licit_01974
1,0.07777777777777778,0.0,1,1,0.0,0.7,licit_01975
1,0.0367965367965368,0.0,1,1,-0.4310179667522919,0.7727272727272727,licit_01976
11,0.010087323095453177,0.0,1,5,-0.0363493697826457,0.8170731707317073,licit_01977
2,0.0063976377952755905,0.0,1,4,-0.27524855209593363,0.8125,licit_01978
0,0.04093567251461988,0.0,1,1,-0.25819888974716104,0.7368421052631579,licit_01979
0,0.10714285714285714,0.0,1,1,-0.4999999999999998,0.75,licit_01980
0,0.024955436720142603,0.0,1,3,0.14142135623730911,0.8235294117647058,licit_01981
1,0.07575757575757576,0.0,1,2,-0.35634832254989907,0.8333333333333334,licit_01982
0,0.2,0.0,1,1,-1.0,0.8,licit_01983
2,0.01951219512195122,0.0,1,1,0.0,0.7804878048780488,licit_01984
22,0.00143831703464731,0.0,1,3,-0.21641322693705778,0.7838827838827839,licit_01985
4,0.012211668928086838,0.0,1,4,-0.04449941594899945,0.8059701492537313,licit_01986
0,0.049019607843137254,0.0,1,1,0.0,0.8333333333333334,licit_01987
0,0.2,0.0,1,1,0.0,0.8,licit_01989
33,0.0012592424357130239,0.0,1,3,-0.28221496482220176,0.792063492063492,licit_01990
1,0.020917678812415654,0.0,1,2,-0.3452301104163177,0.7948717948717948,licit_01991
11,0.04093567251461988,0.0,1,2,-0.2581988897471623,0.7368421052631579,licit_01992
5,0.008693662777396477,0.0,1,4,-0.26606624323887124,0.8085106382978723,licit_01993
99,0.0035515873015873017,0.0,1,3,-0.25709609921069027,0.7955555555555556,licit_01994
0,0.023809523809523808,0.0,1,2,-0.23733557767823707,0.8333333333333334,licit_01995
11,0.0032686245229799236,0.0,1,4,-0.2207399429622286,0.8008130081300813,licit_01996
1,0.025806451612903226,0.0,1,1,-0.4029192227929339,0.7741935483870968,licit_01997
0,0.042105263157894736,0.0,1,2,-0.2036532699906392,0.8,licit_01998
0,0.023172905525846704,0.0,1,2,-0.3044295411712821,0.7647058823529411,licit_02000
16,0.017874396135265702,0.0,1,2,-0.26322741995709864,0.8043478260869565,licit_02001
2,0.034420289855072464,0.0,1,2,0.0,0.7916666666666666,licit_02003
2,0.027093596059113302,0.0,1,1,-0.4421297585599221,0.7586206896551724,licit_02004
3,0.017113783533765033,0.0,1,2,-0.3578261099064304,0.7872340425531915,licit_02005
2,0.03463203463203463,0.0,1,1,-0.23904572186687872,0.7272727272727273,licit_02006
7,0.006320810971973762,0.0,1,3,-0.2931478010015859,0.8153846153846154,licit_02007
21,0.005898681471200555,0.0,1,2,-0.3236928446923017,0.7727272727272727,licit_02009
0,0.024955436720142603,0.0,1,3,-0.4817246276478554,0.8235294117647058,licit_02011
1,0.017874396135265702,0.0,1,2,-0.17268799014385042,0.8043478260869565,licit_02012
0,0.3333333333333333,0.0,1,1,0.0,0.6666666666666666,licit_02013
1,0.01757631822386679,0.0,1,3,-0.37718809874266485,0.8085106382978723,licit_02014
0,0.14285714285714285,0.0,1,1,0.0,0.8571428571428571,licit_02015
0,0.3333333333333333,0.0,1,1,0.0,0.6666666666666666,licit_02016
1,0.10714285714285714,0.0,1,1,-0.4999999999999998,0.75,licit_02018
4,0.003878669639539205,0.0,1,4,-0.23807168399648101,0.8028846153846154,licit_02019
5,0.0641025641025641,0.0,1,1,0.0,0.7692307692307693,licit_02020
0,0.10714285714285714,0.0,1,1,0.0,0.75,licit_02021
0,0.020512820512820513,0.0,1,2,0.0,0.8,licit_02024
0,0.043859649122807015,0.0,1,1,-0.3599370165326778,0.7894736842105263,licit_02025
0,0.05714285714285714,0.0,1,1,0.0,0.8,licit_02027
0,0.06818181818181818,0.0,1,1,-0.478091443733757,0.75,licit_02028
0,0.06818181818181818,0.0,1,1,0.0,0.75,licit_02030
0,0.3333333333333333,0.0,1,1,0.0,0.6666666666666666,licit_02032
3,0.01647058823529412,0.0,1,2,-0.4508948429737133,0.8235294117647058,licit_02033
0,0.09722222222222222,0.0,1,1,-0.5477225575051675,0.7777777777777778,licit_02034
0,0.03359683794466403,0.0,1,1,0.0,0.7391304347826086,licit_02036
4,0.008682328907048007,0.0,1,1,-0.2692850423384597,0.7640449438202247,licit_02038
1,0.01366120218579235,0.0,1,3,-0.2654514143623817,0.819672131147541,licit_02039
3,0.020625889046941678,0.0,1,2,-0.20236833046816002,0.7631578947368421,licit_02040
0,0.11904761904761904,0.0,1,1,0.0,0.7142857142857143,licit_02041
1,0.011888111888111888,0.0,1,2,-0.12084030142442391,0.7727272727272727,licit_02042
6,0.029556650246305417,0.0,1,2,-0.4058538516854006,0.8275862068965517,licit_02044
0,0.02795698924731183,0.0,1,3,-0.36128740199357595,0.8387096774193549,licit_02045
0,0.02721774193548387,0.0,1,3,-0.26475383154357296,0.84375,licit_02047
0,0.0367965367965368,0.0,1,1,0.0,0.7727272727272727,licit_02048
4,0.004330136588201104,0.0,1,3,-0.3723779022880831,0.8010752688172043,licit_02050
2,0.022048364153627313,0.0,1,2,-0.36128930560067013,0.8157894736842105,licit_02051
1,0.03076923076923077,0.0,1,2,0.0,0.7692307692307693,licit_02052
0,0.08181818181818182,0.0,1,1,-0.6193235372853317,0.8181818181818182,licit_02053
3,0.07272727272727272,0.0,1,1,-0.3333333333333333,0.7272727272727273,licit_02054
0,0.25,0.0,1,1,0.0,0.75,licit_02055
72,0.05416666666666667,0.0,1,2,-0.24931034351370304,0.8125,licit_02056
1,0.06818181818181818,0.0,1,1,-0.478091443733757,0.75,licit_02057
2,0.010736764161421697,0.0,1,2,-0.270043638841913,0.7837837837837838,licit_02058
2,0.011150234741784037,0.0,1,1,-0.3518118349282525,0.7916666666666666,licit_02059
5,0.0641025641025641,0.0,1,1,0.0,0.7692307692307693,licit_02060
2,0.03571428571428571,0.0,1,1,-0.23652495839563326,0.7142857142857143,licit_02061
1,0.11904761904761904,0.0,1,1,0.0,0.7142857142857143,licit_02063
0,0.06818181818181818,0.0,1,1,-0.478091443733757,0.75,licit_02064
9,0.00589159465828751,0.0,1,2,-0.25402583916374566,0.7835820895522388,licit_02065
4,0.0367965367965368,0.0,1,1,-0.39389277113386456,0.7727272727272727,licit_02067
0,0.05714285714285714,0.0,1,1,-0.439999999999999,0.8,licit_02068
1,0.004025021791519253,0.0,1,5,-0.26670986492743687,0.7929292929292929,licit_02069
1,0.051470588235294115,0.0,1,1,0.0,0.8235294117647058,licit_02071
2,0.017113783533765033,0.0,1,1,-0.3778076897010086,0.7872340425531915,licit_02072
0,0.07272727272727272,0.0,1,1,-0.3333333333333333,0.7272727272727273,licit_02073
0,0.05714285714285714,0.0,1,1,-0.6139406135149204,0.8,licit_02074
4,0.00946643717728055,0.0,1,3,-0.26060583805062904,0.7857142857142857,licit_02075
1,0.04779411764705882,0.0,1,1,0.0,0.7647058823529411,licit_02076
5,0.010252904989747095,0.0,1,2,-0.2770319332873857,0.7792207792207793,licit_02077
0,0.2,0.0,1,1,-1.0,0.8,licit_02078
1,0.03133903133903134,0.0,1,2,0.0,0.8148148148148148,licit_02079
2,0.02142857142857143,0.0,1,2,-0.16301398452481655,0.75,licit_02080
1,0.07777777777777778,0.0,1,1,0.0,0.7,licit_02081
1,0.008483676975945017,0.0,1,4,-0.09667779638660154,0.8144329896907216,licit_02082
0,0.11904761904761904,0.0,1,1,0.0,0.7142857142857143,licit_02083
0,0.07777777777777778,0.0,1,1,0.0,0.7,licit_02084
0,0.25,0.0,1,1,0.0,0.75,licit_02085
1,0.05238095238095238,0.0,1,1,-0.3563483225498987,0.7333333333333333,licit_02086
0,0.0641025641025641,0.0,1,1,0.0,0.7692307692307693,licit_02087
5,0.11904761904761904,0.0,1,1,0.0,0.7142857142857143,licit_02088
12,0.07272727272727272,0.0,1,1,0.0,0.7272727272727273,licit_02089
4,0.009243697478991597,0.0,1,2,-0.2329075089351728,0.7764705882352941,licit_02090
4,0.014901960784313726,0.0,1,1,-0.2566071597133529,0.7450980392156863,licit_02091
7,0.00216769531838025,0.0,1,3,-0.27440233882765364,0.7890410958904109,licit_02092
7,0.00538497874350496,0.0,1,4,-0.21636001665896207,0.7808219178082192,licit_02093
0,0.11904761904761904,0.0,1,1,0.0,0.7142857142857143,licit_02094
0,0.0380952380952381,0.0,1,1,-0.3086066999241838,0.7619047619047619,licit_02095
1,0.04779411764705882,0.0,1,1,-0.4103049699311103,0.7647058823529411,licit_02097
0,0.3333333333333333,0.0,1,1,0.0,0.6666666666666666,licit_02098
4,0.00999000999000999,0.0,1,3,-0.15970284587257536,0.7692307692307693,licit_02099
1,0.00946643717728055,0.0,1,2,-0.28106220087675554,0.7857142857142857,licit_02101
1,0.05,0.0,1,1,-0.350823207722812,0.75,licit_02103
7,0.003482025221155656,0.0,1,4,-0.2525860241617961,0.8008658008658008,licit_02105
0,0.25,0.0,1,1,0.0,0.75,licit_02106
1,0.020121951219512196,0.0,1,2,-0.36287855382004724,0.8048780487804879,licit_02108
3,0.024955436720142603,0.0,1,4,1.5325725311672063e-16,0.8235294117647058,licit_02109
2,0.003564442512497283,0.0,1,2,-0.2040338054565266,0.7627906976744186,licit_02110
3,0.02177177177177177,0.0,1,2,-0.3890032511583487,0.7837837837837838,licit_02111
0,0.01056338028169014,0.0,1,2,-0.23959317875170894,0.75,licit_02112
1,0.018826135105204873,0.0,1,2,-0.35927653030284334,0.7906976744186046,licit_02113
1,0.02406417112299465,0.0,1,2,-0.236874627263233,0.7941176470588235,licit_02114
2,0.012800819252432157,0.0,1,2,-0.32556889728821886,0.7936507936507936,licit_02115
5,0.009786208973200844,0.0,1,4,-0.11237941485759914,0.7926829268292683,licit_02116
0,0.11904761904761904,0.0,1,1,0.0,0.7142857142857143,licit_02118
10,0.03557312252964427,0.0,1,1,-0.43301270189221935,0.782608695652174,licit_02119
0,0.08888888888888889,0.0,1,2,-0.5773502691896258,0.8,licit_02120
0,0.16666666666666666,0.0,1,1,0.0,0.8333333333333334,licit_02122
0,0.2,0.0,1,1,-1.0,0.8,licit_02123
5,0.06043956043956044,0.0,1,2,-0.04303314829119245,0.7857142857142857,licit_02124
0,0.07777777777777778,0.0,1,1,0.0,0.7,licit_02125
1,0.027093596059113302,0.0,1,2,-0.1378616986447513,0.7586206896551724,licit_02126
1,0.04779411764705882,0.0,1,1,0.0,0.7647058823529411,licit_02127
0,0.0457516339869281,0.0,1,1,-0.4409585518440996,0.7777777777777778,licit_02128
0,0.05,0.0,1,1,0.0,0.75,licit_02129
0,0.07272727272727272,0.0,1,1,0.0,0.7272727272727273,licit_02131
2,0.009737098344693282,0.0,1,1,-0.1633901136994756,0.759493670886076,licit_02132
1,0.04047619047619048,0.0,1,3,-0.39389277113386456,0.8095238095238095,licit_02133
9,0.06043956043956044,0.0,1,1,-0.5714285714285717,0.7857142857142857,licit_02134
1,0.05,0.0,1,2,0.0,0.75,licit_02135
0,0.25,0.0,1,1,0.0,0.75,licit_02136
0,0.043859649122807015,0.0,1,1,-0.6061230833151469,0.7894736842105263,licit_02137
4,0.008100147275405008,0.0,1,3,-0.28157117659127584,0.7857142857142857,licit_02138
7,0.042483660130718956,0.0,1,1,-0.2842676218074799,0.7222222222222222,licit_02139
0,0.06043956043956044,0.0,1,1,-0.5407380704358744,0.7857142857142857,licit_02140
1,0.019933554817275746,0.0,1,3,-0.3211820274187874,0.8372093023255814,licit_02141
8,0.006387096774193549,0.0,1,3,-0.23539763238429384,0.792,licit_02142
1,0.009193054136874362,0.0,1,3,-0.3759273679389608,0.8089887640449438,licit_02144
4,0.014097744360902255,0.0,1,2,-0.23095111341914887,0.7894736842105263,licit_02145
0,0.25,0.0,1,1,0.0,0.75,licit_02146
2,0.010350877192982456,0.0,1,3,-0.18412851789861898,0.7763157894736842,licit_02147
1,0.07051282051282051,0.0,1,1,0.0,0.8461538461538461,licit_02148
0,0.07777777777777778,0.0,1,1,0.0,0.7,licit_02149
1,0.02586206896551724,0.0,1,1,-0.25451390519031136,0.7241379310344828,licit_02150
5,0.0023546662066586165,0.0,1,4,-0.2822785394826697,0.8005865102639296,licit_02151
3,0.02177177177177177,0.0,1,2,-0.37374884078895904,0.7837837837837838,licit_02153
6,0.010350877192982456,0.0,1,3,0.044898651865967525,0.7763157894736842,licit_02154
10,0.009550396708786366,0.0,1,2,-0.22729914424404135,0.7831325301204819,licit_02155
0,0.051470588235294115,0.0,1,2,4.014821732369442e-08,0.8235294117647058,licit_02156
12,0.005536130536130536,0.0,1,3,-0.04920949118935295,0.7916666666666666,licit_02157
6,0.036231884057971016,0.0,1,4,0.0,0.8333333333333334,licit_02162
6,0.010736764161421697,0.0,1,2,-0.26354068647375267,0.7837837837837838,licit_02163
1,0.007121492664862555,0.0,1,3,-0.37452974446078147,0.8403361344537815,licit_02164
1,0.07051282051282051,0.0,1,2,0.0,0.8461538461538461,licit_02165
1,0.06043956043956044,0.0,1,1,0.0,0.7857142857142857,licit_02167
0,0.07272727272727272,0.0,1,1,0.0,0.7272727272727273,licit_02169
0,0.05238095238095238,0.0,1,1,-0.3563483225498987,0.7333333333333333,licit_02170
0,0.25,0.0,1,1,0.0,0.75,licit_02171
0,0.3333333333333333,0.0,1,1,0.0,0.6666666666666666,licit_02172
3,0.09722222222222222,0.0,1,1,0.0,0.7777777777777778,licit_02173
1,0.10714285714285714,0.0,1,1,-0.4999999999999998,0.75,licit_02174
2,0.07272727272727272,0.0,1,1,-0.3333333333333333,0.7272727272727273,licit_02176
3,0.06818181818181818,0.0,1,1,0.0,0.75,licit_02177
4,0.01546003016591252,0.0,1,3,-0.1194954311328369,0.7884615384615384,licit_02179
9,0.0024478578968441743,0.0,1,5,-0.10807888450086264,0.8102409638554217,licit_02180
0,0.25,0.0,1,1,0.0,0.75,licit_02182
3,0.003403877460411425,0.0,1,3,-0.2408140541583807,0.7896995708154506,licit_02183
2,0.03166666666666667,0.0,1,2,-0.06093936867726209,0.76,licit_02184
1,0.006926024167403478,0.0,1,4,-0.3130629313020366,0.8034188034188035,licit_02186
1,0.04779411764705882,0.0,1,1,0.0,0.7647058823529411,licit_02187
1,0.020512820512820513,0.0,1,2,0.0,0.8,licit_02188
5,0.008298270219728844,0.0,1,2,-0.10071531035870537,0.7634408602150538,licit_02189
1,0.04583333333333333,0.0,1,1,0.0,0.6875,licit_02190
0,0.03557312252964427,0.0,1,1,-0.35714285714285704,0.782608695652174,licit_02191
0,0.07777777777777778,0.0,1,1,0.0,0.7,licit_02192
0,0.16666666666666666,0.0,1,1,0.0,0.8333333333333334,licit_02193
2,0.07272727272727272,0.0,1,1,0.0,0.7272727272727273,licit_02194
6,0.04093567251461988,0.0,1,1,-0.35355339059327295,0.7368421052631579,licit_02195
6,0.001509402022880842,0.0,1,4,-0.23570625412342386,0.8030018761726079,licit_02197
1,0.11904761904761904,0.0,1,1,0.0,0.7142857142857143,licit_02199
1,0.018826135105204873,0.0,1,2,0.0,0.7906976744186046,licit_02201
3,0.01642512077294686,0.0,1,1,0.0,0.7391304347826086,licit_02202
1,0.03166666666666667,0.0,1,1,0.0,0.76,licit_02203
2,0.019744483159117306,0.0,1,3,-0.09326550063258897,0.8095238095238095,licit_02204
9,0.008376288659793814,0.0,1,2,-0.25481835238100553,0.8041237113402062,licit_02205
4,0.06043956043956044,0.0,1,1,0.0,0.7857142857142857,licit_02206
1,0.04047619047619048,0.0,1,2,-0.6326266278117378,0.8095238095238095,licit_02207
0,0.3333333333333333,0.0,1,1,0.0,0.6666666666666666,licit_02208
2,0.0367965367965368,0.0,1,2,-0.06546536707079699,0.7727272727272727,licit_02209
0,0.25,0.0,1,1,0.0,0.75,licit_02210
0,0.08888888888888889,0.0,1,1,-0.5773502691896257,0.8,licit_02211
0,0.04047619047619048,0.0,1,2,-0.25435278748579054,0.8095238095238095,licit_02212
1,0.06818181818181818,0.0,1,1,-0.37796447300922864,0.75,licit_02213
6,0.0071726438698915766,0.0,1,2,-0.17422598600137698,0.7818181818181819,licit_02215
5,0.01916376306620209,0.0,1,3,-0.15764522006451342,0.7857142857142857,licit_02217
0,0.16666666666666666,0.0,1,1,0.0,0.8333333333333334,licit_02218
0,0.11904761904761904,0.0,1,1,0.0,0.7142857142857143,licit_02219
63,0.016666666666666666,0.0,1,3,0.0,0.7333333333333333,licit_02220
1,0.03166666666666667,0.0,1,1,-0.4147048482277602,0.76,licit_02221
2,0.03166666666666667,0.0,1,2,-0.07966673411786362,0.76,licit_02222
2,0.01546003016591252,0.0,1,2,-0.3127088385655237,0.7884615384615384,licit_02223
0,0.06818181818181818,0.0,1,1,-0.37796447300922864,0.75,licit_02224
0,0.2,0.0,1,1,0.0,0.8,licit_02227
0,0.06818181818181818,0.0,1,1,-0.478091443733757,0.75,licit_02229
0,0.07272727272727272,0.0,1,1,0.0,0.7272727272727273,licit_02230
5,0.05416666666666667,0.0,1,3,0.0,0.8125,licit_02231
0,0.0641025641025641,0.0,1,2,0.10206207261596464,0.7692307692307693,licit_02232
0,0.10714285714285714,0.0,1,1,-0.4999999999999998,0.75,licit_02233
1,0.02252252252252252,0.0,1,4,0.06875238727711672,0.8108108108108109,licit_02234
5,0.0076549663928304704,0.0,1,3,-0.1612650922216202,0.7884615384615384,licit_02235
0,0.020512820512820513,0.0,1,2,-0.3525994392656432,0.8,licit_02236
3,0.011932707355242567,0.0,1,4,-0.19236960931714242,0.8472222222222222,licit_02237
1,0.03359683794466403,0.0,1,1,-0.27842302319485196,0.7391304347826086,licit_02240
0,0.07272727272727272,0.0,1,1,0.0,0.7272727272727273,licit_02241
4,0.04411764705882353,0.0,1,1,0.0,0.7058823529411765,licit_02242
10,0.024955436720142603,0.0,1,2,-0.3990253422919217,0.8235294117647058,licit_02243
17,0.0021902754779467106,0.0,1,4,-0.15751204957277365,0.7972602739726027,licit_02244
5,0.01396103896103896,0.0,1,2,-0.06233677402870633,0.7678571428571429,licit_02245
1,0.023674242424242424,0.0,1,2,0.0,0.7575757575757576,licit_02246
0,0.3333333333333333,0.0,1,1,0.0,0.6666666666666666,licit_02247
10,0.0065426997245179065,0.0,1,5,-0.13291861335270308,0.7851239669421488,licit_02248
1,0.02177177177177177,0.0,1,2,-0.3309670690179564,0.7837837837837838,licit_02249
1,0.01818181818181818,0.0,1,2,-0.3286878675669588,0.8,licit_02250
1,0.06060606060606061,0.0,1,1,0.0,0.6666666666666666,licit_02251
0,0.25,0.0,1,1,0.0,0.75,licit_02252
0,0.16666666666666666,0.0,1,1,-0.9999999999999991,0.8333333333333334,licit_02253
37,0.015918367346938776,0.0,1,1,-0.3152632857031079,0.78,licit_02254
2,0.02462121212121212,0.0,1,2,-0.1687839004481918,0.7878787878787878,licit_02256
32,0.007371007371007371,0.0,1,2,-0.32413823851504847,0.8108108108108109,licit_02257
1,0.16666666666666666,0.0,1,1,0.0,0.8333333333333334,licit_02258
1,0.05714285714285714,0.0,1,1,-0.47809144373375606,0.8,licit_02259
8,0.011888111888111888,0.0,1,1,-0.3032727871586655,0.7727272727272727,licit_02260
2,0.02275960170697013,0.0,1,4,0.018553546269482774,0.8421052631578947,licit_02263
7,0.0029731275014293884,0.0,1,4,-0.18521008707205494,0.7849056603773585,licit_02264
5,0.0058823529411764705,0.0,1,3,-0.31953419551294004,0.7941176470588235,licit_02265
1,0.02462121212121212,0.0,1,2,-0.35156152465532636,0.7878787878787878,licit_02267
0,0.05416666666666667,0.0,1,1,-0.5393598899705949,0.8125,licit_02268
0,0.03133903133903134,0.0,1,1,-0.3888201414050004,0.8148148148148148,licit_02269
2,0.006663769375633783,0.0,1,2,-0.3140576308394121,0.7796610169491526,licit_02270
1,0.014675052410901468,0.0,1,1,-0.4504063720482456,0.7777777777777778,licit_02271
4,0.03230769230769231,0.0,1,2,-0.3093441124448744,0.8076923076923077,licit_02273
4,0.04093567251461988,0.0,1,1,0.0,0.7368421052631579,licit_02274
3,0.005835484232970486,0.0,1,2,-0.22579401479969077,0.7761194029850746,licit_02275
2,0.009575923392612859,0.0,1,3,-0.34757542850579376,0.813953488372093,licit_02276
1,0.25,0.0,1,1,0.0,0.75,licit_02277
3,0.042105263157894736,0.0,1,2,0.0,0.8,licit_02279
0,0.14285714285714285,0.0,1,1,0.0,0.8571428571428571,licit_02280
1,0.1111111111111111,0.0,1,2,0.0,0.8888888888888888,licit_02281
1,0.029914529914529916,0.0,1,1,0.0,0.7777777777777778,licit_02282
0,0.25,0.0,1,1,0.0,0.75,licit_02283
1,0.022222222222222223,0.0,1,1,-0.34233585288710033,0.7777777777777778,licit_02284
3,0.010185185185185186,0.0,1,3,-0.30230082087266397,0.8148148148148148,licit_02286
2,0.05238095238095238,0.0,1,1,-0.3563483225498987,0.7333333333333333,licit_02289
1,0.03260869565217391,0.0,1,1,-0.27386127875258326,0.75,licit_02290
0,0.3333333333333333,0.0,1,1,0.0,0.6666666666666666,licit_02291
2,0.007920792079207921,0.0,1,4,-0.2737982082489011,0.7920792079207921,licit_02293
2,0.10714285714285714,0.0,1,1,0.0,0.75,licit_02294
0,0.07272727272727272,0.0,1,1,-0.3333333333333333,0.7272727272727273,licit_02295
1,0.06043956043956044,0.0,1,1,-0.6708203932499366,0.7857142857142857,licit_02296
2,0.04678362573099415,0.0,1,4,0.0,0.8421052631578947,licit_02298
3,0.010526315789473684,0.0,1,2,-0.2322830618176165,0.7894736842105263,licit_02299
0,0.05714285714285714,0.0,1,1,-0.439999999999999,0.8,licit_02300
2,0.005898681471200555,0.0,1,2,-0.23674002887190154,0.7727272727272727,licit_02301
1,0.05514705882352941,0.0,1,3,0.0,0.8823529411764706,licit_02302
1,0.018902439024390243,0.0,1,1,-0.3652893283909258,0.7560975609756098,licit_02303
3,0.008821170809943865,0.0,1,2,-0.1995965232316898,0.7586206896551724,licit_02305
4,0.0103862382343395,0.0,1,3,-0.24466694071706765,0.810126582278481,licit_02306
3,0.039473684210526314,0.0,1,2,-0.30151134457776396,0.75,licit_02307
0,0.06043956043956044,0.0,1,1,0.0,0.7857142857142857,licit_02308
2,0.007442021460713049,0.0,1,3,-0.2938097275694279,0.7962962962962963,licit_02309
3,0.03333333333333333,0.0,1,1,-0.422885465331124,0.8,licit_02310
11,0.002735860630597473,0.0,1,3,-0.18895006956163715,0.7797202797202797,licit_02311
4,0.012544802867383513,0.0,1,3,-0.32738530223582546,0.7777777777777778,licit_02312
3,0.07272727272727272,0.0,1,1,0.0,0.7272727272727273,licit_02314
0,0.10714285714285714,0.0,1,1,-0.4999999999999998,0.75,licit_02315
3,0.005927051671732523,0.0,1,4,-0.20996482768599872,0.8297872340425532,licit_02316
0,0.08888888888888889,0.0,1,2,0.0,0.8,licit_02317
0,0.16666666666666666,0.0,1,1,-0.9999999999999991,0.8333333333333334,licit_02318
26,0.006792717086834734,0.0,1,3,-0.2726400479467466,0.8083333333333333,licit_02319
2,0.03359683794466403,0.0,1,1,0.0,0.7391304347826086,licit_02320
1,0.03333333333333333,0.0,1,2,-0.48890586508171374,0.8,licit_02321
0,0.05416666666666667,0.0,1,1,-0.48617243480439876,0.8125,licit_02323
0,0.25,0.0,1,1,0.0,0.75,licit_02325
3,0.039525691699604744,0.0,1,2,-0.5228225066826945,0.8695652173913043,licit_02326
4,0.25,0.0,1,1,0.0,0.75,licit_02327
3,0.01451378809869376,0.0,1,2,0.0,0.7547169811320755,licit_02328
0,0.07777777777777778,0.0,1,1,0.0,0.7,licit_02330
0,0.25,0.0,1,1,0.0,0.75,licit_02331
0,0.0367965367965368,0.0,1,1,-0.34426518632954806,0.7727272727272727,licit_02332
2,0.018902439024390243,0.0,1,1,0.0,0.7560975609756098,licit_02333
1,0.02027027027027027,0.0,1,1,-0.25298221281346944,0.7297297297297297,licit_02334
7,0.004395343311950582,0.0,1,5,0.04601549418870393,0.8043478260869565,licit_02335
0,0.027777777777777776,0.0,1,2,0.0,0.75,licit_02336
3,0.012956107879428873,0.0,1,1,4.617917697079497e-08,0.7903225806451613,licit_02337
3,0.02832512315270936,0.0,1,1,-0.44329810291435096,0.7931034482758621,licit_02338
10,0.023655913978494623,0.0,1,1,4.380753131265444e-08,0.7096774193548387,licit_02339
1,0.049019607843137254,0.0,1,2,0.4264014327112196,0.8333333333333334,licit_02340
17,0.0045003103662321535,0.0,1,4,-0.13290748771525307,0.8055555555555556,licit_02341
1,0.05238095238095238,0.0,1,1,-0.3563483225498987,0.7333333333333333,licit_02342
5,0.03557312252964427,0.0,1,2,-0.13803940759355746,0.782608695652174,licit_02343
4,0.020625889046941678,0.0,1,2,0.0,0.7631578947368421,licit_02344
0,0.3333333333333333,0.0,1,1,0.0,0.6666666666666666,licit_02345
2,0.042105263157894736,0.0,1,1,-0.6324555320336759,0.8,licit_02348
5,0.11904761904761904,0.0,1,1,0.0,0.7142857142857143,licit_02350
0,0.03276353276353276,0.0,1,3,0.0,0.8518518518518519,licit_02351
0,0.09722222222222222,0.0,1,1,0.0,0.7777777777777778,licit_02353
0,0.08181818181818182,0.0,1,2,0.0,0.8181818181818182,licit_02355
4,0.11904761904761904,0.0,1,1,0.0,0.7142857142857143,licit_02357
3,0.011106997408367271,0.0,1,2,-0.4508500157689234,0.8108108108108109,licit_02358
5,0.01282051282051282,0.0,1,3,-0.33802419601238365,0.8333333333333334,licit_02359
4,0.027777777777777776,0.0,1,1,0.0,0.75,licit_02360
19,0.0016067776803973123,0.0,1,3,-0.20209820878412196,0.7857142857142857,licit_02361
0,0.027777777777777776,0.0,1,2,0.0,0.75,licit_02362
0,0.07272727272727272,0.0,1,1,-0.3333333333333333,0.7272727272727273,licit_02363
4,0.022727272727272728,0.0,1,1,0.0,0.7272727272727273,licit_02364
3,0.0031343868355752907,0.0,1,3,-0.20205778589464915,0.7741935483870968,licit_02365
4,0.008791208791208791,0.0,1,3,-0.1816872075973851,0.7912087912087912,licit_02366
2,0.010810810810810811,0.0,1,4,-0.07964325996092071,0.8,licit_02367
1,0.018686868686868686,0.0,1,3,-0.40389217769202507,0.8222222222222222,licit_02368
1,0.021592442645074223,0.0,1,2,-0.3131121455425747,0.8205128205128205,licit_02369
0,0.3333333333333333,0.0,1,1,0.0,0.6666666666666666,licit_02370
2,0.02849002849002849,0.0,1,1,0.0,0.7407407407407407,licit_02371
6,0.02142857142857143,0.0,1,2,-0.22547801696496786,0.75,licit_02372
21,0.004558294812532101,0.0,1,5,-0.10498722575146979,0.8022598870056498,licit_02373
2,0.010082023239917977,0.0,1,2,-0.25569665791584634,0.7662337662337663,licit_02374
7,0.006821589205397301,0.0,1,2,-0.30097081688156424,0.7844827586206896,licit_02375
0,0.3333333333333333,0.0,1,1,0.0,0.6666666666666666,licit_02376
5,0.010990990990990991,0.0,1,4,-0.16998696757817686,0.8133333333333334,licit_02377
22,0.013734658094681473,0.0,1,2,-0.1375396521133353,0.7966101694915254,licit_02378
1,0.034420289855072464,0.0,1,2,0.0,0.7916666666666666,licit_02379
0,0.015918367346938776,0.0,1,4,0.15560653102288058,0.78,licit_02380
0,0.06043956043956044,0.0,1,1,-0.4303314829119346,0.7857142857142857,licit_02381
1,0.1,0.0,1,3,0.0,0.9,licit_02382
19,0.00369447903694479,0.0,1,5,-0.0893788056669995,0.8090909090909091,licit_02383
0,0.3333333333333333,0.0,1,1,0.0,0.6666666666666666,licit_02384
3,0.025201612903225805,0.0,1,2,-0.3391042383775615,0.78125,licit_02385
28,0.0012851413913591014,0.0,1,5,-0.2530085801286537,0.7993579454253612,licit_02386
4,0.020121951219512196,0.0,1,3,-0.08307090842688636,0.8048780487804879,licit_02387
1,0.11904761904761904,0.0,1,1,0.0,0.7142857142857143,licit_02389
0,0.0641025641025641,0.0,1,1,0.0,0.7692307692307693,licit_02390
0,0.037549407114624504,0.0,1,2,0.0,0.8260869565217391,licit_02391
2,0.023172905525846704,0.0,1,2,-0.22963288085137645,0.7647058823529411,licit_02392
61,0.003825920612147298,0.0,1,4,-0.20939000800869437,0.7804878048780488,licit_02397
0,0.2,0.0,1,1,-1.0,0.8,licit_02398
0,0.0641025641025641,0.0,1,1,0.0,0.7692307692307693,licit_02399
6,0.0013468013468013469,0.0,1,5,-0.21995027877879694,0.8,licit_02400
23,0.007475365273530411,0.0,1,2,-0.21077331954828485,0.8073394495412844,licit_02401
5,0.08181818181818182,0.0,1,1,0.0,0.8181818181818182,licit_02402
2,0.006922435362802335,0.0,1,1,-0.2162965091739576,0.7545454545454545,licit_02403
0,0.07272727272727272,0.0,1,1,0.0,0.7272727272727273,licit_02404
0,0.3333333333333333,0.0,1,1,0.0,0.6666666666666666,licit_02407
1,0.022048364153627313,0.0,1,3,-0.14834102759047785,0.8157894736842105,licit_02408
3,0.01773049645390071,0.0,1,3,-0.15342642764843048,0.8333333333333334,licit_02409
3,0.05,0.0,1,1,-0.3162277660168388,0.75,licit_02412
10,0.0015524480912207713,0.0,1,4,-0.23811547878207023,0.7901960784313725,licit_02413
0,0.2,0.0,1,1,-1.0,0.8,licit_02414
0,0.25,0.0,1,1,0.0,0.75,licit_02417
6,0.016843971631205674,0.0,1,3,-0.39363661515662407,0.7916666666666666,licit_02418
0,0.02832512315270936,0.0,1,2,-0.37173014893129114,0.7931034482758621,licit_02419
0,0.25,0.0,1,1,0.0,0.75,licit_02420
6,0.012259615384615384,0.0,1,3,-0.23774945065731642,0.7846153846153846,licit_02421
1,0.023273273273273273,0.0,1,2,-0.3750140858296628,0.8378378378378378,licit_02422
0,0.14285714285714285,0.0,1,1,0.0,0.8571428571428571,licit_02423
0,0.11904761904761904,0.0,1,1,0.0,0.7142857142857143,licit_02424
1,0.01987179487179487,0.0,1,2,-0.22506493569190583,0.775,licit_02425
1,0.020917678812415654,0.0,1,2,0.0,0.7948717948717948,licit_02426
6,0.010810810810810811,0.0,1,3,-0.26149536271250934,0.8,licit_02427
0,0.25,0.0,1,1,0.0,0.75,licit_02428
0,0.13333333333333333,0.0,1,1,0.0,0.6666666666666666,licit_02429
4,0.11904761904761904,0.0,1,1,0.0,0.7142857142857143,licit_02430
2,0.00712143928035982,0.0,1,3,-0.38116645687723005,0.8189655172413793,licit_02431
0,0.10714285714285714,0.0,1,1,0.0,0.75,licit_02432
1,0.012152777777777778,0.0,1,2,-0.2305858682850839,0.765625,licit_02433
0,0.021021021021021023,0.0,1,1,0.0,0.7567567567567568,licit_02434
6,0.009550396708786366,0.0,1,3,0.06854360891062229,0.7831325301204819,licit_02435
4,0.011888111888111888,0.0,1,2,-0.19099656157456293,0.7727272727272727,licit_02436
2,0.05,0.0,1,1,-0.350823207722812,0.75,licit_02437
4,0.010450450450450451,0.0,1,2,-0.23244424421478488,0.7733333333333333,licit_02438
0,0.08888888888888889,0.0,1,1,-0.5773502691896257,0.8,licit_02439
1,0.043859649122807015,0.0,1,1,0.0,0.7894736842105263,licit_02441
7,0.011594202898550725,0.0,1,4,-0.19845557534273278,0.8,licit_02442
11,0.02620967741935484,0.0,1,3,-0.3163433252262558,0.8125,licit_02443
0,0.08888888888888889,0.0,1,1,0.0,0.8,licit_02444
2,0.00429352068696331,0.0,1,3,-0.1517681751442267,0.7814207650273224,licit_02445
6,0.011082693947144074,0.0,1,2,0.0,0.7536231884057971,licit_02447
2,0.03260869565217391,0.0,1,2,-0.285714285714286,0.75,licit_02448
6,0.006059925934238581,0.0,1,4,-0.17919467183467672,0.8059701492537313,licit_02449
5,0.039473684210526314,0.0,1,1,-0.4082482904638637,0.75,licit_02451
13,0.004055468341182627,0.0,1,4,-0.19423930934595537,0.7908163265306123,licit_02454
4,0.018617021276595744,0.0,1,4,-0.13195898703054137,0.875,licit_02455
3,0.00938375350140056,0.0,1,3,-0.3341853895957218,0.788235294117647,licit_02456
4,0.010273972602739725,0.0,1,1,2.862861425884088e-08,0.7397260273972602,licit_02457
2,0.031746031746031744,0.0,1,2,-0.5603155257282216,0.8571428571428571,licit_02458
4,0.014814814814814815,0.0,1,4,-0.1900886495040662,0.8,licit_02459
20,0.004819277108433735,0.0,1,5,-0.09886631976491585,0.7951807228915663,licit_02460
0,0.3333333333333333,0.0,1,1,0.0,0.6666666666666666,licit_02461
1,0.020242914979757085,0.0,1,1,-0.3522360916804569,0.7692307692307693,licit_02462
6,0.024193548387096774,0.0,1,2,-0.30151134457776485,0.75,licit_02464
1,0.039473684210526314,0.0,1,1,0.0,0.75,licit_02466
0,0.09722222222222222,0.0,1,1,-0.7302967433402202,0.7777777777777778,licit_02467
0,0.029914529914529916,0.0,1,2,-0.3818813079129862,0.7777777777777778,licit_02468
3,0.009036144578313253,0.0,1,2,-0.15769810810335969,0.75,licit_02469
0,0.023185483870967742,0.0,1,1,-0.16592756472478107,0.71875,licit_02470
0,0.08888888888888889,0.0,1,2,0.0,0.8,licit_02471
2,0.018038852913968548,0.0,1,3,-0.2510060402820302,0.8297872340425532,licit_02473
0,0.07272727272727272,0.0,1,1,0.0,0.7272727272727273,licit_02474
0,0.2,0.0,1,1,0.0,0.8,licit_02475
8,0.001358154782812317,0.0,1,4,-0.20922015416208328,0.7931623931623931,licit_02476
0,0.049019607843137254,0.0,1,1,0.0,0.8333333333333334,licit_02477
0,0.08888888888888889,0.0,1,1,0.0,0.8,licit_02478
1,0.027093596059113302,0.0,1,3,0.0,0.7586206896551724,licit_02480
0,0.051470588235294115,0.0,1,2,-0.39886201760873347,0.8235294117647058,licit_02483
1,0.06043956043956044,0.0,1,2,0.13363062095621214,0.7857142857142857,licit_02486
0,0.03166666666666667,0.0,1,1,0.0,0.76,licit_02487
2,0.014519056261343012,0.0,1,2,-0.2791017643780255,0.8275862068965517,licit_02488
3,0.02620967741935484,0.0,1,3,-0.330461110351196,0.8125,licit_02489
0,0.2,0.0,1,1,-1.0,0.8,licit_02490
0,0.06818181818181818,0.0,1,1,0.0,0.75,licit_02491
7,0.09722222222222222,0.0,1,1,-0.7302967433402202,0.7777777777777778,licit_02492
0,0.25,0.0,1,1,0.0,0.75,licit_02494
2,0.04779411764705882,0.0,1,1,-0.4103049699311103,0.7647058823529411,licit_02495
1,0.09722222222222222,0.0,1,1,-0.5477225575051675,0.7777777777777778,licit_02496
0,0.10714285714285714,0.0,1,2,0.0,0.75,licit_02497
1,0.010701754385964912,0.0,1,3,-0.2674824248220819,0.8026315789473685,licit_02499
4,0.021021021021021023,0.0,1,2,-0.4714045207910314,0.7567567567567568,licit_02501
2,0.05714285714285714,0.0,1,2,-0.1924500897298751,0.8,licit_02502
0,0.16666666666666666,0.0,1,1,0.0,0.8333333333333334,licit_02503
3,0.02721774193548387,0.0,1,3,-0.3269925506140909,0.84375,licit_02504
55,0.07272727272727272,0.0,1,1,0.0,0.7272727272727273,licit_02506
1,0.05,0.0,1,1,-0.4472135954999566,0.75,licit_02508
5,0.014705882352941176,0.0,1,2,-0.3947710169758626,0.75,licit_02509
0,0.03804347826086957,0.0,1,2,-0.5771244655125498,0.875,licit_02510
2,0.3333333333333333,0.0,1,1,0.0,0.6666666666666666,licit_02511
1,0.014821536600120993,0.0,1,3,-0.21960748893335072,0.8448275862068966,licit_02512
0,0.03166666666666667,0.0,1,1,-0.28357887248056507,0.76,licit_02513
3,0.039473684210526314,0.0,1,1,0.0,0.75,licit_02514
1,0.021021021021021023,0.0,1,2,-0.34426518632954783,0.7567567567567568,licit_02515
15,0.02142857142857143,0.0,1,2,-0.03846153846153921,0.75,licit_02516
0,0.3333333333333333,0.0,1,1,0.0,0.6666666666666666,licit_02521
0,0.09722222222222222,0.0,1,1,0.0,0.7777777777777778,licit_02522
0,0.0367965367965368,0.0,1,2,-0.10041067934611839,0.7727272727272727,licit_02523
14,0.008838987099856666,0.0,1,4,-0.2304010600963978,0.8043478260869565,licit_02524
6,0.026436781609195402,0.0,1,1,-0.3726982169708641,0.7666666666666667,licit_02525
1,0.010450450450450451,0.0,1,3,0.05040102351405666,0.7733333333333333,licit_02527
10,0.003543401665598975,0.0,1,2,-0.3057256404176413,0.7901785714285714,licit_02528
0,0.04779411764705882,0.0,1,1,-0.49097312954577244,0.7647058823529411,licit_02531
1,0.0226890756302521,0.0,1,3,-0.23278397013863925,0.7714285714285715,licit_02532
4,0.01937984496124031,0.0,1,2,-0.30220608225522766,0.813953488372093,licit_02534
0,0.026881720430107527,0.0,1,3,-0.08656856351914499,0.8064516129032258,licit_02535
6,0.018272425249169437,0.0,1,2,0.0,0.7674418604651163,licit_02536
4,0.0061356183222257485,0.0,1,5,-0.10332387185676283,0.8405797101449275,licit_02537
1,0.020512820512820513,0.0,1,1,-0.39985806374856225,0.8,licit_02538
0,0.029914529914529916,0.0,1,1,-0.32963425737213087,0.7777777777777778,licit_02539
1,0.10714285714285714,0.0,1,1,0.0,0.75,licit_02540
0,0.08888888888888889,0.0,1,1,-0.6666666666666666,0.8,licit_02541
1,0.10714285714285714,0.0,1,1,0.0,0.75,licit_02542
0,0.06593406593406594,0.0,1,1,-0.7460038465922498,0.8571428571428571,licit_02543
0,0.25,0.0,1,1,0.0,0.75,licit_02544
1,0.018902439024390243,0.0,1,1,0.0,0.7560975609756098,licit_02545
3,0.02462121212121212,0.0,1,1,-0.29408584883752426,0.7878787878787878,licit_02546
0,0.3333333333333333,0.0,1,1,0.0,0.6666666666666666,licit_02547
3,0.009165526675786594,0.0,1,3,-0.2389222161636708,0.7790697674418605,licit_02548
15,0.008547008547008548,0.0,1,2,0.0,0.7692307692307693,licit_02549
5,0.009488139825218476,0.0,1,6,-0.12289846573300793,0.8444444444444444,licit_02550
1,0.125,0.0,1,1,-0.9999999999999994,0.875,licit_02551
1,0.021592442645074223,0.0,1,3,-0.21053798026662973,0.8205128205128205,licit_02552
1,0.010526315789473684,0.0,1,2,-0.19331232915454613,0.7894736842105263,licit_02553
1,0.020917678812415654,0.0,1,2,-0.256334359437826,0.7948717948717948,licit_02554
2,0.05,0.0,1,1,0.0,0.75,licit_02555
0,0.06818181818181818,0.0,1,1,0.0,0.75,licit_02556
0,0.3333333333333333,0.0,1,1,0.0,0.6666666666666666,licit_02557
0,0.037549407114624504,0.0,1,1,-0.5355695416036624,0.8260869565217391,licit_02558
1,0.09722222222222222,0.0,1,1,0.0,0.7777777777777778,licit_02560
0,0.25,0.0,1,1,0.0,0.75,licit_02563
5,0.0019814080959964448,0.0,1,4,-0.21543582354440827,0.7965260545905707,licit_02564
16,0.03166666666666667,0.0,1,2,-0.36155076303109157,0.76,licit_02566
2,0.003288807933616677,0.0,1,4,-0.23727681509647847,0.7991803278688525,licit_02568
0,0.13333333333333333,0.0,1,1,0.0,0.6666666666666666,licit_02569
1,0.011194029850746268,0.0,1,2,-0.2285774761532023,0.75,licit_02570
7,0.11904761904761904,0.0,1,1,0.0,0.7142857142857143,licit_02571
9,0.003836135448733128,0.0,1,2,-0.27505591195567064,0.7864077669902912,licit_02572
1,0.027586206896551724,0.0,1,2,-0.4583492485141054,0.8,licit_02575
0,0.14285714285714285,0.0,1,1,0.0,0.8571428571428571,licit_02576
4,0.0038322185061315495,0.0,1,3,-0.273934792923516,0.7932692307692307,licit_02577
0,0.16666666666666666,0.0,1,1,-0.9999999999999991,0.8333333333333334,licit_02579
1,0.021848739495798318,0.0,1,1,-0.21166687833365141,0.7428571428571429,licit_02580
4,0.01607843137254902,0.0,1,4,-0.20351910397302225,0.803921568627451,licit_02581
2,0.015151515151515152,0.0,1,4,-0.014858769930993604,0.8181818181818182,licit_02582
43,0.002446202652601001,0.0,1,4,-0.23436125291634616,0.7901234567901234,licit_02583
5,0.013484928609201481,0.0,1,2,-0.3162062245000109,0.8225806451612904,licit_02584
1,0.014026884862653419,0.0,1,3,-0.21007290795078268,0.8135593220338984,licit_02585
1,0.09722222222222222,0.0,1,2,0.2999999999999991,0.7777777777777778,licit_02587
2,0.012071992976294996,0.0,1,3,-0.31169300986599896,0.8088235294117647,licit_02588
2,0.012259615384615384,0.0,1,3,-0.1036984841439251,0.7846153846153846,licit_02590
1,0.00787878787878788,0.0,1,3,-0.15778615430214235,0.78,licit_02591
7,0.016400709219858155,0.0,1,3,0.0335389235452766,0.7708333333333334,licit_02592
0,0.018902439024390243,0.0,1,1,-0.3073749909238267,0.7560975609756098,licit_02593
2,0.021592442645074223,0.0,1,2,-0.21081851067789195,0.8205128205128205,licit_02594
0,0.07272727272727272,0.0,1,1,-0.3333333333333333,0.7272727272727273,licit_02595
1,0.009722222222222222,0.0,1,2,-0.23886349406422064,0.7777777777777778,licit_02596
2,0.02275960170697013,0.0,1,3,-0.3290725908572088,0.8421052631578947,licit_02597
1,0.08181818181818182,0.0,1,2,-0.23759548165574715,0.8181818181818182,licit_02598
0,0.16666666666666666,0.0,1,1,0.0,0.8333333333333334,licit_02599
2,0.027777777777777776,0.0,1,1,-0.2848978279183064,0.75,licit_02600
0,0.14285714285714285,0.0,1,1,0.0,0.8571428571428571,licit_02602
0,0.13333333333333333,0.0,1,1,0.0,0.6666666666666666,licit_02603
9,0.004499178981937603,0.0,1,3,-0.2352953552508261,0.7828571428571428,licit_02604
2,0.01056338028169014,0.0,1,2,-0.33429628913150755,0.75,licit_02605
3,0.05,0.0,1,1,0.0,0.75,licit_02606
0,0.2,0.0,1,1,-1.0,0.8,licit_02607
4,0.009243697478991597,0.0,1,3,-0.25068960674749824,0.7764705882352941,licit_02609
2,0.02142857142857143,0.0,1,1,-0.2626128657194466,0.75,licit_02610
1,0.016156462585034014,0.0,1,3,-0.13013088159929953,0.7755102040816326,licit_02611
1,0.026881720430107527,0.0,1,2,-0.3563483225498995,0.8064516129032258,licit_02612
1,0.03076923076923077,0.0,1,1,-0.2682265995890743,0.7692307692307693,licit_02613
0,0.051470588235294115,0.0,1,1,0.0,0.8235294117647058,licit_02614
5,0.002936586749893602,0.0,1,2,-0.24003712294846866,0.7781954887218046,licit_02615
4,0.03571428571428571,0.0,1,1,0.0,0.7142857142857143,licit_02617
0,0.25,0.0,1,1,0.0,0.75,licit_02618
1,0.3333333333333333,0.0,1,1,0.0,0.6666666666666666,licit_02619
0,0.07575757575757576,0.0,1,2,0.0,0.8333333333333334,licit_02620
1,0.04678362573099415,0.0,1,3,-0.1690308509457033,0.8421052631578947,licit_02622
6,0.00361476345495286,0.0,1,3,-0.21280252304265118,0.7844036697247706,licit_02623
0,0.07575757575757576,0.0,1,1,-0.60009919814898,0.8333333333333334,licit_02624
1,0.02177177177177177,0.0,1,2,-0.13394234586935133,0.7837837837837838,licit_02625
1,0.13333333333333333,0.0,1,1,0.0,0.6666666666666666,licit_02626
0,0.04779411764705882,0.0,1,2,0.0,0.7647058823529411,licit_02627
0,0.13333333333333333,0.0,1,1,0.0,0.6666666666666666,licit_02628
0,0.09722222222222222,0.0,1,1,0.0,0.7777777777777778,licit_02629
0,0.0641025641025641,0.0,1,1,0.0,0.7692307692307693,licit_02630
0,0.07051282051282051,0.0,1,2,-0.41697519441472874,0.8461538461538461,licit_02631
1,0.025806451612903226,0.0,1,2,-0.18333969940564215,0.7741935483870968,licit_02632
6,0.015510204081632653,0.0,1,2,-0.24341127098176565,0.76,licit_02633
0,0.023529411764705882,0.0,1,3,-0.3553982586789754,0.8,licit_02634
1,0.0367965367965368,0.0,1,1,-0.375652742008357,0.7727272727272727,licit_02635
0,0.023185483870967742,0.0,1,1,-0.27258651025455455,0.71875,licit_02637
2,0.017970401691331923,0.0,1,3,-0.2542375899365644,0.7727272727272727,licit_02638
3,0.021021021021021023,0.0,1,1,-0.3202563076101736,0.7567567567567568,licit_02639
0,0.13333333333333333,0.0,1,1,0.0,0.6666666666666666,licit_02640
1,0.021848739495798318,0.0,1,1,0.0,0.7428571428571429,licit_02642
0,0.25,0.0,1,1,0.0,0.75,licit_02643
5,0.008174692049272117,0.0,1,2,-0.21833151580486715,0.7684210526315789,licit_02644
4,0.0077654824305960005,0.0,1,2,-0.24427053898250908,0.7843137254901961,licit_02645
0,0.11904761904761904,0.0,1,1,0.0,0.7142857142857143,licit_02646
0,0.08181818181818182,0.0,1,1,-0.6324555320336753,0.8181818181818182,licit_02648
1,0.25,0.0,1,1,0.0,0.75,licit_02650
3,0.0641025641025641,0.0,1,1,0.0,0.7692307692307693,licit_02652
8,0.00653968253968254,0.0,1,3,-0.2844457432345835,0.8174603174603174,licit_02653
1,0.010630630630630631,0.0,1,2,-0.30536126939444924,0.7866666666666666,licit_02655
0,0.023674242424242424,0.0,1,2,-0.25716910022677975,0.7575757575757576,licit_02657
4,0.01916376306620209,0.0,1,1,-0.41600242038476126,0.7857142857142857,licit_02658
6,0.018501387604070305,0.0,1,4,-0.18049871809528897,0.851063829787234,licit_02659
2,0.03230769230769231,0.0,1,2,-0.22380671446201733,0.8076923076923077,licit_02660
3,0.011888111888111888,0.0,1,2,-0.29287627418170376,0.7727272727272727,licit_02661
14,0.008174692049272117,0.0,1,2,-0.2474938171251832,0.7684210526315789,licit_02663
10,0.004613646349883874,0.0,1,3,-0.31879135552308696,0.8212290502793296,licit_02666
0,0.058333333333333334,0.0,1,2,-0.6570718537973088,0.875,licit_02667
0,0.051470588235294115,0.0,1,1,-0.4955946277833532,0.8235294117647058,licit_02669
3,0.015294117647058824,0.0,1,2,-0.265991451424428,0.7647058823529411,licit_02670
1,0.0380952380952381,0.0,1,1,0.0,0.7619047619047619,licit_02671
1,0.029556650246305417,0.0,1,2,-0.38138503569823606,0.8275862068965517,licit_02672
0,0.06818181818181818,0.0,1,1,-0.3779644730092288,0.75,licit_02673
2,0.05238095238095238,0.0,1,1,0.0,0.7333333333333333,licit_02674
3,0.01583710407239819,0.0,1,1,-0.39916894872335656,0.8076923076923077,licit_02677
0,0.0457516339869281,0.0,1,1,2.7236571722251584e-08,0.7777777777777778,licit_02678
1,0.05,0.0,1,1,-0.350823207722812,0.75,licit_02679
0,0.02406417112299465,0.0,1,2,-0.3316011993822137,0.7941176470588235,licit_02680
1,0.054945054945054944,0.0,1,1,0.0,0.7142857142857143,licit_02681
0,0.10714285714285714,0.0,1,1,0.0,0.75,licit_02682
1,0.06818181818181818,0.0,1,1,-0.3779644730092288,0.75,licit_02683
2,0.07272727272727272,0.0,1,1,0.0,0.7272727272727273,licit_02684
5,0.003482025221155656,0.0,1,4,-0.23839661583238647,0.8008658008658008,licit_02685
6,0.024193548387096774,0.0,1,2,-0.20412414523193304,0.75,licit_02687
2,0.005169599129330673,0.0,1,3,-0.12354556256712398,0.7651006711409396,licit_02688
6,0.07272727272727272,0.0,1,1,0.0,0.7272727272727273,licit_02689
2,0.003537638831756479,0.0,1,3,-0.2652811811291368,0.7782805429864253,licit_02691
2,0.14285714285714285,0.0,1,1,0.0,0.8571428571428571,licit_02693
1,0.07272727272727272,0.0,1,1,-0.3333333333333333,0.7272727272727273,licit_02697
1,0.06818181818181818,0.0,1,1,-0.37796447300922864,0.75,licit_02698
0,0.25,0.0,1,1,0.0,0.75,licit_02699
6,0.01642512077294686,0.0,1,2,0.0,0.7391304347826086,licit_02700
1,0.03896103896103896,0.0,1,2,-0.3891761301625988,0.8181818181818182,licit_02701
4,0.005031446540880503,0.0,1,3,-0.18126123229744145,0.8,licit_02702
0,0.03333333333333333,0.0,1,2,-0.3429971702850175,0.8,licit_02703
0,0.03333333333333333,0.0,1,1,-0.5778317957697335,0.8,licit_02704
0,0.07575757575757576,0.0,1,2,0.0,0.8333333333333334,licit_02705
0,0.16666666666666666,0.0,1,1,0.0,0.8333333333333334,licit_02706
0,0.09722222222222222,0.0,1,1,0.0,0.7777777777777778,licit_02707
0,0.11904761904761904,0.0,1,1,0.0,0.7142857142857143,licit_02709
0,0.023674242424242424,0.0,1,1,0.0,0.7575757575757576,licit_02710
1,0.03333333333333333,0.0,1,3,0.0,0.8,licit_02711
8,0.012663952962460425,0.0,1,3,-0.42185545716343165,0.835820895522388,licit_02712
0,0.25,0.0,1,1,0.0,0.75,licit_02713
0,0.0380952380952381,0.0,1,2,0.0,0.7619047619047619,licit_02714
3,0.004761561214919559,0.0,1,3,-0.2509899399041912,0.7904191616766467,licit_02715
0,0.03684210526315789,0.0,1,1,0.0,0.7,licit_02716
0,0.04473684210526316,0.0,1,3,-0.13821473814378774,0.85,licit_02717
1,0.0457516339869281,0.0,1,1,-0.4830458915396473,0.7777777777777778,licit_02718
1,0.05238095238095238,0.0,1,1,0.0,0.7333333333333333,licit_02719
3,0.018583042973286876,0.0,1,3,0.017167540087486825,0.7619047619047619,licit_02720
7,0.014724310776942355,0.0,1,3,-0.24832754624384903,0.8245614035087719,licit_02721
10,0.009844255069056715,0.0,1,4,-0.11714070610024091,0.8072289156626506,licit_02722
3,0.0036157233466650508,0.0,1,3,-0.23630387482474047,0.8026905829596412,licit_02724
0,0.08888888888888889,0.0,1,1,0.0,0.8,licit_02725
1,0.0031707481616406936,0.0,1,3,-0.26176122976006105,0.7704918032786885,licit_02726
2,0.008552631578947369,0.0,1,4,-0.22029032814791358,0.8125,licit_02727
0,0.10714285714285714,0.0,1,1,0.0,0.75,licit_02729
1,0.020512820512820513,0.0,1,3,0.0,0.8,licit_02730
1,0.023529411764705882,0.0,1,1,0.0,0.8,licit_02731
2,0.02275960170697013,0.0,1,1,-0.5519039738974542,0.8421052631578947,licit_02732
3,0.03230769230769231,0.0,1,3,-0.007237640971393535,0.8076923076923077,licit_02733
0,0.10714285714285714,0.0,1,1,0.0,0.75,licit_02735
2,0.16666666666666666,0.0,1,1,0.0,0.8333333333333334,licit_02736
6,0.021337126600284494,0.0,1,2,-0.25353624352472115,0.7894736842105263,licit_02737
0,0.09722222222222222,0.0,1,1,-0.7302967433402245,0.7777777777777778,licit_02739
4,0.03230769230769231,0.0,1,1,-0.4928328829069578,0.8076923076923077,licit_02740
0,0.2,0.0,1,1,0.0,0.8,licit_02741
3,0.0026965755876387065,0.0,1,3,-0.19215932260226215,0.7793103448275862,licit_02742
1,0.027777777777777776,0.0,1,1,0.0,0.75,licit_02743
2,0.013056835637480798,0.0,1,4,-0.18213015171329874,0.8095238095238095,licit_02744
1,0.03260869565217391,0.0,1,1,-0.478091443733757,0.75,licit_02745
0,0.05714285714285714,0.0,1,1,-0.5547001962252289,0.8,licit_02746
0,0.07777777777777778,0.0,1,1,0.0,0.7,licit_02747
2,0.008891928864569083,0.0,1,2,-0.257037630817964,0.7558139534883721,licit_02748
1,0.011985526910900044,0.0,1,2,-0.34668362796775,0.7910447761194029,licit_02749
0,0.25,0.0,1,1,0.0,0.75,licit_02750
3,0.003880597014925373,0.0,1,3,-0.1666391162564688,0.7761194029850746,licit_02752
0,0.06818181818181818,0.0,1,1,-0.478091443733757,0.75,licit_02753
0,0.3333333333333333,0.0,1,1,0.0,0.6666666666666666,licit_02754
3,0.0457516339869281,0.0,1,1,0.0,0.7777777777777778,licit_02755
5,0.027777777777777776,0.0,1,1,0.0,0.75,licit_02756
4,0.006003815508921558,0.0,1,3,-0.24018705120557013,0.7985074626865671,licit_02759
1,0.02032520325203252,0.0,1,3,-0.046533418676475424,0.8333333333333334,licit_02761
9,0.06043956043956044,0.0,1,1,-0.4303314829119346,0.7857142857142857,licit_02762
1,0.016400709219858155,0.0,1,2,-0.14313043057014294,0.7708333333333334,licit_02763
0,0.07777777777777778,0.0,1,1,0.0,0.7,licit_02764
2,0.0125,0.0,1,2,-0.32268981837488636,0.8,licit_02765
1,0.0457516339869281,0.0,1,2,-0.47140452079103096,0.7777777777777778,licit_02766
7,0.02832512315270936,0.0,1,2,-0.3243418483782191,0.7931034482758621,licit_02767
2,0.012072434607645875,0.0,1,3,-0.3318473697242297,0.8450704225352113,licit_02768
0,0.09722222222222222,0.0,1,1,0.0,0.7777777777777778,licit_02769
6,0.026881720430107527,0.0,1,1,-0.6859943405700356,0.8064516129032258,licit_02771
2,0.022048364153627313,0.0,1,2,-0.2929442379201403,0.8157894736842105,licit_02773
1,0.03276353276353276,0.0,1,3,-0.6370889678382253,0.8518518518518519,licit_02774
12,0.005358307706644302,0.0,1,4,-0.2829577166530754,0.782312925170068,licit_02777
1,0.0367965367965368,0.0,1,1,-0.4260064336151284,0.7727272727272727,licit_02778
0,0.008891928864569083,0.0,1,2,-0.18891902135185526,0.7558139534883721,licit_02779
0,0.25,0.0,1,1,0.0,0.75,licit_02780
45,0.0016956468121839931,0.0,1,6,-0.12894229081618547,0.8071278825995807,licit_02781
3,0.010526315789473684,0.0,1,3,-0.26026301914714367,0.7894736842105263,licit_02782
2,0.012354312354312355,0.0,1,3,-0.14156188191555188,0.803030303030303,licit_02783
2,0.019744483159117306,0.0,1,2,-0.2586853914003595,0.8095238095238095,licit_02784
1,0.08333333333333333,0.0,1,1,0.0,0.6666666666666666,licit_02786
1,0.11904761904761904,0.0,1,1,0.0,0.7142857142857143,licit_02787
0,0.09722222222222222,0.0,1,1,0.0,0.7777777777777778,licit_02789
3,0.008891928864569083,0.0,1,2,-0.16225248177654084,0.7558139534883721,licit_02790
0,0.11904761904761904,0.0,1,1,0.0,0.7142857142857143,licit_02791
4,0.037549407114624504,0.0,1,3,2.7762402352880642e-08,0.8260869565217391,licit_02792
1,0.03166666666666667,0.0,1,1,0.0,0.76,licit_02793
3,0.027093596059113302,0.0,1,3,0.0,0.7586206896551724,licit_02794
0,0.16666666666666666,0.0,1,1,0.0,0.8333333333333334,licit_02795
3,0.16666666666666666,0.0,1,2,0.0,0.8333333333333334,licit_02796
1,0.008245722531436817,0.0,1,3,-0.3003124875651853,0.8080808080808081,licit_02797
1,0.014901960784313726,0.0,1,1,-0.25232315145044,0.7450980392156863,licit_02798
3,0.0641025641025641,0.0,1,1,-0.5345224838248478,0.7692307692307693,licit_02799
0,0.3333333333333333,0.0,1,1,0.0,0.6666666666666666,licit_02800
4,0.008376288659793814,0.0,1,2,-0.32587196703114435,0.8041237113402062,licit_02801
9,0.011985526910900044,0.0,1,3,0.03165679051263155,0.7910447761194029,licit_02804
2,0.07777777777777778,0.0,1,1,0.0,0.7,licit_02805
9,0.011594202898550725,0.0,1,3,-0.27566543748612155,0.8,licit_02806
1,0.019556025369978858,0.0,1,3,-0.36142706495928795,0.8409090909090909,licit_02807
6,0.026881720430107527,0.0,1,3,-0.08656856351914499,0.8064516129032258,licit_02809
1,0.02832512315270936,0.0,1,2,-0.19751456577539864,0.7931034482758621,licit_02810
4,0.0057490326147042565,0.0,1,2,-0.267797923936049,0.7703703703703704,licit_02812
1,0.005956511681702521,0.0,1,2,-0.22724843205667014,0.7803030303030303,licit_02813
1,0.042105263157894736,0.0,1,2,0.0,0.8,licit_02815
0,0.3333333333333333,0.0,1,1,0.0,0.6666666666666666,licit_02816
9,0.024731182795698924,0.0,1,1,-0.33508312663335643,0.7419354838709677,licit_02817
0,0.026436781609195402,0.0,1,2,-0.24949372952170618,0.7666666666666667,licit_02818
0,0.06818181818181818,0.0,1,1,-0.478091443733757,0.75,licit_02820
1,0.012354312354312355,0.0,1,2,-0.3905370140498323,0.803030303030303,licit_02821
1,0.09722222222222222,0.0,1,1,0.0,0.7777777777777778,licit_02822
4,0.04779411764705882,0.0,1,1,0.0,0.7647058823529411,licit_02823
10,0.0018274273001747973,0.0,1,5,-0.06875948421532868,0.7931034482758621,licit_02825
3,0.006425386834513507,0.0,1,2,-0.23134069792952267,0.7903225806451613,licit_02826
0,0.04285714285714286,0.0,1,3,-0.17960530202677527,0.8571428571428571,licit_02827
1,0.007816711590296496,0.0,1,3,-0.28750997405321305,0.8207547169811321,licit_02828
12,0.04093567251461988,0.0,1,1,0.0,0.7368421052631579,licit_02829
5,0.003255882788219624,0.0,1,3,-0.25078111336164216,0.7553648068669528,licit_02830
2,0.009065372829417773,0.0,1,2,-0.3765430600531891,0.797752808988764,licit_02832
5,0.0020029751030847124,0.0,1,4,-0.241733915740911,0.7831632653061225,licit_02833
1,0.008153756552125802,0.0,1,3,-0.30361493964296016,0.8235294117647058,licit_02835
17,0.015373864430468204,0.0,1,4,-0.1378156924641732,0.8148148148148148,licit_02836
1,0.08888888888888889,0.0,1,1,0.0,0.8,licit_02837
0,0.16666666666666666,0.0,1,1,-0.9999999999999991,0.8333333333333334,licit_02838
2,0.012994350282485875,0.0,1,2,-0.2525136934617808,0.7666666666666667,licit_02839
0,0.02849002849002849,0.0,1,1,-0.2721655269759096,0.7407407407407407,licit_02841
0,0.08888888888888889,0.0,1,1,0.0,0.8,licit_02842
0,0.07777777777777778,0.0,1,1,0.0,0.7,licit_02843
0,0.3333333333333333,0.0,1,1,0.0,0.6666666666666666,licit_02844
0,0.024731182795698924,0.0,1,1,0.0,0.7419354838709677,licit_02845
0,0.25,0.0,1,1,0.0,0.75,licit_02846
5,0.01607843137254902,0.0,1,3,-0.31809849159697623,0.803921568627451,licit_02847
1,0.03133903133903134,0.0,1,2,-0.38100459792893226,0.8148148148148148,licit_02848
4,0.010323010323010324,0.0,1,3,-0.30411071323318756,0.7948717948717948,licit_02850
3,0.022048364153627313,0.0,1,3,-0.21193070823455198,0.8157894736842105,licit_02851
6,0.0013733984699050605,0.0,1,4,-0.22770317473534177,0.7828371278458844,licit_02852
0,0.0641025641025641,0.0,1,1,0.0,0.7692307692307693,licit_02853
0,0.051470588235294115,0.0,1,1,-0.5399687630411975,0.8235294117647058,licit_02854
1,0.021341463414634148,0.0,1,3,-0.34262867390771296,0.8536585365853658,licit_02855
0,0.09722222222222222,0.0,1,1,-0.7302967433402202,0.7777777777777778,licit_02856
0,0.16666666666666666,0.0,1,1,0.0,0.8333333333333334,licit_02857
5,0.006341749853200235,0.0,1,3,-0.35805131509749627,0.8244274809160306,licit_02858
0,0.015602322206095792,0.0,1,3,-0.3120487785968054,0.8113207547169812,licit_02859
3,0.009756749532210639,0.0,1,5,0.05200037736935262,0.8390804597701149,licit_02860
5,0.004246851983844144,0.0,1,3,-0.2697407994894833,0.7771739130434783,licit_02861
8,0.020242914979757085,0.0,1,1,0.0,0.7692307692307693,licit_02863
0,0.11904761904761904,0.0,1,1,0.0,0.7142857142857143,licit_02864
3,0.0036856653942345663,0.0,1,4,-0.252744293204677,0.7850467289719626,licit_02866
7,0.029914529914529916,0.0,1,2,-0.36168006312674156,0.7777777777777778,licit_02867
0,0.16666666666666666,0.0,1,1,-0.9999999999999991,0.8333333333333334,licit_02868
6,0.008881922675026124,0.0,1,3,-0.26163767911316393,0.7727272727272727,licit_02869
1,0.04047619047619048,0.0,1,1,0.0,0.8095238095238095,licit_02870
0,0.06043956043956044,0.0,1,1,-0.5163977794943219,0.7857142857142857,licit_02871
5,0.0034853858383270147,0.0,1,2,-0.2443888533791464,0.7702702702702703,licit_02873
0,0.07272727272727272,0.0,1,1,-0.3333333333333333,0.7272727272727273,licit_02874
2,0.009635651912074676,0.0,1,2,-0.22929161129810932,0.7804878048780488,licit_02875
2,0.004913522012578616,0.0,1,3,-0.28386900337376203,0.78125,licit_02877
2,0.0641025641025641,0.0,1,1,0.0,0.7692307692307693,licit_02878
11,0.00136256880076017,0.0,1,4,-0.22240879621366394,0.7875647668393783,licit_02881
1,0.017431972789115645,0.0,1,3,-0.3021014854624892,0.8367346938775511,licit_02882
0,0.08888888888888889,0.0,1,2,0.0,0.8,licit_02884
1,0.019568151147098516,0.0,1,1,-0.3274524864618559,0.7435897435897436,licit_02885
1,0.25,0.0,1,1,0.0,0.75,licit_02886
3,0.007355486327448944,0.0,1,3,-0.264731926501173,0.7870370370370371,licit_02887
4,0.02556818181818182,0.0,1,3,0.0,0.8181818181818182,licit_02888
11,0.0027562343395776162,0.0,1,3,-0.30558174346893135,0.7965517241379311,licit_02889
1,0.010061668289516391,0.0,1,2,-0.24477639204335944,0.7848101265822784,licit_02890
2,0.11904761904761904,0.0,1,1,0.0,0.7142857142857143,licit_02891
2,0.02252252252252252,0.0,1,1,-0.3303485107305672,0.8108108108108109,licit_02892
2,0.025210084033613446,0.0,1,3,-0.39702403730695524,0.8571428571428571,licit_02893
2,0.034420289855072464,0.0,1,2,0.23134069792952253,0.7916666666666666,licit_02894
1,0.06818181818181818,0.0,1,1,-0.478091443733757,0.75,licit_02895
13,0.02528735632183908,0.0,1,2,0.09053574604251856,0.7333333333333333,licit_02896
2,0.014026884862653419,0.0,1,3,-0.2318072165603981,0.8135593220338984,licit_02897
0,0.09722222222222222,0.0,1,1,-0.7302967433402202,0.7777777777777778,licit_02898
0,0.036231884057971016,0.0,1,2,-0.5054502643838307,0.8333333333333334,licit_02899
0,0.10714285714285714,0.0,1,1,-0.4999999999999998,0.75,licit_02903
3,0.017970401691331923,0.0,1,1,-0.44015019451568305,0.7727272727272727,licit_02905
1,0.017391304347826087,0.0,1,2,-0.36772425309250434,0.782608695652174,licit_02907
7,0.025201612903225805,0.0,1,2,-0.3730019232961266,0.78125,licit_02908
0,0.03557312252964427,0.0,1,2,-0.13803940759355746,0.782608695652174,licit_02910
0,0.0641025641025641,0.0,1,1,0.0,0.7692307692307693,licit_02911
0,0.09722222222222222,0.0,1,1,0.0,0.7777777777777778,licit_02912
3,0.022727272727272728,0.0,1,1,0.0,0.7272727272727273,licit_02913
0,0.11904761904761904,0.0,1,1,0.0,0.7142857142857143,licit_02914
0,0.054945054945054944,0.0,1,1,0.0,0.7142857142857143,licit_02915
0,0.3333333333333333,0.0,1,1,0.0,0.6666666666666666,licit_02916
1,0.03557312252964427,0.0,1,2,-0.15309310892394903,0.782608695652174,licit_02917
1,0.018583042973286876,0.0,1,1,-0.24253562503633297,0.7619047619047619,licit_02918
4,0.004050702672912648,0.0,1,4,-0.20292589040273634,0.7696335078534031,licit_02919
5,0.024193548387096774,0.0,1,1,-0.292508969650853,0.75,licit_02921
0,0.25,0.0,1,1,0.0,0.75,licit_02923
1,0.2,0.0,1,1,-1.0,0.8,licit_02924
2,0.009355787222667736,0.0,1,3,-0.3223601902500698,0.8045977011494253,licit_02925
2,0.006704980842911878,0.0,1,2,-0.299618747438793,0.7777777777777778,licit_02926
0,0.25,0.0,1,1,0.0,0.75,licit_02927
0,0.3333333333333333,0.0,1,1,0.0,0.6666666666666666,licit_02929
0,0.042105263157894736,0.0,1,1,0.0,0.8,licit_02932
0,0.25,0.0,1,1,0.0,0.75,licit_02933
4,0.012980769230769231,0.0,1,4,-0.07713952415413747,0.8307692307692308,licit_02934
0,0.3333333333333333,0.0,1,1,0.0,0.6666666666666666,licit_02935
3,0.05,0.0,1,1,0.0,0.75,licit_02936
2,0.3333333333333333,0.0,1,1,0.0,0.6666666666666666,licit_02937
2,0.11904761904761904,0.0,1,1,0.0,0.7142857142857143,licit_02939
0,0.03076923076923077,0.0,1,3,-0.2832205920185104,0.7692307692307693,licit_02940
1,0.029914529914529916,0.0,1,2,-0.3818813079129862,0.7777777777777778,licit_02941
1,0.03,0.0,1,1,1.7171083679736613e-08,0.72,licit_02942
1,0.02142857142857143,0.0,1,1,0.0,0.75,licit_02944
2,0.036231884057971016,0.0,1,3,-0.030556616567606554,0.8333333333333334,licit_02946
0,0.25,0.0,1,1,0.0,0.75,licit_02947
0,0.125,0.0,1,2,0.27116307227332004,0.875,licit_02948
4,0.005827886710239652,0.0,1,3,-0.14057490053809918,0.7867647058823529,licit_02949
0,0.3333333333333333,0.0,1,1,0.0,0.6666666666666666,licit_02950
2,0.042105263157894736,0.0,1,1,-0.4714045207910317,0.8,licit_02951
4,0.003635902422525684,0.0,1,4,-0.30322091489764075,0.7889908256880734,licit_02952
2,0.009651898734177215,0.0,1,2,-0.14715598152575018,0.7625,licit_02954
0,0.0641025641025641,0.0,1,1,0.0,0.7692307692307693,licit_02955
1,0.06818181818181818,0.0,1,2,0.0,0.75,licit_02956
3,0.023529411764705882,0.0,1,2,-0.24223894526163026,0.8,licit_02958
1,0.021337126600284494,0.0,1,2,-0.2661576119732494,0.7894736842105263,licit_02959
0,0.08888888888888889,0.0,1,1,-0.6666666666666666,0.8,licit_02960
2,0.05416666666666667,0.0,1,2,0.0,0.8125,licit_02963
0,0.3333333333333333,0.0,1,1,0.0,0.6666666666666666,licit_02965
1,0.0291005291005291,0.0,1,2,0.0,0.7857142857142857,licit_02967
1,0.020121951219512196,0.0,1,3,-0.27668182999891106,0.8048780487804879,licit_02969
1,0.018826135105204873,0.0,1,1,-0.4909902530309841,0.7906976744186046,licit_02970
8,0.00999000999000999,0.0,1,2,-0.22447892035757694,0.7692307692307693,licit_02971
5,0.013636363636363636,0.0,1,2,-0.14693845341131434,0.75,licit_02972
3,0.0641025641025641,0.0,1,1,-0.5345224838248483,0.7692307692307693,licit_02973
0,0.16666666666666666,0.0,1,1,-0.9999999999999991,0.8333333333333334,licit_02975
0,0.25,0.0,1,1,0.0,0.75,licit_02976
0,0.03230769230769231,0.0,1,3,-0.0412042821715164,0.8076923076923077,licit_02977
3,0.16666666666666666,0.0,1,1,0.0,0.8333333333333334,licit_02979
2,0.008554937126365698,0.0,1,5,-0.169466097789607,0.8383838383838383,licit_02981
0,0.11904761904761904,0.0,1,1,0.0,0.7142857142857143,licit_02982
1,0.03418803418803419,0.0,1,5,-0.23670986879950812,0.8888888888888888,licit_02983
2,0.0042778340650681075,0.0,1,4,-0.2880806821650527,0.8042328042328042,licit_02985
7,0.00243511090136857,0.0,1,3,-0.21696910202286776,0.7914110429447853,licit_02986
2,0.023273273273273273,0.0,1,2,-0.15703459474134315,0.8378378378378378,licit_02987
1,0.037549407114624504,0.0,1,2,-0.354536167723517,0.8260869565217391,licit_02988
3,0.011759384893713252,0.0,1,3,-0.1413138226152473,0.7761194029850746,licit_02989
2,0.0077268643306379154,0.0,1,3,-0.32322612215669944,0.8113207547169812,licit_02990
5,0.08888888888888889,0.0,1,1,-0.6666666666666666,0.8,licit_02992
2,0.06818181818181818,0.0,1,1,-0.3779644730092288,0.75,licit_02993
2,0.02620967741935484,0.0,1,2,-0.313272985058699,0.8125,licit_02994
2,0.023172905525846704,0.0,1,1,-0.30785964799347937,0.7647058823529411,licit_02995
1,0.3333333333333333,0.0,1,1,0.0,0.6666666666666666,licit_02996
3,0.25,0.0,1,1,0.0,0.75,licit_02997
0,0.2,0.0,1,1,-1.0,0.8,licit_02999
9,0.003788775751835188,0.0,1,3,-0.2459381992034911,0.7766990291262136,licit_03000
0,0.09722222222222222,0.0,1,1,0.0,0.7777777777777778,licit_03002
1,0.3333333333333333,0.0,1,1,0.0,0.6666666666666666,licit_03003
5,0.06818181818181818,0.0,1,1,0.0,0.75,licit_03004
1,0.25,0.0,1,1,0.0,0.75,licit_03005
0,0.05238095238095238,0.0,1,1,0.0,0.7333333333333333,licit_03006
0,0.0380952380952381,0.0,1,1,-0.3779644730092272,0.7619047619047619,licit_03007
0,0.09722222222222222,0.0,1,2,0.0,0.7777777777777778,licit_03008
5,0.0013941940412528647,0.0,1,4,-0.1563277578122437,0.7807486631016043,licit_03009
0,0.07272727272727272,0.0,1,1,-0.3333333333333333,0.7272727272727273,licit_03010
2,0.013824884792626729,0.0,1,4,-0.2668067226890761,0.8571428571428571,licit_03011
2,0.024731182795698924,0.0,1,1,-0.22537446792760477,0.7419354838709677,licit_03012
1,0.022048364153627313,0.0,1,4,-0.09307578419910252,0.8157894736842105,licit_03013
1,0.06818181818181818,0.0,1,1,0.0,0.75,licit_03015
0,0.2,0.0,1,1,0.0,0.8,licit_03017
0,0.08888888888888889,0.0,1,1,-0.7745966692414834,0.8,licit_03019
0,0.25,0.0,1,1,0.0,0.75,licit_03020
3,0.13333333333333333,0.0,1,1,0.0,0.6666666666666666,licit_03022
2,0.06593406593406594,0.0,1,3,0.1474419561548971,0.8571428571428571,licit_03025
1,0.022222222222222223,0.0,1,3,2.1828982583758644e-08,0.7777777777777778,licit_03026
2,0.027777777777777776,0.0,1,1,-0.24722569302909814,0.75,licit_03028
0,0.043859649122807015,0.0,1,1,-0.5202048710098838,0.7894736842105263,licit_03029
8,0.013934426229508197,0.0,1,3,-0.2969672963356276,0.8360655737704918,licit_03030
1,0.0457516339869281,0.0,1,1,-0.37463432463267815,0.7777777777777778,licit_03032
11,0.0034364913613062465,0.0,1,3,-0.31278152155909306,0.7869565217391304,licit_03033
1,0.05,0.0,1,1,-0.4472135954999566,0.75,licit_03037
1,0.0367965367965368,0.0,1,1,-0.4310179667522919,0.7727272727272727,licit_03039
0,0.3333333333333333,0.0,1,1,0.0,0.6666666666666666,licit_03041
0,0.07575757575757576,0.0,1,1,-0.7205766921228931,0.8333333333333334,licit_03042
7,0.04093567251461988,0.0,1,1,0.0,0.7368421052631579,licit_03044
3,0.015082956259426848,0.0,1,1,-0.31377752559693883,0.7692307692307693,licit_03045
2,0.021337126600284494,0.0,1,2,-0.2957528252716688,0.7894736842105263,licit_03046
2,0.05,0.0,1,2,0.0,0.75,licit_03048
6,0.004376163873370577,0.0,1,3,-0.2832580122977937,0.7833333333333333,licit_03051
0,0.3333333333333333,0.0,1,1,0.0,0.6666666666666666,licit_03052
4,0.019744483159117306,0.0,1,3,-0.3354002900991856,0.8095238095238095,licit_03054
1,0.07575757575757576,0.0,1,1,0.0,0.8333333333333334,licit_03055
2,0.027586206896551724,0.0,1,2,-0.24892194409350707,0.8,licit_03056
1,0.05416666666666667,0.0,1,1,0.0,0.8125,licit_03057
6,0.021337126600284494,0.0,1,2,2.8530909699466947e-08,0.7894736842105263,licit_03058
0,0.14285714285714285,0.0,1,1,-1.0,0.8571428571428571,licit_03059
1,0.017431972789115645,0.0,1,3,-0.31244452826795704,0.8367346938775511,licit_03061
0,0.05714285714285714,0.0,1,1,-0.5012804118276036,0.8,licit_03062
2,0.06593406593406594,0.0,1,2,-0.6249999999999996,0.8571428571428571,licit_03063
8,0.004538818002920079,0.0,1,5,-0.171620922506674,0.8033707865168539,licit_03064
0,0.042483660130718956,0.0,1,1,0.0,0.7222222222222222,licit_03065
1,0.023172905525846704,0.0,1,3,0.0,0.7647058823529411,licit_03066
7,0.02142857142857143,0.0,1,2,-0.10395011591367093,0.75,licit_03067
1,0.058333333333333334,0.0,1,2,0.0,0.875,licit_03069
5,0.010810810810810811,0.0,1,2,-0.14437470548592965,0.8,licit_03070
1,0.039525691699604744,0.0,1,3,-0.36474444635657427,0.8695652173913043,licit_03073
28,0.00801980198019802,0.0,1,4,-0.16800294022821727,0.801980198019802,licit_03074
0,0.09722222222222222,0.0,1,1,-0.7302967433402202,0.7777777777777778,licit_03075
1,0.0226890756302521,0.0,1,1,0.0,0.7714285714285715,licit_03076
0,0.020625889046941678,0.0,1,2,0.0,0.7631578947368421,licit_03077
1,0.04678362573099415,0.0,1,4,0.07559289460184544,0.8421052631578947,licit_03078
1,0.011267605633802818,0.0,1,2,-0.21059925059706222,0.7887323943661971,licit_03079
4,0.010061668289516391,0.0,1,3,-0.18558912479592127,0.7848101265822784,licit_03080
0,0.0641025641025641,0.0,1,1,-0.5345224838248483,0.7692307692307693,licit_03081
3,0.02275960170697013,0.0,1,4,-0.09759000729485333,0.8421052631578947,licit_03083
2,0.008481532147742818,0.0,1,1,-0.11808198473867819,0.7209302325581395,licit_03086
0,0.023172905525846704,0.0,1,1,-0.257855311564699,0.7647058823529411,licit_03087
7,0.005459770114942529,0.0,1,3,-0.1963175943564704,0.7862068965517242,licit_03089
0,0.07777777777777778,0.0,1,1,0.0,0.7,licit_03090
0,0.10714285714285714,0.0,1,1,0.0,0.75,licit_03091
15,0.0020752165588892907,0.0,1,4,-0.21165479805988635,0.8010335917312662,licit_03092
2,0.003926254694434961,0.0,1,4,-0.22507511089589377,0.7931034482758621,licit_03093
6,0.020512820512820513,0.0,1,3,-0.13478996693836334,0.8,licit_03094
0,0.03166666666666667,0.0,1,2,-0.44038550605054455,0.76,licit_03095
0,0.0641025641025641,0.0,1,1,-0.4588314677411242,0.7692307692307693,licit_03096
0,0.10714285714285714,0.0,1,1,-0.4999999999999998,0.75,licit_03097
0,0.043859649122807015,0.0,1,3,0.34934558995416526,0.7894736842105263,licit_03098
0,0.25,0.0,1,1,0.0,0.75,licit_03099
1,0.06818181818181818,0.0,1,1,0.0,0.75,licit_03101
6,0.11904761904761904,0.0,1,1,0.0,0.7142857142857143,licit_03102
0,0.2,0.0,1,1,0.0,0.8,licit_03103
0,0.2,0.0,1,1,0.0,0.8,licit_03104
3,0.006516129032258064,0.0,1,3,-0.2574362544993523,0.808,licit_03105
0,0.04411764705882353,0.0,1,1,0.0,0.7058823529411765,licit_03106
1,0.11904761904761904,0.0,1,1,0.0,0.7142857142857143,licit_03107
30,0.00261437908496732,0.0,1,3,-0.2037977495293712,0.7973856209150327,licit_03108
2,0.02537593984962406,0.0,1,1,-0.8145602728337681,1.4210526315789473,mix_0002
14,0.023553507424475168,0.0,1,1,-0.862882443459904,1.4603174603174602,mix_0003
3,0.024822695035460994,0.0,1,1,-0.7906379783668879,1.1666666666666667,mix_0004
4,0.028012684989429177,0.0,1,1,-0.7788811078513861,1.2045454545454546,mix_0005
4,0.03931451612903226,0.0,1,1,-0.6553457195678329,1.21875,mix_0006
3,0.014856429463171035,0.0,1,1,-0.8306285335875008,1.3222222222222222,mix_0007
11,0.03598484848484849,0.0,1,1,-0.7272727272727271,1.1515151515151516,mix_0008
0,0.05714285714285714,0.0,1,1,-0.6,1.1428571428571428,mix_0009
3,0.03353658536585366,0.0,1,1,-0.7951314318873863,1.3414634146341464,mix_0010
4,0.05847953216374269,0.0,1,1,-0.60075140918611,1.0526315789473684,mix_0011
12,0.01945724526369688,0.0,1,1,-0.8536585365853662,1.2063492063492063,mix_0014
16,0.02058531746031746,0.0,1,1,-0.7563314525670876,1.296875,mix_0015
3,0.021778584392014518,0.0,1,1,-0.8540494673879772,1.2413793103448276,mix_0016
4,0.032005689900426744,0.0,1,1,-0.7550570949781961,1.1842105263157894,mix_0018
4,0.02431372549019608,0.0,1,1,-0.7785802813898147,1.2156862745098038,mix_0021
2,0.02005649717514124,0.0,1,1,-0.8674399556207165,1.1833333333333333,mix_0023
37,0.018091361374943465,0.0,1,1,-0.8023886046717493,1.1940298507462686,mix_0024
7,0.034274193548387094,0.0,1,1,-0.6483948772288665,1.0625,mix_0026
7,0.04187192118226601,0.0,1,1,-0.7,1.1724137931034482,mix_0027
2,0.021332554061952076,0.0,1,1,-0.7305001428971651,1.2372881355932204,mix_0028
3,0.029689608636977057,0.0,1,1,-0.828078671210825,1.1282051282051282,mix_0029
3,0.047692307692307694,0.0,1,1,-0.6989264147282349,1.1923076923076923,mix_0031
5,0.019097222222222224,0.0,1,1,-0.8468085317911758,1.203125,mix_0032
3,0.07083333333333333,0.0,1,1,-0.6592342530872157,1.0625,mix_0033
1,0.05411255411255411,0.0,1,1,-0.6396021490668319,1.1363636363636365,mix_0034
3,0.02175141242937853,0.0,1,1,-0.7590729586914565,1.2833333333333334,mix_0036
18,0.011990830541350733,0.0,1,1,-0.9386793281621165,1.2710280373831775,mix_0038
38,0.026570048309178744,0.0,1,1,-0.806738190289032,1.1956521739130435,mix_0039
11,0.029487179487179487,0.0,1,1,-0.7692307692307687,1.15,mix_0040
20,0.029487179487179487,0.0,1,1,-0.7692307692307687,1.15,mix_0041
10,0.032005689900426744,0.0,1,1,-0.6900087146979695,1.1842105263157894,mix_0042
13,0.023809523809523808,0.0,1,1,-0.7621140712983177,1.1428571428571428,mix_0043
11,0.023755656108597284,0.0,1,1,-0.8159086233509907,1.2115384615384615,mix_0044
3,0.03253968253968254,0.0,1,1,-0.6774797209007697,1.1388888888888888,mix_0045
4,0.032716927453769556,0.0,1,1,-0.8399999999999995,1.2105263157894737,mix_0047
3,0.029019607843137254,0.0,1,1,-0.897435897435897,1.4509803921568627,mix_0049
13,0.041666666666666664,0.0,1,1,-0.8333333333333329,1.3333333333333333,mix_0050
4,0.02960222016651249,0.0,1,1,-0.7777777777777778,1.3617021276595744,mix_0051
17,0.03697478991596639,0.0,1,1,-0.6923076923076926,1.2571428571428571,mix_0052
3,0.02154882154882155,0.0,1,1,-0.7252218309367977,1.1636363636363636,mix_0053
2,0.043076923076923075,0.0,1,1,-0.6363592899589048,1.0769230769230769,mix_0055
21,0.029878048780487804,0.0,1,1,-0.7805221488389734,1.1951219512195121,mix_0056
14,0.026570048309178744,0.0,1,1,-0.806738190289032,1.1956521739130435,mix_0058
33,0.015126050420168067,0.0,1,1,-0.798320869617181,1.2705882352941176,mix_0059
3,0.05194805194805195,0.0,1,1,-0.7142857142857144,1.0909090909090908,mix_0060
11,0.04367816091954023,0.0,1,1,-0.7272727272727271,1.2666666666666666,mix_0061
3,0.02602436323366556,0.0,1,1,-0.6752894297702896,1.0930232558139534,mix_0062
3,0.03409090909090909,0.0,1,1,-0.7071067811865475,1.0909090909090908,mix_0064
11,0.0211864406779661,0.0,1,1,-0.7167754274251933,1.25,mix_0066
7,0.018913480885311872,0.0,1,1,-0.7292582183178529,1.323943661971831,mix_0068
1,0.013736263736263736,0.0,1,1,-0.9157831300707616,1.25,mix_0069
3,0.03940886699507389,0.0,1,1,-0.5969620057957092,1.103448275862069,mix_0071
32,0.04133064516129032,0.0,1,1,-0.8430578352258437,1.28125,mix_0072
6,0.023222060957910014,0.0,1,1,-0.7777777777777778,1.2075471698113207,mix_0073
6,0.03832442067736185,0.0,1,1,-0.7734370259701434,1.2647058823529411,mix_0074
6,0.028846153846153848,0.0,1,1,-0.7559289460184544,1.125,mix_0076
9,0.01894521249359959,0.0,1,1,-0.7689473517418713,1.1746031746031746,mix_0077
5,0.03865546218487395,0.0,1,1,-0.7692307692307694,1.3142857142857143,mix_0078
9,0.034759358288770054,0.0,1,1,-0.5798707083287603,1.1470588235294117,mix_0079
74,0.019813519813519812,0.0,1,1,-0.831261883213267,1.2878787878787878,mix_0080
1,0.01283399957921313,0.0,1,1,-0.8694826047713664,1.2448979591836735,mix_0081
5,0.03908045977011494,0.0,1,1,-0.7894736842105261,1.1333333333333333,mix_0083
9,0.032005689900426744,0.0,1,1,-0.5890579391056585,1.1842105263157894,mix_0084
4,0.012993986254295533,0.0,1,1,-0.8891400741145862,1.2474226804123711,mix_0085
9,0.041005291005291,0.0,1,1,-0.6810918169176808,1.1071428571428572,mix_0086
4,0.01971326164874552,0.0,1,1,-0.8741290750999666,1.2222222222222223,mix_0087
10,0.047692307692307694,0.0,1,1,-0.6989264147282349,1.1923076923076923,mix_0088
2,0.03003003003003003,0.0,1,1,-0.6830009515539737,1.0810810810810811,mix_0089
3,0.05194805194805195,0.0,1,1,-0.6398034400707343,1.0909090909090908,mix_0090
3,0.037298387096774195,0.0,1,1,-0.7240004423536432,1.15625,mix_0091
1,0.023222060957910014,0.0,1,1,-0.7777777777777778,1.2075471698113207,mix_0093
1,0.04367816091954023,0.0,1,1,-0.7272727272727271,1.2666666666666666,mix_0094
8,0.03361344537815126,0.0,1,1,-0.6149776906650685,1.1428571428571428,mix_0095
11,0.02431372549019608,0.0,1,1,-0.7589973444041134,1.2156862745098038,mix_0096
10,0.025510204081632654,0.0,1,1,-0.8287694018176032,1.2244897959183674,mix_0097
14,0.04252873563218391,0.0,1,1,-0.7414509175496993,1.2333333333333334,mix_0098
2,0.03058321479374111,0.0,1,1,-0.8226127456606228,1.131578947368421,mix_0099
6,0.03835978835978836,0.0,1,1,-0.5458954312057809,1.0357142857142858,mix_0100
1,0.046153846153846156,0.0,1,1,-0.6666666666666674,1.1538461538461537,mix_0101
18,0.023222060957910014,0.0,1,1,-0.7164510624406756,1.2075471698113207,mix_0103
1,0.03763440860215054,0.0,1,1,-0.6927111297007246,1.1290322580645162,mix_0104
8,0.03940886699507389,0.0,1,1,-0.6956083436402525,1.103448275862069,mix_0105
6,0.02543940795559667,0.0,1,1,-0.7951314318873863,1.1702127659574468,mix_0106
1,0.020871143375680582,0.0,1,1,-0.8249579113843056,1.1896551724137931,mix_0107
5,0.05526315789473684,0.0,1,1,-0.4961389383568335,1.05,mix_0109
5,0.019672131147540985,0.0,1,1,-0.809600851081488,1.180327868852459,mix_0110
8,0.026578073089700997,0.0,1,1,-0.7592566023652966,1.1162790697674418,mix_0111
5,0.045584045584045586,0.0,1,1,-0.6956083436402525,1.1851851851851851,mix_0112
5,0.028455284552845527,0.0,1,1,-0.7228238217217574,1.1666666666666667,mix_0115
4,0.03012820512820513,0.0,1,1,-0.6986093246711492,1.175,mix_0117
6,0.02423469387755102,0.0,1,1,-0.8477695408382581,1.163265306122449,mix_0118
42,0.05714285714285714,0.0,1,1,-0.6,1.1428571428571428,mix_0119
4,0.05526315789473684,0.0,1,1,-0.4961389383568335,1.05,mix_0120
8,0.04433497536945813,0.0,1,1,-0.7142857142857153,1.2413793103448276,mix_0121
22,0.013213885778275475,0.0,1,1,-0.8738588046401584,1.2421052631578948,mix_0122
3,0.03297682709447415,0.0,1,1,-0.6754513978497104,1.088235294117647,mix_0123
1,0.05411255411255411,0.0,1,1,-0.6396021490668319,1.1363636363636365,mix_0124
5,0.0220125786163522,0.0,1,1,-0.816496580927726,1.1666666666666667,mix_0125
6,0.045,0.0,1,1,-0.6305282887554624,1.08,mix_0127
2,0.018414918414918414,0.0,1,1,-0.8080451335009545,1.196969696969697,mix_0128
3,0.02058531746031746,0.0,1,1,-0.7563314525670876,1.296875,mix_0129
17,0.030364372469635626,0.0,1,1,-0.8322621667419825,1.1538461538461537,mix_0130
6,0.02804878048780488,0.0,1,1,-0.743629247512713,1.1219512195121952,mix_0131
8,0.035037878787878785,0.0,1,1,-0.6304639700583894,1.121212121212121,mix_0132
8,0.04252873563218391,0.0,1,1,-0.7414509175496993,1.2333333333333334,mix_0133
5,0.03171390013495277,0.0,1,1,-0.6795978736831092,1.205128205128205,mix_0134
35,0.03787878787878788,0.0,1,1,-0.702863496005515,1.2121212121212122,mix_0136
19,0.02162478082992402,0.0,1,1,-0.7250924659113853,1.2542372881355932,mix_0137
3,0.03253968253968254,0.0,1,1,-0.6746467713341604,1.1388888888888888,mix_0138
3,0.024379432624113476,0.0,1,1,-0.7759627427494887,1.1458333333333333,mix_0139
7,0.03528225806451613,0.0,1,1,-0.7748072433025269,1.09375,mix_0140
8,0.04133064516129032,0.0,1,1,-0.8430578352258437,1.28125,mix_0141
0,0.06140350877192982,0.0,1,1,-0.6883342939501059,1.105263157894737,mix_0142
25,0.03153153153153153,0.0,1,1,-0.5996779937806278,1.135135135135135,mix_0143
2,0.040229885057471264,0.0,1,1,-0.6049532929505624,1.1666666666666667,mix_0144
14,0.022596153846153846,0.0,1,1,-0.8292926912744406,1.4461538461538461,mix_0145
36,0.02748414376321353,0.0,1,1,-0.8571428571428569,1.1818181818181819,mix_0146
5,0.024379432624113476,0.0,1,1,-0.7759627427494887,1.1458333333333333,mix_0148
4,0.02804878048780488,0.0,1,1,-0.743629247512713,1.1219512195121952,mix_0149
0,0.03277310924369748,0.0,1,1,-0.5789778104914219,1.1142857142857143,mix_0150
3,0.0373015873015873,0.0,1,1,-0.8292926912744406,1.3055555555555556,mix_0151
13,0.014856429463171035,0.0,1,1,-0.8306285335875008,1.3222222222222222,mix_0153
1,0.042735042735042736,0.0,1,1,-0.6642236234485351,1.1111111111111112,mix_0155
26,0.040106951871657755,0.0,1,1,-0.8411855854325131,1.3235294117647058,mix_0156
3,0.015664556962025317,0.0,1,1,-0.917249232131679,1.2375,mix_0157
0,0.019871420222092345,0.0,1,1,-0.7833494518006408,1.152542372881356,mix_0158
2,0.013383665065202471,0.0,1,1,-0.8842478878522698,1.2446808510638299,mix_0159
5,0.03793103448275862,0.0,1,1,-0.5989988692037094,1.1,mix_0160
4,0.021778584392014518,0.0,1,1,-0.7607497338023294,1.2413793103448276,mix_0161
11,0.027450980392156862,0.0,1,1,-0.7823005941792317,1.3725490196078431,mix_0162
5,0.020089285714285716,0.0,1,1,-0.855442644955184,1.265625,mix_0164
2,0.047619047619047616,0.0,1,1,-0.7999999999999996,1.2857142857142858,mix_0165
5,0.01934731934731935,0.0,1,1,-0.8160588630449965,1.2575757575757576,mix_0166
4,0.01549053356282272,0.0,1,1,-0.8569213907063373,1.2857142857142858,mix_0167
3,0.028812056737588652,0.0,1,1,-0.771433338085278,1.3541666666666667,mix_0168
6,0.03697478991596639,0.0,1,1,-0.6923076923076922,1.2571428571428571,mix_0170
3,0.046153846153846156,0.0,1,1,-0.6666666666666674,1.1538461538461537,mix_0172
4,0.025510204081632654,0.0,1,1,-0.8749999999999998,1.2244897959183674,mix_0173
4,0.04891304347826087,0.0,1,1,-0.5652334189442222,1.125,mix_0174
4,0.03835978835978836,0.0,1,1,-0.5458954312057809,1.0357142857142858,mix_0176
12,0.017018779342723004,0.0,1,1,-0.8517423269888287,1.2083333333333333,mix_0177
2,0.03171390013495277,0.0,1,1,-0.6795978736831092,1.205128205128205,mix_0178
6,0.022496371552975326,0.0,1,1,-0.7526178090063819,1.169811320754717,mix_0180
0,0.03865546218487395,0.0,1,1,-0.8399999999999995,1.3142857142857143,mix_0181
1,0.026152482269503546,0.0,1,1,-0.6455720794778926,1.2291666666666667,mix_0182
8,0.013325867861142216,0.0,1,1,-0.9197154561877977,1.2526315789473683,mix_0185
1,0.03314393939393939,0.0,1,1,-0.5984684877233307,1.0606060606060606,mix_0186
1,0.0310391363022942,0.0,1,1,-0.7118083804019194,1.1794871794871795,mix_0187
7,0.05714285714285714,0.0,1,1,-0.6,1.1428571428571428,mix_0188
3,0.0211864406779661,0.0,1,1,-0.8407247169651647,1.25,mix_0190
4,0.019095697980684813,0.0,1,1,-0.751510911512299,1.2794117647058822,mix_0191
1,0.02768549280177187,0.0,1,1,-0.7314405134119918,1.1627906976744187,mix_0193
3,0.03529411764705882,0.0,1,1,-0.6488654772551028,1.2,mix_0195
6,0.020989974937343357,0.0,1,1,-0.8325689504957458,1.1754385964912282,mix_0196
2,0.017598343685300208,0.0,1,1,-0.8918131094348304,1.2142857142857142,mix_0197
6,0.04940711462450593,0.0,1,1,-0.7172417274099845,1.0869565217391304,mix_0198
3,0.04710144927536232,0.0,1,1,-0.5406654832725928,1.0833333333333333,mix_0199
6,0.015964912280701755,0.0,1,1,-0.8688259678999692,1.1973684210526316,mix_0200
2,0.04891304347826087,0.0,1,1,-0.6305282887554624,1.125,mix_0201
12,0.011722731906218144,0.0,1,1,-0.9108400680852978,1.2660550458715596,mix_0202
4,0.01557935735150925,0.0,1,1,-0.8473856997388858,1.2151898734177216,mix_0205
7,0.02489795918367347,0.0,1,1,-0.6895287887698315,1.22,mix_0206
10,0.022745098039215685,0.0,1,1,-0.7896875192476136,1.1372549019607843,mix_0207
8,0.02489795918367347,0.0,1,1,-0.7967117675018236,1.22,mix_0209
5,0.02753623188405797,0.0,1,1,-0.7137691763989816,1.2391304347826086,mix_0210
7,0.025974025974025976,0.0,1,1,-0.8181818181818185,1.4285714285714286,mix_0211
3,0.047692307692307694,0.0,1,1,-0.6989264147282349,1.1923076923076923,mix_0212
7,0.02227342549923195,0.0,1,1,-0.7158847476909894,1.380952380952381,mix_0213
1,0.047692307692307694,0.0,1,1,-0.6989264147282349,1.1923076923076923,mix_0215
0,0.02349290780141844,0.0,1,1,-0.7037971903694631,1.1041666666666667,mix_0217
5,0.030434782608695653,0.0,1,1,-0.8159086233509907,1.3695652173913044,mix_0218
6,0.039886039886039885,0.0,1,1,-0.5029556907695458,1.037037037037037,mix_0220
55,0.02097902097902098,0.0,1,1,-0.7651649597740972,1.3636363636363635,mix_0221
4,0.025898520084566595,0.0,1,1,-0.7393939393939394,1.1136363636363635,mix_0223
14,0.03793103448275862,0.0,1,1,-0.6708203932499367,1.1,mix_0224
14,0.015574493094328533,0.0,1,1,-0.8178183334533011,1.2771084337349397,mix_0226
1,0.03977272727272727,0.0,1,1,-0.7499999999999999,1.2727272727272727,mix_0227
4,0.05789473684210526,0.0,1,1,-0.5714285714285712,1.1,mix_0229
23,0.0373015873015873,0.0,1,1,-0.7775249816656056,1.3055555555555556,mix_0230
6,0.028846153846153848,0.0,1,1,-0.6658966053885317,1.125,mix_0231
2,0.045,0.0,1,1,-0.5545043697627343,1.08,mix_0232
0,0.040106951871657755,0.0,1,1,-0.8411855854325131,1.3235294117647058,mix_0233
9,0.026530612244897958,0.0,1,1,-0.7654794324907053,1.3,mix_0234
28,0.011990830541350733,0.0,1,1,-0.9386793281621165,1.2710280373831775,mix_0235
3,0.03968253968253968,0.0,1,1,-0.49236596391733106,1.0714285714285714,mix_0237
6,0.014986776373787834,0.0,1,1,-0.869974009170719,1.2289156626506024,mix_0238
3,0.02489795918367347,0.0,1,1,-0.8658261433232439,1.22,mix_0240
2,0.035483870967741936,0.0,1,1,-0.6607546613540143,1.064516129032258,mix_0241
3,0.037298387096774195,0.0,1,1,-0.7240004423536432,1.15625,mix_0243
1,0.03140096618357488,0.0,1,1,-0.8807573840760127,1.4130434782608696,mix_0244
5,0.02804878048780488,0.0,1,1,-0.743629247512713,1.1219512195121952,mix_0245
17,0.04365079365079365,0.0,1,1,-0.7654159377659323,1.1785714285714286,mix_0246
6,0.01977401129943503,0.0,1,1,-0.7823005941792317,1.1666666666666667,mix_0247
3,0.02177068214804064,0.0,1,1,-0.7422397883189009,1.1320754716981132,mix_0248
11,0.01572112098427888,0.0,1,1,-0.862882443459904,1.1948051948051948,mix_0251
4,0.04133064516129032,0.0,1,1,-0.8111264405152748,1.28125,mix_0252
1,0.026578073089700997,0.0,1,1,-0.8366600265340752,1.1162790697674418,mix_0253
13,0.026122448979591838,0.0,1,1,-0.7846153846153846,1.28,mix_0254
4,0.032388663967611336,0.0,1,1,-0.6843191382146412,1.2307692307692308,mix_0255
1,0.0661764705882353,0.0,1,1,-0.4999999999999998,1.0588235294117647,mix_0256
5,0.032692307692307694,0.0,1,1,-0.6688915386752381,1.275,mix_0257
1,0.02588235294117647,0.0,1,1,-0.7341736272647148,1.2941176470588236,mix_0258
4,0.03153153153153153,0.0,1,1,-0.5996779937806278,1.135135135135135,mix_0261
4,0.03529411764705882,0.0,1,1,-0.6431758808251549,1.2,mix_0262
15,0.02526395173453997,0.0,1,1,-0.7257123846048198,1.2884615384615385,mix_0263
2,0.04940711462450593,0.0,1,1,-0.6278279410632248,1.0869565217391304,mix_0265
2,0.029689608636977057,0.0,1,1,-0.828078671210825,1.1282051282051282,mix_0266
1,0.01786521935775667,0.0,1,1,-0.8527706200250713,1.1791044776119404,mix_0267
5,0.017391304347826087,0.0,1,1,-0.816496580927726,1.2,mix_0268
4,0.015808491418247517,0.0,1,1,-0.8379373422592271,1.2804878048780488,mix_0269
7,0.05847953216374269,0.0,1,1,-0.60075140918611,1.0526315789473684,mix_0270
4,0.030364372469635626,0.0,1,1,-0.8322621667419825,1.1538461538461537,mix_0271
19,0.029069767441860465,0.0,1,1,-0.7602449949668574,1.25,mix_0272
21,0.04891304347826087,0.0,1,1,-0.5652334189442222,1.125,mix_0273
33,0.02969858156028369,0.0,1,1,-0.8325689504957458,1.3958333333333333,mix_0274
15,0.03232323232323232,0.0,1,1,-0.8823529411764706,1.4222222222222223,mix_0275
16,0.019345238095238096,0.0,1,1,-0.8432740427115678,1.21875,mix_0276
19,0.023755656108597284,0.0,1,1,-0.7475233684728962,1.2115384615384615,mix_0277
22,0.026570048309178744,0.0,1,1,-0.7281832050377329,1.1956521739130435,mix_0278
7,0.028846153846153848,0.0,1,1,-0.7559289460184544,1.125,mix_0279
8,0.01997366110623354,0.0,1,1,-0.7664689574617478,1.338235294117647,mix_0280
4,0.028658536585365855,0.0,1,1,-0.7695714900698114,1.146341463414634,mix_0281
15,0.015126050420168067,0.0,1,1,-0.798320869617181,1.2705882352941176,mix_0282
7,0.04940711462450593,0.0,1,1,-0.7172417274099845,1.0869565217391304,mix_0283
0,0.0220125786163522,0.0,1,1,-0.816496580927726,1.1666666666666667,mix_0284
2,0.03571428571428571,0.0,1,1,-0.7144422390737987,1.25,mix_0285
4,0.039886039886039885,0.0,1,1,-0.5477225575051664,1.037037037037037,mix_0286
7,0.019830777366472766,0.0,1,1,-0.8894785505566584,1.2096774193548387,mix_0287
2,0.029689608636977057,0.0,1,1,-0.7047602164926138,1.1282051282051282,mix_0288
1,0.029878048780487804,0.0,1,1,-0.7693923211147521,1.1951219512195121,mix_0289
9,0.043333333333333335,0.0,1,1,-0.6172133998483674,1.04,mix_0290
6,0.049783549783549784,0.0,1,1,-0.504580409547628,1.0454545454545454,mix_0292
3,0.016552511415525113,0.0,1,1,-0.8148657803296201,1.1917808219178083,mix_0293
51,0.03977272727272727,0.0,1,1,-0.7499999999999999,1.2727272727272727,mix_0294
5,0.026570048309178744,0.0,1,1,-0.806738190289032,1.1956521739130435,mix_0295
1,0.023755656108597284,0.0,1,1,-0.7475233684728962,1.2115384615384615,mix_0296
1,0.023001508295625944,0.0,1,1,-0.8694826047713664,1.1730769230769231,mix_0297
1,0.037298387096774195,0.0,1,1,-0.631744508164104,1.15625,mix_0298
24,0.02410901467505241,0.0,1,1,-0.6898854045724243,1.2777777777777777,mix_0299
10,0.037298387096774195,0.0,1,1,-0.8101615805608066,1.15625,mix_0300
1,0.02602436323366556,0.0,1,1,-0.6752894297702896,1.0930232558139534,mix_0301
5,0.04940711462450593,0.0,1,1,-0.5205468614576824,1.0869565217391304,mix_0302
7,0.03003003003003003,0.0,1,1,-0.6546536707079773,1.0810810810810811,mix_0303
6,0.023809523809523808,0.0,1,1,-0.8006407690254352,1.1428571428571428,mix_0305
4,0.03153153153153153,0.0,1,1,-0.6234328794993033,1.135135135135135,mix_0306
11,0.049783549783549784,0.0,1,1,-0.5927874923158668,1.0454545454545454,mix_0307
3,0.03763440860215054,0.0,1,1,-0.7894406892324615,1.1290322580645162,mix_0309
6,0.023290986085904415,0.0,1,1,-0.7838056391910988,1.3275862068965518,mix_0310
12,0.02727272727272727,0.0,1,1,-0.7420836026988437,1.2,mix_0311
3,0.041005291005291,0.0,1,1,-0.6084268579016858,1.1071428571428572,mix_0312
7,0.026530612244897958,0.0,1,1,-0.6600462127010147,1.3,mix_0313
7,0.041005291005291,0.0,1,1,-0.6810918169176808,1.1071428571428572,mix_0314
3,0.022745098039215685,0.0,1,1,-0.750939261482638,1.1372549019607843,mix_0316
14,0.029014844804318488,0.0,1,1,-0.7938510062029231,1.1025641025641026,mix_0318
4,0.025510204081632654,0.0,1,1,-0.8132435870284572,1.2244897959183674,mix_0319
1,0.027439024390243903,0.0,1,1,-0.7296902117950754,1.0975609756097562,mix_0320
9,0.05,0.0,1,1,-0.44038550605054566,0.95,peel_0001
1,0.07692307692307693,0.0,1,1,-0.4472135954999566,0.9230769230769231,peel_0002
11,0.04940711462450593,0.0,1,1,-0.6590820436573078,1.0869565217391304,peel_0003
33,0.05,0.0,1,1,-0.30348848933344325,1.0,peel_0005
8,0.024390243902439025,0.0,1,1,0.0,0.975609756097561,peel_0006
0,0.030303030303030304,0.0,1,1,-0.21216710619787651,1.0,peel_0009
11,0.07142857142857142,0.0,1,1,0.0,0.9285714285714286,peel_0010
32,0.01282051282051282,0.0,1,1,-0.24310172183295717,1.0,peel_0011
16,0.02040816326530612,0.0,1,1,-0.2085144140570764,0.9795918367346939,peel_0013
12,0.02564102564102564,0.0,1,1,0.0,0.9743589743589743,peel_0014
12,0.03835978835978836,0.0,1,1,-0.34657265553952743,1.0357142857142858,peel_0015
11,0.019593613933236574,0.0,1,1,-0.49629166698546523,1.0188679245283019,peel_0017
11,0.05,0.0,1,1,-0.30348848933344325,1.0,peel_0018
3,0.03571428571428571,0.0,1,1,-0.5666305975798634,1.0,peel_0019
9,0.02857142857142857,0.0,1,1,-0.20916500663351878,0.9714285714285714,peel_0020
168,0.01730769230769231,0.0,1,1,-0.6324555320336752,1.1076923076923078,peel_0021
9,0.043478260869565216,0.0,1,1,0.0,0.9565217391304348,peel_0022
13,0.03333333333333333,0.0,1,1,0.0,0.9666666666666667,peel_0023
4,0.05,0.0,1,1,0.0,0.95,peel_0024
15,0.011111111111111112,0.0,1,1,-0.23564668313541529,1.0,peel_0025
16,0.04710144927536232,0.0,1,1,-0.7200822998230971,1.0833333333333333,peel_0026
13,0.03225806451612903,0.0,1,1,0.0,0.967741935483871,peel_0027
2,0.03835978835978836,0.0,1,1,-0.6060468082801852,1.0357142857142858,peel_0028
25,0.0661764705882353,0.0,1,1,-0.3898405877927256,1.0588235294117647,peel_0029
3,0.028528528528528527,0.0,1,1,-0.49733589772816694,1.027027027027027,peel_0030
4,0.01219162363740677,0.0,1,1,-0.31132554947441077,1.0119047619047619,peel_0031
8,0.022606382978723406,0.0,1,1,-0.5820715249482437,1.0625,peel_0033
23,0.045454545454545456,0.0,1,1,-0.3678836036909802,1.0,peel_0034
8,0.0625,0.0,1,1,-0.27842302319485196,1.0,peel_0035
7,0.043076923076923075,0.0,1,1,-0.6285393610547089,1.0769230769230769,peel_0036
3,0.09090909090909091,0.0,1,1,-0.350823207722812,1.0,peel_0037
4,0.045454545454545456,0.0,1,1,0.0,0.9545454545454546,peel_0038
4,0.05263157894736842,0.0,1,1,-0.2721655269759096,1.0,peel_0039
5,0.030303030303030304,0.0,1,1,-0.2618924633082481,1.0,peel_0040
1,0.047619047619047616,0.0,1,1,0.0,0.9523809523809523,peel_0041
5,0.07142857142857142,0.0,1,1,-0.49236596391733095,1.0,peel_0042
30,0.024051803885291396,0.0,1,1,-0.6148873228105179,1.1063829787234043,peel_0044
93,0.05,0.0,1,1,-0.30348848933344325,1.0,peel_0046
14,0.03326612903225806,0.0,1,1,-0.39223227027636853,1.03125,peel_0047
3,0.041666666666666664,0.0,1,1,0.0,0.9583333333333334,peel_0048
1,0.022727272727272728,0.0,1,1,-0.26028960314767796,0.9772727272727273,peel_0049
1,0.03225806451612903,0.0,1,1,0.0,0.967741935483871,peel_0050
7,0.02702702702702703,0.0,1,1,0.0,0.972972972972973,peel_0052
0,0.05555555555555555,0.0,1,1,0.0,0.9444444444444444,peel_0053
1,0.06666666666666667,0.0,1,1,-0.5679618342470653,0.9333333333333333,peel_0054
1,0.027777777777777776,0.0,1,1,0.0,0.9722222222222222,peel_0055
39,0.03694581280788178,0.0,1,1,-0.617822993478286,1.0344827586206897,peel_0057
4,0.03225806451612903,0.0,1,1,3.350667755287268e-08,0.967741935483871,peel_0058
11,0.047619047619047616,0.0,1,1,-0.33333333333333354,0.9523809523809523,peel_0060
4,0.024390243902439025,0.0,1,1,-0.20519567041702938,1.0,peel_0061
5,0.03125,0.0,1,1,0.0,0.96875,peel_0062
11,0.01782583284628872,0.0,1,1,-0.32519510790399087,1.0338983050847457,peel_0063
4,0.038461538461538464,0.0,1,1,-0.31949866210215483,0.9615384615384616,peel_0064
2,0.03571428571428571,0.0,1,1,-0.3306121993780581,1.0,peel_0065
27,0.026923076923076925,0.0,1,1,-0.4356068418690322,1.05,peel_0066
3,0.07142857142857142,0.0,1,1,-0.3314967720658976,1.0,peel_0067
4,0.012016718913270637,0.0,1,1,-0.3922183413262676,1.0454545454545454,peel_0068
2,0.029411764705882353,0.0,1,1,-0.48859675648834394,1.0,peel_0069
14,0.013888888888888888,0.0,1,1,0.0,0.9861111111111112,peel_0070
4,0.05263157894736842,0.0,1,1,-0.4082482904638645,1.0,peel_0071
8,0.05555555555555555,0.0,1,1,-0.5793654595023207,1.0,peel_0072
32,0.014269406392694063,0.0,1,1,-0.35018579751233,1.0273972602739727,peel_0073
1,0.07692307692307693,0.0,1,1,-0.350823207722812,0.9230769230769231,peel_0074
5,0.05263157894736842,0.0,1,1,0.0,0.9473684210526315,peel_0076
1,0.05847953216374269,0.0,1,1,-0.6187983455093137,1.0526315789473684,peel_0077
21,0.016410912190963342,0.0,1,1,-0.61623602251332,1.1159420289855073,peel_0078
5,0.02564102564102564,0.0,1,1,-0.32673201960653575,1.0,peel_0080
1,0.02,0.0,1,1,0.0,0.98,peel_0081
10,0.02844950213371266,0.0,1,1,-0.580119351115323,1.0526315789473684,peel_0082
10,0.024051803885291396,0.0,1,1,-0.5466958976381491,1.1063829787234043,peel_0083
2,0.023784355179704016,0.0,1,1,-0.2854583890224422,1.0227272727272727,peel_0084
2,0.043478260869565216,0.0,1,1,0.0,0.9565217391304348,peel_0085
24,0.021739130434782608,0.0,1,1,-0.3445801318612789,1.0,peel_0086
13,0.03225806451612903,0.0,1,1,-0.29880715233359834,0.967741935483871,peel_0087
4,0.03571428571428571,0.0,1,1,-0.341121146168976,0.9642857142857143,peel_0088
3,0.022201665124884366,0.0,1,1,-0.30785964799348126,1.0212765957446808,peel_0089
24,0.030303030303030304,0.0,1,1,0.0,0.9696969696969697,peel_0091
9,0.035483870967741936,0.0,1,1,-0.4944132324730449,1.064516129032258,peel_0092
3,0.02844950213371266,0.0,1,1,-0.5753628269090505,1.0526315789473684,peel_0093
5,0.05263157894736842,0.0,1,1,-0.4900980294098042,1.0,peel_0094
10,0.04528985507246377,0.0,1,1,-0.6088590823425645,1.0416666666666667,peel_0095
56,0.014925373134328358,0.0,1,1,-0.3442651863295491,1.0,peel_0097
11,0.022727272727272728,0.0,1,1,-0.24822864113523652,0.9772727272727273,peel_0099
21,0.08333333333333333,0.0,1,1,0.0,0.9166666666666666,peel_0100
17,0.01346965271015904,0.0,1,1,-0.5201844617422713,1.0506329113924051,peel_0101
1,0.015625,0.0,1,1,0.0,0.984375,peel_0102
35,0.03333333333333333,0.0,1,1,-0.3927632215561573,0.9666666666666667,peel_0103
5,0.04528985507246377,0.0,1,1,-0.5601120336112049,1.0416666666666667,peel_0105
19,0.013153513153513154,0.0,1,1,-0.310940372632818,1.0128205128205128,peel_0106
4,0.013157894736842105,0.0,1,1,-0.28324583787068147,1.0,peel_0107
15,0.028205128205128206,0.0,1,1,-0.506065648880055,1.1,peel_0108
0,0.05555555555555555,0.0,1,1,-0.6542886560876241,1.0,peel_0109
1,0.023232323232323233,0.0,1,1,-0.38214100281407387,1.0222222222222221,peel_0110
5,0.05,0.0,1,1,0.0,0.95,peel_0112
18,0.03333333333333333,0.0,1,1,-0.23065552333154946,1.0,peel_0113
10,0.04,0.0,1,1,-0.2653724462171392,0.96,peel_0114
3,0.047619047619047616,0.0,1,1,0.0,0.9523809523809523,peel_0115
1,0.043478260869565216,0.0,1,1,0.0,0.9565217391304348,peel_0116
5,0.02602436323366556,0.0,1,1,-0.5606489369081717,1.0930232558139534,peel_0118
1,0.045454545454545456,0.0,1,1,0.0,0.9545454545454546,peel_0120
1,0.041666666666666664,0.0,1,1,0.0,0.9583333333333334,peel_0121
38,0.030303030303030304,0.0,1,1,0.0,0.9696969696969697,peel_0122
16,0.022727272727272728,0.0,1,1,-0.2131001894896567,1.0,peel_0123
4,0.05555555555555555,0.0,1,1,-0.2401460532140383,1.0,peel_0125
9,0.014994446501295817,0.0,1,1,-0.595437196138647,1.0945945945945945,peel_0127
11,0.027738264580369845,0.0,1,1,-0.5002443195845789,1.0263157894736843,peel_0128
6,0.014705882352941176,0.0,1,1,-0.26262586103100827,1.0,peel_0129
3,0.027777777777777776,0.0,1,1,0.0,0.9722222222222222,peel_0130
2,0.05555555555555555,0.0,1,1,-0.6629935441317967,0.9444444444444444,peel_0131
11,0.03125,0.0,1,1,0.0,0.96875,peel_0134
3,0.02463768115942029,0.0,1,1,-0.5835021952078598,1.108695652173913,peel_0136
17,0.037037037037037035,0.0,1,1,0.0,0.9629629629629629,peel_0138
2,0.05263157894736842,0.0,1,1,0.0,0.9473684210526315,peel_0139
7,0.039886039886039885,0.0,1,1,-0.6262882535275893,1.037037037037037,peel_0140
17,0.047619047619047616,0.0,1,1,0.0,0.9523809523809523,peel_0141
5,0.012488980311489862,0.0,1,1,-0.3238944423349711,1.0240963855421688,peel_0142
9,0.037037037037037035,0.0,1,1,0.0,0.9629629629629629,peel_0144
12,0.027738264580369845,0.0,1,1,-0.3804429551263399,1.0263157894736843,peel_0145
17,0.014925373134328358,0.0,1,1,-0.19239502350742585,0.9850746268656716,peel_0146
4,0.0661764705882353,0.0,1,1,-0.5843487097907761,1.0588235294117647,peel_0147
19,0.08333333333333333,0.0,1,1,-0.4103049699311103,1.0,peel_0148
3,0.03793103448275862,0.0,1,1,-0.6584052983883206,1.1,peel_0149
17,0.011624869383490073,0.0,1,1,-0.30184461216054154,1.0113636363636365,peel_0150
5,0.025609756097560974,0.0,1,1,-0.6898089816947627,1.024390243902439,peel_0151
3,0.0625,0.0,1,1,-0.522976360368491,1.0,peel_0152
5,0.012658227848101266,0.0,1,1,0.0,0.9873417721518988,peel_0153
28,0.02857142857142857,0.0,1,1,0.0,0.9714285714285714,peel_0154
0,0.0625,0.0,1,1,0.0,0.9375,peel_0155
6,0.043478260869565216,0.0,1,1,0.0,0.9565217391304348,peel_0158
3,0.022222222222222223,0.0,1,1,0.0,0.9777777777777777,peel_0159
1,0.034482758620689655,0.0,1,1,0.0,0.9655172413793104,peel_0161
5,0.045454545454545456,0.0,1,1,0.0,0.9545454545454546,peel_0162
33,0.0625,0.0,1,1,0.0,0.9375,peel_0163
40,0.011646136618141097,0.0,1,1,-0.649467279767996,1.0947368421052632,peel_0164
7,0.035483870967741936,0.0,1,1,-0.49844478627922795,1.064516129032258,peel_0165
5,0.02766531713900135,0.0,1,1,-0.5460881320840475,1.0512820512820513,peel_0166
2,0.029411764705882353,0.0,1,1,-0.39597814755895505,1.0,peel_0167
3,0.013449367088607595,0.0,1,1,-0.5134762660381615,1.0625,peel_0168
5,0.041666666666666664,0.0,1,1,0.0,0.9583333333333334,peel_0169
2,0.029411764705882353,0.0,1,1,-0.530311590411995,1.0,peel_0170
4,0.013025210084033614,0.0,1,1,-0.5203533400608052,1.0941176470588236,peel_0171
9,0.014492753623188406,0.0,1,1,0.0,0.9855072463768116,peel_0173
1,0.0625,0.0,1,1,-0.872871560943968,0.9375,peel_0174
40,0.029365079365079365,0.0,1,1,-0.5128294906920811,1.0277777777777777,peel_0175
4,0.0136986301369863,0.0,1,1,-0.16398401233815946,0.9863013698630136,peel_0176
19,0.03125,0.0,1,1,-0.24641644145348035,1.0,peel_0177
6,0.023232323232323233,0.0,1,1,-0.4045199174779447,1.0222222222222221,peel_0179
9,0.017857142857142856,0.0,1,1,0.0,0.9821428571428571,peel_0180
3,0.04,0.0,1,1,0.0,0.96,peel_0181
17,0.07142857142857142,0.0,1,1,0.0,0.9285714285714286,peel_0182
8,0.030952380952380953,0.0,1,1,-0.6024752331287782,1.0833333333333333,peel_0183
15,0.01136079900124844,0.0,1,1,-0.4605661864718373,1.011111111111111,peel_0184
4,0.030303030303030304,0.0,1,1,-0.30261376633440124,0.9696969696969697,peel_0185
4,0.09090909090909091,0.0,1,1,-0.2000000000000022,1.0,peel_0186
40,0.07692307692307693,0.0,1,1,0.0,0.9230769230769231,peel_0187
74,0.024390243902439025,0.0,1,1,-0.34404920374502224,1.0,peel_0188
3,0.012654320987654321,0.0,1,1,-0.2690604607495679,1.0123456790123457,peel_0189
8,0.027777777777777776,0.0,1,1,-0.2774387886541732,1.0,peel_0190
4,0.038461538461538464,0.0,1,1,0.0,0.9615384615384616,peel_0191
1,0.029411764705882353,0.0,1,1,-0.458643571784675,0.9705882352941176,peel_0192
3,0.017543859649122806,0.0,1,1,-0.18389242812245638,0.9824561403508771,peel_0193
6,0.023255813953488372,0.0,1,1,0.0,0.9767441860465116,peel_0194
12,0.03655913978494624,0.0,1,1,-0.45014069095231996,1.096774193548387,peel_0196
1,0.024390243902439025,0.0,1,1,-0.26490647141300844,0.975609756097561,peel_0197
1,0.038461538461538464,0.0,1,1,-0.529627141332377,1.0,peel_0198
81,0.015364354697102721,0.0,1,1,-0.3499589915833697,1.0294117647058822,peel_0199
10,0.058823529411764705,0.0,1,1,-0.25000000000000083,1.0,peel_0202
15,0.02857142857142857,0.0,1,1,-0.25928148942086676,1.0,peel_0203
5,0.013307367737747485,0.0,1,1,-0.4712042214317497,1.0379746835443038,peel_0204
2,0.027738264580369845,0.0,1,1,-0.37332669647327815,1.0263157894736843,peel_0206
40,0.041666666666666664,0.0,1,1,-0.33671751485073786,0.9583333333333334,peel_0207
22,0.015132139812446719,0.0,1,1,-0.29597602935837736,1.0289855072463767,peel_0209
5,0.035483870967741936,0.0,1,1,-0.5578944350035254,1.064516129032258,peel_0210
8,0.01751412429378531,0.0,1,1,-0.38801683098309847,1.0333333333333334,peel_0211
29,0.0196078431372549,0.0,1,1,-0.3175426480542966,1.0,peel_0213
4,0.08333333333333333,0.0,1,1,0.0,0.9166666666666666,peel_0216
1,0.043478260869565216,0.0,1,1,-0.5211573066470464,0.9565217391304348,peel_0219
63,0.024390243902439025,0.0,1,1,0.0,0.975609756097561,peel_0220
18,0.02127659574468085,0.0,1,1,-0.43386091563731316,1.0,peel_0221
5,0.031092436974789917,0.0,1,1,-0.591334275783951,1.0571428571428572,peel_0222
1,0.05263157894736842,0.0,1,1,-0.3931785497463925,1.0,peel_0223
13,0.026282051282051282,0.0,1,1,-0.4368854825804405,1.025,peel_0224
7,0.02766531713900135,0.0,1,1,-0.6891333770420714,1.0512820512820513,peel_0227
9,0.013859649122807018,0.0,1,1,-0.466611988777826,1.0394736842105263,peel_0229
1,0.058823529411764705,0.0,1,1,0.0,0.9411764705882353,peel_0230
2,0.030303030303030304,0.0,1,1,0.0,0.9696969696969697,peel_0231
3,0.045454545454545456,0.0,1,1,0.0,0.9545454545454546,peel_0233
30,0.034482758620689655,0.0,1,1,0.0,0.9655172413793104,peel_0235
2,0.012808641975308642,0.0,1,1,-0.361303040656666,1.0246913580246915,peel_0236
99,0.012044817927170869,0.0,1,1,-0.42558508094464675,1.011764705882353,peel_0237
1,0.09090909090909091,0.0,1,1,-0.350823207722812,1.0,peel_0238
10,0.04940711462450593,0.0,1,1,-0.5982576192210911,1.0869565217391304,peel_0239
9,0.022222222222222223,0.0,1,1,-0.24483770969193724,1.0,peel_0240
8,0.08333333333333333,0.0,1,1,0.0,0.9166666666666666,peel_0242
19,0.02857142857142857,0.0,1,1,-0.2272727272727278,0.9714285714285714,peel_0243
2,0.02631578947368421,0.0,1,1,-0.33503096143857874,0.9736842105263158,peel_0245
8,0.058823529411764705,0.0,1,1,-0.4879500364742666,0.9411764705882353,peel_0246
3,0.05263157894736842,0.0,1,1,2.962004347662982e-08,0.9473684210526315,peel_0247
1,0.07142857142857142,0.0,1,1,0.0,0.9285714285714286,peel_0248
76,0.022222222222222223,0.0,1,1,0.0,0.9777777777777777,peel_0249
6,0.034482758620689655,0.0,1,1,-0.2742042485535402,1.0,peel_0250
8,0.014925373134328358,0.0,1,1,0.0,0.9850746268656716,peel_0253
7,0.03571428571428571,0.0,1,1,-0.42519520276218614,1.0,peel_0254
2,0.09090909090909091,0.0,1,1,0.0,0.9090909090909091,peel_0255
9,0.043478260869565216,0.0,1,1,-0.4183300132670363,0.9565217391304348,peel_0256
24,0.022108843537414966,0.0,1,1,-0.4892649347022,1.0612244897959184,peel_0257
1,0.07142857142857142,0.0,1,1,-0.2842676218074799,0.9285714285714286,peel_0258
20,0.02857142857142857,0.0,1,1,-0.4780914437337576,1.0,peel_0260
1,0.022560975609756097,0.0,2,3,-0.258735476436614,0.9024390243902439,ransom_0001
3,0.2,0.0,2,1,0.0,0.8,ransom_0002
6,0.020833333333333332,0.0,3,5,-0.34433389423785055,0.9791666666666666,ransom_0003
6,0.012048192771084338,0.0,17,14,-0.2732199532856905,0.9879518072289156,ransom_0004
4,0.09722222222222222,0.0,1,2,0.0,0.7777777777777778,ransom_0005
0,0.02795698924731183,0.0,2,2,-0.2561737691489901,0.8387096774193549,ransom_0006
15,0.07142857142857142,0.0,5,1,0.0,0.9285714285714286,ransom_0007
4,0.3333333333333333,0.0,1,1,0.0,0.6666666666666666,ransom_0008
4,0.02773109243697479,0.0,2,4,-0.3870235574775174,0.9428571428571428,ransom_0009
6,0.005521314843348742,0.0,11,11,-0.2169580428529249,0.9717514124293786,ransom_0011
3,0.029411764705882353,0.0,14,1,-0.1354460507414337,0.9705882352941176,ransom_0012
3,0.03985507246376811,0.0,1,3,-0.35613687977442254,0.9166666666666666,ransom_0013
6,0.016666666666666666,0.0,15,9,-0.31794512317720536,0.9833333333333333,ransom_0014
2,0.016917293233082706,0.0,5,4,-0.2608969660436019,0.9473684210526315,ransom_0015
1,0.08333333333333333,0.0,1,1,0.0,0.6666666666666666,ransom_0016
17,0.01075011944577162,0.0,4,12,-0.28114853229649195,0.9782608695652174,ransom_0018
0,0.13333333333333333,0.0,1,1,0.0,0.6666666666666666,ransom_0021
1,0.09090909090909091,0.0,1,1,-0.2500000000000021,0.9090909090909091,ransom_0023
15,0.019230769230769232,0.0,13,9,-0.30344131252360473,0.9807692307692307,ransom_0024
7,0.023170731707317073,0.0,5,2,-0.08537798203913669,0.926829268292683,ransom_0026
3,0.010409517272935254,0.0,5,8,-0.2778842240030979,0.9680851063829787,ransom_0027
11,0.0068945139367674576,0.0,14,10,-0.23770704843218027,0.9790209790209791,ransom_0028
14,0.010309278350515464,0.0,7,8,-0.26661333685985084,0.9896907216494846,ransom_0029
11,0.011235955056179775,0.0,5,9,-0.2647706140573722,0.9887640449438202,ransom_0030
0,0.1,0.0,2,1,-0.35000000000000053,0.9,ransom_0031
0,0.1,0.0,1,3,0.0,0.9,ransom_0033
0,0.07692307692307693,0.0,1,1,-0.4999999999999998,0.9230769230769231,ransom_0034
2,0.1111111111111111,0.0,2,1,0.16666666666666488,1.0,ransom_0035
1,0.04047619047619048,0.0,2,2,-0.24514516892273025,0.8095238095238095,ransom_0036
2,0.017207792207792207,0.0,6,3,-0.052488852894272624,0.9464285714285714,ransom_0037
1,0.041666666666666664,0.0,8,1,0.21768106804462237,0.9583333333333334,ransom_0038
3,0.02543940795559667,0.0,10,5,-0.06467930826918818,1.1702127659574468,ransom_0040
2,0.08333333333333333,0.0,4,1,0.017376201171422696,0.9166666666666666,ransom_0041
7,0.009007506255212678,0.0,6,12,-0.24030886963366171,0.9818181818181818,ransom_0042
0,0.16666666666666666,0.0,1,1,0.0,0.8333333333333334,ransom_0044
10,0.013888888888888888,0.0,13,18,-0.2970953109410693,0.9861111111111112,ransom_0045
1,0.058823529411764705,0.0,1,4,0.0,0.9411764705882353,ransom_0047
30,0.0057467401532464045,0.0,10,20,-0.18382576876099022,0.9884393063583815,ransom_0048
0,0.125,0.0,1,1,0.0,0.875,ransom_0049
4,0.027462121212121212,0.0,2,2,-0.5185629788417324,0.8787878787878788,ransom_0051
0,0.1388888888888889,0.0,3,1,0.9185586535436918,1.1111111111111112,ransom_0052
2,0.08095238095238096,0.0,4,1,0.9770173029342495,1.1333333333333333,ransom_0053
11,0.0077044025157232705,0.0,38,15,-0.2656233867508792,1.225,ransom_0055
3,0.04,0.0,8,3,-0.16783627165933773,0.96,ransom_0056
0,0.25,0.0,1,1,0.0,0.75,ransom_0057
0,0.25,0.0,1,1,0.0,0.75,ransom_0058
9,0.005681818181818182,0.0,43,27,-0.2538292808190922,0.9943181818181818,ransom_0059
6,0.033846153846153845,0.0,2,1,-0.024056261216234512,0.8461538461538461,ransom_0060
2,0.038461538461538464,0.0,7,5,-0.34668860656905154,0.9615384615384616,ransom_0061
11,0.011901263590949163,0.0,4,10,-0.2810889027151016,0.9759036144578314,ransom_0062
4,0.014925373134328358,0.0,3,6,-0.41049117073189484,0.9850746268656716,ransom_0063
1,0.11904761904761904,0.0,1,1,0.0,0.7142857142857143,ransom_0064
2,0.02543940795559667,0.0,10,7,-0.1566626582806778,1.1702127659574468,ransom_0066
19,0.020833333333333332,0.0,3,4,-0.361994480430293,0.9791666666666666,ransom_0067
4,0.010285383166739099,0.0,26,12,-0.2546309569512587,1.2033898305084745,ransom_0068
0,0.3333333333333333,0.0,1,1,0.0,0.6666666666666666,ransom_0069
1,0.03333333333333333,0.0,9,2,-0.17776657670806428,0.9666666666666667,ransom_0070
3,0.09090909090909091,0.0,2,2,0.31622776601683933,1.0,ransom_0071
10,0.024390243902439025,0.0,2,4,-0.5222329678670942,0.975609756097561,ransom_0072
5,0.0718954248366013,0.0,6,2,0.8280786712108243,1.2222222222222223,ransom_0074
3,0.01694915254237288,0.0,3,6,-0.40902990810506523,0.9830508474576272,ransom_0075
9,0.019982993197278913,0.0,3,6,-0.24742029951689684,0.9591836734693877,ransom_0076
11,0.0049258657209004485,0.0,10,23,-0.18111510660855562,0.9900990099009901,ransom_0077
4,0.02631578947368421,0.0,2,4,-0.4386616577135621,0.9736842105263158,ransom_0079
3,0.040229885057471264,0.0,7,3,0.3088700400141108,1.1666666666666667,ransom_0080
0,0.07692307692307693,0.0,2,2,-0.31622776601683883,0.9230769230769231,ransom_0081
7,0.034482758620689655,0.0,1,7,1.3775727922348752e-08,0.9655172413793104,ransom_0082
1,0.058823529411764705,0.0,2,1,-0.4547940268270977,0.9411764705882353,ransom_0084
1,0.07575757575757576,0.0,1,2,0.0,0.8333333333333334,ransom_0085
3,0.02619047619047619,0.0,3,3,-0.42100810524951593,0.9166666666666666,ransom_0086
3,0.04,0.0,5,4,-0.32505442214880076,0.96,ransom_0087
2,0.075,0.0,4,2,0.5521576303742317,1.125,ransom_0088
3,0.045454545454545456,0.0,5,4,-0.34643791762627624,0.9545454545454546,ransom_0089
2,0.032716927453769556,0.0,10,3,0.32489750472611584,1.2105263157894737,ransom_0090
4,0.02903225806451613,0.0,3,2,-0.19362629220931582,0.8709677419354839,ransom_0091
0,0.3333333333333333,0.0,1,1,0.0,0.6666666666666666,ransom_0092
0,0.07575757575757576,0.0,1,2,-0.6454972243679042,0.8333333333333334,ransom_0093
14,0.007041540020263424,0.0,9,15,-0.19686064844336895,0.9858156028368794,ransom_0094
0,0.125,0.0,2,1,0.6324555320336753,1.0,ransom_0095
5,0.029411764705882353,0.0,2,3,-0.34236218984810585,0.9705882352941176,ransom_0096
1,0.10714285714285714,0.0,1,2,0.0,0.75,ransom_0097
2,0.03598484848484849,0.0,7,3,0.17559248827015364,1.1515151515151516,ransom_0099
2,0.043478260869565216,0.0,7,2,-0.03563483225498951,0.9565217391304348,ransom_0101
24,0.037298387096774195,0.0,7,3,0.13611100792358458,1.15625,ransom_0102
4,0.029356060606060608,0.0,2,3,-0.5462792808001967,0.9393939393939394,ransom_0103
0,0.08333333333333333,0.0,2,1,-0.04303314829119245,0.9166666666666666,ransom_0105
1,0.125,0.0,2,1,0.2999999999999991,0.875,ransom_0106
1,0.051470588235294115,0.0,1,3,0.0,0.8235294117647058,ransom_0107
6,0.1,0.0,2,2,-0.478091443733757,0.9,ransom_0108
5,0.01894521249359959,0.0,13,7,-0.20566656417740115,1.1746031746031746,ransom_0110
32,0.022198731501057084,0.0,2,5,-0.39650492768853973,0.9545454545454546,ransom_0111
3,0.054945054945054944,0.0,1,1,0.0,0.7142857142857143,ransom_0112
2,0.1111111111111111,0.0,2,1,0.0,0.8888888888888888,ransom_0114
4,0.02753623188405797,0.0,13,4,0.2172365370992184,1.2391304347826086,ransom_0115
0,0.14285714285714285,0.0,1,1,0.0,0.8571428571428571,ransom_0116
24,0.0136986301369863,0.0,3,8,-0.3180533625627067,0.9863013698630136,ransom_0117
11,0.005050505050505051,0.0,13,21,-0.15474597796049175,0.9949494949494949,ransom_0119
11,0.00684931506849315,0.0,33,26,-0.27481466981689207,0.9931506849315068,ransom_0120
5,0.01558641975308642,0.0,22,9,-0.14657130448270259,1.2469135802469136,ransom_0121
6,0.09090909090909091,0.0,3,1,-0.4588314677411242,0.9090909090909091,ransom_0122
0,0.3333333333333333,0.0,1,1,0.0,0.6666666666666666,ransom_0123
6,0.029411764705882353,0.0,2,4,-0.3355919851294464,0.9705882352941176,ransom_0124
1,0.09090909090909091,0.0,3,1,0.11470786693528054,0.9090909090909091,ransom_0125
0,0.14285714285714285,0.0,1,2,0.0,0.8571428571428571,ransom_0126
1,0.06666666666666667,0.0,2,1,-0.22821773229381903,0.9333333333333333,ransom_0127
8,0.040229885057471264,0.0,7,4,0.060507103191431995,1.1666666666666667,ransom_0129
0,0.16666666666666666,0.0,2,1,0.47140452079103273,1.0,ransom_0130
1,0.02903225806451613,0.0,2,1,-0.015456116693379792,0.8709677419354839,ransom_0131
0,0.11904761904761904,0.0,1,1,0.0,0.7142857142857143,ransom_0132
12,0.021739130434782608,0.0,4,3,-0.40484218771604885,0.9782608695652174,ransom_0133
3,0.02926829268292683,0.0,9,4,0.04267022272284523,1.170731707317073,ransom_0134
1,0.025,0.0,14,1,0.15689327026963198,0.975,ransom_0135
20,0.023809523809523808,0.0,3,4,-0.426014322842305,0.9761904761904762,ransom_0136
10,0.022435897435897436,0.0,2,3,-0.2853377376392285,0.875,ransom_0137
6,0.3333333333333333,0.0,1,1,0.0,0.6666666666666666,ransom_0138
3,0.01956636700158646,0.0,14,7,-0.16513201780669312,1.1935483870967742,ransom_0139
8,0.009982384028185555,0.0,41,10,-0.1355386065963914,1.297709923664122,ransom_0141
19,0.018656716417910446,0.0,19,6,-0.048266616015260444,1.25,ransom_0142
9,0.010869565217391304,0.0,6,10,-0.2271804153148739,0.9891304347826086,ransom_0143
1,0.16666666666666666,0.0,1,1,0.0,0.8333333333333334,ransom_0144
4,0.0625,0.0,6,1,0.08006407690254407,0.9375,ransom_0145
2,0.09090909090909091,0.0,1,1,-0.2500000000000021,0.9090909090909091,ransom_0146
3,0.034759358288770054,0.0,7,6,-0.13240318507043722,1.1470588235294117,ransom_0147
2,0.03125,0.0,2,3,-0.3693141138025786,0.96875,ransom_0149
1,0.07575757575757576,0.0,1,2,0.0,0.8333333333333334,ransom_0150
2,0.07692307692307693,0.0,1,1,-0.4999999999999998,0.9230769230769231,ransom_0152
3,0.01740096260644206,0.0,22,5,0.18108866656741485,1.2702702702702702,ransom_0155
6,0.010869565217391304,0.0,5,11,-0.2673232187860296,0.9891304347826086,ransom_0156
5,0.011111111111111112,0.0,24,11,-0.2691572384906553,0.9888888888888889,ransom_0157
0,0.07142857142857142,0.0,2,1,-0.23809523809523936,0.9285714285714286,ransom_0158
0,0.1111111111111111,0.0,2,1,0.16666666666666488,1.0,ransom_0159
12,0.01984126984126984,0.0,18,6,0.006569548595804947,1.25,ransom_0160
5,0.022727272727272728,0.0,3,4,-0.35558774599141885,0.9772727272727273,ransom_0161
3,0.08181818181818182,0.0,1,2,-0.7559289460184522,0.8181818181818182,ransom_0163
5,0.02702702702702703,0.0,3,3,-0.4473289699621741,0.972972972972973,ransom_0164
7,0.013153153153153152,0.0,4,9,-0.26425316892858763,0.9733333333333334,ransom_0165
5,0.027777777777777776,0.0,2,3,-0.5533028716685023,0.9722222222222222,ransom_0168
5,0.08888888888888889,0.0,1,2,0.0,0.8,ransom_0169
3,0.024132730015082957,0.0,14,4,0.18861183186986688,1.2307692307692308,ransom_0171
0,0.2,0.0,1,1,0.0,0.8,ransom_0172
8,0.008,0.0,36,14,-0.27593831198505153,0.992,ransom_0173
4,0.03666666666666667,0.0,1,3,-0.33508312663335593,0.88,ransom_0174
10,0.05,0.0,7,1,-0.04941662111074077,0.95,ransom_0177
26,0.05555555555555555,0.0,5,2,-0.49218701934884873,0.9444444444444444,ransom_0178
6,0.02702702702702703,0.0,2,4,-0.37715714320235766,0.972972972972973,ransom_0179
5,0.015277777777777777,0.0,20,8,-0.19372883855733167,1.2222222222222223,ransom_0180
2,0.05263157894736842,0.0,8,1,0.0,0.9473684210526315,ransom_0182
2,0.05,0.0,2,2,-0.3940934516227342,0.95,ransom_0184
2,0.047619047619047616,0.0,2,2,-0.35185185185185164,0.9523809523809523,ransom_0185
1,0.047619047619047616,0.0,6,2,-0.12729376930432948,0.9523809523809523,ransom_0186
4,0.029356060606060608,0.0,1,4,-0.3929071422205496,0.9393939393939394,ransom_0187
15,0.006287767434264249,0.0,17,12,-0.23760016082735338,0.9808917197452229,ransom_0188
0,0.0625,0.0,2,1,-0.6446583712203042,0.9375,ransom_0189
2,0.08333333333333333,0.0,1,2,0.0,0.9166666666666666,ransom_0190
10,0.03125,0.0,9,4,-0.3302835589396004,0.96875,ransom_0191
6,0.14285714285714285,0.0,1,1,0.0,0.8571428571428571,ransom_0194
3,0.029556650246305417,0.0,2,2,-0.3162277660168366,0.8275862068965517,ransom_0195
5,0.016666666666666666,0.0,3,7,-0.3284875110687828,0.9833333333333333,ransom_0196
2,0.03012820512820513,0.0,9,4,0.10344551515033377,1.175,ransom_0198
16,0.030303030303030304,0.0,2,3,-0.3601801351125985,0.9696969696969697,ransom_0199
0,0.2,0.0,1,1,-1.0,0.8,ransom_0200
5,0.06432748538011696,0.0,5,2,0.6100659399833908,1.1578947368421053,ransom_0201
0,0.25,0.0,1,1,0.0,0.75,ransom_0203
1,0.043859649122807015,0.0,2,2,-0.18463723646899954,0.7894736842105263,ransom_0204
6,0.1,0.0,1,1,0.0,0.9,ransom_0205
18,0.011111111111111112,0.0,5,9,-0.2567415098435546,0.9888888888888889,ransom_0207
3,0.012044564890093345,0.0,4,10,-0.2883893722033615,0.975609756097561,ransom_0209
3,0.015625,0.0,15,10,-0.26763811654271247,0.984375,ransom_0210
2,0.022727272727272728,0.0,3,4,-0.3006638261227944,0.9772727272727273,ransom_0211
33,0.013883299798792756,0.0,5,7,-0.23216753739362095,0.971830985915493,ransom_0214
7,0.05,0.0,4,4,-0.440385506050544,0.95,ransom_0216
0,0.1,0.0,2,2,0.05976143046672023,0.9,ransom_0217
5,0.033738191632928474,0.0,13,1,0.9982117533690014,1.2820512820512822,ransom_0220
0,0.08333333333333333,0.0,2,3,-0.11878277418330066,1.0,ransom_0221
0,0.25,0.0,1,1,0.0,0.75,ransom_0222
4,0.08333333333333333,0.0,1,1,-0.3563483225498987,0.9166666666666666,ransom_0223
14,0.04923076923076923,0.0,8,1,0.8630578229792922,1.2307692307692308,ransom_0224
8,0.047619047619047616,0.0,2,2,-0.4128614119223849,0.9523809523809523,ransom_0225
15,0.037037037037037035,0.0,6,4,-0.3569653238400649,0.9629629629629629,ransom_0226
48,0.0136986301369863,0.0,15,13,-0.28784508223343547,0.9863013698630136,ransom_0227
3,0.038461538461538464,0.0,2,3,-0.3500010039843837,0.9615384615384616,ransom_0228
2,0.02702702702702703,0.0,2,3,-0.4117329251026145,0.972972972972973,ransom_0229
16,0.00996590611067401,0.0,30,16,-0.2482647426281454,1.2258064516129032,ransom_0231
2,0.12222222222222222,0.0,3,1,0.9999999999999996,1.1,ransom_0232
9,0.012195121951219513,0.0,28,4,-0.19968721091709232,0.9878048780487805,ransom_0233
3,0.04365079365079365,0.0,7,2,0.565842189653633,1.1785714285714286,ransom_0234
0,0.1,0.0,1,1,-0.478091443733757,0.9,ransom_0235
2,0.012982456140350877,0.0,4,9,-0.26728576843360125,0.9736842105263158,ransom_0236
1,0.02857142857142857,0.0,8,4,-0.37140287369310093,0.9714285714285714,ransom_0237
11,0.005405405405405406,0.0,11,20,-0.16895944200934349,0.9945945945945946,ransom_0238
3,0.027462121212121212,0.0,4,2,-0.10520708813981527,0.8787878787878788,ransom_0239
2,0.047619047619047616,0.0,2,2,-0.4545454545454549,0.9523809523809523,ransom_0240
4,0.005681818181818182,0.0,9,20,-0.19591343239768147,0.9943181818181818,ransom_0241
6,0.14285714285714285,0.0,1,1,0.0,0.8571428571428571,ransom_0242
0,0.25,0.0,1,1,0.0,0.75,ransom_0243
1,0.023809523809523808,0.0,9,8,-0.33866072684065546,0.9761904761904762,ransom_0244
24,0.005494505494505495,0.0,51,23,-0.2523909881898093,0.9945054945054945,ransom_0246
1,0.07575757575757576,0.0,1,2,0.0,0.8333333333333334,ransom_0247
4,0.011235955056179775,0.0,22,12,-0.2709475239936118,0.9887640449438202,ransom_0248
14,0.020814061054579093,0.0,2,6,-0.3247105109450865,0.9574468085106383,ransom_0249
1,0.058823529411764705,0.0,3,3,-0.1849000654084097,0.9411764705882353,ransom_0250
2,0.05138339920948617,0.0,5,2,0.512391895472064,1.1304347826086956,ransom_0251
8,0.017689684569479967,0.0,16,8,-0.16212730770573275,1.2028985507246377,ransom_0252
11,0.02435897435897436,0.0,2,6,-0.25324893108766827,0.95,ransom_0253
0,0.125,0.0,3,1,0.09128709291752737,0.875,ransom_0255
16,0.015873015873015872,0.0,14,11,-0.3013319280296757,0.9841269841269841,ransom_0256
7,0.00951241740715425,0.0,36,11,-0.19250199344405283,1.255639097744361,ransom_0257
0,0.3333333333333333,0.0,1,1,0.0,0.6666666666666666,ransom_0259
1,0.06666666666666667,0.0,2,2,-0.6779076806833005,0.9333333333333333,ransom_0260
7,0.021256038647342997,0.0,2,6,-0.3067859955389486,0.9565217391304348,ransom_0261
4,0.04365079365079365,0.0,7,3,0.4041026714489336,1.1785714285714286,ransom_0263
0,0.3333333333333333,0.0,1,1,0.0,0.6666666666666666,ransom_0264
3,0.03333333333333333,0.0,9,3,-0.3800401926974762,0.9666666666666667,ransom_0265
2,0.16666666666666666,0.0,2,1,0.47140452079103273,1.0,ransom_0267
0,0.09340659340659341,0.0,5,1,1.000000000000001,1.2142857142857142,ransom_0268
0,0.025,0.0,2,4,-0.4653744973452896,0.975,ransom_0269
7,0.02195121951219512,0.0,3,2,0.14348601079588777,0.8780487804878049,ransom_0270
0,0.14285714285714285,0.0,1,2,0.0,0.8571428571428571,ransom_0271
1,0.042328042328042326,0.0,6,3,0.3127213419171735,1.1428571428571428,ransom_0273
2,0.035037878787878785,0.0,6,4,-0.07462617709716532,1.121212121212121,ransom_0274
5,0.022133526850507984,0.0,10,6,-0.174698836881546,1.150943396226415,ransom_0275
5,0.02702702702702703,0.0,11,4,-0.32305253776031245,0.972972972972973,ransom_0276
6,0.023809523809523808,0.0,2,4,-0.3915260031888636,0.9761904761904762,ransom_0277
1,0.038461538461538464,0.0,2,1,-0.6011591171947773,0.9615384615384616,ransom_0278
1,0.14285714285714285,0.0,3,1,0.0,0.8571428571428571,ransom_0280
4,0.05627705627705628,0.0,6,3,0.30425069632783686,1.1818181818181819,ransom_0281
0,0.041935483870967745,0.0,10,2,0.8860397568463814,1.2580645161290323,ransom_0282
0,0.11904761904761904,0.0,1,1,0.0,0.7142857142857143,ransom_0285
1,0.04,0.0,8,2,-0.24999999999999986,0.96,ransom_0286
12,0.010309278350515464,0.0,23,14,-0.2561129637005849,0.9896907216494846,ransom_0287
5,0.007996801279488205,0.0,9,9,-0.2924394855110912,0.975609756097561,ransom_0288
1,0.125,0.0,2,1,-0.4000000000000027,0.875,ransom_0291
1,0.04252873563218391,0.0,9,1,0.8780633705175531,1.2333333333333334,ransom_0292
1,0.041666666666666664,0.0,2,2,-0.3719757570802451,0.9583333333333334,ransom_0293
4,0.012773047019622362,0.0,5,2,-0.1578932697611291,0.9324324324324325,ransom_0294
5,0.07142857142857142,0.0,5,1,-0.3370999312316217,0.9285714285714286,ransom_0295
2,0.08791208791208792,0.0,4,1,0.7102548431775864,1.1428571428571428,ransom_0296
9,0.03571428571428571,0.0,4,5,-0.34515648059105036,0.9642857142857143,ransom_0297
7,0.01051122790253225,0.0,5,5,-0.28846270409633157,0.9565217391304348,ransom_0298
3,0.03078078078078078,0.0,6,5,-0.15428477289003084,1.1081081081081081,ransom_0299
26,0.005434456254128386,0.0,11,20,-0.15099482837506042,0.9890710382513661,ransom_0300
17,0.006369426751592357,0.0,48,18,-0.2730063661843355,0.9936305732484076,ransom_0302
10,0.006944444444444444,0.0,8,16,-0.19403767651208761,0.9930555555555556,ransom_0303
2,0.3333333333333333,0.0,1,1,0.0,0.6666666666666666,ransom_0304
1,0.07692307692307693,0.0,2,2,0.16666666666666635,1.0,ransom_0305
4,0.045454545454545456,0.0,1,3,-0.3009926281223912,0.9545454545454546,ransom_0307
0,0.03118279569892473,0.0,1,4,-0.35959505428050276,0.9354838709677419,ransom_0308
5,0.02564102564102564,0.0,2,4,-0.4777216856776263,0.9743589743589743,ransom_0309
0,0.10909090909090909,0.0,3,1,0.9284766908852585,1.0909090909090908,ransom_0311
4,0.021040974529346623,0.0,3,2,-0.20430920795827573,0.8837209302325582,ransom_0312
7,0.019230769230769232,0.0,11,9,-0.3358363146947531,0.9807692307692307,ransom_0314
0,0.03571428571428571,0.0,2,3,-0.40768288975104516,0.9642857142857143,ransom_0315
6,0.013693270735524257,0.0,4,8,-0.2950041733293665,0.9722222222222222,ransom_0316
8,0.026984126984126985,0.0,1,4,-0.487419367435838,0.9444444444444444,ransom_0317
7,0.03058321479374111,0.0,7,5,-0.12844977720524411,1.131578947368421,ransom_0318
2,0.0196078431372549,0.0,18,4,-0.2751220821521231,0.9803921568627451,ransom_0319
7,0.013513513513513514,0.0,21,10,-0.29475947608061015,0.9864864864864865,ransom_0320
7,0.017241379310344827,0.0,3,6,-0.3812295008139176,0.9827586206896551,ransom_0321
4,0.024390243902439025,0.0,12,4,-0.1455815055969451,0.975609756097561,ransom_0323
2,0.043478260869565216,0.0,7,3,-0.23305712421707048,0.9565217391304348,ransom_0324
1,0.03333333333333333,0.0,2,3,-0.5104166666666671,0.9666666666666667,ransom_0325
1,0.037037037037037035,0.0,7,5,-0.2508355841093714,0.9629629629629629,ransom_0326
0,0.16666666666666666,0.0,2,1,0.16666666666666557,0.8333333333333334,ransom_0327
0,0.042483660130718956,0.0,1,1,-0.2842676218074799,0.7222222222222222,ransom_0328
9,0.06043956043956044,0.0,1,2,0.0,0.7857142857142857,ransom_0329
25,0.0136986301369863,0.0,17,12,-0.28375042587803606,0.9863013698630136,ransom_0330
8,0.01122031122031122,0.0,28,10,-0.1881504986676356,1.2342342342342343,ransom_0332
10,0.005555555555555556,0.0,43,27,-0.2565054986928197,0.9944444444444445,ransom_0333
7,0.005847953216374269,0.0,10,19,-0.18119196195772957,0.9941520467836257,ransom_0334
1,0.07083333333333333,0.0,3,2,0.21033219281984672,1.0625,ransom_0335
4,0.024291497975708502,0.0,3,2,-0.22349507813383682,0.9230769230769231,ransom_0336
3,0.02631578947368421,0.0,2,4,-0.3730852245002216,0.9736842105263158,ransom_0337
1,0.1388888888888889,0.0,3,1,0.9185586535436918,1.1111111111111112,ransom_0340
2,0.03218390804597701,0.0,1,4,-0.43039790746784656,0.9333333333333333,ransom_0341
0,0.07142857142857142,0.0,5,1,0.21957751641341972,0.9285714285714286,ransom_0343
9,0.011363636363636364,0.0,5,9,-0.2726220899482094,0.9886363636363636,ransom_0344
11,0.020871143375680582,0.0,13,7,-0.15984820738552186,1.1896551724137931,ransom_0345
6,0.018518518518518517,0.0,17,7,-0.27714213069287624,0.9814814814814815,ransom_0346
33,0.012009087958455048,0.0,5,4,-0.2973018926132828,0.9367088607594937,ransom_0347
6,0.022067363530778164,0.0,4,2,-0.33352739024454514,0.9047619047619048,ransom_0348
1,0.023717948717948717,0.0,5,3,-0.3357875137344378,0.925,ransom_0349
2,0.009603960396039604,0.0,7,5,-0.2831353045593265,0.9603960396039604,ransom_0350
2,0.09090909090909091,0.0,1,2,0.0,0.9090909090909091,ransom_0351
0,0.07272727272727272,0.0,1,1,-0.3333333333333333,0.7272727272727273,ransom_0352
10,0.010638297872340425,0.0,5,10,-0.30530052611097125,0.9893617021276596,ransom_0353
0,0.12222222222222222,0.0,3,1,0.911465430375301,1.1,ransom_0354
2,0.024291497975708502,0.0,4,3,-0.4037459502735944,0.9230769230769231,ransom_0355
1,0.05555555555555555,0.0,5,2,-0.26114836434193567,0.9444444444444444,ransom_0356
4,0.021929824561403508,0.0,15,5,0.007975222625592415,1.2280701754385965,ransom_0357
3,0.01491681009753299,0.0,22,9,-0.153311864587841,1.2380952380952381,ransom_0358
3,0.10714285714285714,0.0,1,2,0.0,0.75,ransom_0359
2,0.05476190476190476,0.0,4,2,0.3165088157828888,1.0952380952380953,ransom_0360
2,0.05263157894736842,0.0,2,1,-0.3750886420057287,0.9473684210526315,ransom_0362
7,0.019230769230769232,0.0,3,6,-0.3329589885027072,0.9807692307692307,ransom_0363
38,0.015981012658227847,0.0,23,5,0.09114570979971305,1.2625,ransom_0364
4,0.03333333333333333,0.0,2,2,-0.2500000000000021,0.8,ransom_0365
8,0.025604551920341393,0.0,2,5,-0.3027425107632567,0.9473684210526315,ransom_0366
4,0.2,0.0,1,1,0.0,0.8,ransom_0368
4,0.041935483870967745,0.0,10,2,0.7993297735218763,1.2580645161290323,ransom_0371
1,0.125,0.0,2,1,0.2999999999999991,0.875,ransom_0372
12,0.02,0.0,12,7,-0.300525613298539,0.98,ransom_0373
8,0.012048192771084338,0.0,4,10,-0.2900597540900948,0.9879518072289156,ransom_0374
6,0.015873015873015872,0.0,13,12,-0.29962158174936065,0.9841269841269841,ransom_0376
1,0.08333333333333333,0.0,2,1,-0.04303314829119245,0.9166666666666666,ransom_0378
0,0.1,0.0,3,1,0.4999999999999985,0.9,ransom_0380
2,0.034482758620689655,0.0,9,2,-0.29783275101341594,0.9655172413793104,ransom_0381
0,0.3333333333333333,0.0,1,1,0.0,0.6666666666666666,ransom_0382
7,0.010414333706606943,0.0,4,11,-0.30520626240940435,0.9789473684210527,ransom_0383
2,0.125,0.0,2,1,0.6324555320336753,1.0,ransom_0385
1,0.1,0.0,1,2,0.0,0.9,ransom_0386
4,0.023809523809523808,0.0,3,4,-0.3689959215003676,0.9761904761904762,ransom_0388
3,0.02702702702702703,0.0,2,4,-0.34887035746218065,0.972972972972973,ransom_0389
5,0.05,0.0,7,1,0.8432156279940118,1.2,ransom_0392
38,0.015384615384615385,0.0,4,7,-0.30102900821735523,0.9846153846153847,ransom_0393
12,0.017543859649122806,0.0,11,11,-0.27479704538253885,0.9824561403508771,ransom_0394
0,0.1,0.0,3,1,-0.37796447300922864,0.9,ransom_0395
1,0.027777777777777776,0.0,2,3,-0.4821318115765707,0.9722222222222222,ransom_0396
2,0.045584045584045586,0.0,7,2,0.5978006048390299,1.1851851851851851,ransom_0397
17,0.023255813953488372,0.0,2,4,-0.3859012646989599,0.9767441860465116,ransom_0398
6,0.04700854700854701,0.0,8,2,0.8680685483046164,1.2222222222222223,ransom_0399
4,0.03931451612903226,0.0,9,3,0.3926356160954073,1.21875,ransom_0400
8,0.015873015873015872,0.0,14,12,-0.2948222824470398,0.9841269841269841,ransom_0401
2,0.03333333333333333,0.0,2,2,-0.4348958333333337,0.9666666666666667,ransom_0402
0,0.2,0.0,1,1,-1.0,0.8,ransom_0405
6,0.007158220190885872,0.0,42,19,-0.2751534918815851,1.23121387283237,ransom_0406
2,0.1111111111111111,0.0,2,1,-0.4472135954999579,0.8888888888888888,ransom_0408
8,0.006134969325153374,0.0,10,18,-0.18752199942779121,0.9938650306748467,ransom_0409
13,0.07692307692307693,0.0,1,3,0.0,0.9230769230769231,ransom_0410
2,0.01803921568627451,0.0,3,3,-0.019534959790148042,0.9019607843137255,ransom_0411
2,0.038461538461538464,0.0,2,2,-0.4184367466882668,0.9615384615384616,ransom_0412
8,0.015335801163405606,0.0,3,4,-0.4850313553750631,0.9354838709677419,ransom_0415
2,0.034759358288770054,0.0,7,4,0.002072211773640651,1.1470588235294117,ransom_0416
0,0.0625,0.0,2,1,-0.3888888888888882,0.9375,ransom_0417
0,0.0625,0.0,2,1,-0.37165555811971696,0.9375,ransom_0418
1,0.16666666666666666,0.0,1,1,0.0,0.8333333333333334,ransom_0419
0,0.25,0.0,1,1,0.0,0.75,ransom_0421
0,0.2,0.0,1,1,-1.0,0.8,ransom_0422
2,0.051666666666666666,0.0,8,2,0.7414779477138508,1.24,ransom_0423
6,0.034274193548387094,0.0,4,5,-0.194257172471453,1.0625,ransom_0424
2,0.028225806451612902,0.0,2,2,-0.5222329678670933,0.875,ransom_0426
7,0.024390243902439025,0.0,3,4,-0.32440756714946006,0.975609756097561,ransom_0427
10,0.018867924528301886,0.0,3,6,-0.30316199270030864,0.9811320754716981,ransom_0429
5,0.1,0.0,3,1,-0.37796447300922864,0.9,ransom_0430
4,0.009993688196928256,0.0,8,7,-0.2766289511872746,0.9693877551020408,ransom_0431
3,0.014084507042253521,0.0,5,6,-0.2966757416380656,0.9859154929577465,ransom_0432
1,0.040229885057471264,0.0,7,5,-0.11294828482295079,1.1666666666666667,ransom_0434
0,0.05476190476190476,0.0,4,3,0.24182541670333718,1.0952380952380953,ransom_0435
1,0.047619047619047616,0.0,7,1,-0.21202604782206577,0.9523809523809523,ransom_0437
0,0.14285714285714285,0.0,2,1,0.0,0.8571428571428571,ransom_0438
6,0.007820688543094412,0.0,38,17,-0.26621311038604056,1.2278481012658229,ransom_0439
0,0.025525525525525526,0.0,2,4,-0.4394250853039754,0.918918918918919,ransom_0440
11,0.03439153439153439,0.0,1,4,-0.4200676884258967,0.9285714285714286,ransom_0441
1,0.02631578947368421,0.0,2,3,-0.48884936998114115,0.9736842105263158,ransom_0442
10,0.03333333333333333,0.0,7,4,-0.5106383173665778,0.9666666666666667,ransom_0444
12,0.02496626180836707,0.0,3,5,-0.30597115745841574,0.9487179487179487,ransom_0445
0,0.3333333333333333,0.0,1,1,0.0,0.6666666666666666,ransom_0446
11,0.010986267166042446,0.0,5,11,-0.21093014346870567,0.9777777777777777,ransom_0447
2,0.015791476407914763,0.0,12,12,-0.24705979317847998,1.1369863013698631,ransom_0448
0,0.12222222222222222,0.0,3,1,0.9999999999999996,1.1,ransom_0449
1,0.030197444831591175,0.0,12,4,0.28425629763174287,1.2380952380952381,ransom_0450
2,0.0625,0.0,2,1,-0.1111111111111114,0.9375,ransom_0453
2,0.029036004645760744,0.0,10,5,-0.01835374528712016,1.1904761904761905,ransom_0454
0,0.036541889483065956,0.0,9,3,0.3701493878165745,1.2058823529411764,ransom_0455
4,0.01525478740668614,0.0,17,8,-0.22607578081331128,1.1898734177215189,ransom_0456
2,0.021739130434782608,0.0,9,10,-0.294244060511105,0.9782608695652174,ransom_0457
0,0.25,0.0,1,1,0.0,0.75,ransom_0458
3,0.023255813953488372,0.0,9,8,-0.3073851959606849,0.9767441860465116,ransom_0459
6,0.03333333333333333,0.0,7,5,-0.31372619929980117,0.9666666666666667,ransom_0460
3,0.021717171717171718,0.0,2,6,-0.3842456258156628,0.9555555555555556,ransom_0461
10,0.006172839506172839,0.0,43,22,-0.2610864230929947,0.9938271604938271,ransom_0462
1,0.07692307692307693,0.0,1,2,-0.6324555320336738,0.9230769230769231,ransom_0463
0,0.10606060606060606,0.0,4,1,0.9660917830792971,1.1666666666666667,ransom_0465
0,0.09722222222222222,0.0,1,1,-0.5477225575051675,0.7777777777777778,ransom_0466
0,0.3333333333333333,0.0,1,1,0.0,0.6666666666666666,ransom_0467
8,0.020833333333333332,0.0,11,7,-0.2903808938512827,0.9791666666666666,ransom_0468
3,0.08571428571428572,0.0,5,1,0.9843966158249962,1.2,ransom_0469
1,0.05263157894736842,0.0,2,4,-0.27171928052559885,1.0,ransom_0470
7,0.011764705882352941,0.0,24,8,-0.21312853671712786,0.9882352941176471,ransom_0472
3,0.02702702702702703,0.0,7,9,-0.31263412392524514,0.972972972972973,ransom_0473
1,0.25,0.0,1,1,0.0,0.75,ransom_0474
18,0.015376984126984126,0.0,4,8,-0.24806265295342952,0.96875,ransom_0475
2,0.027777777777777776,0.0,2,3,-0.4028785919406174,0.9722222222222222,ransom_0476
1,0.09722222222222222,0.0,1,2,0.0,0.7777777777777778,ransom_0478
7,0.04,0.0,7,3,-0.35082320772281184,0.96,ransom_0479
1,0.0380952380952381,0.0,2,1,-0.2182178902359924,0.7619047619047619,ransom_0480
1,0.054945054945054944,0.0,1,1,-0.2500000000000021,0.7142857142857143,ransom_0482
9,0.027777777777777776,0.0,9,6,-0.34950106888391225,0.9722222222222222,ransom_0483
1,0.058823529411764705,0.0,2,1,-0.3651483716701107,0.9411764705882353,ransom_0484
17,0.01639344262295082,0.0,3,7,-0.3217737746299744,0.9836065573770492,ransom_0485
5,0.05263157894736842,0.0,2,1,-0.3609974361905785,0.9473684210526315,ransom_0486
1,0.024774774774774775,0.0,2,3,-0.30118748697133024,0.8918918918918919,ransom_0487
0,0.25,0.0,1,1,0.0,0.75,ransom_0490
3,0.05,0.0,2,1,-0.5793654595023224,0.95,ransom_0491
0,0.13333333333333333,0.0,1,1,0.0,0.6666666666666666,ransom_0492
25,0.02631578947368421,0.0,2,4,-0.36889709751262895,0.9736842105263158,ransom_0493
6,0.012645249487354751,0.0,5,5,-0.33471442017968644,0.961038961038961,ransom_0494
6,0.005780346820809248,0.0,40,28,-0.25708211847712203,0.9942196531791907,ransom_0495
2,0.03303303303303303,0.0,9,4,0.14100418318615282,1.1891891891891893,ransom_0497
0,0.1,0.0,2,1,-0.1490711984999853,1.0,ransom_0498
3,0.014632936507936508,0.0,4,4,-0.36674756414550536,0.921875,ransom_0499
5,0.051666666666666666,0.0,8,2,0.8705629562428202,1.24,ransom_0501
3,0.018505079825834544,0.0,2,6,-0.38318548189289936,0.9622641509433962,ransom_0502
1,0.07142857142857142,0.0,5,1,0.101129979369486,0.9285714285714286,ransom_0503
2,0.043478260869565216,0.0,4,5,-0.3124999999999998,0.9565217391304348,ransom_0506
5,0.010752688172043012,0.0,19,16,-0.2691443093308986,0.989247311827957,ransom_0507
9,0.014925373134328358,0.0,16,10,-0.3190854341151259,0.9850746268656716,ransom_0510
6,0.07083333333333333,0.0,3,2,0.4767312946227958,1.0625,ransom_0511
0,0.3333333333333333,0.0,1,1,0.0,0.6666666666666666,ransom_0512
13,0.034482758620689655,0.0,2,2,-0.41666666666666596,0.9655172413793104,ransom_0513
5,0.0272895467160037,0.0,14,3,0.5690174531324937,1.2553191489361701,ransom_0514
2,0.03225806451612903,0.0,2,3,-0.5096471914376257,0.967741935483871,ransom_0515
1,0.04086021505376344,0.0,9,4,0.17131207221604802,1.2258064516129032,ransom_0516
0,0.25,0.0,1,1,0.0,0.75,ransom_0520
25,0.03787878787878788,0.0,9,2,0.5651283824060315,1.2121212121212122,ransom_0522
18,0.02748414376321353,0.0,10,4,-0.042316418619120534,1.1818181818181819,ransom_0523
14,0.018689196108550948,0.0,12,9,-0.22606972609217652,1.1587301587301588,ransom_0524
1,0.038461538461538464,0.0,2,2,-0.4184367466882668,0.9615384615384616,ransom_0526
9,0.015964912280701755,0.0,17,9,-0.22377005764602056,1.1973684210526316,ransom_0527
2,0.03253968253968254,0.0,7,4,0.005784116644135688,1.1388888888888888,ransom_0528
5,0.08333333333333333,0.0,2,1,0.0,0.9166666666666666,ransom_0529
1,0.14285714285714285,0.0,2,1,0.0,0.8571428571428571,ransom_0530
16,0.01755926251097454,0.0,14,10,-0.2234864117312924,1.1764705882352942,ransom_0531
13,0.030303030303030304,0.0,11,2,-0.3374081740911232,0.9696969696969697,ransom_0532
5,0.03571428571428571,0.0,6,4,-0.3355467263977841,0.9642857142857143,ransom_0533
3,0.08333333333333333,0.0,3,2,-0.038575837490522874,0.9166666666666666,ransom_0534
3,0.02702702702702703,0.0,5,8,-0.27758360128777493,0.972972972972973,ransom_0535
7,0.019982993197278913,0.0,2,6,-0.3254961120375069,0.9591836734693877,ransom_0538
8,0.006711409395973154,0.0,34,24,-0.25813321343492696,0.9932885906040269,ransom_0539
5,0.029411764705882353,0.0,6,6,-0.333036288866196,0.9705882352941176,ransom_0540
6,0.013101903695408734,0.0,24,10,-0.1949065910469083,1.231578947368421,ransom_0541
1,0.047619047619047616,0.0,5,3,-0.3725490196078432,0.9523809523809523,ransom_0542
7,0.009540846750149075,0.0,32,12,-0.21125097919704908,1.2307692307692308,ransom_0543
3,0.027777777777777776,0.0,2,3,-0.4626919128103129,0.9722222222222222,ransom_0544
0,0.07575757575757576,0.0,1,2,-0.6454972243679042,0.8333333333333334,ransom_0545
0,0.25,0.0,1,1,0.0,0.75,ransom_0546
9,0.014302920806985848,0.0,15,11,-0.263118129936977,1.1585365853658536,ransom_0547
4,0.045454545454545456,0.0,2,2,-0.2157782048366196,0.9545454545454546,ransom_0548
8,0.007692307692307693,0.0,36,17,-0.25165061676318873,0.9923076923076923,ransom_0549
6,0.015864621893178214,0.0,3,9,-0.27920076839196134,0.967741935483871,ransom_0550
2,0.022198731501057084,0.0,2,6,-0.2975280350734645,0.9545454545454546,ransom_0551
3,0.045454545454545456,0.0,2,2,-0.46249729006287993,0.9545454545454546,ransom_0552
9,0.011904761904761904,0.0,22,13,-0.28946055544278626,0.9880952380952381,ransom_0554
0,0.25,0.0,1,1,0.0,0.75,ransom_0555
8,0.027777777777777776,0.0,2,4,-0.2894736842105266,0.9722222222222222,ransom_0556
6,0.08333333333333333,0.0,2,1,-0.04303314829119245,0.9166666666666666,ransom_0557
12,0.009174311926605505,0.0,30,16,-0.28900495496621287,0.9908256880733946,ransom_0558
4,0.04700854700854701,0.0,8,2,0.7618062035667249,1.2222222222222223,ransom_0562
0,0.1,0.0,3,1,-0.37796447300922864,0.9,ransom_0564
0,0.2,0.0,2,1,0.0,0.8,ransom_0565
5,0.030107526881720432,0.0,3,2,-0.3939192985791678,0.9032258064516129,ransom_0567
0,0.25,0.0,1,1,0.0,0.75,ransom_0568
10,0.015625,0.0,4,6,-0.33583061133898345,0.984375,ransom_0570
2,0.03977272727272727,0.0,11,3,0.49474666621873825,1.2727272727272727,ransom_0571
13,0.015126050420168067,0.0,25,8,-0.0673015070468502,1.2705882352941176,ransom_0572
2,0.03571428571428571,0.0,8,3,-0.15488173846626865,0.9642857142857143,ransom_0573
2,0.05789473684210526,0.0,4,3,0.056388387443460315,1.1,ransom_0574
1,0.019230769230769232,0.0,17,6,-0.031209055143911184,1.2307692307692308,ransom_0575
1,0.1,0.0,2,1,0.6900655593423556,1.0,ransom_0576
1,0.07272727272727272,0.0,2,1,0.0,0.7272727272727273,ransom_0577
1,0.037549407114624504,0.0,2,1,-0.21794871794871928,0.8260869565217391,ransom_0578
5,0.029411764705882353,0.0,2,3,-0.38172787718255624,0.9705882352941176,ransom_0579
8,0.037037037037037035,0.0,6,4,-0.40975095470622025,0.9629629629629629,ransom_0580
1,0.029411764705882353,0.0,7,5,-0.26864674234219205,0.9705882352941176,ransom_0583
6,0.04093567251461988,0.0,1,1,0.0,0.7368421052631579,ransom_0584
1,0.05555555555555555,0.0,4,3,-0.31990389383686735,0.9444444444444444,ransom_0585
0,0.1111111111111111,0.0,3,1,0.0,0.8888888888888888,ransom_0587
4,0.016139240506329113,0.0,24,7,-0.04400185430064471,1.275,ransom_0588
3,0.03333333333333333,0.0,1,1,-0.33333333333333354,0.8,ransom_0589
1,0.16666666666666666,0.0,2,1,0.16666666666666557,0.8333333333333334,ransom_0590
0,0.0625,0.0,2,3,-0.6060952058888093,0.9375,ransom_0591
0,0.10714285714285714,0.0,1,1,-0.4999999999999998,0.75,ransom_0592
1,0.11904761904761904,0.0,1,1,0.0,0.7142857142857143,ransom_0593
6,0.015356820234869015,0.0,22,7,-0.0761946091852211,1.2439024390243902,ransom_0594
0,0.3333333333333333,0.0,1,1,0.0,0.6666666666666666,ransom_0597
0,0.3333333333333333,0.0,1,1,0.0,0.6666666666666666,ransom_0598
0,0.08181818181818182,0.0,1,2,0.0,0.8181818181818182,ransom_0599
0,0.049707602339181284,0.0,1,2,-0.4364357804719832,0.8947368421052632,ransom_0600
1,0.026276276276276277,0.0,1,5,-0.3700907400018005,0.9459459459459459,ransom_0601
24,0.01052390757263784,0.0,6,11,-0.1947039606948503,0.9787234042553191,ransom_0602
6,0.022869674185463658,0.0,18,4,0.34429918784810337,1.280701754385965,ransom_0603
26,0.005235602094240838,0.0,43,32,-0.26073031038579925,0.9947643979057592,ransom_0604
8,0.047619047619047616,0.0,5,3,-0.4042260417272217,0.9523809523809523,ransom_0605
3,0.037037037037037035,0.0,11,1,0.04094124749214487,0.9629629629629629,ransom_0606
4,0.023228803716608595,0.0,2,6,-0.2795961543988065,0.9523809523809523,ransom_0607
0,0.07142857142857142,0.0,2,1,-0.23809523809523936,0.9285714285714286,ransom_0608
10,0.012658227848101266,0.0,4,9,-0.28554101057371994,0.9873417721518988,ransom_0609
2,0.029411764705882353,0.0,2,3,-0.5191338940966965,0.9705882352941176,ransom_0611
0,0.25,0.0,1,1,0.0,0.75,ransom_0612
9,0.01123301985370951,0.0,4,11,-0.28498193830725377,0.9772727272727273,ransom_0613
10,0.00641025641025641,0.0,35,23,-0.2557136139306462,0.9935897435897436,ransom_0614
0,0.07575757575757576,0.0,1,2,-0.6454972243679042,0.8333333333333334,ransom_0615
8,0.026050420168067228,0.0,1,5,-0.2258769757263127,0.8857142857142857,ransom_0616
1,0.1,0.0,1,3,0.0,0.9,ransom_0617
5,0.01818181818181818,0.0,3,5,-0.3765901948435257,0.9818181818181818,ransom_0619
1,0.06666666666666667,0.0,5,1,0.09505863757867183,0.9333333333333333,ransom_0620
8,0.045454545454545456,0.0,7,1,0.04373659720709942,0.9545454545454546,ransom_0621
7,0.023076923076923078,0.0,2,4,-0.3345452582257358,0.9,ransom_0622
21,0.011627906976744186,0.0,6,9,-0.22500680430023123,0.9883720930232558,ransom_0623
4,0.05714285714285714,0.0,5,1,0.6179233816566932,1.1428571428571428,ransom_0624
2,0.026737967914438502,0.0,3,3,-0.18000900067505649,0.8823529411764706,ransom_0625
13,0.007575757575757576,0.0,7,16,-0.23370745485297173,0.9924242424242424,ransom_0626
5,0.09722222222222222,0.0,1,1,-0.7302967433402202,0.7777777777777778,ransom_0627
14,0.006993006993006993,0.0,9,14,-0.15922499147606634,0.993006993006993,ransom_0629
1,0.125,0.0,1,1,-0.7302967433402202,0.875,ransom_0630
3,0.02564102564102564,0.0,2,5,-0.2931301126161454,0.9743589743589743,ransom_0631
9,0.03125,0.0,2,3,-0.4847861655637192,0.96875,ransom_0632
4,0.02702702702702703,0.0,2,3,-0.3857583749052301,0.972972972972973,ransom_0633
3,0.058823529411764705,0.0,5,2,0.034815531191139566,0.9411764705882353,ransom_0634
0,0.054945054945054944,0.0,1,1,0.0,0.7142857142857143,ransom_0635
11,0.014925373134328358,0.0,15,11,-0.27065645792142845,0.9850746268656716,ransom_0636
14,0.019097222222222224,0.0,15,7,-0.17652285785004723,1.203125,ransom_0637
10,0.07142857142857142,0.0,2,2,0.4264014327112196,1.0,ransom_0638
7,0.02564102564102564,0.0,2,5,-0.3861103121875387,0.9743589743589743,ransom_0639
26,0.004901960784313725,0.0,12,23,-0.1673050148418415,0.9950980392156863,ransom_0640
13,0.004739336492890996,0.0,12,23,-0.16305635958167466,0.995260663507109,ransom_0641
1,0.026984126984126985,0.0,1,5,-0.3513383158178575,0.9444444444444444,ransom_0642
6,0.034759358288770054,0.0,7,4,0.002072211773640651,1.1470588235294117,ransom_0643
7,0.3333333333333333,0.0,1,1,0.0,0.6666666666666666,ransom_0645
5,0.010416666666666666,0.0,6,10,-0.2396188030308866,0.9895833333333334,ransom_0646
3,0.012048192771084338,0.0,18,14,-0.28795062905645485,0.9879518072289156,ransom_0647
10,0.006830870279146141,0.0,35,22,-0.29646025149623506,1.1885714285714286,ransom_0648
28,0.004608294930875576,0.0,11,24,-0.18065526435681678,0.9953917050691244,ransom_0649
5,0.02773109243697479,0.0,2,4,-0.40076627795391795,0.9428571428571428,ransom_0650
4,0.036541889483065956,0.0,9,4,0.1958604225419608,1.2058823529411764,ransom_0651
5,0.04923076923076923,0.0,8,2,0.7634430130519955,1.2307692307692308,ransom_0652
5,0.01781970649895178,0.0,5,5,-0.15282039066893696,0.9444444444444444,ransom_0653
11,0.01030701754385965,0.0,6,12,-0.2303604035862317,0.9791666666666666,ransom_0654
3,0.1111111111111111,0.0,3,1,0.2581988897471611,0.8888888888888888,ransom_0655
3,0.05,0.0,3,3,-0.1020620726159658,0.95,ransom_0656
12,0.05555555555555555,0.0,2,1,-0.34426518632954933,0.9444444444444444,ransom_0658
2,0.058823529411764705,0.0,2,1,-0.3651483716701107,0.9411764705882353,ransom_0660
5,0.1,0.0,2,1,0.6900655593423556,1.0,ransom_0663
9,0.04153846153846154,0.0,3,4,-0.22271057451320161,1.0384615384615385,ransom_0664
0,0.25,0.0,1,1,0.0,0.75,ransom_0665
13,0.021256038647342997,0.0,2,6,-0.36187343222787355,0.9565217391304348,ransom_0666
0,0.25,0.0,1,1,0.0,0.75,ransom_0667
0,0.3333333333333333,0.0,1,1,0.0,0.6666666666666666,ransom_0668
0,0.3333333333333333,0.0,1,1,0.0,0.6666666666666666,ransom_0670
7,0.03439153439153439,0.0,1,4,-0.4330127018922194,0.9285714285714286,ransom_0671
19,0.02435897435897436,0.0,2,5,-0.3466429711796853,0.95,ransom_0672
0,0.14285714285714285,0.0,1,1,0.0,0.8571428571428571,ransom_0673
7,0.013549832026875699,0.0,28,7,-0.06909307408673668,1.2736842105263158,ransom_0675
16,0.02195121951219512,0.0,2,2,-0.09999999999999974,0.8780487804878049,ransom_0676
5,0.025,0.0,3,3,-0.4396327589892424,0.975,ransom_0677
32,0.017857142857142856,0.0,4,5,-0.30744904825290514,0.9821428571428571,ransom_0678
4,0.023255813953488372,0.0,2,4,-0.41039045956500536,0.9767441860465116,ransom_0679
2,0.022941970310391364,0.0,3,3,-0.31081081081081063,0.8717948717948718,ransom_0682
3,0.036541889483065956,0.0,9,4,0.1296480081076267,1.2058823529411764,ransom_0683
28,0.012048192771084338,0.0,22,13,-0.290218418669209,0.9879518072289156,ransom_0684
4,0.041666666666666664,0.0,5,4,-0.20831080959324585,0.9583333333333334,ransom_0685
7,0.013675213675213675,0.0,23,8,-0.16692625561751634,1.2307692307692308,ransom_0686
3,0.045584045584045586,0.0,7,2,0.8481688724266189,1.1851851851851851,ransom_0687
2,0.0285204991087344,0.0,2,4,-0.4975185951049946,0.9411764705882353,ransom_0688
3,0.024774774774774775,0.0,3,2,-0.44685573868062806,0.8918918918918919,ransom_0689
9,0.014084507042253521,0.0,18,10,-0.2701062596859424,0.9859154929577465,ransom_0691
0,0.25,0.0,1,1,0.0,0.75,ransom_0692
1,0.1,0.0,2,1,0.6900655593423556,1.0,ransom_0693
6,0.030303030303030304,0.0,7,5,-0.24033643389188616,0.9696969696969697,ransom_0694
1,0.026515151515151516,0.0,2,1,-0.45833333333333415,0.8484848484848485,ransom_0695
1,0.047619047619047616,0.0,2,2,-0.38604401609572503,0.9523809523809523,ransom_0696
1,0.045454545454545456,0.0,7,1,0.2556908759799648,0.9545454545454546,ransom_0697
0,0.10714285714285714,0.0,1,1,0.0,0.75,ransom_0698
22,0.01561699948796723,0.0,3,7,-0.3892306006558885,0.9682539682539683,ransom_0699
2,0.0641025641025641,0.0,1,2,0.0,0.7692307692307693,ransom_0703
9,0.01,0.0,7,10,-0.24162626283378955,0.99,ransom_0704
1,0.04666666666666667,0.0,5,4,0.04481107149482163,1.12,ransom_0705
0,0.2,0.0,1,1,-1.0,0.8,ransom_0706
6,0.02631578947368421,0.0,11,4,-0.25635890760501345,0.9736842105263158,ransom_0707
1,0.02564102564102564,0.0,8,6,-0.29356759467089727,0.9743589743589743,ransom_0708
0,0.1111111111111111,0.0,2,1,0.16666666666666488,1.0,ransom_0709
2,0.015625,0.0,13,11,-0.2830792099247465,0.984375,ransom_0710
5,0.012431669899488627,0.0,36,5,0.2351086146592341,1.3177570093457944,ransom_0711
4,0.04666666666666667,0.0,5,3,0.21493088702019147,1.12,ransom_0712
3,0.03804347826086957,0.0,2,2,-0.1666666666666653,0.875,ransom_0713
5,0.14285714285714285,0.0,2,1,1.0,1.0,ransom_0715
0,0.09722222222222222,0.0,1,1,0.0,0.7777777777777778,ransom_0717
0,0.09722222222222222,0.0,1,2,0.0,0.7777777777777778,ransom_0718
5,0.029356060606060608,0.0,1,4,-0.37409633271034354,0.9393939393939394,ransom_0719
15,0.03225806451612903,0.0,10,2,-0.14071950894605884,0.967741935483871,ransom_0720
1,0.045454545454545456,0.0,2,2,-0.4758668672667996,0.9545454545454546,ransom_0721
1,0.10909090909090909,0.0,3,1,0.9284766908852585,1.0909090909090908,ransom_0722
7,0.04833333333333333,0.0,6,3,0.296164736469731,1.16,ransom_0723
0,0.08333333333333333,0.0,1,3,0.0,0.9166666666666666,ransom_0724
2,0.11904761904761904,0.0,1,1,0.0,0.7142857142857143,ransom_0725
4,0.08333333333333333,0.0,1,1,-0.3563483225498987,0.9166666666666666,ransom_0727
2,0.04252873563218391,0.0,9,2,0.6756534332606924,1.2333333333333334,ransom_0729
4,0.01514423076923077,0.0,3,7,-0.30589324693104225,0.9692307692307692,ransom_0730
3,0.06140350877192982,0.0,4,2,0.5673086289311754,1.105263157894737,ransom_0731
7,0.043478260869565216,0.0,7,3,-0.29508444542532697,0.9565217391304348,ransom_0732
0,0.07777777777777778,0.0,1,1,0.0,0.7,ransom_0733
2,0.03225806451612903,0.0,2,4,-0.40979998093175607,0.967741935483871,ransom_0734
1,0.10909090909090909,0.0,3,1,0.707106781186547,1.0909090909090908,ransom_0735
24,0.007142857142857143,0.0,7,15,-0.21842318501700547,0.9928571428571429,ransom_0736
7,0.021332554061952076,0.0,16,6,-0.004773359414870841,1.2372881355932204,ransom_0737
0,0.11904761904761904,0.0,1,1,0.0,0.7142857142857143,ransom_0738
0,0.08888888888888889,0.0,1,2,0.0,0.8,ransom_0739
5,0.014731585518102372,0.0,30,6,0.09172351104202289,1.3111111111111111,ransom_0740
5,0.14285714285714285,0.0,2,1,0.0,0.8571428571428571,ransom_0741
2,0.16666666666666666,0.0,1,1,0.0,0.8333333333333334,ransom_0742
0,0.16666666666666666,0.0,2,1,0.16666666666666557,0.8333333333333334,ransom_0743
10,0.03125,0.0,7,6,-0.30248232592505514,0.96875,ransom_0744
22,0.018433179723502304,0.0,11,8,-0.22393419102408677,1.1428571428571428,ransom_0746
13,0.013513513513513514,0.0,12,16,-0.2885905106129883,0.9864864864864865,ransom_0747
0,0.08181818181818182,0.0,1,2,0.0,0.8181818181818182,ransom_0748
1,0.1,0.0,2,1,0.0,0.9,ransom_0749
0,0.09722222222222222,0.0,1,2,0.0,0.7777777777777778,ransom_0750
2,0.03024193548387097,0.0,1,4,-0.39459458930101093,0.9375,ransom_0752
0,0.11904761904761904,0.0,1,1,0.0,0.7142857142857143,ransom_0754
1,0.1111111111111111,0.0,3,1,0.0,0.8888888888888888,ransom_0755
5,0.025,0.0,2,4,-0.3839557454229469,0.975,ransom_0756
10,0.021739130434782608,0.0,3,4,-0.32316464989628907,0.9782608695652174,ransom_0758
0,0.3333333333333333,0.0,1,1,0.0,0.6666666666666666,ransom_0761
6,0.026515151515151516,0.0,2,2,-0.3064129385141701,0.8484848484848485,ransom_0762
9,0.01085291113381001,0.0,8,7,-0.24913673114423487,0.9550561797752809,ransom_0764
0,0.13333333333333333,0.0,1,1,0.0,0.6666666666666666,ransom_0765
1,0.03931451612903226,0.0,9,2,0.7726719420864071,1.21875,ransom_0766
4,0.02631578947368421,0.0,2,4,-0.3730852245002216,0.9736842105263158,ransom_0768
7,0.03125,0.0,6,5,-0.35360853610615267,0.96875,ransom_0769
5,0.027777777777777776,0.0,10,5,-0.26783133189283864,0.9722222222222222,ransom_0770
1,0.05228758169934641,0.0,1,2,-0.4472135954999579,0.8888888888888888,ransom_0771
5,0.023809523809523808,0.0,2,5,-0.36688925577832837,0.9761904761904762,ransom_0772
3,0.006943760464887225,0.0,10,14,-0.18500501218122498,0.986013986013986,ransom_0773
12,0.02702702702702703,0.0,2,3,-0.39587424507089086,0.972972972972973,ransom_0774
0,0.11904761904761904,0.0,1,1,0.0,0.7142857142857143,ransom_0775
1,0.10714285714285714,0.0,1,1,0.0,0.75,ransom_0776
7,0.014084507042253521,0.0,19,11,-0.27690152845819843,0.9859154929577465,ransom_0777
2,0.041666666666666664,0.0,8,2,-0.14999999999999972,0.9583333333333334,ransom_0779
2,0.022198731501057084,0.0,2,5,-0.377707616389001,0.9545454545454546,ransom_0780
0,0.049019607843137254,0.0,2,1,0.0,0.8333333333333334,ransom_0781
2,0.03306878306878307,0.0,3,3,-0.47058823529411736,0.8928571428571429,ransom_0782
0,0.2,0.0,2,1,0.0,0.8,ransom_0783
0,0.02418207681365576,0.0,3,2,0.11409000361828203,0.8947368421052632,ransom_0784
24,0.025,0.0,2,4,-0.5429653034538369,0.975,ransom_0786
2,0.04473684210526316,0.0,2,2,-0.5454545454545462,0.85,ransom_0787
12,0.0049261083743842365,0.0,11,22,-0.18045343622674764,0.9950738916256158,ransom_0788
0,0.07575757575757576,0.0,1,2,0.0,0.8333333333333334,ransom_0789
9,0.058823529411764705,0.0,2,1,-0.18257418583505536,0.9411764705882353,ransom_0790
7,0.06666666666666667,0.0,3,2,-0.4064485096624701,0.9333333333333333,ransom_0791
0,0.125,0.0,2,1,0.2999999999999991,0.875,ransom_0792
0,0.024024024024024024,0.0,2,3,-0.2798520182231314,0.8648648648648649,ransom_0793
1,0.08333333333333333,0.0,1,1,-0.28867513459481253,0.9166666666666666,ransom_0794
0,0.25,0.0,1,1,0.0,0.75,ransom_0795
2,0.09090909090909091,0.0,1,3,0.0,0.9090909090909091,ransom_0796
0,0.07692307692307693,0.0,2,2,0.16666666666666635,1.0,ransom_0797
16,0.007042253521126761,0.0,7,16,-0.2381655026986003,0.9929577464788732,ransom_0798
4,0.03125,0.0,9,4,-0.3302835589396004,0.96875,ransom_0799
1,0.036290322580645164,0.0,6,5,-0.10808442529177925,1.125,ransom_0800
0,0.0641025641025641,0.0,1,2,0.0,0.7692307692307693,ransom_0801
0,0.10714285714285714,0.0,1,1,-0.4999999999999998,0.75,ransom_0803
5,0.04,0.0,2,3,-0.369961495807183,0.96,ransom_0804
0,0.25,0.0,1,1,0.0,0.75,ransom_0805
3,0.04678362573099415,0.0,1,2,0.0,0.8421052631578947,ransom_0806
4,0.038461538461538464,0.0,6,3,-0.27904991033687254,0.9615384615384616,ransom_0807
11,0.034482758620689655,0.0,2,2,-0.44539933408304444,0.9655172413793104,ransom_0808
6,0.01098901098901099,0.0,5,10,-0.2656508276221128,0.989010989010989,ransom_0809
3,0.05263157894736842,0.0,4,3,-0.5430753866417043,0.9473684210526315,ransom_0810
0,0.2,0.0,1,1,-1.0,0.8,ransom_0811
2,0.01945724526369688,0.0,15,6,0.004787237767346394,1.2063492063492063,ransom_0812
4,0.024390243902439025,0.0,2,5,-0.40422604172722176,0.975609756097561,ransom_0813
1,0.031746031746031744,0.0,2,2,-0.4082482904638635,0.8571428571428571,ransom_0814
3,0.045454545454545456,0.0,2,2,-0.3608774835585276,0.9545454545454546,ransom_0815
12,0.008264462809917356,0.0,7,11,-0.25845618815654386,0.9917355371900827,ransom_0816
10,0.014925373134328358,0.0,5,7,-0.24177510686364634,0.9850746268656716,ransom_0818
3,0.022727272727272728,0.0,10,8,-0.28671218841079343,0.9772727272727273,ransom_0819
3,0.017543859649122806,0.0,19,6,-0.25324154856011666,0.9824561403508771,ransom_0820
0,0.3333333333333333,0.0,1,1,0.0,0.6666666666666666,ransom_0822
0,0.07777777777777778,0.0,1,1,0.0,0.7,ransom_0823
6,0.01694915254237288,0.0,16,7,-0.37241811735980007,0.9830508474576272,ransom_0824
3,0.027462121212121212,0.0,2,3,-0.33956169432006444,0.8787878787878788,ransom_0827
0,0.1,0.0,2,1,0.6900655593423556,1.0,ransom_0828
11,0.04329004329004329,0.0,1,3,-0.2962962962962961,0.9090909090909091,ransom_0829
15,0.03333333333333333,0.0,1,1,0.0,0.8,ransom_0830
1,0.3333333333333333,0.0,1,1,0.0,0.6666666666666666,ransom_0832
6,0.022702104097452935,0.0,3,5,-0.24045916047776675,0.9534883720930233,ransom_0833
7,0.02148664343786295,0.0,3,2,-0.5045113860855142,0.8809523809523809,ransom_0834
5,0.03968253968253968,0.0,4,4,-0.087266380857617,1.0714285714285714,ransom_0835
22,0.02127659574468085,0.0,3,5,-0.31836738170890844,0.9787234042553191,ransom_0836
12,0.05714285714285714,0.0,1,2,0.0,0.8,ransom_0837
9,0.005260098808485905,0.0,11,11,-0.2370488007175069,0.9731182795698925,ransom_0838
5,0.006448239804810039,0.0,11,8,-0.20565258989036295,0.9736842105263158,ransom_0839
0,0.10714285714285714,0.0,1,1,0.0,0.75,ransom_0841
4,0.036931818181818184,0.0,8,4,0.1465390079427849,1.1818181818181819,ransom_0843
2,0.16666666666666666,0.0,1,1,0.0,0.8333333333333334,ransom_0845
4,0.023255813953488372,0.0,12,5,-0.3378676964608258,0.9767441860465116,ransom_0847
9,0.013883299798792756,0.0,4,8,-0.2708818866423425,0.971830985915493,ransom_0848
1,0.038461538461538464,0.0,4,5,-0.39834472027094847,0.9615384615384616,ransom_0849
6,0.00699018685307165,0.0,37,21,-0.28368281204342016,1.2023121387283238,ransom_0850
0,0.2,0.0,1,1,-1.0,0.8,ransom_0852
3,0.08888888888888889,0.0,1,2,0.0,0.8,ransom_0853
4,0.029411764705882353,0.0,2,3,-0.4404151646360269,0.9705882352941176,ransom_0854
1,0.06666666666666667,0.0,3,2,-0.13400504203456212,0.9333333333333333,ransom_0855
13,0.0285204991087344,0.0,1,5,-0.32966012662552624,0.9411764705882353,ransom_0856
14,0.012183544303797469,0.0,8,6,-0.31298615014884673,0.9625,ransom_0857
2,0.11904761904761904,0.0,1,1,0.0,0.7142857142857143,ransom_0858
1,0.11904761904761904,0.0,1,1,0.0,0.7142857142857143,ransom_0859
8,0.01409460105112279,0.0,28,6,-0.029461020109931728,1.2826086956521738,ransom_0861
2,0.06666666666666667,0.0,3,2,-0.5640760748177659,0.9333333333333333,ransom_0862
10,0.01282051282051282,0.0,25,10,-0.2811154390154272,0.9871794871794872,ransom_0865
17,0.014492753623188406,0.0,4,7,-0.34024427851726563,0.9855072463768116,ransom_0866
0,0.12222222222222222,0.0,3,1,0.9999999999999996,1.1,ransom_0867
0,0.3333333333333333,0.0,1,1,0.0,0.6666666666666666,ransom_0870
7,0.017845117845117844,0.0,3,6,-0.37451143372976825,0.9636363636363636,ransom_0871
5,0.02103825136612022,0.0,18,5,0.10183248941250309,1.2622950819672132,ransom_0872
0,0.1,0.0,4,1,0.05976143046671922,0.9,ransom_0873
2,0.022941970310391364,0.0,2,3,-0.04979295977319768,0.8717948717948718,ransom_0874
0,0.08888888888888889,0.0,1,2,0.0,0.8,ransom_0875
13,0.02702702702702703,0.0,7,8,-0.26902769367131535,0.972972972972973,ransom_0876
0,0.1388888888888889,0.0,3,1,0.9185586535436918,1.1111111111111112,ransom_0878
2,0.021739130434782608,0.0,2,5,-0.3828291233419532,0.9782608695652174,ransom_0879
2,0.06535947712418301,0.0,4,3,0.1663960597879561,1.1111111111111112,ransom_0880
4,0.04285714285714286,0.0,3,2,-1.2639000486876136e-15,0.8571428571428571,ransom_0882
1,0.023255813953488372,0.0,8,6,-0.172177821598894,0.9767441860465116,ransom_0884
2,0.2,0.0,1,1,-1.0,0.8,ransom_0885
5,0.015379357484620642,0.0,15,9,-0.24129230220957254,1.1688311688311688,ransom_0886
0,0.09722222222222222,0.0,1,2,0.0,0.7777777777777778,ransom_0887
13,0.10909090909090909,0.0,3,1,0.9284766908852585,1.0909090909090908,ransom_0890
0,0.10714285714285714,0.0,1,1,0.0,0.75,ransom_0892
7,0.10714285714285714,0.0,1,2,0.0,0.75,ransom_0893
2,0.020202020202020204,0.0,2,3,-0.3734080224074697,0.8888888888888888,ransom_0894
16,0.011494252873563218,0.0,5,9,-0.30335377116893497,0.9885057471264368,ransom_0896
4,0.1111111111111111,0.0,3,1,0.0,0.8888888888888888,ransom_0897
0,0.3333333333333333,0.0,1,1,0.0,0.6666666666666666,ransom_0898
4,0.010869565217391304,0.0,6,9,-0.24978278734571324,0.9891304347826086,ransom_0899
20,0.012345679012345678,0.0,22,13,-0.2853740749727494,0.9876543209876543,ransom_0900
6,0.06666666666666667,0.0,1,2,-0.5477225575051649,0.9333333333333333,ransom_0901
1,0.02195121951219512,0.0,2,3,-0.3125858660658267,0.8780487804878049,ransom_0903
10,0.004694835680751174,0.0,14,23,-0.1472767465306309,0.9953051643192489,ransom_0904
9,0.05238095238095238,0.0,1,1,-0.3563483225498987,0.7333333333333333,ransom_0905
1,0.16666666666666666,0.0,1,1,0.0,0.8333333333333334,ransom_0906
0,0.09722222222222222,0.0,1,2,0.0,0.7777777777777778,ransom_0907
0,0.08181818181818182,0.0,1,2,-0.7559289460184522,0.8181818181818182,ransom_0908
2,0.04285714285714286,0.0,1,2,0.0,0.8571428571428571,ransom_0909
2,0.03571428571428571,0.0,11,3,0.5296535154347766,1.25,ransom_0910
0,0.1111111111111111,0.0,1,1,0.0,0.8888888888888888,ransom_0911
3,0.023809523809523808,0.0,2,4,-0.5290305363388041,0.9761904761904762,ransom_0912
3,0.02857142857142857,0.0,9,4,-0.38397020677726074,0.9714285714285714,ransom_0913
7,0.010309278350515464,0.0,24,14,-0.2701109623138422,0.9896907216494846,ransom_0914
0,0.125,0.0,2,1,0.6324555320336753,1.0,ransom_0916
1,0.05411255411255411,0.0,5,3,0.37109868689730297,1.1363636363636365,ransom_0919
8,0.025,0.0,2,4,-0.3493034621945363,0.975,ransom_0920
2,0.03333333333333333,0.0,6,6,-0.3731572880344567,0.9666666666666667,ransom_0921
0,0.25,0.0,1,1,0.0,0.75,ransom_0922
3,0.024291497975708502,0.0,4,4,-0.3321454578754915,0.9230769230769231,ransom_0923
6,0.05411255411255411,0.0,5,2,0.5302514158172291,1.1363636363636365,ransom_0924
5,0.02040816326530612,0.0,3,5,-0.3994246143490838,0.9795918367346939,ransom_0926
2,0.037549407114624504,0.0,2,2,-0.12070113739631647,0.8260869565217391,ransom_0927
0,0.1,0.0,1,2,0.0,0.9,ransom_0929
0,0.2,0.0,1,1,-1.0,0.8,ransom_0930
2,0.05263157894736842,0.0,3,3,-0.34517957090507667,0.9473684210526315,ransom_0931
14,0.018091361374943465,0.0,15,10,-0.19908680365044584,1.1940298507462686,ransom_0932
4,0.07692307692307693,0.0,2,1,0.15811388300841836,0.9230769230769231,ransom_0933
2,0.023737373737373738,0.0,4,7,-0.2533342230629123,1.0444444444444445,ransom_0934
1,0.041379310344827586,0.0,8,2,0.6791342008922086,1.2,ransom_0935
2,0.037037037037037035,0.0,5,6,-0.3100859496225138,0.9629629629629629,ransom_0936
6,0.037037037037037035,0.0,2,2,-0.42600643361512924,0.9629629629629629,ransom_0937
6,0.011764705882352941,0.0,20,12,-0.2692064143954753,0.9882352941176471,ransom_0939
0,0.3333333333333333,0.0,1,1,0.0,0.6666666666666666,ransom_0940
22,0.0064516129032258064,0.0,45,16,-0.25346769167142014,0.9935483870967742,ransom_0941
0,0.16666666666666666,0.0,2,1,0.47140452079103273,1.0,ransom_0942
1,0.09090909090909091,0.0,2,1,0.3333333333333328,1.0,ransom_0943
5,0.025709219858156027,0.0,12,5,0.033316398333437365,1.2083333333333333,ransom_0944
3,0.03042328042328042,0.0,2,2,-0.4338609156373112,0.8214285714285714,ransom_0945
7,0.03694581280788178,0.0,3,5,-0.26532578664147793,1.0344827586206897,ransom_0946
0,0.25,0.0,1,1,0.0,0.75,ransom_0948
4,0.0136986301369863,0.0,23,7,-0.28322600515170204,0.9863013698630136,ransom_0949
2,0.01293759512937595,0.0,5,3,-0.2635162198228796,0.9315068493150684,ransom_0951
18,0.05263157894736842,0.0,2,2,-0.2578553115646985,0.9473684210526315,ransom_0952
10,0.010416666666666666,0.0,5,11,-0.30336409912092166,0.9895833333333334,ransom_0953
7,0.10714285714285714,0.0,1,1,0.0,0.75,ransom_0954
0,0.08181818181818182,0.0,1,2,0.0,0.8181818181818182,ransom_0955
1,0.08333333333333333,0.0,1,1,-0.3563483225498987,0.9166666666666666,ransom_0956
6,0.033783783783783786,0.0,10,3,0.4634275570907944,1.2162162162162162,ransom_0957
0,0.09722222222222222,0.0,1,1,0.0,0.7777777777777778,ransom_0958
1,0.05555555555555555,0.0,2,2,-0.33641370682494404,0.9444444444444444,ransom_0959
0,0.14285714285714285,0.0,1,2,0.0,0.8571428571428571,ransom_0960
0,0.16666666666666666,0.0,2,1,0.16666666666666557,0.8333333333333334,ransom_0961
1,0.05714285714285714,0.0,5,2,0.6500988935758721,1.1428571428571428,ransom_0962
0,0.10909090909090909,0.0,3,1,0.707106781186547,1.0909090909090908,ransom_0964
4,0.16666666666666666,0.0,2,1,0.16666666666666557,0.8333333333333334,ransom_0965
0,0.25,0.0,1,1,0.0,0.75,ransom_0966
3,0.024291497975708502,0.0,4,4,-0.2869368599152863,0.9230769230769231,ransom_0967
11,0.018367346938775512,0.0,3,3,-0.29141970194903305,0.9,ransom_0968
6,0.028455284552845527,0.0,9,5,-0.08097599660031136,1.1666666666666667,ransom_0969
4,0.01694915254237288,0.0,3,5,-0.37088167672686473,0.9830508474576272,ransom_0970
13,0.011627906976744186,0.0,5,9,-0.29516445899560256,0.9883720930232558,ransom_0971
6,0.00640971931294512,0.0,9,18,-0.20188906502263562,0.9870967741935484,ransom_0972
5,0.022222222222222223,0.0,14,4,-0.34152721088211646,0.9777777777777777,ransom_0973
1,0.2,0.0,1,1,0.0,0.8,ransom_0974
12,0.01,0.0,5,11,-0.26607947125065906,0.99,ransom_0975
0,0.25,0.0,1,1,0.0,0.75,ransom_0976
12,0.03125,0.0,2,4,-0.42274482986207373,0.96875,ransom_0978
4,0.010201890034364261,0.0,5,11,-0.26044322546509224,0.979381443298969,ransom_0979
3,0.11904761904761904,0.0,1,1,0.0,0.7142857142857143,ransom_0980
9,0.015873015873015872,0.0,12,13,-0.26252988029282903,0.9841269841269841,ransom_0981
0,0.058823529411764705,0.0,1,2,-0.7453559924999299,0.9411764705882353,ransom_0982
16,0.028658536585365855,0.0,8,5,-0.10899184179730345,1.146341463414634,ransom_0983
3,0.058823529411764705,0.0,1,2,-0.3651483716701107,0.9411764705882353,ransom_0984
12,0.011624649859943978,0.0,5,11,-0.24884230121745213,0.9764705882352941,ransom_0985
1,0.03571428571428571,0.0,8,3,-0.3875009645477452,0.9642857142857143,ransom_0986
9,0.008060299756012548,0.0,35,17,-0.2611967425938096,1.2171052631578947,ransom_0987
27,0.012195121951219513,0.0,25,10,-0.28796541160040323,0.9878048780487805,ransom_0988
11,0.0625,0.0,2,1,-0.5096471914376255,0.9375,ransom_0989
6,0.026984126984126985,0.0,2,4,-0.36670994330913026,0.9444444444444444,ransom_0990
0,0.25,0.0,1,1,0.0,0.75,ransom_0991
5,0.027439024390243903,0.0,6,5,-0.19987766335892737,1.0975609756097562,ransom_0992
2,0.25,0.0,1,1,0.0,0.75,ransom_0995
8,0.03333333333333333,0.0,7,5,-0.31372619929980117,0.9666666666666667,ransom_0996
5,0.08888888888888889,0.0,1,2,0.0,0.8,ransom_0997
6,0.0070921985815602835,0.0,37,21,-0.27534087178041006,0.9929078014184397,ransom_0998
3,0.02564102564102564,0.0,12,4,-0.3771146493846392,0.9743589743589743,ransom_0999
9,0.008064516129032258,0.0,9,13,-0.17795072374242737,0.9919354838709677,ransom_1001
0,0.09722222222222222,0.0,1,1,-0.7302967433402245,0.7777777777777778,ransom_1002
0,0.14285714285714285,0.0,1,2,0.0,0.8571428571428571,ransom_1003
2,0.02159468438538206,0.0,3,3,-0.1207118443478545,0.9069767441860465,ransom_1004
4,0.03418803418803419,0.0,3,2,-0.1639840123381584,0.8888888888888888,ransom_1005
1,0.05555555555555555,0.0,2,3,0.04494665749754907,1.0,ransom_1006
6,0.014066496163682864,0.0,5,5,-0.34650678459199513,0.9565217391304348,ransom_1008
6,0.006802721088435374,0.0,7,17,-0.22718121091108964,0.9931972789115646,ransom_1009
5,0.039525691699604744,0.0,2,3,-0.32673201960653575,0.8695652173913043,ransom_1010
0,0.25,0.0,1,1,0.0,0.75,ransom_1011
0,0.3333333333333333,0.0,1,1,0.0,0.6666666666666666,ransom_1012
1,0.034126984126984124,0.0,9,3,0.34114634617764694,1.1944444444444444,ransom_1013
0,0.3333333333333333,0.0,1,1,0.0,0.6666666666666666,ransom_1014
2,0.014848950332821301,0.0,4,2,-0.09420471571874144,0.9206349206349206,ransom_1016
1,0.25,0.0,1,1,0.0,0.75,ransom_1017
0,0.3333333333333333,0.0,1,1,0.0,0.6666666666666666,ransom_1018
2,0.025846702317290554,0.0,2,2,0.013801311186847548,0.8529411764705882,ransom_1020
15,0.02702702702702703,0.0,2,3,-0.5773502691896262,0.972972972972973,ransom_1021
49,0.03908045977011494,0.0,6,4,0.049653632643684865,1.1333333333333333,ransom_1022
3,0.125,0.0,2,1,-0.4000000000000027,0.875,ransom_1023
0,0.04047619047619048,0.0,1,3,-0.4260064336151284,0.8095238095238095,ransom_1024
3,0.03968253968253968,0.0,4,4,-0.10227536871615339,1.0714285714285714,ransom_1026
7,0.008668582375478927,0.0,38,16,-0.23419399769936916,1.2482758620689656,ransom_1027
8,0.017639077340569877,0.0,13,9,-0.2481123157371675,1.164179104477612,ransom_1029
4,0.2,0.0,1,1,0.0,0.8,ransom_1030
20,0.022702104097452935,0.0,3,5,-0.2794942376411439,0.9534883720930233,ransom_1032
0,0.1111111111111111,0.0,2,1,0.40824829046386113,1.0,ransom_1033
6,0.010841170323928945,0.0,6,3,-0.1256378462112669,0.9431818181818182,ransom_1034
21,0.022222222222222223,0.0,3,4,-0.4547588907399801,0.9777777777777777,ransom_1035
4,0.047619047619047616,0.0,2,2,-0.4082482904638633,0.9523809523809523,ransom_1037
7,0.011102403343782654,0.0,9,6,-0.25967317023640507,0.9659090909090909,ransom_1038
32,0.008695652173913044,0.0,8,12,-0.19447032947252663,0.991304347826087,ransom_1039
5,0.02631578947368421,0.0,10,5,-0.3147219440194807,0.9736842105263158,ransom_1040
4,0.015625,0.0,3,7,-0.34954412289828946,0.984375,ransom_1041
3,0.05,0.0,6,2,-0.25439084559393776,0.95,ransom_1042
0,0.3333333333333333,0.0,1,1,0.0,0.6666666666666666,ransom_1043
9,0.017543859649122806,0.0,3,6,-0.33677613670286743,0.9824561403508771,ransom_1044
3,0.3333333333333333,0.0,1,1,0.0,0.6666666666666666,ransom_1045
0,0.16666666666666666,0.0,2,1,0.16666666666666557,0.8333333333333334,ransom_1047
20,0.009009009009009009,0.0,6,11,-0.2752452863567603,0.990990990990991,ransom_1048
0,0.10714285714285714,0.0,1,1,-0.4999999999999998,0.75,ransom_1049
1,0.05,0.0,4,4,-0.21364097182887393,0.95,ransom_1050
3,0.03561253561253561,0.0,1,3,-0.40707211893165496,0.9259259259259259,ransom_1051
0,0.10909090909090909,0.0,3,1,0.707106781186547,1.0909090909090908,ransom_1052
2,0.022702104097452935,0.0,2,6,-0.2830934008415004,0.9534883720930233,ransom_1054
18,0.006855836983431727,0.0,40,17,-0.2765377772892413,1.2134831460674158,ransom_1055
0,0.3333333333333333,0.0,1,1,0.0,0.6666666666666666,ransom_1056
4,0.05,0.0,2,1,-0.42647735213365406,0.95,ransom_1058
9,0.0625,0.0,2,1,-0.6666666666666686,0.9375,ransom_1059
1,0.11904761904761904,0.0,1,1,0.0,0.7142857142857143,ransom_1060
8,0.09090909090909091,0.0,2,1,0.4999999999999995,1.0,ransom_1061
6,0.011363636363636364,0.0,25,10,-0.2676173892781397,0.9886363636363636,ransom_1063
8,0.023809523809523808,0.0,2,4,-0.39050648640024016,0.9761904761904762,ransom_1064
4,0.1,0.0,2,1,0.0,0.9,ransom_1066
0,0.06043956043956044,0.0,1,2,0.0,0.7857142857142857,ransom_1067
16,0.01282051282051282,0.0,20,11,-0.2756339338020392,0.9871794871794872,ransom_1068
4,0.029411764705882353,0.0,2,3,-0.5272157084815994,0.9705882352941176,ransom_1069
13,0.029411764705882353,0.0,8,6,-0.2889907982307203,0.9705882352941176,ransom_1070
6,0.0625,0.0,3,3,-0.5025707110324173,0.9375,ransom_1072
1,0.06432748538011696,0.0,5,2,0.8090231878744373,1.1578947368421053,ransom_1073
48,0.010101010101010102,0.0,5,11,-0.2750850188368449,0.98989898989899,ransom_1074
2,0.3333333333333333,0.0,1,1,0.0,0.6666666666666666,ransom_1075
3,0.021739130434782608,0.0,15,5,-0.24278153742570158,0.9782608695652174,ransom_1076
0,0.3333333333333333,0.0,1,1,0.0,0.6666666666666666,ransom_1077
0,0.057692307692307696,0.0,1,1,0.0,0.6923076923076923,ransom_1078
26,0.017230576441102756,0.0,3,6,-0.3707736998503672,0.9649122807017544,ransom_1079
1,0.3333333333333333,0.0,1,1,0.0,0.6666666666666666,ransom_1080
5,0.012987012987012988,0.0,4,9,-0.2794222503482838,0.987012987012987,ransom_1081
4,0.014078674948240166,0.0,3,8,-0.36580278621435447,0.9714285714285714,ransom_1082
4,0.03968253968253968,0.0,4,3,-0.08112739143148402,1.0714285714285714,ransom_1084
5,0.012048192771084338,0.0,4,10,-0.2816723145477545,0.9879518072289156,ransom_1085
0,0.25,0.0,1,1,0.0,0.75,ransom_1086
0,0.25,0.0,1,1,0.0,0.75,ransom_1087
0,0.14285714285714285,0.0,1,1,0.0,0.8571428571428571,ransom_1088
0,0.3333333333333333,0.0,1,1,0.0,0.6666666666666666,ransom_1090
4,0.1111111111111111,0.0,1,1,0.0,0.8888888888888888,ransom_1091
6,0.013679890560875513,0.0,16,10,-0.2565471871984608,1.1627906976744187,ransom_1094
4,0.017241379310344827,0.0,11,10,-0.27571274453122363,0.9827586206896551,ransom_1095
16,0.010414333706606943,0.0,4,12,-0.28754779159735955,0.9789473684210527,ransom_1096
0,0.1111111111111111,0.0,1,2,0.0,0.8888888888888888,ransom_1098
1,0.043478260869565216,0.0,2,2,-0.5635535401295895,0.9565217391304348,ransom_1099
0,0.08181818181818182,0.0,1,2,0.0,0.8181818181818182,ransom_1101
0,0.054945054945054944,0.0,1,1,-0.2500000000000021,0.7142857142857143,ransom_1102
2,0.09848484848484848,0.0,3,1,0.5838193816777015,1.0833333333333333,ransom_1104
3,0.09090909090909091,0.0,1,1,-0.2500000000000021,0.9090909090909091,ransom_1107
10,0.017241379310344827,0.0,14,7,-0.27906810126276527,0.9827586206896551,ransom_1110
2,0.08333333333333333,0.0,2,2,-0.6374552583116765,0.9166666666666666,ransom_1111
6,0.02435897435897436,0.0,2,5,-0.36907221739254314,0.95,ransom_1114
2,0.029616724738675958,0.0,11,3,0.40598700216328637,1.2142857142857142,ransom_1115
3,0.018867924528301886,0.0,9,11,-0.2971167802964287,0.9811320754716981,ransom_1116
2,0.031746031746031744,0.0,2,2,-0.25482359571881447,0.8571428571428571,ransom_1117
10,0.020338983050847456,0.0,14,6,-0.10611125153224954,1.2,ransom_1118
0,0.054945054945054944,0.0,1,1,0.0,0.7142857142857143,ransom_1122
0,0.1111111111111111,0.0,3,1,0.0,0.8888888888888888,ransom_1123
1,0.25,0.0,1,1,0.0,0.75,ransom_1125
0,0.1,0.0,4,1,0.05976143046671922,0.9,ransom_1127
4,0.03303303303303303,0.0,9,4,0.11676110677718747,1.1891891891891893,ransom_1128
2,0.075,0.0,4,2,0.7999999999999994,1.125,ransom_1129
5,0.02564102564102564,0.0,3,4,-0.4099064677307716,0.9743589743589743,ransom_1130
12,0.027777777777777776,0.0,11,2,-0.2237115435009835,0.9722222222222222,ransom_1131
2,0.03908045977011494,0.0,6,5,-0.05807767103643092,1.1333333333333333,ransom_1133
5,0.01491681009753299,0.0,22,8,-0.07816931104149345,1.2380952380952381,ransom_1134
7,0.03118279569892473,0.0,1,5,-0.28362228093665276,0.9354838709677419,ransom_1137
0,0.08181818181818182,0.0,1,2,-0.7559289460184522,0.8181818181818182,ransom_1138
1,0.1111111111111111,0.0,1,2,0.0,0.8888888888888888,ransom_1139
0,0.09722222222222222,0.0,1,1,0.0,0.7777777777777778,ransom_1140
4,0.023616734143049933,0.0,4,3,-0.33471934069760184,0.8974358974358975,ransom_1141
7,0.042105263157894736,0.0,2,1,0.0,0.8,ransom_1142
10,0.1,0.0,3,1,-0.37796447300922864,0.9,ransom_1143
5,0.014084507042253521,0.0,17,10,-0.2734665317171354,0.9859154929577465,ransom_1144
7,0.017857142857142856,0.0,3,5,-0.4220648244530062,0.9821428571428571,ransom_1145
3,0.04666666666666667,0.0,5,3,0.21493088702019147,1.12,ransom_1146
4,0.03125,0.0,2,3,-0.42216795251173905,0.96875,ransom_1147
1,0.08333333333333333,0.0,1,1,-0.3563483225498987,0.9166666666666666,ransom_1149
2,0.039473684210526314,0.0,2,1,0.42307692307692213,0.75,ransom_1153
5,0.022198731501057084,0.0,3,5,-0.39608120723563134,0.9545454545454546,ransom_1154
3,0.02,0.0,3,5,-0.3828192468612871,0.98,ransom_1155
4,0.03561253561253561,0.0,1,4,-0.3643213074786547,0.9259259259259259,ransom_1156
5,0.125,0.0,2,1,0.0,0.875,ransom_1157
1,0.09090909090909091,0.0,2,2,0.31622776601683933,1.0,ransom_1159
3,0.07692307692307693,0.0,2,3,-3.754020695165314e-16,1.0,ransom_1160
2,0.05138339920948617,0.0,5,2,0.5505386303477301,1.1304347826086956,ransom_1162
3,0.027777777777777776,0.0,10,4,-0.299129712215255,0.9722222222222222,ransom_1163
3,0.028409090909090908,0.0,4,3,-0.2982160396828293,0.9090909090909091,ransom_1164
0,0.14285714285714285,0.0,1,1,0.0,0.8571428571428571,ransom_1166
48,0.006060606060606061,0.0,42,24,-0.2576211980715518,0.9939393939393939,ransom_1167
5,0.010309278350515464,0.0,29,12,-0.2671597567210258,0.9896907216494846,ransom_1168
0,0.07692307692307693,0.0,1,3,0.0,0.9230769230769231,ransom_1169
6,0.04329004329004329,0.0,1,3,-0.36115755925730664,0.9090909090909091,ransom_1170
20,0.07142857142857142,0.0,1,1,-0.4103049699311103,0.9285714285714286,ransom_1171
2,0.09722222222222222,0.0,1,2,0.0,0.7777777777777778,ransom_1172
12,0.024390243902439025,0.0,2,3,-0.49692416114898447,0.975609756097561,ransom_1173
2,0.0332512315270936,0.0,2,3,-0.37172169641257596,0.9310344827586207,ransom_1174
18,0.019593253968253968,0.0,17,7,-0.07440198984210365,1.234375,ransom_1176
5,0.0367965367965368,0.0,2,2,-0.1194880298498105,0.7727272727272727,ransom_1177
3,0.01984126984126984,0.0,18,5,0.05185658050429554,1.25,ransom_1179
0,0.3333333333333333,0.0,1,1,0.0,0.6666666666666666,ransom_1180
2,0.033783783783783786,0.0,10,4,0.23003525769420594,1.2162162162162162,ransom_1181
5,0.029411764705882353,0.0,10,3,-0.2106016949805369,0.9705882352941176,ransom_1182
6,0.02378048780487805,0.0,2,6,-0.27471315130187823,0.9512195121951219,ransom_1183
3,0.027777777777777776,0.0,2,4,-0.38985596641997333,0.9722222222222222,ransom_1184
7,0.03058321479374111,0.0,7,4,-0.08366595864094196,1.131578947368421,ransom_1185
2,0.017241379310344827,0.0,8,13,-0.2580875215111456,0.9827586206896551,ransom_1186
16,0.02631578947368421,0.0,2,3,-0.49825024732273915,0.9736842105263158,ransom_1187
2,0.02857142857142857,0.0,7,5,-0.3343909106719115,0.9714285714285714,ransom_1189
5,0.2,0.0,1,1,-1.0,0.8,ransom_1191
1,0.08888888888888889,0.0,1,2,0.0,0.8,ransom_1194
2,0.04415954415954416,0.0,6,3,0.2235322993978357,1.1481481481481481,ransom_1195
2,0.25,0.0,1,1,0.0,0.75,ransom_1196
2,0.06666666666666667,0.0,2,1,-0.22821773229381903,0.9333333333333333,ransom_1197
4,0.011226944667201283,0.0,7,7,-0.2980847013251213,0.9655172413793104,ransom_1198
7,0.008595571095571096,0.0,35,14,-0.261801686319503,1.2291666666666667,ransom_1199
0,0.1,0.0,1,2,-0.5430753866417032,0.9,ransom_1200
1,0.06666666666666667,0.0,3,2,-0.3685138655950448,0.9333333333333333,ransom_1201
5,0.03078817733990148,0.0,2,1,-0.2100420126042042,0.8620689655172413,ransom_1202
1,0.14285714285714285,0.0,1,2,0.0,0.8571428571428571,ransom_1204
3,0.043478260869565216,0.0,6,3,-0.3980566216935399,0.9565217391304348,ransom_1206
3,0.07692307692307693,0.0,1,2,0.0,0.9230769230769231,ransom_1207
2,0.058823529411764705,0.0,2,4,-0.5773502691896257,0.9411764705882353,ransom_1208
15,0.004524886877828055,0.0,12,24,-0.16051412460106024,0.995475113122172,ransom_1210
5,0.3333333333333333,0.0,1,1,0.0,0.6666666666666666,ransom_1211
4,0.01843137254901961,0.0,4,2,-0.06428390633762847,0.9215686274509803,ransom_1212
6,0.016656925774400935,0.0,3,7,-0.3128665174096129,0.9661016949152542,ransom_1213
1,0.06862745098039216,0.0,5,1,0.7487215380939977,1.1666666666666667,ransom_1214
0,0.05,0.0,1,1,-0.4472135954999566,0.75,ransom_1216
1,0.3333333333333333,0.0,1,1,0.0,0.6666666666666666,ransom_1217
2,0.022067363530778164,0.0,3,4,-0.22433285779226522,0.9047619047619048,ransom_1219
0,0.3333333333333333,0.0,1,1,0.0,0.6666666666666666,ransom_1220
22,0.009259259259259259,0.0,5,12,-0.2670330358473101,0.9907407407407407,ransom_1221
0,0.25,0.0,1,1,0.0,0.75,ransom_1223
3,0.029411764705882353,0.0,4,7,-0.2918437426181621,0.9705882352941176,ransom_1224
15,0.012987012987012988,0.0,4,8,-0.2994198071884728,0.987012987012987,ransom_1225
0,0.0367965367965368,0.0,2,1,0.1706971854997304,0.7727272727272727,ransom_1227
3,0.02903225806451613,0.0,2,2,-0.24342105263157943,0.8709677419354839,ransom_1229
2,0.1,0.0,3,1,0.1889822365046138,0.9,ransom_1231
4,0.030303030303030304,0.0,2,3,-0.5753964555687505,0.9696969696969697,ransom_1232
8,0.01,0.0,6,9,-0.2498018174704372,0.99,ransom_1233
0,0.07777777777777778,0.0,1,1,0.0,0.7,ransom_1235
0,0.13333333333333333,0.0,1,1,0.0,0.6666666666666666,ransom_1236
1,0.05555555555555555,0.0,2,1,-0.24319908730174328,0.9444444444444444,ransom_1237
0,0.09090909090909091,0.0,2,2,-0.6666666666666686,0.9090909090909091,ransom_1238
4,0.03492063492063492,0.0,10,3,0.4022000531802536,1.2222222222222223,ransom_1239
17,0.04093567251461988,0.0,1,1,0.0,0.7368421052631579,ransom_1240
1,0.07352941176470588,0.0,5,1,0.9798637100971997,1.1764705882352942,ransom_1241
8,0.01753246753246753,0.0,2,7,-0.3145517142057783,0.9642857142857143,ransom_1242
1,0.06060606060606061,0.0,1,1,0.0,0.6666666666666666,ransom_1243
4,0.015741642323920804,0.0,20,7,-0.15192567713343202,1.2278481012658229,ransom_1244
0,0.11904761904761904,0.0,1,1,0.0,0.7142857142857143,ransom_1245
2,0.25,0.0,1,1,0.0,0.75,ransom_1246
3,0.05,0.0,2,1,-0.3970588235294116,0.95,ransom_1247
11,0.004504319210201563,0.0,13,23,-0.15322116683847417,0.9909502262443439,ransom_1248
2,0.10714285714285714,0.0,1,1,-0.4999999999999998,0.75,ransom_1249
1,0.11363636363636363,0.0,5,1,0.9999999999999976,1.25,ransom_1250
6,0.03201970443349754,0.0,1,3,-0.3475240234284604,0.896551724137931,ransom_1251
0,0.2,0.0,1,1,0.0,0.8,ransom_1252
1,0.06985294117647059,0.0,4,2,0.6513389472789296,1.1176470588235294,ransom_1253
0,0.14285714285714285,0.0,2,1,1.0,1.0,ransom_1254
28,0.04523809523809524,0.0,1,3,-0.44038550605054566,0.9047619047619048,ransom_1255
4,0.09722222222222222,0.0,1,1,-0.7302967433402202,0.7777777777777778,ransom_1256
3,0.13333333333333333,0.0,1,1,0.0,0.6666666666666666,ransom_1257
9,0.018353174603174604,0.0,12,7,-0.15577285176634353,1.15625,ransom_1258
41,0.021717171717171718,0.0,2,6,-0.308725595955568,0.9555555555555556,ransom_1259
0,0.10909090909090909,0.0,3,1,0.707106781186547,1.0909090909090908,ransom_1260
8,0.010635811126694717,0.0,5,11,-0.28727276225882653,0.978494623655914,ransom_1262
4,0.041501976284584984,0.0,1,3,-0.5553681076005003,0.9130434782608695,ransom_1263
1,0.058823529411764705,0.0,2,4,-0.26013299085723596,0.9411764705882353,ransom_1265
2,0.02012987012987013,0.0,8,10,-0.24004225445136054,1.1071428571428572,ransom_1266
0,0.14285714285714285,0.0,1,1,0.0,0.8571428571428571,ransom_1267
2,0.1111111111111111,0.0,1,2,0.0,0.8888888888888888,ransom_1268
0,0.047619047619047616,0.0,1,2,-0.4955040834091998,0.9523809523809523,ransom_1269
0,0.14285714285714285,0.0,3,1,0.0,0.8571428571428571,ransom_1270
82,0.05514705882352941,0.0,1,2,-0.3202563076101741,0.8823529411764706,ransom_1271
0,0.04,0.0,8,2,-0.31322621221815083,0.96,ransom_1273
1,0.25,0.0,1,1,0.0,0.75,ransom_1274
1,0.11904761904761904,0.0,1,1,0.0,0.7142857142857143,ransom_1275
8,0.03125,0.0,7,6,-0.24598233943833653,0.96875,ransom_1276
44,0.0064516129032258064,0.0,34,34,-0.2863915778548745,0.9935483870967742,ransom_1277
2,0.043478260869565216,0.0,1,3,-0.5029188806044014,0.9565217391304348,ransom_1278
0,0.25,0.0,1,1,0.0,0.75,ransom_1279
2,0.027777777777777776,0.0,9,6,-0.34004692861597935,0.9722222222222222,ransom_1280
2,0.07692307692307693,0.0,3,2,-0.5547001962252287,0.9230769230769231,ransom_1281
6,0.0196078431372549,0.0,14,7,-0.3142774025655254,0.9803921568627451,ransom_1282
14,0.09722222222222222,0.0,1,1,-0.7302967433402202,0.7777777777777778,ransom_1283
4,0.01161790017211704,0.0,7,8,-0.2382874812897623,0.9642857142857143,ransom_1284
1,0.08181818181818182,0.0,1,2,0.0,0.8181818181818182,ransom_1285
5,0.09090909090909091,0.0,1,3,-0.4588314677411243,0.9090909090909091,ransom_1286
1,0.07142857142857142,0.0,3,2,-0.5270462766947307,0.9285714285714286,ransom_1287
7,0.01030701754385965,0.0,5,11,-0.27797643736325917,0.9791666666666666,ransom_1288
2,0.0625,0.0,3,3,-0.3497273189953336,0.9375,ransom_1289
1,0.045454545454545456,0.0,8,1,-0.2780275725601312,0.9545454545454546,ransom_1290
3,0.04,0.0,2,3,-0.5000000000000004,0.96,ransom_1291
4,0.041666666666666664,0.0,5,4,-0.37568990549862197,0.9583333333333334,ransom_1292
0,0.05555555555555555,0.0,2,1,-0.44791400876468423,0.9444444444444444,ransom_1293
0,0.3333333333333333,0.0,1,1,0.0,0.6666666666666666,ransom_1296
1,0.3333333333333333,0.0,1,1,0.0,0.6666666666666666,ransom_1297
3,0.046296296296296294,0.0,9,2,0.7826584629831533,1.25,ransom_1298
16,0.005947927577435283,0.0,9,9,-0.28865813494633297,0.9695121951219512,ransom_1299
3,0.022702104097452935,0.0,2,5,-0.3282930301256375,0.9534883720930233,ransom_1300
41,0.02702702702702703,0.0,2,4,-0.3512525413546883,0.972972972972973,ransom_1301
0,0.10714285714285714,0.0,1,1,-0.4999999999999998,0.75,ransom_1302
3,0.08333333333333333,0.0,2,1,0.09759000729485294,1.0,ransom_1303
1,0.06140350877192982,0.0,4,2,0.47727395990334687,1.105263157894737,ransom_1304
0,0.3333333333333333,0.0,1,1,0.0,0.6666666666666666,ransom_1305
2,0.034453781512605045,0.0,8,4,0.0565825525962744,1.1714285714285715,ransom_1306
9,0.07692307692307693,0.0,2,1,0.0,0.9230769230769231,ransom_1308
2,0.02418207681365576,0.0,3,4,-0.3524657496847815,0.8947368421052632,ransom_1309
3,0.02702702702702703,0.0,8,4,-0.2598235118797673,0.972972972972973,ransom_1310
0,0.2,0.0,2,1,0.9999999999999976,1.0,ransom_1311
4,0.014285714285714285,0.0,19,8,-0.31265479602413887,0.9857142857142858,ransom_1312
2,0.04367816091954023,0.0,10,1,0.9968107346384585,1.2666666666666666,ransom_1313
7,0.05263157894736842,0.0,2,4,-0.04789131426105793,1.0,ransom_1314
0,0.10714285714285714,0.0,1,1,0.0,0.75,ransom_1315
0,0.1,0.0,2,1,0.6900655593423556,1.0,ransom_1316
15,0.01922207146087743,0.0,20,5,0.06704716902891722,1.2686567164179106,ransom_1317
1,0.03793103448275862,0.0,5,4,-0.03484320557491289,1.1,ransom_1318
6,0.03333333333333333,0.0,9,3,-0.10678004445646437,0.9666666666666667,ransom_1320
6,0.016656925774400935,0.0,4,6,-0.3122405867603048,0.9661016949152542,ransom_1321
5,0.011460476050543638,0.0,4,5,-0.37843433579344254,0.9397590361445783,ransom_1322
0,0.2,0.0,1,1,-1.0,0.8,ransom_1323
25,0.014285714285714285,0.0,5,6,-0.2536850071931752,0.9857142857142858,ransom_1324
5,0.01488095238095238,0.0,4,4,-0.33646329245522644,0.9375,ransom_1325
2,0.037298387096774195,0.0,7,4,0.003709428307056588,1.15625,ransom_1326
1,0.05263157894736842,0.0,4,3,-0.5430753866417043,0.9473684210526315,ransom_1327
0,0.1,0.0,2,1,-0.1490711984999853,1.0,ransom_1328
2,0.045454545454545456,0.0,9,1,0.09128709291752715,0.9545454545454546,ransom_1329
0,0.11904761904761904,0.0,1,1,0.0,0.7142857142857143,ransom_1330
14,0.004877813194243214,0.0,11,25,-0.17352516398477824,0.9901960784313726,ransom_1331
0,0.14285714285714285,0.0,2,1,0.0,1.0,ransom_1334
7,0.009997938569367142,0.0,5,12,-0.27358469348344855,0.9797979797979798,ransom_1335
0,0.07692307692307693,0.0,2,1,0.0,0.9230769230769231,ransom_1336
17,0.010526315789473684,0.0,23,16,-0.27454628983915036,0.9894736842105263,ransom_1337
10,0.008641047659939888,0.0,26,22,-0.27940830603191374,1.1751824817518248,ransom_1338
0,0.08333333333333333,0.0,1,1,-0.3563483225498987,0.9166666666666666,ransom_1340
1,0.03418803418803419,0.0,3,2,-0.13867504905630726,0.8888888888888888,ransom_1343
9,0.04,0.0,6,4,-0.2508010273650063,0.96,ransom_1344
0,0.09722222222222222,0.0,1,2,0.0,0.7777777777777778,ransom_1345
1,0.05714285714285714,0.0,1,1,-0.4999999999999998,0.8,ransom_1346
2,0.03787878787878788,0.0,9,3,0.3767657759860652,1.2121212121212122,ransom_1347
2,0.10714285714285714,0.0,1,1,-0.4999999999999998,0.75,ransom_1348
1,0.07272727272727272,0.0,1,1,0.0,0.7272727272727273,ransom_1351
1,0.0625,0.0,4,3,-0.39925210280476037,0.9375,ransom_1352
4,0.02127659574468085,0.0,14,5,-0.19169525827113199,0.9787234042553191,ransom_1353
0,0.14285714285714285,0.0,1,1,-0.4999999999999998,0.8571428571428571,ransom_1354
2,0.08333333333333333,0.0,2,1,0.0,0.9166666666666666,ransom_1355
10,0.004901960784313725,0.0,12,24,-0.16393543756785342,0.9950980392156863,ransom_1356
2,0.041666666666666664,0.0,6,3,-0.40536888534586957,0.9583333333333334,ransom_1357
11,0.00571313348568356,0.0,11,19,-0.16948559967251825,0.9826589595375722,ransom_1358
2,0.08333333333333333,0.0,1,3,0.0,0.9166666666666666,ransom_1359
8,0.04365079365079365,0.0,7,3,0.3415391523337881,1.1785714285714286,ransom_1362
0,0.25,0.0,1,1,0.0,0.75,ransom_1363
2,0.047619047619047616,0.0,7,2,-0.3923570062535318,0.9523809523809523,ransom_1366
10,0.0058823529411764705,0.0,43,25,-0.26046332081835655,0.9941176470588236,ransom_1368
8,0.02608695652173913,0.0,10,5,-0.10543657725057924,1.173913043478261,ransom_1370
3,0.1,0.0,4,1,0.05976143046671922,0.9,ransom_1371
10,0.038461538461538464,0.0,7,2,-0.30143725042173447,0.9615384615384616,ransom_1372
13,0.011235955056179775,0.0,22,11,-0.2623779681309985,0.9887640449438202,ransom_1373
1,0.03571428571428571,0.0,9,2,-0.07010655780029425,0.9642857142857143,ransom_1374
8,0.017241379310344827,0.0,14,9,-0.2671657417508845,0.9827586206896551,ransom_1375
8,0.030107526881720432,0.0,3,2,-0.015214515486255133,0.9032258064516129,ransom_1377
1,0.25,0.0,1,1,0.0,0.75,ransom_1378
4,0.014925373134328358,0.0,4,7,-0.31806412887729196,0.9850746268656716,ransom_1379
7,0.017857142857142856,0.0,13,9,-0.3307417988458244,0.9821428571428571,ransom_1380
2,0.16666666666666666,0.0,2,1,0.16666666666666557,0.8333333333333334,ransom_1382
0,0.25,0.0,1,1,0.0,0.75,ransom_1383
1,0.075,0.0,4,2,0.4780914437337569,1.125,ransom_1384
1,0.04736842105263158,0.0,1,2,-0.4780914437337576,0.9,ransom_1385
1,0.04411764705882353,0.0,1,1,-0.2000000000000022,0.7058823529411765,ransom_1386
5,0.04433497536945813,0.0,9,2,0.7675968754059139,1.2413793103448276,ransom_1387
2,0.125,0.0,1,2,0.0,0.875,ransom_1388
3,0.03042328042328042,0.0,1,1,0.0,0.8214285714285714,ransom_1389
32,0.010526315789473684,0.0,7,9,-0.23428224196042444,0.9894736842105263,ransom_1390
1,0.045,0.0,4,5,-0.2351280879582062,1.08,ransom_1391
41,0.05952380952380952,0.0,6,1,0.9876638565385892,1.1904761904761905,ransom_1392
5,0.03333333333333333,0.0,2,2,-0.42895330964377115,0.9666666666666667,ransom_1393
0,0.11904761904761904,0.0,1,1,0.0,0.7142857142857143,ransom_1394
1,0.125,0.0,1,2,0.0,0.875,ransom_1395
9,0.013693270735524257,0.0,5,8,-0.23545017733709078,0.9722222222222222,ransom_1396
8,0.017845117845117844,0.0,3,7,-0.2794395732089189,0.9636363636363636,ransom_1397
6,0.08333333333333333,0.0,1,1,-0.28867513459481253,0.9166666666666666,ransom_1398
4,0.03201970443349754,0.0,4,2,-0.3141175338514019,0.896551724137931,ransom_1399
14,0.0625,0.0,3,3,-0.08908708063747506,0.9375,ransom_1401
0,0.11904761904761904,0.0,1,1,0.0,0.7142857142857143,ransom_1404
5,0.005101223225255061,0.0,19,13,-0.2171187893350326,0.9845360824742269,ransom_1405
9,0.007046276899638164,0.0,46,14,-0.25131615123713047,1.247191011235955,ransom_1407
0,0.13333333333333333,0.0,1,1,0.0,0.6666666666666666,ransom_1408
1,0.08095238095238096,0.0,4,1,0.6787800875092762,1.1333333333333333,ransom_1409
21,0.008389261744966443,0.0,38,17,-0.2350415082145787,1.2416107382550337,ransom_1410
0,0.09090909090909091,0.0,2,1,0.3333333333333328,1.0,ransom_1411
10,0.021256038647342997,0.0,2,6,-0.33946736991660276,0.9565217391304348,ransom_1412
3,0.02264808362369338,0.0,3,3,-0.2020394261781546,0.9285714285714286,ransom_1413
0,0.10256410256410256,0.0,5,1,0.9870334871066367,1.2307692307692308,ransom_1414
0,0.09090909090909091,0.0,2,1,-0.4082482904638645,0.9090909090909091,ransom_1415
4,0.03361344537815126,0.0,7,4,0.003994140898589223,1.1428571428571428,ransom_1417
1,0.05263157894736842,0.0,7,1,0.2038588765750503,0.9473684210526315,ransom_1418
3,0.25,0.0,1,1,0.0,0.75,ransom_1419
11,0.037298387096774195,0.0,7,4,0.0857989102863753,1.15625,ransom_1420
11,0.017241379310344827,0.0,14,8,-0.2533854570513418,0.9827586206896551,ransom_1421
3,0.06432748538011696,0.0,5,2,0.5003702332976752,1.1578947368421053,ransom_1422
0,0.08181818181818182,0.0,1,2,0.0,0.8181818181818182,ransom_1423
11,0.05555555555555555,0.0,2,4,-0.07844645405527317,1.0,ransom_1424
0,0.25,0.0,1,1,0.0,0.75,ransom_1426
3,0.11818181818181818,0.0,4,1,0.9723448696087955,1.1818181818181819,ransom_1428
5,0.025525525525525526,0.0,4,2,-0.06575636373058708,0.918918918918919,ransom_1429
22,0.017706237424547282,0.0,19,8,-0.1044444038868108,1.2394366197183098,ransom_1430
7,0.005878057685286601,0.0,9,7,-0.2593326762196548,0.9698795180722891,ransom_1431
12,0.012658227848101266,0.0,23,9,-0.250155500695342,0.9873417721518988,ransom_1432
1,0.057692307692307696,0.0,1,1,0.0,0.6923076923076923,ransom_1434
1,0.09722222222222222,0.0,1,2,0.0,0.7777777777777778,ransom_1437
0,0.16071428571428573,0.0,3,1,1.0,1.125,ransom_1439
0,0.13333333333333333,0.0,1,1,0.0,0.6666666666666666,ransom_1440
5,0.3333333333333333,0.0,1,1,0.0,0.6666666666666666,ransom_1441
2,0.1111111111111111,0.0,2,1,0.5773502691896258,0.8888888888888888,ransom_1445
4,0.25,0.0,1,1,0.0,0.75,ransom_1446
0,0.10714285714285714,0.0,1,1,0.0,0.75,ransom_1448
21,0.034482758620689655,0.0,2,3,-0.4189063436835247,0.9655172413793104,ransom_1449
2,0.041666666666666664,0.0,8,1,-0.2087810543707344,0.9583333333333334,ransom_1450
14,0.006366182836771072,0.0,11,7,-0.2527850977037958,0.974025974025974,ransom_1451
1,0.0625,0.0,3,3,-0.3497273189953336,0.9375,ransom_1452
11,0.015151515151515152,0.0,19,9,-0.281560932362262,0.9848484848484849,ransom_1453
6,0.02702702702702703,0.0,2,4,-0.34887035746218065,0.972972972972973,ransom_1454
3,0.029356060606060608,0.0,2,4,-0.49980480186646425,0.9393939393939394,ransom_1455
1,0.0625,0.0,1,2,-0.41931393468876793,0.9375,ransom_1456
16,0.004739336492890996,0.0,12,24,-0.1630691647156934,0.995260663507109,ransom_1457
6,0.005952380952380952,0.0,44,24,-0.26580619198511285,0.9940476190476191,ransom_1458
10,0.009174311926605505,0.0,6,12,-0.24915407967553216,0.9908256880733946,ransom_1459
1,0.2,0.0,1,1,0.0,0.8,ransom_1461
2,0.03571428571428571,0.0,2,2,-0.42105263157894784,0.9642857142857143,ransom_1462
10,0.009801980198019802,0.0,5,13,-0.23160191599437438,0.9801980198019802,ransom_1464
3,0.0332512315270936,0.0,1,3,-0.5795738394051786,0.9310344827586207,ransom_1465
1,0.3333333333333333,0.0,1,1,0.0,0.6666666666666666,ransom_1466
17,0.018648018648018648,0.0,16,7,-0.09201006952465562,1.2121212121212122,ransom_1468
1,0.3333333333333333,0.0,1,1,0.0,0.6666666666666666,ransom_1469
9,0.005434456254128386,0.0,9,21,-0.2028687705739434,0.9890710382513661,ransom_1470
7,0.25,0.0,1,1,0.0,0.75,ransom_1471
24,0.00526286164584037,0.0,11,23,-0.17953472943494236,0.9894179894179894,ransom_1472
3,0.045454545454545456,0.0,4,4,-0.509097168093271,0.9545454545454546,ransom_1475
7,0.008395802098950524,0.0,7,6,-0.29840663471975587,0.9655172413793104,ransom_1478
14,0.005714285714285714,0.0,10,19,-0.18660012823892327,0.9942857142857143,ransom_1479
4,0.0625,0.0,1,2,-0.41931393468876793,0.9375,ransom_1480
1,0.03418803418803419,0.0,2,2,-0.07559289460184516,0.8888888888888888,ransom_1481
4,0.08333333333333333,0.0,2,3,-0.3975231959999617,0.9166666666666666,ransom_1483
15,0.0125,0.0,5,8,-0.2808899242342037,0.9875,ransom_1484
1,0.034420289855072464,0.0,1,1,0.0,0.7916666666666666,ransom_1485
1,0.03042328042328042,0.0,1,1,-0.22537446792760463,0.8214285714285714,ransom_1486
2,0.023809523809523808,0.0,9,6,-0.18386033833226115,1.1428571428571428,ransom_1487
0,0.08888888888888889,0.0,1,2,0.0,0.8,ransom_1488
4,0.043478260869565216,0.0,6,2,0.31461068808524517,0.9565217391304348,ransom_1489
4,0.02564102564102564,0.0,7,7,-0.3264806292140574,0.9743589743589743,ransom_1490
3,0.022702104097452935,0.0,2,5,-0.3833509977414809,0.9534883720930233,ransom_1491
8,0.020833333333333332,0.0,3,4,-0.37824600834899424,0.9791666666666666,ransom_1493
14,0.05627705627705628,0.0,6,2,0.5509731650193392,1.1818181818181819,ransom_1494
12,0.007042253521126761,0.0,9,15,-0.18925556089503298,0.9929577464788732,ransom_1495
3,0.011904761904761904,0.0,21,12,-0.28593958738502917,0.9880952380952381,ransom_1496
0,0.25,0.0,1,1,0.0,0.75,ransom_1497
12,0.02631578947368421,0.0,2,4,-0.36285720172812574,0.9736842105263158,ransom_1499
2,0.03225806451612903,0.0,8,5,-0.39139443907978955,0.967741935483871,ransom_1500
3,0.03870967741935484,0.0,7,3,0.30951303579612194,1.1612903225806452,ransom_1502
27,0.03225806451612903,0.0,9,3,-0.23411250472477949,0.967741935483871,ransom_1503
0,0.09090909090909091,0.0,2,1,0.3333333333333328,1.0,ransom_1505
14,0.08333333333333333,0.0,4,1,-0.3563483225498986,0.9166666666666666,ransom_1506
23,0.022222222222222223,0.0,3,5,-0.27302243682862243,0.9777777777777777,ransom_1508
1,0.021040974529346623,0.0,3,2,-0.18687063686046246,0.8837209302325582,ransom_1509
3,0.03303303303303303,0.0,9,3,0.2981560329881092,1.1891891891891893,ransom_1510
0,0.11904761904761904,0.0,1,1,0.0,0.7142857142857143,ransom_1511
2,0.03833333333333333,0.0,1,3,-0.6871180011766419,0.92,ransom_1512
0,0.25,0.0,1,1,0.0,0.75,ransom_1514
4,0.03804347826086957,0.0,2,1,-0.07001400420140003,0.875,ransom_1515
0,0.1111111111111111,0.0,1,1,0.0,0.8888888888888888,ransom_1516
9,0.0058823529411764705,0.0,39,30,-0.2722810480954565,0.9941176470588236,ransom_1517
1,0.09090909090909091,0.0,2,2,-0.6123724356957954,0.9090909090909091,ransom_1518
3,0.023809523809523808,0.0,2,4,-0.3886138187807247,0.9761904761904762,ransom_1520
7,0.014925373134328358,0.0,20,7,-0.22050169220395247,0.9850746268656716,ransom_1521
1,0.02721774193548387,0.0,2,2,-0.37729688731352057,0.84375,ransom_1522
3,0.04252873563218391,0.0,9,2,0.6195146575538233,1.2333333333333334,ransom_1523
0,0.2,0.0,1,1,-1.0,0.8,ransom_1524
2,0.08974358974358974,0.0,3,2,0.6236095644623243,1.0769230769230769,ransom_1525
4,0.013333333333333334,0.0,4,9,-0.2757258947569705,0.9866666666666667,ransom_1526
3,0.07083333333333333,0.0,3,2,0.4767312946227958,1.0625,ransom_1527
3,0.041666666666666664,0.0,4,5,-0.19297127209199486,0.9583333333333334,ransom_1528
2,0.03870967741935484,0.0,7,3,0.17254152358833325,1.1612903225806452,ransom_1529
18,0.015384615384615385,0.0,14,10,-0.2792946879394186,0.9846153846153847,ransom_1530
18,0.01847662141779789,0.0,4,4,-0.3156391334960624,0.9423076923076923,ransom_1532
15,0.014492753623188406,0.0,4,7,-0.28436934721396334,0.9855072463768116,ransom_1534
2,0.1,0.0,3,1,-0.37796447300922864,0.9,ransom_1536
3,0.0338680926916221,0.0,6,4,-0.07764828023767777,1.1176470588235294,ransom_1537
7,0.038461538461538464,0.0,2,3,-0.40938658429578345,0.9615384615384616,ransom_1540
4,0.013584117032392894,0.0,18,10,-0.21831874335364435,1.1818181818181819,ransom_1541
5,0.015384615384615385,0.0,4,6,-0.2654858644813149,0.9846153846153847,ransom_1542
1,0.1111111111111111,0.0,2,1,-0.5773502691896258,0.8888888888888888,ransom_1543
1,0.08333333333333333,0.0,4,1,-0.3563483225498986,0.9166666666666666,ransom_1544
1,0.11818181818181818,0.0,4,1,0.9723448696087955,1.1818181818181819,ransom_1545
2,0.05228758169934641,0.0,1,3,-0.23904572186687872,0.8888888888888888,ransom_1546
8,0.02435897435897436,0.0,2,5,-0.34871086118141253,0.95,ransom_1547
0,0.16071428571428573,0.0,3,1,1.0,1.125,ransom_1548
6,0.06985294117647059,0.0,4,2,0.6513389472789296,1.1176470588235294,ransom_1549
1,0.058823529411764705,0.0,2,1,-0.060522753266880246,0.9411764705882353,ransom_1551
0,0.25,0.0,1,1,0.0,0.75,ransom_1553
0,0.14285714285714285,0.0,2,1,1.0,1.0,ransom_1554
3,0.09722222222222222,0.0,1,2,0.0,0.7777777777777778,ransom_1555
2,0.058823529411764705,0.0,1,2,-0.3651483716701107,0.9411764705882353,ransom_1556
0,0.057692307692307696,0.0,1,1,0.0,0.6923076923076923,ransom_1557
4,0.02564102564102564,0.0,2,4,-0.3661211613874645,0.9743589743589743,ransom_1558
6,0.027777777777777776,0.0,2,5,-0.2891309558974894,0.9722222222222222,ransom_1559
6,0.015864621893178214,0.0,3,7,-0.34824489964008554,0.967741935483871,ransom_1562
4,0.016666666666666666,0.0,13,10,-0.313038621670873,0.9833333333333333,ransom_1563
0,0.1388888888888889,0.0,3,1,0.9185586535436918,1.1111111111111112,ransom_1564
6,0.02631578947368421,0.0,9,6,-0.29740010892666885,0.9736842105263158,ransom_1565
3,0.16666666666666666,0.0,2,1,0.16666666666666557,0.8333333333333334,ransom_1567
14,0.011904761904761904,0.0,6,8,-0.2690724664815662,0.9880952380952381,ransom_1569
5,0.015873015873015872,0.0,4,7,-0.2980865110179757,0.9841269841269841,ransom_1570
2,0.012987012987012988,0.0,21,8,-0.2370616217323723,0.987012987012987,ransom_1571
8,0.03833333333333333,0.0,1,4,-0.32843224710937136,0.92,ransom_1572
9,0.014918414918414918,0.0,4,8,-0.29035012838891705,0.9696969696969697,ransom_1573
3,0.013853367433930093,0.0,4,4,-0.27148656589429,0.9420289855072463,ransom_1574
2,0.0367965367965368,0.0,2,1,0.11236664374387415,0.7727272727272727,ransom_1576
7,0.011676396997497914,0.0,32,9,-0.14078199971646543,1.2727272727272727,ransom_1577
7,0.03571428571428571,0.0,2,2,-0.6424188694912981,0.9642857142857143,ransom_1578
5,0.008,0.0,33,19,-0.27169239353138563,0.992,ransom_1580
12,0.09848484848484848,0.0,3,2,0.7319250547113992,1.0833333333333333,ransom_1581
1,0.054945054945054944,0.0,1,1,0.0,0.7142857142857143,ransom_1582
7,0.011627906976744186,0.0,20,12,-0.25534957852930296,0.9883720930232558,ransom_1585
13,0.007407407407407408,0.0,8,15,-0.19994053835468,0.9925925925925926,ransom_1587
7,0.015873015873015872,0.0,19,7,-0.29405398712014436,0.9841269841269841,ransom_1588
0,0.08888888888888889,0.0,1,2,0.0,0.8,ransom_1590
1,0.10909090909090909,0.0,3,1,0.9284766908852585,1.0909090909090908,ransom_1591
1,0.034482758620689655,0.0,9,3,-0.11001409221376227,0.9655172413793104,ransom_1592
2,0.014279624893435636,0.0,3,8,-0.3036607749759439,0.9710144927536232,ransom_1596
6,0.023255813953488372,0.0,10,6,-0.32159481541966495,0.9767441860465116,ransom_1597
18,0.009997938569367142,0.0,5,12,-0.2722467182463101,0.9797979797979798,ransom_1600
2,0.04367816091954023,0.0,10,1,0.9968107346384585,1.2666666666666666,ransom_1601
12,0.03793103448275862,0.0,5,4,-0.03148766948136131,1.1,ransom_1602
2,0.05,0.0,6,2,-0.25439084559393776,0.95,ransom_1603
2,0.06666666666666667,0.0,4,1,6.853872720277572e-16,0.9333333333333333,ransom_1604
9,0.04461538461538461,0.0,5,3,0.1996364105550504,1.1153846153846154,ransom_1605
9,0.029356060606060608,0.0,1,5,-0.31856094939455326,0.9393939393939394,ransom_1606
7,0.00980392156862745,0.0,5,11,-0.3003231975806342,0.9901960784313726,ransom_1608
3,0.03125,0.0,2,3,-0.5013712823084505,0.96875,ransom_1609
3,0.011764705882352941,0.0,23,10,-0.24040222511622464,0.9882352941176471,ransom_1610
8,0.029411764705882353,0.0,8,6,-0.3416969298105969,0.9705882352941176,ransom_1611
2,0.2,0.0,2,1,0.0,0.8,ransom_1612
3,0.1,0.0,2,1,0.6900655593423556,1.0,ransom_1613
3,0.022198731501057084,0.0,2,6,-0.3492525840715328,0.9545454545454546,ransom_1614
6,0.016216216216216217,0.0,17,7,-0.1510630396761793,1.2,ransom_1618
0,0.1,0.0,2,1,0.37796447300922514,0.9,ransom_1619
1,0.16666666666666666,0.0,2,1,0.16666666666666557,0.8333333333333334,ransom_1620
5,0.1111111111111111,0.0,2,1,0.5773502691896258,0.8888888888888888,ransom_1621
4,0.027777777777777776,0.0,11,3,-0.07258603488375528,0.9722222222222222,ransom_1622
3,0.08333333333333333,0.0,2,3,-0.3975231959999617,0.9166666666666666,ransom_1623
7,0.029885057471264367,0.0,3,2,-0.21347042008944608,0.8666666666666667,ransom_1624
2,0.03230769230769231,0.0,1,2,-0.3093441124448752,0.8076923076923077,ransom_1625
0,0.0625,0.0,2,1,-0.3424747597107867,0.9375,ransom_1626
6,0.012987012987012988,0.0,4,7,-0.38120504156177537,0.987012987012987,ransom_1627
3,0.029036004645760744,0.0,10,5,0.021625138220583616,1.1904761904761905,ransom_1628
8,0.029411764705882353,0.0,11,4,-0.32547227745205976,0.9705882352941176,ransom_1629
4,0.005747126436781609,0.0,45,25,-0.25537228688668195,0.9942528735632183,ransom_1630
0,0.25,0.0,1,1,0.0,0.75,ransom_1631
13,0.005847953216374269,0.0,38,32,-0.2704297228126056,0.9941520467836257,ransom_1632
4,0.028205128205128206,0.0,6,6,-0.1770973701865547,1.1,ransom_1633
2,0.024893314366998577,0.0,5,2,-0.23891412983478194,0.9210526315789473,ransom_1634
5,0.02295918367346939,0.0,7,8,-0.2345679434563703,1.1020408163265305,ransom_1635
0,0.09090909090909091,0.0,1,3,0.0,0.9090909090909091,ransom_1636
8,0.02619047619047619,0.0,2,4,-0.15256428831468316,0.9166666666666666,ransom_1637
1,0.04923076923076923,0.0,8,2,0.7634430130519955,1.2307692307692308,ransom_1638
27,0.018142235123367198,0.0,6,4,-0.2135260364389954,0.9433962264150944,ransom_1640
7,0.042328042328042326,0.0,6,3,0.26111648393354675,1.1428571428571428,ransom_1641
6,0.009523809523809525,0.0,31,9,-0.267574817360378,0.9904761904761905,ransom_1642
3,0.07272727272727272,0.0,1,2,0.0,0.7272727272727273,ransom_1643
0,0.10714285714285714,0.0,1,1,0.0,0.75,ransom_1644
1,0.030107526881720432,0.0,3,3,-0.32222222222222197,0.9032258064516129,ransom_1645
1,0.08791208791208792,0.0,4,1,0.9622504486493763,1.1428571428571428,ransom_1646
4,0.07777777777777778,0.0,1,1,0.0,0.7,ransom_1647
1,0.03985507246376811,0.0,1,3,-0.3350831266333562,0.9166666666666666,ransom_1648
16,0.0073964497041420114,0.0,43,18,-0.2580717023869161,1.242603550295858,ransom_1649
1,0.027752081406105456,0.0,15,5,0.09208679821763634,1.2765957446808511,ransom_1651
0,0.07692307692307693,0.0,2,1,-0.35355339059327445,0.9230769230769231,ransom_1652
9,0.01843137254901961,0.0,3,6,-0.3149934633382375,0.9215686274509803,ransom_1653
2,0.0718954248366013,0.0,6,1,0.9897624106974511,1.2222222222222223,ransom_1654
3,0.022727272727272728,0.0,2,5,-0.3719738271374312,0.9772727272727273,ransom_1655
2,0.3333333333333333,0.0,1,1,0.0,0.6666666666666666,ransom_1656
3,0.014705882352941176,0.0,13,13,-0.2650813890542964,0.9852941176470589,ransom_1657
20,0.009615384615384616,0.0,7,10,-0.22692458584207195,0.9903846153846154,ransom_1658
2,0.05555555555555555,0.0,6,1,-0.030303030303030574,0.9444444444444444,ransom_1660
10,0.013888888888888888,0.0,4,7,-0.34265348377672045,0.9861111111111112,ransom_1661
6,0.0332512315270936,0.0,1,4,-0.4819801865030222,0.9310344827586207,ransom_1663
3,0.014925373134328358,0.0,16,10,-0.2932938550492048,0.9850746268656716,ransom_1665
7,0.021739130434782608,0.0,3,4,-0.38602022284552023,0.9782608695652174,ransom_1667
1,0.05253623188405797,0.0,7,2,0.7089971749991776,1.2083333333333333,ransom_1668
0,0.037549407114624504,0.0,2,1,-0.17890661183303386,0.8260869565217391,ransom_1669
1,0.022222222222222223,0.0,3,4,-0.5065627717384733,0.9777777777777777,ransom_1670
2,0.1,0.0,2,1,0.6900655593423556,1.0,ransom_1672
10,0.016236306729264474,0.0,13,9,-0.2043335616779004,1.1527777777777777,ransom_1673
5,0.3333333333333333,0.0,1,1,0.0,0.6666666666666666,ransom_1676
3,0.02702702702702703,0.0,9,5,-0.32780503405359274,0.972972972972973,ransom_1678
1,0.03439153439153439,0.0,2,3,-0.2941472994009232,0.9285714285714286,ransom_1679
2,0.0196078431372549,0.0,12,9,-0.30378285356548196,0.9803921568627451,ransom_1680
5,0.008833174653549138,0.0,31,15,-0.28633084095036404,1.210144927536232,ransom_1681
3,0.0332512315270936,0.0,2,3,-0.4643048000704074,0.9310344827586207,ransom_1682
7,0.028455284552845527,0.0,9,5,-0.09778153821417933,1.1666666666666667,ransom_1683
32,0.0053475935828877,0.0,46,29,-0.25449667770587225,0.9946524064171123,ransom_1685
4,0.04047619047619048,0.0,1,3,0.0,0.8095238095238095,ransom_1686
9,0.021739130434782608,0.0,3,4,-0.3561993090010758,0.9782608695652174,ransom_1687
1,0.0641025641025641,0.0,1,2,0.0,0.7692307692307693,ransom_1689
7,0.023255813953488372,0.0,3,4,-0.4851854247829849,0.9767441860465116,ransom_1691
5,0.013513513513513514,0.0,5,7,-0.2804904482318255,0.9864864864864865,ransom_1692
2,0.07692307692307693,0.0,1,1,-0.4999999999999998,0.9230769230769231,ransom_1693
1,0.025525525525525526,0.0,4,4,-0.5115880832253122,0.918918918918919,ransom_1694
12,0.0221483942414175,0.0,4,4,-0.3245295969580586,0.9302325581395349,ransom_1695
7,0.05,0.0,3,4,-0.3606193232430786,0.95,ransom_1696
0,0.1111111111111111,0.0,1,1,-0.3333333333333333,0.8888888888888888,ransom_1697
10,0.08333333333333333,0.0,1,1,-0.3563483225498987,0.9166666666666666,ransom_1698
0,0.12222222222222222,0.0,3,1,0.9999999999999996,1.1,ransom_1699
6,0.05263157894736842,0.0,3,3,-0.535942200757872,0.9473684210526315,ransom_1701
2,0.024774774774774775,0.0,3,1,-0.18553121472510378,0.8918918918918919,ransom_1702
0,0.125,0.0,2,1,0.6324555320336753,1.0,ransom_1704
8,0.03218390804597701,0.0,1,4,-0.46666077591693145,0.9333333333333333,ransom_1705
4,0.025,0.0,2,5,-0.35708070735098146,0.975,ransom_1706
1,0.027462121212121212,0.0,3,3,-0.40371786615149324,0.8787878787878788,ransom_1707
0,0.3333333333333333,0.0,1,1,0.0,0.6666666666666666,ransom_1708
1,0.02702702702702703,0.0,2,4,-0.3735192762837787,0.972972972972973,ransom_1710
3,0.02702702702702703,0.0,7,8,-0.34008291359254117,0.972972972972973,ransom_1711
3,0.02526595744680851,0.0,11,7,-0.12886994545415853,1.1875,ransom_1712
5,0.01020408163265306,0.0,30,10,-0.27202018901997965,0.9897959183673469,ransom_1714
1,0.08888888888888889,0.0,1,1,-0.6666666666666666,0.8,ransom_1716
2,0.05138339920948617,0.0,5,4,0.08786426605965561,1.1304347826086956,ransom_1717
0,0.16666666666666666,0.0,1,1,0.0,0.8333333333333334,ransom_1718
1,0.08333333333333333,0.0,4,1,0.13363062095621214,0.9166666666666666,ransom_1719
2,0.030364372469635626,0.0,8,4,0.041828099883425174,1.1538461538461537,ransom_1720
6,0.02631578947368421,0.0,12,3,-0.30987491208336587,0.9736842105263158,ransom_1721
4,0.0196078431372549,0.0,11,8,-0.3180156622655631,0.9803921568627451,ransom_1722
7,0.05,0.0,2,2,-0.48002400180015004,0.95,ransom_1723
9,0.03333333333333333,0.0,2,2,-0.5938975049188681,0.9666666666666667,ransom_1724
11,0.037037037037037035,0.0,9,3,-0.3985266984930427,0.9629629629629629,ransom_1725
0,0.10909090909090909,0.0,3,1,1.0,1.0909090909090908,ransom_1727
13,0.016129032258064516,0.0,4,5,-0.38076876743429966,0.9838709677419355,ransom_1729
1,0.08888888888888889,0.0,1,2,0.0,0.8,ransom_1730
1,0.060526315789473685,0.0,5,2,0.5801193511153202,1.15,ransom_1731
6,0.021103896103896104,0.0,11,7,-0.16590958279585694,1.1607142857142858,ransom_1732
16,0.005586237542055481,0.0,9,20,-0.19525825927012086,0.9887640449438202,ransom_1733
1,0.041501976284584984,0.0,1,3,-0.37829959747850106,0.9130434782608695,ransom_1734
7,0.01572112098427888,0.0,17,9,-0.2049073614475978,1.1948051948051948,ransom_1735
0,0.14285714285714285,0.0,2,1,1.0,1.0,ransom_1736
0,0.1,0.0,2,1,0.0,0.9,ransom_1739
3,0.013333333333333334,0.0,22,10,-0.2783565781513296,0.9866666666666667,ransom_1742
2,0.021717171717171718,0.0,2,6,-0.35602888754012924,0.9555555555555556,ransom_1743
4,0.024893314366998577,0.0,4,2,-0.21106254625568127,0.9210526315789473,ransom_1744
1,0.08333333333333333,0.0,2,1,-0.5163977794943213,0.9166666666666666,ransom_1745
4,0.03439153439153439,0.0,1,4,-0.3408893274903721,0.9285714285714286,ransom_1747
7,0.05952380952380952,0.0,6,2,0.6701062335794904,1.1904761904761905,ransom_1748
0,0.09722222222222222,0.0,1,2,0.0,0.7777777777777778,ransom_1749
1,0.08333333333333333,0.0,1,2,0.0,0.9166666666666666,ransom_1750
7,0.015625,0.0,3,6,-0.35547974268684185,0.984375,ransom_1751
0,0.09090909090909091,0.0,2,1,-0.4082482904638645,0.9090909090909091,ransom_1752
2,0.029356060606060608,0.0,1,5,-0.30829227630721723,0.9393939393939394,ransom_1754
5,0.11904761904761904,0.0,1,1,0.0,0.7142857142857143,ransom_1755
24,0.013157894736842105,0.0,17,16,-0.3056548941116985,0.9868421052631579,ransom_1756
12,0.010638297872340425,0.0,6,9,-0.25707397448681574,0.9893617021276596,ransom_1757
1,0.05,0.0,1,2,-0.5970814340265321,0.95,ransom_1758
0,0.041666666666666664,0.0,3,5,-0.4641549917575263,0.9583333333333334,ransom_1759
6,0.023255813953488372,0.0,2,5,-0.3327717925406259,0.9767441860465116,ransom_1760
17,0.004694625771259948,0.0,10,25,-0.19086380493501634,0.9905660377358491,ransom_1762
0,0.25,0.0,1,1,0.0,0.75,ransom_1765
6,0.043478260869565216,0.0,1,3,-0.5426847691800728,0.9565217391304348,ransom_1767
4,0.05253623188405797,0.0,7,2,0.6027455257381036,1.2083333333333333,ransom_1768
20,0.005235602094240838,0.0,10,22,-0.18376013100352534,0.9947643979057592,ransom_1769
2,0.09722222222222222,0.0,1,1,-0.7302967433402202,0.7777777777777778,ransom_1771
2,0.02702702702702703,0.0,2,4,-0.38017265814363904,0.972972972972973,ransom_1772
4,0.020337301587301588,0.0,20,4,0.361725785225187,1.28125,ransom_1773
6,0.040229885057471264,0.0,7,3,0.3628299458703117,1.1666666666666667,ransom_1774
0,0.2,0.0,2,1,0.9999999999999976,1.0,ransom_1775
5,0.013883299798792756,0.0,4,8,-0.26784197251910397,0.971830985915493,ransom_1776
0,0.2,0.0,1,1,-1.0,0.8,ransom_1777
4,0.015625,0.0,19,7,-0.2605647445223293,0.984375,ransom_1778
5,0.011743450767841012,0.0,4,5,-0.4012955518208203,0.9512195121951219,ransom_1779
1,0.041666666666666664,0.0,6,2,-0.27548658250967034,0.9583333333333334,ransom_1780
1,0.03571428571428571,0.0,1,4,-0.3883086521976084,0.9642857142857143,ransom_1781
3,0.04365079365079365,0.0,7,2,0.5448919310237991,1.1785714285714286,ransom_1782
3,0.032388663967611336,0.0,11,4,0.14729647811635943,1.2307692307692308,ransom_1783
0,0.2,0.0,1,1,0.0,0.8,ransom_1784
0,0.07575757575757576,0.0,1,2,-0.6454972243679042,0.8333333333333334,ransom_1786
0,0.25,0.0,1,1,0.0,0.75,ransom_1787
27,0.03333333333333333,0.0,7,4,-0.3126030128542457,0.9666666666666667,ransom_1788
5,0.03896103896103896,0.0,2,1,-0.20916500663351903,0.8181818181818182,ransom_1789
2,0.034420289855072464,0.0,1,1,-0.1771229771080183,0.7916666666666666,ransom_1790
3,0.01557935735150925,0.0,19,8,-0.16782856254814185,1.2151898734177216,ransom_1791
12,0.01769406392694064,0.0,22,5,0.1203024305601977,1.273972602739726,ransom_1792
7,0.03125,0.0,8,4,-0.26082496241147834,0.96875,ransom_1794
8,0.02702702702702703,0.0,2,4,-0.37715714320235766,0.972972972972973,ransom_1795
5,0.045584045584045586,0.0,7,3,0.3395286034761206,1.1851851851851851,ransom_1797
2,0.029356060606060608,0.0,2,4,-0.33945651885651795,0.9393939393939394,ransom_1798
7,0.03125,0.0,9,4,-0.24312591466994146,0.96875,ransom_1799
1,0.025396825396825397,0.0,3,2,0.062069910226988226,0.8888888888888888,ransom_1800
9,0.05555555555555555,0.0,3,4,-0.4364357804719851,0.9444444444444444,ransom_1802
12,0.017845117845117844,0.0,3,7,-0.3145933958416199,0.9636363636363636,ransom_1804
17,0.014930217461863031,0.0,15,9,-0.24123203902897228,1.1645569620253164,ransom_1805
6,0.014172625127681308,0.0,24,9,-0.12526831611400205,1.247191011235955,ransom_1806
2,0.03333333333333333,0.0,2,3,-0.44350512322850383,0.9666666666666667,ransom_1807
0,0.25,0.0,1,1,0.0,0.75,ransom_1808
1,0.045454545454545456,0.0,3,4,-0.42592592592592554,0.9545454545454546,ransom_1809
5,0.01647537948907812,0.0,17,9,-0.17227215637642146,1.2027027027027026,ransom_1810
9,0.049707602339181284,0.0,1,2,-0.5229763603684915,0.8947368421052632,ransom_1811
6,0.01425213047311196,0.0,16,10,-0.23245277311845072,1.1686746987951808,ransom_1812
0,0.09615384615384616,0.0,4,1,0.7559289460184542,1.1538461538461537,ransom_1813
4,0.01816911250873515,0.0,4,6,-0.28297601357972146,0.9629629629629629,ransom_1814
1,0.09340659340659341,0.0,5,1,1.000000000000001,1.2142857142857142,ransom_1815
2,0.03571428571428571,0.0,2,3,-0.3407799048710425,0.9642857142857143,ransom_1817
1,0.043859649122807015,0.0,2,1,-0.3888888888888882,0.7894736842105263,ransom_1818
0,0.09848484848484848,0.0,3,1,0.8908708063747455,1.0833333333333333,ransom_1819
3,0.029885057471264367,0.0,2,2,-0.3651483716701109,0.8666666666666667,ransom_1821
0,0.3333333333333333,0.0,1,1,0.0,0.6666666666666666,ransom_1822
13,0.010101010101010102,0.0,5,11,-0.26764757607820366,0.98989898989899,ransom_1823
0,0.1,0.0,2,2,-0.478091443733757,0.9,ransom_1825
8,0.01636469900642899,0.0,5,4,-0.33473742044162275,0.9491525423728814,ransom_1826
4,0.015189873417721518,0.0,18,9,-0.23162558667478547,1.2,ransom_1827
7,0.015964912280701755,0.0,17,7,-0.17254805878469073,1.1973684210526316,ransom_1828
0,0.2,0.0,1,1,-1.0,0.8,ransom_1829
0,0.3333333333333333,0.0,1,1,0.0,0.6666666666666666,ransom_1830
3,0.05238095238095238,0.0,1,1,-0.3563483225498987,0.7333333333333333,ransom_1831
0,0.09615384615384616,0.0,4,1,0.7559289460184542,1.1538461538461537,ransom_1832
5,0.037037037037037035,0.0,9,2,-0.150066676662844,0.9629629629629629,ransom_1833
5,0.05263157894736842,0.0,2,2,-0.2578553115646985,0.9473684210526315,ransom_1835
9,0.010937273649138057,0.0,35,8,-0.03433563368505629,1.2796610169491525,ransom_1836
8,0.03218390804597701,0.0,1,4,-0.32948565074167446,0.9333333333333333,ransom_1837
2,0.1,0.0,2,2,0.4629100498862763,1.0,ransom_1838
25,0.008064516129032258,0.0,8,12,-0.20563786092173444,0.9919354838709677,ransom_1840
0,0.054945054945054944,0.0,1,1,0.0,0.7142857142857143,ransom_1841
4,0.015495495495495495,0.0,13,11,-0.2284752153569098,1.1466666666666667,ransom_1842
2,0.03024193548387097,0.0,1,4,-0.37204580241691376,0.9375,ransom_1843
13,0.01123301985370951,0.0,5,10,-0.24805702267986776,0.9772727272727273,ransom_1844
5,0.058823529411764705,0.0,1,2,-0.6201736729460423,0.9411764705882353,ransom_1845
6,0.02378048780487805,0.0,2,5,-0.3138092857418915,0.9512195121951219,ransom_1846
5,0.015208475734791524,0.0,14,10,-0.2597140205825274,1.155844155844156,ransom_1847
4,0.01786521935775667,0.0,14,9,-0.201647558408678,1.1791044776119404,ransom_1848
4,0.01942645698427382,0.0,3,2,-0.20971762320196513,0.8936170212765957,ransom_1851
1,0.25,0.0,1,1,0.0,0.75,ransom_1852
1,0.07272727272727272,0.0,1,1,0.0,0.7272727272727273,ransom_1853
3,0.16666666666666666,0.0,2,1,0.47140452079103273,1.0,ransom_1855
6,0.03276353276353276,0.0,2,3,-0.2952664564753938,0.8518518518518519,ransom_1856
11,0.043478260869565216,0.0,6,2,0.10613372610104611,0.9565217391304348,ransom_1858
7,0.04779411764705882,0.0,1,2,-0.3947710169758626,0.7647058823529411,ransom_1860
1,0.0625,0.0,2,3,-0.5768299714513135,0.9375,ransom_1861
10,0.006951611923987615,0.0,49,15,-0.1861012449415207,1.2582417582417582,ransom_1862
3,0.030303030303030304,0.0,9,4,-0.2205406220693129,0.9696969696969697,ransom_1863
7,0.011764705882352941,0.0,24,10,-0.23790374029430045,0.9882352941176471,ransom_1864
4,0.058823529411764705,0.0,2,3,0.09035079029052519,1.0,ransom_1867
0,0.07051282051282051,0.0,1,2,-0.7698003589194994,0.8461538461538461,ransom_1869
4,0.05847953216374269,0.0,3,3,0.1930468356263356,1.0526315789473684,ransom_1870
3,0.023717948717948717,0.0,4,4,-0.2497562164217852,0.925,ransom_1871
9,0.03571428571428571,0.0,2,2,-0.4897979999789236,0.9642857142857143,ransom_1872
0,0.3333333333333333,0.0,1,1,0.0,0.6666666666666666,ransom_1873
5,0.04,0.0,10,1,0.08798117404291665,0.96,ransom_1875
2,0.019871420222092345,0.0,11,7,-0.1897938896274213,1.152542372881356,ransom_1876
2,0.025,0.0,9,5,-0.36223868841804224,0.975,ransom_1877
6,0.017845117845117844,0.0,2,7,-0.33089386783473,0.9636363636363636,ransom_1878
4,0.017391304347826087,0.0,16,7,-0.13753061256433138,1.2,ransom_1880
6,0.020833333333333332,0.0,2,5,-0.4797193830345363,0.9791666666666666,ransom_1881
0,0.09090909090909091,0.0,1,1,-0.2500000000000021,0.9090909090909091,ransom_1882
0,0.09722222222222222,0.0,1,2,0.0,0.7777777777777778,ransom_1883
