scenario_id,total_input_mean,total_output_mean,fee_ratio_mean,fee_ratio_std,amount_decay_slope,output_amount_gini,denomination_entropy,round_number_ratio,io_amount_similarity,num_txns,mean_num_inputs,mean_num_outputs,io_count_ratio,unique_input_addrs,unique_output_addrs,fanout_ratio,fanin_ratio,address_reuse_ratio,change_output_ratio,script_type_entropy,time_span_hours,inter_tx_delta_mean,inter_tx_delta_std,inter_tx_delta_min,burstiness_B,hour_of_day_entropy,prop_delta_mean,prop_delta_std,prop_delta_cv,suspicious_infra_ratio,unique_asn_count,asn_concentration,unique_country_count,country_concentration,unique_ip_count,ip_to_addr_ratio,alt_port_ratio,unique_user_agents,script_type_mode,max_chain_length,graph_density,avg_clustering,max_in_degree,max_out_degree,degree_assortativity,edge_to_node_ratio
layering_01503,0.14122436227777777,0.14101515955555555,0.12302359358766037,0.28063409063956424,0.0001767003170468225,0.7826785505590224,4.019773603569808,0.009876543209876543,0.8769764064123396,180,1.9833333333333334,2.25,0.8814814814814815,357,405,2.25,1.9833333333333334,0.8740740740740741,0.04907407407407407,1.7500707248310519,120.75669439472223,2428.6262559881843,2635.0784121931288,3.880851219,0.04077097100512658,4.463017340255527,280.3277777777778,124.15397858010341,0.44288860548997433,0.4888888888888889,14,0.11666666666666667,12,0.1388888888888889,180,0.5042016806722689,0.07777777777777778,5,0,20,0.00220769738900671,0.6100062247121064,1,1,-0.5077062113689541,1.2959183673469388
layering_01505,0.9106478988888889,0.9104286508333335,0.11959005267263498,0.2617549003403536,-0.011240057464602814,0.8815009832222948,4.156813139388689,0.009685230024213076,0.8804099473273649,180,2.0166666666666666,2.2944444444444443,0.8789346246973366,363,413,2.2944444444444443,2.0166666666666666,0.87409200968523,0.03888888888888889,1.707235876232143,124.33679322805554,2500.628243695542,2732.993645403573,28.952305305,0.04439858412240567,4.514036728745674,276.9111111111111,131.34909300560628,0.4743366652156555,0.46111111111111114,14,0.10555555555555556,12,0.12777777777777777,180,0.49586776859504134,0.09444444444444444,5,0,31,0.0021956257250374898,0.6390457066360689,1,1,-0.5162538089525888,1.304201680672269
layering_01508,0.2035979801111111,0.2033897345,0.1024909322045993,0.2396240453720488,0.00043647864597672764,0.7740824950325985,4.072879024520802,0.02666666666666667,0.8975090677954006,180,2.0055555555555555,2.0833333333333335,0.9626666666666666,361,375,2.0833333333333335,2.0055555555555555,0.9573333333333334,0.05,1.6983909268174386,114.57038566805555,2304.2088737754916,1968.3757492573682,1.485602427,-0.0786018661181566,4.489298772806864,277.02777777777777,127.98692454844493,0.462000329263413,0.4722222222222222,14,0.12222222222222222,12,0.11666666666666667,180,0.4986149584487535,0.12222222222222222,5,0,48,0.00237655477054622,0.5822681150267363,1,1,-0.49241448994632,1.3213644524236985
layering_01509,0.173823157,0.1735983415,0.11855118841857551,0.25888087668630483,0.0006734893005031018,0.8330818021808021,4.062426790501525,0.011764705882352941,0.8814488115814245,180,2.0055555555555555,2.361111111111111,0.8494117647058823,361,425,2.361111111111111,2.0055555555555555,0.84,0.024074074074074078,1.7864658844963095,112.08461685972222,2254.2157580770336,2181.0055687988665,9.362754175,-0.016506546997900357,4.489880406917157,258.59444444444443,125.72274618186982,0.4861772898948712,0.43333333333333335,14,0.1,12,0.15,180,0.4986149584487535,0.06666666666666667,5,0,15,0.0021227638060668914,0.6561401561401559,1,1,-0.5241640139426251,1.29064039408867
layering_01510,0.21305691883333336,0.2128351808888889,0.13715217342876068,0.28869039347103875,-0.0007950578546457188,0.8079208713830195,4.035072417879873,0.010101010101010102,0.8628478265712393,180,1.9555555555555555,2.2,0.8888888888888888,352,396,2.2,1.9555555555555555,0.8838383838383839,0.06111111111111111,1.692695618068231,116.07204919277778,2334.4099279009724,2347.596937883424,16.603471195,0.002816529398711619,4.5055841382341155,280.8722222222222,125.06003164315614,0.445255962493188,0.5055555555555555,14,0.1111111111111111,12,0.12777777777777777,180,0.5113636363636364,0.10555555555555556,5,0,23,0.00224283820980732,0.6247467496211218,1,1,-0.49444185071570623,1.2941176470588236
layering_01514,0.3320410102777777,0.33184637755555557,0.13685070721465706,0.28630712490052757,-0.000874634987005772,0.8695247724265346,4.117155983011358,0.00980392156862745,0.8631492927853429,180,2.0055555555555555,2.2666666666666666,0.8848039215686274,361,408,2.2666666666666666,2.0055555555555555,0.8799019607843137,0.03611111111111111,1.7625926068964886,102.49874871611112,2061.427348481609,1610.433803796439,10.636716594,-0.1228242370780743,4.525804947725965,277.4166666666667,132.59830863368495,0.47797527894389286,0.45,14,0.11666666666666667,12,0.1,180,0.4986149584487535,0.09444444444444444,5,0,27,0.0022128859601162555,0.612349980642664,1,1,-0.5142436263303609,1.3033898305084746
layering_01517,0.4030004200555556,0.4027897686111111,0.0992366581475273,0.2538636924275007,-0.0019079231543051738,0.790221559629911,3.953455090471511,0.007692307692307693,0.9007633418524728,180,2.1277777777777778,2.1666666666666665,0.9820512820512821,383,390,2.1666666666666665,2.1277777777777778,0.9717948717948718,0.06296296296296296,1.7274010140752076,108.70840847777778,2186.3143604474803,2078.2475443477324,13.592427836,-0.025340660661587317,4.49777505018365,260.72777777777776,133.76134966957085,0.5130306820762983,0.4444444444444444,14,0.11666666666666667,12,0.12222222222222222,180,0.4699738903394256,0.10555555555555556,5,0,58,0.0023502441456725713,0.6210901619531056,1,1,-0.524041755515337,1.3466898954703832
layering_01519,0.2951978327222222,0.2949980948888889,0.13897047015186545,0.26945779197139563,-0.003083744168523719,0.8419897968050271,4.040841515287725,0.012106537530266344,0.8610295298481345,180,1.8722222222222222,2.2944444444444443,0.8159806295399517,337,413,2.2944444444444443,1.8722222222222222,0.8062953995157385,0.03888888888888889,1.7589040916907683,127.87483188694445,2571.784328457972,2851.9232584380234,20.429600128,0.05165081735912234,4.506696499993119,281.0388888888889,125.31374542345554,0.44589467998145765,0.43333333333333335,14,0.11666666666666667,12,0.10555555555555556,180,0.5341246290801187,0.09444444444444444,5,0,12,0.0021078547097905637,0.6469681397738942,1,1,-0.4917943764978375,1.256281407035176
layering_01522,0.17555490666666668,0.17534294233333333,0.09652020491878878,0.2272981126309708,-0.0016028511361256003,0.8099413486585645,4.027207228373542,0.0,0.9034797950812112,180,1.9777777777777779,2.25,0.8790123456790124,356,405,2.25,1.9777777777777779,0.8740740740740741,0.030555555555555555,1.6853614851012935,129.87516290472223,2612.0144494849164,2346.187427164661,14.460449025,-0.05361359398699665,4.460558256279928,285.5777777777778,132.20501919813555,0.4629387490402381,0.49444444444444446,14,0.10555555555555556,12,0.13333333333333333,180,0.5056179775280899,0.05,5,0,42,0.0022123250635207657,0.6465933465933472,1,1,-0.5064946325607795,1.2964224872231687
layering_01524,0.273898925,0.27368181750000004,0.14653790071362163,0.299618703683509,-0.00010754266433120383,0.8241024739805759,3.965062685633559,0.007556675062972292,0.8534620992863784,180,1.9777777777777779,2.2055555555555557,0.8967254408060453,356,397,2.2055555555555557,1.9777777777777779,0.8866498740554156,0.0685185185185185,1.736939272544106,121.3612655775,2440.7852294917097,2538.0733167987523,9.922380171,0.01954023927422639,4.484911541999278,268.9277777777778,130.6471229398654,0.48580746853091017,0.5222222222222223,14,0.1111111111111111,12,0.1111111111111111,180,0.5056179775280899,0.10555555555555556,5,0,26,0.0022345539794646567,0.6343506313581134,1,1,-0.5034077693748714,1.2960413080895008
layering_01526,0.38134308805555556,0.38113436716666665,0.08203523212193928,0.21281696815565693,-0.0028023800065742756,0.7759875540763171,4.017598080814381,0.01015228426395939,0.9179647678780607,180,2.022222222222222,2.188888888888889,0.9238578680203045,364,394,2.188888888888889,2.022222222222222,0.9187817258883249,0.05092592592592592,1.7098266209627409,126.84261802944444,2551.0247201471225,2648.8724574286866,16.623394694,0.018817244637745076,4.508571401034525,266.5777777777778,134.66498699101828,0.5051620885791783,0.48333333333333334,14,0.1111111111111111,12,0.12777777777777777,180,0.4945054945054945,0.1,5,0,55,0.002288647342995169,0.6139109347442677,1,1,-0.5099017829488992,1.3159722222222223
layering_01527,0.1955277097777778,0.19531359099999998,0.14381149062299978,0.2864444060390204,0.001058680236200705,0.8252246787702293,3.9051342002450053,0.02127659574468085,0.8561885093770002,180,1.9833333333333334,2.35,0.8439716312056738,357,423,2.35,1.9833333333333334,0.8368794326241135,0.03796296296296296,1.812890787322563,106.93974403194444,2150.743455393715,1884.3981230254826,38.538241423,-0.06600644046610518,4.478212070283366,292.9222222222222,127.90741482018882,0.4366599906617985,0.45,14,0.10555555555555556,12,0.11666666666666667,180,0.5042016806722689,0.08333333333333333,5,0,17,0.0021274854758203095,0.6589239138534915,1,1,-0.5160597577319644,1.2871287128712872
layering_01528,0.17485347111111113,0.17464854055555556,0.15447434943941585,0.29802601724190014,8.465272808831551e-05,0.8250224149622567,4.119873986589423,0.010230179028132993,0.845525650560584,180,1.9555555555555555,2.172222222222222,0.9002557544757034,352,391,2.172222222222222,1.9555555555555555,0.8900255754475703,0.05,1.6839238284135467,114.91959728055556,2311.2321240831843,2265.1900027446945,8.904538604,-0.010060724308752439,4.452357216616228,270.5111111111111,134.7839773350103,0.49825671404546645,0.4222222222222222,14,0.09444444444444444,12,0.12777777777777777,180,0.5113636363636364,0.15555555555555556,5,0,18,0.0022511740645356766,0.5961844484629298,1,1,-0.48929786632098593,1.2921739130434782
layering_01529,0.13343134027777778,0.1332143738888889,0.10327974120138185,0.24854635671356917,-0.0002806666550202166,0.7501285113705574,3.9644618182970897,0.004914004914004914,0.8967202587986183,180,2.0,2.261111111111111,0.8845208845208845,360,407,2.261111111111111,2.0,0.8746928746928747,0.06018518518518518,1.7015674514240366,129.2349226975,2599.138110121078,2523.074823802221,1.209684142,-0.014849692369309076,4.4532562944058185,281.5777777777778,133.72438743145105,0.4749110121075919,0.42777777777777776,14,0.11666666666666667,12,0.1111111111111111,180,0.5,0.06666666666666667,5,0,24,0.0021996615905245345,0.6425307998300708,1,1,-0.5121838085401846,1.2978003384094754
layering_01530,0.05855165694444443,0.05834964472222223,0.13779745024507736,0.2681970511664361,0.0002322179762029692,0.8066063553591595,3.932675581085885,0.007731958762886598,0.8622025497549228,180,1.9277777777777778,2.1555555555555554,0.8943298969072165,347,388,2.1555555555555554,1.9277777777777778,0.884020618556701,0.05277777777777778,1.7238972794637455,125.14286461611111,2516.839735300687,2561.657530563568,11.953394721,0.008825011202453346,4.535030749485901,253.7722222222222,128.92112830968816,0.5080190699390064,0.4388888888888889,14,0.1111111111111111,12,0.12222222222222222,180,0.5187319884726225,0.08333333333333333,5,0,16,0.0022503765936340366,0.6159216067379337,1,1,-0.4800413023086355,1.284965034965035
layering_01531,0.3171214883888889,0.3169059312777778,0.09881087284949668,0.24559703685633988,0.00017791321317530385,0.8040634048859832,3.9537521164987073,0.007389162561576354,0.9011891271505034,180,2.0166666666666666,2.2555555555555555,0.8940886699507389,363,406,2.2555555555555555,2.0166666666666666,0.8842364532019704,0.06111111111111111,1.7614263969507076,118.51540882361111,2383.550121592866,2344.8649606179774,12.282572661,-0.008181422379864519,4.487532270907371,260.77222222222224,123.86394728239094,0.4749890391961986,0.49444444444444446,14,0.11666666666666667,12,0.15,180,0.49586776859504134,0.1111111111111111,5,0,21,0.0022128859601162555,0.6337843592721639,1,1,-0.5124297906005183,1.3033898305084746
layering_01534,0.11775681494444444,0.11754227938888889,0.1520897899587671,0.28300319221509135,-0.0006493416757410209,0.8553888010061774,4.003731229839375,0.004761904761904762,0.8479102100412329,180,2.0,2.3333333333333335,0.8571428571428571,360,420,2.3333333333333335,2.0,0.8476190476190476,0.03888888888888889,1.759369058160555,109.60277271888889,2204.3015742370726,2132.2460177284165,34.568015096,-0.016615880485701704,4.475559573740228,281.96666666666664,126.02965422080932,0.4469665003693439,0.4166666666666667,14,0.1111111111111111,12,0.1111111111111111,180,0.5,0.1,5,0,16,0.0021416098316365192,0.6424715483677755,1,1,-0.5176996640416905,1.2913907284768211
layering_01536,0.24282567011111114,0.2426212153888889,0.0935043330825175,0.21771229230996156,-0.0010996521748716536,0.8209711839700029,4.0598482567110565,0.01272264631043257,0.9064956669174825,180,2.05,2.183333333333333,0.9389312977099237,369,393,2.183333333333333,2.05,0.9338422391857506,0.06111111111111111,1.7043814509763524,118.06296204916667,2374.45063339238,2216.745416191812,76.268487051,-0.03434948442570877,4.503656439216769,273.55,127.00570853312067,0.46428699884160357,0.4722222222222222,14,0.12777777777777777,12,0.1111111111111111,180,0.4878048780487805,0.09444444444444444,5,0,30,0.0023087410998333586,0.6088647779787021,1,1,-0.5052773716022948,1.325217391304348
layering_01540,0.850504536,0.8502796130555555,0.1371038997139687,0.28313561536689613,0.006532732158965813,0.9202639472822566,4.003421365642308,0.009925558312655087,0.8628961002860313,180,2.088888888888889,2.238888888888889,0.9330024813895782,376,403,2.238888888888889,2.088888888888889,0.9255583126550868,0.030555555555555555,1.7530545781281461,115.56890263444446,2324.2907792456986,2162.1160760667008,27.401259705,-0.036148015195493266,4.515586550117193,269.26666666666665,131.33502726034232,0.4877507821008009,0.46111111111111114,14,0.1,12,0.1111111111111111,180,0.4787234042553192,0.1,5,0,40,0.0022723957877541496,0.6162757056845727,1,1,-0.5295582201745762,1.3293515358361774
layering_01542,0.2621574005555556,0.2619277723333333,0.11690022774395299,0.26325938973943447,-0.0012287027888515075,0.8330584503606249,3.959373171626117,0.01020408163265306,0.883099772256047,180,1.95,2.1777777777777776,0.8954081632653061,351,392,2.1777777777777776,1.95,0.8852040816326531,0.06666666666666667,1.7325799086570557,118.13880210083333,2375.975908176196,2487.4674163107866,50.394994275,0.02292439752988205,4.513125951414715,268.25555555555553,131.36065422090158,0.48968474836934694,0.42777777777777776,14,0.1,12,0.13333333333333333,180,0.5128205128205128,0.13333333333333333,5,0,22,0.0022433574879227054,0.6242744909411573,1,1,-0.491445815460917,1.2899305555555556
layering_01543,0.7226484782777778,0.7224171908333332,0.10230719970758033,0.2509798189048507,0.003942276238227521,0.8186001353116915,4.116351179682034,0.007653061224489796,0.8976928002924197,180,2.011111111111111,2.1777777777777776,0.9234693877551021,362,392,2.1777777777777776,2.011111111111111,0.9132653061224489,0.06388888888888888,1.7993524913161507,122.0143288013889,2453.9194619284467,2232.966056338532,25.477973462,-0.047142906462885936,4.489867908104614,288.1166666666667,130.09121316605808,0.45152269277280527,0.4666666666666667,14,0.1111111111111111,12,0.13333333333333333,180,0.4972375690607735,0.1111111111111111,5,0,35,0.0022765700483091786,0.6063732563732559,1,1,-0.5043920149386814,1.3090277777777777
layering_01547,0.16857210327777777,0.16836032844444443,0.10234129085533192,0.2531344966761362,-0.0014349585121968785,0.7847010812658478,3.954098824003553,0.004878048780487805,0.897658709144668,180,2.033333333333333,2.2777777777777777,0.8926829268292683,366,410,2.2777777777777777,2.033333333333333,0.8878048780487805,0.04722222222222222,1.677803340790397,114.14762066055555,2295.7063373111,2379.8821756481348,2.684620692,0.018003260574305513,4.512641873583504,295.98333333333335,136.94701805512213,0.4626848968583438,0.4,14,0.08888888888888889,12,0.12777777777777777,180,0.4918032786885246,0.1,5,0,35,0.002217953994603741,0.6293766373863456,1,1,-0.5235417410303858,1.3108108108108107
layering_01549,0.24204939511111112,0.2418375308888889,0.10935992107872043,0.24124438203831933,0.0023817620640554735,0.8105489625249547,4.041041796049413,0.005025125628140704,0.8906400789212796,180,2.0722222222222224,2.2111111111111112,0.9371859296482412,373,398,2.2111111111111112,2.0722222222222224,0.9296482412060302,0.041666666666666664,1.7880165105936068,111.64340525,2245.3422284951284,2119.7991295948063,16.817010801,-0.028760374201319397,4.451075149899593,271.15555555555557,129.53685535915128,0.4777215613146867,0.5,14,0.12222222222222222,12,0.10555555555555556,180,0.48257372654155495,0.08333333333333333,5,0,29,0.0022879696124399073,0.6200411669239599,1,1,-0.5214513977033441,1.3270223752151462
layering_01550,0.1376809151111111,0.13747893849999998,0.13151979958002588,0.2711824637853621,0.0004086950667510312,0.8229743074530826,4.0703755790898075,0.00966183574879227,0.868480200419974,180,1.9833333333333334,2.3,0.8623188405797102,357,414,2.3,1.9833333333333334,0.857487922705314,0.022222222222222223,1.7587044854293883,125.89609735388889,2531.988550136324,2390.296284458308,28.303789275,-0.028785872910519008,4.446436664795059,265.4611111111111,137.23434932854838,0.516965926776023,0.4444444444444444,14,0.1111111111111111,12,0.10555555555555556,180,0.5042016806722689,0.12777777777777777,5,0,18,0.002174158253905589,0.6310191544566538,1,1,-0.5123830044243497,1.2936241610738255
layering_01552,0.20447967488888888,0.20425937333333333,0.07948844043655724,0.2085997659563142,-0.001959956322972931,0.8421021915508469,3.9488921717277328,0.0048543689320388345,0.9205115595634428,180,1.9833333333333334,2.2888888888888888,0.8665048543689321,357,412,2.2888888888888888,1.9833333333333334,0.8567961165048543,0.008333333333333333,1.775800303584047,138.12808927,2777.9950914678375,2456.2036101254726,41.073188993,-0.06147865216588174,4.4552776551127,265.02222222222224,133.90261430584232,0.5052505151570438,0.42777777777777776,14,0.09444444444444444,12,0.13333333333333333,180,0.5042016806722689,0.08333333333333333,5,0,18,0.0021685184140770404,0.6446008852258853,1,1,-0.5120426906625103,1.2902684563758389
layering_01554,0.192702075,0.19248659577777777,0.1565937833906427,0.29192717137790936,-0.0006604868008066091,0.8772017037386383,4.024138567866455,0.0,0.8434062166093573,180,1.988888888888889,2.4,0.8287037037037037,358,432,2.4,1.988888888888889,0.8194444444444444,0.019444444444444445,1.6602351079565747,118.11745816861111,2375.5466447325143,2413.754620474349,2.16683781,0.007977776637148824,4.515065050015529,276.3777777777778,131.84620105435087,0.4770506591176159,0.42777777777777776,14,0.12222222222222222,12,0.11666666666666667,180,0.5027932960893855,0.1111111111111111,5,0,12,0.0020853130609228172,0.6387541866899662,1,1,-0.531612206192499,1.2824675324675325
layering_01555,0.2872054862777778,0.28698932205555555,0.12114780722385385,0.2637145065353193,-0.0019382050381081745,0.8802111062910366,3.961255231580513,0.014778325123152709,0.878852192776146,180,1.9555555555555555,2.2555555555555555,0.8669950738916256,352,406,2.2555555555555555,1.9555555555555555,0.8596059113300493,0.03981481481481481,1.6811026633818984,115.25630082944446,2318.003815568441,2038.2719748479121,0.747156063,-0.06421352875222654,4.5279851934628965,262.74444444444447,129.1659156582961,0.49160284218914224,0.4722222222222222,14,0.09444444444444444,12,0.10555555555555556,180,0.5113636363636364,0.11666666666666667,5,0,22,0.002188651351882009,0.6361101408778679,1,1,-0.5093760525825723,1.2869269949066213
layering_01556,0.08971007827777779,0.08950936883333332,0.1546628094901286,0.2948529161939141,-0.00040424270939432266,0.7997982756028653,4.116378112351443,0.009732360097323601,0.8453371905098715,180,1.8944444444444444,2.283333333333333,0.829683698296837,341,411,2.283333333333333,1.8944444444444444,0.8223844282238443,0.011111111111111112,1.8118024981149348,120.87758047083332,2431.0574843322847,2450.333650147799,18.208267808,0.0039489082690701465,4.5120268175571105,276.6333333333333,128.54896682396316,0.4646908066898295,0.4666666666666667,14,0.1111111111111111,12,0.11666666666666667,180,0.5278592375366569,0.09444444444444444,5,0,19,0.0021348958954355243,0.638511233801089,1,1,-0.4926032703822228,1.265993265993266
layering_01557,0.29073088533333336,0.29049737305555556,0.09731726457612394,0.22549513356069859,0.0009225084170396208,0.832271997111967,4.007240683668228,0.01256281407035176,0.902682735423876,180,2.0555555555555554,2.2111111111111112,0.92964824120603,370,398,2.2111111111111112,2.0555555555555554,0.9221105527638191,0.04722222222222222,1.7354497611730764,118.51718289805555,2383.5858013031734,2177.2978261707635,16.449019733,-0.04522982649453463,4.511318615927893,288.89444444444445,129.26537154943136,0.4474484505855204,0.4222222222222222,14,0.12222222222222222,12,0.15555555555555556,180,0.4864864864864865,0.10555555555555556,5,0,31,0.0022790670069440322,0.6161639551913871,1,1,-0.5088766864471018,1.3218588640275388
layering_01558,0.3162110203888889,0.3159947236666667,0.13497230232599844,0.2673807332317689,-0.00056609703608136,0.8683157321663015,4.002311079584259,0.015113350125944584,0.8650276976740017,180,1.9666666666666666,2.2055555555555557,0.8916876574307304,354,397,2.2055555555555557,1.9666666666666666,0.8841309823677582,0.05277777777777778,1.7018629304852158,123.19206081805555,2477.605692432475,2297.633871661586,11.327084375,-0.03768854281660156,4.491469544958555,268.7388888888889,130.52486926239473,0.4856940125117535,0.4111111111111111,14,0.08888888888888889,12,0.10555555555555556,180,0.5084745762711864,0.1388888888888889,5,0,25,0.00223631707462331,0.6054186507936506,1,1,-0.49851403117395343,1.2948275862068965
layering_01559,0.9648210906666667,0.9645893437777778,0.08854276529204815,0.22069502440739458,-0.011882857105610253,0.8089544606465117,4.043355572581784,0.012987012987012988,0.9114572347079518,180,2.011111111111111,2.138888888888889,0.9402597402597402,362,385,2.138888888888889,2.011111111111111,0.9324675324675324,0.058333333333333334,1.7016317351523564,120.50792495666667,2423.62307175776,2475.1694562770917,3.097584273,0.010522263236163117,4.470055520562534,275.3,136.40409486145225,0.4954743729075636,0.45555555555555555,14,0.1,12,0.1388888888888889,180,0.4972375690607735,0.1111111111111111,5,0,52,0.0023194723898949253,0.6150405007363776,1,1,-0.5033608804504481,1.3151408450704225
layering_01560,0.20460660388888888,0.20439596855555556,0.1207466504412956,0.2546555584375453,0.0002564787065444406,0.8404245741897969,4.069404533733132,0.014925373134328358,0.8792533495587043,180,1.9277777777777778,2.2333333333333334,0.8631840796019901,347,402,2.2333333333333334,1.9277777777777778,0.8532338308457711,0.041666666666666664,1.7853813280789737,94.33169531777777,1897.173760585291,1672.4931147397185,5.4474396,-0.06294162836276304,4.504868560888902,273.81666666666666,132.78244798022106,0.48493194222492325,0.4166666666666667,14,0.11666666666666667,12,0.14444444444444443,180,0.5187319884726225,0.07222222222222222,5,0,22,0.002184883754849625,0.626980217374306,1,1,-0.5023234150466704,1.2781569965870307
layering_01561,0.6290550052777777,0.6288347015,0.08027564420718632,0.21899780521493148,-0.010138184171106101,0.8459452599519421,4.010998581137668,0.010050251256281407,0.9197243557928138,180,1.8666666666666667,2.2111111111111112,0.8442211055276382,336,398,2.2111111111111112,1.8666666666666667,0.8391959798994975,0.04722222222222222,1.7471671973011633,124.75250754916667,2508.988978645168,2289.6896471433065,1.110896089,-0.04569994129703328,4.492617942589611,286.02222222222224,134.21803139050058,0.4692573547177784,0.4,14,0.10555555555555556,12,0.1388888888888889,180,0.5357142857142857,0.1,5,0,32,0.0021856947174081352,0.6509781746031745,1,1,-0.4813812274708923,1.2655172413793103
layering_01562,0.18000981399999996,0.1798088947222222,0.11273886024240802,0.2502524026539904,-0.0003309320825848536,0.8171085300317756,4.073215723309857,0.014492753623188406,0.887261139757592,180,1.9444444444444444,2.3,0.8454106280193238,350,414,2.3,1.9444444444444444,0.8405797101449275,0.03611111111111111,1.8073650398146903,119.11883640777778,2395.6860953567148,2294.012557291188,12.965924101,-0.021680185785097256,4.471439467996792,280.75,133.66646872097428,0.47610496427773563,0.4166666666666667,14,0.10555555555555556,12,0.11666666666666667,180,0.5142857142857142,0.1111111111111111,5,0,18,0.002154418814505668,0.6311755952380947,1,1,-0.5089825760709394,1.2818791946308725
layering_01563,0.47657253788888887,0.47636212233333336,0.15230882362819934,0.3031048735600555,-0.001906863934751072,0.823351477118484,4.054101910268704,0.01488833746898263,0.8476911763718007,180,2.0444444444444443,2.238888888888889,0.913151364764268,368,403,2.238888888888889,2.0444444444444443,0.9032258064516129,0.06481481481481483,1.7216720856679757,115.41392905916666,2321.173992255793,2237.5903592228083,37.742265023,-0.018334712344996534,4.457844668938335,283.35,133.73660743266132,0.4719837918922227,0.39444444444444443,14,0.12777777777777777,12,0.11666666666666667,180,0.4891304347826087,0.09444444444444444,5,0,31,0.0022413963521347047,0.6022581022581022,1,1,-0.5155581230185818,1.313458262350937
layering_01565,0.21442467500000004,0.214193836,0.11445416608360016,0.2540726117717513,9.598099110054804e-05,0.8318175457710454,3.9834620893382717,0.0,0.8855458339163997,180,1.9944444444444445,2.283333333333333,0.8734793187347932,359,411,2.283333333333333,1.9944444444444445,0.8686131386861314,0.03333333333333333,1.7508043391522068,127.85826772277777,2571.4511944282235,2575.7567991960586,2.339324741,0.0008364932548224911,4.455496655814159,264.3833333333333,125.33634190988644,0.47407051091175606,0.49444444444444446,14,0.1,12,0.12777777777777777,180,0.5013927576601671,0.12777777777777777,5,0,17,0.002193382252404175,0.6201141473538573,1,1,-0.5131850143485603,1.2984822934232716
layering_01568,2.1015044853888885,2.1012814302222225,0.08467890030328543,0.2206542019453229,-0.02180490204205892,0.8409898042230927,4.0648913272843314,0.0025188916876574307,0.9153210996967147,180,2.0055555555555555,2.2055555555555557,0.9093198992443324,361,397,2.2055555555555557,2.0055555555555555,0.8992443324937027,0.07777777777777778,1.6426489567609084,119.15805031638888,2396.474754968419,2176.6402292439097,24.057869173,-0.048071068950472355,4.498810560820494,282.43888888888887,123.990005178778,0.4389976382733736,0.5,14,0.1111111111111111,12,0.10555555555555556,180,0.4986149584487535,0.1111111111111111,5,0,23,0.002249391655291115,0.6056564936864197,1,1,-0.5045787240335888,1.3046471600688467
layering_01572,0.13591588094444446,0.13570701155555553,0.14159189094590663,0.2947327678499628,0.0008038321400454748,0.8181431071042462,3.907708699649442,0.010050251256281407,0.8584081090540934,180,2.0,2.2111111111111112,0.9045226130653266,360,398,2.2111111111111112,2.0,0.8994974874371859,0.04722222222222222,1.718121691799637,122.07708209361111,2455.181539314408,2413.8242728495834,2.03262086,-0.00849398584850808,4.470323311519112,278.19444444444446,123.84352612622423,0.44516894064344203,0.4666666666666667,14,0.1,12,0.13333333333333333,180,0.5,0.1111111111111111,5,0,17,0.002257161574653088,0.6120555555555555,1,1,-0.507691408108365,1.306896551724138
layering_01573,0.20586173255555562,0.20565770183333332,0.13152830423680717,0.27390194595968814,0.00035812605655524357,0.8596404615856758,3.9898540931691775,0.024390243902439025,0.8684716957631928,180,2.061111111111111,2.2777777777777777,0.9048780487804877,371,410,2.2777777777777777,2.061111111111111,0.8951219512195122,0.04722222222222222,1.7210470432843898,129.21039196750002,2598.6447546584077,2526.0496311902552,3.546707815,-0.014165746872363104,4.494872744978908,280.97222222222223,128.83706008326976,0.45854020395429673,0.43333333333333335,14,0.10555555555555556,12,0.12222222222222222,180,0.48517520215633425,0.10555555555555556,5,0,18,0.0022172256573605646,0.6314757303887745,1,1,-0.5246267811169962,1.3148148148148149
layering_01574,0.08515097961111112,0.08493664299999999,0.18376073838725446,0.3021904353693067,0.0009813047312982911,0.8610629744442068,3.940420355611488,0.007159904534606206,0.8162392616127454,180,1.95,2.327777777777778,0.837708830548926,351,419,2.327777777777778,1.95,0.8329355608591885,0.030555555555555555,1.7466142386521144,122.46836480611111,2463.050912303866,2439.7998023248065,47.288553821,-0.004742365479268007,4.43869847086599,266.9,127.46194962949512,0.47756444222366107,0.45,14,0.08888888888888889,12,0.1111111111111111,180,0.5128205128205128,0.12222222222222222,5,0,16,0.0021353300055463116,0.6491083210798182,1,1,-0.5067535137718087,1.281198003327787
layering_01575,0.4431238896666667,0.44290178077777775,0.11688297194427023,0.2619622869041427,-0.004696794715783405,0.8124716783591563,3.995904752485098,0.012468827930174564,0.8831170280557296,180,1.95,2.227777777777778,0.8753117206982544,351,401,2.227777777777778,1.95,0.8653366583541147,0.1,1.7150282934288577,118.64786811361111,2386.2141073150224,2658.477381598082,32.901774168,0.053970252666872144,4.3708967392864695,288.75,135.66697951089256,0.4698423532844764,0.5055555555555555,14,0.1111111111111111,12,0.11666666666666667,180,0.5128205128205128,0.10555555555555556,5,0,26,0.0022011474066268586,0.6389613952576918,1,1,-0.49595889232649226,1.2854700854700856
layering_01576,0.13917961088888886,0.13896604066666668,0.13136228560548777,0.28097249220336257,-0.0002925855165077112,0.8286041474637207,4.058793569358746,0.007228915662650603,0.8686377143945123,180,2.0444444444444443,2.3055555555555554,0.8867469879518073,368,415,2.3055555555555554,2.0444444444444443,0.8819277108433735,0.05,1.7161969542275344,119.56687089166667,2404.696844751179,2312.9609109672515,15.870815526,-0.019445228656684844,4.5047210519292,283.78333333333336,128.15873864275815,0.45160770062638683,0.4,14,0.10555555555555556,12,0.11666666666666667,180,0.4891304347826087,0.09444444444444444,5,0,20,0.0022006003170213484,0.6415324882950787,1,1,-0.5221758621120707,1.3115577889447236
layering_01578,0.45463133022222224,0.4544297651666668,0.14724551537679212,0.2796350877807144,0.0001354946775003344,0.8894936839318907,4.126897893622233,0.007751937984496124,0.8527544846232078,180,1.9944444444444445,2.15,0.9276485788113695,359,387,2.15,1.9944444444444445,0.917312661498708,0.04722222222222222,1.6495375966922723,125.13879024055555,2516.75779254781,2489.7129928570466,2.085364458,-0.0054019689417954455,4.479160515203757,269.3222222222222,132.4804467729372,0.4919031399630492,0.39444444444444443,14,0.10555555555555556,12,0.12777777777777777,180,0.5013927576601671,0.08888888888888889,5,0,17,0.0022920699296402128,0.602738196727967,1,1,-0.48879614262286103,1.3064798598949212
layering_01580,0.10094965366666667,0.10074351144444445,0.14102737932219792,0.28678316918785335,0.0012742348260337249,0.8094856077137693,3.905216738711422,0.020460358056265986,0.858972620677802,180,2.05,2.172222222222222,0.9437340153452686,369,391,2.172222222222222,2.05,0.9386189258312021,0.04629629629629629,1.772132895943874,113.61004018833334,2284.8946630080445,2055.2668327822053,0.89688485,-0.05290766955298031,4.456084230256648,282.0722222222222,131.22393459957644,0.4652139567865551,0.4222222222222222,14,0.1,12,0.10555555555555556,180,0.4878048780487805,0.07777777777777778,5,0,55,0.002318798130316455,0.6057049961630112,1,1,-0.5058551113948838,1.3263525305410122
layering_01582,0.15668521633333335,0.1564764071111111,0.14171533535132144,0.2850634280438018,-0.0016600165611490058,0.7990345774881646,4.010577186338465,0.0024937655860349127,0.8582846646486786,180,1.9055555555555554,2.227777777777778,0.855361596009975,343,401,2.227777777777778,1.9055555555555554,0.8503740648379052,0.03611111111111111,1.7639023331900943,125.94467223555556,2532.9654751290336,2614.355166252686,3.504372417,0.015812049956500214,4.523853506013435,278.3833333333333,125.98994705839247,0.4525771911335418,0.4722222222222222,14,0.10555555555555556,12,0.11666666666666667,180,0.5247813411078717,0.10555555555555556,5,0,27,0.002192711004226274,0.643339635275119,1,1,-0.48900981846534564,1.2761578044596913
layering_01583,0.28996810116666666,0.2897472519444445,0.1429273756835546,0.27994722567615665,-0.0015337537689537725,0.8682740654635922,4.0821615813957,0.005128205128205128,0.8570726243164454,180,1.9833333333333334,2.1666666666666665,0.9153846153846155,357,390,2.1666666666666665,1.9833333333333334,0.9102564102564102,0.044444444444444446,1.6583480571108606,119.43655768555556,2402.07602049419,2355.593768080755,2.72023789,-0.009769961867689317,4.460842217615143,273.40555555555557,129.90227083836285,0.47512666878477866,0.4722222222222222,14,0.11666666666666667,12,0.1111111111111111,180,0.5042016806722689,0.08333333333333333,5,0,26,0.0022871174359790822,0.6263058794946553,1,1,-0.4957593493788019,1.305944055944056
layering_01585,0.6727229563333333,0.6725034995555556,0.10951526222561239,0.2481612327017298,-0.008358722520797973,0.8128572068696407,4.0370531457672,0.01020408163265306,0.8904847377743875,180,2.0,2.1777777777777776,0.9183673469387756,360,392,2.1777777777777776,2.0,0.9132653061224489,0.04629629629629629,1.6806246165684127,115.18449790555556,2316.5597344148323,2013.590453349159,3.294209081,-0.06996738402325972,4.524993930308135,268.72777777777776,138.92672521251757,0.5169793996041671,0.4166666666666667,14,0.10555555555555556,12,0.14444444444444443,180,0.5,0.10555555555555556,5,0,56,0.002286395339645244,0.6195572476029334,1,1,-0.4993476840014391,1.3101045296167246
layering_01590,0.20184183666666666,0.20163145127777782,0.1403562067844515,0.27089730795135036,-0.0018532080776464302,0.8547190176413525,4.053133543563248,0.004545454545454545,0.8596437932155485,180,1.988888888888889,2.4444444444444446,0.8136363636363636,358,440,2.4444444444444446,1.988888888888889,0.8068181818181818,0.027777777777777776,1.7451980545681454,134.05512746361111,2696.080775809961,2610.9409326458535,6.734722565,-0.01604286694898041,4.4990906266167165,276.01666666666665,126.65871422159692,0.45888067467518967,0.42777777777777776,14,0.1,12,0.11666666666666667,180,0.5027932960893855,0.05,5,0,19,0.002059322952418801,0.6832115088322771,1,1,-0.5326228864136832,1.2808988764044944
layering_01591,0.4012894031666667,0.40108032744444444,0.12439629379884289,0.27337849913824325,-0.0005844746739302653,0.8213063020995577,4.109829203735671,0.0,0.8756037062011572,180,2.0555555555555554,2.227777777777778,0.9226932668329176,370,401,2.227777777777778,2.0555555555555554,0.9152119700748129,0.04722222222222222,1.5827679393603877,113.88540657749999,2290.432757987872,2222.1855812544445,2.835035942,-0.01512363147132142,4.517677518417944,265.5722222222222,125.71809514762825,0.47338571065776386,0.46111111111111114,14,0.12222222222222222,12,0.11666666666666667,180,0.4864864864864865,0.07777777777777778,5,0,28,0.0022645033952865433,0.5943285399968566,1,1,-0.5196359131827506,1.3202054794520548
layering_01592,0.13478964583333336,0.13457315966666666,0.11621106921741343,0.2565088296533876,0.000871553659968929,0.8197902143771262,3.9429827334134773,0.024330900243309004,0.8837889307825865,180,1.9277777777777778,2.283333333333333,0.8442822384428225,347,411,2.283333333333333,1.9277777777777778,0.8394160583941606,0.05277777777777778,1.7906347353364114,109.61005108416667,2204.447954768626,2349.1467613343843,1.080639818,0.03177683030377203,4.452271877529013,260.95,131.71618697265163,0.5047564168333076,0.4388888888888889,14,0.10555555555555556,12,0.1111111111111111,180,0.5187319884726225,0.06666666666666667,5,0,21,0.002159199671847227,0.6264537453399444,1,1,-0.5018385451367938,1.2782462057335582
layering_01594,0.2005905416111111,0.20037629616666666,0.09787915534164814,0.24821769384479825,-0.0017991470032717078,0.8095924477166984,3.9777018186035105,0.002570694087403599,0.9021208446583517,180,2.0,2.161111111111111,0.9254498714652957,360,389,2.161111111111111,2.0,0.9203084832904884,0.03796296296296296,1.6688503506429566,119.81281616833333,2409.643230203497,2399.140509218587,5.192714601,-0.002184070142063025,4.477095397718976,282.55,132.142477491312,0.4676782073661724,0.4388888888888889,14,0.10555555555555556,12,0.11666666666666667,180,0.5,0.08333333333333333,5,0,33,0.0023012873690355486,0.5995717127430683,1,1,-0.500832532107092,1.3117338003502628
layering_01599,0.20412459800000002,0.2039226158888889,0.13530616446417745,0.2794735121088059,-0.0008620291355700275,0.8064677237731357,3.97674644391888,0.007177033492822967,0.8646938355358227,180,1.961111111111111,2.3222222222222224,0.8444976076555023,353,418,2.3222222222222224,1.961111111111111,0.8397129186602871,0.06388888888888888,1.803239913218036,135.5186878625,2725.5155100888437,2811.383925875948,38.537249141,0.015508393601904384,4.434418513051137,274.40555555555557,120.33791793987064,0.43854038485568225,0.49444444444444446,14,0.1111111111111111,12,0.1111111111111111,180,0.509915014164306,0.09444444444444444,5,0,23,0.0021452420701168614,0.6401303854875282,1,1,-0.5120267863685137,1.285
layering_01600,0.24913335711111115,0.24889630755555553,0.10081682536446779,0.24335381357492933,-0.0022122869999485566,0.8034326551314629,4.048279835013814,0.014742014742014743,0.8991831746355321,180,2.077777777777778,2.261111111111111,0.918918918918919,374,407,2.261111111111111,2.077777777777778,0.9115479115479116,0.030555555555555555,1.6517683615200873,115.61115672638888,2325.140582208369,2392.7981227858377,4.16408669,0.014340487405198683,4.511709393406075,252.09444444444443,131.88549702869255,0.5231590776200423,0.42777777777777776,14,0.10555555555555556,12,0.10555555555555556,180,0.48128342245989303,0.12222222222222222,5,0,38,0.002247417340508187,0.6373344947735197,1,1,-0.5358291706661572,1.323728813559322
layering_01605,0.16755936438888888,0.16734505255555557,0.14616457569108898,0.2920598210224955,-0.00042916047476773976,0.838126325236244,4.032517561343012,0.009828009828009828,0.853835424308911,180,2.022222222222222,2.261111111111111,0.8943488943488943,364,407,2.261111111111111,2.022222222222222,0.8845208845208845,0.03333333333333333,1.7451980545681454,126.24489667,2539.0035084484634,2658.083716398404,23.359500184,0.022912874615732288,4.4559785858412795,268.1777777777778,130.70420165484228,0.4873789421998593,0.45555555555555555,14,0.10555555555555556,12,0.11666666666666667,180,0.4945054945054945,0.1,5,0,19,0.0022111330981674266,0.6218920171474914,1,1,-0.5121005888120043,1.3045685279187818
layering_01607,0.271226902,0.27102615183333334,0.1384652726977953,0.2768457587547265,-0.0012599010840766691,0.8612031742415613,4.074215662146592,0.02444987775061125,0.8615347273022047,180,2.0388888888888888,2.272222222222222,0.8973105134474327,367,409,2.272222222222222,2.0388888888888888,0.8899755501222494,0.05277777777777778,1.6664731605784007,122.063877415,2454.9159703604305,2448.097030781673,0.308744835,-0.0013907651432230016,4.500778793813732,272.14444444444445,140.10192308332154,0.5148072133874552,0.4166666666666667,14,0.1,12,0.12222222222222222,180,0.4904632152588556,0.11666666666666667,5,0,33,0.002217953994603741,0.6289220218831874,1,1,-0.5251598419375801,1.3108108108108107
layering_01611,0.23824199916666666,0.2380344457777778,0.15840180966117082,0.29935549968792974,0.0003054579308003335,0.8460862410720972,4.081894473173455,0.014814814814814815,0.8415981903388292,180,1.9333333333333333,2.25,0.8592592592592593,348,405,2.25,1.9333333333333333,0.8518518518518519,0.044444444444444446,1.7223970205820813,123.46595371888888,2483.114153009151,2437.208892499096,6.488840139,-0.009329724915513812,4.482698585817092,275.65,128.50678633472324,0.4661954882449601,0.4166666666666667,14,0.11666666666666667,12,0.1111111111111111,180,0.5172413793103449,0.08888888888888889,5,0,20,0.00218162222299482,0.6323393246187363,1,1,-0.4930775973741843,1.280612244897959
layering_01612,0.6051647046666666,0.6049483003333335,0.08703032148588782,0.22488415665331174,0.0031240347540561967,0.9031866236299525,3.949304188806243,0.005089058524173028,0.9129696785141121,180,1.9555555555555555,2.183333333333333,0.8956743002544529,352,393,2.183333333333333,1.9555555555555555,0.8880407124681934,0.0462962962962963,1.71467349058078,118.64649876194446,2386.1865672797207,2297.1364025344424,20.862142029,-0.019014312128213515,4.508013011869929,273.25555555555553,130.15479062268898,0.4763115990746151,0.42777777777777776,14,0.1,12,0.1111111111111111,180,0.5113636363636364,0.1,5,0,24,0.0022493961352657004,0.6050525092191759,1,1,-0.48934219140887614,1.2934027777777777
layering_01613,0.49167703711111116,0.49146636572222224,0.1311209938563027,0.26957225445072397,-0.0035809294634299386,0.8475157910529639,4.0497049780069805,0.007371007371007371,0.8688790061436973,180,1.988888888888889,2.261111111111111,0.8796068796068797,358,407,2.261111111111111,1.988888888888889,0.8746928746928747,0.024074074074074074,1.7271684573656827,123.40583828055556,2481.9051274331787,2467.0847282237596,1.469780308,-0.0029946311553818647,4.42255937780576,272.59444444444443,124.88648240909203,0.45814023342850724,0.39444444444444443,14,0.12222222222222222,12,0.1111111111111111,180,0.5027932960893855,0.14444444444444443,5,0,21,0.0022088631717542707,0.6353300733496334,1,1,-0.5100502138405387,1.298811544991511
layering_01615,0.6136083626666667,0.6133996570555555,0.12467674417896221,0.2653601551595813,6.16731661162377e-05,0.9002512421007915,3.9824768231441006,0.01990049751243781,0.8753232558210378,180,2.0166666666666666,2.2333333333333334,0.9029850746268656,363,402,2.2333333333333334,2.0166666666666666,0.8930348258706468,0.03888888888888889,1.668787832706014,119.29197679166666,2399.1682483260447,2200.219265754071,0.667221967,-0.0432555382565463,4.529059485396242,286.3333333333333,124.34525731510541,0.43426748771282453,0.49444444444444446,14,0.12777777777777777,12,0.11666666666666667,180,0.49586776859504134,0.10555555555555556,5,0,23,0.0022315568390653714,0.6125146610368288,1,1,-0.5080415695201328,1.3054607508532423
layering_01617,0.3499791743333333,0.3497800061666667,0.14874714847290083,0.29129692749693425,-0.001569104320514007,0.8553191871685784,4.052497683848428,0.017326732673267328,0.8512528515270991,180,1.9388888888888889,2.2444444444444445,0.8638613861386139,349,404,2.2444444444444445,1.9388888888888889,0.8539603960396039,0.06666666666666667,1.6362116025174451,130.19488635777776,2618.4446418363523,2752.4574953153583,17.789344805,0.024951646866177225,4.493750703998991,274.0388888888889,135.81458622386907,0.49560333124447936,0.4777777777777778,14,0.12222222222222222,12,0.12222222222222222,180,0.5157593123209169,0.07777777777777778,5,0,20,0.00218162222299482,0.6467592592592595,1,1,-0.5002143038837286,1.280612244897959
layering_01618,0.16669191322222224,0.166497308,0.1763179175079396,0.31747610714872854,0.0003228335477638203,0.8466642877618115,4.041476096056971,0.009732360097323601,0.8236820824920604,180,1.95,2.283333333333333,0.854014598540146,351,411,2.283333333333333,1.95,0.8491484184914841,0.049074074074074076,1.8053919195781485,113.6746962725,2286.195008835246,2545.3225863287,24.964045471,0.053632750453568606,4.45639074667977,268.4888888888889,132.2296330385407,0.49249573636271576,0.42777777777777776,14,0.1,12,0.11666666666666667,180,0.5128205128205128,0.09444444444444444,5,0,15,0.0021705938653662094,0.6454975210423152,1,1,-0.501397443728216,1.284991568296796
layering_01619,0.1970469241111111,0.19683829477777776,0.18199515881749942,0.3163415450994765,0.0011293768765291117,0.8819574467124979,4.091853528483787,0.004901960784313725,0.8180048411825005,180,1.9944444444444445,2.2666666666666666,0.8799019607843137,359,408,2.2666666666666666,1.9944444444444445,0.8725490196078431,0.041666666666666664,1.586990415500196,113.55435622888889,2283.77476214595,2271.889021271077,12.736235293,-0.002609003087132485,4.496811706216118,266.5777777777778,125.95569654541569,0.4724913591650305,0.46111111111111114,14,0.08888888888888889,12,0.10555555555555556,180,0.5013927576601671,0.05555555555555555,5,0,22,0.0021996615905245345,0.6205460935387941,1,1,-0.5136436693298908,1.2978003384094754
layering_01621,0.1393331148888889,0.13911609711111111,0.12232350926461769,0.27453890333531455,-0.00019744962414477833,0.798751572584442,3.9850999008062105,0.0024449877750611247,0.8776764907353822,180,2.0166666666666666,2.272222222222222,0.8875305623471883,363,409,2.272222222222222,2.0166666666666666,0.8801955990220048,0.03333333333333333,1.7546580369422384,112.31885546194444,2258.926702030782,2257.1148376923693,3.402159513,-0.0004012063047860791,4.435154694013745,280.06666666666666,124.6561572562681,0.44509458672792707,0.48333333333333334,14,0.10555555555555556,12,0.12222222222222222,180,0.49586776859504134,0.14444444444444443,5,0,21,0.002206521242054237,0.6272422561257512,1,1,-0.5207806195974796,1.304054054054054
layering_01623,0.21897444505555555,0.2187580004444444,0.1379796330140858,0.28876751245379334,-0.001584431430867207,0.8223486651488637,4.005699237103323,0.014598540145985401,0.8620203669859142,180,1.9555555555555555,2.283333333333333,0.856447688564477,352,411,2.283333333333333,1.9555555555555555,0.851581508515815,0.027777777777777776,1.6535157006654253,128.17748543194446,2577.871215396274,2356.155753328482,5.437258301,-0.044936005310302535,4.463669088744304,282.1166666666667,128.87568281142774,0.45681697694131645,0.45,14,0.11666666666666667,12,0.1388888888888889,180,0.5113636363636364,0.08888888888888889,5,0,17,0.002173442413745955,0.644023598139821,1,1,-0.5031989634808779,1.2866779089376055
layering_01624,0.2828342066111111,0.2826141831111111,0.12955980761896493,0.277245636045427,-0.0014825099692583098,0.8306280525206389,3.977560074523917,0.007389162561576354,0.870440192381035,180,2.0166666666666666,2.2555555555555555,0.8940886699507389,363,406,2.2555555555555555,2.0166666666666666,0.8842364532019704,0.05,1.6319050583059966,117.30374697027779,2359.1815033165476,2379.3608246203967,6.628882882,0.004258550395314226,4.460746138570205,277.9222222222222,128.2912823799768,0.4616085801062612,0.5222222222222223,14,0.1,12,0.13333333333333333,180,0.49586776859504134,0.1388888888888889,5,0,18,0.0022128859601162555,0.6175842044134732,1,1,-0.5065593360967015,1.3033898305084746
layering_01625,0.2842668697777778,0.2840479013888889,0.11741126777120717,0.2661541441176303,-0.0002583708236776854,0.8464782776305955,4.06681719116984,0.0072992700729927005,0.8825887322287927,180,2.011111111111111,2.283333333333333,0.8807785888077859,362,411,2.283333333333333,2.011111111111111,0.8710462287104623,0.041666666666666664,1.6636280898592355,109.7743956225,2207.7532080535084,1991.9382436691492,11.395429201,-0.05138829051258867,4.511379388908846,250.8388888888889,132.97053749734923,0.5301033587190286,0.46111111111111114,14,0.1111111111111111,12,0.1111111111111111,180,0.4972375690607735,0.10555555555555556,5,0,22,0.0021871374812551282,0.623497800726717,1,1,-0.5160973322957961,1.2991596638655463
layering_01626,0.30347728933333334,0.30325051077777776,0.15647718410296307,0.2893658140852801,-0.0012210292038643167,0.8531803320152127,4.100416098721035,0.01278772378516624,0.8435228158970369,180,1.95,2.172222222222222,0.8976982097186701,351,391,2.172222222222222,1.95,0.887468030690537,0.04722222222222222,1.702698609974231,120.55587585083333,2424.587447282475,2422.545223126162,21.860543024,-0.00042132623453458546,4.452952016622534,299.4277777777778,121.24927140508181,0.4049366171199645,0.43333333333333335,14,0.10555555555555556,12,0.12222222222222222,180,0.5128205128205128,0.1,5,0,17,0.0022481442205726405,0.5940225035161747,1,1,-0.4931027499030336,1.2904347826086957
layering_01627,0.1728262328888889,0.1726094756111111,0.15381675033086661,0.2878913551934114,-0.001684774852629195,0.8992726469125376,3.9876022146782653,0.009900990099009901,0.8461832496691334,180,2.0,2.2444444444444445,0.8910891089108911,360,404,2.2444444444444445,2.0,0.8811881188118812,0.019444444444444445,1.6627093136145843,124.36545652694444,2501.2047122746535,2674.6603311956155,5.891382038,0.03351239212463411,4.489559032346616,269.0777777777778,129.48753549968717,0.4812271625292912,0.4777777777777778,14,0.08888888888888889,12,0.10555555555555556,180,0.5,0.07777777777777778,5,0,20,0.0022134918703426857,0.63051276065982,1,1,-0.511391705531118,1.2993197278911566
layering_01628,0.5198013264444444,0.5195949668333333,0.13587926843134324,0.2813908343210519,0.002436396202279906,0.9042912304817226,4.041116466632959,0.019704433497536946,0.8641207315686567,180,2.0388888888888888,2.2555555555555555,0.9039408866995073,367,406,2.2555555555555555,2.0388888888888888,0.896551724137931,0.03796296296296296,1.834065600023201,121.17374479416667,2437.0138617833745,2278.568409181661,10.202866553,-0.03360040043777836,4.49621796694662,287.97222222222223,126.05454306543804,0.4377316051274013,0.38333333333333336,14,0.1111111111111111,12,0.1111111111111111,180,0.4904632152588556,0.10555555555555556,5,0,29,0.002231962394465426,0.6136744673419491,1,1,-0.5167519452555782,1.3123938879456707
layering_01629,0.2590950012222223,0.2588769937777778,0.09594549852087558,0.23358303683957873,-0.0019080952279802877,0.8332215479586685,4.036796550109441,0.010638297872340425,0.9040545014791245,180,1.9388888888888889,2.088888888888889,0.928191489361702,349,376,2.088888888888889,1.9388888888888889,0.9228723404255319,0.06666666666666667,1.7437897402836136,129.23264784805556,2599.092358960313,2641.288982229537,0.503778637,0.008052204700744732,4.51064292814338,296.99444444444447,127.777761733192,0.430236201799034,0.43333333333333335,14,0.1111111111111111,12,0.12777777777777777,180,0.5157593123209169,0.07222222222222222,5,0,34,0.002332644800936919,0.583587385571512,1,1,-0.4841884380592006,1.299283154121864
layering_01633,0.12958355583333334,0.129361722,0.12305875670833118,0.2604146874374687,-8.089373865448514e-05,0.7966126383882045,3.9745775243212726,0.014814814814814815,0.8769412432916689,180,1.9944444444444445,2.25,0.8864197530864197,359,405,2.25,1.9944444444444445,0.8790123456790123,0.044444444444444446,1.7732048376083829,114.78843128527778,2308.5941487584246,2238.3165706797226,11.077160857,-0.015456115682734585,4.482621209573097,289.81111111111113,132.9653959641312,0.4588002007733699,0.49444444444444446,14,0.11666666666666667,12,0.10555555555555556,180,0.5013927576601671,0.09444444444444444,5,0,43,0.0022134918703426857,0.6326077653283534,1,1,-0.5082111659961094,1.2993197278911566
layering_01639,0.11855554772222222,0.11835473766666667,0.13850357118996,0.2812454058911275,0.0007508373364815786,0.7952286367538517,4.041917828072803,0.015584415584415584,0.8614964288100401,180,1.961111111111111,2.138888888888889,0.9168831168831169,353,385,2.138888888888889,1.961111111111111,0.9116883116883117,0.07037037037037036,1.6883871623772873,120.24883883861112,2418.4124012244138,2337.9493551481346,56.180260812,-0.016916931511459406,4.49240856527911,280.0722222222222,127.8431314666164,0.4564648734253259,0.4111111111111111,14,0.1,12,0.11666666666666667,180,0.509915014164306,0.12222222222222222,5,0,47,0.0022996242077514164,0.6153131536852466,1,1,-0.48479153649877527,1.3015873015873016
layering_01640,0.17769572244444443,0.17747716477777778,0.13633768670990315,0.2626715107490941,-0.00021097963725217868,0.8578556973434012,4.078230795453654,0.01485148514851485,0.863662313290097,180,2.0833333333333335,2.2444444444444445,0.9282178217821783,375,404,2.2444444444444445,2.0833333333333335,0.9207920792079208,0.022222222222222223,1.6237444144921849,110.03518005611112,2212.998034653447,2151.2602063420622,3.020560173,-0.014146236290843817,4.427120575281464,286.8666666666667,133.29969594319218,0.4646747476523083,0.4388888888888889,14,0.1,12,0.12777777777777777,180,0.48,0.09444444444444444,5,0,27,0.002264653383025856,0.6101283101283097,1,1,-0.5245546212218694,1.3270868824531517
layering_01645,0.30809127016666665,0.30787111077777773,0.08125925784999005,0.20754674271989892,0.0013707917163904239,0.8581277487099506,3.9731718992673164,0.00954653937947494,0.91874074215001,180,2.0388888888888888,2.327777777777778,0.8758949880668256,367,419,2.327777777777778,2.0388888888888888,0.8663484486873508,0.03333333333333333,1.7471671973011633,119.61689901694446,2405.702996994229,2212.3849041202325,11.079172694,-0.041861068263197,4.524252306762818,295.18888888888887,129.86386464117206,0.43993479947700104,0.5222222222222223,14,0.10555555555555556,12,0.1388888888888889,180,0.4904632152588556,0.06111111111111111,5,0,17,0.002165253466884845,0.6309467522233481,1,1,-0.5287132476177598,1.3034825870646767
layering_01647,0.5147219072777778,0.5145218774444444,0.15282325763699095,0.2925388617098587,0.001498942139489902,0.8842442646220344,4.052946203180976,0.004842615012106538,0.8471767423630092,180,2.033333333333333,2.2944444444444443,0.8861985472154964,366,413,2.2944444444444443,2.033333333333333,0.8789346246973365,0.05277777777777778,1.807323134019739,126.72661276222223,2548.691653321145,2478.146730287935,11.949752337,-0.014033656475456754,4.488429090528866,269.21666666666664,130.7937211261822,0.4858306981719143,0.5,14,0.1,12,0.1111111111111111,180,0.4918032786885246,0.10555555555555556,5,0,25,0.0021967176132197844,0.6272550366300373,1,1,-0.5232153950552932,1.3070469798657718
layering_01648,0.7155998792777778,0.7153715307222221,0.14087747724496505,0.28360931635187064,-0.009901424491218861,0.8892653353359907,3.9785153982020978,0.021479713603818614,0.8591225227550349,180,1.9666666666666666,2.327777777777778,0.8448687350835321,354,419,2.327777777777778,1.9666666666666666,0.8400954653937948,0.05277777777777778,1.822886357215198,108.44296192888888,2180.975770640011,2190.261854553363,8.183363084,0.002124360355024405,4.49373755763124,275.05555555555554,130.1885492232387,0.4733172866124615,0.4,14,0.1111111111111111,12,0.10555555555555556,180,0.5084745762711864,0.1,5,0,27,0.0021436494731003884,0.6481468913772955,1,1,-0.5140287018054751,1.286189683860233
layering_01649,0.3748858826111111,0.3746610906666666,0.11887756945443562,0.26641919049372864,0.002686032182495343,0.8652276386026478,3.9669438890897,0.01715686274509804,0.8811224305455644,180,2.05,2.2666666666666666,0.9044117647058822,369,408,2.2666666666666666,2.05,0.8970588235294118,0.058333333333333334,1.6917454163315044,120.83871112861111,2430.275754547173,2223.0725144857447,13.090157739,-0.044527773998848025,4.479866929414767,264.2611111111111,132.32756731454046,0.5007455193015595,0.4166666666666667,14,0.09444444444444444,12,0.12777777777777777,180,0.4878048780487805,0.08333333333333333,5,0,47,0.0022283403596317646,0.6645348163596352,1,1,-0.5187923580298173,1.3147208121827412
layering_01650,0.19562291838888884,0.19540461761111108,0.12179904975987897,0.26198365901318743,0.0002649840473368517,0.8032269744627858,4.027372420269956,0.007633587786259542,0.878200950240121,180,2.0388888888888888,2.183333333333333,0.9338422391857507,367,393,2.183333333333333,2.0388888888888888,0.9287531806615776,0.041666666666666664,1.7010608449687041,130.88603175583333,2632.344772746519,2536.5980551617486,13.509581771,-0.018523462296354445,4.440316007597812,272.8611111111111,126.9739675025536,0.46534285148039606,0.39444444444444443,14,0.1,12,0.11666666666666667,180,0.4904632152588556,0.10555555555555556,5,0,24,0.002302681411907287,0.607528631705847,1,1,-0.5080844073686492,1.3217391304347825
layering_01651,0.315527747,0.3153123695555555,0.13818691993715854,0.29265729596644263,-0.0013746697992119096,0.9045688102843326,3.9743856166287133,0.007194244604316547,0.8618130800628415,180,1.9777777777777779,2.316666666666667,0.8537170263788968,356,417,2.316666666666667,1.9777777777777779,0.8465227817745803,0.03888888888888889,1.8149142068779704,98.40259458638889,1979.0465950342348,2095.6141492425763,23.999184161,0.028607916468155067,4.44633231897776,273.9277777777778,130.01018570133493,0.47461483006956995,0.4722222222222222,14,0.1111111111111111,12,0.12222222222222222,180,0.5056179775280899,0.09444444444444444,5,0,25,0.002150806900389538,0.6380612244897963,1,1,-0.5145111056413677,1.2883333333333333
layering_01653,0.12807267916666668,0.1278485378888889,0.1254639760932277,0.26664826776673367,0.001146347072852043,0.8314182714844041,4.0477206842436635,0.017326732673267328,0.8745360239067723,180,2.1333333333333333,2.2444444444444445,0.9504950495049505,384,404,2.2444444444444445,2.1333333333333333,0.943069306930693,0.04722222222222222,1.7146067893412658,119.77506206305556,2408.883929764508,2528.9969991563116,2.229109885,0.024324820934484206,4.494076971798069,267.84444444444443,128.01046667324485,0.4779283995931319,0.4722222222222222,14,0.1,12,0.10555555555555556,180,0.46875,0.12222222222222222,5,0,26,0.0022908175427784013,0.5943547443547446,1,1,-0.5289889375939033,1.342419080068143
layering_01654,0.11327939238888889,0.1130572996111111,0.1175017158121542,0.26581422185831294,-0.00031354677229749895,0.8151249584152516,3.957092431668055,0.014285714285714285,0.8824982841878456,180,2.033333333333333,2.3333333333333335,0.8714285714285713,366,420,2.3333333333333335,2.033333333333333,0.8666666666666667,0.041666666666666664,1.7288080423444583,113.05364988777778,2273.704690482805,2070.5827443639414,0.446523356,-0.04675610193044903,4.508625034583336,272.2055555555556,124.98476766284092,0.45915582952652945,0.4111111111111111,14,0.1,12,0.10555555555555556,180,0.4918032786885246,0.06666666666666667,5,0,17,0.002172458969270485,0.6495129015271199,1,1,-0.5263489058239743,1.3056478405315615
layering_01655,0.11651104655555555,0.11630292966666667,0.12210403442910318,0.27029768788927,5.6479368643065136e-05,0.8237910594653363,3.9641431542073295,0.0,0.8778959655708969,180,2.05,2.3444444444444446,0.8744075829383885,369,422,2.3444444444444446,2.05,0.8649289099526066,0.027777777777777776,1.6883270134349109,123.39011361555555,2481.588877185106,2402.9903640861717,49.667799987,-0.016091153243012586,4.502104920995818,249.72222222222223,125.34609319333819,0.5019420862024666,0.49444444444444446,14,0.1,12,0.11666666666666667,180,0.4878048780487805,0.09444444444444444,5,0,17,0.0021574884761203393,0.6691724420597667,1,1,-0.5303146781078307,1.3052805280528053
layering_01658,0.3502274261666667,0.3500073798333333,0.1743757398509516,0.31334178942215424,0.0007337890590347438,0.857649386749206,4.047343391751435,0.007425742574257425,0.8256242601490483,180,1.9777777777777779,2.2444444444444445,0.8811881188118812,356,404,2.2444444444444445,1.9777777777777779,0.8712871287128713,0.04583333333333333,1.7610688085674293,105.87544133722223,2129.3384849978715,2412.754676133833,24.667896874,0.06239770543705576,4.50352151060326,287.5111111111111,131.08240782506488,0.45592118968371614,0.4777777777777778,14,0.1111111111111111,12,0.11666666666666667,180,0.5056179775280899,0.1,5,0,16,0.0022019029076707345,0.6467748210395274,1,1,-0.5037553724897685,1.2925170068027212
layering_01660,0.38613933522222216,0.38593305122222227,0.16110251111078222,0.31255438381558315,-0.005219812994269366,0.8845107551296915,4.037082768511318,0.0024271844660194173,0.8388974888892177,180,1.9944444444444445,2.2888888888888888,0.8713592233009709,359,412,2.2888888888888888,1.9944444444444445,0.8616504854368932,0.041666666666666664,1.6648903110694466,128.08027076805556,2575.9160601441117,2581.2116709430047,4.176226106,0.0010268527511876626,4.460530015480904,265.02777777777777,140.3078988747756,0.5294082758088168,0.4722222222222222,14,0.1,12,0.14444444444444443,180,0.5013927576601671,0.1111111111111111,5,0,29,0.002174158253905589,0.6253815628815627,1,1,-0.5156256470901358,1.2936241610738255
layering_01662,0.10992595899999999,0.10971168416666666,0.10949232791517605,0.2505758658228628,0.0001449718995545132,0.8237789513976691,4.009693454986276,0.00975609756097561,0.8905076720848238,180,2.0055555555555555,2.2777777777777777,0.8804878048780488,361,410,2.2777777777777777,2.0055555555555555,0.8707317073170732,0.027777777777777776,1.758750914464026,107.18802777666666,2155.7368714913464,2135.5615374853023,13.469283442,-0.004701452120840812,4.474008766990121,276.7611111111111,128.44420843433457,0.46409774812173,0.4111111111111111,14,0.09444444444444444,12,0.1111111111111111,180,0.4986149584487535,0.1388888888888889,5,0,21,0.0021888360842829647,0.6345583160800552,1,1,-0.5220948920468249,1.297979797979798
layering_01663,0.4330616768888889,0.43284386705555555,0.12120431836685125,0.2745720821253105,-0.0009247542878381012,0.8124172023722447,3.869286365538777,0.00954653937947494,0.8787956816331486,180,1.961111111111111,2.327777777777778,0.8424821002386634,353,419,2.327777777777778,1.961111111111111,0.8353221957040573,0.05555555555555555,1.8196220778292758,134.7960158052778,2710.981323462497,2764.0147590271654,6.081012225,0.009686479180191885,4.50374448006027,280.31111111111113,129.5852985354585,0.4622909809811029,0.4,14,0.1111111111111111,12,0.11666666666666667,180,0.509915014164306,0.11666666666666667,5,0,14,0.0021337637713445476,0.6508933273151289,1,1,-0.5138785654552156,1.282392026578073
layering_01665,0.17505978877777778,0.1748449368888889,0.10858596051596349,0.25377684005854656,-0.0005205071471959012,0.7862612574892163,3.814209272648627,0.007614213197969543,0.8914140394840364,180,1.9388888888888889,2.188888888888889,0.8857868020304568,349,394,2.188888888888889,1.9388888888888889,0.8807106598984772,0.062037037037037036,1.5641192802802313,124.67135214444444,2507.356802905966,2967.9184189378725,3.73769157,0.08411661466705393,4.435289124877768,279.49444444444447,127.20811686718869,0.4551364772922134,0.42777777777777776,14,0.10555555555555556,12,0.1111111111111111,180,0.5157593123209169,0.08333333333333333,5,0,37,0.0022433574879227054,0.6415764790764783,1,1,-0.48330410763815645,1.2899305555555556
layering_01666,0.14909595377777776,0.1488898787777778,0.14325178092851548,0.28249799054150393,-8.932379353272106e-06,0.8689277089094981,3.9739895074295517,0.007352941176470588,0.8567482190714846,180,2.0166666666666666,2.2666666666666666,0.8897058823529411,363,408,2.2666666666666666,2.0166666666666666,0.8799019607843137,0.04722222222222222,1.7536280980167893,129.7868840963889,2610.2390097632624,2336.079971852565,13.343384973,-0.055426881875122645,4.534355258301939,270.84444444444443,134.88997470615058,0.4980348590233653,0.4888888888888889,14,0.09444444444444444,12,0.12222222222222222,180,0.49586776859504134,0.14444444444444443,5,0,21,0.0022036630539168612,0.6133822622900296,1,1,-0.5162218196206589,1.302364864864865
layering_01668,0.058329555,0.058110686111111115,0.12619192032751445,0.2563380940569386,0.00023727084644587792,0.7808992106992346,3.9797325171308726,0.007462686567164179,0.8738080796724855,180,2.0555555555555554,2.2333333333333334,0.9203980099502487,370,402,2.2333333333333334,2.0555555555555554,0.9104477611940298,0.020370370370370372,1.6477289781493518,114.97386310861111,2312.3235038608163,2037.6519251613747,15.025185819,-0.06314324831972297,4.502643443717556,281.23333333333335,132.94477788345222,0.4727205566556319,0.4888888888888889,14,0.11666666666666667,12,0.10555555555555556,180,0.4864864864864865,0.08333333333333333,5,0,19,0.0022519763134097605,0.616052857924779,1,1,-0.5141491080810855,1.31740614334471
layering_01669,0.49460413444444445,0.49437475999999997,0.13834760152746392,0.2856038360220491,-0.0026502099669331374,0.868376216326817,4.098531833127017,0.007228915662650603,0.8616523984725362,180,2.0388888888888888,2.3055555555555554,0.8843373493975903,367,415,2.3055555555555554,2.0388888888888888,0.8795180722891566,0.03611111111111111,1.7891305092958327,131.1852776952778,2638.3631268348213,2600.1282958659735,41.232643837,-0.007298824772941046,4.487023958525421,280.22222222222223,130.91097045312236,0.46716841160908057,0.5,14,0.11666666666666667,12,0.1111111111111111,180,0.4904632152588556,0.12777777777777777,5,0,18,0.002197789844074961,0.640685546800655,1,1,-0.522155076725488,1.3098827470686767
layering_01671,0.3412705763333333,0.3410601357222222,0.10323183162868632,0.24486763153406602,-0.0013625708831445425,0.8033481742854517,4.010837987521228,0.017241379310344827,0.8967681683713137,180,1.9777777777777779,2.2555555555555555,0.8768472906403941,356,406,2.2555555555555555,1.9777777777777779,0.8669950738916257,0.03888888888888889,1.7628462639527258,122.75830936333332,2468.882199487402,2477.43972717902,17.763864546,0.0017300789998085022,4.426576142638748,282.8777777777778,131.11390653418215,0.463500199853741,0.5166666666666667,14,0.1,12,0.11666666666666667,180,0.5056179775280899,0.1,5,0,18,0.002192742654887629,0.6260452961672477,1,1,-0.5070728384858356,1.2915254237288136
layering_01672,0.20476938483333335,0.20454798627777776,0.08746673869802585,0.20467602805853563,3.1046966048334834e-05,0.8096747420266366,4.0488302048336,0.0125,0.9125332613019743,180,2.0277777777777777,2.2222222222222223,0.9124999999999999,365,400,2.2222222222222223,2.0277777777777777,0.9025,0.041666666666666664,1.720564737150079,126.75119392916667,2549.1860231589776,2561.7328468009814,6.244816573,0.002454905656153,4.493565986490193,260.94444444444446,129.80869990996493,0.49745722767284833,0.4722222222222222,14,0.12222222222222222,12,0.11666666666666667,180,0.4931506849315068,0.07777777777777778,5,0,36,0.0022468808007706947,0.6351072607260726,1,1,-0.5236208331780452,1.3099315068493151
layering_01678,0.5954035285555555,0.5951924028333333,0.06262042078762965,0.2051814534850005,-0.0019321678711791512,0.8134210698590738,3.9784831271476877,0.005115089514066497,0.9373795792123705,180,2.022222222222222,2.172222222222222,0.9309462915601023,364,391,2.172222222222222,2.022222222222222,0.9207161125319693,0.05185185185185184,1.7787052648265627,126.2012499263889,2538.125696845039,2398.1055008547874,12.62448919,-0.028365809943322308,4.468328758418025,263.03333333333336,129.40158357764497,0.4919588781306994,0.45555555555555555,14,0.1,12,0.1388888888888889,180,0.4945054945054945,0.10555555555555556,5,0,25,0.002287532192092107,0.6018404661442632,1,1,-0.5091286342045076,1.3130434782608695
layering_01681,0.41528207261111105,0.4150578879444445,0.12017296921887893,0.2517466136032187,-0.000912233393242589,0.8837650644504192,4.031469522815318,0.002403846153846154,0.8798270307811211,180,2.0388888888888888,2.311111111111111,0.8822115384615384,367,416,2.311111111111111,2.0388888888888888,0.8725961538461539,0.03935185185185185,1.7834366490784699,125.55085839388889,2525.045196749693,2286.401202483465,16.89867658,-0.04959922120389048,4.493381474617072,280.56666666666666,133.19885163999083,0.47474938210760664,0.45555555555555555,14,0.1,12,0.13333333333333333,180,0.4904632152588556,0.1111111111111111,5,0,25,0.0021786310517529217,0.6412396069538934,1,1,-0.5232907418791941,1.305
layering_01683,0.1627152391111111,0.16250019138888888,0.13674677175340275,0.28621114029545935,-0.0005806085446361513,0.8015974488340905,3.9520880937230816,0.009592326139088728,0.8632532282465973,180,2.0166666666666666,2.316666666666667,0.8705035971223021,363,417,2.316666666666667,2.0166666666666666,0.8633093525179856,0.05,1.7536280980167893,130.17603423083332,2618.0654929132625,2734.803311821011,10.978684502,0.021808458822024805,4.46296789435952,282.9111111111111,128.63548121218926,0.4546851507775129,0.3611111111111111,14,0.11666666666666667,12,0.11666666666666667,180,0.49586776859504134,0.15,5,0,17,0.0021702838063439064,0.6395842781557067,1,1,-0.5296762366856752,1.3
layering_01684,0.11667549922222224,0.11645760783333334,0.15783908645372888,0.30036520798309446,-0.00038467362662427843,0.8402306334296913,4.036307330725947,0.006864988558352402,0.8421609135462711,180,2.0388888888888888,2.4277777777777776,0.8398169336384439,367,437,2.4277777777777776,2.0388888888888888,0.8306636155606407,0.03518518518518518,1.7019198288431039,122.36405366,2460.953034505274,2386.524473572149,12.545635686,-0.0153540807170541,4.483595299673782,281.27777777777777,128.09755603037837,0.45541299793537643,0.38333333333333336,14,0.09444444444444444,12,0.12777777777777777,180,0.4904632152588556,0.12222222222222222,5,0,17,0.0020882032102228455,0.6626876147284324,1,1,-0.5369448351777318,1.2946859903381642
layering_01691,0.13783302144444445,0.1376253135,0.11067025793392059,0.24927858564794844,-0.00029634688001687286,0.8133001633080515,3.98953922365005,0.007692307692307693,0.8893297420660793,180,1.9555555555555555,2.1666666666666665,0.9025641025641026,352,390,2.1666666666666665,1.9555555555555555,0.8923076923076924,0.06018518518518519,1.719315687495443,126.09794886916667,2536.0481336839944,2369.6969303634373,0.970160275,-0.03390946760354293,4.448051381935251,267.77777777777777,124.69840960558652,0.4656787080706551,0.4166666666666667,14,0.1,12,0.12777777777777777,180,0.5113636363636364,0.09444444444444444,5,0,21,0.0022559911462988976,0.6408750302151316,1,1,-0.4922944439621425,1.2926829268292683
layering_01693,0.2521972295,0.2520055033333333,0.1136067223444339,0.26136833130059867,-0.0010242996878916013,0.7886721060564427,4.11061044087923,0.010638297872340425,0.8863932776555662,180,2.011111111111111,2.088888888888889,0.9627659574468085,362,376,2.088888888888889,2.011111111111111,0.9547872340425532,0.0685185185185185,1.7538149664418596,113.8152013186111,2289.0208086454804,2289.0723831884056,14.699977042,1.1265507442531894e-05,4.497472870269606,281.5388888888889,128.70569103107474,0.4571506676715956,0.3888888888888889,14,0.1,12,0.1,180,0.4972375690607735,0.10555555555555556,5,0,30,0.0023659761094119683,0.5883402437492147,1,1,-0.4948460983934428,1.3202146690518783
layering_01697,0.1336666396111111,0.1334789155,0.13667089517513004,0.2792036050140441,7.630093806393177e-05,0.7885599559624822,4.019952480740121,0.012755102040816327,0.8633291048248698,180,1.9833333333333334,2.1777777777777776,0.9107142857142858,357,392,2.1777777777777776,1.9833333333333334,0.9030612244897959,0.058333333333333334,1.7038004522488928,120.65944606888888,2426.6704237353297,2637.6055577355187,6.708004726,0.041651587467183386,4.487798684500676,255.17777777777778,125.07424188801208,0.49014550944531426,0.40555555555555556,14,0.1111111111111111,12,0.1111111111111111,180,0.5042016806722689,0.10555555555555556,5,0,38,0.0022693531283138916,0.6188949166164355,1,1,-0.4990170078060891,1.3026086956521739
layering_01698,0.33035052761111117,0.3301468258888889,0.10574179440244716,0.24950124614412525,0.001169409632642983,0.878922548887792,3.9652862095051455,0.007537688442211055,0.8942582055975531,180,2.011111111111111,2.2111111111111112,0.9095477386934673,362,398,2.2111111111111112,2.011111111111111,0.9020100502512562,0.05555555555555555,1.7620036796785363,130.05926753583333,2615.717112457,2540.286630194331,8.383513444,-0.014629640711602953,4.536321944251462,267.8777777777778,123.88297124652178,0.4624607993772848,0.45,14,0.1,12,0.12222222222222222,180,0.4972375690607735,0.11666666666666667,5,0,21,0.002255326725621699,0.6258837034398136,1,1,-0.5019336738895472,1.3080895008605853
layering_01699,0.9393067846111111,0.9391124808333333,0.17800474363749905,0.3142658003312006,-0.0001702690630266377,0.9362517361751345,3.9529235505247047,0.00997506234413965,0.8219952563625011,180,1.988888888888889,2.227777777777778,0.8927680798004988,358,401,2.227777777777778,1.988888888888889,0.8827930174563591,0.058333333333333334,1.794259121013496,112.40599125166666,2260.679153664983,2186.06747749075,14.191359194,-0.01677893578452902,4.497324763689545,274.1222222222222,123.59781847777212,0.4508858036966273,0.4,14,0.12777777777777777,12,0.12777777777777777,180,0.5027932960893855,0.1,5,0,22,0.0022216368106779067,0.6303586125808349,1,1,-0.5064703983114334,1.2974358974358975
layering_01701,0.9933760533888888,0.9931639411666667,0.1367296496543039,0.2867580804880907,-0.014089752086864821,0.8900435602720123,4.089820365812862,0.0024154589371980675,0.863270350345696,180,1.9722222222222223,2.3,0.8574879227053142,355,414,2.3,1.9722222222222223,0.8502415458937198,0.05,1.6942965862839894,121.35731578694444,2440.705792365464,2454.7302478146166,4.399853126,0.002864802100169389,4.478969257551836,279.34444444444443,141.24657793737603,0.5056358941316512,0.4222222222222222,14,0.11666666666666667,12,0.1111111111111111,180,0.5070422535211268,0.08333333333333333,5,0,26,0.0021612536957719246,0.6351966046210651,1,1,-0.5109275540860176,1.288107202680067
layering_01702,0.1850102793333333,0.18479970711111113,0.15713144163412576,0.2803400320233809,0.00033699776225603673,0.8452830195432559,4.049796370472212,0.010282776349614395,0.8428685583658743,180,1.9777777777777779,2.161111111111111,0.9151670951156813,356,389,2.161111111111111,1.9777777777777779,0.9074550128534704,0.04722222222222222,1.707123535023376,119.24322557194445,2398.1877768692234,2103.3666683587576,37.185007411,-0.06549317843372983,4.4936549444402125,260.4166666666667,127.85723860496577,0.4909717962430685,0.3888888888888889,14,0.1111111111111111,12,0.10555555555555556,180,0.5056179775280899,0.10555555555555556,5,0,31,0.002280993962254908,0.6214852607709751,1,1,-0.49155986227424503,1.3024475524475525
layering_01706,0.6346243113888889,0.6343988315555555,0.10742111030439197,0.25852093331673975,-0.0031635399717275235,0.8336998513293944,4.014542837404306,0.010666666666666666,0.8925788896956082,180,1.9555555555555555,2.0833333333333335,0.9386666666666665,352,375,2.0833333333333335,1.9555555555555555,0.928,0.06944444444444445,1.8375658855595123,126.22476127666667,2538.598550821106,2569.2969767175978,22.394971723,0.006009994865984285,4.443038813903566,271.71666666666664,127.8797565015864,0.47063640986905386,0.48333333333333334,14,0.11666666666666667,12,0.12222222222222222,180,0.5113636363636364,0.08333333333333333,5,0,29,0.0023307108828489174,0.6124827239602968,1,1,-0.47635137906329,1.3005366726296959
layering_01707,0.2051857509444444,0.2049729463333333,0.14407541886598105,0.2970578578104581,-0.0009864213841373703,0.8668355557784733,4.052229256976435,0.0024630541871921183,0.8559245811340189,180,1.9833333333333334,2.2555555555555555,0.8793103448275862,357,406,2.2555555555555555,1.9833333333333334,0.8694581280788177,0.03981481481481481,1.7095562112102942,104.32142434055555,2098.0845118815755,1824.8528731816557,25.283065513,-0.06964975779125666,4.497835945597972,266.2,127.77806353029878,0.48000775180427796,0.42777777777777776,14,0.1,12,0.10555555555555556,180,0.5042016806722689,0.09444444444444444,5,0,21,0.0021956202699202902,0.6258981804103753,1,1,-0.5075875414010413,1.2932203389830508
layering_01708,0.228566269,0.22836729749999998,0.10860389839509824,0.26322707079238084,0.00013957686106567087,0.7622964667307619,3.9464203423394717,0.022332506203473945,0.891396101604902,180,1.961111111111111,2.238888888888889,0.8759305210918114,353,403,2.238888888888889,1.961111111111111,0.8709677419354839,0.05555555555555555,1.7388336012848011,120.74133878333333,2428.3174280490225,2319.5151954378325,10.187443053,-0.02291618960469684,4.514422383127308,279.4555555555556,129.22274399937783,0.4624089284698025,0.45555555555555555,14,0.09444444444444444,12,0.16666666666666666,180,0.509915014164306,0.09444444444444444,5,0,30,0.0022128556375131717,0.6166549088771307,1,1,-0.5027489357975944,1.2923076923076924
layering_01709,0.15692543816666668,0.1567134726666667,0.133298722847577,0.27529832080398686,0.00015460846128995738,0.8212589831220323,4.028256282222319,0.007334963325183374,0.8667012771524231,180,1.9722222222222223,2.272222222222222,0.8679706601466993,355,409,2.272222222222222,1.9722222222222223,0.8581907090464548,0.03888888888888889,1.6711892407549196,127.93673149527778,2573.0292367794186,2489.873018840776,1.841579099,-0.016424614527434992,4.456357644249831,268.1333333333333,131.3974906863111,0.49004534069981764,0.45,14,0.10555555555555556,12,0.11666666666666667,180,0.5070422535211268,0.09444444444444444,5,0,13,0.0021762909621257007,0.6464737307352324,1,1,-0.5059471795721547,1.2883642495784149
layering_01710,0.2971982815,0.296978732,0.13829916135247527,0.2708382862997965,0.00033787094881529244,0.8492561227396336,4.029907481998244,0.014598540145985401,0.8617008386475249,180,1.8888888888888888,2.283333333333333,0.8272506082725061,340,411,2.283333333333333,1.8888888888888888,0.8199513381995134,0.03333333333333333,1.7442879725378464,122.1069283625,2455.7817994702964,2545.7445194693646,3.303015117,0.017987053203818906,4.4850712119481395,257.8722222222222,124.21741754621122,0.48170142745800076,0.42777777777777776,14,0.11666666666666667,12,0.1,180,0.5294117647058824,0.08333333333333333,5,0,15,0.0021320569381277645,0.6398339851238403,1,1,-0.4896480530980496,1.2643097643097643
layering_01711,0.44246190616666664,0.44222850316666673,0.10015509316143066,0.24903520404976365,-0.0024135813736946596,0.8057153620510019,3.967676049721386,0.007556675062972292,0.8998449068385693,180,2.05,2.2055555555555557,0.9294710327455918,369,397,2.2055555555555557,2.05,0.924433249370277,0.075,1.6778578744959773,104.20731758833334,2095.789627478972,2226.365848491586,37.093812903,0.030210903272352232,4.472894802703909,280.9611111111111,127.27335486697022,0.452992780259321,0.4722222222222222,14,0.1111111111111111,12,0.1111111111111111,180,0.4878048780487805,0.12222222222222222,5,0,35,0.0022888765381190576,0.6207065282253257,1,1,-0.5085208276890539,1.322970639032815
layering_01717,0.14698736066666665,0.14676932977777776,0.09749037051719868,0.23534253563723445,0.00041626450324598477,0.8208980177717852,3.901846124775306,0.007792207792207792,0.9025096294828014,180,2.0,2.138888888888889,0.935064935064935,360,385,2.138888888888889,2.0,0.9298701298701298,0.06574074074074074,1.713753294828506,115.04104598916666,2313.674667940995,2322.487870698278,1.727021308,0.0019009693218974169,4.543216410317445,285.4166666666667,129.39467471103833,0.4533536048269956,0.45555555555555555,14,0.11666666666666667,12,0.12222222222222222,180,0.5,0.11666666666666667,5,0,32,0.0023214363614834756,0.5982076206882416,1,1,-0.49720754660798017,1.3139329805996474
layering_01718,0.47493308894444447,0.47471677249999994,0.09756017579681403,0.2452579585243876,-0.0024529881737810843,0.8113626351215917,4.084425277789362,0.014742014742014743,0.902439824203186,180,2.05,2.261111111111111,0.9066339066339065,369,407,2.261111111111111,2.05,0.9017199017199017,0.04722222222222222,1.6370063581688399,126.22426251694445,2538.5885198991455,2511.5070118870544,8.947028415,-0.005362573409084087,4.488502804241892,276.9,125.50706539349548,0.4532577298428873,0.45,14,0.1111111111111111,12,0.13333333333333333,180,0.4878048780487805,0.08333333333333333,5,0,41,0.0022406246029821096,0.6322583148989019,1,1,-0.5166589759961022,1.3174872665534805
layering_01720,0.25745185516666663,0.2572234311111111,0.1320004743623639,0.2615092733202299,-0.0026371192420753726,0.8269252372374599,4.133796521581924,0.009456264775413711,0.8679995256376362,180,2.011111111111111,2.35,0.8557919621749408,362,423,2.35,2.011111111111111,0.851063829787234,0.027777777777777776,1.7536280980167893,129.87936348305556,2612.0989303861566,2466.508700908347,14.426762658,-0.028667351378098054,4.4630405668640005,281.43888888888887,135.99236603159116,0.4832038904377586,0.4888888888888889,14,0.10555555555555556,12,0.13333333333333333,180,0.4972375690607735,0.07777777777777778,5,0,31,0.002148213015160637,0.637579831932773,1,1,-0.5351261926430279,1.2975206611570247
layering_01722,0.48026739199999996,0.48005729599999997,0.12808518746665548,0.27350270949934075,-0.002357396291161249,0.812367588807774,4.0447604448734,0.007653061224489796,0.8719148125333446,180,1.961111111111111,2.1777777777777776,0.9005102040816327,353,392,2.1777777777777776,1.961111111111111,0.8954081632653061,0.08611111111111111,1.6891617158895453,130.63309483666666,2627.257773253598,2600.356445108714,5.12878599,-0.005146004854449902,4.508781959107749,275.65555555555557,131.00276436258645,0.47524079135123465,0.4666666666666667,14,0.09444444444444444,12,0.1388888888888889,180,0.509915014164306,0.07777777777777778,5,0,45,0.0022651124043028014,0.6311054709531867,1,1,-0.48788716155766604,1.2979094076655053
layering_01728,0.15465139033333333,0.15444249222222223,0.14894134133102938,0.29876895739410425,0.0008291577242713258,0.8599045519332578,4.011815206918176,0.007246376811594203,0.8510586586689707,180,1.9833333333333334,2.3,0.8623188405797102,357,414,2.3,1.9833333333333334,0.857487922705314,0.03888888888888889,1.7020342089562772,116.62255970111111,2345.481647620352,2453.397925932243,6.949163323,0.022487807134531048,4.459019901547532,277.22777777777776,130.99835090247595,0.4725296719994724,0.5333333333333333,14,0.1,12,0.13333333333333333,180,0.5042016806722689,0.1,5,0,19,0.002174158253905589,0.6415006868131867,1,1,-0.5069662882606714,1.2936241610738255
layering_01730,0.24223180266666666,0.24202264455555556,0.14584462128423684,0.2918441745395828,0.0008289020690350515,0.8866346255648635,4.051396661452882,0.009592326139088728,0.8541553787157631,180,2.0,2.316666666666667,0.8633093525179856,360,417,2.316666666666667,2.0,0.8561151079136691,0.041666666666666664,1.7711713998623966,122.99224576666667,2473.5870657038827,2306.0445170946527,22.826575027,-0.03505344412155123,4.4635905317375855,267.95,134.81380808048561,0.5031304649393007,0.4222222222222222,14,0.1,12,0.1111111111111111,180,0.5,0.10555555555555556,5,0,14,0.0021619365609348916,0.6576077097505671,1,1,-0.5134561186161591,1.295
layering_01731,0.22493889749999998,0.22474791683333334,0.17326737491010694,0.3162020683934344,-0.00025591840086628163,0.8728278863037152,3.967077994518826,0.007462686567164179,0.8267326250898931,180,1.9944444444444445,2.2333333333333334,0.8930348258706468,359,402,2.2333333333333334,1.9944444444444445,0.8855721393034826,0.05,1.7067929621271287,107.66310839666666,2165.291565524246,2482.4640166118197,5.388924715,0.06824206769965392,4.4156086642350125,289.55,131.8228994357295,0.4552681728051442,0.4388888888888889,14,0.10555555555555556,12,0.13333333333333333,180,0.5013927576601671,0.1,5,0,15,0.002227490926121063,0.6125377229080933,1,1,-0.5000198235395229,1.300854700854701
layering_01732,0.25904980233333336,0.2588235215,0.10141193829805685,0.23456783275811804,-0.0005132507499717072,0.8408313797181578,4.015093400569697,0.010126582278481013,0.8985880617019433,180,1.961111111111111,2.1944444444444446,0.8936708860759492,353,395,2.1944444444444446,1.961111111111111,0.8835443037974684,0.06944444444444445,1.7086946087259116,123.23003983027778,2478.369516140726,2864.0371868246907,10.528385011,0.0721898747375208,4.482984704258495,276.6722222222222,131.05313991304314,0.473676536301435,0.4222222222222222,14,0.10555555555555556,12,0.10555555555555556,180,0.509915014164306,0.09444444444444444,5,0,26,0.002235090927562735,0.6096411664080837,1,1,-0.49644866037843993,1.2918825561312608
layering_01733,0.5259231605555555,0.525719388,0.10876566264935154,0.2577296777353141,-0.0028994081758078978,0.8445857855596274,3.9806119929333,0.016908212560386472,0.8912343373506483,180,1.9944444444444445,2.3,0.8671497584541064,359,414,2.3,1.9944444444444445,0.8599033816425121,0.05185185185185184,1.7399142006612325,118.9521286786111,2392.3333142119554,2337.8009839425645,0.625196962,-0.0115287065508197,4.483078561332162,261.26666666666665,132.73616457271493,0.5080486013245021,0.45555555555555555,14,0.1111111111111111,12,0.10555555555555556,180,0.5013927576601671,0.1,5,0,22,0.002172495587557474,0.6540538997373533,1,1,-0.5155222678278174,1.2948073701842546
layering_01735,0.2165402193888889,0.21632144466666664,0.16016864196907915,0.2978826065954052,-0.001596089372264576,0.8724715070932887,4.10887998302234,0.023980815347721823,0.839831358030921,180,2.011111111111111,2.316666666666667,0.8681055155875299,362,417,2.316666666666667,2.011111111111111,0.8609112709832134,0.027777777777777776,1.7888042231759629,116.97466330611111,2352.5630609084583,2043.1501992147641,1.367024702,-0.07038968271670672,4.508190608283806,285.2888888888889,127.9123079889945,0.4483606371323222,0.5055555555555555,14,0.10555555555555556,12,0.12222222222222222,180,0.4972375690607735,0.08888888888888889,5,0,23,0.002167501391207568,0.638150037792895,1,1,-0.5175266776722359,1.2983333333333333
layering_01737,0.09019633183333334,0.08999297572222223,0.1531671589068384,0.2737417869249673,0.0003696369178781237,0.8162337973863403,4.113529175480322,0.0,0.8468328410931617,180,1.9833333333333334,2.183333333333333,0.9083969465648856,357,393,2.183333333333333,1.9833333333333334,0.8982188295165394,0.041666666666666664,1.6460205019624121,104.24978261666666,2096.6436727415307,1868.4004935388518,3.126774401,-0.05756384283022865,4.526897622974094,287.24444444444447,129.30461294887056,0.4501553135308042,0.46111111111111114,14,0.1111111111111111,12,0.12777777777777777,180,0.5042016806722689,0.08333333333333333,5,0,22,0.002256643558636626,0.5978889288712969,1,1,-0.4974548983703322,1.2998266897746966
layering_01739,0.19129182994444444,0.19108970511111112,0.13814709107466946,0.27654066911237585,0.0019220360772451827,0.8525131635223867,4.0431194092630385,0.007211538461538462,0.8618529089253305,180,2.0055555555555555,2.311111111111111,0.8677884615384616,361,416,2.311111111111111,2.0055555555555555,0.8629807692307693,0.021296296296296296,1.7295738270158931,130.02863635666668,2615.1010663950724,2731.1119576257915,0.236160815,0.021699638736704854,4.446090055366129,275.3722222222222,127.07680475949694,0.461472852032793,0.46111111111111114,14,0.12222222222222222,12,0.1111111111111111,180,0.4986149584487535,0.06111111111111111,5,0,15,0.002176434009512445,0.6410154173312078,1,1,-0.5166631929474604,1.2993311036789297
layering_01744,1.5463629709444446,1.5461444165000002,0.07703296934678097,0.20834489079356688,-0.015608433713499383,0.8459644467028448,4.047350678816647,0.017412935323383085,0.922967030653219,180,2.0388888888888888,2.2333333333333334,0.9129353233830845,367,402,2.2333333333333334,2.0388888888888888,0.9029850746268657,0.07962962962962963,1.6841606188044704,96.57093726277778,1942.2087941170003,1668.7189454912027,13.806933256,-0.07573949642522397,4.505072317353369,292.7055555555556,132.06848981677246,0.45119912249737204,0.45555555555555555,14,0.09444444444444444,12,0.1111111111111111,180,0.4904632152588556,0.13333333333333333,5,0,43,0.002243225110119308,0.6533661740558293,1,1,-0.5157070866175155,1.3122866894197953
layering_01746,0.3755072869444444,0.37528293477777774,0.079926468823175,0.2182316889327774,-0.0009126496056051124,0.8195639903783044,3.9765681686291976,0.007633587786259542,0.9200735311768249,180,1.9777777777777779,2.183333333333333,0.9058524173027991,356,393,2.183333333333333,1.9777777777777779,0.9007633587786259,0.041666666666666664,1.6928622580433004,121.20122433138889,2437.5665228681064,2575.5192637726436,106.151552565,0.027518527864048153,4.536337507974615,284.5111111111111,130.79868487580057,0.4597313769750079,0.40555555555555556,14,0.1,12,0.12222222222222222,180,0.5056179775280899,0.13333333333333333,5,0,23,0.0022693531283138916,0.5941169379144062,1,1,-0.5039085191047021,1.3026086956521739
layering_01748,0.3942067473333334,0.394000877388889,0.10868814125735103,0.2529060833237684,-0.0014774308971161668,0.8470407967713445,4.0577695453472336,0.007575757575757576,0.8913118587426487,180,2.0166666666666666,2.2,0.9166666666666665,363,396,2.2,2.0166666666666666,0.9116161616161617,0.05,1.7142871333494725,118.34012488055555,2380.024857933989,2538.5634716380096,31.425994015,0.032232543787175626,4.48540053729136,292.76666666666665,122.27828413479526,0.4176646389666239,0.4222222222222222,14,0.12222222222222222,12,0.11666666666666667,180,0.49586776859504134,0.10555555555555556,5,0,26,0.0022758211246574275,0.6152608279492705,1,1,-0.5075148454135202,1.3131487889273357
layering_01749,0.20613743244444444,0.20593132294444444,0.11437905184052677,0.25467692534234726,0.0002463439759148943,0.8167028439209731,4.074462565000228,0.004987531172069825,0.8856209481594732,180,2.0166666666666666,2.227777777777778,0.9052369077306732,363,401,2.227777777777778,2.0166666666666666,0.8952618453865336,0.041666666666666664,1.8467171204878836,122.44583206027778,2462.597739763234,2329.6458106590308,18.979275729,-0.027743149467536643,4.476501994604206,267.77222222222224,124.69618186444384,0.4656800501172201,0.4166666666666667,14,0.10555555555555556,12,0.13333333333333333,180,0.49586776859504134,0.13333333333333333,5,0,26,0.002236272099285798,0.6243445032333922,1,1,-0.5147199096152956,1.305982905982906
mixing_01751,0.8976695356111111,0.8968761038888888,0.005516378230177105,0.008980558946034221,0.0023543348010123784,0.7597441100429466,3.085337387522619,0.4084158415841584,0.9944836217698229,180,3.888888888888889,4.488888888888889,0.8663366336633663,700,808,4.488888888888889,3.888888888888889,0.0,0.0,1.6644254372132603,166.67993215888887,3352.222099285765,3684.429209566523,5.335497488,0.04721096665154242,4.5522487324541885,284.2944444444444,132.99513567877125,0.46780771934767995,0.5166666666666667,14,0.09444444444444444,12,0.11666666666666667,180,0.2571428571428571,0.12222222222222222,5,0,1,0.0005295583455304995,1.0,1,1,-0.719266238057038,0.8933649289099526
mixing_01752,1.045702751111111,1.0448791913333335,0.005498773425148691,0.009440753975751304,-0.0021866934214636266,0.7633246356715094,3.1215807663018924,0.42689295039164493,0.9945012265748514,180,3.933333333333333,4.2555555555555555,0.9242819843342036,708,766,4.2555555555555555,3.933333333333333,0.0,0.0,1.853630364317043,166.73656510361113,3353.3610858845755,3378.1421577149454,1.538954998,0.003681357779026901,4.517047997897471,254.3388888888889,122.59376363192419,0.48200951166960865,0.4444444444444444,14,0.09444444444444444,12,0.1111111111111111,180,0.2542372881355932,0.06111111111111111,5,0,1,0.0005391245699622027,1.0,1,1,-0.6902412595211671,0.8911729141475212
mixing_01753,1.083036133388889,1.082178580277778,0.005508740544543769,0.00912040571949562,0.0029936071015051902,0.7169448162633867,3.231096872677535,0.5,0.9944912594554561,180,4.155555555555556,4.555555555555555,0.9121951219512197,748,820,4.555555555555555,4.155555555555556,0.0,0.0,1.7339451902989407,175.05776507027778,3520.7148282324138,3788.666855087335,29.347555159,0.036658644802527784,4.5046292927247755,279.8888888888889,129.81266643696068,0.4638007137485693,0.48333333333333334,14,0.10555555555555556,12,0.12777777777777777,180,0.24064171122994651,0.12777777777777777,5,0,1,0.0005134660398538718,1.0,1,1,-0.7431829760850397,0.897025171624714
mixing_01754,0.9976153796111112,0.9967938151111112,0.005396299100135065,0.008200555716336178,0.003650678245336788,0.7706269513069726,2.9470936328392865,0.48957055214723927,0.994603700899865,180,4.394444444444445,4.527777777777778,0.9705521472392639,791,815,4.527777777777778,4.394444444444445,0.0,0.0,1.637783746629332,156.05776417194446,3138.5919051356655,3320.890065877157,3.74222659,0.028221792639032333,4.475778032651284,267.6111111111111,134.5737482966203,0.5028705562256935,0.4388888888888889,14,0.10555555555555556,12,0.13333333333333333,180,0.22756005056890014,0.10555555555555556,5,0,1,0.0005037625352492621,1.0,1,1,-0.7359163867448162,0.8992161254199328
mixing_01758,0.9041219197222223,0.9032086735555556,0.005402444891306032,0.009272137151531638,0.0015115109314279252,0.7091533172431168,2.844619666947115,0.5530864197530864,0.994597555108694,180,4.372222222222222,4.5,0.9716049382716049,787,810,4.5,4.372222222222222,0.0,0.0,1.7516645482143136,192.5344172325,3872.20057004148,4061.900140121776,20.133338062,0.02390939780198385,4.510290376191686,275.1277777777778,126.48863444230408,0.4597450517863363,0.43333333333333335,14,0.10555555555555556,12,0.11666666666666667,180,0.22871664548919948,0.08888888888888889,5,0,1,0.000506027975076934,1.0,1,1,-0.7381489658659288,0.8987056837366347
mixing_01759,0.8864873081111111,0.8856215435555554,0.005225334985901728,0.008920027169620611,-0.0009248093534779873,0.7198430808924478,2.970540890912351,0.4852941176470588,0.9947746650140982,180,4.183333333333334,4.533333333333333,0.9227941176470589,753,816,4.533333333333333,4.183333333333334,0.0,0.0,1.731191846562374,176.5651840411111,3551.03163435057,3991.9238527886514,3.017979746,0.05845085778244414,4.433365144221346,289.10555555555555,130.00169733409444,0.4496686239193105,0.4111111111111111,14,0.13333333333333333,12,0.10555555555555556,180,0.23904382470119523,0.07222222222222222,5,0,1,0.0005132059771324051,1.0,1,1,-0.7365425844146679,0.8970840480274442
mixing_01760,1.0989480535,1.098035077,0.005530331686351352,0.009131468433507525,0.004197336913937672,0.7415872378207731,3.1275164943100804,0.4836759371221282,0.9944696683136486,180,4.261111111111111,4.594444444444444,0.9274486094316808,767,827,4.594444444444444,4.261111111111111,0.0,0.0,1.7038004522488928,179.44446402194444,3608.9389412263745,3268.5397049042926,73.801719893,-0.04949477182507773,4.522143430334275,266.3611111111111,129.1991561229895,0.4850526249272732,0.46111111111111114,14,0.1,12,0.12222222222222222,180,0.23468057366362452,0.06666666666666667,5,0,1,0.0005067875835134433,1.0,1,1,-0.7523324572982243,0.8985343855693348
mixing_01761,1.1832941867222222,1.1823359372777777,0.00560976308889394,0.010196481859995896,0.000969181814304967,0.7171044857311271,3.1119829435046653,0.4862932061978546,0.994390236911106,180,4.283333333333333,4.661111111111111,0.9189511323003575,771,839,4.661111111111111,4.283333333333333,0.0,0.0,1.6752942623382407,167.20383177555553,3362.7586278906533,3358.876880585238,7.72418232,-0.0005775004164567792,4.468005236043394,264.47222222222223,126.11280888500795,0.4768470874761355,0.43333333333333335,14,0.10555555555555556,12,0.11666666666666667,180,0.23346303501945526,0.1,5,0,1,0.0005027620686317065,1.0,1,1,-0.7555792658271806,0.8994413407821229
mixing_01762,0.8417901831666667,0.8409440052222223,0.00530129206327735,0.00902888931166667,-0.0010061416441453958,0.6757746381650719,3.1969846975508247,0.49264705882352944,0.9946987079367227,180,4.072222222222222,4.533333333333333,0.8982843137254901,733,816,4.533333333333333,4.072222222222222,0.0,0.0,1.7875233576815748,180.2850653911111,3625.8448905475025,3326.0274333700877,67.354790768,-0.043127583938201354,4.500689124392869,278.59444444444443,125.59448344031419,0.450814745034729,0.5111111111111111,14,0.09444444444444444,12,0.1111111111111111,180,0.24556616643929058,0.09444444444444444,5,0,1,0.0005184569329306171,1.0,1,1,-0.721806739715674,0.8958935801041065
mixing_01763,0.9466817681666666,0.9458044171111111,0.006365558692365945,0.010500920299618943,0.006577038377089827,0.7059698041381093,2.9879566519711966,0.4659498207885305,0.9936344413076341,180,4.238888888888889,4.65,0.9115890083632019,763,837,4.65,4.238888888888889,0.0,0.0,1.7859829702183425,156.34098579166667,3144.287982403441,2999.4692526494086,9.723040104,-0.023571688172797214,4.442956200712539,273.43333333333334,130.36571249532375,0.47677329938555557,0.42777777777777776,14,0.10555555555555556,12,0.11666666666666667,180,0.23591087811271297,0.10555555555555556,5,0,1,0.0005052706039878483,1.0,1,1,-0.744880972596317,0.898876404494382
mixing_01764,1.0289466087777779,1.0280940078333336,0.004947820184052767,0.00820707924795905,-0.00010742522741442556,0.7260858298092817,2.976498518683042,0.5356294536817102,0.9950521798159473,180,4.183333333333334,4.677777777777778,0.8942992874109263,753,842,4.677777777777778,4.183333333333334,0.0,0.0,1.6142229944684083,179.90268171972224,3618.154492692301,4149.229268181094,15.510600275,0.06837241365155322,4.474837570102374,266.1111111111111,131.97900158394035,0.495954494469922,0.45555555555555555,14,0.1,12,0.12777777777777777,180,0.23904382470119523,0.12777777777777777,5,0,1,0.0005065341315083284,1.0,1,1,-0.7396719667684082,0.8985915492957747
mixing_01765,0.7105083876666667,0.7097277387222223,0.005741931981097053,0.009189887646955955,0.00029496568438326355,0.6825159291577864,3.226724157636951,0.49595687331536387,0.994258068018903,180,3.8222222222222224,4.122222222222222,0.92722371967655,688,742,4.122222222222222,3.8222222222222224,0.0,0.0,1.7201274546152918,189.89085463083333,3819.033947886375,3748.0699141596533,115.605375194,-0.009377964809317935,4.506138626915233,270.93888888888887,135.9684141717841,0.501841631998219,0.4388888888888889,14,0.1111111111111111,12,0.12222222222222222,180,0.2616279069767442,0.1,5,0,1,0.0005520191160745651,1.0,1,1,-0.7035122278249794,0.8881987577639752
mixing_01771,0.8391133845555555,0.8382661252777777,0.0053973564942243,0.009199593470498231,-0.001782230429447411,0.6801319277851132,3.1401561523445576,0.4336283185840708,0.9946026435057759,180,3.9833333333333334,4.394444444444445,0.9064475347661187,717,791,4.394444444444445,3.9833333333333334,0.0,0.0037037037037037034,1.6622373556597965,189.69625400722222,3815.120192329039,4026.3675969995566,53.594312842,0.026939709701263827,4.486725153973021,274.1222222222222,127.97217991822663,0.46684350827450843,0.4222222222222222,14,0.10555555555555556,12,0.1,180,0.2510460251046025,0.10555555555555556,5,0,1,0.0005295583455304995,1.0,1,1,-0.7144245075113725,0.8933649289099526
mixing_01773,0.8108556494444444,0.8099866942222222,0.005316046049914621,0.008668145740557333,0.0009995419440929248,0.6766503183734137,3.156481433986306,0.4493975903614458,0.9946839539500854,180,4.116666666666666,4.611111111111111,0.8927710843373494,741,830,4.611111111111111,4.116666666666666,0.0,0.0018518518518518517,1.7062897397968002,193.11524066472222,3883.8819351612015,4037.578953226158,108.085440197,0.019402610229417652,4.468161187631331,296.90555555555557,130.04497276338836,0.4380011432256779,0.48333333333333334,14,0.1111111111111111,12,0.11666666666666667,180,0.242914979757085,0.08888888888888889,5,0,1,0.000512686628049278,1.0,1,1,-0.7350581673595151,0.8972015990862364
mixing_01774,0.9041678655555556,0.9032297864444445,0.005754544006351585,0.009369924101116698,-0.0012601186889101513,0.6878771394871336,3.147981648495163,0.464075382803298,0.9942454559936483,180,4.305555555555555,4.716666666666667,0.9128386336866902,775,849,4.716666666666667,4.305555555555555,0.0,0.0,1.8441116295215532,180.0168477811111,3620.450569901732,3550.4666691239854,3.295346163,-0.00975940712254752,4.458309602049072,265.31111111111113,127.97303700340886,0.48235083886032315,0.45555555555555555,14,0.08888888888888889,12,0.11666666666666667,180,0.23225806451612904,0.12222222222222222,5,0,1,0.0004992910313311272,1.0,1,1,-0.7631224811961704,0.9002217294900222
mixing_01779,0.9762081567222222,0.9753811806666666,0.0059268804925657805,0.010244041038864378,0.00145321553445065,0.7288067270570937,3.012308253364709,0.46307884856070086,0.9940731195074342,180,3.966666666666667,4.438888888888889,0.8936170212765957,714,799,4.438888888888889,3.966666666666667,0.0,0.0,1.7150282934288577,182.55675628916669,3671.532528723073,3856.144772806065,7.644487324,0.024524463083120004,4.48487935667586,299.3388888888889,131.3473013160314,0.43879130374131237,0.4444444444444444,14,0.10555555555555556,12,0.1388888888888889,180,0.25210084033613445,0.09444444444444444,5,0,1,0.0005281795852481152,1.0,1,1,-0.7255363450546802,0.893679858239811
mixing_01780,0.7131625262777778,0.7122672913333333,0.005620738064289567,0.008862902187147567,-0.0012562909983229935,0.6947979076600921,3.00262994070069,0.5073349633251834,0.9943792619357104,180,4.305555555555555,4.544444444444444,0.9474327628361858,775,818,4.544444444444444,4.305555555555555,0.0,0.0018518518518518517,1.7191211333089833,192.0309186963889,3862.0743424984075,3906.271218151599,3.37987194,0.005689354999482456,4.503802711583791,284.4277777777778,120.97943084579119,0.4253432340223531,0.45555555555555555,14,0.12222222222222222,12,0.13333333333333333,180,0.23225806451612904,0.07222222222222222,5,0,1,0.0005070412851921027,1.0,1,1,-0.7312278726685959,0.8984771573604061
mixing_01781,1.0955063996666667,1.0945926915,0.005320821131191661,0.008882554386721534,-0.001075449119160057,0.7356121104702674,3.103068677950152,0.5159386068476978,0.9946791788688084,180,4.3,4.705555555555556,0.9138134592680046,774,847,4.705555555555556,4.3,0.0,0.0018518518518518517,1.6926881488770777,177.74875585916666,3574.8353133722403,3438.2120790464255,15.186245714,-0.01948129346359601,4.536462707432363,280.68333333333334,127.80259196888959,0.45532661469825875,0.4777777777777778,14,0.1111111111111111,12,0.12777777777777777,180,0.23255813953488372,0.1,5,0,1,0.0005000308470602752,1.0,1,1,-0.7409011992272797,0.9000555247084953
mixing_01782,1.1288055627222222,1.1279195690555557,0.005306389653100347,0.008331088339437902,0.002598131265810673,0.7488026104790139,2.9863874306111526,0.44814340588988477,0.9946936103468996,180,4.15,4.338888888888889,0.9564660691421256,747,781,4.338888888888889,4.15,0.0,0.0,1.7048729034234262,149.76735888416667,3012.080960801234,3025.575535687103,1.601580461,0.0022350683404592244,4.5070934724245735,275.6222222222222,132.5256233495853,0.48082343390561466,0.4444444444444444,14,0.08888888888888889,12,0.10555555555555556,180,0.24096385542168675,0.08888888888888889,5,0,1,0.0005240852859626088,1.0,1,1,-0.7200841981202135,0.8946135831381733
mixing_01783,1.3047353662777776,1.3037738651111113,0.005046166977667027,0.008375190016370507,-0.006349874642550696,0.7142598789037885,3.094477855218463,0.5389150943396226,0.9949538330223331,180,4.477777777777778,4.711111111111111,0.9504716981132075,806,848,4.711111111111111,4.477777777777778,0.0,0.0,1.7387184304746828,191.60465567055556,3853.5014548310223,4064.154882785727,3.952468447,0.026605528071973906,4.503166846304328,280.47777777777776,120.54218555272439,0.4297744602363109,0.40555555555555556,14,0.09444444444444444,12,0.1111111111111111,180,0.22332506203473945,0.06111111111111111,5,0,1,0.0004920097497651501,1.0,1,1,-0.7561683807273777,0.9018538713195202
mixing_01786,0.8246732863333334,0.8237369438333333,0.0056718448535726974,0.009284199991804238,5.3973337026863137e-05,0.7031969263495039,2.980718786185726,0.5420792079207921,0.9943281551464275,180,4.261111111111111,4.488888888888889,0.9492574257425742,767,808,4.488888888888889,4.261111111111111,0.0,0.0018518518518518517,1.7605353403947919,174.10358484444444,3501.524611399033,3044.9203923542523,13.021264679,-0.06974842357691768,4.462778209455005,283.0888888888889,126.96145057346907,0.448486166559864,0.4,14,0.12222222222222222,12,0.1111111111111111,180,0.23468057366362452,0.08333333333333333,5,0,1,0.0005116510247639096,1.0,1,1,-0.7264702972524686,0.8974358974358975
mixing_01787,0.9653715034999999,0.9645004996111112,0.005934511266465726,0.009294355779016106,0.001573063534481516,0.7819550693337933,3.2405177519246084,0.408641975308642,0.9940654887335343,180,4.094444444444444,4.5,0.9098765432098764,737,810,4.5,4.094444444444444,0.0,0.0,1.7678575097646145,177.9891092625,3579.669236565436,3504.3353242247995,23.713087931,-0.010634368130930888,4.469771061477832,270.2888888888889,131.43622150222092,0.48628052023349017,0.4388888888888889,14,0.10555555555555556,12,0.12222222222222222,180,0.24423337856173677,0.1,5,0,1,0.0005189878428691339,1.0,1,1,-0.7303480408037571,0.8957730167921251
mixing_01788,0.8219221397222223,0.8210418487222222,0.004961006285695838,0.007799049170214199,0.002078405809469427,0.6680427248629637,3.070508771204414,0.4768856447688564,0.9950389937143042,180,3.9555555555555557,4.566666666666666,0.8661800486618005,712,822,4.566666666666666,3.9555555555555557,0.0,0.0,1.7217357081945026,168.9725427966667,3398.3304696567775,3175.1212178273595,0.292716855,-0.03395617134517148,4.456313689921935,258.8333333333333,127.86399460879687,0.494001267001147,0.4722222222222222,14,0.12222222222222222,12,0.10555555555555556,180,0.25280898876404495,0.08333333333333333,5,0,1,0.000522464972027348,1.0,1,1,-0.7239486849991129,0.8949824970828472
mixing_01789,1.0373992156666667,1.036569909388889,0.004355550954604397,0.007525018764666722,0.0021554975257158135,0.744997759975852,3.137380119550653,0.5,0.9956444490453956,180,4.122222222222222,4.388888888888889,0.9392405063291137,742,790,4.388888888888889,4.122222222222222,0.0,0.0,1.79633915959167,176.06658103,3541.00386429185,3710.0187325471657,18.176619298,0.0233091079221013,4.49668825943776,260.69444444444446,126.31202374780104,0.48452134841990807,0.43333333333333335,14,0.11666666666666667,12,0.10555555555555556,180,0.24258760107816713,0.1,5,0,1,0.0005230039819311,1.0,1,1,-0.7160338667756329,0.8948598130841121
mixing_01791,1.2003803487777778,1.1995472220555554,0.005523325936486055,0.00932921840543415,-0.001448498493976153,0.7609056548296258,3.158762155648069,0.4751592356687898,0.9944766740635139,180,4.094444444444444,4.361111111111111,0.9388535031847134,737,785,4.361111111111111,4.094444444444444,0.0,0.0,1.7511578561385173,185.51790548972224,3731.086367395592,3657.831455735282,48.10158381,-0.00991415974758669,4.4825649620683325,287.77777777777777,124.97081471826527,0.43426151832601834,0.45,14,0.08333333333333333,12,0.12777777777777777,180,0.24423337856173677,0.09444444444444444,5,0,1,0.0005257155015609122,1.0,1,1,-0.7170990732516391,0.8942420681551116
mixing_01794,0.9309032286666665,0.9300267146111111,0.006006565281754751,0.009944549185836187,0.001056798367964031,0.7331397890046857,3.253307458855647,0.41466346153846156,0.9939934347182452,180,4.111111111111111,4.622222222222222,0.8894230769230769,740,832,4.622222222222222,4.111111111111111,0.0,0.0,1.6973691177575272,198.49297199249997,3992.03742554805,3966.3741571710457,6.064429372,-0.0032246721736193806,4.469255559728893,269.31111111111113,131.69663331994792,0.48901299607208976,0.4166666666666667,14,0.11666666666666667,12,0.12222222222222222,180,0.24324324324324326,0.06666666666666667,5,0,1,0.0005124273409323831,1.0,1,1,-0.7321541916943674,0.8972602739726028
mixing_01801,0.8839342456666667,0.8830207226111109,0.005416581932140031,0.00883136383339425,0.00036693968090578964,0.7375809474426385,3.198151945628448,0.5048899755501223,0.9945834180678601,180,4.211111111111111,4.544444444444444,0.9266503667481664,758,818,4.544444444444444,4.211111111111111,0.0,0.0,1.7292874084212568,171.16236967055556,3442.3716805291288,3528.493198029326,18.390970984,0.012354495317373973,4.530482944884512,278.9111111111111,123.3457369574408,0.4422403125714952,0.46111111111111114,14,0.1111111111111111,12,0.1388888888888889,180,0.23746701846965698,0.07222222222222222,5,0,1,0.0005113927665180512,1.0,1,1,-0.742580885776108,0.89749430523918
mixing_01805,1.0281411270555556,1.0272754833333333,0.0052379223625195915,0.008570322131236699,-0.001859180415979916,0.7047981195308295,3.041891463260822,0.4909310761789601,0.9947620776374805,180,4.266666666666667,4.594444444444444,0.9286577992744861,768,827,4.594444444444444,4.266666666666667,0.0,0.0,1.6758536987128396,160.14625871694443,3220.818611068905,3214.89139952182,61.933810455,-0.0009209879776016865,4.525195588903358,288.89444444444445,130.26481396245447,0.4509079924086422,0.45,14,0.09444444444444444,12,0.10555555555555556,180,0.234375,0.06666666666666667,5,0,1,0.0005065341315083284,1.0,1,1,-0.7482414096263353,0.8985915492957747
mixing_01807,0.9696001586666666,0.9686442550555556,0.005435326237472642,0.008970506168798869,0.0020695482085352425,0.6820100188909535,3.041722056801113,0.4884004884004884,0.9945646737625272,180,4.2,4.55,0.9230769230769231,756,819,4.55,4.2,0.0,0.0018518518518518517,1.5704399773447033,184.95439807861112,3719.7532574502798,3563.8242346172224,6.220212705,-0.02140830148410979,4.512284723657098,287.3277777777778,135.004069069881,0.469860833205951,0.45555555555555555,14,0.1111111111111111,12,0.11666666666666667,180,0.23809523809523808,0.07777777777777778,5,0,1,0.0005116510247639096,1.0,1,1,-0.7242486235730377,0.8974358974358975
mixing_01809,1.022198186888889,1.0212645991111111,0.005644626490995078,0.009899869624725315,-0.0014678754750455257,0.7119781189257757,3.056965477677897,0.5194479297365119,0.9943553735090049,180,4.388888888888889,4.427777777777778,0.9912170639899623,790,797,4.427777777777778,4.388888888888889,0.0,0.0,1.7702455052313928,171.4770980947222,3448.701414196692,3558.0468871624003,16.763582721,0.01560573724968808,4.462358010415077,268.27777777777777,136.28125926303682,0.5079856423140738,0.45,14,0.11666666666666667,12,0.11666666666666667,180,0.22784810126582278,0.08888888888888889,5,0,1,0.0005085687586884502,1.0,1,1,-0.7436278353964677,0.8981324278438031
mixing_01810,0.9588281020555555,0.9578390788333334,0.006113837023997166,0.0102084691351414,-0.0011379546779324468,0.6999345012394252,3.0316865045400005,0.49533799533799533,0.9938861629760029,180,4.316666666666666,4.766666666666667,0.9055944055944055,777,858,4.766666666666667,4.316666666666666,0.0,0.0,1.7467060315132237,187.91232765722222,3779.2423439482345,3203.609387513447,5.739357415,-0.0824352254024293,4.553854089859626,280.0,135.84114119977826,0.48514693285635097,0.39444444444444443,14,0.10555555555555556,12,0.12222222222222222,180,0.23166023166023167,0.1,5,0,1,0.0004965967179057287,1.0,1,1,-0.7530462970898898,0.9008264462809917
mixing_01812,0.8039431061111111,0.8031350651666666,0.006067521808716251,0.009548515658549294,0.0016960976450199079,0.693449813319363,3.0731171163994797,0.4712230215827338,0.9939324781912837,180,4.116666666666666,4.633333333333334,0.8884892086330933,741,834,4.633333333333334,4.116666666666666,0.0,0.0,1.6367108990456094,195.1906071233333,3925.6211488515924,4135.957832890336,13.382147009,0.026091251418006303,4.534387900475124,295.55,134.83883510515048,0.4562301982918304,0.46111111111111114,14,0.10555555555555556,12,0.12222222222222222,180,0.242914979757085,0.08888888888888889,5,0,1,0.0005116510247639096,1.0,1,1,-0.7325141233576196,0.8974358974358975
mixing_01815,0.8817259893888888,0.8808998109444446,0.0046302176872710194,0.008313569710169695,0.0031499663408026996,0.6976082119531412,3.2305099257293035,0.4640198511166253,0.995369782312729,180,3.8722222222222222,4.477777777777778,0.8647642679900744,697,806,4.477777777777778,3.8722222222222222,0.0,0.0,1.6890428902134176,179.01866347305554,3600.375354766536,3139.467513664718,29.235909872,-0.0683855469777588,4.484333588757176,281.85,126.54358557540296,0.4489749355167747,0.5222222222222223,14,0.1111111111111111,12,0.1111111111111111,180,0.2582496413199426,0.10555555555555556,5,0,1,0.0005309441904531784,1.0,1,1,-0.7190513480568943,0.893048128342246
mixing_01819,0.8253187048333334,0.8244649587222223,0.005093047146072639,0.008441809757500283,0.0010179473594143854,0.726787515219266,3.0497777391971708,0.5,0.9949069528539275,180,4.072222222222222,4.633333333333334,0.8788968824940047,733,834,4.633333333333334,4.072222222222222,0.0,0.0,1.6931120973864628,194.86835634000002,3919.1401275126427,3821.801802034855,28.394314417,-0.01257448077555566,4.453411121060991,266.75555555555553,127.31198744711484,0.4772608659713569,0.48333333333333334,14,0.11666666666666667,12,0.1388888888888889,180,0.24556616643929058,0.09444444444444444,5,0,1,0.0005137263618666199,1.0,1,1,-0.7280968540925062,0.8969662278191185
mixing_01822,0.9802927361111112,0.9794597025,0.00567725750061796,0.009981667352766628,0.0015373735409631986,0.6721956311805674,3.027995410454216,0.4430992736077482,0.994322742499382,180,4.122222222222222,4.588888888888889,0.8983050847457626,742,826,4.588888888888889,4.122222222222222,0.0,0.0,1.768387418635992,192.76656665027778,3876.869496878274,3196.768990455811,60.356496696,-0.09614578234952735,4.478356759651438,272.21666666666664,129.90066144394885,0.4771958419541377,0.5277777777777778,14,0.10555555555555556,12,0.12777777777777777,180,0.24258760107816713,0.1111111111111111,5,0,1,0.0005134660398538718,1.0,1,1,-0.7374343946129395,0.897025171624714
mixing_01823,1.05199041,1.0511524624444444,0.005650378963969763,0.009375340636010481,0.0012391382730331166,0.7445341265031492,2.9881553125863793,0.48225214198286415,0.9943496210360302,180,4.205555555555556,4.538888888888889,0.9265605875152999,757,817,4.538888888888889,4.205555555555556,0.0,0.0037037037037037034,1.6761986727043288,174.2903248225,3505.2802757610666,3356.5246581766987,12.290414284,-0.021678788455299604,4.491904325750035,271.2055555555556,127.03510697723512,0.4684089406539181,0.49444444444444446,14,0.1,12,0.11666666666666667,180,0.23778071334214002,0.10555555555555556,5,0,1,0.0005119095396651838,1.0,1,1,-0.7447437323518794,0.8973774230330672
mixing_01824,0.8017736080555555,0.8010352250555555,0.004666038787384563,0.008350729355243223,0.0002811092545551821,0.7092350233014744,3.1889564684644864,0.4860927152317881,0.9953339612126154,180,3.9055555555555554,4.194444444444445,0.9311258278145694,703,755,4.194444444444445,3.9055555555555554,0.0,0.0,1.7298443731500146,182.02534067,3660.8448402924755,3363.5895092459627,24.904674381,-0.04231733350402012,4.442613853103595,260.3888888888889,129.40466989617224,0.49696694220847026,0.4111111111111111,14,0.12777777777777777,12,0.10555555555555556,180,0.25604551920341395,0.09444444444444444,5,0,1,0.0005437445877274833,1.0,1,1,-0.7062786599629712,0.8901098901098901
mixing_01825,0.9125982993888887,0.9117922702222223,0.004656672691426924,0.00785131484248461,0.00013190266709877809,0.7392210003086835,3.0474365331649054,0.5132408575031526,0.9953433273085731,180,4.2,4.405555555555556,0.9533417402269861,756,793,4.405555555555556,4.2,0.0,0.0,1.7587723239941997,180.3373562736111,3626.8965507597654,3462.90223914503,59.410810357,-0.023131024796958697,4.498596271944232,275.0722222222222,125.45951429396543,0.45609663266038775,0.4444444444444444,14,0.1,12,0.11666666666666667,180,0.23809523809523808,0.044444444444444446,5,0,1,0.0005184569329306171,1.0,1,1,-0.7477851025415123,0.8958935801041065
mixing_01826,0.9287372723333334,0.9279755354444446,0.00508087254754321,0.008789928530881215,0.003599272354146732,0.7607856035537393,3.0977044565530765,0.522020725388601,0.9949191274524569,180,4.127777777777778,4.288888888888889,0.9624352331606219,743,772,4.288888888888889,4.127777777777778,0.0,0.0,1.7858777438333486,182.93405740166665,3679.1207075230113,3842.883438478697,2.156459229,0.02177115669933963,4.485306817581298,255.67777777777778,125.13624554996608,0.4894294945676827,0.5,14,0.10555555555555556,12,0.1111111111111111,180,0.24226110363391656,0.08333333333333333,5,0,1,0.0005276300529719677,1.0,1,1,-0.7210187353766542,0.8938053097345132
mixing_01830,0.9581550463888889,0.9573456030555556,0.004183148111259126,0.006898541208736907,0.003226597583330758,0.7005400392526019,3.1540132364013047,0.49286640726329445,0.9958168518887409,180,3.888888888888889,4.283333333333333,0.9079118028534371,700,771,4.283333333333333,3.888888888888889,0.0,0.0,1.6178306062016983,156.05736914055555,3138.5839603711843,3184.2093026008943,3.208246997,0.007216010445399798,4.52631200684667,275.7,134.56505145328669,0.4880850614917907,0.4388888888888889,14,0.14444444444444443,12,0.1111111111111111,180,0.2571428571428571,0.07777777777777778,5,0,1,0.0005399849494337683,1.0,1,1,-0.7075789774652929,0.8909751665657177
mixing_01832,1.2547840330555555,1.2539667752777777,0.004657234775786224,0.009069107131095811,-0.004260963738973424,0.7285938005577871,2.8828851111685907,0.5431472081218274,0.9953427652242137,180,4.144444444444445,4.377777777777778,0.9467005076142132,746,788,4.377777777777778,4.144444444444445,0.0,0.0,1.6715398455966373,174.48131124944445,3509.121343567364,3409.143427947272,9.409414789,-0.014451299411341207,4.458326346534948,276.3,129.57114048632658,0.4689509246700202,0.37777777777777777,14,0.11666666666666667,12,0.11666666666666667,180,0.24128686327077747,0.1,5,0,1,0.000522464972027348,1.0,1,1,-0.7226935307796616,0.8949824970828472
mixing_01834,1.0905584966666668,1.089697556888889,0.005111031281373947,0.009050972095418965,0.0020655215543278075,0.719066817007076,2.875765419095071,0.4705128205128205,0.994888968718626,180,4.116666666666666,4.333333333333333,0.95,741,780,4.333333333333333,4.116666666666666,0.0,0.0,1.7620451288345125,185.40270006694442,3728.7693868234583,3967.65034898598,4.113399649,0.031037933267993548,4.393525900328942,275.9611111111111,133.9608199157558,0.4854336880163478,0.4222222222222222,14,0.12777777777777777,12,0.11666666666666667,180,0.242914979757085,0.07777777777777778,5,0,1,0.0005259881730469966,1.0,1,1,-0.7143740498790474,0.8941798941798942
mixing_01837,1.073404927277778,1.0725929326666668,0.005466342637309723,0.009236865805313792,-0.0008929310304227492,0.7540284158242655,3.262630778149329,0.40473225404732255,0.9945336573626902,180,4.138888888888889,4.461111111111111,0.9277708592777086,745,803,4.461111111111111,4.138888888888889,0.0,0.0,1.7842538270637935,174.7083071388889,3513.6866240251006,3045.2087276846582,23.885413854,-0.07142634105578778,4.491341074954523,275.25555555555553,131.29071849243368,0.47697754266011516,0.45,14,0.08888888888888889,12,0.12222222222222222,180,0.24161073825503357,0.11666666666666667,5,0,1,0.0005187222543910443,1.0,1,1,-0.7229842470325559,0.8958333333333334
mixing_01841,1.4851149910000003,1.4842892466111108,0.004821829985493752,0.007744518212275832,-0.010716248860942202,0.8047053225302673,3.11793138426847,0.5031289111389237,0.9951781700145063,180,4.133333333333334,4.438888888888889,0.9311639549436797,744,799,4.438888888888889,4.133333333333334,0.0,0.0,1.7711357550474993,176.73745750416666,3554.4963520417764,3312.39709894038,15.648874581,-0.03525600838713601,4.501321646627525,284.18888888888887,133.97580824271694,0.47143225326834753,0.4888888888888889,14,0.10555555555555556,12,0.12777777777777777,180,0.24193548387096775,0.06666666666666667,5,0,1,0.000520052874850944,1.0,1,1,-0.7253729867110521,0.8955310504933256
mixing_01842,1.2224461790555554,1.221560626888889,0.004970731136274221,0.008660208371539583,0.0025479061898206748,0.6943953033083525,3.140539111931498,0.5057603686635944,0.9950292688637259,180,4.022222222222222,4.822222222222222,0.8341013824884793,724,868,4.822222222222222,4.022222222222222,0.0,0.0018518518518518517,1.692695618068231,189.35159430833332,3808.188488883313,3433.7689206199498,41.686368701,-0.05170143195982219,4.485730541788589,254.76666666666668,132.89413184685623,0.5216307674219137,0.46111111111111114,14,0.09444444444444444,12,0.11666666666666667,180,0.24861878453038674,0.10555555555555556,5,0,1,0.000507295236905601,1.0,1,1,-0.7436073114442304,0.8984198645598194
mixing_01844,1.0334789113333331,1.0326242730000001,0.005230107975600933,0.008284518247545265,0.0017604624480179426,0.7565449409057246,3.2098299568213164,0.44457547169811323,0.994769892024399,180,4.211111111111111,4.711111111111111,0.8938679245283019,758,848,4.711111111111111,4.211111111111111,0.0,0.0018518518518518517,1.7157815680092383,174.32864871833334,3506.0510356785812,3384.501203321452,30.904422403,-0.017640071236840176,4.505352588785266,269.85,133.16384141056415,0.49347356461205905,0.45555555555555555,14,0.1,12,0.12222222222222222,180,0.23746701846965698,0.1111111111111111,5,0,1,0.0005037625352492621,1.0,1,1,-0.7653117745698272,0.8992161254199328
mixing_01847,0.946506962611111,0.9457734658333333,0.0043271704145812825,0.007841453452327913,0.0006875306178894412,0.6980749542893501,3.0609056053424037,0.507343124165554,0.9956728295854188,180,3.966666666666667,4.161111111111111,0.9532710280373832,714,749,4.161111111111111,3.966666666666667,0.0,0.0,1.68118101604431,156.78085580138887,3153.1345300889775,2841.0262494034255,7.629405287,-0.05206872023742779,4.476989753303608,272.78333333333336,127.49526335817716,0.4673865584096431,0.4222222222222222,14,0.1111111111111111,12,0.1111111111111111,180,0.25210084033613445,0.09444444444444444,5,0,1,0.0005422925147323418,1.0,1,1,-0.7173228758175982,0.8904443091905052
mixing_01851,0.8245729071666668,0.8237769417222224,0.005632186560309806,0.009809749822749009,0.0005796169351214544,0.725653744832194,3.065162418276034,0.4339853300733496,0.9943678134396903,180,4.0,4.544444444444444,0.880195599022005,720,818,4.544444444444444,4.0,0.0,0.0,1.734319671627798,176.9217383386111,3558.2025587687376,4041.477547549621,9.087008668,0.06359149096013783,4.4626119435330605,288.9888888888889,131.44750588439405,0.45485314812547445,0.4888888888888889,14,0.12777777777777777,12,0.12222222222222222,180,0.25,0.11666666666666667,5,0,1,0.0005213902202382123,1.0,1,1,-0.7267312894426466,0.8952270081490105
mixing_01853,1.0004133907222224,0.9994708035000001,0.0056881508985493255,0.009482191109865592,-0.0005717646092471995,0.6936970060288433,2.955223971017681,0.4706546275395034,0.9943118491014509,180,4.3,4.9222222222222225,0.8735891647855529,774,886,4.9222222222222225,4.3,0.0,0.0,1.7033667177416083,182.19585337944446,3664.2741461799546,3335.7400807996205,25.57943737,-0.04693334252294695,4.473398810547154,276.2111111111111,130.5014389735896,0.47246991060071053,0.43333333333333335,14,0.10555555555555556,12,0.1388888888888889,180,0.23255813953488372,0.1111111111111111,5,0,1,0.0004905785280279925,1.0,1,1,-0.7603906928415948,0.9021739130434783
mixing_01855,1.1167466267222221,1.1159084849999998,0.004776875337219999,0.008107216757052367,0.0010624167275533193,0.7151506611006784,3.0594266456553907,0.503052503052503,0.99522312466278,180,4.066666666666666,4.55,0.8937728937728937,732,819,4.55,4.066666666666666,0.0,0.0018518518518518517,1.7304782215280503,159.12608941833332,3200.3012396998433,2839.0922070919287,2.401325142,-0.05980882613299437,4.521890163108719,277.84444444444443,125.19579402069287,0.4505967152628313,0.45555555555555555,14,0.1,12,0.12777777777777777,180,0.2459016393442623,0.08888888888888889,5,0,1,0.0005179270894901875,1.0,1,1,-0.7325483983821715,0.8960138648180243
mixing_01858,1.137560898722222,1.1366861968333335,0.004659175762963034,0.008775250738639946,-0.0013637063080239108,0.6960195707228394,3.2044197903157206,0.5,0.995340824237037,180,3.95,4.466666666666667,0.8843283582089553,711,804,4.466666666666667,3.95,0.0,0.0,1.722830803231776,151.7823164288889,3052.6052466184306,3158.961664251536,10.497780239,0.017122316986875982,4.514687560127933,271.7388888888889,130.73600692670104,0.48110893314264486,0.4666666666666667,14,0.1111111111111111,12,0.12777777777777777,180,0.25316455696202533,0.07777777777777778,5,0,1,0.0005276300529719677,1.0,1,1,-0.7284034655221054,0.8938053097345132
mixing_01861,0.9050686269444446,0.904231777111111,0.005663062744507111,0.010075997708110332,0.0024749651163513266,0.6975508634418519,3.201626099943084,0.4575,0.9943369372554928,180,4.0055555555555555,4.444444444444445,0.90125,721,800,4.444444444444445,4.0055555555555555,0.0,0.0,1.6793361341954203,162.20938216277776,3262.311596574106,3123.4185100387826,8.151189085,-0.021750541318915007,4.495374239083535,276.5,134.98299085895619,0.48818441540309654,0.5,14,0.1111111111111111,12,0.12222222222222222,180,0.24965325936199723,0.09444444444444444,5,0,1,0.0005259881730469966,1.0,1,1,-0.727855939166531,0.8941798941798942
mixing_01862,0.883401479611111,0.8825287742777778,0.005719018549290035,0.008692713256833216,-0.00042626025658199364,0.7153003449402499,3.082121256265453,0.47297297297297297,0.9942809814507101,180,4.294444444444444,4.522222222222222,0.9496314496314496,773,814,4.522222222222222,4.294444444444444,0.0,0.0037037037037037034,1.7451980545681454,159.0568785688889,3198.9092896536763,3157.879184720336,4.362939537,-0.006454533621614755,4.536578472988175,270.6,128.37804681886985,0.47441998085317755,0.4666666666666667,14,0.1,12,0.1,180,0.23285899094437257,0.11666666666666667,5,0,1,0.0005085687586884502,1.0,1,1,-0.7482632156142327,0.8981324278438031
mixing_01864,0.974760578277778,0.9738597837777776,0.0061647380089586675,0.009487775139770466,0.0029609969533627573,0.7728502327147685,3.073328870211561,0.3879093198992443,0.9938352619910413,180,3.966666666666667,4.411111111111111,0.8992443324937027,714,794,4.411111111111111,3.966666666666667,0.0,0.0,1.8008229492823347,169.82518059694445,3415.47849245548,3487.4273728903427,15.18248593,0.010422984441387572,4.501083221402736,267.80555555555554,129.9859939692783,0.48537452368986816,0.5055555555555555,14,0.1,12,0.13333333333333333,180,0.25210084033613445,0.08888888888888889,5,0,1,0.0005295583455304995,1.0,1,1,-0.7210045220138913,0.8933649289099526
mixing_01865,0.7130318805,0.7121708215555556,0.005497148499135286,0.008565750554563647,0.00164979740584586,0.6793413455381696,3.158543661404356,0.4234828496042216,0.9945028515008646,180,4.116666666666666,4.211111111111111,0.9775725593667545,741,758,4.211111111111111,4.116666666666666,0.0,0.0,1.7260392321638853,187.47652951555557,3770.477688582256,3597.8636968855103,1.278153839,-0.023426437873411286,4.4777290733440065,281.43888888888887,130.29901854348483,0.4629744633298579,0.4444444444444444,14,0.12777777777777777,12,0.1,180,0.242914979757085,0.1111111111111111,5,0,1,0.0005320580031958974,1.0,1,1,-0.7094743739289093,0.8927933293627159
mixing_01868,0.6933731986666667,0.6925023615555557,0.005774411069841612,0.00927525184366684,-0.0007999873547125934,0.7286749154394726,3.1006608754387974,0.428927680798005,0.9942255889301583,180,3.966666666666667,4.455555555555556,0.8902743142144638,714,802,4.455555555555556,3.966666666666667,0.0,0.0,1.7058946188643795,179.2389823,3604.806347936,3523.319982655513,19.728623602,-0.011431666822566685,4.456103729469071,281.09444444444443,130.26773878380655,0.463430499458173,0.4388888888888889,14,0.09444444444444444,12,0.11666666666666667,180,0.25210084033613445,0.07777777777777778,5,0,1,0.0005273557076863138,1.0,1,1,-0.7283698936218761,0.8938679245283019
mixing_01871,1.0125890693888888,1.0117053993333334,0.0059875896911695545,0.008863824894257574,0.00167618124228114,0.7388661910913453,3.2112306492884457,0.4335981838819523,0.9940124103088304,180,4.155555555555556,4.894444444444445,0.8490351872871736,748,881,4.894444444444445,4.155555555555556,0.0,0.0,1.814786678641664,182.5959052463889,3672.3198820542957,3993.6277380726956,7.944336358,0.0419136513762244,4.46564387213221,261.48333333333335,132.10159773032657,0.505200832673822,0.5166666666666667,14,0.11666666666666667,12,0.12222222222222222,180,0.24064171122994651,0.05555555555555555,5,0,1,0.0004980627834279928,1.0,1,1,-0.7587457368308325,0.900497512437811
mixing_01874,0.8454673988888888,0.8445563143888887,0.005582771740055656,0.008977488252113154,0.0008109062239472413,0.6970557770842607,2.9123306203956156,0.5325953259532595,0.9944172282599444,180,4.344444444444444,4.516666666666667,0.9618696186961869,782,813,4.516666666666667,4.344444444444444,0.0,0.0018518518518518517,1.7270009296141196,176.52228905944446,3550.1689419795757,3716.1065222935013,6.848757948,0.022836676249037034,4.471984916429314,271.23333333333335,127.70029070370222,0.470813410484339,0.4111111111111111,14,0.10555555555555556,12,0.13333333333333333,180,0.23017902813299232,0.08888888888888889,5,0,1,0.0005065341315083284,1.0,1,1,-0.7330587004434848,0.8985915492957747
mixing_01875,0.9096894899444444,0.9088804488333333,0.0048349665749772225,0.008434094269931715,0.0019588051077811036,0.6926953346360828,2.9068628632316442,0.5182038834951457,0.9951650334250227,180,4.183333333333334,4.5777777777777775,0.9138349514563108,753,824,4.5777777777777775,4.183333333333334,0.0,0.0,1.7329534116608516,178.65960943777776,3593.1541562942684,3423.761049322712,14.245800972,-0.024140680342831934,4.499701568438272,276.5833333333333,127.321827529152,0.46033803264532214,0.46111111111111114,14,0.1111111111111111,12,0.11666666666666667,180,0.23904382470119523,0.12777777777777777,5,0,1,0.0005111347645538899,1.0,1,1,-0.7393918324713599,0.8975526465566306
mixing_01876,0.8247198371666669,0.8239562184444446,0.005309063725459136,0.00915149003176594,-0.0014251044169058735,0.7170776593388488,3.0663347329169466,0.39238845144356954,0.9946909362745407,180,3.9055555555555554,4.233333333333333,0.9225721784776902,703,762,4.233333333333333,3.9055555555555554,0.0,0.0,1.7889303802244676,183.0863599052778,3682.183774632034,3482.6842029365716,32.613969014,-0.02784413785711685,4.429345585500421,285.02222222222224,135.83381876048574,0.4765727307205565,0.37222222222222223,14,0.12777777777777777,12,0.1111111111111111,180,0.25604551920341395,0.12222222222222222,5,0,1,0.0005417138124080196,1.0,1,1,-0.7113959533462416,0.8905775075987842
mixing_01878,0.8886807236111111,0.8879327792222221,0.005348602745778434,0.008852659969658002,0.001717220137123574,0.7015206986246224,3.0816189642219585,0.44529262086513993,0.9946513972542216,180,3.95,4.366666666666666,0.9045801526717558,711,786,4.366666666666666,3.95,0.0,0.0037037037037037034,1.7556548068896944,183.29524154805554,3686.384746222994,3369.8647842090577,18.633800843,-0.04485668493565251,4.498865421926858,278.6388888888889,130.21678374813385,0.46733169324422474,0.42777777777777776,14,0.09444444444444444,12,0.12222222222222222,180,0.25316455696202533,0.1,5,0,1,0.000532616631301207,1.0,1,1,-0.7079434276377535,0.8926654740608229
mixing_01880,0.964889097222222,0.9640073742777777,0.004814466732358216,0.007422468413732215,-0.0006176613405043358,0.6780804136456587,2.913115077537704,0.5215869311551925,0.9951855332676419,180,4.372222222222222,4.761111111111111,0.9183197199533255,787,857,4.761111111111111,4.372222222222222,0.0,0.0,1.790810873709402,177.92430517833333,3578.3659142038377,3248.165709763288,29.292883244,-0.048370127413056574,4.475092862246408,275.99444444444447,129.61362855191405,0.4696240491826431,0.39444444444444443,14,0.12222222222222222,12,0.1111111111111111,180,0.22871664548919948,0.1,5,0,1,0.0004944134884660912,1.0,1,1,-0.753904430909284,0.9013157894736842
mixing_01882,1.117730763111111,1.1169284487222222,0.00464316461684928,0.007928683334841542,-0.00038869427987489315,0.6997437802993625,3.0704336081034262,0.49373433583959897,0.9953568353831508,180,4.227777777777778,4.433333333333334,0.9536340852130325,761,798,4.433333333333334,4.227777777777778,0.0,0.0,1.6888164448285194,188.67887442444444,3794.6589269763463,3439.5257086719935,42.283492959,-0.0490909806966138,4.469315994886461,271.05555555555554,131.13159078971623,0.48378123267368156,0.5,14,0.10555555555555556,12,0.11666666666666667,180,0.23653088042049936,0.12222222222222222,5,0,1,0.0005158183181345046,1.0,1,1,-0.7540674370813432,0.8964922369177688
mixing_01883,0.9434319320555556,0.9425733106111112,0.0049974622346279475,0.00802834217680798,0.0025117706548041592,0.7039031734743953,3.145266306358835,0.48595848595848595,0.995002537765372,180,4.061111111111111,4.55,0.8925518925518925,731,819,4.55,4.061111111111111,0.0,0.0,1.7999290881244603,177.0155929136111,3560.0901368111618,3276.0993119295367,7.831889106,-0.0415422695656773,4.512841237708934,285.65,121.69751286230753,0.42603715337758635,0.4388888888888889,14,0.1,12,0.14444444444444443,180,0.24623803009575923,0.1,5,0,1,0.0005181918780945249,1.0,1,1,-0.7326923818421172,0.8959537572254336
mixing_01884,0.9737421350555555,0.9728626920555554,0.005809823105077179,0.009786067154358497,-0.0009666146959165405,0.7210582609053402,2.9154566257959242,0.4744958481613286,0.9941901768949228,180,4.35,4.683333333333334,0.9288256227758006,783,843,4.683333333333334,4.35,0.0,0.0,1.7784173587258525,190.96769971472222,3840.6911674519497,3693.6786566288797,5.0140971,-0.019512250427792754,4.463609757991707,265.1222222222222,134.4191998604497,0.5070084232614087,0.45555555555555555,14,0.1111111111111111,12,0.13333333333333333,180,0.22988505747126436,0.13333333333333333,5,0,1,0.00049879901712666,1.0,1,1,-0.7403321044891625,0.9003322259136213
mixing_01885,0.9722847835555557,0.9713774070555558,0.00484634065419243,0.008790981145771109,-0.000675869721874132,0.6606126324592639,3.100797919046136,0.5338345864661654,0.9951536593458075,180,4.088888888888889,4.433333333333334,0.9223057644110274,736,798,4.433333333333334,4.088888888888889,0.0,0.0018518518518518517,1.7566001141017036,201.95950522694446,4061.755412385542,3853.4270615081823,11.494665615,-0.02632009452270739,4.478586061425327,278.80555555555554,124.10263805992462,0.4451225436043924,0.49444444444444446,14,0.12222222222222222,12,0.12222222222222222,180,0.24456521739130435,0.15,5,0,1,0.000522464972027348,1.0,1,1,-0.7198332081288353,0.8949824970828472
mixing_01887,1.0317491939999999,1.0308757444444445,0.005242751683480806,0.008580074500024721,0.0006643041955615912,0.7324629562712871,3.0477224815615496,0.4610705596107056,0.994757248316519,180,4.083333333333333,4.566666666666666,0.8941605839416058,735,822,4.566666666666666,4.083333333333333,0.0,0.0,1.583165907188706,181.42521893361112,3648.7753528556646,3620.3020319189177,6.629294181,-0.003917047436636944,4.466944304199156,288.97222222222223,134.2410668482402,0.4645466121827018,0.5,14,0.1,12,0.11666666666666667,180,0.24489795918367346,0.10555555555555556,5,0,1,0.0005163439268403334,1.0,1,1,-0.7360958916483111,0.8963730569948186
mixing_01890,0.9126286919444445,0.9118620383888889,0.004642695634952338,0.007922212991426274,0.0028444315783306066,0.7399023734314596,3.175775241096188,0.4943109987357775,0.9953573043650477,180,4.061111111111111,4.394444444444445,0.9241466498103665,731,791,4.394444444444445,4.061111111111111,0.0,0.0037037037037037034,1.7514510422209804,175.23811443944444,3524.3419663803743,3226.258562500279,3.110675619,-0.044156575789787086,4.49755835298711,271.85,141.29182428201057,0.5197418586794577,0.48333333333333334,14,0.10555555555555556,12,0.11666666666666667,180,0.24623803009575923,0.10555555555555556,5,0,1,0.0005257155015609122,1.0,1,1,-0.7133864182890106,0.8942420681551116
mixing_01891,1.6939499392777777,1.6930932320555554,0.005700275166659666,0.009083402176849411,0.02658707650807124,0.8362326616973377,2.9438354122472528,0.4580801944106926,0.9942997248333403,180,4.216666666666667,4.572222222222222,0.9222357229647632,759,823,4.572222222222222,4.216666666666667,0.0,0.0,1.702698609974231,183.74573002833333,3695.444849734279,3692.1966349731583,24.877342902,-0.00043968224065078185,4.4642097754167835,268.26666666666665,145.93809814993517,0.5440038449923031,0.4888888888888889,14,0.10555555555555556,12,0.1111111111111111,180,0.23715415019762845,0.09444444444444444,5,0,1,0.0005098485859275345,1.0,1,1,-0.7475646257400264,0.8978433598183881
mixing_01892,1.2412019229444444,1.240348679388889,0.005560276677774627,0.009278529623288472,-0.007609706356976038,0.7755919483448348,2.8035017578609933,0.5528554070473876,0.9944397233222253,180,4.444444444444445,4.572222222222222,0.9720534629404618,800,823,4.572222222222222,4.444444444444445,0.0,0.0,1.779381351458248,183.46603657388889,3689.8197299830276,3375.511562162705,4.167328882,-0.04448597734825645,4.5110312882661585,280.6777777777778,130.42867249788014,0.46469183820154436,0.38333333333333336,14,0.10555555555555556,12,0.14444444444444443,180,0.225,0.1111111111111111,5,0,1,0.0004995373969761829,1.0,1,1,-0.7474636582948314,0.9001663893510815
mixing_01893,0.9084319677777777,0.9075662358888886,0.004694201511077467,0.008242970724305557,-0.0003268562995154176,0.717267753891282,3.1139527873498376,0.5285171102661597,0.9953057984889224,180,4.122222222222222,4.383333333333334,0.9404309252217996,742,789,4.383333333333334,4.122222222222222,0.0,0.0,1.6853251949666914,179.43920161694444,3608.8331051473247,3558.376647400862,39.410168247,-0.00703990248485801,4.529043921673089,279.77777777777777,128.5068333098464,0.459317513815972,0.4888888888888889,14,0.11666666666666667,12,0.12777777777777777,180,0.24258760107816713,0.09444444444444444,5,0,1,0.0005232738968012277,1.0,1,1,-0.7312339341414645,0.8947983635300993
mixing_01896,0.8616303738888889,0.8607899143333333,0.00505891059221903,0.008591554672197785,-0.001036340713046698,0.7212471711154281,3.153956915393119,0.4657534246575342,0.994941089407781,180,3.988888888888889,4.461111111111111,0.8941469489414695,718,803,4.461111111111111,3.988888888888889,0.0,0.0,1.766252830802717,171.85021292777776,3456.205399669849,3258.8580575301507,16.381733384,-0.02938875312162529,4.514560212866096,270.2388888888889,126.70391138701957,0.468858911861183,0.4444444444444444,14,0.11666666666666667,12,0.1111111111111111,180,0.25069637883008355,0.07777777777777778,5,0,1,0.0005259881730469966,1.0,1,1,-0.7169825997322625,0.8941798941798942
mixing_01898,1.1952117082222224,1.1944290986666666,0.004969509113561701,0.008794384230269011,-0.0003558383814726772,0.7788111994993597,3.0673701923170498,0.4883720930232558,0.9950304908864384,180,4.0055555555555555,4.3,0.9315245478036176,721,774,4.3,4.0055555555555555,0.0,0.0,1.6586759381313574,192.83931035527777,3878.33249876643,3883.3658619669673,23.926296371,0.0006484873498822267,4.50052892932217,283.8611111111111,120.6494420404849,0.42502983789582705,0.4888888888888889,14,0.09444444444444444,12,0.11666666666666667,180,0.24965325936199723,0.10555555555555556,5,0,1,0.0005331764118475722,1.0,1,1,-0.7145309832652531,0.8925373134328358
mixing_01900,0.8663096013888888,0.8655088453333333,0.0056316972340340705,0.009358413089861085,-0.00034912927711760756,0.6835969270003309,3.111177483512276,0.43116883116883115,0.994368302765966,180,3.761111111111111,4.277777777777778,0.8792207792207792,677,770,4.277777777777778,3.761111111111111,0.0,0.0,1.635937735112365,189.53018838666668,3811.7803250959823,4227.939669102405,4.00130927,0.05176291516454938,4.476636087644843,267.7388888888889,126.41402951845863,0.4721541575191948,0.4777777777777778,14,0.1111111111111111,12,0.12777777777777777,180,0.2658788774002954,0.13333333333333333,5,0,1,0.0005469661334597366,1.0,1,1,-0.6975256603562608,0.8893669330055316
mixing_01901,1.5721073973888886,1.5711986195555556,0.005134094172588463,0.008801611114770765,-0.005516080771484715,0.7924122670516612,2.9356737253678036,0.49588719153936545,0.9948659058274115,180,4.3,4.727777777777778,0.9095182138660399,774,851,4.727777777777778,4.3,0.0,0.0,1.6626466261929245,180.8821914622222,3637.854129969118,3629.071928277184,17.995079546,-0.001208516726541921,4.455499269770112,259.69444444444446,140.5320336540031,0.5411437813182277,0.49444444444444446,14,0.1,12,0.11666666666666667,180,0.23255813953488372,0.1,5,0,1,0.0004990449048282978,1.0,1,1,-0.750245910217532,0.9002770083102493
mixing_01903,0.7046249863333334,0.7037315972222221,0.005551144740552263,0.008827516274443828,-0.000625876238278959,0.6699622331156325,2.885486453466466,0.4502551020408163,0.9944488552594477,180,4.061111111111111,4.355555555555555,0.9323979591836735,731,784,4.355555555555555,4.061111111111111,0.0,0.0037037037037037034,1.7122152582017365,195.8790909663889,3939.467751280017,4080.9911134511003,19.546631974,0.01764529493361196,4.5237972585086705,278.22222222222223,132.97311676705047,0.4779385187314114,0.39444444444444443,14,0.1,12,0.10555555555555556,180,0.24623803009575923,0.12777777777777777,5,0,1,0.0005276300529719677,1.0,1,1,-0.7141116228632919,0.8938053097345132
mixing_01904,0.8341699182777779,0.8334391388888889,0.004902283683942106,0.008921683294311734,0.000948781624124201,0.682930470162274,3.07925186508941,0.4656992084432718,0.9950977163160579,180,3.9166666666666665,4.211111111111111,0.9300791556728232,705,758,4.211111111111111,3.9166666666666665,0.0,0.0,1.7937092611682062,155.75035686333334,3132.4094117782515,2506.4293464533057,36.100701949,-0.11101223002894742,4.4938713311857175,262.9111111111111,137.08926622810282,0.5214281954411822,0.4222222222222222,14,0.1,12,0.12222222222222222,180,0.2553191489361702,0.07222222222222222,5,0,1,0.0005422925147323418,1.0,1,1,-0.7044610800171585,0.8904443091905052
mixing_01905,0.9630933217222223,0.9622469147777778,0.0057235469612899135,0.009544594699303884,0.00026561058567651266,0.7191982282709816,3.0445852885209335,0.4090909090909091,0.9942764530387099,180,3.861111111111111,4.4,0.8775252525252525,695,792,4.4,3.861111111111111,0.0,0.0018518518518518517,1.7805606345493408,190.59085160249998,3833.112099272799,3654.9631199340297,50.861401594,-0.0237910242784179,4.5033168370322745,280.26666666666665,130.0936319449407,0.4641780397654878,0.5055555555555555,14,0.12222222222222222,12,0.10555555555555556,180,0.2589928057553957,0.09444444444444444,5,0,1,0.0005354271282598222,1.0,1,1,-0.7219643181803783,0.8920215956808638
mixing_01909,0.8298019145,0.8288251328333334,0.007008586988144813,0.010060490430054499,0.00011457804367418734,0.7295007992533911,3.089482656475822,0.38869257950530034,0.9929914130118552,180,4.2444444444444445,4.716666666666667,0.8998822143698468,764,849,4.716666666666667,4.2444444444444445,0.0,0.0018518518518518517,1.7802308541021454,184.2133258625,3704.849011760944,3605.728870132817,8.804018086,-0.013558455053685914,4.506765771432263,298.1111111111111,132.29283958922252,0.4437702408881859,0.4111111111111111,14,0.12222222222222222,12,0.1111111111111111,180,0.2356020942408377,0.12222222222222222,5,0,1,0.0005020142817305394,1.0,1,1,-0.7404516273992175,0.8996095928611266
mixing_01910,0.9598654868333333,0.9589615112222223,0.005500642854719877,0.00968036770646183,0.0012955136331779802,0.6657286555568374,3.0392561229092543,0.5287769784172662,0.9944993571452801,180,4.216666666666667,4.633333333333334,0.9100719424460431,759,834,4.633333333333334,4.216666666666667,0.0,0.0018518518518518517,1.7935022866751738,178.06330288638887,3581.16139883276,3528.6243398030547,17.108211362,-0.007389401166368446,4.462870250652857,282.27222222222224,135.3860538668083,0.47962939038409524,0.39444444444444443,14,0.1111111111111111,12,0.09444444444444444,180,0.23715415019762845,0.11666666666666667,5,0,1,0.0005070412851921027,1.0,1,1,-0.7467827699376689,0.8984771573604061
mixing_01911,0.9479828190555556,0.9471301421666667,0.0043296281189184604,0.007020203468519072,-0.003772124483626038,0.6930288420563747,3.221677950695162,0.4598108747044917,0.9956703718810814,180,4.0,4.7,0.851063829787234,720,846,4.7,4.0,0.0,0.0,1.7022272112242065,204.8628961536111,4120.147632141553,3733.81239340567,29.758860915,-0.04918986568294449,4.473715971041987,260.89444444444445,130.94830304178072,0.5019206266374339,0.4722222222222222,14,0.12222222222222222,12,0.12222222222222222,180,0.25,0.08888888888888889,5,0,1,0.0005139869435500546,1.0,1,1,-0.7389113030958271,0.8969072164948454
mixing_01912,0.8863302953333333,0.8854585548333335,0.006060130586906675,0.009776090920995599,0.002856692696101731,0.7083344446212843,2.9996104804451638,0.464327485380117,0.9939398694130932,180,4.233333333333333,4.75,0.8912280701754386,762,855,4.75,4.233333333333333,0.0,0.0018518518518518517,1.6856184816702018,183.23633616833334,3685.200057019688,3723.081719188513,49.507928566,0.005113420805682995,4.472355007087794,297.27777777777777,133.62927352806156,0.44950979695479504,0.37222222222222223,14,0.09444444444444444,12,0.12777777777777777,180,0.23622047244094488,0.12777777777777777,5,0,1,0.0005010206320110354,1.0,1,1,-0.7410354362393257,0.8998330550918197
mixing_01913,1.0209407331666667,1.020102455111111,0.005103738609376478,0.00845500494887715,-0.0022554794889965706,0.740445614457015,2.7003596326664963,0.4839108910891089,0.9948962613906234,180,4.027777777777778,4.488888888888889,0.8972772277227723,725,808,4.488888888888889,4.027777777777778,0.0,0.0,1.7314849438848012,165.26807720916665,3323.827251135486,3298.672102302454,14.083557688,-0.0037984373407259904,4.524571067377407,288.2111111111111,130.62398544745727,0.4532232811700973,0.4722222222222222,14,0.1111111111111111,12,0.11666666666666667,180,0.2482758620689655,0.08333333333333333,5,0,1,0.0005227343404749824,1.0,1,1,-0.7216083034751056,0.8949211908931699
mixing_01915,0.8280904073333334,0.8271635546111112,0.0064315308228651774,0.009158519558480726,0.0007908023577785317,0.7073496260484375,3.18227615353591,0.42505854800936765,0.9935684691771349,180,4.2555555555555555,4.7444444444444445,0.8969555035128806,766,854,4.7444444444444445,4.2555555555555555,0.0,0.0018518518518518517,1.6276273250756894,165.6810918061111,3332.133689957201,3310.0839350351157,0.478514824,-0.003319637531766496,4.5188639133761335,281.8722222222222,132.7885718376269,0.47109491950199744,0.3888888888888889,14,0.10555555555555556,12,0.12222222222222222,180,0.2349869451697128,0.07222222222222222,5,0,1,0.0005002779321845469,1.0,1,1,-0.7486748218174395,0.9
mixing_01916,0.8675596239444444,0.8668098256111111,0.005442740982845985,0.00932538221994803,0.0013630475345844009,0.7323183260104781,3.1430474173747283,0.40533672172808133,0.994557259017154,180,3.8722222222222222,4.372222222222222,0.8856416772554003,697,787,4.372222222222222,3.8722222222222222,0.0,0.0018518518518518517,1.814786678641664,165.58478066194445,3330.1967060509496,2979.7968480775285,9.419744634,-0.05553093754654677,4.510227646564324,281.65555555555557,124.27511929676811,0.4412308468463896,0.4111111111111111,14,0.1,12,0.12777777777777777,180,0.2582496413199426,0.10555555555555556,5,0,1,0.0005362759609602665,1.0,1,1,-0.6920411688014112,0.8918269230769231
mixing_01917,0.9742924337777777,0.9735053994444444,0.005447839816737564,0.008942583797224695,0.0007231551255697188,0.7699175388374988,3.178404323881937,0.3944591029023747,0.9945521601832624,180,4.033333333333333,4.211111111111111,0.9577836411609498,726,758,4.211111111111111,4.033333333333333,0.0,0.0,1.6788437951684314,175.88920433472222,3537.4365117603297,3689.578463411509,9.879099225,0.021051838438671793,4.522208326102948,289.45,125.25492552676354,0.4327342391665695,0.48333333333333334,14,0.11666666666666667,12,0.1111111111111111,180,0.24793388429752067,0.08888888888888889,5,0,1,0.0005362759609602665,1.0,1,1,-0.7186819660571948,0.8918269230769231
mixing_01918,1.186525276611111,1.1857346741666666,0.005556522554582706,0.009600738431056475,0.004257277901961994,0.7383177023095947,3.1281136021126734,0.44539877300613495,0.9944434774454174,180,4.061111111111111,4.527777777777778,0.8969325153374232,731,815,4.527777777777778,4.061111111111111,0.0,0.0,1.6839238284135467,189.90217779722224,3819.2616763700844,3721.7834165773825,18.997602494,-0.01292635948880156,4.457819991986992,278.2611111111111,132.27803644646696,0.4753737808286392,0.39444444444444443,14,0.1111111111111111,12,0.1111111111111111,180,0.24623803009575923,0.08333333333333333,5,0,1,0.0005192536987589635,1.0,1,1,-0.7196209862635707,0.895712630359212
mixing_01920,1.0093754530555556,1.008567875111111,0.006214021687177484,0.00937234635714541,-0.005655190840910728,0.7635530373612972,3.0799203560368884,0.43896103896103894,0.9937859783128226,180,3.9,4.277777777777778,0.9116883116883117,702,770,4.277777777777778,3.9,0.0,0.0,1.7098403879922432,161.96763943805556,3257.4497317204136,3057.088159915089,2.706015224,-0.031730203420068465,4.510049730664285,275.80555555555554,123.71918541791227,0.44857394249620725,0.4166666666666667,14,0.1,12,0.12222222222222222,180,0.2564102564102564,0.12222222222222222,5,0,1,0.0005396978571941871,1.0,1,1,-0.7052790279187946,0.8910411622276029
mixing_01921,1.0577076152222222,1.056877594111111,0.005503565431798058,0.008590590234393842,0.0035455835895140796,0.7689885972383178,3.072296064023671,0.4057071960297767,0.9944964345682019,180,3.9611111111111112,4.477777777777778,0.8846153846153846,713,806,4.477777777777778,3.9611111111111112,0.0,0.0,1.7060099361785779,196.24387824722223,3946.8042552524803,3812.7352791052117,9.925547422,-0.01727795516133888,4.479247375284534,277.19444444444446,137.00826126958262,0.4942677027462646,0.4777777777777778,14,0.08888888888888889,12,0.11666666666666667,180,0.25245441795231416,0.1,5,0,1,0.0005265343502136294,1.0,1,1,-0.714567299061605,0.8940553266627428
mixing_01922,1.0269562205555556,1.0261026879444444,0.004779021705883365,0.008859309532800412,-0.00045968944534296384,0.6743569870694633,3.1640012142930067,0.5201005025125628,0.9952209782941168,180,3.95,4.4222222222222225,0.8932160804020101,711,796,4.4222222222222225,3.95,0.0,0.0,1.73167135539796,169.43757155111112,3407.6830032654575,3711.158840305511,1.052121489,0.042629945110260165,4.4958572360228946,279.6333333333333,124.5506739887884,0.44540710688564217,0.43333333333333335,14,0.1388888888888889,12,0.13333333333333333,180,0.25316455696202533,0.07777777777777778,5,0,1,0.0005298349460426217,1.0,1,1,-0.7161195200748819,0.8933017190278602
mixing_01923,0.8688192830000001,0.8679038261111113,0.006038881707470035,0.01094349062711713,0.0011257374404765577,0.6884169103535432,2.851555616850057,0.48068181818181815,0.99396111829253,180,4.377777777777778,4.888888888888889,0.8954545454545455,788,880,4.888888888888889,4.377777777777778,0.0,0.0018518518518518517,1.8351044388096365,185.69573275472223,3734.662781664766,3421.6231643663987,21.976042816,-0.043743307584289216,4.47685422706974,270.31666666666666,131.85464635485218,0.48777845621130345,0.4888888888888889,14,0.09444444444444444,12,0.10555555555555556,180,0.22842639593908629,0.1,5,0,1,0.0004886829467230117,1.0,1,1,-0.7675302136506583,0.9025974025974026
mixing_01924,0.9695569521666667,0.9687310679999999,0.0052611301301996646,0.009051535014267238,-0.0010215762148008689,0.7231436634575328,3.1125608253479444,0.4316807738814994,0.9947388698698003,180,4.044444444444444,4.594444444444444,0.8802902055622733,728,827,4.594444444444444,4.044444444444444,0.0,0.0,1.6918877874713163,181.83629110916667,3657.0427262192284,3936.0379035410833,0.658540543,0.036743344490293116,4.470899042789945,269.65555555555557,126.95696372926709,0.47081160062771593,0.45,14,0.12222222222222222,12,0.12222222222222222,180,0.24725274725274726,0.06111111111111111,5,0,1,0.0005168705895648648,1.0,1,1,-0.7447395047782861,0.8962536023054755
mixing_01927,1.0702499529444442,1.0693729091666666,0.004373709211243789,0.00779457979174429,-0.0036062718832988684,0.6752858227701709,3.0324867941663736,0.5037878787878788,0.9956262907887562,180,4.016666666666667,4.4,0.9128787878787878,723,792,4.4,4.016666666666667,0.0,0.0018518518518518517,1.6618083489812607,175.13342483916665,3522.2364772141673,3580.350198175043,5.29548191,0.00818205023280353,4.514117188237503,271.5111111111111,135.03467334112796,0.4973449255484333,0.45555555555555555,14,0.10555555555555556,12,0.10555555555555556,180,0.24896265560165975,0.06666666666666667,5,0,1,0.0005276300529719677,1.0,1,1,-0.7191123992522823,0.8938053097345132
mixing_01931,1.0112634664444444,1.0104062000555556,0.004581131118946655,0.00815706139240688,0.0013300537905593798,0.700340234532301,3.033446009092579,0.49261083743842365,0.9954188688810534,180,4.011111111111111,4.511111111111111,0.8891625615763546,722,812,4.511111111111111,4.011111111111111,0.0,0.0037037037037037034,1.745306523150117,169.4448067811111,3407.8285162732623,3592.466774076343,15.357515432,0.026375781327055932,4.497793433498433,285.4555555555556,126.67123337842503,0.44375115815103544,0.40555555555555556,14,0.11666666666666667,12,0.16111111111111112,180,0.24930747922437674,0.10555555555555556,5,0,1,0.000522464972027348,1.0,1,1,-0.7287159193352051,0.8949824970828472
mixing_01934,0.7763952438333332,0.7756341515555556,0.005306348294868597,0.009077188846446843,-0.004913391441340782,0.7182302348021199,3.2494200579515877,0.4647887323943662,0.9946936517051316,180,3.816666666666667,4.338888888888889,0.8796414852752882,687,781,4.338888888888889,3.816666666666667,0.0,0.0037037037037037034,1.582112410477808,167.1448594411111,3361.5725921153407,3471.547198004047,19.811180882,0.016094347716211307,4.4705061265428,277.9888888888889,131.45039589048076,0.4728620500476945,0.37222222222222223,14,0.10555555555555556,12,0.11666666666666667,180,0.26200873362445415,0.09444444444444444,5,0,1,0.0005408480261257597,1.0,1,1,-0.699621458713385,0.8907766990291263
mixing_01939,1.0839964780555555,1.0831625016666668,0.00582997403470697,0.009085369344481268,0.0006944270391267225,0.7582367209427261,3.0535348272012297,0.4088200238379023,0.994170025965293,180,4.072222222222222,4.661111111111111,0.8736591179976161,733,839,4.661111111111111,4.072222222222222,0.0,0.0,1.7101217935714894,191.00226134777776,3841.3862617477935,3559.7737210856885,21.061932657,-0.038049784265613396,4.490277510817107,293.3833333333333,132.05988463001026,0.4501274258819869,0.4444444444444444,14,0.11666666666666667,12,0.12777777777777777,180,0.24556616643929058,0.13333333333333333,5,0,1,0.0005124273409323831,1.0,1,1,-0.7402638545376165,0.8972602739726028
mixing_01942,0.9812590521111111,0.9803974814444445,0.004635899778047115,0.007382997659409706,0.0009553898798111049,0.6844791277319492,3.1447361271436334,0.5099255583126551,0.995364100221953,180,4.127777777777778,4.477777777777778,0.9218362282878413,743,806,4.477777777777778,4.127777777777778,0.0,0.0,1.6552537240146385,178.05938335500002,3581.082570269341,3537.870509986764,21.957161014,-0.0060700021190507065,4.517340252055203,272.65,131.40463649209687,0.48195355397798234,0.4,14,0.10555555555555556,12,0.12777777777777777,180,0.24226110363391656,0.15555555555555556,5,0,1,0.0005184569329306171,1.0,1,1,-0.7210336934452923,0.8958935801041065
mixing_01943,0.739221632388889,0.7383250906666666,0.007106451059199916,0.01113843088961033,-0.0010777461078839883,0.7109702043052627,2.9943561255350417,0.44072164948453607,0.9928935489408001,180,4.033333333333333,4.311111111111111,0.9355670103092784,726,776,4.311111111111111,4.033333333333333,0.0,0.0018518518518518517,1.8078116555833321,189.1558970897222,3804.25267890186,3454.978983263231,36.909264814,-0.04811441649658785,4.497357154648641,282.02777777777777,131.12258883310957,0.4649279225836644,0.4444444444444444,14,0.08888888888888889,12,0.12777777777777777,180,0.24793388429752067,0.14444444444444443,5,0,1,0.000531222214284148,1.0,1,1,-0.7235060320452602,0.8929845422116528
mixing_01945,0.7243403962222222,0.7234399524444446,0.005346348856091657,0.008332941760393332,0.0011323769732810671,0.6922120447573679,3.121492328223904,0.4371184371184371,0.9946536511439084,180,4.044444444444444,4.55,0.8888888888888888,728,819,4.55,4.044444444444444,0.0,0.0037037037037037034,1.6626466261929245,177.73300830222223,3574.518602729101,3586.641228230156,56.491049207,0.001692829902866564,4.459716439937076,279.80555555555554,137.08766909989646,0.48993905366785195,0.4222222222222222,14,0.1111111111111111,12,0.1111111111111111,180,0.24725274725274726,0.13333333333333333,5,0,1,0.0005189878428691339,1.0,1,1,-0.7288313707317144,0.8957730167921251
mixing_01946,1.0249087009444444,1.0240394466111111,0.004554003734370105,0.008059759190305125,0.0021780315040690556,0.6582954713959002,3.0767871673735203,0.5043263288009888,0.9954459962656298,180,4.055555555555555,4.4944444444444445,0.9023485784919654,730,809,4.4944444444444445,4.055555555555555,0.0,0.0,1.659727546833349,189.0785225386111,3802.696542680111,3692.7551447108085,51.797485864,-0.01466774819644952,4.513208245119581,278.0777777777778,126.67961856746045,0.45555462784478523,0.40555555555555556,14,0.09444444444444444,12,0.12222222222222222,180,0.2465753424657534,0.08333333333333333,5,0,1,0.000521122210777173,1.0,1,1,-0.7188077617185205,0.8952879581151832
mixing_01947,1.066558936611111,1.0656780058888888,0.005480360857637139,0.00948153351652045,-0.0011989770499295242,0.6910833068576756,3.011804327858424,0.5375446960667462,0.9945196391423627,180,4.466666666666667,4.661111111111111,0.9582836710369487,804,839,4.661111111111111,4.466666666666667,0.0,0.0018518518518518517,1.7064175404808921,194.5059856263889,3911.8522248888103,3635.641939612451,11.051714235,-0.0365962900078123,4.493332602828304,284.8388888888889,131.86458958941685,0.4629444739929986,0.4166666666666667,14,0.1,12,0.1388888888888889,180,0.22388059701492538,0.1,5,0,1,0.0004946551353512533,1.0,1,1,-0.7549736943245419,0.9012616566099836
mixing_01949,0.9513990198333333,0.9505225992777778,0.005326084193354488,0.008934234765754893,0.0017538355472391115,0.6901651313860574,3.0949353344571127,0.4810951760104302,0.9946739158066458,180,3.8777777777777778,4.261111111111111,0.910039113428944,698,767,4.261111111111111,3.8777777777777778,0.0,0.0,1.6702520790828843,167.05884997527778,3359.8427928024917,3267.186447657712,6.378314043,-0.013981580853617183,4.50920790528631,272.6722222222222,122.256339843403,0.44836374914554594,0.4,14,0.11666666666666667,12,0.12777777777777777,180,0.25787965616045844,0.06111111111111111,5,0,1,0.0005417138124080196,1.0,1,1,-0.7055346704657703,0.8905775075987842
mixing_01951,1.2087868696666666,1.2079390911666665,0.004726112512074895,0.008037185724072676,0.002666998528915501,0.7691884946972393,3.0990784111344314,0.42042755344418054,0.9952738874879251,180,4.066666666666666,4.677777777777778,0.8693586698337291,732,842,4.677777777777778,4.066666666666666,0.0,0.0018518518518518517,1.6434813943872,166.2712138175,3344.0020656089164,3366.8613781316603,34.808392267,0.0034063146589676943,4.502526742718,257.8611111111111,139.02251591637747,0.5391371941171592,0.45555555555555555,14,0.09444444444444444,12,0.11666666666666667,180,0.2459016393442623,0.10555555555555556,5,0,1,0.0005119095396651838,1.0,1,1,-0.7431411138275277,0.8973774230330672
mixing_01953,1.0480286557222223,1.0472849567222224,0.0048171828871474975,0.008801380188196652,-0.0007212087564739647,0.7375909633220475,3.0426745297982762,0.46143617021276595,0.9951828171128525,180,3.9444444444444446,4.177777777777778,0.9441489361702128,710,752,4.177777777777778,3.9444444444444446,0.0,0.0,1.748106743081937,188.12765411833334,3783.5729319896764,3437.3307373603584,2.838363864,-0.04794998112202815,4.47305332386042,291.23333333333335,124.75598976898955,0.42837125936473464,0.42777777777777776,14,0.09444444444444444,12,0.12222222222222222,180,0.2535211267605634,0.10555555555555556,5,0,1,0.0005425823207233046,1.0,1,1,-0.7213463107876924,0.8903775883069428
mixing_01957,0.9394488676666667,0.9387131059999998,0.004073943610466193,0.007702104316871768,0.001083123537763511,0.7193858731458683,2.497780071497472,0.5204359673024523,0.9959260563895337,180,3.9833333333333334,4.0777777777777775,0.9768392370572208,717,734,4.0777777777777775,3.9833333333333334,0.0,0.0018518518518518517,1.6797482599006879,205.39416058472221,4130.83227992157,4067.392818564546,32.097176875,-0.007738194620777012,4.389966487256464,284.80555555555554,128.1753816478948,0.4500452296229604,0.4388888888888889,14,0.11666666666666667,12,0.1,180,0.2510460251046025,0.07222222222222222,5,0,1,0.0005457903427834179,1.0,1,1,-0.7019952222236804,0.8896382587369712
mixing_01961,0.8291851442222221,0.828338976111111,0.0058843383447889615,0.009184218896458068,-0.0006064543505663756,0.7403928831190302,3.190246340721691,0.4024691358024691,0.9941156616552109,180,3.9166666666666665,4.5,0.8703703703703703,705,810,4.5,3.9166666666666665,0.0,0.0,1.7021522484444287,173.29563605944446,3485.275362089503,3183.4467970074775,18.380914073,-0.04526032992247143,4.455836577484814,274.8722222222222,134.35985328142144,0.48880840775826867,0.48333333333333334,14,0.10555555555555556,12,0.11666666666666667,180,0.2553191489361702,0.07777777777777778,5,0,1,0.0005276300529719677,1.0,1,1,-0.7196954363666896,0.8938053097345132
mixing_01962,1.1388998165,1.1380955043333334,0.005019334550455134,0.008932143492120891,-0.006492340284967647,0.7469039222229044,3.0384756162948285,0.45112781954887216,0.9949806654495449,180,4.044444444444444,4.433333333333334,0.9122807017543859,728,798,4.433333333333334,4.044444444444444,0.0,0.0,1.7419743689194187,218.09674306999997,4386.303212583675,4372.002735276289,16.205918795,-0.0016327903355420547,4.483267279195312,273.9888888888889,134.5757243122902,0.4911721962815247,0.4777777777777778,14,0.12222222222222222,12,0.11666666666666667,180,0.24725274725274726,0.08333333333333333,5,0,1,0.0005246275866099638,1.0,1,1,-0.7308583735944714,0.8944900351699883
mixing_01963,1.017246935888889,1.0164456398333332,0.005330271606654505,0.013565043029303584,0.0022301533072317044,0.6987962764381282,3.0578521171858,0.49738903394255873,0.9946697283933456,180,4.011111111111111,4.2555555555555555,0.9425587467362925,722,766,4.2555555555555555,4.011111111111111,0.0,0.0,1.729084507649656,185.8833778022222,3738.436648536324,4373.5223545038825,58.408178818,0.07829005370090512,4.485203157184689,280.9222222222222,127.52243555725063,0.45394214294793167,0.48333333333333334,14,0.1,12,0.12222222222222222,180,0.24930747922437674,0.1111111111111111,5,0,1,0.0005351447696072296,1.0,1,1,-0.713035600351675,0.8920863309352518
mixing_01965,0.9756330122222222,0.9747917322222222,0.004239066718361274,0.007307010177396553,0.002909715572311902,0.7242397961678481,3.093417243553233,0.5150753768844221,0.9957609332816386,180,4.027777777777778,4.4222222222222225,0.9108040201005024,725,796,4.4222222222222225,4.027777777777778,0.0,0.0,1.5997592729331807,183.9864467436111,3700.2860797639332,3517.779215645142,3.627202974,-0.025284734433598386,4.50575452861244,279.8833333333333,132.81920651815284,0.47455203900965703,0.43333333333333335,14,0.1111111111111111,12,0.14444444444444443,180,0.2482758620689655,0.08888888888888889,5,0,1,0.0005259881730469966,1.0,1,1,-0.7135116320844727,0.8941798941798942
mixing_01967,0.7864594554444445,0.7856046288333333,0.005136733336005064,0.00883741546545149,0.0005188870251653859,0.7080349221822623,3.2238442994452847,0.4609004739336493,0.9948632666639949,180,4.022222222222222,4.688888888888889,0.8578199052132701,724,844,4.688888888888889,4.022222222222222,0.0,0.0,1.6993373339018978,149.85465764749998,3013.836690118754,2975.9992995404946,4.449793121,-0.006316932657852641,4.477758700541429,261.0777777777778,131.51550901833812,0.5037407248436154,0.45,14,0.11666666666666667,12,0.12222222222222222,180,0.24861878453038674,0.10555555555555556,5,0,1,0.0005134660398538718,1.0,1,1,-0.7403270111702193,0.897025171624714
mixing_01968,0.7875084892222222,0.7866706633888889,0.005343331324724634,0.008755154478526803,-0.00033616986109653537,0.6640147206603351,3.0683031251451567,0.47322540473225405,0.9946566686752754,180,4.1722222222222225,4.461111111111111,0.9352428393524285,751,803,4.461111111111111,4.1722222222222225,0.0,0.0,1.6598380907734875,177.51856341833331,3570.2057447310785,3607.9657824717956,16.292704947,0.0052603978043181485,4.484372297555154,287.9,126.37640416915754,0.43895937537046736,0.43333333333333335,14,0.10555555555555556,12,0.1111111111111111,180,0.2396804260985353,0.07777777777777778,5,0,1,0.0005171343171530857,1.0,1,1,-0.7515251530236008,0.8961937716262975
mixing_01969,1.1231958515555556,1.1223785663333332,0.004665466809738801,0.007981595511426789,0.0005941888159922633,0.7324338553447695,3.0138513286126822,0.4891826923076923,0.9953345331902611,180,4.138888888888889,4.622222222222222,0.8954326923076925,745,832,4.622222222222222,4.138888888888889,0.0,0.0,1.7516645482143136,168.15638306027776,3381.9160838961957,3322.6319957651444,15.787375911,-0.008842369004839146,4.523988516160593,273.02222222222224,133.5641187036773,0.4892060346463844,0.40555555555555556,14,0.12222222222222222,12,0.11666666666666667,180,0.24161073825503357,0.06666666666666667,5,0,1,0.0005111347645538899,1.0,1,1,-0.7395185375887213,0.8975526465566306
mixing_01972,0.8831368928333335,0.8822078826666667,0.006624257980147927,0.010482696899584662,-0.0009072107115857486,0.6994615733262407,3.0195325354219618,0.4580246913580247,0.9933757420198521,180,4.266666666666667,4.5,0.9481481481481482,768,810,4.5,4.266666666666667,0.0,0.0,1.7183027832726252,189.57366859027778,3812.6547872906085,4095.728935614565,3.26816144,0.03579418478444397,4.449360068959228,281.77777777777777,126.13460733763156,0.4476385907092603,0.43333333333333335,14,0.12777777777777777,12,0.12222222222222222,180,0.234375,0.07777777777777778,5,0,1,0.00051087701849841,1.0,1,1,-0.737965442518041,0.8976109215017065
mixing_01973,0.8302010207222221,0.8293914658333333,0.006259714744679363,0.010400257808091775,-0.0009295488044795617,0.7177378565701324,3.064460289601335,0.45083932853717024,0.9937402852553207,180,4.138888888888889,4.633333333333334,0.8932853717026379,745,834,4.633333333333334,4.138888888888889,0.0,0.0,1.6485527274043812,184.3845783013889,3708.293194892447,3713.7288932785013,17.285194425,0.0007323743208360494,4.511946621721486,270.26666666666665,120.6239180632869,0.4463144476934641,0.46111111111111114,14,0.10555555555555556,12,0.11666666666666667,180,0.24161073825503357,0.07222222222222222,5,0,1,0.0005106195279792984,1.0,1,1,-0.7324094318742674,0.8976691301876066
mixing_01974,0.8921711370000001,0.8913125082777777,0.0056810776180072275,0.008854009303690943,0.0008881826110785316,0.7515048657901513,3.1097535812530483,0.45903614457831327,0.9943189223819928,180,4.161111111111111,4.611111111111111,0.902409638554217,749,830,4.611111111111111,4.161111111111111,0.0,0.0,1.72562005438927,169.90876919750002,3417.1596039763467,3394.5088984460776,4.222276391,-0.0033252800723073705,4.5017507302152175,269.8333333333333,131.47922919418568,0.4872608864515838,0.45555555555555555,14,0.1111111111111111,12,0.10555555555555556,180,0.24032042723631508,0.08888888888888889,5,0,1,0.0005106195279792984,1.0,1,1,-0.7399679381840074,0.8976691301876066
mixing_01977,0.9485285572777779,0.9477157764444444,0.004735668735578882,0.007569146170532917,2.368212809037338e-05,0.6853238670153301,3.179786678322945,0.48119325551232167,0.9952643312644212,180,3.9166666666666665,4.283333333333333,0.914396887159533,705,771,4.283333333333333,3.9166666666666665,0.0,0.0,1.728066683974963,179.81908744166665,3616.4732669855694,3566.271807436964,26.790246134,-0.006989174616174344,4.520896650153363,268.55555555555554,126.17055151469393,0.46981173505678336,0.4722222222222222,14,0.10555555555555556,12,0.1111111111111111,180,0.2553191489361702,0.10555555555555556,5,0,1,0.0005385524760278471,1.0,1,1,-0.7026461315557385,0.8913043478260869
mixing_01984,0.9888065865,0.9880019609999999,0.005017410184736664,0.009172743574325952,0.001224258719837032,0.6952534785905761,3.055059779764351,0.550561797752809,0.9949825898152633,180,4.166666666666667,4.45,0.9363295880149813,750,801,4.45,4.166666666666667,0.0,0.0018518518518518517,1.722369101713514,181.24790752277778,3645.2093133125863,3393.909915716728,1.223839299,-0.03570040361860901,4.433052162344193,284.5388888888889,126.84351701531459,0.4457862245495954,0.4111111111111111,14,0.11666666666666667,12,0.11666666666666667,180,0.24,0.07777777777777778,5,0,1,0.0005179270894901875,1.0,1,1,-0.7227924815934216,0.8960138648180243
mixing_01985,0.9220994718888889,0.9213140836666666,0.003931181954062676,0.007892678190656015,-0.0003978994394477189,0.6879419552652115,3.101610266571749,0.5476190476190477,0.9960688180459373,180,3.933333333333333,4.433333333333334,0.8872180451127819,708,798,4.433333333333334,3.933333333333333,0.0,0.0,1.6247470300772582,179.65575753777776,3613.188419756581,4225.135316597894,25.449787212,0.07807114345163851,4.448934416216675,294.3277777777778,135.4542875975275,0.4602157792248806,0.48333333333333334,14,0.1111111111111111,12,0.10555555555555556,180,0.2542372881355932,0.07222222222222222,5,0,1,0.0005301118303642142,1.0,1,1,-0.7114793193253457,0.8932384341637011
mixing_01986,1.160132337611111,1.159270285611111,0.005801948313679951,0.00960204563045837,-0.001576733603228494,0.7930963186887727,2.976075680919753,0.4963768115942029,0.99419805168632,180,4.15,4.6,0.9021739130434784,747,828,4.6,4.15,0.0,0.0,1.7541828565519026,159.3082906633333,3203.9656222798217,2960.037895295318,1.192940566,-0.039572937667703124,4.530858058768668,289.5111111111111,134.50968227029927,0.4646097407248593,0.5055555555555555,14,0.09444444444444444,12,0.12222222222222222,180,0.24096385542168675,0.09444444444444444,5,0,1,0.0005116510247639096,1.0,1,1,-0.7524986473977991,0.8974358974358975
mixing_01988,0.9138410749444444,0.9128983204444444,0.005379763987207876,0.009817493658192476,-0.0006722503245573418,0.7118970167610108,3.1089859117255716,0.5571245186136072,0.994620236012792,180,4.238888888888889,4.3277777777777775,0.9794608472400514,763,779,4.3277777777777775,4.238888888888889,0.0,0.0,1.6548341177959665,160.83946308666665,3234.760151468994,3174.9400183801786,15.93425965,-0.009332750597322111,4.487669353220081,280.31666666666666,130.61134614962347,0.46594213502452037,0.49444444444444446,14,0.10555555555555556,12,0.13333333333333333,180,0.23591087811271297,0.12222222222222222,5,0,1,0.0005203198043435568,1.0,1,1,-0.7140311614044397,0.8954703832752613
mixing_01989,0.9748058274444444,0.973931283388889,0.005103372489535854,0.008300448683930184,0.004251331393510087,0.6929324462655333,2.964677638835029,0.4597156398104265,0.9948966275104641,180,4.338888888888889,4.688888888888889,0.9253554502369667,781,844,4.688888888888889,4.338888888888889,0.0,0.0,1.7002607128640643,172.53670330194447,3470.011909984536,3108.8807274122523,3.525552463,-0.05489239640718324,4.474123953262798,267.09444444444443,126.41209975068361,0.4732861442087287,0.46111111111111114,14,0.10555555555555556,12,0.1111111111111111,180,0.23047375160051217,0.10555555555555556,5,0,1,0.0004990449048282978,1.0,1,1,-0.7546766793021212,0.9002770083102493
mixing_01991,0.9677691779444444,0.9668591505555556,0.00604890818734624,0.010134940500173452,-0.0020333602534028834,0.722083852067961,3.0629039790642616,0.4251207729468599,0.9939510918126537,180,4.166666666666667,4.6,0.9057971014492755,750,828,4.6,4.166666666666667,0.0,0.0,1.7576820115151641,165.09269357527776,3320.2999825199727,3327.791686683966,27.335554488,0.0011268954365802792,4.431353668371057,271.8333333333333,126.9928296044691,0.4671716601022775,0.49444444444444446,14,0.11666666666666667,12,0.12222222222222222,180,0.24,0.09444444444444444,5,0,1,0.00051087701849841,1.0,1,1,-0.7401260611288113,0.8976109215017065
mixing_01992,1.043682403722222,1.0427479144444445,0.00581737306857356,0.009827107950193533,0.0007806327761556426,0.686728094471011,3.144010196838183,0.5566037735849056,0.9941826269314263,180,4.294444444444444,4.711111111111111,0.9115566037735848,773,848,4.711111111111111,4.294444444444444,0.0,0.0,1.768391953106345,168.33557503333336,3385.5199448096987,3230.6155111080966,45.829704136,-0.023413129119514625,4.496431730701047,274.5722222222222,129.02721684889423,0.4699208674665836,0.40555555555555556,14,0.11666666666666667,12,0.1,180,0.23285899094437257,0.07777777777777778,5,0,1,0.0005000308470602752,1.0,1,1,-0.733144353862259,0.9000555247084953
mixing_01994,1.395554312888889,1.394733314,0.005077897019181402,0.009424053086178082,-0.004022828920172433,0.7457621095998505,3.2156532881966915,0.49940688018979834,0.9949221029808184,180,4.066666666666666,4.683333333333334,0.8683274021352312,732,843,4.683333333333334,4.066666666666666,0.0,0.0037037037037037034,1.6708117331483787,199.65171922694446,4015.341839203537,3998.6779706163416,6.769762194,-0.0020793395802162205,4.521090808930563,268.22222222222223,138.16145342645768,0.515100696287539,0.46111111111111114,14,0.1,12,0.10555555555555556,180,0.2459016393442623,0.1388888888888889,5,0,1,0.0005116510247639096,1.0,1,1,-0.7369550154091951,0.8974358974358975
mixing_01995,0.896492489,0.8956943717777778,0.0055093232573642835,0.008955211363452727,-0.002119232777163904,0.6990904051538184,3.14989664252744,0.5165644171779141,0.9944906767426357,180,4.166666666666667,4.527777777777778,0.9202453987730063,750,815,4.527777777777778,4.166666666666667,0.0,0.0,1.7368994847602304,183.47974882416668,3690.095507078323,3207.6717556054673,0.800892921,-0.06993911697814428,4.4944249585902725,281.6222222222222,130.48051099388016,0.4633175250315322,0.5388888888888889,14,0.1,12,0.12777777777777777,180,0.24,0.1,5,0,1,0.0005142477852842985,1.0,1,1,-0.7233485142838756,0.8968481375358166
mixing_01996,0.9240763061111111,0.9230573463888889,0.005591194421123534,0.00965111363308165,0.00028806972864388786,0.6525173145216218,2.8919169097935726,0.5747126436781609,0.9944088055788765,180,4.594444444444444,4.833333333333333,0.9505747126436781,827,870,4.833333333333333,4.594444444444444,0.0,0.0,1.7750967892584335,184.7108250461111,3714.854581937319,3488.264639992441,56.217217498,-0.03145719721742618,4.48112235785959,266.7611111111111,128.54133799746106,0.4818593589675113,0.5055555555555555,14,0.10555555555555556,12,0.10555555555555556,180,0.21765417170495768,0.1111111111111111,5,0,1,0.0004819308586832184,1.0,1,1,-0.7719022244457439,0.9041022908897176
normal_00006,1.57482752875,1.57461040875,0.00014718529654047998,0.00010492402084237505,0.08558285630952381,0.15387164203938292,1.8799649487198977,0.0,0.9998528147034594,8,1.75,1.125,1.5555555555555556,14,9,1.125,1.75,0.8888888888888888,0.125,1.4056390622252386,4.284251238055556,2203.3292082745716,1729.9124332028562,289.92997474,-0.12036300289292363,2.1556390622223534,274.75,123.12334117809321,0.4481286303115313,0.0,6,0.25,5,0.375,8,0.5714285714285714,0.0,3,0,8,0.045454545454545456,0.6355555555555554,1,1,-0.22537446792760443,1.0
normal_00007,4.0335665325,4.0333886825,5.544247467962e-05,3.595784081697102e-05,-0.771927529285714,0.29562719655727937,1.8565647621237404,0.0,0.9999445575253203,8,1.25,1.875,0.6666666666666666,10,15,1.875,1.25,0.6,0.0625,1.2987949406910706,11.472650142222221,5900.220073218714,5014.411884309002,1373.498706466,-0.08115786151623544,2.749999999989901,231.0,132.38256251161954,0.5730846861974872,0.0,6,0.25,5,0.25,8,0.8,0.0,3,0,3,0.04528985507246377,0.6190476190476191,1,1,-0.28589099071337487,1.0416666666666667
normal_00008,0.407451905,0.407226925,0.003953290179659259,0.008946672563739818,-0.07691390071428571,0.5106961502045644,3.0391486718900866,0.0,0.9960467098203407,8,1.625,1.75,0.9285714285714286,13,14,1.75,1.625,0.7857142857142857,0.1875,1.4056390622252386,5.370512493611112,2761.9778539052854,1349.2295010116927,928.931924322,-0.3436334465601582,2.499999999991344,237.125,113.95793396813455,0.48058169306540666,0.0,7,0.25,6,0.25,8,0.6153846153846154,0.0,5,0,6,0.04891304347826087,0.6095238095238095,1,1,-0.3631314297705341,1.125
normal_00009,0.2069485675,0.20680264125,0.005949865732177425,0.009151320867880081,-0.06074545345238095,0.5712392055068835,3.249999999985573,0.0,0.9940501342678225,8,1.625,2.0,0.8125,13,16,2.0,1.625,0.6875,0.0,0.543564443196711,3.6939317191666667,1899.736312731,1075.5974527482413,599.411520855,-0.2769903899672289,1.905639062223796,232.125,113.8136791929185,0.4903120266792396,0.125,6,0.25,7,0.25,8,0.6153846153846154,0.125,4,0,3,0.04461538461538461,0.6458994708994709,1,1,-0.3800885017128732,1.1153846153846154
normal_00010,0.8844038300000001,0.88417565875,0.0007756893389337036,0.0011801493581778506,0.14696938321428574,0.5415668775366237,3.202819531100356,0.0,0.9992243106610663,8,1.625,2.0,0.8125,13,16,2.0,1.625,0.6875,0.25,1.2987949406910706,9.32319752861111,4794.7873005579995,3697.687749635897,597.713893045,-0.12918490127292798,2.749999999989901,308.25,102.31289543077438,0.3319153136440369,0.125,6,0.25,7,0.25,8,0.6153846153846154,0.125,4,0,8,0.04461538461538461,0.7997354497354496,1,1,-0.33718753012250025,1.1153846153846154
normal_00012,1.3406408062500001,1.3403647575000002,0.00020585604392816853,9.221953394870568e-05,0.022177584047619055,0.10539246627424083,2.1132833342876616,0.0,0.9997941439560718,8,1.5,1.125,1.3333333333333333,12,9,1.125,1.5,0.7777777777777778,0.125,1.2987949406910706,4.319165166944445,2221.284943098143,2615.414103537177,234.915646624,0.08148722023819382,1.9999999999942293,234.125,134.46235532668615,0.5743186559602185,0.0,7,0.25,5,0.375,8,0.6666666666666666,0.125,4,2,8,0.045454545454545456,0.6357142857142858,1,1,-0.21119430154775753,0.9545454545454546
normal_00014,0.69334481125,0.6930933912499999,0.00140702285896954,0.0024301249405461866,-0.19421277821428568,0.563054765065829,3.5766176448899114,0.0,0.9985929771410305,8,1.5,2.375,0.631578947368421,12,19,2.375,1.5,0.47368421052631576,0.0,0.9544340029220797,9.663572249166666,4969.837156814714,2851.550869373061,1385.24232505,-0.27083252746816194,2.749999999989901,202.375,126.57571139158458,0.6254513225031975,0.0,6,0.25,7,0.25,8,0.6666666666666666,0.125,4,0,5,0.035632183908045977,0.7809523809523811,1,1,-0.4847861655637197,1.0333333333333334
normal_00015,2.04192333375,2.04168596375,0.0001426871941582504,0.00011193604013737793,0.15253066107142857,0.24410824655403607,2.7219280948772635,0.0,0.9998573128058417,8,2.25,1.25,1.8,18,10,1.25,2.25,0.8,0.25,1.561278124454805,14.126596133055555,7265.106582769715,5053.966062794146,330.024595957,-0.17948920211715838,2.499999999991344,261.0,148.46933305279867,0.5688480193593819,0.0,6,0.25,6,0.375,8,0.4444444444444444,0.125,3,0,8,0.037037037037037035,0.8147619047619047,1,1,-0.39391929857916774,1.0
normal_00017,2.23141537625,2.23114268375,0.0006173765705238419,0.0011948043874182611,-0.19532176369047627,0.5776977819468762,3.2806390622136963,0.0,0.999382623429476,8,1.75,2.0,0.875,14,16,2.0,1.75,0.8125,0.0,1.2987949406910706,11.044295715555554,5679.9235109718575,3911.6297103379275,714.585333501,-0.18435948379093273,2.749999999989901,303.125,102.34038094236591,0.3376177515624442,0.125,6,0.25,6,0.25,8,0.5714285714285714,0.125,3,2,4,0.05,0.715966386554622,1,1,-0.39666441401095887,1.2
normal_00021,0.67892083625,0.6786955612500001,0.003922319781960537,0.006622667265764246,-0.16608025940476193,0.7240675481874608,3.9132696894905825,0.0,0.9960776802180396,8,1.875,3.125,0.6,15,25,3.125,1.875,0.52,0.0,1.2987949406910706,6.2083393275,3192.860225705143,1984.7239333774978,1052.885383815,-0.2333397691292577,2.499999999991344,240.875,162.1458228174345,0.6731533900049175,0.125,7,0.25,7,0.25,8,0.5333333333333333,0.0,5,0,4,0.03361344537815126,0.8091550424883758,1,1,-0.5515894446590887,1.1428571428571428
normal_00023,2.0170135525,2.01675728375,0.0003877759330458747,0.0006628067130778479,-0.4704550067857142,0.48462528468002486,2.896291529032944,0.0,0.999612224066954,8,1.5,1.75,0.8571428571428571,12,14,1.75,1.5,0.5714285714285714,0.1875,1.4056390622252386,3.9247426300000003,2018.4390669618572,1593.9753752920894,168.51832092,-0.1175013826500278,1.7499999999942293,282.625,120.41587164015026,0.42606234989880676,0.125,6,0.25,6,0.25,8,0.6666666666666666,0.0,3,0,4,0.04,0.658994708994709,1,1,-0.3231151638207479,1.0
normal_00024,0.7090613100000001,0.7088326,0.0005773280195904241,0.0005657321294011288,-0.010221550238095265,0.49687763725878276,2.6105772433215435,0.0,0.9994226719804096,8,1.625,1.75,0.9285714285714286,13,14,1.75,1.625,0.8571428571428571,0.0,1.499999999995672,7.0590036849999995,3630.3447522971437,2561.219109347868,601.05799743,-0.17267457250537407,2.1556390622223534,275.25,160.66269013059627,0.5836973301747367,0.125,6,0.25,5,0.25,8,0.6153846153846154,0.0,4,0,6,0.0533596837944664,0.6,1,1,-0.3785988194242409,1.173913043478261
normal_00026,4.2069556200000005,4.206677698749999,8.636939148281281e-05,6.256792203915752e-05,-0.5590217358333334,0.5711161291608805,3.2841837197618764,0.0,0.9999136306085171,8,1.625,2.5,0.65,13,20,2.5,1.625,0.5,0.0,1.7499999999942293,7.259855056944445,3733.639743580857,2251.303374702591,865.995383535,-0.24767760354310892,2.499999999991344,294.375,147.90628065482161,0.5024417177233855,0.25,8,0.125,5,0.375,8,0.6153846153846154,0.0,3,1,7,0.035483870967741936,0.8099378881987578,1,1,-0.40522410965076455,1.064516129032258
normal_00028,2.204784725,2.20453909,0.0021601540322132226,0.00383197926399911,-0.7319016080952381,0.7524022712652788,3.516027641247476,0.0,0.9978398459677869,8,1.75,2.75,0.6363636363636364,14,22,2.75,1.75,0.45454545454545453,0.0,1.2987949406910706,10.645460949166667,5474.808488267,3451.9535920763815,179.748211006,-0.2266056693327718,2.749999999989901,276.75,187.9663723724463,0.6791919507586136,0.0,5,0.375,5,0.375,8,0.5714285714285714,0.125,3,0,4,0.03208556149732621,0.7666666666666667,1,1,-0.5243788202755698,1.0588235294117647
normal_00029,1.23306625875,1.23278030125,0.0008840986518486276,0.0009295413504981448,-0.39143757511904764,0.6845382521239037,3.413088436408445,0.0,0.9991159013481514,8,1.625,2.75,0.5909090909090909,13,22,2.75,1.625,0.4090909090909091,0.0,1.2987949406910706,7.80532223,4014.165718332857,3997.9364995751926,321.964516853,-0.002025588081164289,1.905639062223796,304.0,114.9123889876855,0.37800127956475493,0.0,8,0.125,7,0.25,8,0.6153846153846154,0.125,3,0,4,0.031194295900178252,0.7723054723054723,1,1,-0.4497124340853612,1.0294117647058822
normal_00032,0.6649974937500001,0.6647724925,0.0024845932020367417,0.005803553286011834,-0.05685370833333334,0.5122658581176618,3.2639334294697635,0.058823529411764705,0.9975154067979632,8,2.0,2.125,0.9411764705882353,16,17,2.125,2.0,0.8823529411764706,0.0,0.9544340029220797,9.272685138888889,4768.809500139142,3507.7204846885325,769.505938321,-0.15236929217466816,2.4056390622209105,169.75,74.42301871253083,0.43842720891034365,0.25,7,0.25,6,0.25,8,0.5,0.25,3,1,6,0.05076923076923077,0.6948853615520282,1,1,-0.4703539451964191,1.2692307692307692
normal_00034,1.06310034125,1.06277791625,0.0009698737897486137,0.0012528094070759796,0.061642604642857146,0.547550179074748,3.2806390622136963,0.0,0.9990301262102514,8,1.5,2.0,0.75,12,16,2.0,1.5,0.5625,0.0,1.905639062223796,6.195916895833333,3186.4715465379995,2056.982770442612,479.727392779,-0.2154092908633925,2.2499999999927867,253.625,124.39216500361151,0.49045703303543225,0.0,4,0.375,7,0.25,8,0.6666666666666666,0.125,4,0,7,0.039886039886039885,0.6842105263157894,1,1,-0.3218358413981579,1.037037037037037
normal_00036,4.722443058750001,4.7223001812500005,6.294305600977331e-05,9.331354581121206e-05,-0.2399977117857143,0.3022310525793834,1.7609640474379105,0.0,0.9999370569439903,8,1.625,1.25,1.3,13,10,1.25,1.625,0.8,0.25,1.7499999999942293,6.020766386666667,3096.3941417974283,3888.6333991329893,253.329038133,0.11341963259174685,2.1556390622223534,253.375,138.38862205501474,0.5461810441243798,0.125,6,0.25,6,0.375,8,0.6153846153846154,0.0,5,0,7,0.045454545454545456,0.5933333333333333,1,1,-0.29571843485408617,1.0
normal_00038,2.0898725975000003,2.08965949375,0.0001585097771091596,0.00018014184993133406,0.23968132797619046,0.48514095632539106,3.2389012565882034,0.0,0.9998414902228908,8,2.0,1.625,1.2307692307692308,16,13,1.625,2.0,0.8461538461538461,0.125,1.4056390622252386,8.127849795,4180.037037468572,4170.664868042115,950.924892016,-0.001122321157251711,1.9999999999927867,344.625,102.31734596691945,0.2968947289573288,0.125,6,0.25,6,0.25,8,0.5,0.125,4,0,7,0.04461538461538461,0.7496472663139329,1,1,-0.3869531089852183,1.1153846153846154
normal_00040,0.8141715300000001,0.81393505,0.00032742008200198054,0.00020273285527594984,0.04786880142857143,0.2979560884495637,2.688721875530768,0.08333333333333333,0.9996725799179981,8,1.625,1.5,1.0833333333333333,13,12,1.5,1.625,0.8333333333333334,0.0,1.2987949406910706,6.338351301388889,3259.723526429858,3252.141950383262,987.116810283,-0.001164270987106773,2.2499999999927867,263.875,117.33400128327192,0.4446575131530911,0.0,7,0.25,7,0.25,8,0.6153846153846154,0.125,5,2,7,0.04940711462450593,0.7,1,1,-0.3386670053338414,1.0869565217391304
normal_00041,0.63658759375,0.6363794325000001,0.0007174267004700935,0.0008332130739219494,-0.07386072357142859,0.5298304465377089,3.2390979179729165,0.16666666666666666,0.9992825732995299,8,1.5,2.25,0.6666666666666666,12,18,2.25,1.5,0.6111111111111112,0.0,1.2987949406910706,7.255419309444445,3731.3585020950004,2320.988192980409,54.06059517,-0.23302867138496244,2.749999999989901,283.375,123.15604213470695,0.4346044715825565,0.0,7,0.25,6,0.375,8,0.6666666666666666,0.0,4,0,3,0.042735042735042736,0.719412166780588,1,1,-0.40824829046386346,1.1111111111111112
normal_00053,2.4081104675,2.40797106625,5.966862980546123e-05,3.948129641083182e-05,-0.37837376845238097,0.4762500980976464,2.842370993165567,0.0,0.9999403313701944,8,1.625,1.75,0.9285714285714286,13,14,1.75,1.625,0.5714285714285714,0.125,1.7499999999942293,2.8225802233333335,1451.6126862944286,1526.780288697168,15.751594745,0.025237637556189692,1.7499999999942293,335.25,141.40089916869087,0.4217774770132464,0.125,6,0.25,6,0.25,8,0.6153846153846154,0.125,4,0,6,0.038461538461538464,0.6962406015037594,1,1,-0.3252126566590376,1.0
normal_00055,0.14286783,0.14263600875,0.002970541318512852,0.0020185644034827793,-0.03753358511904761,0.5052868953710946,3.2483650467350342,0.11764705882352941,0.9970294586814872,8,1.25,2.125,0.5882352941176471,10,17,2.125,1.25,0.5294117647058824,0.0625,1.0612781244548048,2.9156925102777778,1499.4990053164286,1021.2139467696902,394.659125785,-0.1897419768287833,1.7499999999942293,291.5,113.80057745271519,0.39039649211909155,0.125,7,0.25,7,0.25,8,0.8,0.0,3,0,4,0.04153846153846154,0.6743386243386245,1,1,-0.31072706346325807,1.0384615384615385
normal_00057,0.60663700625,0.6063777212500001,0.0007777320271929794,0.000923639666858605,-0.06418704630952382,0.6317135076669095,3.368042422555404,0.0,0.999222267972807,8,1.375,2.625,0.5238095238095238,11,21,2.625,1.375,0.47619047619047616,0.0,1.548794940689628,6.608583757500001,3398.7002182741426,2452.898678714736,56.424565901,-0.1616313004717562,2.499999999991344,253.375,129.15874783713699,0.5097533215081874,0.0,7,0.25,5,0.375,8,0.7272727272727273,0.25,4,0,6,0.0367816091954023,0.7708513708513707,1,1,-0.37341964473725425,1.0666666666666667
normal_00058,0.600271985,0.6000398499999999,0.0007106945586361338,0.0007975034542116777,-0.1360089838095238,0.5451374388281207,3.5351745656185907,0.0,0.9992893054413639,8,1.125,2.625,0.42857142857142855,9,21,2.625,1.125,0.3333333333333333,0.125,0.9999999999971146,6.971623281666667,3585.4062592344285,3270.32446789578,76.345695379,-0.04595889247688423,2.2499999999927867,276.125,130.81987343563014,0.47377047871663247,0.125,8,0.125,6,0.25,8,0.8888888888888888,0.25,3,0,4,0.03225806451612903,0.8012422360248448,1,1,-0.26521925128957025,0.967741935483871
normal_00064,2.0703047212500003,2.0700844700000003,0.00016059080438955502,0.00018349042046072818,0.2340936583333333,0.23181454563220488,2.1971597234169358,0.0,0.9998394091956104,8,1.875,1.125,1.6666666666666667,15,9,1.125,1.875,0.8888888888888888,0.0,1.561278124454805,4.180869803333334,2150.1616132685713,1789.8084693485032,44.445171799,-0.09146088329703969,1.905639062223796,234.5,89.19801407142266,0.38037532653058703,0.125,6,0.25,6,0.25,8,0.5333333333333333,0.0,5,0,8,0.043478260869565216,0.6104166666666666,1,1,-0.23998254735844646,1.0
normal_00065,0.54114842125,0.54097772625,0.0004715181650286673,0.0006295432463365395,-0.08985902488095239,0.40925040681460867,2.118078209342496,0.0,0.9995284818349713,8,1.25,1.375,0.9090909090909091,10,11,1.375,1.25,0.7272727272727273,0.0,0.9544340029220797,8.905714418055556,4580.081700828286,3752.1845021339363,33.677175849,-0.09936038750178454,2.499999999991344,227.625,105.49737640610513,0.4634700775666343,0.375,7,0.25,5,0.25,8,0.8,0.125,3,0,5,0.05,0.4256410256410256,1,1,-0.25587720840288175,1.0
normal_00068,0.8899286325,0.88973092,0.0009077461481776718,0.0016788626593973335,-0.2224878766666667,0.5104767502816097,2.789898095452746,0.06666666666666667,0.9990922538518223,8,1.375,1.875,0.7333333333333333,11,15,1.875,1.375,0.6666666666666666,0.125,1.561278124454805,8.309015606944444,4273.208026457572,2841.429471852019,17.830831138,-0.20124406267300862,2.749999999989901,387.875,100.97444867744655,0.2603272927552602,0.125,5,0.25,6,0.25,8,0.7272727272727273,0.0,5,1,4,0.04710144927536232,0.5574404761904762,1,1,-0.34489919273463343,1.0833333333333333
normal_00073,1.2858577875,1.285700985,0.0001967256617968119,0.00021755574761865278,-0.28492869142857147,0.5576681874760921,3.6168746059374666,0.0,0.9998032743382033,8,1.25,2.125,0.5882352941176471,10,17,2.125,1.25,0.5294117647058824,0.0,1.561278124454805,4.123914901111111,2120.8705207025714,873.8153123664773,856.570502439,-0.41642271605434894,2.499999999991344,234.625,87.33177706719522,0.3722185490343962,0.125,7,0.25,6,0.375,8,0.8,0.125,4,0,4,0.04153846153846154,0.5773809523809524,1,1,-0.2995191640317298,1.0384615384615385
normal_00075,6.053528975000001,6.05329251,5.487409396722318e-05,6.299714961319684e-05,-0.19968310357142863,0.39140382135743396,2.125814583685255,0.0,0.9999451259060328,8,2.0,1.5,1.3333333333333333,16,12,1.5,2.0,0.75,0.25,1.4056390622252386,9.279509806944445,4772.319329390714,3636.770938013248,1254.257362362,-0.13503819738731745,2.749999999989901,324.5,145.91484796669207,0.4496605484335657,0.125,5,0.375,6,0.375,8,0.5,0.125,3,0,7,0.039886039886039885,0.7210526315789473,1,1,-0.48304589153964905,1.037037037037037
normal_00076,1.14691210125,1.1467730600000001,0.002006324245780586,0.0035862422408391038,-0.09102859309523807,0.6430658295353108,3.21952828228512,0.0,0.9979936757542194,8,1.75,2.125,0.8235294117647058,14,17,2.125,1.75,0.5882352941176471,0.125,0.9544340029220797,5.321723198888889,2736.8862166778567,2090.603757549918,1014.550593342,-0.1338754637665137,1.905639062223796,316.5,107.42439201596628,0.33941356087193136,0.125,7,0.25,6,0.25,8,0.5714285714285714,0.0,5,0,5,0.038177339901477834,0.6683295540438396,1,1,-0.43396512145498817,1.0689655172413792
normal_00077,2.8840550537499996,2.8837305312500003,0.00013159879422942853,8.599669182955983e-05,-0.07842584464285718,0.40883712491403634,2.8731406795015912,0.07692307692307693,0.9998684012057706,8,1.875,1.625,1.1538461538461537,15,13,1.625,1.875,0.9230769230769231,0.0,1.905639062223796,7.408748152777778,3810.213335855715,4321.465969101143,2.773082455,0.0628717161698423,1.9999999999927867,246.0,120.86946914514256,0.4913393054680592,0.0,7,0.25,6,0.25,8,0.5333333333333333,0.0,4,3,6,0.050724637681159424,0.6749999999999999,1,1,-0.36340836822271344,1.1666666666666667
normal_00085,1.1332816987499998,1.13306700875,0.04067841973241767,0.11281020629277287,-0.24015731226190476,0.6812337766510265,2.9274512249515343,0.0,0.9593215802675823,8,1.0,2.25,0.4444444444444444,8,18,2.25,1.0,0.3888888888888889,0.125,1.499999999995672,6.271888683055556,3225.5427513219997,2176.279759698524,495.579104117,-0.19424240420391875,2.1556390622223534,328.25,131.45314211318257,0.40046654109118834,0.0,6,0.25,7,0.25,8,1.0,0.125,3,2,3,0.037037037037037035,0.5953520164046481,1,1,0.0,0.9629629629629629
normal_00088,0.27948494749999997,0.27916012625,0.0012839161969436569,0.0006671015298396732,-0.005112881071428572,0.3903909435536219,2.950212064901763,0.0,0.9987160838030564,8,2.125,1.75,1.2142857142857142,17,14,1.75,2.125,0.7857142857142857,0.0,1.561278124454805,6.514789238611111,3350.4630370418577,3415.145376242352,1.220899554,0.009560461565214335,2.2499999999927867,273.625,147.39154608437642,0.5386625713453683,0.0,6,0.375,5,0.25,8,0.47058823529411764,0.125,4,0,8,0.041005291005291,0.7816666666666668,1,1,-0.40573258790989813,1.1071428571428572
normal_00094,0.4451969475,0.4449530225,0.0025852132549609628,0.00446477014074699,-0.015024306190476192,0.5411089629612047,2.842370993165567,0.0,0.9974147867450391,8,2.0,1.75,1.1428571428571428,16,14,1.75,2.0,0.9285714285714286,0.0,1.499999999995672,10.539361497222222,5420.243055832715,4189.7068622233755,133.0998205,-0.12804813803423581,2.4056390622209105,286.875,126.90765765480258,0.44237963452654494,0.125,6,0.25,6,0.25,8,0.5,0.25,5,0,5,0.05,0.7154995331465919,1,1,-0.4066224445362502,1.2
normal_00097,1.0588476525,1.05866155125,0.0003173579605290983,0.00035572176204189305,-0.1857408803571429,0.48100462942250205,3.6490012096887017,0.047619047619047616,0.9996826420394709,8,1.875,2.625,0.7142857142857143,15,21,2.625,1.875,0.6666666666666666,0.0,1.548794940689628,10.694717836666667,5500.140601774144,4572.072657124207,708.041070475,-0.09214141130600371,2.499999999991344,245.0,105.09995242624994,0.428979397658163,0.0,5,0.375,6,0.25,8,0.5333333333333333,0.125,4,0,5,0.041379310344827586,0.7248196248196247,1,1,-0.4913021099136226,1.2
normal_00098,6.7901625674999995,6.7899588600000005,5.9901649917702075e-05,5.551488171243771e-05,-1.4086432914285714,0.6673033408114051,3.2810361125375533,0.0,0.9999400983500824,8,1.875,2.25,0.8333333333333334,15,18,2.25,1.875,0.5,0.0,0.9544340029220797,14.515273133055556,7464.997611427428,7392.310650924215,1187.813277331,-0.004892337105732736,2.2499999999927867,277.5,131.5533569099843,0.4740661510269705,0.125,5,0.25,7,0.25,8,0.5333333333333333,0.25,4,0,6,0.03326612903225806,0.8564814814814815,1,1,-0.4938107277695279,1.03125
normal_00099,3.40402576625,3.40382345875,6.126482265270425e-05,5.2227756707522096e-05,0.07521167988095238,0.4673103167981195,2.789898095452746,0.0,0.9999387351773473,8,2.125,1.875,1.1333333333333333,17,15,1.875,2.125,0.4666666666666667,0.0,1.561278124454805,3.4698197716666668,1784.478739778143,1346.504117674886,458.219811846,-0.13988406901069328,1.7499999999942293,219.375,136.88674933264045,0.6239851821430904,0.0,7,0.25,6,0.25,8,0.47058823529411764,0.0,3,0,8,0.030303030303030304,0.8589206349206349,1,1,-0.4751310967331989,0.9696969696969697
normal_00106,8.95573401625,8.95549082625,3.409469018058627e-05,2.3918753378124673e-05,0.860405929404762,0.34769877114779735,2.3553885421988774,0.0,0.9999659053098193,8,1.875,1.5,1.25,15,12,1.5,1.875,0.9166666666666666,0.125,1.4056390622252386,6.100162321666667,3137.226336983857,2777.1011277075995,243.177236657,-0.06089030602823491,2.1556390622223534,292.0,116.96275353413031,0.40055737511688466,0.0,6,0.25,6,0.375,8,0.5333333333333333,0.125,4,0,7,0.04891304347826087,0.7059523809523808,1,1,-0.46231190801652733,1.125
normal_00111,5.83861357,5.8383526625,4.700379815703551e-05,2.8803057056185987e-05,-0.1997538442857141,0.40662288153370224,2.6105772433215435,0.0,0.999952996201843,8,1.375,1.75,0.7857142857142857,11,14,1.75,1.375,0.5714285714285714,0.125,1.4056390622252386,7.565962195555556,3891.066272038143,2407.7288675015348,1167.132934807,-0.2354954196279849,2.499999999991344,276.875,158.23439891502733,0.5715012150429881,0.375,6,0.25,6,0.25,8,0.7272727272727273,0.125,5,0,8,0.041666666666666664,0.6126050420168067,1,1,-0.26507001076683856,1.0
normal_00112,7.590165757499999,7.58986981375,0.00028760687548460607,0.0004100718871174828,-2.6372824567857145,0.7630040467375301,3.265583322871864,0.0,0.9997123931245153,8,1.0,2.75,0.36363636363636365,8,22,2.75,1.0,0.3181818181818182,0.0625,0.8112781244562475,6.919101298888888,3558.3949538175716,3385.448027984427,316.900177905,-0.024906514488647485,2.1556390622223534,273.875,118.51755445623114,0.43274323854397495,0.375,6,0.25,8,0.125,8,1.0,0.25,4,0,4,0.03225806451612903,0.69954200388983,1,1,0.0,0.967741935483871
normal_00113,0.79280001625,0.79255322125,0.0004203748140960596,0.00033244397015581774,-0.125148071547619,0.41799581162661825,3.0708470936080907,0.0,0.9995796251859039,8,1.375,2.375,0.5789473684210527,11,19,2.375,1.375,0.5263157894736842,0.125,1.499999999995672,7.321342440277777,3765.2618264292846,3500.243149489515,166.884297306,-0.03647629143716267,2.1556390622223534,271.0,117.32494558764073,0.4329333785521798,0.0,6,0.25,7,0.25,8,0.7272727272727273,0.0,4,3,4,0.03968253968253968,0.7328571428571429,1,1,-0.3367179121104304,1.0714285714285714
normal_00114,1.18758388,1.18737813375,0.0005584055501164938,0.0006191741919522888,-0.31703183940476193,0.6514775678389111,3.30827083451939,0.0,0.9994415944498836,8,1.625,2.25,0.7222222222222222,13,18,2.25,1.625,0.5555555555555556,0.0,1.499999999995672,2.8923984855555553,1487.519221252857,1425.0616034829204,403.458127914,-0.02144408053486469,1.7499999999942293,325.375,128.37215708355808,0.3945360186970667,0.0,5,0.25,7,0.25,8,0.6153846153846154,0.0,5,0,5,0.038177339901477834,0.8071050642479214,1,1,-0.46349218803379716,1.0689655172413792
normal_00117,1.3766803699999999,1.3764568962500001,0.0004107326018934248,0.00038963197051259215,-0.4253767563095239,0.631211787607675,3.4528195310974708,0.125,0.9995892673981066,8,1.125,2.0,0.5625,9,16,2.0,1.125,0.5,0.125,1.499999999995672,7.249442747222223,3728.2848415005715,1884.395862746724,227.27986467,-0.32852198012235356,2.4056390622209105,276.375,136.1920256738362,0.4927798305701898,0.125,6,0.25,6,0.25,8,0.8888888888888888,0.0,3,0,5,0.041666666666666664,0.6484593837535013,1,1,-0.21743058838350698,1.0
normal_00120,1.9422533562500002,1.9420543912499997,0.0003671500166696688,0.00046359008301313445,-0.493620721547619,0.5493311961527844,3.6753108688921654,0.0,0.9996328499833302,8,1.125,2.875,0.391304347826087,9,23,2.875,1.125,0.34782608695652173,0.125,1.499999999995672,9.25927536,4761.913042379429,6253.0663585717575,300.834304267,0.13537504355782654,2.1556390622223534,344.125,123.36639679079087,0.35849298014032943,0.125,5,0.375,8,0.125,8,0.8888888888888888,0.0,4,2,3,0.03225806451612903,0.7931547619047619,1,1,-0.27287641609625857,1.0
normal_00122,3.2136701937499996,3.2134496375,6.774274065434759e-05,3.8736647029541636e-05,0.05261453261904763,0.1948612683057803,1.770950594447455,0.0,0.9999322572593456,8,1.625,1.25,1.3,13,10,1.25,1.625,0.8,0.125,1.2987949406910706,8.391483048055557,4315.619853382285,2981.8170249430414,260.447546319,-0.18277689148649895,2.749999999989901,327.125,36.12849093365037,0.11044246368712379,0.125,8,0.125,5,0.375,8,0.6153846153846154,0.25,3,0,8,0.045454545454545456,0.6822222222222223,1,1,-0.3350831266333574,1.0
normal_00126,1.20220043125,1.20198155375,0.00027687755604996624,0.0002580405335755986,-0.03595063464285713,0.41559684612034625,2.9232314287846366,0.0,0.99972312244395,8,1.5,1.875,0.8,12,15,1.875,1.5,0.5333333333333333,0.0,1.2987949406910706,7.987650936666666,4107.934767544714,1811.1684911259813,1521.740461286,-0.3880260532799926,2.749999999989901,346.625,95.51505116995959,0.275557305935693,0.0,6,0.25,8,0.125,8,0.6666666666666666,0.0,4,0,7,0.038461538461538464,0.7436090225563909,1,1,-0.3980702534266723,1.0
normal_00127,1.49243639125,1.4921750787499999,0.00030921815925265066,0.00025870631696808745,-0.2532869782142857,0.4120703829666787,2.815072410104402,0.23076923076923078,0.9996907818407474,8,1.25,1.625,0.7692307692307693,10,13,1.625,1.25,0.5384615384615384,0.0,0.9999999999971146,5.087664654999999,2616.513251155286,2295.385688351602,260.719259173,-0.06537747758220828,2.2499999999927867,254.5,91.65618987748259,0.36014219991152296,0.25,6,0.25,4,0.25,8,0.8,0.25,3,0,4,0.041666666666666664,0.59375,1,1,-0.24961508830135298,0.9583333333333334
normal_00128,0.16532025875,0.16518193,0.26920333046798206,0.4363483948963381,-0.04866726904761905,0.6722164999121473,3.0565647621179695,0.0,0.7307966695320179,8,1.25,1.875,0.6666666666666666,10,15,1.875,1.25,0.6,0.0,1.499999999995672,5.487429535277778,2822.1066182011427,1756.5954502565946,703.206612742,-0.23271030785880517,2.2499999999927867,306.375,122.51639831933869,0.39989032499172156,0.0,5,0.375,5,0.25,8,0.8,0.0,4,1,5,0.04528985507246377,0.523611111111111,1,1,-0.27282417352007227,1.0416666666666667
normal_00131,8.44380265625,8.44359320625,9.540971537863234e-05,0.00019488916153414645,-1.2213590739285713,0.38419313178122144,2.688721875530768,0.0,0.9999045902846213,8,2.0,1.5,1.3333333333333333,16,12,1.5,2.0,0.75,0.0,1.905639062223796,10.274887852500001,5284.228038555001,7007.385066938797,986.609576723,0.1401896572561027,2.499999999991344,197.25,93.28412818603479,0.47292333681132975,0.125,6,0.25,7,0.25,8,0.5,0.125,4,1,6,0.039886039886039885,0.6451127819548873,1,1,-0.36293309315564887,1.037037037037037
normal_00134,1.41809168125,1.4179335174999999,0.00012818746512729924,9.440825775161204e-05,0.18841575809523808,0.2612482462332528,1.657742726499118,0.0,0.9998718125348727,8,1.625,1.125,1.4444444444444444,13,9,1.125,1.625,0.7777777777777778,0.0,1.561278124454805,8.762344743888889,4506.348725465714,5750.470535526413,145.940661777,0.12129703940404202,2.4056390622209105,299.125,113.04163265932473,0.37790767291040445,0.125,5,0.375,6,0.25,8,0.6153846153846154,0.125,4,0,8,0.043478260869565216,0.5485714285714286,1,1,-0.20254787341673403,0.9565217391304348
normal_00136,0.143225295,0.14297204375,0.008536308494752606,0.011678371281309415,-0.04131241154761905,0.6209702820544128,2.739572261975181,0.0,0.9914636915052474,8,1.5,1.875,0.8,12,15,1.875,1.5,0.6666666666666666,0.0,1.905639062223796,8.280657904722222,4258.624065287286,4148.835207517539,575.030196777,-0.013058506048893406,2.499999999991344,251.25,172.01806383550039,0.6846490102905488,0.0,7,0.25,6,0.25,8,0.6666666666666666,0.125,2,2,5,0.045,0.6326797385620916,1,1,-0.34056854289042604,1.08
normal_00137,0.19373367125000002,0.193596345,0.00394061689052684,0.0050827527680992616,-0.03222877428571429,0.6272636431574502,3.006238928640405,0.0,0.9960593831094733,8,1.5,1.875,0.8,12,15,1.875,1.5,0.7333333333333333,0.0625,0.9999999999971146,7.176208241388888,3690.6213812935716,2978.386638114043,1114.249139645,-0.10679770381244709,2.499999999991344,291.25,132.10250349093096,0.4535708274366728,0.0,8,0.125,8,0.125,8,0.6666666666666666,0.125,5,0,5,0.04891304347826087,0.5872023809523809,1,1,-0.3980702534266723,1.125
normal_00140,0.0605120225,0.06024163874999999,0.07706380063806861,0.15469990491187138,-0.00756204226190476,0.5873750236313915,3.499999999982687,0.0,0.9229361993619314,8,1.375,2.0,0.6875,11,16,2.0,1.375,0.625,0.0,1.2987949406910706,7.168747188888889,3686.784268617,2418.4469943579484,352.384247396,-0.2077459836699156,2.499999999991344,256.875,130.07957729240755,0.5063925150069394,0.0,6,0.25,7,0.25,8,0.7272727272727273,0.0,5,0,3,0.045,0.607703081232493,1,1,-0.3898405877927246,1.08
normal_00144,5.105197365,5.1050293687499995,5.64527985161049e-05,7.008430906968959e-05,0.27199405178571423,0.3657999233558636,2.845350936610895,0.0,0.9999435472014839,8,1.75,1.375,1.2727272727272727,14,11,1.375,1.75,0.9090909090909091,0.0,1.0612781244548048,4.264938804722222,2193.397099671857,665.0341134388505,1626.395373644,-0.5346859421429824,2.2499999999927867,210.625,79.38142549920425,0.376885106227676,0.125,6,0.25,7,0.25,8,0.5714285714285714,0.0,2,0,7,0.04940711462450593,0.6066666666666667,1,1,-0.3160175233649027,1.0869565217391304
normal_00147,0.40641359875,0.40608638374999995,0.06011072520266049,0.10619479928024993,-0.11895693869047619,0.7170252841699282,3.4548223999292933,0.058823529411764705,0.9398892747973395,8,1.625,2.125,0.7647058823529411,13,17,2.125,1.625,0.5882352941176471,0.0,1.0612781244548048,12.800565325555556,6583.147881758143,5587.71500717437,1952.843331417,-0.08178819231370708,2.749999999989901,245.25,84.84397444721694,0.3459489274096511,0.125,7,0.25,6,0.25,8,0.6153846153846154,0.125,4,0,4,0.03968253968253968,0.6768650793650793,1,1,-0.4344930915162432,1.0714285714285714
normal_00148,2.8274083487499997,2.827158435,9.553887747583893e-05,7.448406243620879e-05,-0.25519681285714296,0.35082926435225875,2.855388542195992,0.0,0.9999044611225242,8,1.5,1.5,1.0,12,12,1.5,1.5,0.8333333333333334,0.0,1.0612781244548048,2.739293098611111,1408.7793079088572,1163.439283836858,244.877453351,-0.09538070553540767,1.4056390622252386,345.375,126.85980732401305,0.3673103360811091,0.0,6,0.375,7,0.25,8,0.6666666666666666,0.125,5,0,5,0.05194805194805195,0.5476190476190476,1,1,-0.41959067914834575,1.0909090909090908
normal_00149,0.46866603500000004,0.46839399125000003,0.0007184794217426712,0.0005090775285937416,-0.014393746547619046,0.5070887149416968,3.030639062216582,0.0,0.9992815205782573,8,1.625,2.0,0.8125,13,16,2.0,1.625,0.625,0.0,1.499999999995672,8.513985735277778,4378.621235374857,3135.200320705284,773.881306984,-0.16548448820472772,2.4056390622209105,297.375,123.84660731266376,0.4164661027748256,0.125,6,0.375,3,0.5,8,0.6153846153846154,0.125,3,0,7,0.04131054131054131,0.7165413533834586,1,1,-0.3913356099844779,1.0740740740740742
normal_00150,2.9061150637499997,2.9058860925000003,0.00016130917187945235,0.00025232879984790114,-0.8471442123809523,0.6064566110326794,3.2089873002429306,0.0,0.9998386908281205,8,1.375,2.75,0.5,11,22,2.75,1.375,0.45454545454545453,0.125,1.4056390622252386,9.836171807222222,5058.602643739571,6045.009276877981,324.367042305,0.08883655518496802,2.499999999991344,298.5,127.85594572464301,0.4283281263807136,0.125,6,0.375,6,0.25,8,0.7272727272727273,0.0,4,2,4,0.035483870967741936,0.7343246125854822,1,1,-0.3739969586898755,1.064516129032258
normal_00152,0.819164555,0.8189279525000001,0.0013030468437477021,0.0023964949161908995,0.21315712238095239,0.34170395395680436,1.561278124454805,0.0,0.9986969531562523,8,1.625,1.0,1.625,13,8,1.0,1.625,0.875,0.0,1.561278124454805,11.487426220277777,5907.819199078857,5552.99482957805,318.206058452,-0.030959787726560783,2.499999999991344,255.25,125.58747662770475,0.4920175382084417,0.0,6,0.25,6,0.25,8,0.6153846153846154,0.0,5,0,8,0.045454545454545456,0.5142857142857142,1,1,0.0,0.9545454545454546
normal_00153,0.29993006625,0.299708725,0.0021078855425720588,0.0020550759064428483,-0.09548657047619051,0.5703810519935409,2.610577243321543,0.0,0.997892114457428,8,1.125,1.75,0.6428571428571429,9,14,1.75,1.125,0.5714285714285714,0.0,1.4056390622252386,6.3744130241666666,3278.26955529,3500.151848062956,298.50220282,0.03273362329807376,2.1556390622223534,322.5,102.88412344547072,0.31902053781541306,0.125,6,0.25,7,0.25,8,0.8888888888888888,0.125,5,0,3,0.045454545454545456,0.4552380952380952,1,1,-0.22537446792760432,1.0
normal_00154,0.14248497875,0.14228875000000002,0.00145460842419187,0.0009967203335636166,-0.02011122642857142,0.32310107198390575,3.077819531100356,0.0,0.9985453915758082,8,1.5,2.0,0.75,12,16,2.0,1.5,0.6875,0.125,1.561278124454805,4.377059231944444,2251.0590336187142,2678.925390324145,425.568069643,0.0867885818517933,1.9999999999927867,279.25,119.07470644215636,0.42640897562097174,0.125,8,0.125,6,0.25,8,0.6666666666666666,0.125,3,0,4,0.04666666666666667,0.7193277310924371,1,1,-0.3371364198317419,1.12
normal_00156,4.942434240000001,4.942230715,5.200443879580344e-05,5.0940531571406965e-05,0.2234238714285714,0.32172729755255536,2.0494520727807375,0.0,0.9999479955612042,8,1.875,1.375,1.3636363636363635,15,11,1.375,1.875,0.9090909090909091,0.125,1.905639062223796,6.276882345555555,3228.1109205935713,2629.0798922114773,1335.2769844,-0.10227275284808657,2.2499999999927867,230.875,145.13780397559123,0.628642356147661,0.125,6,0.25,5,0.375,8,0.5333333333333333,0.0,5,1,8,0.04710144927536232,0.63125,1,1,-0.33993463423951886,1.0833333333333333
normal_00157,0.4022208412499999,0.40196335875,0.0014741988079760766,0.0017352320809037641,-0.08610428226190477,0.49648258265374806,2.899397470334715,0.0625,0.9985258011920239,8,1.375,2.0,0.6875,11,16,2.0,1.375,0.5625,0.25,1.2987949406910706,10.07936174277778,5183.671753454143,4898.126384558341,72.357401969,-0.028322861158981156,2.2499999999927867,242.25,118.58541225631423,0.48951666566073987,0.0,5,0.25,6,0.25,8,0.7272727272727273,0.125,5,0,4,0.04153846153846154,0.662962962962963,1,1,-0.35499608824426415,1.0384615384615385
normal_00158,4.0972945987500005,4.097092314999999,0.0003974203454604842,0.0009204199914274447,-0.1439269795238095,0.6757468346996064,3.427333493880953,0.0,0.9996025796545396,8,1.875,2.625,0.7142857142857143,15,21,2.625,1.875,0.38095238095238093,0.0,1.2987949406910706,8.468926412222222,4355.4478692679995,2666.907666903504,290.994021334,-0.24045210950470697,2.4056390622209105,232.125,120.94796697045268,0.5210467074656012,0.0,7,0.25,5,0.25,8,0.5333333333333333,0.0,3,0,7,0.02857142857142857,0.853195217480932,1,1,-0.5622984063072684,1.0
normal_00159,1.88885556125,1.8886636625,0.00018629258034303297,0.00024114457483271013,-0.22922235404761906,0.579193493348869,3.4613201401936964,0.0,0.9998137074196569,8,1.875,2.25,0.8333333333333334,15,18,2.25,1.875,0.6111111111111112,0.125,1.2987949406910706,5.108306201111111,2627.1289034355714,1944.72408082582,249.555121783,-0.14926219739762644,2.4056390622209105,235.75,73.50753119821903,0.3118028894940362,0.0,7,0.25,7,0.25,8,0.5333333333333333,0.0,4,0,7,0.03793103448275862,0.7838744588744588,1,1,-0.490852973091369,1.1
normal_00161,0.3363628825,0.33614039500000004,0.0010725697301939157,0.0011119932730313962,-0.052335464285714284,0.3781954232496614,2.4591479170185884,0.0,0.9989274302698061,8,1.125,1.5,0.75,9,12,1.5,1.125,0.6666666666666666,0.125,1.4056390622252386,6.242322695833333,3210.337386439857,4087.9256108012933,133.606883038,0.12024617702776368,1.8112781244533624,246.5,144.35868027738607,0.5856335913889902,0.0,6,0.25,7,0.25,8,0.8888888888888888,0.25,4,0,7,0.05,0.3897435897435898,1,1,-0.211194301547757,1.0
normal_00162,0.044769912499999995,0.0444759175,0.0403459145362948,0.09019673097038909,-0.004557276666666666,0.468446567580245,2.788450457296748,0.0,0.9596540854637052,8,1.25,1.75,0.7142857142857143,10,14,1.75,1.25,0.6428571428571429,0.0,0.543564443196711,6.324501505833333,3252.600774554285,1986.0656667053443,672.128463096,-0.2417667018983565,2.4056390622209105,308.375,130.54275435383502,0.42332469997190114,0.0,6,0.25,6,0.375,8,0.8,0.125,2,0,7,0.04743083003952569,0.6377777777777778,1,1,-0.25107007095560624,1.0434782608695652
normal_00164,3.79807514,3.79779447375,9.821262053050061e-05,7.9816459336124e-05,-0.7847806258333334,0.49929665458555283,3.1249999999870157,0.0,0.9999017873794696,8,1.375,2.0,0.6875,11,16,2.0,1.375,0.5,0.125,1.905639062223796,10.374925701944445,5335.676075362143,5341.276974948112,428.371046818,0.0005245784597513539,2.2499999999927867,218.5,141.85807797131005,0.6492360547886044,0.0,6,0.25,6,0.375,8,0.7272727272727273,0.0,4,0,6,0.038461538461538464,0.7102756892230576,1,1,-0.35634832254989945,1.0
normal_00167,0.11771169625,0.11751520125,0.00310478690701421,0.00322233494255238,-0.036901282261904755,0.43862046866093257,3.057476076276947,0.058823529411764705,0.9968952130929858,8,1.0,2.125,0.47058823529411764,8,17,2.125,1.0,0.4117647058823529,0.25,1.499999999995672,6.571858513611111,3379.812949932143,1769.567384727918,383.553032782,-0.31270666770636324,2.499999999991344,252.75,151.82579302796816,0.6006955213767287,0.25,7,0.25,6,0.25,8,1.0,0.25,4,0,3,0.038461538461538464,0.662962962962963,1,1,0.0,0.9615384615384616
normal_00168,0.7053922100000001,0.7052070775,0.0004445564885781122,0.0004807575849412467,0.14946194785714287,0.3752486926276434,2.59490661823384,0.0,0.9995554435114219,8,1.375,1.375,1.0,11,11,1.375,1.375,0.6363636363636364,0.0,1.4056390622252386,3.0724648566666666,1580.124783455857,1405.02903794446,440.741922526,-0.05865551860549035,1.905639062223796,332.5,141.65955164205684,0.4260437643370131,0.0,5,0.375,6,0.25,8,0.7272727272727273,0.0,4,0,8,0.043478260869565216,0.5866666666666667,1,1,-0.22222222222222207,0.9565217391304348
normal_00170,0.409110455,0.40888243625,0.006738242078584075,0.01460591626951444,-0.13911262654761902,0.7354403323105974,3.3082708345193907,0.0,0.9932617579214159,8,1.25,2.25,0.5555555555555556,10,18,2.25,1.25,0.5,0.0,1.0612781244548048,5.1466612675,2646.8543662548573,2381.497040510956,366.894995176,-0.05277223174713964,2.2499999999927867,227.375,142.93648689440457,0.6286376553904544,0.125,5,0.25,8,0.125,8,0.8,0.375,3,0,3,0.039886039886039885,0.6302840434419381,1,1,-0.3066666666666673,1.037037037037037
normal_00172,1.4951450350000002,1.4948913775,0.00019533590096048697,0.00013621902949721953,0.26168091785714287,0.3104855500891846,3.2516291673733955,0.0,0.9998046640990395,8,1.75,1.5,1.1666666666666667,14,12,1.5,1.75,0.6666666666666666,0.0,1.7499999999942293,9.08561631,4672.6026737315715,6123.240581994965,736.572958018,0.13437004168191483,2.499999999991344,267.875,84.2351089002001,0.31445677610900646,0.0,8,0.125,6,0.375,8,0.5714285714285714,0.25,4,2,8,0.04,0.7703703703703703,1,1,-0.386919818571293,1.0
normal_00174,0.90998862875,0.9097254587500001,0.006963273010223744,0.017390273361672464,-0.28571505011904763,0.7392021745258709,3.8230679822520206,0.0,0.9930367269897762,8,1.375,2.75,0.5,11,22,2.75,1.375,0.45454545454545453,0.0,1.561278124454805,6.6743048325,3432.499628245428,2131.117674867155,1199.037791684,-0.23390932238459514,2.499999999991344,330.125,106.67499037463547,0.3231351469129435,0.125,7,0.25,7,0.25,8,0.7272727272727273,0.0,4,0,5,0.035483870967741936,0.7241106719367589,1,1,-0.4038178617322805,1.064516129032258
normal_00175,1.74746117375,1.7472779750000003,0.00014583221679607635,0.0001429923318467615,-0.3601550302380952,0.6140436301867115,3.653756708266804,0.0,0.9998541677832039,8,1.25,2.625,0.47619047619047616,10,21,2.625,1.25,0.42857142857142855,0.0,1.4056390622252386,7.397863514722222,3804.6155218585714,3103.638727044762,269.240470486,-0.10146945517025338,2.499999999991344,323.375,101.88500170009603,0.3150676511792687,0.375,6,0.375,7,0.25,8,0.8,0.125,4,0,6,0.035632183908045977,0.7264069264069263,1,1,-0.3699185724439664,1.0333333333333334
normal_00176,0.31177318875,0.3115548575,0.0012335301498894728,0.0012855342510078851,-0.05140982333333334,0.4501086555080137,3.431623565830119,0.0,0.9987664698501105,8,1.875,2.375,0.7894736842105263,15,19,2.375,1.875,0.7368421052631579,0.0,1.2987949406910706,6.125084312222222,3150.0433606314286,1945.014031093803,461.697774443,-0.2365094712170832,2.499999999991344,295.125,113.05806030531393,0.3830853377562522,0.125,6,0.25,6,0.25,8,0.5333333333333333,0.125,3,0,3,0.04497354497354497,0.7592857142857142,1,1,-0.4501636834463434,1.2142857142857142
normal_00178,0.49930629125,0.49898351875,0.013284827110323508,0.03321947301259383,-0.15526065630952382,0.5608731834547749,3.3502090290840276,0.0,0.9867151728896765,8,1.625,2.25,0.7222222222222222,13,18,2.25,1.625,0.6666666666666666,0.0,1.905639062223796,6.796938300277778,3495.5682687627145,3083.0144535347413,40.757117374,-0.0627116557841042,1.9999999999927867,224.375,163.25784820338654,0.7276115797365417,0.125,7,0.25,6,0.25,8,0.6153846153846154,0.375,4,0,3,0.04415954415954416,0.6134502923976608,1,1,-0.3999979339003055,1.1481481481481481
normal_00181,0.1594978575,0.15931797375,0.004463431321727346,0.0054085996601016696,-0.0286170025,0.609839586079136,3.0062389286404048,0.0,0.9955365686782727,8,1.125,1.875,0.6,9,15,1.875,1.125,0.4666666666666667,0.125,1.7499999999942293,5.901264250833333,3034.935900569571,2544.3955582205995,72.987767634,-0.08792098945405566,2.499999999991344,250.375,142.1477475827779,0.5677393812592227,0.0,5,0.25,8,0.125,8,0.8888888888888888,0.25,5,0,4,0.04,0.6588235294117647,1,1,-0.2399825473584482,0.96
normal_00183,0.57329601875,0.57299924375,0.0007078204714395485,0.0006661278014747137,-0.08441950750000002,0.39821307087290286,2.6612262562596904,0.0,0.9992921795285604,8,1.5,1.625,0.9230769230769231,12,13,1.625,1.5,0.6923076923076923,0.1875,1.548794940689628,1.7993682225,925.3893715908572,597.768237993242,74.651252597,-0.2150933899001251,1.561278124454805,281.875,124.96449495756785,0.44333301980511874,0.25,6,0.25,6,0.25,8,0.6666666666666666,0.0,3,1,6,0.04528985507246377,0.5476190476190476,1,1,-0.3497541654982133,1.0416666666666667
normal_00184,2.3217695524999997,2.32160909,0.00598884511342492,0.014696695449678773,-0.8009826426190475,0.7749348334401215,3.086048612298611,0.1111111111111111,0.9940111548865751,8,1.125,2.25,0.5,9,18,2.25,1.125,0.4444444444444444,0.125,1.499999999995672,11.140172943055555,5729.231799330571,8065.93884940354,49.75663599,0.169385874924816,2.2499999999927867,250.875,134.36989192949014,0.53560495039159,0.125,7,0.25,6,0.25,8,0.8888888888888888,0.125,4,2,4,0.038461538461538464,0.6395989974937343,1,1,-0.23699064403820946,1.0
normal_00187,1.3821806875,1.38196376375,0.0002697893132071062,0.0003075590816007312,-0.17852622392857145,0.4521876009893861,3.249999999985573,0.0,0.9997302106867929,8,1.625,2.0,0.8125,13,16,2.0,1.625,0.75,0.125,1.499999999995672,8.673592905,4460.704922607858,2410.905751762733,655.304753638,-0.2982996662617062,2.9999999999884586,235.875,126.63043811478683,0.5368540036662929,0.125,6,0.375,6,0.25,8,0.6153846153846154,0.125,3,2,7,0.04833333333333333,0.7019607843137255,1,1,-0.6770554443344258,1.16
normal_00189,0.19455617,0.1943734425,0.001325829436891095,0.0017307844598170939,-0.01707772857142857,0.381190886155482,2.2841591278427655,0.0,0.9986741705631088,8,1.25,1.5,0.8333333333333334,10,12,1.5,1.25,0.75,0.0,1.7499999999942293,3.1979409230555556,1644.6553319247141,1240.0284541399344,310.844372143,-0.14026732487611093,1.905639062223796,205.125,169.27444959507116,0.8252258359296583,0.125,6,0.25,6,0.25,8,0.8,0.0,4,0,7,0.05238095238095238,0.4769230769230769,1,1,-0.2608745973749753,1.0476190476190477
normal_00190,0.03855728875,0.0382495975,0.034377928345823865,0.043390465342406016,-0.012209383095238094,0.6673615067907346,3.6753108688921654,0.0,0.9656220716541761,8,1.5,2.875,0.5217391304347826,12,23,2.875,1.5,0.4782608695652174,0.0,1.499999999995672,6.920203188055556,3558.961639695857,2359.667788065974,661.472299133,-0.20263033296264396,2.499999999991344,365.75,139.01669992178228,0.38008667100965765,0.25,8,0.125,6,0.25,8,0.6666666666666666,0.375,4,0,3,0.03528225806451613,0.7443422318422318,1,1,-0.452811121920303,1.09375
normal_00193,0.18243473625,0.182206605,0.0019260050710905936,0.0014610151692461733,-0.015463284523809523,0.6486863504154947,3.332095398642857,0.09523809523809523,0.9980739949289095,8,1.5,2.625,0.5714285714285714,12,21,2.625,1.5,0.5238095238095238,0.0,1.4056390622252386,7.175389253611111,3690.2001876110003,2587.162445315906,783.08788576,-0.175716747111165,2.499999999991344,340.5,136.23509092741122,0.40010305705553956,0.0,6,0.375,6,0.375,8,0.6666666666666666,0.125,5,0,4,0.03793103448275862,0.8229437229437228,1,1,-0.40331513870813523,1.1
normal_00195,0.06488641749999999,0.06463855875,0.13260693398926596,0.34820239999850394,-0.02187729535714286,0.535895116722588,2.5249449750746127,0.0,0.8673930660107341,8,1.25,2.25,0.5555555555555556,10,18,2.25,1.25,0.5,0.0,1.499999999995672,16.432978856944445,8451.246269415571,4655.1998954251485,2253.883199662,-0.28963201208376954,2.9999999999884586,230.5,134.59250669016777,0.5839154303261075,0.0,6,0.25,7,0.25,8,0.8,0.0,3,1,3,0.039886039886039885,0.6606516290726817,1,1,-0.37293492699144565,1.037037037037037
normal_00196,1.50820385125,1.5079317824999998,0.005957876296077461,0.016002004845340107,-0.3661686633333333,0.6861235405072981,3.594465636942697,0.0,0.9940421237039225,8,1.125,2.625,0.42857142857142855,9,21,2.625,1.125,0.3333333333333333,0.125,1.4056390622252386,9.186082971944444,4724.2712427477145,2706.5996888653726,307.80656625,-0.27152558192049603,2.749999999989901,253.875,136.07396885517818,0.5359880604832228,0.0,5,0.25,6,0.25,8,0.8888888888888888,0.125,3,1,6,0.03225806451612903,0.7170713344626387,1,1,-0.27236261985927795,0.967741935483871
normal_00205,0.4351669075,0.43487843,0.0023874753688285107,0.003963793448535146,-0.13960108785714284,0.6872193877263583,3.4594705707784974,0.0,0.9976125246311713,8,1.375,3.125,0.44,11,25,3.125,1.375,0.4,0.0,0.8112781244562475,1.9921344366666667,1024.5262817417145,521.6080987070666,252.758596232,-0.32527456176782693,1.4056390622252386,273.0,184.49699958845633,0.6758131853057009,0.125,7,0.25,5,0.375,8,0.7272727272727273,0.25,3,0,4,0.03208556149732621,0.7303862803862804,1,1,-0.40307479140884933,1.0588235294117647
normal_00207,3.603428845,3.60309086125,0.0001293229794886951,0.00010091706689795457,-0.45280263107142865,0.5010819720785455,2.7329145639678565,0.0,0.9998706770205112,8,1.0,1.875,0.5333333333333333,8,15,1.875,1.0,0.4666666666666667,0.0,1.905639062223796,4.817943929444445,2477.7997352741427,1637.5109048894933,606.355644717,-0.20418600291890412,2.1556390622223534,321.5,86.11454166233648,0.26785238464179306,0.0,6,0.375,8,0.125,8,1.0,0.0,4,0,7,0.041666666666666664,0.5486111111111112,1,1,0.0,0.9583333333333334
normal_00208,2.22942780625,2.22922129,0.00011807372585391341,0.00012272058452919088,0.2621973466666666,0.3113891089968911,3.084962500708172,0.0,0.9998819262741461,8,1.875,1.5,1.25,15,12,1.5,1.875,0.75,0.125,1.8112781244533624,10.210723886666665,5251.229427551429,3057.836410583629,2206.28219105,-0.26397588606183187,2.749999999989901,200.75,98.15112254652443,0.48892215465267463,0.125,5,0.375,5,0.375,8,0.5333333333333333,0.125,4,1,8,0.04153846153846154,0.758994708994709,1,1,-0.46231190801652733,1.0384615384615385
normal_00210,1.60296776125,1.60281304875,0.00012203843254159603,0.00010603931959378363,-0.0153292748809524,0.5025002926222433,3.4528195310974708,0.0,0.9998779615674585,8,2.25,2.0,1.125,18,16,2.0,2.25,0.6875,0.0,1.499999999995672,8.768954285555555,4509.747918320429,6183.173257498098,599.43939283,0.15649842654428536,2.2499999999927867,253.0,132.24220203853233,0.5226964507451871,0.0,7,0.25,6,0.25,8,0.4444444444444444,0.0,3,2,7,0.03655913978494624,0.8236024844720496,1,1,-0.46907903042288607,1.096774193548387
normal_00211,0.32808265875,0.32783805375,0.0010109815376484568,0.001100886282937646,-0.030951363690476193,0.44871789674942525,3.077819531100356,0.0,0.9989890184623516,8,2.0,2.0,1.0,16,16,2.0,2.0,0.75,0.125,1.8112781244533624,5.016169075833334,2579.7440962124283,1396.7294363348763,873.203235338,-0.2975034663740664,2.1556390622223534,184.125,100.84137118691487,0.5476788659167134,0.125,6,0.25,4,0.25,8,0.5,0.125,3,0,6,0.042328042328042326,0.7422619047619047,1,1,-0.43921906359671103,1.1428571428571428
normal_00215,0.27229759625,0.27197765375000005,0.0032067026068333896,0.0037762175773385716,-0.006993788214285709,0.5176489528661015,2.9735572622622013,0.06666666666666667,0.9967932973931666,8,1.5,1.875,0.8,12,15,1.875,1.5,0.7333333333333333,0.0,1.561278124454805,15.605486658333332,8025.678852921429,5512.949899708468,1590.400008343,-0.18559700536325435,2.499999999991344,258.5,93.89812108267738,0.3632422479020401,0.25,7,0.25,6,0.25,8,0.6666666666666666,0.0,4,0,4,0.04891304347826087,0.6794642857142859,1,1,-0.3561222848978813,1.125
normal_00216,0.78072638625,0.780450555,0.0004962331051343333,0.0003982706655327335,-0.029293029761904763,0.30417018314504235,1.360964047439353,0.0,0.9995037668948656,8,1.5,1.25,1.2,12,10,1.25,1.5,0.8,0.0,1.7499999999942293,6.506247738611112,3346.0702656658573,1811.4028788219114,1361.636595514,-0.2975618764945341,2.749999999989901,289.125,139.8258483154773,0.4836172877318713,0.0,7,0.25,7,0.25,8,0.6666666666666666,0.0,4,0,6,0.047619047619047616,0.5642857142857143,1,1,-0.2969569354582498,1.0
normal_00217,0.33803846625,0.33783703249999997,0.0027538732384216565,0.006341294460835822,-0.014839731666666665,0.5563591989615584,2.983458593331365,0.0,0.9972461267615783,8,1.5,2.0,0.75,12,16,2.0,1.5,0.6875,0.0,1.2987949406910706,2.938108562222222,1511.0272606561427,1112.3171187415926,231.910835486,-0.15198543700392306,1.561278124454805,212.125,117.29746983022025,0.5529639119868957,0.0,5,0.375,6,0.375,8,0.6666666666666666,0.25,4,0,6,0.04666666666666667,0.7030812324929973,1,1,-0.36305850317365324,1.12
normal_00219,0.035875618750000005,0.035601350000000004,0.15695852697933968,0.22806209499284955,-0.0073874633333333335,0.7496227958413727,3.3862661425077785,0.0,0.8430414730206603,8,1.875,2.75,0.6818181818181818,15,22,2.75,1.875,0.6363636363636364,0.0,1.7499999999942293,6.967743726944445,3583.411059705143,2850.1587985783985,216.340564202,-0.11397284513552702,2.4056390622209105,314.75,133.69875520309506,0.42477761780173173,0.125,6,0.25,6,0.25,8,0.5333333333333333,0.0,3,0,3,0.03978494623655914,0.7477382520860781,1,1,-0.5234140465739754,1.1935483870967742
normal_00220,2.54429099,2.5440801750000004,9.888043138910172e-05,5.541418586989436e-05,-0.3334840619047618,0.3978939475639757,2.6258145836838125,0.0,0.9999011195686109,8,1.25,1.5,0.8333333333333334,10,12,1.5,1.25,0.6666666666666666,0.125,1.905639062223796,6.186104043611111,3181.424936807857,3253.5101749719183,43.043406135,0.011202170171398011,2.1556390622223534,277.125,118.1045995233523,0.4261780767644648,0.0,5,0.375,7,0.25,8,0.8,0.125,3,0,6,0.047619047619047616,0.5095238095238095,1,1,-0.2969569354582497,1.0
normal_00221,3.5814844275000004,3.58129271875,0.00024815669294116823,0.0005612536266809407,0.728121520595238,0.495720213116893,3.0957952549879493,0.0,0.9997518433070589,8,1.75,1.375,1.2727272727272727,14,11,1.375,1.75,0.6363636363636364,0.125,1.7499999999942293,7.739364254722222,3980.2444739404286,3624.898174157714,16.206761712,-0.04672447529588125,2.1556390622223534,280.625,133.55569999067805,0.47592231622513337,0.0,7,0.25,7,0.25,8,0.5714285714285714,0.125,4,1,7,0.038461538461538464,0.7148148148148149,1,1,-0.3591992887299877,0.9615384615384616
normal_00223,0.43083978875000006,0.43060780125000003,0.015017696619224955,0.0339665834634898,-0.08317641440476191,0.6444018730780021,3.2464393446551463,0.1,0.984982303380775,8,1.75,2.5,0.7,14,20,2.5,1.75,0.65,0.0,1.561278124454805,5.478095257777778,2817.3061326734282,2519.7584920252325,41.35639655,-0.05575117814223502,2.499999999991344,216.75,116.26294090797562,0.5363918842351816,0.0,6,0.25,5,0.25,8,0.5714285714285714,0.25,5,0,4,0.04187192118226601,0.7566137566137567,1,1,-0.492864058090144,1.1724137931034482
normal_00224,0.38138090125,0.38113236000000006,0.002062154527181886,0.0023781816941237798,-0.11850801166666666,0.6378069212104248,3.090032776587053,0.05263157894736842,0.997937845472818,8,1.125,2.375,0.47368421052631576,9,19,2.375,1.125,0.42105263157894735,0.0,1.0612781244548048,6.415354586388889,3299.325215886143,2180.7015125036937,464.272300546,-0.2041274174060694,2.749999999989901,304.5,110.07789449813644,0.3615037586145696,0.0,7,0.25,8,0.125,8,0.8888888888888888,0.25,3,0,4,0.037037037037037035,0.6799999999999999,1,1,-0.260714456776044,1.0
normal_00225,0.01458181375,0.014319858750000001,0.07026120086287309,0.09255277644366361,-0.004264693452380952,0.5219916547504967,3.4548223999292937,0.0,0.9297387991371269,8,1.375,2.125,0.6470588235294118,11,17,2.125,1.375,0.5882352941176471,0.0,1.2987949406910706,8.424006915,4332.346413521572,4893.642512742322,759.273465588,0.060838583669105856,2.499999999991344,286.375,177.6344058533063,0.6202860090905502,0.25,5,0.375,7,0.25,8,0.7272727272727273,0.0,3,0,4,0.043076923076923075,0.6208553791887126,1,1,-0.33535214206864894,1.0769230769230769
normal_00226,0.44032496125,0.44008886999999997,0.0007918001775993441,0.0008362601146155278,-0.03815159309523809,0.5726250771236272,2.483458593334251,0.0,0.9992081998224006,8,1.625,2.0,0.8125,13,16,2.0,1.625,0.75,0.0625,1.4056390622252386,10.239795404722223,5266.180493920857,4437.548528200443,505.520667687,-0.08539314770964919,2.749999999989901,309.625,138.9911996186398,0.44890173473924844,0.125,6,0.25,6,0.25,8,0.6153846153846154,0.0,4,0,6,0.04833333333333333,0.661624649859944,1,1,-0.3636849348029664,1.16
normal_00231,0.8290204025000001,0.82879305125,0.0009463387901280957,0.0012485954139858848,0.31311186107142863,0.5655195469702606,2.446439344662359,0.1,0.9990536612098719,8,1.75,1.25,1.4,14,10,1.25,1.75,0.8,0.0,1.7499999999942293,11.259482641111111,5790.591072636143,6357.566288113847,409.189968896,0.04667170490477587,2.499999999991344,197.5,104.59035738127515,0.5295714297786084,0.0,6,0.375,3,0.5,8,0.5714285714285714,0.0,4,0,8,0.043478260869565216,0.6541666666666667,1,1,-0.30779350562554786,1.0
normal_00232,3.9562504474999995,3.9560114150000003,0.00041360593872561335,0.0005577058961644765,-1.1828629083333329,0.6542491628470875,3.788754913971863,0.045454545454545456,0.9995863940612744,8,1.625,2.75,0.5909090909090909,13,22,2.75,1.625,0.5,0.125,1.4056390622252386,6.7570003511111105,3475.0287521042856,3725.0802720695056,353.43487411,0.03472885190011595,2.1556390622223534,273.75,150.9671203559617,0.5514780652272573,0.25,6,0.375,7,0.25,8,0.6153846153846154,0.25,3,1,3,0.03528225806451613,0.7252976190476189,1,1,-0.4374429640917527,1.09375
normal_00233,0.06353987124999999,0.06323508375,0.07108854785684945,0.1793178255603657,-0.018197576547619047,0.6678255302118318,3.7821222241236647,0.0,0.9289114521431505,8,1.0,3.375,0.2962962962962963,8,27,3.375,1.0,0.25925925925925924,0.125,1.905639062223796,7.4455219816666665,3829.125590597142,3208.7603576044226,66.779898085,-0.08814653115418065,2.4056390622209105,214.5,104.99115609013388,0.48946925916146333,0.25,6,0.25,7,0.25,8,1.0,0.0,4,1,4,0.027777777777777776,0.8397959183673469,1,1,0.0,0.9722222222222222
normal_00234,0.9026073475,0.9023373800000001,0.002148476336914933,0.00451548806299046,-0.27933251595238096,0.720029756521601,3.2946635861937343,0.0,0.997851523663085,8,1.25,2.875,0.43478260869565216,10,23,2.875,1.25,0.34782608695652173,0.125,1.548794940689628,12.383637711388888,6368.727965870572,6139.0854227084565,1567.666140953,-0.018359927193333708,2.9999999999884586,268.5,107.67941838093826,0.40104066436103636,0.0,7,0.25,6,0.25,8,0.8,0.25,3,0,4,0.03125,0.8371428571428572,1,1,-0.3751612367420643,1.0
normal_00237,0.23424143874999998,0.23397910625,0.0036161659976623275,0.004870097763129326,-0.06825465297619047,0.6725413120087085,3.433269689497796,0.0,0.9963838340023377,8,1.25,3.125,0.4,10,25,3.125,1.25,0.36,0.0,1.499999999995672,3.272414007777778,1682.9557755257142,1249.160282526114,325.835083489,-0.14794622191313422,1.7499999999942293,253.25,107.22572985462558,0.4233987358524209,0.0,7,0.25,7,0.25,8,0.8,0.125,3,0,4,0.031194295900178252,0.8006327006327006,1,1,-0.3607870879544412,1.0294117647058822
normal_00242,0.23071191125,0.23048823875000002,0.001805767903965154,0.0016985436705780224,-0.06661735916666667,0.5021807897383207,3.5511911744454983,0.0,0.9981942320960349,8,1.125,2.875,0.391304347826087,9,23,2.875,1.125,0.34782608695652173,0.125,0.9544340029220797,10.54375267388889,5422.5013751867145,5206.540362763828,247.276005532,-0.020318013396429423,2.4056390622209105,289.125,150.1099002159989,0.5191868576428842,0.125,7,0.25,7,0.25,8,0.8888888888888888,0.125,2,0,3,0.03225806451612903,0.7452380952380953,1,1,-0.27852424952911653,1.0
normal_00243,0.43109980999999997,0.43082897499999995,0.0016117040058075307,0.002244750074070736,-0.10146297,0.6073874169703887,3.202819531100356,0.0,0.9983882959941923,8,1.0,2.0,0.5,8,16,2.0,1.0,0.4375,0.0,1.8112781244533624,8.708771030833333,4478.796530283429,3290.26064409136,136.933576083,-0.15298328478162032,2.499999999991344,284.25,116.5157867905829,0.40990602213045874,0.0,5,0.375,7,0.25,8,1.0,0.0,5,1,4,0.04,0.5714285714285714,1,1,0.0,0.96
normal_00245,4.0327837424999995,4.03245984875,0.00012134314247487233,9.183149370765804e-05,0.8260997796428571,0.2688888410891087,1.905639062223796,0.0,0.9998786568575252,8,2.25,1.0,2.25,18,8,1.0,2.25,0.875,0.0,1.561278124454805,6.565639553611112,3376.6146275940005,2924.3590305029356,350.930466552,-0.07177550988646066,2.1556390622223534,321.75,118.58300287742999,0.3685563414993939,0.5,6,0.25,7,0.25,8,0.4444444444444444,0.125,5,0,8,0.037037037037037035,0.7102756892230576,1,1,0.0,0.9629629629629629
normal_00246,0.82299506125,0.8227180574999999,0.000875645163864476,0.0014316988947262936,-0.15512479333333334,0.587824656713849,3.3082708345193903,0.0,0.9991243548361355,8,1.25,2.25,0.5555555555555556,10,18,2.25,1.25,0.4444444444444444,0.0,1.548794940689628,10.266092374722222,5279.704649937857,2651.1058854050807,247.096261317,-0.33144137699654586,2.749999999989901,262.0,161.0288350398329,0.6146138741978355,0.0,7,0.25,7,0.25,8,0.8,0.125,5,0,5,0.037037037037037035,0.7516666666666667,1,1,-0.3283947887145932,1.0
normal_00247,0.17238749125,0.17214073125,0.0036165155496350136,0.0061577796620276406,-0.02782167511904762,0.3943885443548969,3.202819531100356,0.0,0.996383484450365,8,1.5,2.0,0.75,12,16,2.0,1.5,0.625,0.125,1.2987949406910706,6.299647188888889,3239.8185543097143,3517.363535351359,578.36322742,0.04107407161134619,2.1556390622223534,253.375,127.38797599683978,0.5027645821286227,0.0,4,0.375,5,0.375,8,0.6666666666666666,0.125,3,2,6,0.043076923076923075,0.6404761904761904,1,1,-0.49070971042001665,1.0769230769230769
normal_00248,1.26480894125,1.2645793275,0.0002591071604106022,0.0003386504182618914,-0.008955897857142858,0.5565911843424748,3.21952828228512,0.0,0.9997408928395893,8,1.875,2.125,0.8823529411764706,15,17,2.125,1.875,0.6470588235294118,0.0,1.905639062223796,7.8290012075,4026.3434781598576,2330.9189376677127,948.047873438,-0.26669097948058185,2.9999999999884586,236.25,116.80600522722646,0.49441695334275754,0.125,5,0.25,7,0.25,8,0.5333333333333333,0.0,3,0,7,0.03940886699507389,0.7462207105064248,1,1,-0.4539514482652388,1.103448275862069
normal_00249,0.6680441975,0.6678223275,0.0009318650464452201,0.0010154338539516202,-0.20675972571428575,0.6371537109920901,2.903701696044364,0.0,0.9990681349535548,8,1.125,2.5,0.45,9,20,2.5,1.125,0.4,0.0,0.9544340029220797,4.703858101111111,2419.1270235531433,1484.1002443378054,466.167282555,-0.23955222564341377,2.1556390622223534,371.375,77.80550384498149,0.20950657380001747,0.125,6,0.25,8,0.125,8,0.8888888888888888,0.0,3,0,4,0.03571428571428571,0.709853638425067,1,1,-0.25909386258580014,1.0
normal_00250,6.477376805,6.47708675875,5.4456158395808454e-05,3.1733066320744004e-05,-0.7219250939285714,0.3213760301976327,2.3685225277195503,0.0,0.9999455438416041,8,1.875,1.375,1.3636363636363635,15,11,1.375,1.875,0.6363636363636364,0.0,1.4056390622252386,4.338598936666667,2231.279453169857,731.1752915726393,1342.445944161,-0.5063720093140563,2.4056390622209105,171.875,107.0719884670389,0.6229642965354991,0.0,7,0.25,6,0.25,8,0.5333333333333333,0.0,4,1,7,0.037037037037037035,0.6857142857142857,1,1,-0.3138229572304242,0.9629629629629629
normal_00253,8.400897815,8.400708712499998,4.0405152841972846e-05,3.739895129303774e-05,-1.5514618935714286,0.4183922334376284,2.118078209342496,0.0,0.999959594847158,8,1.125,1.375,0.8181818181818182,9,11,1.375,1.125,0.7272727272727273,0.20833333333333331,1.7499999999942293,5.712986009444444,2938.1070906527143,2026.1896899741066,459.920377555,-0.18369518201195534,2.499999999991344,282.5,154.21506318867077,0.5458940289864452,0.0,6,0.25,6,0.25,8,0.8888888888888888,0.25,4,1,4,0.05263157894736842,0.30833333333333335,1,1,-0.1814436846506063,1.0
normal_00254,0.27030282375000003,0.27010206000000003,0.0015660967011488817,0.002274740677224042,-0.05852012714285714,0.5186411627048254,3.4316235658301184,0.0,0.9984339032988512,8,1.25,2.375,0.5263157894736842,10,19,2.375,1.25,0.47368421052631576,0.0,1.499999999995672,4.5315721586111115,2330.5228244635714,1915.4785941972036,352.823911891,-0.09774943278216715,1.905639062223796,223.375,97.69915557465171,0.43737730531461316,0.0,7,0.25,6,0.25,8,0.8,0.0,4,0,4,0.03835978835978836,0.7214285714285715,1,1,-0.344401157189832,1.0357142857142858
normal_00255,5.393266423750001,5.39308856875,0.00010184332655812036,9.69337550474157e-05,-2.0195490341666673,0.7245185975832883,3.815410725219616,0.03571428571428571,0.999898156673442,8,1.25,3.5,0.35714285714285715,10,28,3.5,1.25,0.2857142857142857,0.0,1.561278124454805,12.324696091666667,6338.415132916857,5962.084692569048,1594.483123727,-0.03059472750595673,2.9999999999884586,235.375,132.4062336685313,0.5625331223304569,0.0,5,0.25,6,0.375,8,0.8,0.0,3,0,4,0.02702702702702703,0.843874458874459,1,1,-0.4307704542610152,1.0
normal_00257,0.54279877625,0.542496675,0.0009425952621958859,0.001313788607837836,0.03672099023809524,0.39481270981325123,3.0930692077574635,0.07142857142857142,0.999057404737804,8,1.375,1.75,0.7857142857142857,11,14,1.75,1.375,0.6428571428571429,0.125,1.905639062223796,10.141287379444444,5215.519223850143,2760.890818534415,784.219559532,-0.30773598552136544,2.749999999989901,273.125,140.9016247498334,0.5158869556057973,0.0,7,0.25,5,0.375,8,0.7272727272727273,0.0,4,2,8,0.04528985507246377,0.7059523809523809,1,1,-0.3754075645154648,1.0416666666666667
normal_00258,6.283807960000001,6.28362609,3.698311897689964e-05,3.427912597621152e-05,0.36165750547619047,0.3351328694153729,2.855388542195992,0.0,0.9999630168810231,8,1.875,1.5,1.25,15,12,1.5,1.875,0.8333333333333334,0.125,1.561278124454805,6.587291185555555,3387.749752643714,2245.9068320301803,397.637218016,-0.20268237927740668,2.499999999991344,360.875,91.71763734418806,0.25415348069051075,0.25,5,0.25,5,0.375,8,0.5333333333333333,0.125,4,0,7,0.045,0.6941176470588236,1,1,-0.36095243993768344,1.08
normal_00261,9.01631573375,9.0160143675,0.0021312795864743485,0.005182966331772306,-3.734343830000001,0.6400599652542778,3.101881223461591,0.0,0.9978687204135257,8,1.25,2.125,0.5882352941176471,10,17,2.125,1.25,0.5294117647058824,0.125,1.4056390622252386,6.881037825833333,3538.819453307143,3624.467910475533,439.253442765,0.011956585408178028,2.1556390622223534,314.875,121.11793249320503,0.3846540134758397,0.0,6,0.25,7,0.25,8,0.8,0.25,4,0,3,0.04153846153846154,0.6611992945326278,1,1,-0.3428428639848106,1.0384615384615385
normal_00263,8.1988116425,8.198594535,9.704059079327332e-05,0.00014632779852458876,-1.2744202802380953,0.5391741990986089,2.8073549220460627,0.07142857142857142,0.9999029594092068,8,1.625,1.75,0.9285714285714286,13,14,1.75,1.625,0.5714285714285714,0.125,0.9544340029220797,4.072299210555556,2094.325308351143,1305.5516581778122,154.486805321,-0.23200064529941372,2.499999999991344,274.75,130.79728044354962,0.4760592554815273,0.0,5,0.25,4,0.5,8,0.6153846153846154,0.125,4,0,6,0.038461538461538464,0.6761904761904761,1,1,-0.3588619373055774,1.0
normal_00265,2.28222258125,2.2819330725,0.0014567970136340925,0.003668369359814495,-0.07291871761904758,0.42010548465592673,2.688721875530768,0.0,0.9985432029863659,8,1.625,1.5,1.0833333333333333,13,12,1.5,1.625,0.8333333333333334,0.125,1.2987949406910706,8.270294972222223,4253.294557165286,2335.871646913336,629.94744347,-0.2909962885842956,2.499999999991344,238.0,120.58310708505446,0.5066517104414053,0.0,5,0.375,5,0.375,8,0.6153846153846154,0.25,5,0,6,0.04940711462450593,0.6355555555555557,1,1,-0.39605901719066944,1.0869565217391304
normal_00266,7.625945982499999,7.6257222975,4.00525216542636e-05,3.58090909697738e-05,-1.711110514047619,0.6485721921379736,3.54643934465226,0.0,0.9999599474783458,8,1.625,2.5,0.65,13,20,2.5,1.625,0.4,0.0,1.499999999995672,6.207646210555556,3192.5037654824287,2771.3784260358084,718.070038388,-0.070612618747825,2.499999999991344,315.5,136.78659082151083,0.43355496298418644,0.125,5,0.25,7,0.25,8,0.6153846153846154,0.0,4,0,5,0.03125,0.8179278499278498,1,1,-0.43295353066871956,1.0
normal_00267,3.7703419975,3.7701544950000003,0.00010394893189185367,9.750412510005509e-05,-1.2121525078571427,0.6877199550943072,3.39189264466362,0.0,0.9998960510681081,8,1.375,2.375,0.5789473684210527,11,19,2.375,1.375,0.47368421052631576,0.125,1.4056390622252386,5.3892147730555555,2771.596169096857,2570.3295615862885,185.415105613,-0.03767678879444656,2.1556390622223534,206.625,106.63949616749483,0.5161016148457099,0.125,7,0.25,6,0.25,8,0.7272727272727273,0.125,4,1,3,0.03694581280788178,0.6911186696900982,1,1,-0.380012699616196,1.0344827586206897
normal_00270,0.7170309425,0.7167456962500001,0.004027491503990582,0.009364619011154634,-0.10894435678571429,0.654110289969297,3.572431251303364,0.0,0.9959725084960094,8,1.625,2.25,0.7222222222222222,13,18,2.25,1.625,0.5,0.0,1.8112781244533624,6.871187946111111,3533.7538008841434,1604.2138019777647,1362.143522973,-0.37554538059593884,2.749999999989901,227.375,99.02227382910228,0.43550202893502926,0.125,7,0.25,6,0.25,8,0.6153846153846154,0.125,5,0,5,0.035632183908045977,0.7738095238095238,1,1,-0.408988595519119,1.0333333333333334
normal_00271,0.063805485,0.06359629375,0.011763988176691007,0.026125811566436213,-0.0041048525000000015,0.5077851804846726,2.8729055953085147,0.0,0.988236011823309,8,1.75,1.875,0.9333333333333333,14,15,1.875,1.75,0.8666666666666667,0.125,1.0612781244548048,8.913141433055555,4583.901308529001,2859.3459855827305,1494.180402721,-0.2316939441620523,2.749999999989901,284.75,118.13037591697451,0.41485645624925205,0.375,7,0.25,5,0.375,8,0.5714285714285714,0.125,3,0,6,0.05253623188405797,0.6139880952380952,1,1,-0.3647541705709863,1.2083333333333333
normal_00273,0.15584307625,0.15554888374999998,0.002919421149141052,0.0021734765644235883,-0.03720116392857143,0.5185023208939747,3.576617644889911,0.05263157894736842,0.997080578850859,8,1.875,2.375,0.7894736842105263,15,19,2.375,1.875,0.7368421052631579,0.125,1.8112781244533624,3.799533991111111,1954.0460526355712,1801.2089276914066,122.565460318,-0.04069953325269452,1.8112781244533624,285.75,146.72788224659766,0.5134834024377871,0.125,6,0.25,6,0.25,8,0.5333333333333333,0.125,4,1,4,0.04497354497354497,0.7114285714285714,1,1,-0.46700191403992797,1.2142857142857142
normal_00275,1.4212061375,1.42094703875,0.00022338303200389073,0.00017891345380658186,0.1475864825,0.2227481406427145,2.50325833476699,0.0,0.999776616967996,8,2.0,1.125,1.7777777777777777,16,9,1.125,2.0,0.8888888888888888,0.0,1.2987949406910706,11.562721033333334,5946.542245841,4321.333696466321,69.835130952,-0.1582808906638849,2.499999999991344,329.0,148.2266604128382,0.4505369617411496,0.25,6,0.25,6,0.25,8,0.5,0.0,3,0,8,0.041666666666666664,0.6568627450980392,1,1,-0.24715933262177592,1.0
normal_00276,0.17295896375,0.17270633124999998,0.00686563225615497,0.011637607457208004,-0.010629362023809522,0.5397390307504049,3.373557262259316,0.06666666666666667,0.9931343677438449,8,1.75,1.875,0.9333333333333333,14,15,1.875,1.75,0.8666666666666667,0.0,1.561278124454805,5.770852147222222,2967.8668187135713,2435.2491974075006,53.879655918,-0.09857601053113052,2.1556390622223534,234.625,114.029992921662,0.48600955960218223,0.0,6,0.375,5,0.25,8,0.5714285714285714,0.0,2,1,4,0.05253623188405797,0.6288690476190477,1,1,-0.4082981345871746,1.2083333333333333
normal_00278,0.41737266875,0.41711367375,0.015075746200275526,0.03071609433303789,-0.1536222225,0.7548454856092367,3.940759832515564,0.0,0.9849242537997245,8,1.125,3.5,0.32142857142857145,9,28,3.5,1.125,0.2857142857142857,0.0,1.905639062223796,7.924966663888889,4075.697141484572,4761.167529874499,441.888638927,0.07756941108440728,1.8112781244533624,304.875,128.7338755506324,0.42225133431941747,0.0,6,0.25,7,0.25,8,0.8888888888888888,0.0,5,0,4,0.027777777777777776,0.8105687416032243,1,1,-0.3119313826428998,1.0
normal_00279,1.2919962475,1.2918177575,0.002651853654264677,0.0054775106466311485,-0.46723227523809524,0.7384647772191657,3.5630741894098144,0.0,0.9973481463457353,8,1.375,3.125,0.44,11,25,3.125,1.375,0.36,0.125,1.4056390622252386,5.413141010833333,2783.90109129,1005.3390684259408,502.492293836,-0.46937168083782493,2.499999999991344,183.0,145.50110456134493,0.7950880030674586,0.0,6,0.25,5,0.375,8,0.7272727272727273,0.125,4,1,3,0.030252100840336135,0.8066057399390734,1,1,-0.4176819668512627,1.0285714285714285
normal_00280,10.17227058875,10.172026282500001,0.00032567060605427856,0.0008299484702031861,-1.0349832969047619,0.48009071324152136,3.0269868333463026,0.0,0.9996743293939456,8,1.625,1.625,1.0,13,13,1.625,1.625,0.6923076923076923,0.25,1.4056390622252386,13.209938720277776,6793.682770468143,8170.776089912208,892.007015693,0.0920242644450067,2.499999999991344,324.125,87.84635531914311,0.27102616373048394,0.125,7,0.25,6,0.375,8,0.6153846153846154,0.125,5,2,5,0.043333333333333335,0.5918767507002801,1,1,-0.3383751574078812,1.04
normal_00282,1.94175856375,1.9414553825,0.004497562408544875,0.012258664377752145,-0.36042429642857143,0.5984339143060377,3.384183719761877,0.0,0.9955024375914552,8,1.75,2.5,0.7,14,20,2.5,1.75,0.55,0.0,1.8112781244533624,7.406873038333333,3809.2489912417145,3616.075149965888,177.905905163,-0.02601554324124225,2.2499999999927867,250.875,162.46005003428647,0.6475736922143955,0.125,6,0.375,6,0.25,8,0.5714285714285714,0.125,2,0,5,0.03655913978494624,0.7921325051759834,1,1,-0.4532491396668016,1.096774193548387
normal_00283,0.08763523999999999,0.08745970750000001,0.0023932738597095306,0.0014573167032768536,-0.02018840785714286,0.46684672803473526,3.0306390622165824,0.0,0.9976067261402906,8,1.125,2.0,0.5625,9,16,2.0,1.125,0.4375,0.0,0.9544340029220797,12.733525003055556,6548.670001609714,5334.5274522529135,1426.322867897,-0.10217305182976186,2.749999999989901,326.375,99.90558042471902,0.3061067190339916,0.375,8,0.125,5,0.375,8,0.8888888888888888,0.125,5,0,4,0.038461538461538464,0.55,1,1,-0.21743058838350698,0.9615384615384616
normal_00286,0.07639312624999998,0.076207475,0.18646539779380722,0.35008373872383725,-0.030108018571428568,0.7816742893480774,3.5726236638764086,0.0,0.8135346022061929,8,1.5,2.75,0.5454545454545454,12,22,2.75,1.5,0.5,0.0,1.499999999995672,4.460943032777778,2294.1992740930004,2417.672437926365,109.563159027,0.02620469558167317,1.499999999995672,216.0,140.89813949902148,0.6523062013843587,0.125,8,0.125,7,0.25,8,0.6666666666666666,0.0,4,1,3,0.03655913978494624,0.7351778656126484,1,1,-0.4586303581685691,1.096774193548387
normal_00288,0.9911913475,0.99093955625,0.0002646930081209299,0.00016401327545341555,-0.14482470345238094,0.4231493972733805,2.719294525655438,0.0,0.9997353069918791,8,1.125,1.625,0.6923076923076923,9,13,1.625,1.125,0.6153846153846154,0.0,1.905639062223796,5.085238869166666,2615.265704202714,1881.5824590744537,192.544185654,-0.16315499623042065,2.2499999999927867,288.75,147.7775838404265,0.5117838401400052,0.0,7,0.25,5,0.375,8,0.8888888888888888,0.125,4,0,6,0.047619047619047616,0.5928571428571429,1,1,-0.22831482556870478,1.0
normal_00290,1.72181773375,1.7215672275,0.00015261147093384892,4.684992670641136e-05,-0.08323004761904762,0.3954795597610602,2.6235166412079165,0.0,0.9998473885290662,8,1.875,1.625,1.1538461538461537,15,13,1.625,1.875,0.8461538461538461,0.0625,1.7499999999942293,9.0368233625,4647.509157964714,4501.064648780532,216.714056533,-0.0160073594286586,2.1556390622223534,328.375,97.66113059232639,0.2974073257474728,0.0,7,0.25,6,0.25,8,0.5333333333333333,0.0,3,1,7,0.04666666666666667,0.6457516339869281,1,1,-0.35964516241129657,1.12
normal_00291,0.85700487375,0.8567974137500001,0.010867110829544346,0.0173699253056818,-0.19141334083333333,0.8145573333466427,3.628085278871196,0.0,0.9891328891704556,8,1.125,3.5,0.32142857142857145,9,28,3.5,1.125,0.2857142857142857,0.0,1.561278124454805,10.575834963611111,5439.000838492857,7351.547101150409,1323.897605246,0.14952809462757805,2.2499999999927867,178.125,74.17053226951292,0.416395970635862,0.0,5,0.375,6,0.375,8,0.8888888888888888,0.0,4,1,3,0.027777777777777776,0.8464546947305569,1,1,-0.3079234685341229,1.0
normal_00292,0.1664342325,0.16618157875,0.003697057908164584,0.0053668035657509485,-0.05086555797619048,0.6508298008009077,3.36576463716171,0.0,0.9963029420918355,8,1.125,3.5,0.32142857142857145,9,28,3.5,1.125,0.25,0.0,1.2987949406910706,6.564354618888889,3375.9538040955713,6133.232969768025,131.673670668,0.28995951296812816,1.4056390622252386,324.125,124.70357710529856,0.3847391503441529,0.125,7,0.25,8,0.125,8,0.8888888888888888,0.375,4,0,3,0.02631578947368421,0.8600721500721501,1,1,-0.3109476186780007,0.9736842105263158
normal_00295,0.7490902524999999,0.74888545875,0.0008412494374791816,0.000935443242038417,-0.23813655869047617,0.7204868238803948,3.647742678558191,0.03333333333333333,0.9991587505625208,8,1.25,3.75,0.3333333333333333,10,30,3.75,1.25,0.23333333333333334,0.0,1.4056390622252386,8.986844154166667,4621.805565140143,5617.826847936151,307.15994976,0.09727119515775408,1.905639062223796,302.75,148.64314889790822,0.49097654466691404,0.125,7,0.25,7,0.25,8,0.8,0.25,4,0,4,0.024390243902439025,0.8356115265206174,1,1,-0.39445793404905155,0.975609756097561
normal_00297,0.7237539100000001,0.7234817275000001,0.0023757782182025028,0.005622552297687899,-0.20807427952380952,0.5861292266770419,3.4817145729687606,0.0,0.9976242217817975,8,1.0,2.75,0.36363636363636365,8,22,2.75,1.0,0.3181818181818182,0.0,1.4056390622252386,8.375141082777779,4307.215414028714,5329.054063473552,188.155230177,0.10604089599512734,2.1556390622223534,181.625,133.10247126609957,0.7328422368401903,0.0,7,0.25,6,0.25,8,1.0,0.125,4,0,3,0.03225806451612903,0.8140786749482402,1,1,3.413374843717696e-08,0.967741935483871
normal_00300,1.5021103137499998,1.5018589625,0.00022890790266513972,0.00014504170254407532,0.0755470730952381,0.35723148987100717,2.1219280948801487,0.0,0.9997710920973348,8,1.625,1.25,1.3,13,10,1.25,1.625,0.9,0.0,1.561278124454805,4.858372785277778,2498.591718228857,836.5377827636244,1156.293020778,-0.49834764586221675,2.2499999999927867,275.75,110.01785569364898,0.3989768112190353,0.25,5,0.375,7,0.25,8,0.6153846153846154,0.0,4,0,6,0.049783549783549784,0.5976190476190475,1,1,-0.24048144481686065,1.0454545454545454
normal_00301,1.76215707375,1.7619555275,0.00017411211741957371,0.00015965373869603224,0.026723109047619077,0.39114510783683343,2.5073801024149796,0.0,0.9998258878825804,8,1.375,1.625,0.8461538461538461,11,13,1.625,1.375,0.5384615384615384,0.0,1.4056390622252386,8.619699687777779,4432.988410918714,4489.191528112966,194.093350958,0.006299258429924852,2.2499999999927867,252.875,128.07189666076516,0.5064632591626897,0.125,7,0.25,4,0.5,8,0.7272727272727273,0.375,4,0,7,0.04,0.6084033613445378,1,1,-0.2581988897471611,0.96
normal_00302,0.33894555875000004,0.33867782,0.02302522817208852,0.059218087350210044,-0.10657661857142858,0.6322243372116241,3.3502090290840276,0.0,0.9769747718279115,8,1.375,2.25,0.6111111111111112,11,18,2.25,1.375,0.5555555555555556,0.0,1.499999999995672,8.622758550833334,4434.561540463286,4716.05592551197,212.850446013,0.030762337743366945,2.1556390622223534,279.625,147.09174736489175,0.5260321765396218,0.0,5,0.25,6,0.375,8,0.7272727272727273,0.125,5,0,4,0.04131054131054131,0.681954887218045,1,1,-0.3274524864618565,1.0740740740740742
normal_00305,0.25666456375,0.25646097125,0.001667348633598833,0.0022534209258898907,-0.019457489642857144,0.4366248756749179,2.855388542195992,0.0,0.998332651366401,8,1.5,1.5,1.0,12,12,1.5,1.5,0.6666666666666666,0.0,1.4056390622252386,4.176718079444444,2148.026440996286,1337.014426373505,343.297582863,-0.232712339822535,1.905639062223796,263.25,185.7500240338381,0.7056031302330031,0.125,8,0.125,6,0.25,8,0.6666666666666666,0.0,3,0,7,0.043478260869565216,0.5999999999999999,1,1,-0.27374301675977647,1.0
normal_00308,1.1790859812499999,1.17885180125,0.0005239640686642642,0.000638627353556872,-0.2438682544047619,0.5787246154785611,2.3158243335170514,0.0,0.9994760359313357,8,1.625,1.625,1.0,13,13,1.625,1.625,0.6153846153846154,0.0625,1.2987949406910706,9.468011499444444,4869.263056858573,3930.8036628046,970.570430564,-0.1066423044221979,2.499999999991344,333.875,148.23286458426531,0.44397713091505897,0.25,5,0.375,6,0.25,8,0.6153846153846154,0.125,4,0,5,0.04,0.5960317460317461,1,1,-0.380952380952381,1.0
normal_00310,0.491194695,0.491012075,0.0006411938976562622,0.0004963040043535235,0.15699160976190477,0.4718711911357936,3.1808329871910135,0.0,0.9993588061023437,8,2.0,1.625,1.2307692307692308,16,13,1.625,2.0,0.6923076923076923,0.0,1.561278124454805,7.707128668888889,3963.666172668857,2465.8503001659856,592.417175957,-0.23295933354105997,2.499999999991344,335.375,126.54749249646497,0.37733132313519185,0.25,5,0.375,6,0.375,8,0.5,0.25,3,1,8,0.03835978835978836,0.7092857142857143,1,1,-0.4216115750601727,1.0357142857142858
normal_00311,1.6437370825000002,1.6435257462500001,0.003916037413258187,0.010117955332920236,-0.3295272532142857,0.5657814623645168,2.8221819586313313,0.0,0.9960839625867418,8,1.625,2.125,0.7647058823529411,13,17,2.125,1.625,0.5294117647058824,0.0,1.905639062223796,8.958610985,4607.285649529714,2083.715128714634,1386.639009035,-0.3771589040940509,2.9999999999884586,283.25,184.50687172646366,0.6513923097139053,0.125,5,0.375,7,0.25,8,0.6153846153846154,0.25,4,2,5,0.03694581280788178,0.6663265306122449,1,1,-0.39056673294247163,1.0344827586206897
normal_00313,0.71023709375,0.70991474125,0.03553262865844992,0.0493637160983289,0.00592184559523811,0.7721388210002104,3.614369445868001,0.0,0.9644673713415501,8,1.5,2.25,0.6666666666666666,12,18,2.25,1.5,0.5555555555555556,0.0,1.4056390622252386,6.5051721491666665,3345.517105396571,2508.3213842198165,18.915616689,-0.14301653908999756,2.499999999991344,257.875,110.60539576091472,0.42891089000839444,0.0,4,0.375,6,0.25,8,0.6666666666666666,0.125,3,0,5,0.03968253968253968,0.6681349206349205,1,1,-0.4088939979301872,1.0714285714285714
normal_00314,5.39658582,5.396304761250001,6.946150343106739e-05,6.769739305826409e-05,-0.5579468575,0.5188384557027086,3.0243974703332723,0.0,0.9999305384965689,8,1.5,2.0,0.75,12,16,2.0,1.5,0.5625,0.0,1.8112781244533624,10.852153778333333,5581.107657469858,4604.655694795749,357.377019177,-0.09586438727313631,2.749999999989901,259.375,183.1002360145159,0.7059286207788564,0.25,6,0.375,6,0.25,8,0.6666666666666666,0.125,3,0,7,0.039886039886039885,0.7374269005847953,1,1,-0.3892494720807614,1.037037037037037
normal_00317,0.13641987125,0.13628893250000002,0.017470009404270345,0.028893417961837132,-0.018341783571428575,0.6370100652576044,2.842370993165567,0.07142857142857142,0.9825299905957297,8,1.375,1.75,0.7857142857142857,11,14,1.75,1.375,0.7142857142857143,0.125,1.8112781244533624,6.761497741944444,3477.341695953714,4119.277018137503,217.096685426,0.08450276976426918,2.2499999999927867,295.75,155.84951532992147,0.5269637035669366,0.125,5,0.375,7,0.25,8,0.7272727272727273,0.0,3,1,4,0.04940711462450593,0.5736507936507937,1,1,-0.29082097668901447,1.0869565217391304
normal_00319,2.019514825,2.01931920875,0.00044589409298809255,0.0006699662317042127,-0.3144969596428572,0.6126656265405993,3.522571589117605,0.0,0.9995541059070119,8,1.125,2.625,0.42857142857142855,9,21,2.625,1.125,0.3333333333333333,0.0,1.499999999995672,5.7107317194444445,2936.9477415458573,1917.574518545482,282.999313949,-0.20998425146395258,2.4056390622209105,219.25,116.5243690024905,0.5314680456213934,0.0,6,0.25,4,0.5,8,0.8888888888888888,0.125,4,0,4,0.03225806451612903,0.7801242236024843,1,1,-0.26358852059333937,0.967741935483871
normal_00320,0.60282995375,0.60267181375,0.0002990236584356777,0.0002153837833415055,0.013730256785714278,0.39128597877095167,2.584962500711057,0.0,0.9997009763415643,8,1.75,1.5,1.1666666666666667,14,12,1.5,1.75,0.5833333333333334,0.0,1.4056390622252386,7.500056947777777,3857.172144663857,1485.844848064365,645.577141517,-0.44381803386117585,2.749999999989901,259.125,117.24143282742911,0.4524512603084577,0.125,8,0.125,7,0.25,8,0.5714285714285714,0.125,4,1,8,0.037037037037037035,0.7736842105263158,1,1,-0.3253000243161778,0.9629629629629629
normal_00322,3.6813904375,3.6811072962500004,9.249719314687242e-05,5.4264458386267265e-05,0.5310531779761906,0.1893904004248846,1.548794940689628,0.0,0.9999075028068531,8,1.875,1.0,1.875,15,8,1.0,1.875,0.875,0.0,1.8112781244533624,10.606513590833332,5454.778418148715,5660.305549267185,5.835696778,0.018490830273615276,2.1556390622223534,218.875,87.2753237911905,0.3987450544429035,0.25,8,0.125,7,0.25,8,0.5333333333333333,0.25,3,0,8,0.041666666666666664,0.5848214285714286,1,1,2.564048178174595e-08,0.9583333333333334
normal_00325,1.1505092575,1.1502914925,0.00047980360208780366,0.0004541192624179524,-0.3060909097619047,0.5449842829005074,3.350209029084027,0.0,0.9995201963979121,8,1.5,2.25,0.6666666666666666,12,18,2.25,1.5,0.6111111111111112,0.125,1.2987949406910706,6.156419953333333,3166.158833195857,2843.5787029646044,3.139626631,-0.053676242646254486,2.2499999999927867,257.25,92.72809714428524,0.36045907539080757,0.25,8,0.125,6,0.375,8,0.6666666666666666,0.125,4,0,3,0.042735042735042736,0.6805650489861016,1,1,-0.3631989401360747,1.1111111111111112
normal_00326,0.438348145,0.43812320375,0.0012131271287972273,0.0010129138412977544,-0.13680471916666664,0.6805901059154543,3.3496929689405586,0.038461538461538464,0.9987868728712027,8,1.0,3.25,0.3076923076923077,8,26,3.25,1.0,0.2692307692307692,0.0,1.2987949406910706,4.770927612222222,2453.619914940857,1142.4400822297152,856.178318529,-0.36461567208077605,2.499999999991344,237.125,148.30127395657416,0.6254139123102759,0.125,7,0.25,5,0.25,8,1.0,0.0,4,0,3,0.02857142857142857,0.7489177489177489,1,1,0.0,0.9714285714285714
normal_00331,1.0584292175,1.05810228375,0.0006236007882382674,0.0005991792128406571,-0.2347717694047619,0.5625785713937659,3.30827083451939,0.0,0.9993763992117617,8,1.125,2.25,0.5,9,18,2.25,1.125,0.4444444444444444,0.125,1.4056390622252386,5.2076878041666665,2678.239442251857,2951.3566265447353,124.03979535,0.04851452590119155,1.8112781244533624,184.75,130.97409776636863,0.7089261042834567,0.125,8,0.125,7,0.25,8,0.8888888888888888,0.0,3,0,4,0.038461538461538464,0.6679197994987469,1,1,-0.27532395226082984,1.0
normal_00334,2.1838876325000003,2.1835729437499998,0.0002086810991237541,0.00018691708850024035,0.14929311488095237,0.5422561783166769,3.235926350614606,0.0,0.9997913189008762,8,1.75,1.75,1.0,14,14,1.75,1.75,0.5,0.0,1.561278124454805,6.867568786388889,3531.892518771429,3515.726386791476,187.837572852,-0.002293843097445624,2.499999999991344,247.0,82.65764159644112,0.33464632225279806,0.25,8,0.125,6,0.25,8,0.5714285714285714,0.0,3,0,7,0.034482758620689655,0.7253968253968255,1,1,-0.3471099076163286,0.9655172413793104
normal_00335,0.74621567875,0.7459861149999999,0.0005264699096284315,0.00032699530689143805,0.22043568999999993,0.4592709010121071,2.950212064901763,0.07142857142857142,0.9994735300903715,8,1.75,1.75,1.0,14,14,1.75,1.75,0.6428571428571429,0.0,1.0612781244548048,4.444242470555555,2285.610413528714,1506.0112140459555,383.087388384,-0.20561102242193752,1.9999999999927867,291.875,131.24942176743374,0.44967681975994434,0.25,7,0.25,6,0.375,8,0.5714285714285714,0.125,3,0,8,0.039886039886039885,0.7383458646616541,1,1,-0.4000000000000004,1.037037037037037
normal_00336,0.31559085875,0.31542189,0.12686455949167716,0.35010928378429107,-0.11732323595238096,0.7633337283046803,3.2733494559470793,0.08695652173913043,0.8731354405083229,8,1.25,2.875,0.43478260869565216,10,23,2.875,1.25,0.391304347826087,0.0,1.905639062223796,12.384338475833333,6369.088359002858,4668.781934267785,1672.181692213,-0.1540429792667235,2.749999999989901,273.25,120.77221771346493,0.4419843283200912,0.0,7,0.25,5,0.25,8,0.8,0.125,5,0,3,0.03326612903225806,0.7335978835978838,1,1,-0.34922759185542585,1.03125
normal_00337,1.008209555,1.00799282375,0.0004740408947781626,0.000481472146543989,-0.2025855498809524,0.5638903585497873,3.5892750706905154,0.0,0.9995259591052218,8,1.375,3.125,0.44,11,25,3.125,1.375,0.4,0.125,1.905639062223796,10.067843094999999,5177.747877545144,3395.904623303784,349.66062822,-0.20782779032214438,2.499999999991344,262.5,143.54193016079208,0.5468264006125413,0.125,7,0.25,5,0.25,8,0.7272727272727273,0.25,3,1,4,0.03208556149732621,0.8307692307692308,1,1,-0.3903288676457333,1.0588235294117647
normal_00339,4.2348307,4.2345627675,0.00012963393379601177,0.00013328313491165088,1.4862416190476193,0.3952876541481879,2.8553885421959917,0.0,0.999870366066204,8,1.75,1.5,1.1666666666666667,14,12,1.5,1.75,0.5833333333333334,0.0,1.561278124454805,8.903485463333332,4578.935381267856,3978.40082543333,1169.872301249,-0.07017774472437492,2.499999999991344,244.375,144.13876002955325,0.5898261279981719,0.125,6,0.25,7,0.25,8,0.5714285714285714,0.125,3,1,8,0.037037037037037035,0.6988304093567251,1,1,-0.3253000243161778,0.9629629629629629
normal_00341,8.28543665875,8.28508797875,0.00016510561396999488,0.0003533005595245667,-1.6396897741666667,0.6280092036177161,3.184183719763319,0.0,0.99983489438603,8,1.75,2.5,0.7,14,20,2.5,1.75,0.35,0.0,1.2987949406910706,5.9846970113888895,3077.844177337,2836.936969304299,295.714261825,-0.04072969093192904,2.2499999999927867,296.625,150.71916884438707,0.5081135064286121,0.125,6,0.25,7,0.25,8,0.5714285714285714,0.125,3,0,6,0.02857142857142857,0.8272406605739939,1,1,-0.4630125581104267,0.9714285714285714
normal_00343,1.0575744425,1.0573552725000002,0.0006225664350726981,0.0005714509090363007,0.11700606452380956,0.6101147710501438,3.039148671890086,0.0,0.9993774335649273,8,1.25,1.75,0.7142857142857143,10,14,1.75,1.25,0.5,0.0,1.561278124454805,8.953838002777777,4604.830972940429,5158.532325583419,67.901663668,0.0567121529449494,2.1556390622223534,193.375,122.95752751022839,0.6358501745842451,0.25,6,0.375,5,0.25,8,0.8,0.125,5,1,7,0.04,0.6351540616246497,1,1,-0.25107007095560624,0.96
normal_00344,1.1996702925,1.19947264125,0.0004208512763161337,0.000611641541991219,-0.32255409440476196,0.5233060632422948,2.655639062219467,0.0,0.9995791487236839,8,1.125,2.0,0.5625,9,16,2.0,1.125,0.5,0.0,1.2987949406910706,9.11764295,4689.073517257143,3999.7090187930694,466.278575391,-0.07933959626724048,2.4056390622209105,222.375,101.10381863637566,0.45465460882012665,0.0,5,0.25,5,0.375,8,0.8888888888888888,0.0,3,0,4,0.041666666666666664,0.6291316526610644,1,1,-0.23054314153030475,1.0
normal_00346,5.7993886562500006,5.799140371249999,6.538219854415302e-05,7.031441591936957e-05,-0.6594501072619046,0.3742439098,2.3522170014538264,0.0,0.9999346178014559,8,1.5,2.0,0.75,12,16,2.0,1.5,0.6875,0.08333333333333333,1.0612781244548048,2.751847266111111,1415.235736908,1632.0579969587288,52.209796272,0.07115239914059802,1.2987949406910706,211.375,155.50373215548788,0.7356770297125388,0.125,6,0.25,6,0.25,8,0.6666666666666666,0.0,3,0,4,0.04666666666666667,0.5775910364145659,1,1,-0.428085771650762,1.12
normal_00349,27.343511783750003,27.343277755000003,1.5552237443604505e-05,2.422137208316809e-05,-2.1532375192857143,0.4019249655397824,1.9877733714807704,0.0,0.9999844477625563,8,1.0,1.625,0.6153846153846154,8,13,1.625,1.0,0.5384615384615384,0.0,1.4056390622252386,11.238804414166667,5779.956555902428,5462.155019714817,857.283714628,-0.02826884736466083,2.749999999989901,320.625,136.14691382053851,0.4246297507073326,0.125,7,0.25,5,0.25,8,1.0,0.125,5,2,8,0.045454545454545456,0.45918367346938777,1,1,0.0,0.9545454545454546
normal_00350,3.8834375225,3.88320459375,0.0001023201503044056,0.00014381030791770787,0.011155856547619017,0.43158126261487295,2.450825794507989,0.08333333333333333,0.9998976798496957,8,1.375,1.5,0.9166666666666666,11,12,1.5,1.375,0.5833333333333334,0.0,1.548794940689628,2.76087327,1419.877681765857,1340.8056993566126,39.205067938,-0.028642177132639664,1.561278124454805,267.75,153.8587014113924,0.5746356728716803,0.125,7,0.25,7,0.25,8,0.7272727272727273,0.0,4,0,8,0.041666666666666664,0.63125,1,1,-0.2725865102545525,0.9583333333333334
normal_00352,0.70887828875,0.7087280050000001,0.0037925302376734613,0.008970769060865998,0.22352380833333335,0.7314375407847755,3.4528195310974703,0.0,0.9962074697623264,8,2.375,2.0,1.1875,19,16,2.0,2.375,0.9375,0.0,1.8112781244533624,6.773216337222222,3483.3684020557143,2771.2207717270503,258.159128122,-0.11386001710771972,2.499999999991344,325.5,113.2367936166131,0.3478856946746946,0.0,4,0.375,7,0.25,8,0.42105263157894735,0.25,3,0,5,0.046296296296296294,0.688809523809524,1,1,-0.5652190872863903,1.25
normal_00357,0.42269383,0.42250780125,0.006988027918561678,0.012841631277754085,-0.13705255011904763,0.7707979755665714,3.553508854778922,0.0,0.9930119720814383,8,1.375,3.0,0.4583333333333333,11,24,3.0,1.375,0.4166666666666667,0.0,0.9544340029220797,5.827324461666667,2996.9097232564286,2009.1965289214406,163.364826318,-0.1973016840993518,2.499999999991344,273.875,141.07185352558056,0.515095768235803,0.125,6,0.25,6,0.375,8,0.7272727272727273,0.25,3,0,5,0.03314393939393939,0.7980317460317461,1,1,-0.4060997031360555,1.0606060606060606
normal_00358,0.25815478125,0.25795751499999997,0.08152196773098232,0.14836124413885804,-0.024713537619047616,0.6651244440387788,3.0391486718900866,0.0,0.9184780322690177,8,1.375,1.75,0.7857142857142857,11,14,1.75,1.375,0.6428571428571429,0.125,1.905639062223796,4.329429778611111,2226.563886222143,1872.473960481716,5.570303326,-0.08638366831015232,2.2499999999927867,248.75,60.18246066279254,0.24193954035293486,0.125,6,0.25,5,0.375,8,0.7272727272727273,0.125,3,2,5,0.04528985507246377,0.7333333333333333,1,1,-0.5399055247990175,1.0416666666666667
normal_00359,1.05036989125,1.0501028525,0.0007201828252961026,0.0008206328384121592,-0.2968499211904762,0.6248443554246986,3.5724312513033647,0.0,0.9992798171747039,8,1.25,2.25,0.5555555555555556,10,18,2.25,1.25,0.5,0.0,1.499999999995672,7.2822449491666665,3745.1545452959995,2553.2706469795353,1751.349370416,-0.1892352233980972,2.499999999991344,197.625,135.8307113389941,0.6873154273952895,0.375,6,0.25,5,0.375,8,0.8,0.125,5,0,5,0.039886039886039885,0.6147451963241436,1,1,-0.31644577898035303,1.037037037037037
normal_00360,0.18396348750000002,0.18375856375,0.0038187374596080764,0.005201655867447976,-0.042252718690476185,0.6494424259009531,3.0243974703332723,0.0625,0.9961812625403919,8,1.375,2.0,0.6875,11,16,2.0,1.375,0.625,0.125,1.561278124454805,7.902534785277778,4064.160746803,4004.947814910819,29.544672867,-0.007338224717056569,2.499999999991344,289.125,132.65361714954153,0.45881060838579,0.125,6,0.375,4,0.375,8,0.7272727272727273,0.0,3,0,6,0.045,0.6351073762838468,1,1,-0.3406873914847765,1.08
normal_00362,0.31849344125,0.31828186,0.0073097227726289125,0.01757608486493337,-0.07448043047619048,0.6358529561783617,3.7871439606764996,0.0,0.9926902772273711,8,1.5,2.375,0.631578947368421,12,19,2.375,1.5,0.5789473684210527,0.0,1.561278124454805,6.541143486944445,3364.0166505058564,2584.741010403583,224.990815592,-0.1309980477475256,2.499999999991344,272.125,127.38292944616133,0.4681044720116172,0.25,8,0.125,5,0.375,8,0.6666666666666666,0.0,4,0,4,0.041005291005291,0.7396031746031744,1,1,-0.37288347153349144,1.1071428571428572
normal_00363,0.6944342324999999,0.6942071974999999,0.0016423066191529902,0.0023153205789187923,-0.11633966,0.566382160966534,2.7534343861772435,0.0,0.998357693380847,8,1.5,1.75,0.8571428571428571,12,14,1.75,1.5,0.7142857142857143,0.125,1.4056390622252386,7.770018621111111,3996.0095767054286,3324.8466392639693,79.76707744,-0.0916782023361439,2.2499999999927867,294.625,136.931617448794,0.46476577835823163,0.0,7,0.25,6,0.25,8,0.6666666666666666,0.125,3,2,5,0.04710144927536232,0.5446428571428571,1,1,-0.29419134175726314,1.0833333333333333
normal_00366,13.404885496250001,13.40478314,4.917067368500232e-05,0.00010402661352182995,-3.238964627142858,0.5875756742893122,2.983458593331365,0.125,0.999950829326315,8,1.125,2.0,0.5625,9,16,2.0,1.125,0.5,0.0,0.543564443196711,11.708170080833334,6021.344613024143,5965.943266145462,336.553518226,-0.004621674847314877,2.1556390622223534,311.375,164.26106181493967,0.5275345220873213,0.0,6,0.25,6,0.375,8,0.8888888888888888,0.0,3,0,6,0.041666666666666664,0.5974789915966386,1,1,-0.25933952524498316,1.0
normal_00371,0.6628155275,0.6626403125000001,0.04733728410935572,0.13141994263715912,-0.22530883452380954,0.7233679064283943,3.3908054820596694,0.0,0.9526627158906443,8,1.125,2.75,0.4090909090909091,9,22,2.75,1.125,0.3181818181818182,0.125,1.4056390622252386,6.243201808055556,3210.7895013152856,3190.258903973962,73.64335432,-0.0032073804229255827,2.1556390622223534,297.375,125.85018020306072,0.4232036324609019,0.0,7,0.25,7,0.25,8,0.8888888888888888,0.25,3,0,5,0.03125,0.7515782828282829,1,1,-0.2735717511281232,0.96875
normal_00372,0.68226292,0.68205264,0.00045163759498404815,0.00040241842810369646,-0.004342149523809516,0.4755808684722636,2.625814583683812,0.0,0.999548362405016,8,2.0,1.5,1.3333333333333333,16,12,1.5,2.0,0.9166666666666666,0.0,1.4056390622252386,6.3510831677777775,3266.271343547143,2751.756935370405,4.874005959,-0.08549551187374661,2.499999999991344,211.375,138.03305763475646,0.6530245186741879,0.125,6,0.25,5,0.375,8,0.5,0.0,3,0,6,0.04666666666666667,0.6709617180205416,1,1,-0.36707856958511276,1.12
normal_00374,1.11132373875,1.11107317375,0.0005120464070536908,0.0005100813032879131,-0.10084752607142858,0.6067887467799243,3.4613201401936955,0.0,0.9994879535929462,8,2.25,2.25,1.0,18,18,2.25,2.25,0.6111111111111112,0.0,1.548794940689628,7.393483284166666,3802.362831983715,3677.6273433627084,510.177551031,-0.016675889365754346,2.1556390622223534,257.75,181.03886717655806,0.7023816379303901,0.0,6,0.25,7,0.25,8,0.4444444444444444,0.125,5,0,6,0.03409090909090909,0.7846580086580084,1,1,-0.5356896807128709,1.0909090909090908
normal_00377,2.0446395649999998,2.0443884375,0.03259209059050117,0.0908090145907405,-0.5589306552380952,0.7347515636378978,3.788754913971863,0.0,0.9674079094094988,8,1.375,2.75,0.5,11,22,2.75,1.375,0.45454545454545453,0.0,1.4056390622252386,8.361845587222222,4300.377730643857,2156.337201921397,803.889699539,-0.3320636811621839,2.749999999989901,290.625,133.6733091212624,0.45995117116993517,0.0,6,0.25,6,0.25,8,0.7272727272727273,0.125,3,0,5,0.035483870967741936,0.6779534475186648,1,1,-0.37917247042382346,1.064516129032258
normal_00384,1.29815733125,1.2979632462499997,0.0006631700363058763,0.0009070057591379133,-0.4047087986904762,0.6084858657493462,3.2210972500420874,0.05263157894736842,0.9993368299636941,8,1.125,2.375,0.47368421052631576,9,19,2.375,1.125,0.42105263157894735,0.0,1.561278124454805,6.947174766944445,3572.8327373937145,2447.1732016673313,832.36885006,-0.18698644936917702,2.1556390622223534,256.875,138.59234930440527,0.5395322600658113,0.0,6,0.375,6,0.25,8,0.8888888888888888,0.125,4,0,4,0.037037037037037035,0.712142857142857,1,1,-0.24906774069336074,1.0
normal_00385,0.37386990875000004,0.37361717875,0.001979419076229649,0.003043626191315179,-0.06050423535714286,0.6546612030995386,3.2575004134861976,0.043478260869565216,0.9980205809237703,8,1.25,2.875,0.43478260869565216,10,23,2.875,1.25,0.34782608695652173,0.125,1.8112781244533624,9.199034749722221,4730.932157018143,4260.586779500447,228.074278603,-0.052309891225097944,2.499999999991344,262.125,108.79001726786726,0.41503106253835864,0.0,7,0.25,5,0.25,8,0.8,0.125,4,1,6,0.03125,0.803030303030303,1,1,-0.3381048045969377,1.0
normal_00387,1.6643070925,1.6641567625,0.00011526165878922098,8.221238511683083e-05,0.04073883952380951,0.3854189892111598,3.022055208861216,0.08333333333333333,0.9998847383412108,8,1.5,1.5,1.0,12,12,1.5,1.5,0.6666666666666666,0.125,1.499999999995672,7.821813378333333,4022.646880354999,2943.983244343184,5.532667222,-0.1548329130016137,2.499999999991344,274.125,155.6189829588372,0.5676935082857718,0.125,7,0.25,7,0.25,8,0.6666666666666666,0.0,4,0,7,0.043478260869565216,0.6083333333333333,1,1,-0.3104647905689472,1.0
normal_00388,1.7478384825,1.74760202375,0.000136255947655938,2.9790535139089716e-05,-0.19693267869047618,0.440237936181965,2.3496017527044826,0.0,0.9998637440523441,8,1.5,2.0,0.75,12,16,2.0,1.5,0.625,0.0,1.8112781244533624,10.201432554444445,5246.451028016,7072.806473117645,80.619665116,0.14825207159876147,2.499999999991344,238.0,97.56170208788751,0.4099231180163341,0.125,7,0.25,6,0.375,8,0.6666666666666666,0.25,4,1,5,0.043076923076923075,0.7092592592592593,1,1,-0.3803188713155468,1.0769230769230769
normal_00389,2.24277870125,2.2425469025,0.00026723921400940965,0.00036851436322623583,-0.5003295314285715,0.5908314445499095,3.5219280948686067,0.0,0.9997327607859906,8,1.125,2.5,0.45,9,20,2.5,1.125,0.4,0.125,1.4056390622252386,3.200096114722222,1645.763716174143,1184.1052334739834,492.052608176,-0.16313776041027037,1.905639062223796,221.25,73.32851715786586,0.3314283261372468,0.375,8,0.125,6,0.25,8,0.8888888888888888,0.0,5,2,4,0.03571428571428571,0.7376417233560091,1,1,-0.30194054243855856,1.0
normal_00391,0.9020538300000001,0.9017829975,0.0019474918288315813,0.002930225647062572,-0.1566957280952381,0.7160268632143956,2.928212945828017,0.0,0.9980525081711684,8,1.75,2.5,0.7,14,20,2.5,1.75,0.6,0.0,1.2987949406910706,6.811413011388889,3503.012405934143,3037.5736854210613,37.204368961,-0.0711616228289173,2.499999999991344,298.75,98.44323962858714,0.3295171200956892,0.0,7,0.25,7,0.25,8,0.5714285714285714,0.25,4,0,5,0.03908045977011494,0.7063754427390792,1,1,-0.47692307692307695,1.1333333333333333
normal_00393,0.017854290000000002,0.017675787499999998,0.019888231119627082,0.02259097346729802,-0.005504896190476191,0.47340482001155526,3.108694969548415,0.0,0.9801117688803729,8,1.25,2.5,0.5,10,20,2.5,1.25,0.45,0.0,1.4056390622252386,8.025888482222221,4127.599790884001,4808.534859932887,584.585115687,0.07620018001705461,2.2499999999927867,282.0,153.65452901139713,0.5448742163524721,0.25,6,0.25,5,0.25,8,0.8,0.0,4,0,3,0.03694581280788178,0.6347213632927919,1,1,-0.3110026075493229,1.0344827586206897
normal_00395,0.10150972125000002,0.10129091999999999,0.004630330351665243,0.0045612575774337145,-0.027857636428571426,0.5845626935397148,3.0053148568798522,0.05263157894736842,0.9953696696483347,8,1.5,2.375,0.631578947368421,12,19,2.375,1.5,0.5263157894736842,0.0625,1.8112781244533624,6.315399225555556,3247.919601715286,2485.9429657247474,613.903612931,-0.13289063472107843,2.499999999991344,255.5,141.08659954591212,0.5521980412755856,0.0,8,0.125,6,0.25,8,0.6666666666666666,0.0,4,1,3,0.038177339901477834,0.6959183673469388,1,1,-0.36628680812849335,1.0689655172413792
normal_00396,2.6011782825,2.6008526025,0.0005616943918831371,0.0008489929872219134,-0.7002669414285714,0.612558751359017,3.077819531100356,0.0,0.9994383056081169,8,1.125,2.0,0.5625,9,16,2.0,1.125,0.5,0.0,1.4056390622252386,5.378658384444444,2766.1671692621426,2831.616647516106,461.280638399,0.011692033918457401,1.905639062223796,313.125,147.41916671276402,0.4707997340128192,0.0,7,0.25,6,0.25,8,0.8888888888888888,0.0,4,0,4,0.041666666666666664,0.5523809523809523,1,1,-0.23054314153030475,1.0
normal_00398,0.1978253525,0.19764261375,0.0019861906126766673,0.0021593954044515336,-0.03939390416666667,0.6399903991512453,3.115834092148793,0.0,0.9980138093873233,8,1.5,2.375,0.631578947368421,12,19,2.375,1.5,0.5789473684210527,0.0,1.7499999999942293,9.344063924999999,4805.518590023143,4208.255657164977,492.231956344,-0.06626113728602472,2.1556390622223534,323.0,130.04834265984104,0.40262644786328494,0.125,6,0.25,5,0.5,8,0.6666666666666666,0.125,5,2,5,0.041005291005291,0.6582142857142856,1,1,-0.37863299181799687,1.1071428571428572
normal_00404,1.6715184450000002,1.6712954187500002,0.0002638027030680488,0.0003078387948676685,-0.21707998511904764,0.5849122842450869,3.292770193921121,0.0,0.9997361972969319,8,1.25,2.125,0.5882352941176471,10,17,2.125,1.25,0.47058823529411764,0.125,1.905639062223796,13.814253343055556,7104.473147972286,6907.427099555169,55.533153522,-0.014062764145918609,2.749999999989901,311.625,117.06156804983314,0.375648834496055,0.25,6,0.25,6,0.25,8,0.8,0.125,3,2,7,0.038461538461538464,0.7137844611528823,1,1,-0.27761495581878776,1.0
normal_00406,0.114919625,0.11469973875,0.007177601437349154,0.007961385057721083,-0.02431426035714286,0.5469326265139378,2.896291529034386,0.07142857142857142,0.9928223985626508,8,1.25,1.75,0.7142857142857143,10,14,1.75,1.25,0.6428571428571429,0.0625,1.561278124454805,4.752561285833333,2444.174375711714,2144.4566747836066,124.769939445,-0.06531745473320513,2.1556390622223534,326.0,138.73304272183012,0.42556148074181016,0.125,8,0.125,7,0.25,8,0.8,0.25,3,0,4,0.04743083003952569,0.6084656084656085,1,1,-0.23611253444038216,1.0434782608695652
normal_00407,0.35804597375,0.35783382875,0.002064082840398347,0.0025908356143108393,-0.12379801059523808,0.6507850907438435,3.177566232082098,0.0,0.9979359171596017,8,1.375,2.625,0.5238095238095238,11,21,2.625,1.375,0.47619047619047616,0.0,1.4056390622252386,7.9982505561111115,4113.386000360143,3117.4561115810416,122.197097418,-0.13773359635863147,2.4056390622209105,301.75,115.85181421601845,0.3839331042784373,0.125,5,0.25,6,0.375,8,0.7272727272727273,0.0,3,1,3,0.0367816091954023,0.7448412698412699,1,1,-0.41268858374407863,1.0666666666666667
normal_00409,2.69902632625,2.698719885,0.0001337572832378517,8.22931890858435e-05,0.0314860804761905,0.2821631360738143,3.095795254987949,0.0,0.9998662427167622,8,2.25,1.375,1.6363636363636365,18,11,1.375,2.25,0.9090909090909091,0.0,1.2987949406910706,6.554825345833333,3371.0530351094285,2653.6873917603016,594.259000656,-0.11906996692334644,2.1556390622223534,332.375,174.11977609844158,0.5238654414394632,0.0,7,0.25,6,0.25,8,0.4444444444444444,0.125,5,0,7,0.04131054131054131,0.7368421052631579,1,1,-0.4501587354969312,1.0740740740740742
normal_00410,0.37331459,0.37312252625,0.0014355850848390514,0.0029345979498389707,-0.05806243392857144,0.5509717141893545,2.9999999999870157,0.1875,0.9985644149151609,8,1.625,2.0,0.8125,13,16,2.0,1.625,0.6875,0.0,1.499999999995672,8.803770735833332,4527.653521362428,3324.295099122319,916.103573039,-0.15325602349214293,2.749999999989901,250.5,134.44064011408796,0.5366891820921675,0.125,8,0.125,7,0.25,8,0.6153846153846154,0.25,5,2,6,0.04461538461538461,0.718915343915344,1,1,-0.42659538379366857,1.1153846153846154
normal_00412,1.0973749725,1.0972019175,0.00016569799657844823,0.00012587699467266368,0.05738931547619049,0.06877562858661344,0.9544340029220797,0.0,0.9998343020034215,8,1.125,1.0,1.125,9,8,1.0,1.125,0.875,0.0,1.4056390622252386,3.793987398333333,1951.1935191474283,1006.6175000449946,640.346122071,-0.31934968561998706,2.2499999999927867,308.75,135.59050746378122,0.43915953834423066,0.125,7,0.25,7,0.25,8,0.8888888888888888,0.125,4,0,8,0.05555555555555555,0.16666666666666666,1,1,0.0,0.9444444444444444
normal_00413,1.1666893137499998,1.16640285125,0.008542833362169646,0.014365899423746992,-0.4678821544047619,0.76347819354021,3.2464393446565882,0.05,0.9914571666378303,8,1.375,2.5,0.55,11,20,2.5,1.375,0.35,0.125,1.2987949406910706,8.619952960277777,4433.118665343286,3971.1659302939092,332.20728169,-0.05496633649093514,2.499999999991344,267.625,141.23934852380398,0.5277509519805847,0.125,6,0.25,7,0.25,8,0.7272727272727273,0.125,4,0,4,0.03125,0.7375661375661376,1,1,-0.3661669186184116,0.96875
normal_00414,5.80705796875,5.80688260875,2.997839553580857e-05,2.67292659622505e-05,-0.14173338130952381,0.19567235859030058,2.1971597234169358,0.1111111111111111,0.9999700216044642,8,2.375,1.125,2.111111111111111,19,9,1.125,2.375,0.7777777777777778,0.0,1.8112781244533624,9.989855921666667,5137.64018842,4344.635170081025,527.145798451,-0.08363024573295406,2.4056390622209105,336.375,143.0453849058303,0.4252556964870466,0.0,7,0.25,6,0.375,8,0.42105263157894735,0.125,3,0,8,0.034482758620689655,0.7693877551020408,1,1,-0.30246429052071977,0.9655172413793104
normal_00417,0.0160195925,0.01584196,0.28788450093239193,0.4375628095050931,-0.005075046904761904,0.701181950531593,3.435755433924314,0.0,0.7121154990676081,8,1.5,2.875,0.5217391304347826,12,23,2.875,1.5,0.4782608695652174,0.0,1.7499999999942293,8.418071516666666,4329.293922927857,2280.7780110994904,806.217778364,-0.30990826306791164,2.749999999989901,316.125,127.73458811144302,0.4040635448365141,0.0,5,0.375,7,0.25,8,0.6666666666666666,0.0,4,1,3,0.03528225806451613,0.8063492063492063,1,1,-0.44789790687867603,1.09375
normal_00418,2.14125829875,2.14099312875,0.00012509704458250534,5.150753887926247e-05,0.0868218236904762,0.21027207690340524,3.0957952549879493,0.0,0.9998749029554175,8,1.75,1.375,1.2727272727272727,14,11,1.375,1.75,0.9090909090909091,0.0,1.499999999995672,8.011479698055556,4120.189559075,2603.619205892135,62.949821715,-0.22555227345022172,2.749999999989901,359.875,128.12988666639356,0.3560399768430526,0.125,5,0.25,6,0.25,8,0.5714285714285714,0.125,3,0,8,0.04940711462450593,0.6155555555555555,1,1,-0.4512217947232173,1.0869565217391304
normal_00420,3.354165715,3.3539272025,8.956773188646665e-05,6.234155839787395e-05,0.23472669380952382,0.35772934948299207,2.9139770731712105,0.0,0.9999104322681136,8,2.0,1.375,1.4545454545454546,16,11,1.375,2.0,0.9090909090909091,0.0,1.561278124454805,6.316888961944445,3248.6857518950005,1828.9934718171735,674.27296112,-0.27959471591825424,2.749999999989901,228.375,142.4649706318815,0.6238203421209918,0.25,5,0.375,5,0.25,8,0.5,0.125,5,0,7,0.045,0.63109243697479,1,1,-0.3432212391874419,1.08
normal_00422,1.98791706125,1.98766875375,0.0006793557297545116,0.001548358299098862,-0.44691029059523807,0.429651411580717,2.8073549220460627,0.0,0.9993206442702456,8,1.75,1.75,1.0,14,14,1.75,1.75,0.7142857142857143,0.0,1.499999999995672,6.002683373888888,3087.094306589572,3311.187076153662,467.899297688,0.03502390035056743,2.1556390622223534,263.625,127.55831999520846,0.4838627595835314,0.125,7,0.25,7,0.25,8,0.5714285714285714,0.0,5,0,6,0.043076923076923075,0.6854497354497354,1,1,-0.35119026496735595,1.0769230769230769
normal_00424,0.1758875675,0.17570856375,0.0021002834605985494,0.002583063852452747,-0.01087640511904762,0.5597788989619848,2.5220552088641015,0.0,0.9978997165394015,8,1.125,1.5,0.75,9,12,1.5,1.125,0.5833333333333334,0.0,1.2987949406910706,4.927770651666666,2534.2820494820003,2542.1563452868318,382.817373602,0.0015511457428392698,2.2499999999927867,329.25,136.06694780774018,0.4132633190819747,0.375,8,0.125,5,0.25,8,0.8888888888888888,0.0,3,0,5,0.045454545454545456,0.5071428571428571,1,1,-0.18512624294300756,0.9545454545454546
normal_00426,0.380953495,0.38068255125000006,0.009538187499450337,0.021226647750233692,-0.11045991654761905,0.6292352422822558,2.9708400130875585,0.0,0.9904618125005497,8,1.125,2.375,0.47368421052631576,9,19,2.375,1.125,0.42105263157894735,0.0,1.905639062223796,6.689090799166667,3440.103839577857,2061.440448587532,592.422277218,-0.25059570890959243,2.499999999991344,183.5,53.27020072905945,0.2903008214117681,0.0,8,0.125,4,0.375,8,0.8888888888888888,0.25,4,0,5,0.037037037037037035,0.6397619047619048,1,1,-0.26270724590783634,1.0
normal_00428,2.36127002125,2.36105012,0.00011900855956554705,9.83251216152542e-05,-0.25634876238095244,0.4065043604234599,2.522055208865544,0.0,0.9998809914404345,8,1.625,1.5,1.0833333333333333,13,12,1.5,1.625,0.75,0.0,1.499999999995672,8.477589178611112,4359.903006194571,2865.365682661394,952.634609871,-0.20684868451166474,2.749999999989901,411.625,76.36367404915582,0.18551758044131386,0.0,6,0.25,7,0.25,8,0.6153846153846154,0.125,3,0,5,0.04528985507246377,0.6330357142857143,1,1,-0.3386670053338414,1.0416666666666667
normal_00429,0.49341178625000004,0.49313611749999997,0.06528166358960566,0.17513387889655554,-0.17664682928571424,0.6506181022269321,3.434462151981631,0.037037037037037035,0.9347183364103943,8,1.125,3.375,0.3333333333333333,9,27,3.375,1.125,0.25925925925925924,0.0,1.4056390622252386,4.004893341111111,2059.659432581143,2145.65350926339,60.856761694,0.02044891257118388,2.1556390622223534,194.5,97.59537459765777,0.5017757048722764,0.125,8,0.125,8,0.125,8,0.8888888888888888,0.125,5,0,3,0.02702702702702703,0.7883888142508833,1,1,-0.3134739159065035,0.972972972972973
normal_00434,0.20018472875,0.19996845875000002,0.005094992064375794,0.006827080616298609,-0.06184782511904762,0.5100512591047142,2.5935346841568694,0.0,0.9949050079356242,8,1.375,2.625,0.5238095238095238,11,21,2.625,1.375,0.47619047619047616,0.0,0.9544340029220797,5.118090846111111,2632.161006693286,1983.3291147265543,96.858400531,-0.14057702971903116,2.499999999991344,237.625,141.71595081107037,0.5963848534921425,0.25,6,0.375,4,0.375,8,0.7272727272727273,0.25,3,0,3,0.0367816091954023,0.733044733044733,1,1,-0.4708709557974187,1.0666666666666667
normal_00435,0.36001345500000004,0.35978572875000003,0.001910751588090484,0.002379540248733754,-0.08281150559523809,0.49072311318191736,3.249999999985573,0.0,0.9980892484119095,8,1.25,2.0,0.625,10,16,2.0,1.25,0.5625,0.125,1.0612781244548048,6.221526111666667,3199.6420003370004,3776.9610037034204,3.904322472,0.08275073170023753,2.1556390622223534,284.375,136.44249181039083,0.47979777339917656,0.125,6,0.375,6,0.25,8,0.8,0.125,4,0,3,0.043333333333333335,0.5518207282913166,1,1,-0.2584376312588668,1.04
normal_00436,1.1071672762499998,1.1069205012499999,0.0010664838775593436,0.0024045553625000834,-0.019029894166666655,0.5007655565448632,3.202819531100356,0.0,0.9989335161224406,8,1.75,2.0,0.875,14,16,2.0,1.75,0.625,0.0,1.4056390622252386,2.7422331780555558,1410.2913488128572,708.4061113787548,590.648422529,-0.33128148337451874,1.905639062223796,291.25,139.43431633363636,0.4787444337635583,0.125,7,0.25,5,0.25,8,0.5714285714285714,0.375,5,2,8,0.03968253968253968,0.8097619047619048,1,1,-0.40999518886019587,1.0714285714285714
normal_00440,16.599517625,16.599233787499998,3.12409263372986e-05,3.1996519504158154e-05,-2.7309419466666673,0.5868392268893753,2.899397470334715,0.0,0.9999687590736628,8,1.5,2.0,0.75,12,16,2.0,1.5,0.6875,0.0,1.2987949406910706,6.292022439999999,3235.8972549721425,1746.4969914531864,1129.18394393,-0.29893263958137034,2.499999999991344,234.875,112.14459734773546,0.47746502330062995,0.0,5,0.375,4,0.375,8,0.6666666666666666,0.25,4,0,6,0.04666666666666667,0.6114845938375351,1,1,-0.37375069058661137,1.12
normal_00441,0.750909745,0.7507644600000001,0.000912850553668277,0.002099997365118122,-0.08082255285714288,0.5589468144687264,3.3082708345193907,0.0,0.9990871494463318,8,1.625,2.25,0.7222222222222222,13,18,2.25,1.625,0.6111111111111112,0.0,1.499999999995672,8.031585733611111,4130.529805929,3138.379977624539,422.994330642,-0.13649224682211286,2.499999999991344,377.25,64.3555969371962,0.17059137690442994,0.125,5,0.5,7,0.25,8,0.6153846153846154,0.125,5,0,5,0.041005291005291,0.8048809523809524,1,1,-0.3999979339003055,1.1071428571428572
normal_00442,3.6677889437499998,3.6675786475,0.00012665832099080407,0.00015142365842638197,-0.9309632935714285,0.6217250877303782,3.4841837197618766,0.0,0.9998733416790092,8,1.5,2.5,0.6,12,20,2.5,1.5,0.35,0.0,1.0612781244548048,3.589278922222222,1845.9148744195713,1496.790871810389,180.413304134,-0.10444353440410918,1.9999999999927867,344.375,121.83001917191251,0.3537713805354991,0.0,6,0.25,7,0.25,8,0.6666666666666666,0.0,5,0,4,0.030303030303030304,0.7879999999999999,1,1,-0.38659453913710656,0.9696969696969697
normal_00443,3.517111335,3.51686182125,0.00014651404352194303,0.0002232585778160767,-0.14410877559523808,0.5087204181171854,2.8402239289303104,0.0,0.999853485956478,8,2.125,1.875,1.1333333333333333,17,15,1.875,2.125,0.9333333333333333,0.0625,1.905639062223796,7.969009955555555,4098.347977251286,3104.576953878722,128.373077878,-0.13796770518565696,2.4056390622209105,341.375,171.39839764211834,0.502082453730116,0.0,8,0.125,5,0.5,8,0.47058823529411764,0.0,5,0,7,0.04923076923076923,0.66657848324515,1,1,-0.415717097311201,1.2307692307692308
normal_00444,6.48444827125,6.484252572499999,3.594584525117755e-05,2.9677513128096593e-05,-0.7357063511904762,0.5050280686599298,3.235926350614606,0.14285714285714285,0.9999640541547488,8,1.5,1.75,0.8571428571428571,12,14,1.75,1.5,0.7142857142857143,0.0,1.561278124454805,7.041595057222222,3621.3917437852856,2270.866653722289,579.435101493,-0.22920330354728993,2.749999999989901,301.375,164.5226319646371,0.5459067008366225,0.25,6,0.25,6,0.25,8,0.6666666666666666,0.25,3,0,6,0.04710144927536232,0.7166666666666667,1,1,-0.3530784122127747,1.0833333333333333
normal_00448,0.1017588875,0.10160175999999999,0.003006376085470641,0.003564419994237878,-0.028740743809523808,0.6318532878870514,3.266332639954753,0.05555555555555555,0.9969936239145294,8,1.125,2.25,0.5,9,18,2.25,1.125,0.4444444444444444,0.125,1.499999999995672,6.6515456238888895,3420.794892402143,1919.3074058266068,868.897679005,-0.28117204553807185,2.4056390622209105,305.25,122.88641677814286,0.40257630394149996,0.125,5,0.25,7,0.25,8,0.8888888888888888,0.0,3,0,4,0.038461538461538464,0.6701754385964912,1,1,-0.23699064403820946,1.0
normal_00449,2.9429057312499998,2.94261886,0.00010259752154463783,5.209940421378575e-05,-0.5213981021428571,0.4477857895141357,2.9502120649017627,0.0,0.9998974024784554,8,1.5,1.75,0.8571428571428571,12,14,1.75,1.5,0.7857142857142857,0.125,1.561278124454805,4.883987908888889,2511.765210302714,3138.9361649420853,217.374723799,0.11098993080521814,2.1556390622223534,295.25,103.52190934428187,0.3506245871101841,0.125,5,0.375,6,0.25,8,0.6666666666666666,0.0,4,0,5,0.05138339920948617,0.5523809523809523,1,1,-0.29419134175726314,1.1304347826086956
normal_00450,0.8495637137500001,0.8493990712499999,0.0003799559791091094,0.00035406981226506265,-0.25050803773809527,0.5611067801102534,3.222191575489366,0.0,0.9996200440208909,8,1.25,2.75,0.45454545454545453,10,22,2.75,1.25,0.3181818181818182,0.0,1.499999999995672,5.777556252499999,2971.3146441844287,2081.5071247151295,427.399849217,-0.1761011094723589,2.1556390622223534,202.0,101.7532028277945,0.5037287268702698,0.125,6,0.25,6,0.25,8,0.8,0.375,5,1,4,0.030303030303030304,0.7652380952380952,1,1,-0.35682062007003157,0.9696969696969697
normal_00451,2.86841090375,2.86808750125,0.0001337807708618475,9.316454868881538e-05,0.18889677202380956,0.3762268079878028,3.0930692077589055,0.0,0.9998662192291381,8,1.75,1.75,1.0,14,14,1.75,1.75,0.7142857142857143,0.0,1.2987949406910706,5.267168782222222,2708.8296595144284,3049.829907173372,150.958670778,0.059215212101012604,1.905639062223796,295.375,78.37991269633895,0.2653573007070299,0.0,6,0.375,7,0.25,8,0.5714285714285714,0.25,4,1,7,0.043076923076923075,0.7722222222222223,1,1,-0.4000000000000004,1.0769230769230769
normal_00452,1.32968521875,1.32947569875,0.0007489784424449462,0.0011518097968292603,0.5591674598809524,0.7131376993541653,2.623516641207916,0.0,0.999251021557555,8,1.875,1.625,1.1538461538461537,15,13,1.625,1.875,0.9230769230769231,0.0,0.9544340029220797,5.275439266666667,2713.083051508,2226.6105364353307,19.716108049,-0.09848232616290983,1.7499999999942293,226.625,88.49202950387276,0.39047779152288037,0.0,6,0.25,6,0.25,8,0.5333333333333333,0.0,3,0,7,0.050724637681159424,0.7577380952380952,1,1,-0.40113406088421066,1.1666666666666667
normal_00454,3.4256883499999997,3.425475795,0.0010755432384571754,0.0024523516709585346,-0.673205875,0.692867952056278,3.703465189581449,0.08,0.9989244567615427,8,1.5,3.125,0.48,12,25,3.125,1.5,0.44,0.0,1.905639062223796,7.853802403611112,4039.0983790557143,3660.2564263841346,591.28002777,-0.04920437650229022,2.4056390622209105,256.125,128.96448846761766,0.5035216728847932,0.0,7,0.25,6,0.25,8,0.6666666666666666,0.0,3,0,3,0.03297682709447415,0.783904983904984,1,1,-0.4396841210318647,1.088235294117647
normal_00457,0.45946176125000004,0.45919425,0.001121551723799354,0.0010832725238750752,-0.014181830476190486,0.5963465385896661,3.01687569575358,0.0,0.9988784482762006,8,1.75,2.25,0.7777777777777778,14,18,2.25,1.75,0.6666666666666666,0.0,1.561278124454805,3.320919628611111,1707.9015233321427,1975.090346300902,163.284066531,0.07254667738253266,1.4056390622252386,327.875,125.02164098381414,0.38130885545959325,0.25,6,0.25,8,0.125,8,0.5714285714285714,0.0,4,0,6,0.042328042328042326,0.7267063492063492,1,1,-0.4369902195443293,1.1428571428571428
normal_00462,4.55547878,4.55525816,0.00040487645041377987,0.0009557215910902915,-0.9463658773809523,0.5205481344476391,2.7773627950526274,0.0,0.9995951235495861,8,1.625,1.625,1.0,13,13,1.625,1.625,0.5384615384615384,0.0,1.4056390622252386,8.581055942777777,4413.114484986,3455.894966625249,458.34653908,-0.1216442201838698,2.499999999991344,206.75,123.18250107636462,0.5958041164515822,0.125,8,0.125,6,0.25,8,0.6153846153846154,0.0,4,2,6,0.037037037037037035,0.6924812030075188,1,1,-0.35064935064935104,0.9629629629629629
normal_00463,1.191591415,1.19135979125,0.002438635298837051,0.004349134038834214,-0.3321056379761905,0.5884571112015986,3.0930692077589055,0.0,0.997561364701163,8,1.0,1.75,0.5714285714285714,8,14,1.75,1.0,0.5,0.0,1.499999999995672,5.6492508725,2905.3290202415715,2998.8370971485983,169.268207253,0.015837643292523147,2.1556390622223534,304.125,122.10936257540381,0.401510440034209,0.125,7,0.25,6,0.25,8,1.0,0.0,4,0,4,0.043478260869565216,0.4531746031746032,1,1,0.0,0.9565217391304348
normal_00464,2.47297903625,2.47284602625,7.437118921835958e-05,9.101107158274941e-05,-0.13589693273809525,0.3408061977108993,2.3158243335170514,0.0,0.9999256288107816,8,1.625,1.625,1.0,13,13,1.625,1.625,0.6923076923076923,0.0,1.2987949406910706,3.6294588930555554,1866.5788593865716,1501.8562560622292,289.492547284,-0.10827657081818176,1.905639062223796,233.75,138.15389969161203,0.5910327259534204,0.125,7,0.25,6,0.25,8,0.6153846153846154,0.0,5,0,8,0.043333333333333335,0.6666666666666667,1,1,-0.3809523809523811,1.04
normal_00466,1.2373243475,1.2371239825,0.0023643026604739225,0.005673717786293193,-0.16209402047619045,0.6247493249933822,3.484183719760434,0.05,0.9976356973395262,8,1.625,2.5,0.65,13,20,2.5,1.625,0.6,0.0,0.9999999999971146,6.276895288333333,3228.117576984143,2300.1049335059447,430.903844086,-0.16786817855418198,1.9999999999927867,359.5,157.9801072468122,0.4394439700884901,0.0,5,0.5,5,0.25,8,0.6153846153846154,0.125,3,0,4,0.04064039408866995,0.6948979591836734,1,1,-0.4450824179152781,1.1379310344827587
normal_00468,0.34898084749999997,0.34881868250000003,0.0009318861829972016,0.0012165574300281885,-0.0003852523809523827,0.5086894932393229,3.323231428781751,0.0,0.9990681138170028,8,1.625,1.875,0.8666666666666667,13,15,1.875,1.625,0.8,0.0625,1.4056390622252386,8.717908898055555,4483.496004769286,4808.6658282007475,646.945871403,0.03499399055639655,2.1556390622223534,243.0,124.64349160706307,0.5129361794529345,0.125,5,0.375,6,0.375,8,0.6153846153846154,0.25,5,0,6,0.050724637681159424,0.6062500000000001,1,1,-0.4385290096535143,1.1666666666666667
normal_00469,0.25773789375,0.25750028,0.18599882379719446,0.35565616080902973,-0.10728034928571428,0.6740915873955553,3.263933429469764,0.0,0.8140011762028055,8,1.0,2.125,0.47058823529411764,8,17,2.125,1.0,0.4117647058823529,0.0,1.8112781244533624,4.814059304166667,2475.801927872571,2005.0051468368665,157.358906551,-0.10506963883648882,2.2499999999927867,302.875,98.57040630939896,0.3254491335019363,0.5,6,0.25,6,0.25,8,1.0,0.125,3,1,3,0.038461538461538464,0.5596119929453263,1,1,0.0,0.9615384615384616
normal_00472,1.52421075625,1.5239826975,0.000540366884212542,0.000734085488343187,0.37383931571428575,0.6511643145977849,3.2927701939211205,0.0,0.9994596331157874,8,1.875,2.125,0.8823529411764706,15,17,2.125,1.875,0.4117647058823529,0.0,1.499999999995672,7.605359733888889,3911.327863261285,3640.280978854238,225.392656746,-0.03589260117597872,2.499999999991344,284.25,136.6557196544869,0.4807589081952045,0.25,6,0.25,6,0.25,8,0.5333333333333333,0.0,3,2,8,0.030303030303030304,0.7978961038961039,1,1,-0.4593392393350621,0.9696969696969697
normal_00477,1.7225129625,1.7223237325,0.0018692579125696195,0.003837393617137713,-0.420055263095238,0.6264530941331202,3.101881223461591,0.0,0.9981307420874304,8,1.375,2.125,0.6470588235294118,11,17,2.125,1.375,0.5294117647058824,0.125,1.4056390622252386,6.445772828333333,3314.968883284286,2855.4212663360163,264.488784584,-0.07447626581222719,1.905639062223796,168.375,123.72889430409651,0.7348412430829786,0.125,7,0.25,6,0.375,8,0.7272727272727273,0.125,3,0,6,0.039886039886039885,0.7225563909774436,1,1,-0.45462698005136365,1.037037037037037
normal_00479,0.3774027125,0.37714412375,0.0006960642951417272,0.00041778984097249337,0.005991550595238093,0.2644909841434203,2.0494520727807375,0.0,0.9993039357048583,8,1.75,1.375,1.2727272727272727,14,11,1.375,1.75,0.9090909090909091,0.0,1.4056390622252386,6.426559982222222,3305.087990965428,2716.1167347434875,5.005265739,-0.0978161818194277,1.905639062223796,277.125,119.71566015235553,0.4319915567067407,0.125,6,0.25,7,0.25,8,0.5714285714285714,0.0,3,0,8,0.04940711462450593,0.6355555555555555,1,1,-0.29939247542604797,1.0869565217391304
normal_00481,1.68072899,1.68051889,0.00015819529624956272,0.00014939210650002243,-0.1026880169047619,0.3771471511505483,2.481714572977417,0.0,0.9998418047037505,8,1.75,1.375,1.2727272727272727,14,11,1.375,1.75,0.9090909090909091,0.0,1.561278124454805,4.539238367222222,2334.4654461292857,2263.8574701937073,276.552147311,-0.015355158221910928,1.8112781244533624,337.5,91.51736759450947,0.2711625706503984,0.25,7,0.25,6,0.25,8,0.5714285714285714,0.0,3,0,6,0.04940711462450593,0.7193650793650793,1,1,-0.29939247542604797,1.0869565217391304
normal_00482,1.47345799,1.4732615412499999,0.0013130914234692757,0.003385570649703347,-0.09484748345238095,0.32227016780887563,1.5709505944488977,0.0,0.9986869085765308,8,1.375,1.25,1.1,11,10,1.25,1.375,0.8,0.125,0.9544340029220797,10.194469933055556,5242.870251349715,2563.9777624033704,1759.171813007,-0.3431464893676707,2.9999999999884586,229.625,112.62572340024533,0.4904767486129356,0.125,7,0.25,7,0.25,8,0.7272727272727273,0.0,5,0,7,0.05,0.43589743589743585,1,1,-0.25587720840288025,1.0
normal_00486,3.11562897375,3.11536769125,9.800773126148561e-05,6.870212861350524e-05,0.2845846872619048,0.3134247015548443,2.845350936610895,0.0,0.9999019922687384,8,2.625,1.375,1.9090909090909092,21,11,1.375,2.625,0.9090909090909091,0.0,1.499999999995672,10.570193348888889,5436.0994366422865,4232.0267341681465,33.063115896,-0.12454044157071736,2.499999999991344,316.125,132.81613230327105,0.4201380223116522,0.125,5,0.375,6,0.25,8,0.38095238095238093,0.125,3,2,8,0.0367816091954023,0.8015151515151515,1,1,-0.5015568278463086,1.0666666666666667
normal_00488,0.13521716374999998,0.13497900875,0.01664412658640669,0.04043047570722495,-0.0402385225,0.6354296487199779,3.5535088547789226,0.0,0.9833558734135933,8,1.25,3.0,0.4166666666666667,10,24,3.0,1.25,0.3333333333333333,0.0,1.0612781244548048,3.001668487222222,1543.7152220285714,2102.261053983308,43.485908587,0.15319513613667762,1.499999999995672,248.625,159.04531025555488,0.6396995887604018,0.0,5,0.375,6,0.25,8,0.8,0.0,3,0,3,0.030303030303030304,0.8226107226107225,1,1,-0.3961669204802868,1.0
normal_00492,2.23218484125,2.23200895,8.286738908119884e-05,5.046084980319734e-05,0.17769216547619052,0.1946135800665136,1.657742726499118,0.0,0.9999171326109189,8,2.0,1.125,1.7777777777777777,16,9,1.125,2.0,0.8888888888888888,0.0625,1.499999999995672,10.565098643055554,5433.4793021708565,8245.742083261566,100.267631951,0.2055864659143251,1.7499999999942293,322.375,146.30783349792705,0.4538436091444034,0.125,6,0.25,6,0.25,8,0.5,0.125,4,0,8,0.041666666666666664,0.7,1,1,-0.2593395252449828,1.0
normal_00493,1.0275421675,1.0272402975,0.00035154975737629795,0.00022608611972154191,0.09681710666666665,0.548152622641729,3.4713544869951742,0.0,0.9996484502426237,8,2.125,2.375,0.8947368421052632,17,19,2.375,2.125,0.6842105263157895,0.125,1.7499999999942293,8.625492018055555,4435.9673237034285,3956.2876092756674,295.085095566,-0.05715742887442096,2.4056390622209105,208.625,109.25715079572595,0.523701142220376,0.25,7,0.25,7,0.25,8,0.47058823529411764,0.125,4,1,8,0.03870967741935484,0.8407867494824017,1,1,-0.5115073714537806,1.1612903225806452
normal_00498,0.26531050749999996,0.26520579375,0.008622084011785266,0.017831107120838966,-0.0588098463095238,0.621350031721828,2.9999999999870157,0.0625,0.9913779159882147,8,1.125,2.0,0.5625,9,16,2.0,1.125,0.5,0.0,1.2987949406910706,8.043125236944444,4136.4644075854285,3329.6518531691718,1250.528591592,-0.10806321871214904,2.4056390622209105,322.125,100.05346784880287,0.3106044791580997,0.0,7,0.25,5,0.375,8,0.8888888888888888,0.25,4,0,3,0.041666666666666664,0.611064425770308,1,1,-0.22841609628806347,1.0
normal_00500,1.7294285575,1.7292053275000001,0.00018000567452424934,0.0001453567229780621,-0.2497938180952381,0.4639561053900736,2.789898095452746,0.0,0.9998199943254757,8,1.25,1.875,0.6666666666666666,10,15,1.875,1.25,0.5333333333333333,0.0,1.561278124454805,5.888534421388889,3028.389131117857,2637.7024479089764,284.866537912,-0.06895170643817618,2.2499999999927867,328.625,112.89304356652931,0.3435315133253079,0.125,6,0.25,5,0.5,8,0.8,0.125,5,0,6,0.041666666666666664,0.6126050420168068,1,1,-0.28589099071337487,1.0
normal_00503,0.26937846,0.26916375249999996,0.01963712954523155,0.03375519451618735,-0.10960928047619048,0.704144659958524,3.6069367321565666,0.0,0.9803628704547684,8,1.375,2.75,0.5,11,22,2.75,1.375,0.45454545454545453,0.0,1.8112781244533624,3.5476406775,1824.500919986143,1326.65745106793,171.099111926,-0.1579874478830725,1.905639062223796,320.75,154.8628425413921,0.48281478578766046,0.375,6,0.375,4,0.375,8,0.7272727272727273,0.25,5,0,3,0.035483870967741936,0.7272852751113621,1,1,-0.4038178617322805,1.064516129032258
normal_00511,0.022241801250000002,0.02210718125,0.05415032197253447,0.09007689414361086,-0.008122429880952381,0.6456773493217817,3.535174565617148,0.0,0.9458496780274654,8,1.5,2.625,0.5714285714285714,12,21,2.625,1.5,0.5238095238095238,0.0,1.499999999995672,6.564525430833333,3376.0416501459995,2075.494312597035,1335.129630826,-0.23856530461088105,2.499999999991344,283.875,100.19614691764777,0.35295868575129113,0.25,6,0.25,6,0.25,8,0.6666666666666666,0.25,4,0,3,0.03793103448275862,0.6898071625344352,1,1,-0.39976965066157033,1.1
normal_00514,3.30358620875,3.3033592150000004,0.00023874589422102387,0.00031990062634927146,-1.2119564423809523,0.6441745548740649,2.910992253002061,0.0,0.999761254105779,8,1.25,2.125,0.5882352941176471,10,17,2.125,1.25,0.5294117647058824,0.125,1.905639062223796,4.817757983888889,2477.704106013286,2005.8814529686251,182.827878738,-0.10523333319679033,2.1556390622223534,311.625,173.10272548815797,0.5554840769776429,0.125,6,0.25,5,0.375,8,0.8,0.0,4,1,3,0.04153846153846154,0.6597883597883596,1,1,-0.3274567371502187,1.0384615384615385
normal_00515,0.3746062725,0.374441095,0.0029621040920570917,0.006581196752015449,-0.05769882476190476,0.5234306691595019,3.7201755214441463,0.0,0.9970378959079429,8,1.625,3.0,0.5416666666666666,13,24,3.0,1.625,0.5,0.0,1.0612781244548048,3.803957551111111,1956.3210263401431,1649.9843620568122,203.911660518,-0.08494473742266768,1.7499999999942293,266.0,125.55818230150173,0.4720232417349689,0.0,6,0.25,5,0.5,8,0.6153846153846154,0.375,4,0,4,0.035037878787878785,0.8406349206349207,1,1,-0.48185230252807365,1.121212121212121
normal_00516,0.15763944875,0.15740668875,0.01967694337077555,0.030847601289199146,-0.044831968452380945,0.7878680658255162,3.7923766229473626,0.0,0.9803230566292245,8,1.375,3.25,0.4230769230769231,11,26,3.25,1.375,0.38461538461538464,0.0,0.9544340029220797,9.026248840277779,4642.070832229286,3827.3738799589587,631.645976111,-0.09619248722385655,2.4056390622209105,208.0,81.58781421616483,0.39224910680848474,0.25,6,0.25,7,0.25,8,0.7272727272727273,0.0,4,0,3,0.031092436974789917,0.8131152797819463,1,1,-0.44811915100562105,1.0571428571428572
normal_00517,0.26621960624999996,0.26596341875,0.12569271750353989,0.3519529951806212,-0.04460954821428571,0.6226882260354636,3.0516016368572765,0.0,0.8743072824964602,8,1.75,2.125,0.8235294117647058,14,17,2.125,1.75,0.7647058823529411,0.0,1.2987949406910706,14.984796506944443,7706.466775088715,3933.6977325930293,83.7497831,-0.32411647103491587,2.749999999989901,336.25,136.01969395222568,0.4045195359173998,0.125,7,0.25,7,0.25,8,0.5714285714285714,0.25,5,0,5,0.047692307692307694,0.5923280423280423,1,1,-0.43448040119698195,1.1923076923076923
normal_00518,15.9157459475,15.9155291725,5.233195991148027e-05,0.00011304725807668734,-1.9844133161904758,0.6255026447653035,3.0416256143547957,0.047619047619047616,0.9999476680400885,8,1.5,2.625,0.5714285714285714,12,21,2.625,1.5,0.5238095238095238,0.0,0.8112781244562475,2.733604898611111,1405.8539479787141,1732.447312595636,4.218784705,0.10406692586203502,1.561278124454805,251.5,130.10215766301275,0.5173048018410049,0.25,8,0.125,6,0.375,8,0.6666666666666666,0.125,3,0,6,0.03793103448275862,0.7791847041847042,1,1,-0.414640618881407,1.1
normal_00519,4.42909409,4.42888307375,0.00026432492621145977,0.0004076814295305456,1.6365553848809524,0.5112414111348044,3.121928094874378,0.1,0.9997356750737886,8,2.625,1.25,2.1,21,10,1.25,2.625,0.8,0.0,1.2987949406910706,7.000839042777778,3600.4315077748574,2939.836805833489,358.537579764,-0.10100422035696424,2.499999999991344,327.5,130.56470754818417,0.3986708627425471,0.375,7,0.25,5,0.25,8,0.38095238095238093,0.25,4,2,8,0.03333333333333333,0.7749482401656315,1,1,-0.43235831763794236,1.0
normal_00520,0.3774190675,0.377253795,0.001037835609461673,0.0013889547226005128,-0.13411784571428573,0.3903297099370466,3.37499999998413,0.0,0.9989621643905384,8,1.0,2.0,0.5,8,16,2.0,1.0,0.4375,0.0,1.548794940689628,11.454771379722223,5891.0252811062865,4416.07526584527,523.644670575,-0.14310038099873293,2.499999999991344,133.875,90.70428797550233,0.6775296954285888,0.125,5,0.25,6,0.25,8,1.0,0.0,3,0,3,0.04,0.5252100840336136,1,1,0.0,0.96
normal_00521,4.0200297225,4.01985517625,9.276634084740424e-05,0.00011154180769759233,-0.7191070186904762,0.4760694685541225,2.8749999999870157,0.0,0.9999072336591527,8,1.25,2.0,0.625,10,16,2.0,1.25,0.5,0.0,1.4056390622252386,6.864192423055556,3530.1561033414287,2676.597162764072,1033.325946853,-0.13752100397458397,2.499999999991344,280.625,143.9929933811265,0.51311534389711,0.125,7,0.25,5,0.25,8,0.8,0.25,5,0,5,0.04,0.717989417989418,1,1,-0.33290015143059093,1.0
normal_00524,1.2583835424999998,1.25819811625,0.00015280594455093597,8.880647211036362e-05,0.07954049083333334,0.32438790654924865,2.2221915754980217,0.0,0.9998471940554491,8,1.875,1.375,1.3636363636363635,15,11,1.375,1.875,0.9090909090909091,0.0,1.561278124454805,4.066479515833334,2091.3323224697147,3126.6596031312934,85.988352333,0.1984148874554515,1.2987949406910706,326.875,106.52623754603505,0.32589288733012634,0.125,7,0.25,6,0.25,8,0.5333333333333333,0.0,3,1,8,0.04710144927536232,0.6330357142857143,1,1,-0.32623634869622214,1.0833333333333333
normal_00525,4.1233614124999995,4.12310226875,9.085891975290966e-05,5.9290922587972825e-05,-0.9332072803571427,0.5498809237220246,2.8278195311032417,0.0,0.9999091410802471,8,1.5,2.0,0.75,12,16,2.0,1.5,0.4375,0.0,1.499999999995672,10.879309709444444,5595.073564976285,3641.980943122776,1556.076952287,-0.21144106274798258,2.499999999991344,268.25,135.42393753374202,0.5048422648042573,0.25,7,0.25,6,0.25,8,0.6666666666666666,0.125,4,0,5,0.034482758620689655,0.6984126984126984,1,1,-0.3400837588319136,0.9655172413793104
normal_00526,0.2826542775,0.28235763750000004,0.0034516095163292324,0.004386188789115788,-0.055075055,0.5470816771739127,3.572623663876409,0.0,0.9965483904836708,8,1.375,2.75,0.5,11,22,2.75,1.375,0.4090909090909091,0.0,1.4056390622252386,7.14600533388889,3675.088457431714,2824.9222778380363,915.276614558,-0.13079458084285697,2.4056390622209105,325.25,169.95272451899254,0.5225295142782246,0.0,6,0.25,6,0.25,8,0.7272727272727273,0.125,3,0,4,0.03326612903225806,0.7406655844155844,1,1,-0.4038178617322805,1.03125
normal_00527,5.08640936,5.08618088375,6.719064729797789e-05,7.099364450963181e-05,0.09003750678571423,0.2522307870176172,2.1971597234169358,0.0,0.999932809352702,8,1.625,1.125,1.4444444444444444,13,9,1.125,1.625,0.7777777777777778,0.125,1.7499999999942293,8.032717314722222,4131.1117619484285,2486.2364255814805,1311.929414806,-0.2485701658357105,2.499999999991344,203.5,55.40758070878027,0.2722731238760701,0.0,6,0.25,5,0.25,8,0.6153846153846154,0.0,3,0,7,0.043478260869565216,0.551111111111111,1,1,-0.20254787341673403,0.9565217391304348
normal_00530,0.91970515875,0.91949328,0.0007597311695512952,0.0011615446423362075,-0.24236657095238096,0.5820683531463656,3.37499999998413,0.0,0.9992402688304487,8,1.625,2.0,0.8125,13,16,2.0,1.625,0.6875,0.0,1.4056390622252386,5.224790281388889,2687.0350019912853,3265.6673760929066,47.89396045,0.09720498982646053,1.905639062223796,275.875,105.40593301273753,0.3820785972369281,0.0,5,0.25,6,0.25,8,0.6153846153846154,0.0,3,0,5,0.04461538461538461,0.6091710758377425,1,1,-0.3800885017128732,1.1153846153846154
normal_00532,0.7695830975,0.7693423037499999,0.0005028614848902182,0.0005079424045432276,-0.0414720594047619,0.49185383275964384,2.6644977791903623,0.14285714285714285,0.9994971385151097,8,2.0,1.75,1.1428571428571428,16,14,1.75,2.0,0.8571428571428571,0.125,0.9544340029220797,4.544817237222222,2337.3345791498573,2387.2813732871646,580.960250153,0.010571609341399281,2.1556390622223534,315.75,126.57662840012313,0.400876099446154,0.125,7,0.25,6,0.25,8,0.5,0.125,3,0,7,0.046153846153846156,0.7214285714285714,1,1,-0.42591880501528934,1.1538461538461537
normal_00533,1.4518639675000002,1.4516073275,0.0003028242691372223,0.00036756847712452145,0.2457033130952381,0.30709529831701515,2.1971597234169358,0.0,0.9996971757308628,8,1.625,1.125,1.4444444444444444,13,9,1.125,1.625,0.8888888888888888,0.125,1.7499999999942293,10.385907851944443,5341.32403815257,2793.1607779827364,1867.883854369,-0.31325441226657375,2.9999999999884586,337.25,140.18533650645696,0.41567186510439424,0.0,7,0.25,6,0.375,8,0.6153846153846154,0.0,3,0,7,0.047619047619047616,0.569047619047619,1,1,-0.22831482556870444,1.0
normal_00534,14.104947993749999,14.104697358749998,7.066337749043027e-05,0.00015348401334674535,-0.7031779298809523,0.39813890048035117,2.625814583683812,0.08333333333333333,0.9999293366225096,8,2.375,1.5,1.5833333333333333,19,12,1.5,2.375,0.9166666666666666,0.0,1.499999999995672,8.556612045277777,4400.543337699285,4115.455038646571,493.330641596,-0.03347679114695221,2.749999999989901,278.75,104.63917594695184,0.375387178285029,0.125,8,0.125,6,0.375,8,0.42105263157894735,0.125,3,1,6,0.041005291005291,0.7661904761904761,1,1,-0.41302787309395067,1.1071428571428572
normal_00542,17.51591878125,17.5157151925,1.1590179483738123e-05,7.738500310803934e-06,0.14917045738095233,0.011202341763156523,0.543564443196711,0.0,0.9999884098205163,8,1.25,1.0,1.25,10,8,1.0,1.25,0.875,0.0,1.2987949406910706,3.672932561111111,1888.9367458254287,918.235497084724,433.096978427,-0.34579326266577554,2.2499999999927867,216.125,155.33046568985935,0.7187066081659195,0.0,7,0.25,6,0.25,8,0.8,0.125,4,0,8,0.05263157894736842,0.2727272727272727,1,1,0.0,0.9473684210526315
normal_00543,0.143753355,0.143612455,0.0015373712763483943,0.0012528569426247694,-0.036312659047619045,0.3716704049488994,3.086048612298611,0.0,0.9984626287236517,8,1.5,2.25,0.6666666666666666,12,18,2.25,1.5,0.6111111111111112,0.0,1.905639062223796,7.888277995555555,4056.8286835235713,4949.677336231085,880.604852899,0.0991337429574977,2.4056390622209105,314.75,156.4514986459747,0.49706592103566233,0.0,6,0.25,5,0.375,8,0.6666666666666666,0.0,3,0,3,0.042735042735042736,0.6460317460317458,1,1,-0.427862549840558,1.1111111111111112
normal_00547,0.73014687625,0.7300196449999998,0.0008187287836782069,0.0007965499342744254,-0.22021763190476193,0.6733722670344483,3.106890595594092,0.0,0.9991812712163217,8,1.25,1.875,0.6666666666666666,10,15,1.875,1.25,0.5333333333333333,0.125,1.499999999995672,8.906476155277778,4580.473451341857,2704.017723656583,694.759871876,-0.25759599162197844,2.749999999989901,280.625,143.27589519126076,0.5105599828641809,0.125,7,0.25,5,0.25,8,0.8,0.125,3,0,5,0.041666666666666664,0.5823529411764707,1,1,-0.38061688781733,1.0
normal_00549,1.1485182762500001,1.1482612162499999,0.0004271350815232667,0.0004239531949430622,-0.2853186986904762,0.5995983197545168,3.086048612298611,0.05555555555555555,0.9995728649184767,8,1.125,2.25,0.5,9,18,2.25,1.125,0.3888888888888889,0.0,1.499999999995672,11.902815947222223,6121.44820144657,5220.123603841176,1534.872561114,-0.07947087168157524,2.499999999991344,203.625,124.45072174502302,0.611176042946706,0.125,8,0.125,6,0.375,8,0.8888888888888888,0.25,4,2,5,0.03571428571428571,0.6822510822510823,1,1,-0.2529822128134703,0.9642857142857143
normal_00550,0.5028214775,0.50260097625,0.004659802655399683,0.0073377108688157154,-0.14155551273809522,0.7194053768133373,3.3371753411072067,0.0,0.9953401973446003,8,1.625,2.125,0.7647058823529411,13,17,2.125,1.625,0.47058823529411764,0.0,1.4056390622252386,4.570855999166667,2350.725942500857,2058.6020050339075,183.120347614,-0.06625135189372218,1.9999999999927867,303.0,122.89368227397674,0.40558971047517073,0.0,6,0.25,7,0.25,8,0.6153846153846154,0.125,3,0,5,0.034482758620689655,0.7036075036075036,1,1,-0.35829077522435815,1.0
normal_00552,1.82096266625,1.82075705625,0.000544361854547113,0.0009787621172483128,-0.508353381547619,0.46424761815184246,3.30827083451939,0.0,0.9994556381454529,8,1.75,2.25,0.7777777777777778,14,18,2.25,1.75,0.6666666666666666,0.0,0.9544340029220797,10.091219555555554,5189.770057263285,4773.802640798189,118.513737188,-0.04174882133855732,2.499999999991344,188.625,106.09959943373961,0.5624895927567375,0.0,6,0.25,7,0.25,8,0.5714285714285714,0.125,4,0,3,0.042328042328042326,0.7192857142857142,1,1,-0.4117782731443596,1.1428571428571428
normal_00556,10.84457938625,10.8443888825,3.413493848755491e-05,4.995455499821712e-05,-2.0982329147619048,0.5464224232119673,2.7534343861772435,0.0,0.9999658650615124,8,1.25,1.75,0.7142857142857143,10,14,1.75,1.25,0.6428571428571429,0.125,1.905639062223796,3.9708738375,2042.1636878882855,1448.8802148581076,496.962729416,-0.16994443196874257,1.9999999999927867,283.875,181.87471158543653,0.6406859060693493,0.0,6,0.25,4,0.375,8,0.8,0.0,3,1,4,0.04743083003952569,0.5844444444444442,1,1,-0.350823207722812,1.0434782608695652
normal_00560,4.767025867499999,4.766800111249999,8.82101323811866e-05,7.338120642394813e-05,-1.0256101122619046,0.5498046385723615,3.5219280948686067,0.0,0.9999117898676189,8,1.25,2.5,0.5,10,20,2.5,1.25,0.45,0.125,0.9544340029220797,8.596555047222223,4421.085452889857,5338.178776483437,393.152291791,0.09397156404817134,2.1556390622223534,277.875,132.45747295965276,0.4766800646321287,0.0,6,0.375,7,0.25,8,0.8,0.0,3,0,4,0.03694581280788178,0.6806122448979591,1,1,-0.33114956313952126,1.0344827586206897
normal_00562,0.133161495,0.13289411125,0.013519063319067074,0.013990479611919454,-0.006396239404761901,0.7166738792219741,3.1462863706476774,0.0,0.986480936680933,8,1.125,2.125,0.5294117647058824,9,17,2.125,1.125,0.47058823529411764,0.0,0.8112781244562475,5.34607548611111,2749.4102500978565,1644.383663230197,665.725644025,-0.25149713633943827,2.1556390622223534,259.625,152.47851136659037,0.5873028844163327,0.0,6,0.25,5,0.375,8,0.8888888888888888,0.125,5,0,3,0.04,0.7285714285714285,1,1,-0.2337781281232218,1.0
normal_00564,0.302042305,0.30174080625,0.0020889352714535897,0.0024854639213513882,-0.02563200535714286,0.48801665169683567,2.9852281360212674,0.0,0.9979110647285464,8,1.75,1.75,1.0,14,14,1.75,1.75,0.8571428571428571,0.0,0.9544340029220797,5.672247521944445,2917.1558684952856,2458.422906806392,678.557964528,-0.08533647833356318,2.1556390622223534,287.75,138.90052967090205,0.48271252709262225,0.0,4,0.375,5,0.375,8,0.5714285714285714,0.25,3,0,5,0.050724637681159424,0.6,1,1,-0.3471099076163286,1.1666666666666667
normal_00565,3.79060973625,3.7903747150000004,0.00011236183315188872,8.396851358218529e-05,-1.0034489180952382,0.5953361131639877,3.5368867237234127,0.05263157894736842,0.9998876381668482,8,1.25,2.375,0.5263157894736842,10,19,2.375,1.25,0.47368421052631576,0.125,1.905639062223796,8.017261906944444,4123.163266566715,3574.2310361615546,1045.732496601,-0.07131403288130846,2.499999999991344,316.375,135.24891074290713,0.42749556931776256,0.125,6,0.375,6,0.25,8,0.8,0.5,4,2,5,0.03835978835978836,0.6861904761904761,1,1,-0.35423938918199965,1.0357142857142858
normal_00567,12.4459907175,12.445836006250001,1.742028392116076e-05,1.2374585187147221e-05,-1.9651536817857145,0.5604048607500108,2.9232314287846366,0.0,0.9999825797160788,8,1.375,1.875,0.7333333333333333,11,15,1.875,1.375,0.4666666666666667,0.25,1.499999999995672,10.366958117777779,5331.578460677143,3881.474537272566,546.506477441,-0.15739667662036524,2.499999999991344,284.625,129.654417036763,0.45552715691440665,0.125,6,0.375,6,0.375,8,0.7272727272727273,0.0,4,0,5,0.037037037037037035,0.6335839598997495,1,1,-0.2716611781427523,0.9629629629629629
normal_00569,0.14622135625,0.14596266125000001,0.002812152466787189,0.0029114213058987625,0.02143815154761905,0.40752056761023175,2.625814583683812,0.0,0.9971878475332128,8,1.5,1.5,1.0,12,12,1.5,1.5,0.8333333333333334,0.0,1.7499999999942293,5.3624406208333335,2757.826605081857,2728.792602668447,465.67940129,-0.00529178375863899,2.1556390622223534,347.0,140.02856851371436,0.40354054326718836,0.125,8,0.125,6,0.375,8,0.6666666666666666,0.25,5,0,7,0.05194805194805195,0.4459183673469388,1,1,-0.27374301675977647,1.0909090909090908
normal_00570,10.856115071249999,10.85587398,2.659615830920993e-05,1.6265682374023654e-05,-1.05382917,0.5118373789068863,2.7395722619737386,0.0,0.9999734038416908,8,1.75,1.875,0.9333333333333333,14,15,1.875,1.75,0.6666666666666666,0.0,1.905639062223796,6.842418485277778,3518.9580782558573,4474.610484075115,762.2984869,0.11955266266466896,1.8112781244533624,301.875,123.60240115559475,0.409448947927436,0.0,6,0.375,5,0.375,8,0.5714285714285714,0.125,3,0,7,0.04131054131054131,0.7794486215538848,1,1,-0.3809523809523808,1.0740740740740742
normal_00571,1.0533329,1.053073315,0.000359771823377678,0.0004307374875410046,-0.012013894047619036,0.3352678400001221,2.404009757314761,0.0,0.9996402281766223,8,1.625,1.375,1.1818181818181819,13,11,1.375,1.625,0.9090909090909091,0.0,1.905639062223796,2.850792734722222,1466.1219779564287,1319.07889159916,245.806300643,-0.052794427850631535,1.8112781244533624,240.25,116.97099762639577,0.48687199844493556,0.0,6,0.25,6,0.25,8,0.6153846153846154,0.0,4,0,8,0.05194805194805195,0.5761904761904761,1,1,-0.30263639081698174,1.0909090909090908
normal_00577,0.40441112625,0.4042348675,0.0011676861015248686,0.0016401945141423246,-0.07742743738095238,0.5507246549957159,3.028639311824148,0.0,0.9988323138984752,8,1.875,2.125,0.8823529411764706,15,17,2.125,1.875,0.6470588235294118,0.0,1.0612781244548048,2.770771056944444,1424.9679722724286,1344.2289125482275,204.47687641,-0.02915612832253711,0.9999999999971146,305.375,151.7450281604922,0.49691372299792785,0.125,6,0.25,7,0.25,8,0.5333333333333333,0.125,4,0,5,0.03940886699507389,0.7038548752834467,1,1,-0.4354073575990728,1.103448275862069
normal_00579,0.1606586675,0.16035563375,0.0034868213790816634,0.0028220742586821243,-0.04102227297619047,0.5160320221872153,3.155639062215139,0.0,0.9965131786209184,8,1.375,2.0,0.6875,11,16,2.0,1.375,0.5,0.0,1.2987949406910706,2.599179600833333,1336.7209375872858,1109.2849490798012,131.667717491,-0.09298260063363441,1.905639062223796,340.75,123.92595715645233,0.3636858610607552,0.125,7,0.25,6,0.25,8,0.7272727272727273,0.125,3,0,4,0.038461538461538464,0.7572681704260651,1,1,-0.3406873914847765,1.0
normal_00580,1.20554033125,1.20531082,0.0003073262222584344,0.0003071263048721085,-0.15397728761904764,0.43744248585882056,2.7898980954527457,0.0,0.9996926737777415,8,1.625,1.875,0.8666666666666667,13,15,1.875,1.625,0.6666666666666666,0.0,1.8112781244533624,2.5885432072222225,1331.2507924055715,1052.8184458090693,47.535818106,-0.11678869981352216,1.8112781244533624,362.25,119.61694815415701,0.3302055159535045,0.0,5,0.5,6,0.25,8,0.6153846153846154,0.125,5,0,7,0.043076923076923075,0.6835978835978836,1,1,-0.35454401565220695,1.0769230769230769
normal_00581,0.7157884612500001,0.71558580875,0.0006366921582918113,0.00047664481968980195,0.3025786279761905,0.5727590950884375,1.8365916681032084,0.0,0.9993633078417081,8,1.375,1.125,1.2222222222222223,11,9,1.125,1.375,0.8888888888888888,0.0,1.7499999999942293,4.272853157222222,2197.4673380990002,3375.8838284854223,50.509338706,0.21143768895305476,1.561278124454805,168.125,81.26576770079761,0.48336516104563637,0.25,7,0.25,7,0.25,8,0.7272727272727273,0.125,3,2,8,0.05263157894736842,0.39999999999999997,1,1,-0.18144368465060656,1.0
normal_00585,0.186825555,0.18666131625,0.0049124039542569505,0.009451468142257375,-0.026746853452380953,0.5322894047740471,3.3660913291033228,0.0,0.995087596045743,8,1.625,2.375,0.6842105263157895,13,19,2.375,1.625,0.631578947368421,0.125,1.905639062223796,4.743728800555556,2439.6319546259997,1226.1923968875121,408.181590814,-0.33101410252716934,2.499999999991344,294.5,136.51687493807182,0.4635547536097515,0.25,6,0.25,6,0.25,8,0.6153846153846154,0.125,4,2,4,0.042328042328042326,0.7074891774891774,1,1,-0.39931042923725124,1.1428571428571428
normal_00586,1.1662910675,1.1660247275,0.0018039205791287585,0.0030126456678608526,0.03765785190476191,0.5685210848461312,3.235926350614606,0.0,0.9981960794208712,8,2.0,1.75,1.1428571428571428,16,14,1.75,2.0,0.9285714285714286,0.125,1.2987949406910706,7.7627363972222225,3992.264432972714,3331.543444515636,450.906495082,-0.09021549984782884,2.1556390622223534,224.0,148.7250579328946,0.6639511514861366,0.125,7,0.25,6,0.25,8,0.5,0.0,4,0,5,0.05,0.7140056022408963,1,1,-0.401104558397458,1.2
normal_00587,0.06720289374999999,0.06698486375,0.05419728400824192,0.1329929632276972,-0.025434853690476187,0.6019676205972583,3.4273334938809525,0.0,0.945802715991758,8,1.375,2.625,0.5238095238095238,11,21,2.625,1.375,0.47619047619047616,0.0,1.499999999995672,9.180874718055556,4721.592712277858,3558.5934057721106,182.59103584,-0.14045569627602042,2.499999999991344,257.875,139.70012526837618,0.5417358226597234,0.25,7,0.25,6,0.25,8,0.7272727272727273,0.0,5,0,3,0.0367816091954023,0.7106782106782107,1,1,-0.3886845233474982,1.0666666666666667
normal_00588,0.8452878575,0.8449671825,0.00110811655328124,0.0013902503101732569,-0.10484253547619043,0.4998884108914901,3.1808329871910135,0.0,0.9988918834467188,8,1.375,1.625,0.8461538461538461,11,13,1.625,1.375,0.7692307692307693,0.125,1.7499999999942293,8.695960719722223,4472.208370179428,1922.974665172134,2431.815354471,-0.39861778637382733,2.499999999991344,271.875,121.10967579606746,0.44546087649128263,0.0,7,0.25,7,0.25,8,0.7272727272727273,0.0,4,0,5,0.05194805194805195,0.4850340136054421,1,1,-0.34815531191139576,1.0909090909090908
normal_00591,0.24597516125000002,0.24580526249999998,0.003496909820682952,0.006411017329468427,-0.022585197857142858,0.44610640455673695,2.450825794507989,0.0,0.996503090179317,8,1.375,1.5,0.9166666666666666,11,12,1.5,1.375,0.8333333333333334,0.0,1.2987949406910706,17.234611125833332,8863.514293338429,6644.512229577929,2250.611246275,-0.14308732710003164,2.749999999989901,255.625,133.43584600848453,0.5219984195930936,0.125,6,0.25,6,0.25,8,0.7272727272727273,0.0,4,2,7,0.05476190476190476,0.49999999999999994,1,1,-0.2677893633530173,1.0952380952380953
normal_00592,0.21823504624999998,0.21800435499999998,0.005267616330304498,0.00945713044624915,-0.03350330952380953,0.5854079755654423,3.1556390622151396,0.0,0.9947323836696955,8,1.5,2.0,0.75,12,16,2.0,1.5,0.625,0.0,1.905639062223796,7.301151071111111,3754.8776938064284,2346.7510135375383,955.461084535,-0.2307788211652502,2.499999999991344,204.75,125.93393959873225,0.6150619760621844,0.0,6,0.25,7,0.25,8,0.6666666666666666,0.25,2,0,4,0.043076923076923075,0.6769841269841269,1,1,-0.40941973703376444,1.0769230769230769
normal_00595,2.3774795025,2.3772890725,0.00016540994508854563,0.00013075927486965486,-0.361135995,0.3876953019526685,2.2516291673791664,0.08333333333333333,0.9998345900549115,8,1.125,1.5,0.75,9,12,1.5,1.125,0.6666666666666666,0.125,1.7499999999942293,7.588521899444444,3902.668405431143,4137.441532250828,59.749572889,0.029200238384721817,1.7499999999942293,304.625,161.95672922993086,0.5316593491339544,0.125,8,0.125,4,0.5,8,0.8888888888888888,0.0,4,1,4,0.05,0.441025641025641,1,1,-0.211194301547757,1.0
normal_00597,0.54905825125,0.54885286,0.0003738968138693745,0.00020843562325424051,0.01372516999999999,0.033117373775732706,1.2987949406910706,0.0,0.9996261031861307,8,1.25,1.0,1.25,10,8,1.0,1.25,0.875,0.0,1.4056390622252386,8.017693330555556,4123.385141478571,3412.925307193086,952.677651923,-0.09427157216044757,2.499999999991344,278.5,125.41018413874643,0.45030586764361374,0.0,7,0.25,7,0.25,8,0.8,0.0,4,0,8,0.05263157894736842,0.3030303030303031,1,1,0.0,0.9473684210526315
normal_00599,0.3926172025,0.3924213925,0.0015251309847298397,0.0015525891515868163,-0.11890379952380953,0.6367129221876429,3.023037065519896,0.0,0.9984748690152702,8,1.375,2.625,0.5238095238095238,11,21,2.625,1.375,0.47619047619047616,0.0,1.4056390622252386,5.775890563611111,2970.458004179857,2001.7108395231476,742.725006653,-0.19483392360731636,2.499999999991344,364.375,92.38883281312428,0.25355425814922616,0.125,6,0.375,4,0.375,8,0.7272727272727273,0.0,4,0,3,0.0367816091954023,0.7623376623376624,1,1,-0.39283710065919303,1.0666666666666667
normal_00600,1.08866035625,1.0884511,0.0008385228036771382,0.0008674034023317419,0.4973261988095238,0.5997632780080797,1.499999999995672,0.0,0.9991614771963229,8,1.5,1.0,1.5,12,8,1.0,1.5,0.875,0.0,1.2987949406910706,5.239006277222223,2694.346085482857,2476.0036548868093,297.162357234,-0.04222972169392097,2.1556390622223534,283.625,158.15628572486682,0.557624630144969,0.125,8,0.125,6,0.25,8,0.6666666666666666,0.125,3,0,8,0.047619047619047616,0.5051282051282051,1,1,0.0,0.9523809523809523
normal_00602,13.919053027499999,13.9188867225,1.1852077045583703e-05,7.1597558090997e-06,0.13337476547619065,0.4063069942353595,2.2608203181615605,0.0,0.9999881479229544,8,1.875,1.75,1.0714285714285714,15,14,1.75,1.875,0.5714285714285714,0.125,1.8112781244533624,3.340874276111111,1718.1639135445714,1815.8457764790319,127.129004034,0.02764051926915007,1.499999999995672,310.375,127.56279966017858,0.4109957298757264,0.125,7,0.25,5,0.375,8,0.5333333333333333,0.125,5,0,8,0.03571428571428571,0.7458049886621315,1,1,-0.38696309921619776,1.0
normal_00606,1.2260177875,1.2258410575,0.00015245253192544255,8.913221400912604e-05,0.06287252142857142,0.28016245101765364,2.299896391159235,0.0,0.9998475474680746,8,1.5,1.375,1.0909090909090908,12,11,1.375,1.5,0.8181818181818182,0.125,1.4056390622252386,5.4611640447222225,2808.5986515944282,4325.316258665291,114.960240462,0.21260662990100684,1.8112781244533624,264.25,130.26319510897926,0.49295438073407477,0.0,6,0.25,7,0.25,8,0.6666666666666666,0.0,3,0,8,0.049783549783549784,0.530952380952381,1,1,-0.36289732546866377,1.0454545454545454
normal_00612,0.028555606249999997,0.028313941250000002,0.02323727577364864,0.03094378951994575,-0.005526553214285715,0.5956014667332825,3.3086949695469725,0.0,0.9767627242263515,8,1.375,2.5,0.55,11,20,2.5,1.375,0.5,0.0625,1.8112781244533624,3.9399207180555553,2026.244940732857,1498.3485689227864,353.149849821,-0.14977510750215467,1.905639062223796,307.25,106.30246603778431,0.34598036139230043,0.0,6,0.25,6,0.25,8,0.7272727272727273,0.0,5,1,4,0.038177339901477834,0.7581529581529582,1,1,-0.33338649230557654,1.0689655172413792
normal_00614,9.4629597075,9.46266560125,3.1412514797954045e-05,8.687945884152001e-06,0.26486417535714296,0.20829665581912035,1.570950594448898,0.1,0.999968587485202,8,2.0,1.25,1.6,16,10,1.25,2.0,0.7,0.125,1.4056390622252386,5.6318532319444445,2896.38166218,2689.097786863676,12.528156438,-0.037111205440352034,1.905639062223796,213.75,118.86937608748761,0.5561140401753806,0.0,6,0.375,6,0.25,8,0.5,0.125,4,0,8,0.037037037037037035,0.7631578947368421,1,1,-0.34581080502740846,0.9629629629629629
normal_00616,1.0249020850000001,1.02462539125,0.000414341721932367,0.00024580926549320093,0.22860041583333332,0.5829598013620101,3.039148671890086,0.0,0.9995856582780676,8,2.25,1.75,1.2857142857142858,18,14,1.75,2.25,0.9285714285714286,0.25,1.4056390622252386,7.0523374625,3626.916409401143,3616.02721760417,160.55516882,-0.0015034207578770583,1.9999999999927867,360.75,100.12385187499387,0.27754359494107794,0.0,6,0.25,5,0.375,8,0.4444444444444444,0.0,4,0,6,0.045584045584045586,0.7180451127819548,1,1,-0.44611343738694875,1.1851851851851851
normal_00617,0.49523228875,0.49498897500000005,0.0060387435201968214,0.013748495950023667,-0.17388153476190477,0.7248378848572672,3.4992275417046024,0.0,0.9939612564798032,8,1.375,2.625,0.5238095238095238,11,21,2.625,1.375,0.47619047619047616,0.0,1.499999999995672,13.870939562222222,7133.626060601142,7659.696949990144,508.039681947,0.03556137380440903,2.499999999991344,345.125,136.34875189328702,0.39507063207037163,0.125,5,0.25,5,0.25,8,0.7272727272727273,0.125,4,0,4,0.0367816091954023,0.718181818181818,1,1,-0.39391929857916763,1.0666666666666667
normal_00618,7.13673848375,7.13656275375,0.0007330724263284478,0.002007473597305614,-0.47549510297619046,0.5608039673861982,3.093069207757463,0.0,0.9992669275736715,8,1.75,1.75,1.0,14,14,1.75,1.75,0.5,0.16666666666666666,1.0612781244548048,3.969357285277778,2041.383746819,1797.663419980355,253.082844359,-0.06348458777646032,2.2499999999927867,291.75,114.82626628333531,0.3935776050842684,0.125,6,0.375,7,0.25,8,0.5714285714285714,0.125,3,0,6,0.034482758620689655,0.76281179138322,1,1,-0.4000000000000004,0.9655172413793104
normal_00620,1.04005892,1.0398854174999999,0.0003865378852178661,0.000699720514929998,-0.16381258952380953,0.5038754140749679,3.1395722619722957,0.06666666666666667,0.9996134621147822,8,1.5,1.875,0.8,12,15,1.875,1.5,0.7333333333333333,0.125,1.2987949406910706,5.838492859166667,3002.6534705281424,2264.4680335063786,433.971705096,-0.1401496882986897,2.499999999991344,185.75,132.37258024228433,0.7126383862303328,0.125,7,0.25,5,0.25,8,0.6666666666666666,0.0,5,2,6,0.04891304347826087,0.587202380952381,1,1,-0.3015522425827776,1.125
normal_00621,1.6170683437499997,1.6168089374999999,0.000195320479659451,0.00014315152888922424,-0.31399662071428575,0.45342870318059975,3.1820058147457866,0.0,0.9998046795203406,8,1.375,1.75,0.7857142857142857,11,14,1.75,1.375,0.6428571428571429,0.0,1.2987949406910706,7.781127961944445,4001.722951866714,2111.931282172602,1053.169343283,-0.3091100015392135,2.749999999989901,284.0,161.9312023228207,0.570180289869087,0.0,5,0.25,6,0.25,8,0.7272727272727273,0.125,4,0,5,0.04528985507246377,0.5723214285714286,1,1,-0.3754075645154648,1.0416666666666667
normal_00624,0.33080319625,0.33056123125000003,0.001054332382302434,0.0008225355628299703,-0.011907669642857142,0.2889506703911152,2.046439344663802,0.0,0.9989456676176975,8,1.125,1.25,0.9,9,10,1.25,1.125,0.8,0.125,1.2987949406910706,7.083628380833334,3643.008881634571,3040.7203674387442,1061.656946077,-0.09011264396733797,2.499999999991344,243.375,124.31519560030807,0.5107969002580712,0.125,5,0.25,8,0.125,8,0.8888888888888888,0.125,4,0,6,0.05555555555555555,0.36363636363636365,1,1,-0.1771229771080183,1.0
normal_00625,0.028315595,0.02809907875,0.030938890995178464,0.042098136014892554,-0.008977199642857142,0.6644238432456382,3.576617644889911,0.0,0.9690611090048216,8,1.125,2.375,0.47368421052631576,9,19,2.375,1.125,0.42105263157894735,0.0625,1.2987949406910706,5.329319791666666,2740.793035768428,1489.4743209888309,605.290158876,-0.29580133103899237,2.499999999991344,235.5,129.25611342270375,0.5488582310942834,0.125,6,0.25,7,0.25,8,0.8888888888888888,0.0,4,0,4,0.037037037037037035,0.681547619047619,1,1,-0.26270724590783634,1.0
normal_00627,1.208975475,1.20877391125,0.0002681392631177556,0.0002712231243224816,-0.11414283797619049,0.4671163051005167,2.8962915290329434,0.0,0.9997318607368824,8,1.5,1.75,0.8571428571428571,12,14,1.75,1.5,0.7857142857142857,0.0,1.4056390622252386,4.415245631111111,2270.6977532635715,1980.0630594817171,72.14156385,-0.06837239416304687,1.548794940689628,269.125,166.13543313470834,0.6173169833152191,0.0,6,0.375,6,0.375,8,0.6666666666666666,0.125,4,0,4,0.05138339920948617,0.4892063492063492,1,1,-0.33668570553463467,1.1304347826086956
normal_00628,1.75280145,1.75257506375,0.00019673975619192063,0.0002268647001701225,-0.08611590773809523,0.4205773256251097,3.0269868333463026,0.0,0.9998032602438081,8,1.875,1.625,1.1538461538461537,15,13,1.625,1.875,0.7692307692307693,0.0,1.4056390622252386,7.461068939166667,3837.1211688054286,2753.86545520671,512.54960132,-0.1643541059015694,2.499999999991344,260.25,139.18307573634294,0.5348052862107318,0.0,6,0.375,6,0.25,8,0.5333333333333333,0.125,4,1,7,0.043076923076923075,0.6574074074074074,1,1,-0.48097208788744217,1.0769230769230769
normal_00633,1.8085795475,1.8084026187500002,0.0003137824931781454,0.0005259381306117892,-0.4099847082142858,0.483512202459312,2.842370993165567,0.07142857142857142,0.9996862175068219,8,1.5,1.75,0.8571428571428571,12,14,1.75,1.5,0.5,0.0,1.7499999999942293,7.735405044444444,3978.2083086535713,4280.6207403098415,198.855595432,0.036616865401061516,2.1556390622223534,193.25,111.45626945129646,0.576746543085622,0.0,6,0.25,6,0.375,8,0.6666666666666666,0.0,3,0,5,0.037037037037037035,0.6593984962406015,1,1,-0.29419134175726314,0.9629629629629629
normal_00635,2.008329095,2.008103845,0.00012732551169653922,0.00010755358281951587,0.3072717607142857,0.2008852757749189,1.4056390622252386,0.0,0.9998726744883035,8,1.75,1.0,1.75,14,8,1.0,1.75,0.875,0.0,1.499999999995672,4.256235953611111,2188.9213476305717,3448.104070905245,5.54462449,0.22337715901265853,1.561278124454805,261.125,126.23610248826827,0.48343169933276503,0.0,7,0.25,7,0.25,8,0.5714285714285714,0.125,4,0,8,0.043478260869565216,0.5866666666666666,1,1,0.0,0.9565217391304348
normal_00636,0.50707995,0.50686350625,0.0010887927030946618,0.001261563708053592,-0.09624452416666668,0.5778838104602644,3.197159723409722,0.05555555555555555,0.9989112072969053,8,1.25,2.25,0.5555555555555556,10,18,2.25,1.25,0.4444444444444444,0.25,1.8112781244533624,10.906351099444445,5608.980565470286,1591.5374767827034,3553.226963951,-0.5579380629439481,2.9999999999884586,258.25,160.0649421774978,0.6198061652565259,0.5,7,0.25,6,0.25,8,0.8,0.0,4,0,6,0.037037037037037035,0.6666666666666667,1,1,-0.2815154282265682,1.0
normal_00637,1.15411867125,1.15386723,0.00023480463211624788,0.00012749169296761325,0.08930296928571428,0.3916934246612385,2.815072410104402,0.0,0.9997651953678838,8,1.875,1.625,1.1538461538461537,15,13,1.625,1.875,0.8461538461538461,0.0,1.548794940689628,5.427112779444445,2791.086572317857,3276.8598971700862,289.125703953,0.08005563781666354,2.2499999999927867,241.625,139.38122183421984,0.5768493402347433,0.125,7,0.25,6,0.25,8,0.5333333333333333,0.0,3,0,7,0.04666666666666667,0.700280112044818,1,1,-0.4385290096535141,1.12
normal_00638,0.09950456125000001,0.09927331875,0.005517751241307575,0.006784304606271556,-0.03355339583333333,0.5247867302433893,2.9057645846424687,0.0,0.9944822487586924,8,1.0,2.25,0.4444444444444444,8,18,2.25,1.0,0.3888888888888889,0.0625,1.4056390622252386,11.575243882499999,5952.982568233286,4151.916249423983,325.71597868,-0.17823694737666504,2.749999999989901,353.75,144.55720568095427,0.4086422775433336,0.125,6,0.25,5,0.375,8,1.0,0.0,4,0,3,0.037037037037037035,0.6518796992481203,1,1,0.0,0.9629629629629629
normal_00639,3.1502896125,3.15010747125,5.80920649990902e-05,3.331050806874782e-05,-0.1357077677380952,0.3097211594658226,2.2841591278427655,0.0,0.9999419079350009,8,1.625,1.5,1.0833333333333333,13,12,1.5,1.625,0.6666666666666666,0.0,1.2987949406910706,9.60083456527778,4937.572062244429,6912.101945229911,202.079154208,0.16663157836578635,2.1556390622223534,243.875,121.48302350534415,0.49813643672104213,0.0,6,0.25,8,0.125,8,0.6153846153846154,0.25,4,0,8,0.041666666666666664,0.7,1,1,-0.3349981988314257,1.0
normal_00641,0.16309891375000002,0.16278288125,0.006236733213752236,0.007994184238250195,-0.040442031071428575,0.6554139046138048,3.9690016298514665,0.043478260869565216,0.9937632667862477,8,1.875,2.875,0.6521739130434783,15,23,2.875,1.875,0.6086956521739131,0.0,1.7499999999942293,3.0801027508333334,1584.052843416857,871.745015423113,519.032584535,-0.29005148995862895,1.9999999999942293,259.875,98.5834490600295,0.3793494913324848,0.0,5,0.25,5,0.25,8,0.5333333333333333,0.25,4,0,4,0.038306451612903226,0.7391414141414142,1,1,-0.5515662717323062,1.1875
normal_00644,0.41682521874999995,0.416587245,0.0023169774707960293,0.0036801013801989746,0.011925915476190485,0.43542602888076204,1.6171895725869443,0.0,0.9976830225292039,8,1.5,1.375,1.0909090909090908,12,11,1.375,1.5,0.9090909090909091,0.0625,0.8112781244562475,9.345929820833334,4806.478193682428,3637.3747776865766,384.6216984,-0.138456155023067,2.749999999989901,248.0,165.141497769986,0.6658931361692983,0.0,6,0.25,7,0.25,8,0.6666666666666666,0.25,3,0,7,0.05476190476190476,0.5333333333333333,1,1,-0.36289732546866377,1.0952380952380953
normal_00645,0.06223569375,0.06194783,0.0177872960845193,0.01677625199343308,-0.02340947142857143,0.6736714010574935,3.232101804829544,0.09523809523809523,0.9822127039154807,8,1.0,2.625,0.38095238095238093,8,21,2.625,1.0,0.3333333333333333,0.125,1.499999999995672,9.29905396611111,4782.370611196857,4583.309241304204,1436.700218944,-0.021254342773578183,2.749999999989901,213.625,117.32486948639662,0.5492094534178894,0.125,6,0.375,6,0.25,8,1.0,0.125,5,0,3,0.03333333333333333,0.7545093795093795,1,1,0.0,0.9666666666666667
normal_00646,0.63814027375,0.6379887975,0.0005341171806545872,0.0008382787890656694,-0.08628122190476191,0.3339598157285824,2.5220552088655444,0.0,0.9994658828193453,8,1.5,1.5,1.0,12,12,1.5,1.5,0.8333333333333334,0.125,1.8112781244533624,9.849959004444445,5065.693202402572,5041.0931466613165,602.692265757,-0.002434013631200768,2.499999999991344,250.375,105.81376834527995,0.42262114166861686,0.125,6,0.375,5,0.25,8,0.6666666666666666,0.125,5,1,6,0.05194805194805195,0.5523809523809523,1,1,-0.4999999999999998,1.0909090909090908
normal_00653,2.19919585875,2.19901512875,9.483346165002498e-05,7.335838413293732e-05,0.3485157429761905,0.29601948079215384,2.28103611254621,0.0,0.99990516653835,8,2.0,1.125,1.7777777777777777,16,9,1.125,2.0,0.8888888888888888,0.125,1.499999999995672,7.796512634166667,4009.6350691220005,6282.797151593025,261.005472333,0.2208576198243942,2.1556390622223534,333.75,107.0243630474589,0.32067224883133755,0.0,7,0.25,6,0.25,8,0.5,0.0,3,0,8,0.041666666666666664,0.711764705882353,1,1,-0.24715933262177592,1.0
normal_00656,2.58353052625,2.5833503812500003,0.0004375076700138146,0.0010031789164175096,-0.2637451903571429,0.5861958735255379,3.077819531100356,0.0,0.9995624923299862,8,2.375,2.0,1.1875,19,16,2.0,2.375,0.6875,0.0,0.8112781244562475,5.830359907499999,2998.470809688,1801.8045496327898,567.335830245,-0.2492911698766654,2.1556390622223534,229.125,113.3142753584031,0.4945522110568602,0.125,6,0.25,7,0.25,8,0.42105263157894735,0.0,4,0,6,0.03528225806451613,0.7886904761904762,1,1,-0.4814680348344969,1.09375
normal_00657,0.39809387375,0.39791257125,0.00717828910527723,0.010342075157543663,-0.07703145654761905,0.6957591736672379,3.013070929090861,0.0,0.9928217108947228,8,1.875,2.125,0.8823529411764706,15,17,2.125,1.875,0.7058823529411765,0.0,1.4056390622252386,9.053763524444443,4656.2212412260005,5733.444223461495,278.005445526,0.10368216242349396,2.1556390622223534,197.375,153.0181478499481,0.7752661069028403,0.0,6,0.375,6,0.25,8,0.5333333333333333,0.0,3,0,5,0.042328042328042326,0.7326190476190476,1,1,-0.48306819437187537,1.1428571428571428
normal_00658,0.82805962125,0.8278052487500001,0.008887363572271142,0.022868842712390414,-0.11560075892857145,0.7030506529605942,3.6818808027832053,0.0,0.991112636427729,8,1.625,2.375,0.6842105263157895,13,19,2.375,1.625,0.631578947368421,0.125,0.9544340029220797,8.1264809225,4179.333045967142,3082.656201401676,106.414822878,-0.15101603805910582,2.4056390622209105,339.25,151.96780674114595,0.4479522674757434,0.0,4,0.5,8,0.125,8,0.6153846153846154,0.25,5,0,4,0.042328042328042326,0.7411904761904762,1,1,-0.38440260551730343,1.1428571428571428
normal_00659,1.5486732625,1.54855066375,8.630518353731711e-05,4.847980388923265e-05,0.09890426392857139,0.3463319498184745,2.6612262562596904,0.0,0.9999136948164626,8,1.75,1.625,1.0769230769230769,14,13,1.625,1.75,0.8461538461538461,0.125,1.4056390622252386,7.095507895833333,3649.1183464585715,2581.7260464521487,1314.701469008,-0.17130780881334026,2.1556390622223534,323.375,90.65151090065422,0.2803293727117254,0.25,5,0.375,7,0.25,8,0.5714285714285714,0.375,4,0,7,0.04891304347826087,0.6443452380952381,1,1,-0.3616800631267396,1.125
normal_00660,1.3302490200000001,1.330069425,0.0001829371780883337,0.00013582377089865042,-0.15487814952380952,0.604872764197187,3.1705438917485096,0.043478260869565216,0.9998170628219116,8,1.875,2.875,0.6521739130434783,15,23,2.875,1.875,0.391304347826087,0.0,0.9544340029220797,6.741319098611111,3466.964107928,1355.910638769118,1366.127024486,-0.4377168348824752,2.9999999999884586,266.5,94.00607883080146,0.35274326015310115,0.375,6,0.25,5,0.375,8,0.5333333333333333,0.0,3,0,6,0.028528528528528527,0.8487684729064039,1,1,-0.5182071462522112,1.027027027027027
normal_00662,1.00366812375,1.0033904,0.0007855819057320298,0.000726246356061573,0.4113651519047619,0.6252040760173374,2.5849625007110566,0.0,0.9992144180942679,8,2.0,1.5,1.3333333333333333,16,12,1.5,2.0,0.8333333333333334,0.125,1.561278124454805,6.159879802222222,3167.938184122857,2795.765858347997,404.588381081,-0.06240623664830008,2.1556390622223534,299.25,68.23436503279393,0.2280179282633047,0.0,7,0.25,5,0.25,8,0.5,0.125,4,1,7,0.043076923076923075,0.7481481481481481,1,1,-0.428085771650762,1.0769230769230769
normal_00667,0.10192566750000001,0.1017060875,0.14159796714317255,0.3452356062099152,-0.016510640952380955,0.6800735892753005,3.4474015046886026,0.0,0.8584020328568276,8,1.125,2.75,0.4090909090909091,9,22,2.75,1.125,0.36363636363636365,0.0625,1.4056390622252386,6.888142129166667,3542.473095101428,2672.2000504678495,226.16645898,-0.14003520768490227,2.2499999999927867,318.125,120.02194739772746,0.3772792059653515,0.125,5,0.5,6,0.25,8,0.8888888888888888,0.0,4,2,4,0.03333333333333333,0.7389233954451345,1,1,-0.2663606807177368,1.0
normal_00668,0.32621365999999996,0.3260179525,0.0071369452504548535,0.011413248889744996,-0.017228153095238095,0.6938855654690657,3.2195282822851206,0.0,0.9928630547495452,8,1.5,2.125,0.7058823529411765,12,17,2.125,1.5,0.47058823529411764,0.0,1.499999999995672,6.18937092111111,3183.105045202571,2092.2164103355276,926.945376685,-0.2067909309529972,2.749999999989901,307.375,113.93348623523414,0.3706660796591595,0.125,5,0.25,6,0.25,8,0.6666666666666666,0.0,5,0,6,0.03571428571428571,0.6671201814058956,1,1,-0.3451375247587433,1.0
normal_00669,0.8386738962500001,0.83839761875,0.0009801403877901249,0.0010820428291634556,-0.2024556632142857,0.5940348992671801,3.4713544869966166,0.0,0.99901985961221,8,1.375,2.375,0.5789473684210527,11,19,2.375,1.375,0.42105263157894735,0.125,1.0612781244548048,4.318751453333333,2221.072176002714,1938.6264619841897,32.77829707,-0.06790052323483092,1.905639062223796,272.75,127.47969025916022,0.4673865820684151,0.0,7,0.25,5,0.375,8,0.7272727272727273,0.0,5,0,4,0.034482758620689655,0.7803030303030302,1,1,-0.35740043089942697,1.0
normal_00670,0.542868045,0.54258576375,0.0011006605790154186,0.001238196189425934,-0.13200617297619047,0.6153808333746282,3.2608281712085856,0.0,0.9988993394209846,8,1.5,2.375,0.631578947368421,12,19,2.375,1.5,0.47368421052631576,0.0,1.2987949406910706,10.987042034166667,5650.478760494714,4903.087339318772,172.808303164,-0.07081885062425967,2.749999999989901,287.25,164.452989374732,0.5725082310695631,0.0,7,0.25,6,0.25,8,0.6666666666666666,0.25,4,0,5,0.035632183908045977,0.6904663518299882,1,1,-0.4120039625816113,1.0333333333333334
normal_00671,6.236292939999999,6.2359942425,0.00016761672116591408,0.0002295589910343722,-1.2595810261904763,0.5082712678286587,2.6612262562596904,0.0,0.9998323832788341,8,1.375,1.625,0.8461538461538461,11,13,1.625,1.375,0.6153846153846154,0.0,1.499999999995672,8.018060553333333,4123.573998947714,1434.5193641494254,1514.149066438,-0.4838088277991548,2.749999999989901,270.75,131.92178418615,0.487245740299723,0.0,8,0.125,4,0.5,8,0.7272727272727273,0.0,4,1,5,0.043478260869565216,0.6,1,1,-0.32825525406256895,1.0
normal_00672,0.9046828150000001,0.90449101625,0.0014968879125084754,0.003438552271155254,-0.13052973702380952,0.4474000382509132,3.039148671890086,0.0,0.9985031120874915,8,1.625,1.75,0.9285714285714286,13,14,1.75,1.625,0.5714285714285714,0.0,1.561278124454805,8.131934725833334,4182.137859055286,3271.101241261746,32.240239515,-0.12223364976373666,2.1556390622223534,243.0,114.52884851799193,0.47131213381889686,0.25,5,0.375,8,0.125,8,0.6153846153846154,0.125,4,0,6,0.038461538461538464,0.6355889724310777,1,1,-0.3213889915249246,1.0
normal_00673,0.48077290125,0.48059885875,0.024611051200124485,0.06544715518538123,-0.11711749797619049,0.6793094304531342,3.641604167848395,0.0,0.9753889487998755,8,1.375,2.25,0.6111111111111112,11,18,2.25,1.375,0.5555555555555556,0.1875,1.905639062223796,4.044534261111111,2080.0461914597145,2008.3444543781063,142.019221795,-0.017537887959557873,1.7499999999942293,254.5,69.89584087360686,0.27463984626171656,0.0,4,0.375,6,0.25,8,0.7272727272727273,0.375,4,0,5,0.04131054131054131,0.6659147869674186,1,1,-0.3259010196862339,1.0740740740740742
normal_00674,3.7997165637499997,3.79948927875,0.00029966240372241793,0.00036757817237879166,1.0515644272619047,0.5197560412107619,2.522055208864101,0.0,0.9997003375962776,8,2.375,1.5,1.5833333333333333,19,12,1.5,2.375,0.9166666666666666,0.0,1.8112781244533624,9.342271333055555,4804.596685619714,4273.2522807487185,117.458590857,-0.058531972369172174,2.499999999991344,245.875,145.4318077804361,0.5914867627064,0.0,7,0.25,4,0.375,8,0.42105263157894735,0.125,5,0,8,0.041005291005291,0.7216269841269842,1,1,-0.41645031350079764,1.1071428571428572
normal_00675,0.04435584,0.044166227499999995,0.28871551204530954,0.41183698392703744,-0.01666085095238095,0.7238109949831818,3.4585250192153953,0.0,0.7112844879546905,8,1.625,2.625,0.6190476190476191,13,21,2.625,1.625,0.5714285714285714,0.0,1.7499999999942293,2.8746725275,1478.4030142652857,1424.973627550712,5.020418237,-0.01840249933303684,1.905639062223796,266.5,138.55066118314164,0.5198899106309255,0.0,8,0.125,5,0.5,8,0.6153846153846154,0.0,3,2,3,0.03908045977011494,0.7406926406926406,1,1,-0.48504842480149274,1.1333333333333333
normal_00676,0.8164781525,0.81628345375,0.0004015696064017169,0.00034856016621706576,-0.19333246940476187,0.6073822685057128,3.101881223461591,0.058823529411764705,0.9995984303935983,8,1.0,2.125,0.47058823529411764,8,17,2.125,1.0,0.4117647058823529,0.0,1.905639062223796,8.61515716138889,4430.652254531571,3866.1730130299006,514.434929543,-0.06803557063068982,2.1556390622223534,325.375,111.25766426248062,0.3419367322703976,0.25,7,0.25,7,0.25,8,1.0,0.375,5,0,5,0.038461538461538464,0.5622895622895623,1,1,0.0,0.9615384615384616
normal_00677,2.8093615575,2.8091639699999997,7.727117836179873e-05,5.773666228167453e-05,-0.052184102857142874,0.4105094112751276,2.8073549220460627,0.0,0.9999227288216382,8,1.375,1.75,0.7857142857142857,11,14,1.75,1.375,0.5714285714285714,0.125,0.543564443196711,2.154357270555556,1107.9551678455714,1164.4790950382792,87.308594466,0.0248737347944119,1.4056390622252386,252.75,165.36172471282464,0.6542501472317493,0.0,5,0.375,5,0.375,8,0.7272727272727273,0.0,4,0,8,0.041666666666666664,0.7086834733893557,1,1,-0.34547576161707577,1.0
normal_00679,0.49691047624999996,0.4967282275,0.28045319093536253,0.4337169213773382,-0.15184193999999998,0.6998339633651411,2.8855130303868974,0.1111111111111111,0.7195468090646375,8,1.625,2.25,0.7222222222222222,13,18,2.25,1.625,0.5555555555555556,0.0,1.905639062223796,9.42537739138889,4847.336944187572,2147.529997195078,483.055813304,-0.3859697360388721,2.9999999999884586,287.75,156.40035622904261,0.5435286054875503,0.125,6,0.25,5,0.375,8,0.6153846153846154,0.125,4,0,5,0.038177339901477834,0.7493197278911564,1,1,-0.4599599019272897,1.0689655172413792
normal_00680,0.03416104624999999,0.03395461875,0.09146116227802735,0.21896047357703505,-0.007680830833333333,0.6033970143435369,2.6235166412079165,0.0,0.9085388377219726,8,1.25,1.625,0.7692307692307693,10,13,1.625,1.25,0.6923076923076923,0.0,1.2987949406910706,4.997607419444444,2570.1981014738567,1917.1083317968641,145.601811495,-0.14554160260478724,2.2499999999927867,256.625,127.05447369421624,0.495097802997433,0.0,7,0.25,6,0.25,8,0.8,0.0,4,0,3,0.049783549783549784,0.4591836734693877,1,1,-0.24961508830135298,1.0454545454545454
normal_00683,3.3821000737499998,3.3818167349999997,0.0004287487891110541,0.0008984688769570656,-0.44798359214285716,0.6383264502578077,3.103701696042921,0.0,0.999571251210889,8,2.0,2.5,0.8,16,20,2.5,2.0,0.45,0.0625,0.9999999999971146,4.728040049722222,2431.563454218,2365.4719954509364,9.332288527,-0.013777563134669948,1.905639062223796,336.25,102.55555985485555,0.30499794752373394,0.25,7,0.25,8,0.125,8,0.5,0.0,4,0,7,0.030252100840336135,0.8582812249478917,1,1,-0.5018411747582442,1.0285714285714285
normal_00685,2.4745770325,2.47424699625,0.0031546773260479714,0.005800374588734608,-0.9239710246428572,0.7854295197469618,3.7230741894069297,0.04,0.996845322673952,8,1.25,3.125,0.4,10,25,3.125,1.25,0.36,0.0,1.7499999999942293,4.918930282777778,2529.7355740124285,1933.8797564314766,870.611939118,-0.13349174905752784,2.1556390622223534,278.0,141.6998840608458,0.50971181316851,0.125,5,0.375,7,0.25,8,0.8,0.5,3,0,3,0.031194295900178252,0.8366605616605617,1,1,-0.37780482591741243,1.0294117647058822
normal_00686,2.88906285875,2.88882446375,0.00027569318504399015,0.0005086796394356257,-0.02890289630952377,0.3995723781052082,2.3685225277195503,0.0,0.9997243068149559,8,2.0,1.375,1.4545454545454546,16,11,1.375,2.0,0.9090909090909091,0.125,1.499999999995672,3.262629622777778,1677.923806047,1042.9311606637903,116.556884439,-0.2333798211048511,1.8112781244533624,285.25,95.67467197300891,0.3354063872848691,0.25,5,0.375,6,0.375,8,0.5,0.125,5,0,6,0.045,0.7075630252100841,1,1,-0.37156366696390125,1.08
normal_00687,0.21790793375,0.21769443750000003,0.0024389221467865803,0.0032611979055292744,-0.06589631619047619,0.6308662058293956,3.4316235658301184,0.0,0.9975610778532135,8,1.25,2.375,0.5263157894736842,10,19,2.375,1.25,0.47368421052631576,0.1875,1.561278124454805,13.593646478055556,6991.018188806999,3481.4914097905125,1953.605607639,-0.33511802934861823,2.749999999989901,281.5,146.13203423127808,0.5191191269317161,0.0,6,0.25,5,0.25,8,0.8,0.0,4,0,4,0.03835978835978836,0.6847619047619047,1,1,-0.39725082652913596,1.0357142857142858
normal_00689,0.60101468125,0.6008210525,0.007310925474273285,0.013803633923971825,-0.14580559357142858,0.6919413067115633,3.3921472236472217,0.0,0.9926890745257267,8,1.625,2.25,0.7222222222222222,13,18,2.25,1.625,0.6111111111111112,0.0,1.8112781244533624,9.37289091861111,4820.343901141858,6007.638485950315,90.856802762,0.10965058330938995,2.2499999999927867,356.125,99.30535520015309,0.2788497162517461,0.0,7,0.25,6,0.375,8,0.6153846153846154,0.0,3,1,6,0.041005291005291,0.7624603174603176,1,1,-0.425956626688531,1.1071428571428572
normal_00691,0.5776922474999999,0.577467235,0.0012510754203075118,0.0017910561546703356,-0.09960672047619046,0.579860958745564,3.2806390622136963,0.0,0.9987489245796926,8,1.25,2.0,0.625,10,16,2.0,1.25,0.5625,0.125,1.2987949406910706,12.479566783888888,6418.062917488714,4099.545616332969,940.498795354,-0.2204414904490924,2.499999999991344,378.875,80.90812690947678,0.21354833892306638,0.0,6,0.25,5,0.25,8,0.8,0.125,3,0,6,0.043333333333333335,0.6826330532212884,1,1,-0.3458108050274084,1.04
normal_00692,0.898196025,0.89796945625,0.0004135460834190312,0.00024882503221684875,-0.019559852261904757,0.6061141604948659,3.392147223647222,0.05555555555555555,0.999586453916581,8,1.5,2.25,0.6666666666666666,12,18,2.25,1.5,0.5,0.125,1.561278124454805,6.621438333333333,3405.311142965714,3818.411595160968,159.145364146,0.057186642839282396,2.2499999999927867,330.75,165.5309638708118,0.500471546094669,0.0,6,0.25,5,0.25,8,0.6666666666666666,0.375,4,1,6,0.03694581280788178,0.7631141345427059,1,1,-0.4867796024472611,1.0344827586206897
normal_00694,0.34076660124999997,0.34055456375,0.0017324616352348311,0.0022891570940727587,-0.05673601226190476,0.5111058633796779,3.0062389286404048,0.0,0.9982675383647652,8,1.5,1.875,0.8,12,15,1.875,1.5,0.6666666666666666,0.0,0.543564443196711,5.834107609166666,3000.398199104999,2539.7140599103814,372.286829778,-0.08315429681861591,2.1556390622223534,338.875,121.92789145345586,0.3598019666645691,0.125,7,0.25,8,0.125,8,0.6666666666666666,0.0,4,0,6,0.045,0.6857142857142856,1,1,-0.40266303822615573,1.08
normal_00696,1.92666386875,1.92640360625,0.0014003057331860088,0.0034352588967385377,0.11323896249999997,0.5662881323148254,3.039148671890086,0.07142857142857142,0.998599694266814,8,1.625,1.75,0.9285714285714286,13,14,1.75,1.625,0.7142857142857143,0.0,1.4056390622252386,2.5358825855555556,1304.1681868687142,1377.5837651230495,86.38842013,0.027375976439509557,1.0612781244548048,282.125,147.1922333937106,0.5217270124721688,0.0,6,0.25,7,0.25,8,0.6153846153846154,0.25,4,0,7,0.045,0.5977591036414566,1,1,-0.3213889915249246,1.08
normal_00700,1.3671996375,1.3669364525,0.0004986693746754192,0.0007180728923886608,-0.19784524476190476,0.4815767735395669,3.039148671890086,0.14285714285714285,0.9995013306253244,8,1.75,1.75,1.0,14,14,1.75,1.75,0.5,0.125,1.8112781244533624,5.558311244166667,2858.560068452429,1702.8873281331764,184.172015602,-0.25335658615384055,2.499999999991344,347.5,89.34843511300495,0.2571177988863452,0.0,5,0.25,7,0.25,8,0.5714285714285714,0.125,4,0,6,0.034482758620689655,0.7684807256235828,1,1,-0.35599532759198793,0.9655172413793104
normal_00701,0.16801098,0.1677335675,0.0280624307636194,0.047630272145774664,-0.04713880404761904,0.6830653534596084,3.327339900066197,0.047619047619047616,0.9719375692363805,8,1.375,2.625,0.5238095238095238,11,21,2.625,1.375,0.47619047619047616,0.0,1.8112781244533624,9.853793416944445,5067.665185907429,4870.345390793613,311.500218546,-0.019855059882550187,2.499999999991344,259.25,127.94055539306414,0.4935026244669784,0.25,7,0.25,5,0.375,8,0.7272727272727273,0.125,4,1,3,0.0367816091954023,0.6963203463203463,1,1,-0.39391929857916763,1.0666666666666667
normal_00703,4.024833563750001,4.0246129024999995,0.00040176582322892286,0.0009748752549909351,-0.9380196907142856,0.5282655752622556,2.8221819586313313,0.0,0.9995982341767711,8,1.375,2.125,0.6470588235294118,11,17,2.125,1.375,0.4117647058823529,0.125,1.499999999995672,7.964985891666666,4096.2784586391435,2612.700757348385,491.88477855,-0.22113314910193577,2.499999999991344,275.5,115.5570360100525,0.4194447768059982,0.375,5,0.375,6,0.25,8,0.7272727272727273,0.0,4,0,4,0.034482758620689655,0.7123582766439911,1,1,-0.3260800246674474,0.9655172413793104
normal_00704,0.2785503325,0.278304325,0.0014813960314102581,0.0017703322786051506,-0.04593241857142857,0.25735793062744056,2.789898095452746,0.0,0.9985186039685898,8,1.25,1.875,0.6666666666666666,10,15,1.875,1.25,0.6,0.125,0.9999999999971146,8.526452669722222,4385.032801652857,2914.5140839795354,1739.634951818,-0.20145342453621684,2.9999999999884586,315.5,128.8598352585364,0.4084305396467081,0.0,5,0.375,6,0.25,8,0.8,0.0,3,0,3,0.04528985507246377,0.6544642857142858,1,1,-0.2955595213134121,1.0416666666666667
normal_00705,0.57588789,0.5756803962500001,0.0010457196857891142,0.0017026338553045143,0.0014586358333333247,0.3554289681629386,2.8731406795015912,0.0,0.9989542803142109,8,1.625,1.625,1.0,13,13,1.625,1.625,0.8461538461538461,0.0,1.561278124454805,16.65229861888889,8564.039289841856,9124.806415875044,871.500900864,0.03170173652721457,2.749999999989901,326.125,116.26378566493892,0.3565006842926452,0.0,8,0.125,5,0.5,8,0.6153846153846154,0.25,3,0,5,0.05138339920948617,0.6552380952380953,1,1,-0.3809523809523811,1.1304347826086956
normal_00707,6.92863773375,6.928446923749999,0.0003111107771512617,0.0005596068940590814,-2.0312229210714285,0.7277380655585026,3.6682958340342906,0.0,0.9996888892228488,8,1.5,3.0,0.5,12,24,3.0,1.5,0.4583333333333333,0.0,0.9999999999971146,9.88636323861111,5084.41537987,3693.2870427810576,909.427907392,-0.15848433566158546,2.1556390622223534,324.75,156.08216700553226,0.48062253119486453,0.0,7,0.25,7,0.25,8,0.6666666666666666,0.5,4,0,3,0.03409090909090909,0.78208658008658,1,1,-0.46971110843022995,1.0909090909090908
normal_00708,0.7409600162500001,0.74075219375,0.0005574058379789622,0.0006179447505318346,-0.13935969869047618,0.50343061251987,3.324862957601487,0.07142857142857142,0.9994425941620211,8,1.375,1.75,0.7857142857142857,11,14,1.75,1.375,0.7142857142857143,0.125,1.4056390622252386,10.533504239166666,5417.2307515838565,3414.219392795156,1691.101829789,-0.2268043555750088,2.499999999991344,274.875,145.97498562620729,0.5310595202408632,0.125,6,0.25,6,0.25,8,0.7272727272727273,0.0,3,0,5,0.04940711462450593,0.5095238095238095,1,1,-0.29939247542604797,1.0869565217391304
normal_00709,0.088152145,0.08795321375000001,0.005846672321619319,0.010355609265643361,-0.015561581309523807,0.536549250145128,3.6368421881108133,0.0,0.9941533276783807,8,1.75,3.0,0.5833333333333334,14,24,3.0,1.75,0.5416666666666666,0.0,1.0612781244548048,6.7326518761111105,3462.5066792367147,2278.1457144874007,211.983421987,-0.20631121404321562,2.499999999991344,354.5,135.12005244014884,0.38115670646022237,0.125,7,0.25,7,0.25,8,0.5714285714285714,0.0,3,0,4,0.03598484848484849,0.7868571428571429,1,1,-0.5089946999037909,1.1515151515151516
normal_00710,1.1122247875,1.1120247575,0.00021502837928435802,0.0001687670592874017,0.13804794095238096,0.16300412774308232,1.7499999999942293,0.0,0.9997849716207157,8,2.25,1.0,2.25,18,8,1.0,2.25,0.875,0.0,1.4056390622252386,6.182551623888889,3179.597978003,2638.390708765617,333.299063451,-0.093023087251477,1.9999999999927867,305.0,97.50897394599124,0.31970155392128274,0.0,6,0.25,7,0.25,8,0.4444444444444444,0.25,3,0,8,0.037037037037037035,0.7736842105263158,1,1,0.0,0.9629629629629629
normal_00712,4.93824600625,4.93805255,0.00012951252124856311,0.00014950588490671415,-0.45419155619047613,0.6262495368055754,3.697845823064215,0.0,0.9998704874787514,8,1.75,2.75,0.6363636363636364,14,22,2.75,1.75,0.5909090909090909,0.0,1.9999999999942293,6.789817543888889,3491.906165520428,1664.6888552827927,4.238671849,-0.35434570736427884,2.499999999991344,325.125,119.7741177622039,0.3683940569387279,0.125,4,0.375,6,0.375,8,0.5714285714285714,0.0,4,0,5,0.03870967741935484,0.8102829537612146,1,1,-0.5243788202755698,1.1612903225806452
normal_00719,3.0703397125,3.0700424762500003,0.0001894188130930541,0.00026222785929745147,-0.10017303440476193,0.5719298123565889,3.181366328877032,0.0,0.9998105811869069,8,1.375,2.375,0.5789473684210527,11,19,2.375,1.375,0.42105263157894735,0.125,1.561278124454805,5.826232143055555,2996.3479592868575,3246.64521903334,324.036419277,0.040092508929159165,2.2499999999927867,335.25,116.06125230116331,0.3461931463121948,0.0,6,0.25,6,0.25,8,0.7272727272727273,0.0,3,0,6,0.034482758620689655,0.8154401154401154,1,1,-0.36056535166162906,1.0
normal_00722,0.22877844874999997,0.22853622375,0.01644106555263622,0.030826521041420026,-0.05822747869047619,0.52826825026099,2.9749375011889425,0.0,0.9835589344473638,8,1.0,2.25,0.4444444444444444,8,18,2.25,1.0,0.3888888888888889,0.0,1.2987949406910706,8.027595000555555,4128.477428921572,4980.734433995496,247.928745901,0.0935599059391076,2.1556390622223534,242.375,152.06571652695797,0.6273985209982794,0.0,6,0.25,6,0.25,8,1.0,0.0,3,0,3,0.037037037037037035,0.5803144224196854,1,1,0.0,0.9629629629629629
normal_00725,0.15503305125,0.15475839624999999,0.004847682268080435,0.0036622296768789916,-0.051037892023809525,0.6944726662701415,3.5944656369426973,0.0,0.9951523177319196,8,1.125,2.625,0.42857142857142855,9,21,2.625,1.125,0.38095238095238093,0.125,0.9999999999971146,3.8036806244444445,1956.1786069207142,1991.1097816259107,154.224245669,0.008849410346239756,1.905639062223796,242.375,136.96082599467215,0.5650781887351094,0.0,6,0.25,6,0.25,8,0.8888888888888888,0.0,4,0,3,0.034482758620689655,0.7585858585858585,1,1,-0.28351023413712734,1.0
normal_00726,1.5210382074999997,1.52082028875,0.00013680678811400402,8.64656957852062e-05,-0.04770308178571429,0.1386129551294392,1.224394445401658,0.0,0.999863193211886,8,1.875,1.125,1.6666666666666667,15,9,1.125,1.875,0.7777777777777778,0.0,1.2987949406910706,6.193071450555555,3185.0081746538567,4222.117004492009,51.216693483,0.1400150267148238,1.7499999999942293,322.625,115.54830467940978,0.3581504988125836,0.0,7,0.25,8,0.125,8,0.5333333333333333,0.0,4,0,7,0.04,0.6252100840336134,1,1,-0.2363636363636378,0.96
normal_00727,0.7406784774999999,0.7403918174999999,0.0004737024311993877,0.0002987299637815719,0.02560296428571428,0.23519948921054434,2.3553885421988774,0.0,0.9995262975688006,8,1.25,1.5,0.8333333333333334,10,12,1.5,1.25,0.6666666666666666,0.0,1.4056390622252386,2.6541906841666667,1365.0123519834287,1207.356387593529,44.465984574,-0.061288244552306005,1.7499999999942293,273.75,119.36109679695235,0.43602227140439215,0.125,5,0.25,6,0.25,8,0.8,0.125,4,0,7,0.047619047619047616,0.5142857142857143,1,1,-0.2969569354582497,1.0
normal_00728,0.58647720875,0.5861829300000001,0.0015350028356253802,0.002412506217570616,-0.12895383380952383,0.4828989972586592,2.6105772433215435,0.0,0.9984649971643746,8,1.25,1.75,0.7142857142857143,10,14,1.75,1.25,0.5714285714285714,0.0,1.905639062223796,5.790724076666667,2978.086668020572,2570.7873027909695,502.311423904,-0.07340216544331307,2.1556390622223534,262.125,155.06352384932902,0.5915632764876644,0.0,6,0.25,5,0.375,8,0.8,0.0,5,0,4,0.043478260869565216,0.6227678571428572,1,1,-0.28284271247461945,1.0
normal_00732,0.2360289875,0.23586086125,0.000923649301678611,0.0007818405556081171,-0.028084459166666666,0.517866913933917,3.272905595304186,0.0,0.9990763506983213,8,1.625,1.875,0.8666666666666667,13,15,1.875,1.625,0.8,0.125,1.561278124454805,8.631788559444445,4439.205544873429,2994.7213038855352,730.408210952,-0.19430971952986584,2.2499999999927867,310.25,121.83097190076796,0.3926864525407509,0.0,5,0.5,4,0.375,8,0.6153846153846154,0.125,4,1,7,0.050724637681159424,0.595734126984127,1,1,-0.32943787748213804,1.1666666666666667
normal_00733,6.233659823749999,6.23344164625,3.522454794794048e-05,2.4493552920430183e-05,0.09582530964285714,0.1288778259411942,0.5032583347727604,0.0,0.999964775452052,8,1.75,1.125,1.5555555555555556,14,9,1.125,1.75,0.8888888888888888,0.0625,1.4056390622252386,9.302059865,4783.916502074143,3748.6118103586036,294.879465426,-0.12133621522321782,2.749999999989901,306.25,133.6356988233309,0.43636146554557026,0.0,7,0.25,7,0.25,8,0.5714285714285714,0.125,4,0,8,0.045454545454545456,0.6,1,1,-0.22537446792760443,1.0
normal_00734,0.61588396,0.6156460537499999,0.027517607072567077,0.07034054754093569,-0.10203606321428571,0.788501180963673,3.346439344653703,0.0,0.9724823929274329,8,1.375,2.5,0.55,11,20,2.5,1.375,0.45,0.0,1.905639062223796,16.585897385,8529.890083835,6010.708098657754,2033.035473779,-0.1732516058528049,2.9999999999884586,254.75,130.78526566202217,0.5133867150619124,0.0,6,0.25,6,0.25,8,0.7272727272727273,0.125,4,2,5,0.035632183908045977,0.7409812409812411,1,1,-0.46732068817078554,1.0333333333333334
normal_00737,0.53749390375,0.537310805,0.0007882951802738443,0.0012659580246055105,-0.08475732619047618,0.5525952804913352,3.3371753411072067,0.0,0.9992117048197262,8,1.375,2.125,0.6470588235294118,11,17,2.125,1.375,0.5882352941176471,0.125,1.8112781244533624,12.766261930277778,6565.506135636714,4017.0000098763016,805.788818236,-0.2408225509834435,2.749999999989901,219.625,134.0542933718595,0.6103781143852454,0.0,5,0.25,6,0.25,8,0.7272727272727273,0.0,4,0,5,0.043076923076923075,0.6944444444444444,1,1,-0.3260800246674474,1.0769230769230769
normal_00738,1.42560148125,1.42535203375,0.00017330404841526463,9.506001994316028e-05,0.09491716964285715,0.340095545902071,2.751629167376281,0.08333333333333333,0.9998266959515847,8,1.5,1.5,1.0,12,12,1.5,1.5,0.6666666666666666,0.125,1.561278124454805,17.678408999444446,9091.753199828001,7193.979924600579,640.079531439,-0.11652980315517787,2.499999999991344,206.875,145.15355170104718,0.7016485882830075,0.0,6,0.25,6,0.375,8,0.6666666666666666,0.25,4,0,8,0.043478260869565216,0.6354166666666666,1,1,-0.3020722964014722,1.0
normal_00741,10.95585400125,10.95561805625,2.192744719823431e-05,1.3147298088571247e-05,0.13700218249999999,0.19876639900135137,1.5709505944488977,0.0,0.9999780725528018,8,1.375,1.25,1.1,11,10,1.25,1.375,0.9,0.0,1.4056390622252386,2.778135038611111,1428.7551628464284,1510.9651486022922,53.180917929,0.027965240582819222,1.2987949406910706,370.125,122.88837850435073,0.33201858427382835,0.125,5,0.25,6,0.375,8,0.7272727272727273,0.125,4,1,8,0.05526315789473684,0.4527777777777778,1,1,-0.25819888974716204,1.05
normal_00742,3.4315980775000003,3.4313154037499998,0.0023931697994592667,0.004250321684353499,-1.1176807508333333,0.6396083631506511,2.8731406795015912,0.0,0.9976068302005408,8,1.375,1.625,0.8461538461538461,11,13,1.625,1.375,0.6153846153846154,0.1875,1.4056390622252386,2.4878392000000003,1279.460160119143,1073.7979170697683,83.105415634,-0.08739468273494627,1.561278124454805,223.0,128.72562182520508,0.5772449409202022,0.25,6,0.375,6,0.25,8,0.7272727272727273,0.25,3,2,4,0.043478260869565216,0.555952380952381,1,1,-0.29250896965085266,1.0
normal_00745,4.240122635,4.2399008775,6.422483699739399e-05,6.158452113579646e-05,0.3449933673809524,0.18182704922340637,2.1132833342876616,0.0,0.9999357751630027,8,1.5,1.125,1.3333333333333333,12,9,1.125,1.5,0.8888888888888888,0.0,0.9544340029220797,7.293794703611111,3751.094419121286,2651.4941014336737,1451.168366829,-0.17174308705884192,2.499999999991344,334.625,150.39085980964973,0.44943103417153446,0.125,6,0.375,6,0.25,8,0.6666666666666666,0.0,3,0,8,0.05,0.5641025641025641,1,1,-0.25451390519031136,1.0
normal_00746,0.47284808375,0.472651905,0.002019893303984412,0.00347937588437562,-0.1053298445238095,0.5586653687162226,2.6084585933328084,0.0,0.9979801066960157,8,1.5,2.0,0.75,12,16,2.0,1.5,0.6875,0.0,1.905639062223796,4.117734729444445,2117.6921466728572,1571.2140687026422,121.403991188,-0.14814095183349307,2.499999999991344,261.375,150.51904245927537,0.5758739070656159,0.125,6,0.25,6,0.25,8,0.6666666666666666,0.0,5,0,3,0.04666666666666667,0.6287581699346405,1,1,-0.3541864320860345,1.12
normal_00747,3.14507313,3.1447313049999996,0.00020465997238638159,0.00024642306351191606,-0.4898671911904762,0.5923717018090361,3.1414460711510945,0.0,0.9997953400276136,8,1.625,2.5,0.65,13,20,2.5,1.625,0.45,0.125,1.2987949406910706,3.7794033244444445,1943.6931384218572,2346.173904476059,154.17407246,0.09382126812543719,1.7499999999942293,193.0,86.28855246041786,0.4470909453907661,0.0,6,0.25,8,0.125,8,0.6153846153846154,0.125,4,0,6,0.03326612903225806,0.7742965367965368,1,1,-0.45199337451175065,1.03125
normal_00750,1.29927889,1.29904050625,0.0004967371346460653,0.0007798963525413387,-0.3363250289285714,0.5299167859057154,2.866247897299747,0.0,0.999503262865354,8,1.375,1.875,0.7333333333333333,11,15,1.875,1.375,0.4666666666666667,0.125,1.4056390622252386,7.847644331666667,4035.931370638857,3943.336328738295,180.844258979,-0.011604453615184505,1.905639062223796,216.375,132.1935134565989,0.6109463360212544,0.125,7,0.25,7,0.25,8,0.7272727272727273,0.375,2,0,4,0.037037037037037035,0.6997493734335839,1,1,-0.3138229572304242,0.9629629629629629
normal_00751,1.69856304,1.6983104737499999,0.00019388008875069915,0.00014216176400646914,0.31041443345238096,0.32925544788469135,2.0403733936812825,0.18181818181818182,0.9998061199112493,8,1.625,1.375,1.1818181818181819,13,11,1.375,1.625,0.7272727272727273,0.125,1.499999999995672,4.853433554722223,2496.0515425478575,2495.0390993767724,118.621767492,-0.0002028500870292175,1.4056390622252386,265.25,138.16837554230707,0.5208986825346167,0.125,7,0.25,6,0.25,8,0.6153846153846154,0.0,4,0,8,0.043478260869565216,0.6770833333333334,1,1,-0.29250896965085205,1.0
normal_00753,0.6819464225,0.6817741475,0.19891873554095008,0.3383350984509728,-0.10853805690476191,0.8394580268607209,3.4464393446537027,0.0,0.8010812644590499,8,1.375,2.5,0.55,11,20,2.5,1.375,0.45,0.125,1.4056390622252386,4.236768391666667,2178.9094586590004,914.2577028632023,561.084380713,-0.4088533499021891,2.2499999999927867,276.75,139.0701261953839,0.5025117477701315,0.125,7,0.25,6,0.375,8,0.7272727272727273,0.125,4,0,4,0.035632183908045977,0.7697691197691197,1,1,-0.46732068817078554,1.0333333333333334
normal_00756,0.34409487375,0.34385740499999995,0.0009127260131496862,0.0007679914725068328,0.05623457095238096,0.357233117460419,1.7219280948815916,0.0,0.9990872739868503,8,1.5,1.25,1.2,12,10,1.25,1.5,0.9,0.0,1.561278124454805,8.76902645638889,4509.78503481457,3926.217705890408,438.257869123,-0.06917581073182472,2.499999999991344,218.5,104.00412079748159,0.4759913995308082,0.0,5,0.5,7,0.25,8,0.6666666666666666,0.125,4,0,8,0.05238095238095238,0.4153846153846154,1,1,-0.2969569354582498,1.0476190476190477
normal_00757,4.66422581625,4.664094331249999,0.00011629132239902321,0.00015685201470381103,-1.6284204489285716,0.6841673275434226,3.522711955662002,0.043478260869565216,0.999883708677601,8,1.5,2.875,0.5217391304347826,12,23,2.875,1.5,0.4782608695652174,0.0,1.4056390622252386,8.458596522777778,4350.135354590143,4456.284671837725,272.887926376,0.012053628708264014,2.1556390622223534,286.875,66.01176843130754,0.23010638233135527,0.0,6,0.25,7,0.25,8,0.6666666666666666,0.125,5,0,3,0.03528225806451613,0.7538690476190477,1,1,-0.4129802463250733,1.09375
normal_00763,0.21661828000000002,0.21640562375,0.0020154132228719706,0.0029722040638505993,0.04903691559523809,0.29833447705746124,0.9544340029220797,0.0,0.997984586777128,8,1.25,1.0,1.25,10,8,1.0,1.25,0.875,0.0,1.561278124454805,4.399477315277777,2262.5883336261427,2179.4570324734846,115.815908343,-0.018714644786631752,2.2499999999927867,238.75,86.9445636187631,0.36416571149220145,0.125,8,0.125,5,0.375,8,0.8,0.125,4,0,8,0.05263157894736842,0.2727272727272727,1,1,0.0,0.9473684210526315
normal_00766,0.4136136225,0.41334246625000004,0.0007483564796913233,0.00036455798462312094,-0.0411278844047619,0.4592379688806722,3.419381945629058,0.05555555555555555,0.9992516435203087,8,1.875,2.25,0.8333333333333334,15,18,2.25,1.875,0.7777777777777778,0.125,1.561278124454805,5.073876628055555,2609.422265882286,2058.0603944641985,386.680396847,-0.11812831702671132,2.2499999999927867,268.375,141.05311816070264,0.5255821822476111,0.125,5,0.25,7,0.25,8,0.5333333333333333,0.0,5,0,4,0.04700854700854701,0.6977861319966582,1,1,-0.46776758111881866,1.2222222222222223
normal_00767,0.43103860250000003,0.43085714125,0.0008816802573644424,0.0009705299968343074,-0.10098102916666668,0.7150843969222861,3.4591479170099317,0.041666666666666664,0.9991183197426357,8,1.0,3.0,0.3333333333333333,8,24,3.0,1.0,0.2916666666666667,0.0,1.2987949406910706,6.852332002222223,3524.0564584028575,3510.978369046998,208.264067997,-0.0018589942589666115,2.1556390622223534,256.0,120.0571292581756,0.46897316116474846,0.125,6,0.25,5,0.25,8,1.0,0.0,3,1,6,0.030303030303030304,0.7381818181818182,1,1,0.0,0.9696969696969697
normal_00768,2.4558401200000004,2.45560528125,0.0001315442767812364,0.00011486550357252314,-0.34675341654761904,0.4002492999996811,2.3553885421988774,0.0,0.9998684557232188,8,1.25,1.5,0.8333333333333334,10,12,1.5,1.25,0.6666666666666666,0.0,1.0612781244548048,6.287862314444444,3233.757761738,2310.1116881682947,212.007067526,-0.16660675037817088,1.9999999999927867,283.75,102.04865786196588,0.35964284709062866,0.0,6,0.25,5,0.25,8,0.8,0.0,4,0,7,0.047619047619047616,0.5095238095238095,1,1,-0.28867513459481253,1.0
normal_00769,0.04386519125,0.043710122500000004,0.009865909762186105,0.01772777919203223,-0.004533264047619048,0.6215364616056611,3.546439344652261,0.0,0.990134090237814,8,1.625,2.5,0.65,13,20,2.5,1.625,0.6,0.0,1.0612781244548048,9.805170876111111,5042.659307782572,3502.9688919024948,253.914581675,-0.18017287669229742,2.749999999989901,233.0,128.90306435457614,0.55323203585655,0.125,6,0.25,6,0.25,8,0.6153846153846154,0.0,4,0,6,0.04064039408866995,0.8288634645777503,1,1,-0.4609281507052884,1.1379310344827587
normal_00771,0.98348301375,0.98328923875,0.00026094384638187184,0.00017340805483966986,-0.07426015107142857,0.47917525806660094,2.9852281360212674,0.0,0.9997390561536181,8,1.625,1.75,0.9285714285714286,13,14,1.75,1.625,0.7857142857142857,0.0,1.4056390622252386,10.196401168888888,5243.863458359142,4304.651760251601,336.024373823,-0.09836206746332134,2.1556390622223534,269.625,138.15719566597215,0.5124049908798225,0.0,7,0.25,6,0.25,8,0.6153846153846154,0.125,4,0,7,0.04891304347826087,0.6671130952380953,1,1,-0.3213889915249246,1.125
normal_00772,0.5981632,0.59795456625,0.00045859757750228686,0.00047348721843452766,0.009427139642857144,0.4850863762033699,3.1751231350990343,0.0,0.9995414024224977,8,1.75,2.125,0.8235294117647058,14,17,2.125,1.75,0.6470588235294118,0.25,1.4056390622252386,5.712956830833334,2938.0920845028572,2383.219454500479,1078.742470683,-0.10427365996810327,2.499999999991344,285.375,137.56134994975878,0.4820371439325757,0.125,8,0.125,6,0.25,8,0.5714285714285714,0.0,4,2,8,0.041005291005291,0.8211904761904762,1,1,-0.4767036572248991,1.1071428571428572
normal_00775,7.485810531249999,7.48554540375,0.00022371848087493018,0.00024599141179338095,2.0365479020238095,0.7294492404319587,2.6084585933328084,0.0,0.9997762815191251,8,1.875,2.0,0.9375,15,16,2.0,1.875,0.5,0.0,1.7499999999942293,12.25062160611111,6300.319683147858,3201.8902190088684,389.808953409,-0.32607461801446164,2.749999999989901,280.125,163.32302567086404,0.5830362362190595,0.0,5,0.25,7,0.25,8,0.5333333333333333,0.0,4,2,8,0.03333333333333333,0.7695652173913043,1,1,-0.407114896915022,1.0
normal_00776,2.6123947725,2.6121847887499996,0.0001689406571137582,0.00023341443854911606,0.1626811617857143,0.4762303786367706,2.983458593331365,0.0625,0.9998310593428863,8,1.875,2.0,0.9375,15,16,2.0,1.875,0.6875,0.0,1.499999999995672,5.810529944722223,2988.272543062572,3599.8944859993317,559.762267457,0.09283643542107481,1.8112781244533624,273.625,125.39188570238507,0.4582618024755964,0.0,7,0.25,6,0.25,8,0.5333333333333333,0.0,3,0,6,0.041005291005291,0.7136507936507936,1,1,-0.4393588245894652,1.1071428571428572
normal_00777,12.35348253625,12.353278458750001,9.374310469113693e-05,0.0002090800269929864,-2.8099697682142852,0.5049936562300841,2.4591479170185884,0.0,0.9999062568953089,8,1.25,1.5,0.8333333333333334,10,12,1.5,1.25,0.75,0.125,1.2987949406910706,5.6376368925,2899.3561162710002,1465.5735107475016,474.47557575,-0.32847782851950685,2.499999999991344,261.0,109.93634521849451,0.4212120506455728,0.125,8,0.125,8,0.125,8,0.8,0.0,4,0,5,0.05238095238095238,0.3871794871794872,1,1,-0.21989830185314058,1.0476190476190477
normal_00780,0.43675012874999997,0.43649187624999997,0.0022016235701316864,0.00343544217264992,-0.06110413273809523,0.5473693524821164,3.106890595595534,0.0,0.9977983764298682,8,1.5,1.875,0.8,12,15,1.875,1.5,0.7333333333333333,0.0,1.4056390622252386,4.281534354166666,2201.9319536822854,1489.0518494963587,656.51943324,-0.19314094620843375,2.1556390622223534,281.0,135.14753842692488,0.48095209404599604,0.0,6,0.25,7,0.25,8,0.6666666666666666,0.0,4,0,4,0.04891304347826087,0.6455357142857142,1,1,-0.3924538361236172,1.125
normal_00782,1.1377418174999998,1.1375485175,0.0001687998606748795,9.206742571279687e-05,0.013368414285714272,0.23145746936140135,2.0494520727807375,0.0,0.999831200139325,8,1.375,1.375,1.0,11,11,1.375,1.375,0.7272727272727273,0.125,1.548794940689628,10.229528411666665,5260.9003260234285,7445.189025511444,660.542464647,0.17190880994585148,1.8112781244533624,287.5,175.67177186039717,0.6110322499492076,0.125,5,0.5,6,0.375,8,0.7272727272727273,0.0,3,1,8,0.047619047619047616,0.5714285714285714,1,1,-0.26229508196721335,1.0
normal_00783,0.33949311625,0.33919866,0.0028401001924553515,0.003984774130566101,-0.04777991809523809,0.6425563022700189,3.5503407095276334,0.0,0.9971598998075446,8,1.375,2.75,0.5,11,22,2.75,1.375,0.36363636363636365,0.125,1.905639062223796,1.5004269133333332,771.6481268627143,625.9645051602347,69.749213503,-0.10423748209231087,1.2987949406910706,331.375,113.81179640090038,0.3434531766153161,0.125,6,0.25,7,0.25,8,0.7272727272727273,0.25,4,1,6,0.03125,0.7991746031746034,1,1,-0.38615363765378763,1.0
normal_00784,0.8411035874999999,0.84084306125,0.0032546966322083053,0.006072587948433946,-0.027249893214285736,0.32716841176036865,0.9182958340516041,0.0,0.9967453033677917,8,1.125,1.125,1.0,9,9,1.125,1.125,0.8888888888888888,0.125,1.8112781244533624,10.185036928055556,5238.018991601857,2940.185962529474,1976.364252209,-0.28097034030818724,2.499999999991344,221.25,119.59425452038118,0.5405390034819488,0.125,6,0.25,7,0.25,8,0.8888888888888888,0.0,3,0,6,0.058823529411764705,0.2666666666666667,1,1,-0.12499999999999972,1.0
normal_00785,0.50450852625,0.5042733662500001,0.0007204659718129338,0.0006175952528272995,-0.05729423154761907,0.47067445632718874,2.8729055953085147,0.0,0.999279534028187,8,1.125,1.875,0.6,9,15,1.875,1.125,0.5333333333333333,0.125,1.4056390622252386,4.476143558055555,2302.016687077857,1315.9996018860631,236.570751683,-0.27252975289233883,2.1556390622223534,199.125,134.52502422544714,0.6755807870706699,0.125,6,0.25,7,0.25,8,0.8888888888888888,0.0,4,0,3,0.043478260869565216,0.5666666666666667,1,1,-0.23636363636363764,1.0
normal_00792,0.32037439375,0.32011493374999994,0.019140540925625203,0.04515524928079758,-0.11912687178571427,0.7275738589220343,3.0574760762769477,0.0,0.9808594590743748,8,1.0,2.125,0.47058823529411764,8,17,2.125,1.0,0.4117647058823529,0.125,0.8112781244562475,3.3135907388888888,1704.1323800927144,1310.3081901210842,29.076654538,-0.13064586307093734,1.905639062223796,265.375,141.46270331282173,0.5330671815838784,0.0,7,0.25,5,0.375,8,1.0,0.0,5,0,3,0.038461538461538464,0.5592592592592591,1,1,0.0,0.9615384615384616
normal_00794,0.33630703250000005,0.33603841375,0.004117715096123638,0.006488918554479706,-0.07422268845238096,0.6759733170163496,3.203701696041479,0.05,0.9958822849038763,8,1.5,2.5,0.6,12,20,2.5,1.5,0.55,0.0,1.2987949406910706,6.382839646388889,3282.603246724572,2807.5464513929824,790.506672898,-0.07800412450919358,2.1556390622223534,364.25,103.20956489451105,0.2833481534509569,0.375,7,0.25,7,0.25,8,0.6666666666666666,0.0,4,0,3,0.03940886699507389,0.7765306122448979,1,1,-0.41779266707623414,1.103448275862069
normal_00795,0.37344111875,0.37318468875,0.027615703655917152,0.07136638814286916,-0.14309532559523813,0.6880107071306588,3.4613201401936955,0.0,0.9723842963440827,8,1.125,2.25,0.5,9,18,2.25,1.125,0.4444444444444444,0.0,0.9999999999971146,6.932010110555556,3565.0337712034293,4861.216725070215,400.713745669,0.15382677674251424,1.905639062223796,278.5,135.70451092618214,0.48726933905271863,0.0,6,0.25,7,0.25,8,0.8888888888888888,0.25,4,0,3,0.038461538461538464,0.6248955722639933,1,1,-0.2672809652615456,1.0
normal_00796,4.66839873875,4.66818173625,7.227032985499804e-05,5.923665683063232e-05,0.5791638413095238,0.38514454524830416,1.3516441151490644,0.0,0.999927729670145,8,1.5,1.125,1.3333333333333333,12,9,1.125,1.5,0.8888888888888888,0.0,1.4056390622252386,4.671211204722222,2402.337191006857,1538.0743269059044,462.711524571,-0.21933314837094817,2.4056390622209105,296.5,104.50017088161012,0.35244577025838153,0.125,6,0.375,7,0.25,8,0.6666666666666666,0.25,4,2,6,0.05,0.48461538461538467,1,1,-0.18512624294300764,1.0
normal_00797,0.4064683325,0.40621189,0.02416038529346595,0.06127760307011265,-0.13604071380952382,0.7486997299200999,2.6565647621208557,0.2,0.975839614706534,8,1.125,1.875,0.6,9,15,1.875,1.125,0.5333333333333333,0.0,1.561278124454805,6.965945697777778,3582.486358869143,3800.053523842687,1032.520880698,0.02947050316423419,2.1556390622223534,243.5,60.45068828628599,0.2482574467609281,0.25,7,0.25,7,0.25,8,0.8888888888888888,0.125,4,0,3,0.043478260869565216,0.5230654761904762,1,1,-0.22004311471167665,1.0
normal_00798,6.818270200000001,6.8180128062500005,0.006395373007721621,0.017260948287199318,0.07587394940476165,0.7112266461087642,3.1761102515013855,0.0,0.9936046269922785,8,1.625,2.375,0.6842105263157895,13,19,2.375,1.625,0.47368421052631576,0.041666666666666664,1.4056390622252386,3.928617305,2020.4317569989998,1628.6186895592796,137.094469335,-0.10737397938942486,2.1556390622223534,235.125,143.03789457942355,0.6083483023048317,0.125,6,0.25,7,0.25,8,0.6153846153846154,0.25,2,0,7,0.034408602150537634,0.7838070142417968,1,1,-0.4265333434437535,1.032258064516129
normal_00800,0.7746856074999999,0.77454655125,0.0006905211259945475,0.0014881145927855483,-0.1255248332142857,0.39825083051480753,2.7773627950526274,0.0,0.9993094788740055,8,1.25,1.625,0.7692307692307693,10,13,1.625,1.25,0.6923076923076923,0.0,1.0612781244548048,8.3212589,4279.504577270715,2721.1274189759547,167.368943506,-0.22260521037675907,2.749999999989901,256.625,103.32464441195596,0.40262891149325264,0.125,6,0.25,7,0.25,8,0.8,0.0,5,0,4,0.049783549783549784,0.5333333333333333,1,1,-0.2695888146579206,1.0454545454545454
normal_00805,10.9310620525,10.930814126249999,2.269310637661981e-05,1.2355278545311583e-05,0.06461600059523809,0.007774040157236023,0.9999999999971146,0.0,0.9999773068936233,8,1.125,1.0,1.125,9,8,1.0,1.125,0.875,0.0,0.8112781244562475,10.91182867611111,5611.797604900001,6406.779107033771,599.18358541,0.06614606048521518,2.1556390622223534,318.0,126.15863030328127,0.39672525252604174,0.0,5,0.375,6,0.375,8,0.8888888888888888,0.0,4,0,8,0.05555555555555555,0.16666666666666666,1,1,0.0,0.9444444444444444
normal_00807,0.33981341125,0.33956706875,0.002178930147040776,0.0026765264275631488,-0.08561050892857142,0.4570948758789416,3.177566232082098,0.047619047619047616,0.9978210698529592,8,1.5,2.625,0.5714285714285714,12,21,2.625,1.5,0.5238095238095238,0.125,1.4056390622252386,12.147919652222223,6247.501535455999,4504.05901616919,612.556551964,-0.16215715950400086,2.749999999989901,212.125,106.61069029752264,0.502584279540472,0.0,6,0.25,7,0.25,8,0.6666666666666666,0.25,3,0,3,0.03793103448275862,0.7892496392496393,1,1,-0.41756177252089105,1.1
normal_00811,0.16357852375,0.16334740875,0.0019795156141655156,0.0009727375588089881,-0.0358968944047619,0.3979312642898169,3.21952828228512,0.0,0.9980204843858345,8,1.125,2.125,0.5294117647058824,9,17,2.125,1.125,0.47058823529411764,0.0,1.7499999999942293,3.7210205708333333,1913.6677221594286,1993.511902476393,570.122246808,0.020435246901249513,1.2987949406910706,267.5,76.35630762606135,0.28544414065817325,0.0,6,0.25,6,0.25,8,0.8888888888888888,0.0,4,0,3,0.04,0.6132275132275132,1,1,-0.24537386440559222,1.0
normal_00812,1.0139178537500002,1.0137153487500001,0.0016489908057922913,0.0015555625724820756,-0.40998515726190476,0.7641521323582137,3.8278195310917003,0.0,0.9983510091942078,8,1.0,4.0,0.25,8,32,4.0,1.0,0.21875,0.375,1.4056390622252386,6.004310045833334,3087.9308807512857,3146.5424526585552,610.732289964,0.00940120660925386,2.2499999999927867,323.25,125.9407457043646,0.3896078753421952,0.0,6,0.375,7,0.25,8,1.0,0.125,4,0,3,0.024390243902439025,0.8941973851064761,1,1,0.0,0.975609756097561
normal_00816,1.5946563350000003,1.594396855,0.00047092678009206764,0.0007401239434863059,-0.31715474857142856,0.5965646523779401,3.30827083451939,0.0,0.9995290732199079,8,1.875,2.25,0.8333333333333334,15,18,2.25,1.875,0.5,0.0,1.905639062223796,5.8878594275,3028.0419913994288,2712.64346883815,24.865689506,-0.05494091685494051,2.4056390622209105,292.625,126.22987817017469,0.4313707925507892,0.125,6,0.25,6,0.25,8,0.5333333333333333,0.125,5,0,6,0.03326612903225806,0.7892526455026454,1,1,-0.507814393135383,1.03125
normal_00820,6.02280001125,6.0226226375,4.366895620173748e-05,5.241772025121304e-05,0.14693303547619055,0.44817494878540554,2.7773627950526274,0.0,0.9999563310437982,8,1.875,1.625,1.1538461538461537,15,13,1.625,1.875,0.8461538461538461,0.0625,1.0612781244548048,14.110349720555556,7256.751284903429,5111.593993835231,508.193564929,-0.1734393116236616,2.9999999999884586,266.5,141.088624630053,0.5294132256287167,0.25,7,0.25,6,0.25,8,0.5333333333333333,0.125,3,0,6,0.04666666666666667,0.6389355742296919,1,1,-0.36469779078263065,1.12
normal_00821,1.42040376875,1.4202912475,0.00026600348975197536,0.0004329601657251637,-0.2988287978571429,0.5811628434106934,3.1158340921487935,0.0,0.9997339965102481,8,1.375,2.375,0.5789473684210527,11,19,2.375,1.375,0.5263157894736842,0.25,1.4056390622252386,8.251585055,4243.672314117572,4053.809235196863,9.122902959,-0.022882012788132775,2.499999999991344,226.25,115.55301813453424,0.5107315718653447,0.125,7,0.25,7,0.25,8,0.7272727272727273,0.0,4,0,3,0.03968253968253968,0.6808225108225108,1,1,-0.35740043089942697,1.0714285714285714
normal_00822,51.599515537500004,51.59934791625,3.4969948724467465e-06,2.283582167453999e-06,-5.58551175297619,0.21466848323555343,2.170950594447455,0.0,0.9999965030051275,8,1.25,1.25,1.0,10,10,1.25,1.25,0.8,0.0,1.2987949406910706,10.101593737777778,5195.105350943857,6290.766306269938,836.131879696,0.09539205974306197,2.499999999991344,257.125,148.62747054296523,0.5780358601573757,0.0,5,0.25,5,0.5,8,0.8,0.0,3,0,7,0.05263157894736842,0.30833333333333335,1,1,-0.2500000000000021,1.0
normal_00823,0.99954929625,0.9993405525,0.00449898088803895,0.009526815042113317,-0.2918855342857143,0.6476158131025951,3.0031125421433353,0.0,0.995501019111961,8,1.375,2.375,0.5789473684210527,11,19,2.375,1.375,0.3684210526315789,0.0,1.2987949406910706,6.554854742222223,3371.068153169571,5325.7890775629185,69.231953501,0.2247617584759077,1.905639062223796,223.375,77.37836076246197,0.3464056441520401,0.0,6,0.25,5,0.375,8,0.7272727272727273,0.0,2,0,4,0.03225806451612903,0.7974025974025973,1,1,-0.3306232612667902,0.967741935483871
normal_00825,1.09117547125,1.09094345125,0.0006319106784857564,0.0009187540360844997,-0.2244579760714285,0.5601043896797484,3.221928094871493,0.0,0.9993680893215143,8,1.375,2.5,0.55,11,20,2.5,1.375,0.5,0.0,1.4056390622252386,4.255621234166667,2188.605206250714,936.1451886984789,768.693301898,-0.4008192204973222,2.2499999999927867,232.75,126.42869249388878,0.5431952416493611,0.0,7,0.25,6,0.25,8,0.7272727272727273,0.0,2,0,3,0.038177339901477834,0.7664399092970522,1,1,-0.37221380219319505,1.0689655172413792
normal_00826,0.37758014625,0.37736148625,0.0018476085266257748,0.0018387627569319304,-0.14701323892857146,0.5551698224553956,3.4906015629319667,0.0,0.9981523914733742,8,1.375,3.0,0.4583333333333333,11,24,3.0,1.375,0.4166666666666667,0.0625,0.543564443196711,6.3624929041666665,3272.1392079588577,3767.873756733021,191.672207492,0.07041670963682096,1.7499999999942293,248.25,152.90403152678107,0.6159276194432268,0.0,5,0.25,8,0.125,8,0.7272727272727273,0.0,3,0,3,0.03314393939393939,0.79779797979798,1,1,-0.4755638278348465,1.0606060606060606
normal_00827,0.24472721,0.2444320875,0.008451363467149465,0.01235328858595348,-0.07051658976190477,0.719339988453848,3.195295934480347,0.10526315789473684,0.9915486365328505,8,1.0,2.375,0.42105263157894735,8,19,2.375,1.0,0.3684210526315789,0.0,1.2987949406910706,11.250972647222223,5786.214504380571,5083.639953622646,521.841589678,-0.06463513871987825,2.749999999989901,344.5,158.3152370611063,0.45955076069987316,0.125,6,0.25,6,0.25,8,1.0,0.125,4,0,3,0.03571428571428571,0.6549603174603174,1,1,1.1628850885804116e-08,0.9642857142857143
normal_00828,0.46708129249999997,0.46678960999999997,0.06559939000580943,0.15174708219119531,-0.09831087142857141,0.7647179198329276,2.984234164639504,0.0,0.9344006099941906,8,1.5,2.125,0.7058823529411765,12,17,2.125,1.5,0.5882352941176471,0.0,1.561278124454805,7.138469870277778,3671.2130762422858,3764.9946504617533,490.695529728,0.012611478547417405,2.1556390622223534,289.25,148.76227440354052,0.5143034551548505,0.125,5,0.25,6,0.25,8,0.6666666666666666,0.25,4,0,5,0.04131054131054131,0.6676691729323307,1,1,-0.328171598106895,1.0740740740740742
normal_00831,1.7814994662499999,1.78128502625,0.0007470335898371613,0.0011843075066297875,-0.3440198432142857,0.604704979224639,3.350209029084027,0.05555555555555555,0.9992529664101628,8,2.0,2.25,0.8888888888888888,16,18,2.25,2.0,0.6666666666666666,0.0,1.0612781244548048,4.137867819444445,2128.046307220286,1899.4225716944663,225.662705263,-0.05676610854096159,1.7499999999942293,220.875,115.28900021870504,0.5219649132708774,0.0,6,0.25,6,0.375,8,0.5,0.125,4,0,5,0.03908045977011494,0.7176406926406926,1,1,-0.46061142095388513,1.1333333333333333
normal_00833,1.2081705975,1.20787413125,0.0002989550715743651,0.00019688613361905065,-0.004715420833333335,0.4054333479083814,2.4416298737771256,0.0,0.9997010449284256,8,1.625,1.625,1.0,13,13,1.625,1.625,0.8461538461538461,0.125,1.4056390622252386,6.476562533888889,3330.803588923857,3223.0575133969296,21.259936227,-0.016440091397233556,1.7499999999942293,263.75,134.58056535558384,0.510258067698896,0.0,5,0.375,4,0.5,8,0.6153846153846154,0.0,4,0,7,0.05138339920948617,0.6815873015873016,1,1,-0.30967491599449215,1.1304347826086956
normal_00834,0.9083128387499999,0.9081461975,0.0006411605039237898,0.0011818375955699105,-0.08934705595238095,0.4836528854328979,3.576617644889911,0.0,0.9993588394960762,8,2.0,2.375,0.8421052631578947,16,19,2.375,2.0,0.631578947368421,0.0,1.561278124454805,6.4967802288888885,3341.201260584,3094.493326516009,478.009749595,-0.038334313527323596,2.1556390622223534,369.875,111.48662636003861,0.3014170364583673,0.0,7,0.25,5,0.25,8,0.5,0.125,3,0,5,0.03763440860215054,0.7631124913733609,1,1,-0.5010983182869828,1.1290322580645162
normal_00837,0.16885498875,0.1687277725,0.011252229278415167,0.026761170457516283,-0.04687406857142857,0.6777978047449189,3.4936606896694307,0.0,0.9887477707215848,8,1.375,3.125,0.44,11,25,3.125,1.375,0.36,0.125,0.8112781244562475,5.119574444166667,2632.9239999291426,1566.278396960727,756.567262986,-0.2540114769791579,2.2499999999927867,335.375,93.47564617894561,0.27871977988504093,0.125,6,0.25,7,0.25,8,0.7272727272727273,0.125,3,0,4,0.030252100840336135,0.8242424242424243,1,1,-0.4055010855754707,1.0285714285714285
normal_00838,0.7744528912500002,0.77425600875,0.0002776974133432295,0.0001950402410369208,-0.1697251398809524,0.5554193491268792,3.446439344653703,0.0,0.9997223025866567,8,1.625,2.5,0.65,13,20,2.5,1.625,0.5,0.0,1.4056390622252386,8.324826376666666,4281.3392794844285,6118.169286373979,48.844303421,0.17662661608067373,1.7499999999942293,155.875,79.6858788350501,0.5112165442505219,0.0,5,0.25,7,0.25,8,0.6153846153846154,0.125,3,0,4,0.035483870967741936,0.7971704623878537,1,1,-0.4917702396049035,1.064516129032258
normal_00839,0.717048275,0.7168439,0.1257998352421968,0.34760740081738906,-0.20585485999999997,0.5671316728681207,2.449311833017789,0.0,0.8742001647578033,8,1.375,1.625,0.8461538461538461,11,13,1.625,1.375,0.5384615384615384,0.0,1.8112781244533624,5.560638583055556,2859.756985713142,2278.2572891269806,307.892873438,-0.1131759597153427,1.9999999999927867,205.625,139.73335576835515,0.6795543137670768,0.0,4,0.5,5,0.375,8,0.7272727272727273,0.0,5,1,5,0.04,0.6061624649859945,1,1,-0.280056016805602,0.96
normal_00842,0.6676220687500001,0.66747217375,0.0021244303168126426,0.003729205640894113,-0.1392288110714286,0.6034588664051034,2.780639062218025,0.0,0.9978755696831874,8,1.625,2.0,0.8125,13,16,2.0,1.625,0.75,0.125,1.4056390622252386,4.387100848611111,2256.223293634714,2022.0509165290866,297.242007796,-0.05473524267082025,1.7499999999942293,243.125,91.72075244224412,0.3772575935927779,0.0,7,0.25,6,0.25,8,0.6153846153846154,0.0,3,2,5,0.04833333333333333,0.6750700280112045,1,1,-0.33718753012250025,1.16
normal_00844,2.49963246625,2.49944218375,0.006009933949654261,0.01053941465966706,-0.8578636791666666,0.8355844998048959,3.783465189580006,0.0,0.9939900660503457,8,1.375,3.125,0.44,11,25,3.125,1.375,0.36,0.0,1.4056390622252386,9.824323460555556,5052.509208341428,4372.604724620626,692.328179882,-0.0721375347350445,2.499999999991344,322.875,170.90635489313186,0.5293266895644811,0.25,4,0.375,5,0.375,8,0.7272727272727273,0.125,5,0,4,0.030252100840336135,0.8675485008818343,1,1,-0.4544996157177124,1.0285714285714285
normal_00845,5.617668815,5.6174424,3.8227008706194015e-05,2.2861578153679113e-05,-0.25275636976190474,0.48540013079024513,2.6062389286418477,0.0,0.9999617729912937,8,1.625,1.875,0.8666666666666667,13,15,1.875,1.625,0.4666666666666667,0.0,1.7499999999942293,5.8526593191666665,3009.939078479857,3067.569228413533,250.30322316,0.009482529191825077,1.9999999999927867,278.5,81.74350127074322,0.2935134695538356,0.125,6,0.25,6,0.25,8,0.6153846153846154,0.125,3,2,7,0.034482758620689655,0.7522675736961452,1,1,-0.35454401565220695,0.9655172413793104
normal_00846,0.35508754,0.35487060375,0.0007176083455475581,0.00041422514079959643,0.027734899642857146,0.3627622300369508,2.663532754794156,0.0,0.9992823916544524,8,1.75,1.375,1.2727272727272727,14,11,1.375,1.75,0.9090909090909091,0.0,1.0612781244548048,3.403331544722222,1750.284794519714,1824.5669099493916,380.83998166,0.02077907604861306,1.499999999995672,194.75,89.8280102672403,0.4612478062502711,0.0,5,0.375,6,0.25,8,0.5714285714285714,0.0,4,0,8,0.04940711462450593,0.7066666666666667,1,1,-0.3591992887299877,1.0869565217391304
normal_00847,0.8817001025,0.8814314912500001,0.00042511352498168586,0.00038405997179435854,-0.027551527499999996,0.4140583397789204,2.584962500711057,0.0,0.9995748864750185,8,1.5,1.5,1.0,12,12,1.5,1.5,0.5833333333333334,0.0,1.561278124454805,6.640171520277777,3414.94535338,1750.6428046515932,999.591974533,-0.3221903291188062,2.499999999991344,253.75,121.81807278537474,0.48007122279950637,0.0,6,0.25,7,0.25,8,0.6666666666666666,0.25,4,0,8,0.04,0.6607843137254903,1,1,-0.30440307248965404,0.96
normal_00848,0.6792041012500001,0.6790045925,0.0015081485487994195,0.0028409483039947944,-0.19643842285714289,0.7270556609674185,3.753269689493468,0.08,0.9984918514512005,8,1.625,3.125,0.52,13,25,3.125,1.625,0.32,0.0,1.4056390622252386,14.831024893333334,7627.384230925714,9799.150198590858,1360.952863865,0.12462408842383876,2.499999999991344,309.5,139.02003966540732,0.4491762186281335,0.125,6,0.25,6,0.25,8,0.6153846153846154,0.125,4,0,4,0.02702702702702703,0.8728835978835979,1,1,-0.4904144462736841,1.0
normal_00850,4.278661776250001,4.2784357425,6.622455424616652e-05,5.462626764016433e-05,-0.5442061390476192,0.27991092266591394,2.046439344663802,0.0,0.9999337754457538,8,1.625,1.25,1.3,13,10,1.25,1.625,0.8,0.0,1.7499999999942293,3.78915224,1948.7068663935715,1759.5960347246812,404.619219931,-0.050996597826963724,1.905639062223796,340.5,159.65587994182988,0.46888657839010245,0.0,6,0.25,7,0.25,8,0.6153846153846154,0.125,5,0,7,0.045454545454545456,0.64,1,1,-0.24048144481686065,1.0
normal_00852,0.50197292375,0.501777575,0.0011296551038107285,0.0018560063880524228,-0.006531978571428577,0.4971706913091002,2.661226256259691,0.0,0.9988703448961893,8,2.0,1.625,1.2307692307692308,16,13,1.625,2.0,0.9230769230769231,0.0,1.2987949406910706,5.968873225277777,3069.7062301567144,2248.8243328179383,488.320917338,-0.1543437398016299,2.1556390622223534,355.375,98.3157268337937,0.2766534698101828,0.25,5,0.25,7,0.25,8,0.5,0.0,3,0,6,0.04833333333333333,0.7126984126984127,1,1,-0.39645018668570947,1.16
normal_00855,0.34452723874999996,0.34428231875,0.0012328435743600848,0.0012820972899826159,-0.08320999321428572,0.6681706956536948,3.4474015046886026,0.0,0.99876715642564,8,1.0,2.75,0.36363636363636365,8,22,2.75,1.0,0.3181818181818182,0.0,1.7499999999942293,6.461476338611111,3323.0449742048577,2619.1605915846826,567.06140527,-0.11845507107202376,2.4056390622209105,260.75,125.5772386109157,0.4816001480763785,0.0,5,0.375,6,0.25,8,1.0,0.25,5,2,5,0.03225806451612903,0.7259395194177803,1,1,0.0,0.967741935483871
normal_00856,3.0424405075,3.0422304124999995,7.167182283339735e-05,5.372622751113391e-05,0.1309225757142857,0.22713681158428706,1.3567796494412687,0.0,0.9999283281771666,8,2.125,1.25,1.7,17,10,1.25,2.125,0.8,0.0,1.2987949406910706,6.495981226388889,3340.7903451055713,2516.8446264096015,567.158602782,-0.14066184094821513,1.7499999999942293,301.125,146.88230225008633,0.4877785047740517,0.125,6,0.375,6,0.25,8,0.47058823529411764,0.25,4,0,8,0.038461538461538464,0.7172932330827068,1,1,-0.3800477028585321,1.0
normal_00857,0.65820389125,0.658023365,0.0003785912619934984,0.0002987793757657602,-0.09487381619047619,0.5757071591299241,3.4316235658301184,0.05263157894736842,0.9996214087380064,8,1.375,2.375,0.5789473684210527,11,19,2.375,1.375,0.42105263157894735,0.0,0.9544340029220797,8.404064105277778,4322.090111362571,3237.375126797775,826.725087711,-0.1434909679971979,2.1556390622223534,276.125,112.47912504739966,0.4073485741870517,0.0,7,0.25,7,0.25,8,0.7272727272727273,0.0,4,0,6,0.034482758620689655,0.8043290043290043,1,1,-0.3583446873162329,1.0
normal_00859,0.36848709375,0.368211015,0.001471418256886098,0.001958945833343955,-0.06053406238095239,0.5718150888688266,3.263933429469764,0.11764705882352941,0.9985285817431138,8,1.0,2.125,0.47058823529411764,8,17,2.125,1.0,0.4117647058823529,0.125,1.499999999995672,5.463339168055555,2809.7172865444286,1725.2335180367038,65.911789106,-0.23913903705685124,2.4056390622209105,284.75,145.8862081016767,0.5123308449576003,0.25,6,0.25,7,0.25,8,1.0,0.125,2,0,7,0.038461538461538464,0.5908289241622575,1,1,0.0,0.9615384615384616
normal_00860,0.11841349124999999,0.1181068375,0.007076110427418739,0.007566747000239292,-0.01702519285714286,0.5939114512389647,3.5883543471544774,0.0,0.9929238895725812,8,1.375,2.875,0.4782608695652174,11,23,2.875,1.375,0.43478260869565216,0.0,1.499999999995672,3.631157493888889,1867.4524254801431,655.4058686640313,481.26047121,-0.4804259357845829,2.2499999999927867,333.25,111.83885090355932,0.33560045282388395,0.125,5,0.5,8,0.125,8,0.7272727272727273,0.375,4,0,3,0.034274193548387094,0.7985449735449736,1,1,-0.42131320859438776,1.0625
normal_00861,2.66687418625,2.666602005,0.0005992371554365181,0.001414285487310778,-0.43353215714285714,0.4995640619069974,2.9852281360212674,0.0,0.9994007628445635,8,1.125,1.75,0.6428571428571429,9,14,1.75,1.125,0.5714285714285714,0.125,1.561278124454805,2.980911005277778,1533.0399455741428,682.7783764422778,808.109775291,-0.38372350326903926,1.905639062223796,219.75,111.96523695198562,0.5095118860158617,0.0,8,0.125,7,0.25,8,0.8888888888888888,0.125,4,0,6,0.045454545454545456,0.5214285714285715,1,1,-0.20113458206170848,1.0
normal_00865,0.21982286875,0.21964705375,0.001558374788096935,0.001825417268578255,-0.05245016035714286,0.522112894934391,3.038562336061203,0.0,0.998441625211903,8,1.375,2.25,0.6111111111111112,11,18,2.25,1.375,0.5,0.0,1.499999999995672,9.050300850277779,4654.44043742,4124.965042080038,1136.145303353,-0.06030879842334317,2.499999999991344,343.5,119.4212232872724,0.3476600386820157,0.125,7,0.25,5,0.375,8,0.7272727272727273,0.0,4,0,5,0.03835978835978836,0.6986507936507935,1,1,-0.4241377860933004,1.0357142857142858
normal_00866,0.5444907975,0.5442737262499999,0.016885196230620018,0.0450813447260784,-0.13051527583333333,0.7102113260761522,3.286629486770326,0.15789473684210525,0.98311480376938,8,1.0,2.375,0.42105263157894735,8,19,2.375,1.0,0.3684210526315789,0.25,1.905639062223796,8.816985660833334,4534.449768539286,3135.1821526573167,108.453970702,-0.18244260353809236,2.4056390622209105,348.0,134.7145129523913,0.38711066940342326,0.375,8,0.125,8,0.125,8,1.0,0.125,3,0,3,0.03571428571428571,0.7147619047619048,1,1,0.0,0.9642857142857143
normal_00867,0.5564642424999999,0.5561540575,0.0007170859719421462,0.00038566335002389513,0.00260028690476191,0.4977131651152253,3.327819531098913,0.0,0.9992829140280578,8,1.625,2.0,0.8125,13,16,2.0,1.625,0.5625,0.0625,1.4056390622252386,6.353548663333333,3267.5393125781425,2017.9489722127253,413.608825343,-0.23641909186728244,2.499999999991344,243.0,154.3761639632233,0.6352928558157337,0.125,8,0.125,5,0.375,8,0.6153846153846154,0.0,4,1,7,0.03835978835978836,0.7511904761904762,1,1,-0.39108493236493885,1.0357142857142858
normal_00868,0.51276959,0.5125321625,0.0006306060903097712,0.0004791877554294752,-0.06428182261904762,0.5801126278764814,3.368522527710894,0.045454545454545456,0.9993693939096902,8,1.875,2.75,0.6818181818181818,15,22,2.75,1.875,0.6363636363636364,0.0,1.499999999995672,5.842353429444444,3004.638906629714,2548.6891908414327,65.380333863,-0.08210386776821448,2.2499999999927867,281.375,114.22526303005704,0.40595384462037154,0.125,5,0.25,6,0.25,8,0.5333333333333333,0.25,5,1,6,0.03978494623655914,0.8193236714975846,1,1,-0.5053393003358577,1.1935483870967742
normal_00869,0.88820423125,0.88792692125,0.0003536449935284931,0.00015379861444827678,-0.01570469726190476,0.2914514398585704,2.9182958340429477,0.0,0.9996463550064715,8,2.0,1.5,1.3333333333333333,16,12,1.5,2.0,0.75,0.125,1.2987949406910706,7.026565395555555,3613.6622034571433,4789.383482521171,691.564996986,0.13991608792820048,1.8112781244533624,342.0,82.96643038861303,0.24259190172109074,0.125,7,0.25,8,0.125,8,0.5,0.0,4,0,7,0.039886039886039885,0.706766917293233,1,1,-0.4961389383568328,1.037037037037037
normal_00871,0.38313834875,0.38286368,0.0018540436961828088,0.002554994621017942,-0.08306928285714285,0.46582516164761284,2.855388542195992,0.08333333333333333,0.9981459563038172,8,1.375,1.5,0.9166666666666666,11,12,1.5,1.375,0.75,0.0625,1.499999999995672,5.611107883611111,2885.7126259942856,2585.3457833836387,22.079366258,-0.05490104841428654,1.905639062223796,333.875,129.29858854604717,0.38726645764446926,0.25,6,0.25,7,0.25,8,0.7272727272727273,0.125,4,0,6,0.049783549783549784,0.5380952380952381,1,1,-0.31942165331739286,1.0454545454545454
normal_00872,0.9166182087500001,0.91633766875,0.0006023547273543203,0.000786537510391614,-0.022749977023809542,0.5453596519622234,2.6084585933328084,0.0,0.9993976452726457,8,1.5,2.0,0.75,12,16,2.0,1.5,0.625,0.0,1.561278124454805,4.7697637169444445,2453.0213402077143,2033.0822321775145,150.518997247,-0.09360887488536543,1.905639062223796,272.25,123.44316216670038,0.4534184101623522,0.25,7,0.25,5,0.375,8,0.6666666666666666,0.0,2,0,8,0.043076923076923075,0.6943121693121692,1,1,-0.44871180269655725,1.0769230769230769
normal_00874,2.4493161525,2.44902631125,0.0013911270142670132,0.0033393119710672108,-0.5394375174999999,0.7132715483218555,3.323934896268186,0.0,0.998608872985733,8,1.0,3.0,0.3333333333333333,8,24,3.0,1.0,0.2916666666666667,0.0,1.561278124454805,3.861185006111111,1985.7522888611427,2027.3272939708143,85.836412471,0.010359875564773337,1.9999999999942293,233.375,132.92526095516985,0.5695779794543968,0.125,6,0.25,6,0.375,8,1.0,0.0,3,0,6,0.030303030303030304,0.7604040404040403,1,1,0.0,0.9696969696969697
normal_00879,0.02625620375,0.02608966,0.017707990016782554,0.024970101421038317,-0.00679258119047619,0.5483723752448061,2.910992253002061,0.0,0.9822920099832175,8,1.25,2.125,0.5882352941176471,10,17,2.125,1.25,0.5294117647058824,0.0,1.7499999999942293,6.252044148611112,3215.3369908031423,2732.9919700998166,306.983468017,-0.08108916367498704,2.499999999991344,278.125,160.18332131833023,0.5759400317063559,0.25,6,0.25,8,0.125,8,0.8,0.125,2,0,3,0.04153846153846154,0.5873015873015873,1,1,-0.34050261230349943,1.0384615384615385
normal_00880,0.07595122374999999,0.07577124125000001,0.02743272655171399,0.06429593375345184,-0.026220377738095237,0.6704032832014614,3.4591479170099317,0.0,0.972567273448286,8,1.0,3.0,0.3333333333333333,8,24,3.0,1.0,0.2916666666666667,0.0625,1.4056390622252386,9.966429762777778,5125.592449550571,5901.695875010411,1004.374849222,0.07038026055156575,2.499999999991344,319.875,126.88964553050475,0.3966850973989988,0.125,6,0.25,5,0.375,8,1.0,0.25,3,0,3,0.030303030303030304,0.8072380952380952,1,1,0.0,0.9696969696969697
normal_00883,2.8668346675,2.86659721375,0.0019326475631181747,0.005287303203977523,-0.19449227488095241,0.4378820841263692,2.3535339485673825,0.0,0.9980673524368819,8,1.625,1.625,1.0,13,13,1.625,1.625,0.8461538461538461,0.1875,1.499999999995672,5.503016733055556,2830.1228914108574,3162.455171387253,330.575653101,0.05545731344569583,1.905639062223796,248.875,138.72113599386566,0.5573928116277876,0.0,7,0.25,6,0.375,8,0.6153846153846154,0.125,5,0,7,0.05138339920948617,0.6799999999999999,1,1,-0.6249999999999987,1.1304347826086956
normal_00885,0.28452129125000003,0.28425863,0.0022230370503649043,0.0019282260673059548,-0.038050085952380956,0.6794164624395042,3.124999999985573,0.0625,0.9977769629496351,8,1.875,2.0,0.9375,15,16,2.0,1.875,0.625,0.0,1.4056390622252386,7.390279531944444,3800.715187989,2791.7761734435812,923.721491424,-0.15304366122463467,2.749999999989901,309.75,102.18295916079717,0.3298884880090304,0.375,7,0.25,8,0.125,8,0.5333333333333333,0.0,5,0,5,0.038177339901477834,0.7553287981859411,1,1,-0.41257322110124195,1.0689655172413792
normal_00886,0.2526681475,0.25246087500000003,0.0009139306556830684,0.0006160869102349747,-0.01989199642857143,0.3184724850929869,2.1219280948801487,0.0,0.9990860693443169,8,1.25,1.25,1.0,10,10,1.25,1.25,0.7,0.0,1.8112781244533624,7.524644700277777,3869.8172745459997,6135.703261240975,119.365353804,0.2264635786404644,1.905639062223796,341.0,155.56716509965352,0.45620869530690183,0.125,8,0.125,6,0.25,8,0.8,0.125,3,1,7,0.047619047619047616,0.4230769230769231,1,1,-0.17647058823529402,0.9523809523809523
normal_00887,0.53497026125,0.53471153875,0.006446256064804203,0.010218352633596911,-0.0745699367857143,0.6190986451134751,2.9735572622622013,0.0,0.9935537439351958,8,1.625,1.875,0.8666666666666667,13,15,1.875,1.625,0.8,0.0,1.4056390622252386,5.091192321388888,2618.3274797010004,1993.7179853168147,286.320728703,-0.1354300383900862,1.9999999999927867,226.25,157.75908395851116,0.6972777191536405,0.125,6,0.375,6,0.25,8,0.6153846153846154,0.0,3,2,4,0.050724637681159424,0.6122023809523809,1,1,-0.35454401565220695,1.1666666666666667
normal_00888,1.3220614812499998,1.3218153474999998,0.0002864779771686418,0.00019374650149762965,-0.32025360857142854,0.5884787575390574,2.495602923718914,0.0,0.9997135220228314,8,1.5,1.75,0.8571428571428571,12,14,1.75,1.5,0.5714285714285714,0.0,1.561278124454805,6.402170265555556,3292.544708125,3311.451006364429,429.485328904,0.0028628574361348746,1.905639062223796,312.875,127.5331189478695,0.4076168404246728,0.125,7,0.25,7,0.25,8,0.6666666666666666,0.125,4,0,6,0.04,0.6798941798941799,1,1,-0.3326755632232592,1.0
normal_00890,2.8920798375,2.891809425,0.0003653759654270105,0.0006460998710024306,-0.35928290595238105,0.4809319633416024,2.125814583685255,0.0,0.9996346240345729,8,1.875,1.5,1.25,15,12,1.5,1.875,0.6666666666666666,0.125,0.543564443196711,3.791764043333333,1950.0500795567143,1415.503034449265,5.404536515,-0.15882888399024078,2.1556390622223534,277.125,165.65664791972583,0.5977686889299985,0.0,6,0.375,4,0.375,8,0.5333333333333333,0.25,4,0,7,0.038461538461538464,0.7947368421052632,1,1,-0.3980702534266712,1.0
normal_00891,0.01098864875,0.0108346275,0.131118267955389,0.2709030935111401,-0.002729705238095239,0.6373893602085147,3.474380085176919,0.03225806451612903,0.8688817320446112,8,1.375,3.875,0.3548387096774194,11,31,3.875,1.375,0.3225806451612903,0.0,1.561278124454805,6.106829461666666,3140.655151846143,1837.1551831155807,261.766210724,-0.2618621202932163,2.1556390622223534,302.0,142.22015127460463,0.4709276532271677,0.0,6,0.25,7,0.25,8,0.7272727272727273,0.0,4,1,3,0.026923076923076925,0.8801271645021645,1,1,-0.4446850196101951,1.05
normal_00892,0.56740175,0.56726809125,0.00045961698129839957,0.0005252641762023924,-0.08227633511904761,0.5381741568148333,2.556656707451282,0.0,0.9995403830187016,8,1.625,1.75,0.9285714285714286,13,14,1.75,1.625,0.7857142857142857,0.0625,1.4056390622252386,6.8582105263888895,3527.079699411572,2433.5232551825484,472.409863548,-0.1834640643839845,2.4056390622209105,282.875,93.34335617952219,0.32998093214148366,0.0,8,0.125,6,0.375,8,0.6153846153846154,0.125,4,1,7,0.04891304347826087,0.597718253968254,1,1,-0.3213889915249246,1.125
normal_00893,0.67043302125,0.670133675,0.002744908470871968,0.0037685657212743495,-0.16060561166666668,0.6293252811404421,3.576617644889911,0.05263157894736842,0.9972550915291281,8,1.5,2.375,0.631578947368421,12,19,2.375,1.5,0.5789473684210527,0.125,1.2987949406910706,3.244104140277778,1668.3964150102856,1203.5327296803684,279.745190376,-0.16186460804205854,1.7499999999942293,269.125,128.71500911482147,0.47827221222413924,0.0,5,0.25,5,0.375,8,0.6666666666666666,0.125,4,0,5,0.041005291005291,0.7398809523809524,1,1,-0.4306696296839114,1.1071428571428572
normal_00894,3.3682188825,3.3679535025,0.0019916834516851933,0.00523961503154003,0.11158037976190473,0.5279507310103805,2.2877837199324143,0.0,0.9980083165483148,8,2.125,1.625,1.3076923076923077,17,13,1.625,2.125,0.6923076923076923,0.041666666666666664,1.0612781244548048,3.704476736111111,1905.1594643064288,1781.6001860312729,143.41300281,-0.033514329653639915,1.905639062223796,297.75,100.75394355982868,0.3383843612420779,0.25,6,0.375,7,0.25,8,0.47058823529411764,0.125,3,0,7,0.03694581280788178,0.8086167800453514,1,1,-0.4371048142323455,1.0344827586206897
normal_00895,1.3404565862500002,1.3403131624999998,0.0002330665526787175,0.0003043926196307971,-0.12805599547619048,0.5409335625535732,2.7534343861772435,0.0,0.9997669334473214,8,1.75,1.75,1.0,14,14,1.75,1.75,0.6428571428571429,0.0,1.4056390622252386,6.665891366944445,3428.172703068,2600.4788284815563,525.811209157,-0.13729336821922758,2.749999999989901,281.875,117.24386977577974,0.4159427752577552,0.125,8,0.125,5,0.375,8,0.5714285714285714,0.0,4,1,6,0.039886039886039885,0.7226817042606516,1,1,-0.35119026496735595,1.037037037037037
normal_00896,4.9239199725,4.9237374875,5.459963233993136e-05,4.713488561254471e-05,-0.7426614614285715,0.5183675703501852,2.952819531101799,0.0,0.9999454003676601,8,1.5,2.0,0.75,12,16,2.0,1.5,0.625,0.0,1.2987949406910706,3.9632679280555556,2038.2520774218574,3258.4859574895395,103.997152463,0.23037459508568917,1.4056390622252386,336.125,120.78840708327222,0.35935561794948967,0.0,7,0.25,6,0.25,8,0.6666666666666666,0.25,4,0,7,0.043076923076923075,0.6915343915343916,1,1,-0.36305850317365324,1.0769230769230769
normal_00897,0.43192441875,0.43170485875,0.0009996715489674081,0.0007517404018716246,-0.12830997654761905,0.5886765809637188,2.952819531101799,0.0,0.9990003284510326,8,1.125,2.0,0.5625,9,16,2.0,1.125,0.5,0.0,1.7499999999942293,6.696843437777777,3444.090910915,2465.6913980385534,94.958832349,-0.1655559311201925,2.499999999991344,383.0,110.89763619791773,0.2895499639632317,0.25,7,0.25,6,0.25,8,0.8888888888888888,0.125,4,0,5,0.041666666666666664,0.569561157796452,1,1,-0.23671118388577997,1.0
normal_00898,1.4935417924999999,1.49327715375,0.0003129328454108369,0.00033118645155357483,-0.12963657964285713,0.5938486414730783,3.1971597234097224,0.0,0.9996870671545892,8,1.75,2.25,0.7777777777777778,14,18,2.25,1.75,0.6111111111111112,0.0,1.561278124454805,5.5244158697222225,2841.128161673428,4116.470965775377,71.009171777,0.18330213924951846,1.905639062223796,355.5,122.245654319489,0.3438696324036259,0.25,7,0.25,6,0.25,8,0.5714285714285714,0.0,4,0,5,0.03940886699507389,0.8309523809523809,1,1,-0.4472135954999579,1.103448275862069
normal_00901,3.4870591737500005,3.48693094375,9.134350628615384e-05,0.00011853618245786867,0.8144174696428572,0.40479736144059253,2.4193819456377152,0.0,0.9999086564937139,8,2.0,1.125,1.7777777777777777,16,9,1.125,2.0,0.8888888888888888,0.0,1.2987949406910706,6.144424584166666,3159.9897862450002,4537.674179490712,371.400332588,0.17897434850081018,1.7499999999942293,321.125,107.09066585975509,0.3334859193764269,0.125,8,0.125,6,0.25,8,0.5,0.0,4,0,8,0.041666666666666664,0.6277310924369749,1,1,-0.2593395252449828,1.0
normal_00903,2.9793351275,2.9791532775,6.09571673462118e-05,4.1041425110666e-05,0.3294808642857142,0.14518566110434036,1.2987949406910706,0.0,0.9999390428326538,8,2.0,1.0,2.0,16,8,1.0,2.0,0.875,0.0,1.2987949406910706,8.618288906111111,4432.2628660314285,3563.286552174624,912.238717337,-0.10868250177756707,2.749999999989901,327.75,146.48720080607725,0.446947981101685,0.25,6,0.25,6,0.25,8,0.5,0.0,4,0,8,0.04,0.6899159663865547,1,1,0.0,0.96
normal_00904,1.83014262625,1.82989956125,0.000141061414110116,9.904519797494515e-05,-0.10910304488095238,0.42703614011874047,3.2195282822836777,0.0,0.9998589385858898,8,1.375,2.125,0.6470588235294118,11,17,2.125,1.375,0.5882352941176471,0.25,1.561278124454805,3.2032965152777777,1647.4096364842858,795.6223190062924,437.382765067,-0.3486599164467124,2.1556390622223534,301.875,144.89053750035873,0.4799686542454948,0.125,5,0.5,6,0.25,8,0.7272727272727273,0.125,4,1,5,0.043076923076923075,0.6703703703703703,1,1,-0.29578550313870444,1.0769230769230769
normal_00905,0.05523892375,0.054962646250000004,0.026815394924976477,0.04645901350659537,-0.017825917023809527,0.5119849048085694,3.0168756957535794,0.05555555555555555,0.9731846050750235,8,1.0,2.25,0.4444444444444444,8,18,2.25,1.0,0.3888888888888889,0.0625,1.905639062223796,6.3343895536111114,3257.6860562795714,2067.230581811091,705.978911966,-0.22356321335677062,2.749999999989901,245.875,133.9108845464027,0.544629932064678,0.125,7,0.25,8,0.125,8,1.0,0.0,5,0,3,0.037037037037037035,0.6486215538847118,1,1,0.0,0.9629629629629629
normal_00907,0.4220833,0.42193277500000004,0.0005929122438685777,0.0005776145822695822,-0.12457694952380952,0.6258500427305228,3.1555650133152917,0.0,0.9994070877561315,8,1.125,2.375,0.47368421052631576,9,19,2.375,1.125,0.42105263157894735,0.0,1.548794940689628,4.2039363375,2162.024402146286,1607.1857434042195,88.578256675,-0.14720289856935806,1.9999999999927867,347.375,99.97847982726798,0.28781138489317876,0.125,6,0.25,7,0.25,8,0.8888888888888888,0.0,4,0,4,0.037037037037037035,0.638452380952381,1,1,-0.26270724590783634,1.0
normal_00908,0.07967175374999999,0.07940520875000001,0.00975713926963173,0.019152780676361725,-0.014854142976190473,0.617080588446617,3.1018812234615907,0.0,0.9902428607303683,8,1.0,2.125,0.47058823529411764,8,17,2.125,1.0,0.4117647058823529,0.125,1.7499999999942293,9.70812818388889,4992.751637475143,4781.085057029437,550.559808721,-0.021656447417902677,2.2499999999927867,268.125,152.593238475928,0.5691123113321324,0.25,7,0.25,5,0.375,8,1.0,0.0,3,0,4,0.038461538461538464,0.6296296296296295,1,1,0.0,0.9615384615384616
normal_00911,9.658035344999998,9.65784173125,0.0002397698446071009,0.0004633279020997391,-2.0377637970238096,0.5756820487711561,2.7534343861772435,0.0,0.999760230155393,8,1.375,1.75,0.7857142857142857,11,14,1.75,1.375,0.7142857142857143,0.0,1.548794940689628,4.259863329722222,2190.786855355143,1637.4487285069029,520.943288877,-0.14454129447540817,1.8112781244533624,222.25,112.8573688966995,0.5077946856994353,0.0,4,0.375,5,0.375,8,0.7272727272727273,0.0,4,0,5,0.04940711462450593,0.5868253968253968,1,1,-0.3052019513031752,1.0869565217391304
normal_00912,1.3137116175,1.31348852375,0.0003620896201844059,0.00041506133045564504,-0.14828562797619046,0.5331889951762867,3.0269868333463026,0.07692307692307693,0.9996379103798156,8,1.75,1.625,1.0769230769230769,14,13,1.625,1.75,0.6923076923076923,0.0,1.499999999995672,6.008080428333334,3089.8699346495714,2683.670812868857,357.820160394,-0.07035528794965311,2.1556390622223534,360.0,87.7138203803385,0.24364950105649585,0.125,7,0.25,8,0.125,8,0.5714285714285714,0.25,4,2,6,0.04153846153846154,0.6925925925925925,1,1,-0.3345258053586706,1.0384615384615385
normal_00913,0.81828548125,0.8180092425,0.0009598175225331505,0.0016114098655787088,-0.10963219690476189,0.5787851441589916,3.24999999998413,0.0,0.9990401824774668,8,1.375,2.0,0.6875,11,16,2.0,1.375,0.5625,0.0625,1.2987949406910706,2.8418541719444446,1461.5250027435711,1282.882171467658,214.790372115,-0.06509341359933475,1.7499999999942293,261.375,137.6817629794987,0.5267594949000428,0.125,7,0.25,6,0.375,8,0.7272727272727273,0.0,2,0,6,0.04153846153846154,0.6738536155202821,1,1,-0.3406873914847765,1.0384615384615385
normal_00915,1.33124051375,1.3309936,0.00019755210136325937,8.449521564407529e-05,0.18137498238095237,0.1789237646409422,1.7499999999942293,0.5,0.9998024478986367,8,1.875,1.0,1.875,15,8,1.0,1.875,0.875,0.0,1.499999999995672,10.862279541944444,5586.315193014571,5703.317449939868,106.515819112,0.010363690354292878,2.2499999999927867,235.0,119.39250993496799,0.5080532337658212,0.125,6,0.25,5,0.25,8,0.5333333333333333,0.125,4,0,8,0.041666666666666664,0.66875,1,1,2.564048178174595e-08,0.9583333333333334
normal_00919,0.26168136875000003,0.26141750125,0.005342953906000585,0.00807019617885219,-0.07742844297619048,0.7282941374750438,3.6368421881108133,0.041666666666666664,0.9946570460939994,8,1.125,3.0,0.375,9,24,3.0,1.125,0.3333333333333333,0.0,1.2987949406910706,7.168459256666666,3686.636189258857,2153.7646180753777,965.778246005,-0.26245999576921775,2.749999999989901,286.125,117.08292238531507,0.40920200047292293,0.125,8,0.125,5,0.25,8,0.8888888888888888,0.0,4,0,3,0.03125,0.8234285714285714,1,1,-0.28315258016083594,1.0
normal_00920,5.2128651975,5.2126208125,7.9451237880099e-05,0.00010252054982627456,-0.691022719047619,0.40342641433096704,3.0269868333463026,0.0,0.9999205487621199,8,2.0,1.625,1.2307692307692308,16,13,1.625,2.0,0.6153846153846154,0.125,1.4056390622252386,11.794187154722222,6065.581965311713,3951.8408016849985,368.054976015,-0.21100648468093236,2.749999999989901,295.5,130.03076559030174,0.4400364317776709,0.0,7,0.25,7,0.25,8,0.5,0.0,4,1,6,0.03571428571428571,0.7074829931972789,1,1,-0.4600318022350073,1.0
normal_00922,14.131802605,14.131499135,2.152313281217395e-05,7.211079116412379e-06,0.36722289928571417,0.11321637351849463,2.1132833342876616,0.0,0.9999784768671878,8,1.875,1.125,1.6666666666666667,15,9,1.125,1.875,0.8888888888888888,0.0,1.561278124454805,5.947121855555555,3058.519811522857,2820.4744211030124,16.125170741,-0.0404908358471923,2.2499999999927867,247.875,104.15158938503325,0.42017786943029045,0.0,6,0.375,5,0.375,8,0.5333333333333333,0.125,3,0,8,0.043478260869565216,0.5684523809523809,1,1,-0.23998254735844646,1.0
normal_00924,11.220767335000001,11.22050493875,5.631720843172031e-05,9.432914995233418e-05,-1.9996956141666666,0.4158872971756773,2.815072410104402,0.23076923076923078,0.9999436827915683,8,1.125,1.625,0.6923076923076923,9,13,1.625,1.125,0.6153846153846154,0.125,0.8112781244562475,6.531610630833333,3359.1140388169997,1557.227524079226,1328.720082621,-0.3665096274710985,2.749999999989901,290.5,145.31935275700303,0.5002387358244511,0.25,7,0.25,5,0.375,8,0.8888888888888888,0.125,5,0,6,0.047619047619047616,0.44251700680272105,1,1,-0.2025478734167342,1.0
normal_00930,1.0513868075000001,1.0510994925000001,0.0004391126054005799,0.00029484615711490743,-0.2295953583333333,0.5262252707252641,3.8365916680873378,0.0,0.9995608873945995,8,1.625,2.25,0.7222222222222222,13,18,2.25,1.625,0.6111111111111112,0.125,1.4056390622252386,6.199452573055556,3188.289894832428,3485.809994797462,604.792306555,0.04457831091610057,2.499999999991344,303.0,143.88983881527463,0.47488395648605486,0.0,4,0.625,6,0.25,8,0.6153846153846154,0.0,4,1,4,0.041005291005291,0.7622222222222221,1,1,-0.46349218803379716,1.1071428571428572
normal_00931,0.22036001125,0.22015656749999998,0.03953942892147411,0.07797521116640911,-0.05741463023809524,0.6344653839363663,3.141446071151095,0.0,0.9604605710785259,8,1.5,2.5,0.6,12,20,2.5,1.5,0.55,0.0,1.8112781244533624,9.588700106388888,4931.331483339715,4248.826151334304,340.939318488,-0.07434570942742276,2.499999999991344,304.375,183.81119000601834,0.6038971334899986,0.0,7,0.25,5,0.25,8,0.6666666666666666,0.375,4,0,4,0.03940886699507389,0.7143613000755857,1,1,-0.38138966323077844,1.103448275862069
normal_00932,0.401391575,0.40110127625,0.001494570982412794,0.0016878605484745215,-0.05892895607142856,0.3448780405674966,0.9910760598353369,0.0,0.9985054290175872,8,1.125,1.125,1.0,9,9,1.125,1.125,0.7777777777777778,0.0,1.0612781244548048,9.368843158055556,4818.262195684429,4030.398394276701,749.392457344,-0.08903763382014732,2.4056390622209105,261.0,170.91852695697696,0.6548602565401416,0.125,6,0.25,6,0.25,8,0.8888888888888888,0.0,4,0,5,0.05263157894736842,0.22727272727272727,1,1,-0.12499999999999972,0.9473684210526315
normal_00935,0.22553458625,0.22526468375000003,0.015377161539920529,0.02411814159504949,-0.02045378464285715,0.7193377851288268,3.5724694587513803,0.0,0.9846228384600795,8,1.375,2.125,0.6470588235294118,11,17,2.125,1.375,0.5294117647058824,0.0,1.4056390622252386,5.009518661944444,2576.323883392,2332.36564085305,114.822745105,-0.04969926114373069,2.1556390622223534,247.0,127.29156632370763,0.5153504709461847,0.125,7,0.25,5,0.375,8,0.7272727272727273,0.125,4,1,5,0.039886039886039885,0.650250626566416,1,1,-0.4029489604074513,1.037037037037037
normal_00938,0.07997715999999999,0.07987806125,0.23041398282691092,0.33854408729742813,0.0009348246428571426,0.6719539760909634,3.1556390622151396,0.0,0.769586017173089,8,1.125,2.0,0.5625,9,16,2.0,1.125,0.4375,0.125,1.4056390622252386,10.198501269722223,5244.943510234285,4343.854124524234,471.905467126,-0.0939731361566839,2.499999999991344,322.625,134.80455428932237,0.417836665755358,0.125,6,0.25,7,0.25,8,0.8888888888888888,0.0,4,1,4,0.038461538461538464,0.7007936507936507,1,1,-0.20803341130788763,0.9615384615384616
normal_00941,1.1291450062500001,1.12893876,0.0006329164815543812,0.0007950601217297727,0.49406194333333336,0.7586868590844352,2.565448371810726,0.0,0.9993670835184456,8,2.125,1.625,1.3076923076923077,17,13,1.625,2.125,0.9230769230769231,0.0,1.2987949406910706,8.46492806388889,4353.391575741,2749.029628738959,228.648539697,-0.22588943978569812,2.499999999991344,232.0,144.65328004774528,0.623505517447178,0.0,6,0.25,5,0.375,8,0.47058823529411764,0.0,3,0,7,0.046153846153846156,0.6960317460317461,1,1,-0.4225771273642581,1.1538461538461537
normal_00942,2.795707015,2.7954945275,8.532475427189636e-05,3.154756493018759e-05,-0.24421627380952382,0.4262491959449508,3.0269868333463026,0.0,0.9999146752457282,8,1.875,1.625,1.1538461538461537,15,13,1.625,1.875,0.6153846153846154,0.0,1.8112781244533624,8.55667991,4400.578239440713,3230.17779589502,44.835959652,-0.15337935561377158,2.4056390622209105,316.5,140.24162821970617,0.4431015109627367,0.125,6,0.25,8,0.125,8,0.5333333333333333,0.375,5,0,7,0.037037037037037035,0.7105555555555555,1,1,-0.36469779078263065,1.0
normal_00944,0.8545309475,0.8542257474999999,0.0003712429879842688,0.00018243928364030895,-0.02545442095238096,0.4254752327633394,2.8522170014494983,0.0,0.9996287570120157,8,2.0,2.0,1.0,16,16,2.0,2.0,0.8125,0.0,1.4056390622252386,3.6543518169444447,1879.3809344470003,1876.9954450095736,285.134465291,-0.0006350506968558397,1.499999999995672,230.625,157.05316433797643,0.6809893304627704,0.0,7,0.25,6,0.25,8,0.5,0.125,4,1,8,0.045584045584045586,0.7774436090225564,1,1,-0.4604510327436994,1.1851851851851851
normal_00945,0.30765399250000003,0.30740853625,0.001207075962308483,0.0012466904406511535,0.027992787023809522,0.40517760862353175,3.6168746059374666,0.0,0.9987929240376915,8,1.75,2.125,0.8235294117647058,14,17,2.125,1.75,0.6470588235294118,0.0,1.7499999999942293,6.6181458527777774,3403.6178672632855,2980.906843111195,5.096495982,-0.06620869106594726,2.1556390622223534,252.875,146.14516999985224,0.5779344340083133,0.125,7,0.25,8,0.125,8,0.5714285714285714,0.125,3,0,7,0.041005291005291,0.7254761904761904,1,1,-0.4059470019963364,1.1071428571428572
normal_00946,2.64074307625,2.6405296075,0.0028425586309758144,0.0041188759923919726,0.9802453642857142,0.622687326022313,2.815072410104402,0.0,0.9971574413690242,8,1.625,1.625,1.0,13,13,1.625,1.625,0.5384615384615384,0.0,1.499999999995672,8.494468732777777,4368.583919780429,5220.923282309882,1133.143258689,0.08888249881533651,2.499999999991344,251.875,138.67890714061127,0.5505862318237669,0.0,6,0.25,4,0.375,8,0.6153846153846154,0.125,3,1,8,0.037037037037037035,0.6969924812030076,1,1,-0.32433748657040146,0.9629629629629629
normal_00947,0.6654945475,0.6652525062499999,0.0006096381991306272,0.0007662510110702385,-0.008141453928571438,0.38813701473098644,2.4817145729774164,0.09090909090909091,0.9993903618008695,8,1.5,1.375,1.0909090909090908,12,11,1.375,1.5,0.9090909090909091,0.0,1.2987949406910706,4.461142292777778,2294.3017506504284,1615.1839485085097,895.423932903,-0.17371026636266243,1.8112781244533624,323.0,146.13887719758705,0.45244234426497537,0.0,4,0.5,6,0.375,8,0.6666666666666666,0.0,4,0,5,0.05476190476190476,0.5230769230769231,1,1,-0.2677893633530173,1.0952380952380953
normal_00948,0.37346985875,0.37318317,0.006669810821317251,0.016790794762269405,0.0303073930952381,0.3952024051985955,2.186704345902811,0.36363636363636365,0.9933301891786828,8,1.375,1.375,1.0,11,11,1.375,1.375,0.9090909090909091,0.0625,1.4056390622252386,6.267453205555555,3223.2616486735715,2020.333933097437,412.220703504,-0.229408942169001,2.499999999991344,232.25,113.05466440115217,0.48678004047858847,0.0,7,0.25,8,0.125,8,0.7272727272727273,0.0,5,0,6,0.05789473684210526,0.4666666666666666,1,1,-0.2414286561133826,1.1
normal_00949,0.21634763875000002,0.216106915,0.0022370853726720527,0.0036296693742907606,-0.040290420952380945,0.4530566733600357,3.446439344653703,0.0,0.9977629146273279,8,1.625,2.5,0.65,13,20,2.5,1.625,0.6,0.0,1.905639062223796,6.941493111944444,3569.9107433067143,3121.5225529783997,777.085786787,-0.0670092894114698,2.4056390622209105,260.5,108.81570264836387,0.4177186282086905,0.25,7,0.25,6,0.25,8,0.6153846153846154,0.0,4,2,3,0.04064039408866995,0.8244520030234316,1,1,-0.5078488434181913,1.1379310344827587
normal_00950,3.52496470625,3.5247859975000004,9.423320354874824e-05,9.001250006567102e-05,-0.7976210990476191,0.6078177891856367,3.4548223999292933,0.0,0.9999057667964513,8,1.125,2.125,0.5294117647058824,9,17,2.125,1.125,0.4117647058823529,0.0,0.9544340029220797,7.717623529722222,3969.0635296137143,6564.9212895570045,130.855411214,0.24642695091216654,1.4056390622252386,335.75,105.59592795179178,0.31450760372834485,0.0,6,0.25,6,0.375,8,0.8888888888888888,0.0,4,0,5,0.037037037037037035,0.6845446950710109,1,1,-0.25272751341474836,0.9629629629629629
normal_00954,0.20758312125,0.20741481374999998,0.003057804553813545,0.004973237570777822,-0.0606006825,0.5468702976741939,3.284183719763319,0.0,0.9969421954461865,8,1.125,2.5,0.45,9,20,2.5,1.125,0.4,0.0,1.905639062223796,3.606583607777778,1854.8144269971428,2294.404607486663,217.363417717,0.10594528195212725,1.7499999999942293,351.125,112.07323817167823,0.31918330557971725,0.0,5,0.375,6,0.25,8,0.8888888888888888,0.25,5,2,3,0.03571428571428571,0.6701710987425272,1,1,-0.2712497351078094,1.0
normal_00955,0.6589406125,0.65867982125,0.0013594384657240719,0.0019126784262854144,0.003578839880952391,0.5652215722670432,3.5464393446522604,0.0,0.9986405615342759,8,1.5,2.5,0.6,12,20,2.5,1.5,0.5,0.0,1.2987949406910706,8.012237206944445,4120.579135045858,3785.4717335441333,106.479189763,-0.04238619344495683,2.2499999999927867,341.375,80.51253229866055,0.2358477694578119,0.125,6,0.25,6,0.25,8,0.6666666666666666,0.0,4,2,8,0.0367816091954023,0.7607044470680834,1,1,-0.4865336327998411,1.0666666666666667
normal_00957,0.35057203375,0.35032742,0.0007899551341809869,0.0005060122806533843,-0.01260874738095238,0.3398571574952544,2.9312089488973387,0.07692307692307693,0.999210044865819,8,1.625,1.625,1.0,13,13,1.625,1.625,0.7692307692307693,0.125,1.7499999999942293,3.372335552777778,1734.3439985978573,1411.5714459323005,78.354422901,-0.10260051751446957,1.7499999999942293,275.75,127.01827764988336,0.46062838676294965,0.0,5,0.375,5,0.375,8,0.6153846153846154,0.125,4,0,6,0.04710144927536232,0.6119047619047618,1,1,-0.30967491599449215,1.0833333333333333
normal_00960,2.581931375,2.5816940212499997,0.00010564262334971663,6.973242859868851e-05,0.05010485511904758,0.4725909928871411,2.923231428784636,0.0,0.9998943573766503,8,1.5,1.875,0.8,12,15,1.875,1.5,0.4666666666666667,0.0,0.543564443196711,6.491777823055555,3338.628594805143,3447.3017904184426,424.987868415,0.016014487247015693,1.905639062223796,278.75,142.13650380632595,0.5099067401123801,0.0,7,0.25,7,0.25,8,0.6666666666666666,0.375,3,0,8,0.03571428571428571,0.7788888888888889,1,1,-0.3386910063972875,0.9642857142857143
normal_00965,0.8666119699999999,0.866334465,0.0011651271846031307,0.0013342226388939446,-0.1048927204761905,0.6517981468228784,3.576617644889911,0.0,0.9988348728153968,8,1.5,2.375,0.631578947368421,12,19,2.375,1.5,0.5263157894736842,0.0625,0.8112781244562475,6.4527115075,3318.537346757571,2042.0765586674777,644.598832659,-0.23811839662585835,2.1556390622223534,288.375,114.14018636246018,0.3958047208061038,0.125,6,0.25,6,0.25,8,0.6666666666666666,0.125,4,0,5,0.038177339901477834,0.7523809523809524,1,1,-0.4339247327907996,1.0689655172413792
normal_00969,0.79110821375,0.7907897162499999,0.0006692015901976141,0.00047104758618256743,-0.17377127345238094,0.5550216178440343,3.521928094868607,0.0,0.9993307984098024,8,1.625,2.5,0.65,13,20,2.5,1.625,0.55,0.125,0.9544340029220797,4.822846522222223,2480.321068609143,1804.3890584645153,195.663198338,-0.15775443147802182,2.1556390622223534,241.375,110.23732515415483,0.456705645382309,0.125,7,0.25,7,0.25,8,0.6153846153846154,0.0,4,0,4,0.03793103448275862,0.737914862914863,1,1,-0.3904617251637307,1.1
normal_00970,0.61785394625,0.6176549337499999,0.0003586866932896261,0.00024301151349019452,-0.05979749488095236,0.4438263745998936,3.260828171208586,0.0,0.9996413133067104,8,1.625,2.375,0.6842105263157895,13,19,2.375,1.625,0.631578947368421,0.0,1.4056390622252386,6.571248901666666,3379.4994351631426,3208.230009430551,257.669699597,-0.025998248284641694,2.2499999999927867,254.5,146.47866738880444,0.5755546852212355,0.0,6,0.25,6,0.25,8,0.6153846153846154,0.0,4,0,5,0.042328042328042326,0.699642857142857,1,1,-0.5485839610041663,1.1428571428571428
normal_00971,5.89528044375,5.89509736,0.004589548375296405,0.01014874762362807,-1.7224125566666666,0.7328025476834533,3.2841837197633197,0.05,0.9954104516247037,8,1.375,2.5,0.55,11,20,2.5,1.375,0.5,0.1875,1.0612781244548048,7.217346653611111,3711.7782791360005,4179.72088059896,376.118134118,0.05929704761936208,2.2499999999927867,245.0,101.43682059010214,0.41402783914327407,0.25,6,0.375,6,0.375,8,0.7272727272727273,0.125,4,0,4,0.038177339901477834,0.8362811791383221,1,1,-0.35960027829654617,1.0689655172413792
normal_00972,0.9917027325000001,0.9914598937500001,0.00044682906445374967,0.0005677457206490398,-0.10746408821428573,0.5122103283609248,3.374999999982687,0.0,0.9995531709355462,8,1.25,2.0,0.625,10,16,2.0,1.25,0.5625,0.25,0.8112781244562475,14.029863333611111,7215.358285939285,4400.72081777169,919.352682578,-0.24230529450065524,2.749999999989901,228.5,166.25797510409623,0.7276060179610339,0.125,7,0.25,8,0.125,8,0.8,0.0,4,0,6,0.043333333333333335,0.5841736694677871,1,1,-0.30785964799347937,1.04
normal_00973,0.10426311125,0.104011385,0.005456963626765054,0.006233943358195794,-0.006809988571428572,0.5538976358213096,3.684183719758991,0.0,0.9945430363732349,8,1.875,2.5,0.75,15,20,2.5,1.875,0.7,0.0,1.905639062223796,9.76818758138889,5023.6393276095705,3181.7736074398076,158.564125418,-0.22446959522320237,2.499999999991344,258.125,142.49354621976994,0.5520331088417237,0.0,7,0.25,5,0.25,8,0.5333333333333333,0.25,4,0,5,0.04310344827586207,0.7604686318972035,1,1,-0.5142711858311878,1.206896551724138
normal_00976,1.4758251275,1.47555267125,0.0012009275763569917,0.0025248970602375427,-0.2594387720238095,0.5478628653019694,2.378783493477519,0.0,0.9987990724236431,8,1.125,1.75,0.6428571428571429,9,14,1.75,1.125,0.5714285714285714,0.0,1.905639062223796,4.821551238055556,2479.6549224902856,1552.2995536269539,700.650155146,-0.23000144826941904,2.2499999999927867,213.625,108.79855238007535,0.5092969099125821,0.0,8,0.125,4,0.625,8,0.8888888888888888,0.0,4,0,6,0.045454545454545456,0.5642857142857143,1,1,-0.21144501580551595,1.0
normal_00977,0.9659196,0.9657378887500001,0.00021270127946799202,0.0001722575862718868,-0.10890010511904763,0.5017750821699268,3.0930692077589055,0.0,0.999787298720532,8,2.0,1.75,1.1428571428571428,16,14,1.75,2.0,0.6428571428571429,0.0,1.499999999995672,5.577569664722222,2868.4643990531426,2912.257533610095,543.675995511,0.007575720656879328,1.905639062223796,288.5,105.58544271956107,0.3659807373295011,0.125,7,0.25,6,0.375,8,0.5,0.25,3,0,5,0.03694581280788178,0.789795918367347,1,1,-0.4494665749754948,1.0344827586206897
normal_00978,2.0048807625,2.0045399350000004,0.00018241070365662292,5.302459640963994e-05,0.022379380238095218,0.37039857768327955,2.522055208864101,0.0,0.9998175892963435,8,1.625,1.5,1.0833333333333333,13,12,1.5,1.625,0.5833333333333334,0.0,1.905639062223796,5.790894306666667,2978.174214994143,2251.0580800967145,802.339051164,-0.13904835239008917,2.2499999999927867,277.5,135.3999366954906,0.4879276998035697,0.125,5,0.25,6,0.25,8,0.6153846153846154,0.0,3,2,8,0.038461538461538464,0.6703703703703704,1,1,-0.2932942300427066,0.9615384615384616
normal_00980,0.18423283125,0.18395507875,0.12302759557086593,0.32871818590420715,-0.06127014702380952,0.6996891943556318,3.0655370672857702,0.0,0.876972404429134,8,1.125,3.5,0.32142857142857145,9,28,3.5,1.125,0.2857142857142857,0.0,1.499999999995672,8.130012658333333,4181.14936725,4110.704534927117,257.070251354,-0.008495667332535541,2.4056390622209105,256.5,126.72918256773265,0.49407088720363607,0.125,6,0.375,7,0.25,8,0.8888888888888888,0.125,4,0,3,0.027777777777777776,0.8004428521669902,1,1,-0.32107947114608515,1.0
normal_00981,0.26942070875,0.26915973125,0.013025657021193501,0.016519304505350597,-0.09673434750000001,0.8296180775741498,3.753269689493468,0.0,0.9869743429788065,8,1.75,3.125,0.56,14,25,3.125,1.75,0.52,0.0,1.905639062223796,4.402109080555555,2263.9418129325713,2690.387935052536,157.146837304,0.08607544184829385,1.7499999999942293,264.375,126.92285339640657,0.4800864431069752,0.25,6,0.25,5,0.25,8,0.5714285714285714,0.25,5,1,3,0.034759358288770054,0.8801198801198802,1,1,-0.5070259532877414,1.1470588235294117
normal_00983,0.73623069625,0.7359974737499999,0.0003150854504650729,0.00015494860235959116,0.0076693991666666765,0.2785374785763974,2.5073801024149796,0.0,0.9996849145495349,8,1.75,1.625,1.0769230769230769,14,13,1.625,1.75,0.8461538461538461,0.125,1.7499999999942293,1.2189562472222222,626.8917843875715,451.64880593990745,13.340483082,-0.1624815792926762,0.9544340029220797,278.875,149.58364836151998,0.5363824235285342,0.0,5,0.25,5,0.375,8,0.5714285714285714,0.25,5,0,8,0.04891304347826087,0.7145833333333331,1,1,-0.6859943405700362,1.125
normal_00984,0.75493942875,0.7547195025,0.00048345330831411454,0.0005194563994266908,-0.1655487004761905,0.5019234232966299,3.028639311824148,0.0,0.9995165466916858,8,1.375,2.125,0.6470588235294118,11,17,2.125,1.375,0.5294117647058824,0.0,1.561278124454805,8.5684227275,4406.617402768144,2587.6849126524794,1570.0106677,-0.2600591750381435,2.749999999989901,273.75,135.35957404526022,0.4944641974256081,0.0,5,0.25,7,0.25,8,0.7272727272727273,0.125,5,0,4,0.039886039886039885,0.6542606516290727,1,1,-0.4029489604074513,1.037037037037037
normal_00985,0.40049618875,0.40024664500000007,0.001120906697291747,0.0013347867033612893,-0.023547610238095235,0.6281228447274053,3.2037016960414784,0.0,0.9988790933027083,8,1.375,2.5,0.55,11,20,2.5,1.375,0.4,0.0625,1.499999999995672,4.791535436388888,2464.2182245005715,1283.6587845538597,696.403253967,-0.3149941785962076,2.2499999999927867,406.875,84.23341294962978,0.20702528528326827,0.125,6,0.25,6,0.25,8,0.7272727272727273,0.0,3,1,6,0.03333333333333333,0.7577639751552795,1,1,-0.3492912213303893,1.0
normal_00986,0.24837072375,0.24820186375,0.08591567254923871,0.18090729759096466,-0.0963991132142857,0.8028229513813133,3.292770193921121,0.0,0.9140843274507613,8,1.125,2.125,0.5294117647058824,9,17,2.125,1.125,0.4117647058823529,0.0,0.9544340029220797,6.223172507222222,3200.4887180575715,2763.7508757690116,241.922847362,-0.07322607273199,2.499999999991344,268.625,200.05780414670156,0.7447475259067531,0.125,6,0.375,6,0.25,8,0.8888888888888888,0.0,3,2,4,0.037037037037037035,0.6654135338345863,1,1,-0.23662840251096504,0.9629629629629629
normal_00990,1.96611251875,1.9659047049999998,0.0012113823281089875,0.0017930868647715716,-0.6160204745238096,0.6988118571984344,3.7849418274160027,0.0,0.998788617671891,8,1.125,2.625,0.42857142857142855,9,21,2.625,1.125,0.38095238095238093,0.0625,1.905639062223796,13.141188594722221,6758.325563057571,7046.575803217403,529.777703095,0.020880282481700256,2.499999999991344,303.875,73.57491323231619,0.24212229776163288,0.125,7,0.25,6,0.25,8,0.8888888888888888,0.125,3,2,5,0.034482758620689655,0.7383116883116884,1,1,-0.3069669590191461,1.0
normal_00991,0.09342710375000002,0.09322844875,0.004844361489634096,0.005206507888488812,-0.018885598928571428,0.5324953711822329,2.952819531101799,0.0,0.9951556385103659,8,1.125,2.0,0.5625,9,16,2.0,1.125,0.5,0.125,1.0612781244548048,8.74453141,4497.187582372429,3595.1921299502496,1226.038454505,-0.11146232437025472,2.9999999999884586,258.125,108.41248939648446,0.41999995892100517,0.25,5,0.25,6,0.375,8,0.8888888888888888,0.0,4,2,4,0.041666666666666664,0.5857142857142856,1,1,-0.247159332621775,1.0
normal_00994,0.2752431425,0.27504451875,0.008251687146112952,0.02123925491743891,-0.04659340130952381,0.6020239751598739,3.558518613030151,0.0,0.991748312853887,8,1.625,2.625,0.6190476190476191,13,21,2.625,1.625,0.5714285714285714,0.0,1.561278124454805,10.04988451,5168.512033731428,4413.26886555014,1226.705425346,-0.07882075118602597,2.749999999989901,211.75,125.22750724752358,0.5913931865290369,0.0,6,0.375,5,0.25,8,0.6153846153846154,0.125,4,0,3,0.03908045977011494,0.703200839564476,1,1,-0.4639029359931164,1.1333333333333333
normal_00995,11.041341655,11.041132325,5.9251461412971395e-05,7.339746397969431e-05,-2.955178096428571,0.7056698756966789,3.9232314287730943,0.16666666666666666,0.9999407485385869,8,1.0,3.75,0.26666666666666666,8,30,3.75,1.0,0.23333333333333334,0.125,1.561278124454805,7.198823527222222,3702.252099795572,2184.7395874516687,370.203568649,-0.25777385003468434,2.499999999991344,240.0,110.59708081913503,0.4608211700797293,0.125,7,0.25,7,0.25,8,1.0,0.125,3,0,3,0.02564102564102564,0.8509984639016898,1,1,0.0,0.9743589743589743
normal_00996,1.1713899749999999,1.17109928625,0.0003186925589048862,0.00022707042712158556,0.14595243249999998,0.27611029646045165,1.5304930567531545,0.0,0.9996813074410951,8,1.5,1.125,1.3333333333333333,12,9,1.125,1.5,0.8888888888888888,0.0,1.2987949406910706,5.972985341944445,3071.8210330901425,2290.837834201457,30.227165471,-0.1456335780842087,2.4056390622209105,309.75,150.53499830366928,0.48598869508852066,0.0,5,0.375,6,0.25,8,0.6666666666666666,0.0,3,0,6,0.05,0.523076923076923,1,1,-0.18512624294300764,1.0
normal_00997,0.51372205625,0.51343827,0.004924826663912798,0.011914887571255802,-0.11929129571428569,0.44292767847675657,3.1279868068632477,0.0,0.9950751733360872,8,1.25,2.25,0.5555555555555556,10,18,2.25,1.25,0.5,0.125,1.561278124454805,8.577058374166667,4411.0585924815705,2957.1923647434965,348.478261793,-0.19731497151470662,2.1556390622223534,265.75,158.94361084539204,0.5980944904812494,0.125,5,0.25,6,0.25,8,0.8,0.125,4,1,3,0.039886039886039885,0.6083959899749373,1,1,-0.29252285424076635,1.037037037037037
peeling_chain_01253,0.08223949994444445,0.08204298622222223,0.1909129810657218,0.3097127119394741,-0.0001426458311676287,0.8438224150721345,3.939778015561048,0.011111111111111112,0.809087018934278,180,1.0,2.0,0.5,180,360,2.0,1.0,0.49722222222222223,0.3055555555555556,1.7278482460632507,95.02961973333333,1911.210229275648,1802.7010422576868,23.750833736,-0.029216957295041108,4.5084279739628235,284.27222222222224,126.94105571610413,0.44654751957041844,0.46111111111111114,14,0.09444444444444444,12,0.1111111111111111,180,1.0,0.05555555555555555,5,0,180,0.0018484288354898336,0.6694367497691611,1,1,0.0,0.9981515711645101
peeling_chain_01257,0.13621537766666666,0.13599906155555555,0.17125660884800764,0.3015320574713663,0.0009834166176733853,0.870437597859347,3.8782508594632454,0.002777777777777778,0.8287433911519925,180,1.0,2.0,0.5,180,360,2.0,1.0,0.49722222222222223,0.33055555555555555,1.718121691799637,92.3054694538889,1856.4228493531064,2000.8856576782757,17.425604531,0.03745171226564639,4.483889578749993,270.18888888888887,126.65886038868204,0.46877893798500575,0.40555555555555556,14,0.1111111111111111,12,0.11666666666666667,180,1.0,0.07777777777777778,5,0,180,0.0018484288354898336,0.6694367497691615,1,1,0.0,0.9981515711645101
peeling_chain_01258,0.04653908138888888,0.04630869261111111,0.19162997067403292,0.31791941953673586,0.00021354975057872146,0.8090367448875745,3.845609685607496,0.011111111111111112,0.808370029325967,180,1.0,2.0,0.5,180,360,2.0,1.0,0.49722222222222223,0.24166666666666667,1.706200666877007,90.86126436777778,1827.3773839375363,1908.7422116699759,13.143641775,0.021777896999897635,4.512889903862026,263.3,131.90702244320582,0.5009761581587764,0.39444444444444443,14,0.11666666666666667,12,0.1111111111111111,180,1.0,0.07777777777777778,5,0,180,0.0018484288354898336,0.6694367497691616,1,1,0.0,0.9981515711645101
peeling_chain_01259,0.07798005272222222,0.07776756677777777,0.18663297920012847,0.3132687932767306,0.00037751261647993246,0.8288097021818076,3.9167001393247576,0.008333333333333333,0.8133670207998716,180,1.0,2.0,0.5,180,360,2.0,1.0,0.49722222222222223,0.28055555555555556,1.7391844986289575,95.30561634805557,1916.7609991838715,1769.7933183592063,0.758279868,-0.039865866108440395,4.515112717528454,290.27777777777777,135.80042271906444,0.46782920745323636,0.4666666666666667,14,0.1,12,0.10555555555555556,180,1.0,0.08333333333333333,5,0,180,0.0018484288354898336,0.6694367497691616,1,1,0.0,0.9981515711645101
peeling_chain_01260,0.13496776894444446,0.13476691433333332,0.1751177724873264,0.30141557623853993,0.00017440400841589753,0.9118317437746442,3.77899885588133,0.008333333333333333,0.8248822275126735,180,1.0,2.0,0.5,180,360,2.0,1.0,0.49722222222222223,0.2777777777777778,1.740387243291977,83.57045820138889,1680.74664539481,1711.353016893868,3.026736271,0.009022839699941965,4.447940433969439,284.84444444444443,125.70879811799426,0.44132438097283055,0.37777777777777777,14,0.09444444444444444,12,0.1388888888888889,180,1.0,0.07777777777777778,5,0,180,0.0018484288354898336,0.6694367497691612,1,1,0.0,0.9981515711645101
peeling_chain_01262,0.10283202599999999,0.10261239783333333,0.17548876500260385,0.30858807229582874,0.0013014293276027034,0.8745729916206133,3.8100843828171422,0.0,0.8245112349973962,180,1.0,2.0,0.5,180,360,2.0,1.0,0.49722222222222223,0.25277777777777777,1.8070821686954224,88.32916447194445,1776.4524698275923,1553.27576501805,5.284460634,-0.06702550150309437,4.5232518100761485,286.49444444444447,125.38492675450081,0.4376522099674251,0.4388888888888889,14,0.1,12,0.12222222222222222,180,1.0,0.07222222222222222,5,0,180,0.0018484288354898336,0.669436749769161,1,1,0.0,0.9981515711645101
peeling_chain_01263,0.061196732499999996,0.06098832716666666,0.18826344779503795,0.31704953033380867,-0.00021080289040814026,0.8058265889545531,3.8694966334802032,0.008333333333333333,0.8117365522049621,180,1.0,2.0,0.5,180,360,2.0,1.0,0.49722222222222223,0.2916666666666667,1.803366683545146,86.00858296194446,1729.7815567819778,1402.0733514084254,7.440774675,-0.10463709685800972,4.490033399359289,282.8333333333333,127.53549182865785,0.4509210082333219,0.4722222222222222,14,0.1111111111111111,12,0.13333333333333333,180,1.0,0.1,5,0,180,0.0018484288354898336,0.6694367497691612,1,1,0.0,0.9981515711645101
peeling_chain_01264,0.0832213876111111,0.08299013483333334,0.1861121059714285,0.3034898248529939,0.000293809529357902,0.8491549810800314,3.8852385666143623,0.011111111111111112,0.8138878940285715,180,1.0,2.0,0.5,180,360,2.0,1.0,0.49722222222222223,0.2611111111111111,1.7268922192551461,85.9222573275,1728.0453987666426,1439.765012528634,25.982877379,-0.09100304273579755,4.465148737716811,257.74444444444447,129.73656687536416,0.5033534947959983,0.49444444444444446,14,0.1,12,0.11666666666666667,180,1.0,0.13333333333333333,5,0,180,0.0018484288354898336,0.6694367497691618,1,1,0.0,0.9981515711645101
peeling_chain_01265,0.07013763227777778,0.06992000522222222,0.19155964497970707,0.31446809546272125,0.00026750807306809884,0.8273154593425229,3.9186309648984765,0.005555555555555556,0.8084403550202931,180,1.0,2.0,0.5,180,360,2.0,1.0,0.49722222222222223,0.275,1.8101846659541745,82.01268123333332,1649.4170527378826,1514.6188601530705,9.889638978,-0.04260324354588255,4.538502189988392,286.06111111111113,123.97585653805795,0.43338941129227304,0.4388888888888889,14,0.10555555555555556,12,0.11666666666666667,180,1.0,0.10555555555555556,5,0,180,0.0018484288354898336,0.6694367497691615,1,1,0.0,0.9981515711645101
peeling_chain_01266,0.08648855027777777,0.08627010883333333,0.19250546814940883,0.3132465724454208,-0.0008584095085342137,0.8560778472922704,3.8766328705736575,0.008333333333333333,0.8074945318505911,180,1.0,2.0,0.5,180,360,2.0,1.0,0.49722222222222223,0.2861111111111111,1.7092922504604853,88.19607450722222,1773.775800149475,1742.7502998456807,18.362416913,-0.00882276980791836,4.482772505165794,280.0833333333333,133.93193781350453,0.4781860320624976,0.4444444444444444,14,0.1,12,0.13333333333333333,180,1.0,0.03888888888888889,5,0,180,0.0018484288354898336,0.6694367497691611,1,1,0.0,0.9981515711645101
peeling_chain_01269,0.05056064611111112,0.05035000755555556,0.1993842437258577,0.30933052921281806,-0.00013637110077471525,0.8143110186329415,4.009057188327577,0.005555555555555556,0.8006157562741423,180,1.0,2.0,0.5,180,360,2.0,1.0,0.49722222222222223,0.25833333333333336,1.7203693935750946,82.59750392611112,1661.1788499107709,1652.0630669364184,11.75782597,-0.002751318256599514,4.457630069611037,277.43888888888887,128.64207691912392,0.4636771630477644,0.48333333333333334,14,0.10555555555555556,12,0.15,180,1.0,0.05555555555555555,5,0,180,0.0018484288354898336,0.6694367497691616,1,1,0.0,0.9981515711645101
peeling_chain_01270,0.06168260088888889,0.06145104144444444,0.1804145390290867,0.30981550958380516,0.00025750855324752824,0.7953376060945994,3.767186929172722,0.016666666666666666,0.8195854609709134,180,1.0,2.0,0.5,180,360,2.0,1.0,0.49722222222222223,0.2916666666666667,1.7887021561636212,80.59929279777778,1620.9913635354856,1474.6214970881674,5.585717512,-0.047283001149513885,4.51500859687509,261.60555555555555,124.05159753765746,0.4741932841380862,0.45,14,0.10555555555555556,12,0.12777777777777777,180,1.0,0.15,5,0,180,0.0018484288354898336,0.6694367497691617,1,1,0.0,0.9981515711645101
peeling_chain_01271,0.11058444461111111,0.11037851933333331,0.16507195534252178,0.3003357458369775,-0.00024031716168194497,0.838551844523288,3.87929594809472,0.005555555555555556,0.8349280446574783,180,1.0,2.0,0.5,180,360,2.0,1.0,0.49722222222222223,0.3388888888888889,1.7155462874217469,86.46145350527779,1738.8895677086425,1725.3420557445147,2.831591279,-0.003910683071076986,4.4882215474314044,273.24444444444447,131.65846378521138,0.4818340005151685,0.38333333333333336,14,0.1,12,0.12222222222222222,180,1.0,0.1111111111111111,5,0,180,0.0018484288354898336,0.6694367497691615,1,1,0.0,0.9981515711645101
peeling_chain_01275,0.07263607166666666,0.07243709272222222,0.18453153778045844,0.30812003518396747,-0.00035531066667695497,0.8298324468296436,3.9103401526833386,0.011111111111111112,0.8154684622195415,180,1.0,2.0,0.5,180,360,2.0,1.0,0.49722222222222223,0.3055555555555556,1.740387243291977,79.84610245638889,1605.8434013579663,1544.7371981821193,13.268928457,-0.019395219784177915,4.4805494858636905,278.02777777777777,129.54645552961122,0.46594788680847277,0.4222222222222222,14,0.1,12,0.10555555555555556,180,1.0,0.1,5,0,180,0.0018484288354898336,0.6694367497691615,1,1,0.0,0.9981515711645101
peeling_chain_01276,0.11969274266666666,0.11948571561111111,0.16271288381625174,0.2973327964476062,-0.0006074386206673044,0.8740323545585904,3.8351888643222254,0.0,0.8372871161837483,180,1.0,2.0,0.5,180,360,2.0,1.0,0.49722222222222223,0.3388888888888889,1.6844483203934182,94.62160046555556,1903.0042551752176,2094.3544060810455,1.699428741,0.04786914738486128,4.451844097137413,268.55,131.06411391112084,0.48804361910676164,0.4,14,0.10555555555555556,12,0.10555555555555556,180,1.0,0.1,5,0,180,0.0018484288354898336,0.6694367497691617,1,1,0.0,0.9981515711645101
peeling_chain_01277,0.0668935181111111,0.0666794902777778,0.19034208925274726,0.3058354364228212,-0.00021423475649454203,0.8494063860151421,3.96982661577344,0.005555555555555556,0.8096579107472527,180,1.0,2.0,0.5,180,360,2.0,1.0,0.49722222222222223,0.23333333333333334,1.707235876232143,87.14347962083333,1752.6062940503184,1726.8624516644868,10.134594647,-0.007398785351222611,4.469616290652619,280.2,117.24869238469905,0.4184464396313314,0.4,14,0.11666666666666667,12,0.1388888888888889,180,1.0,0.1,5,0,180,0.0018484288354898336,0.6694367497691612,1,1,0.0,0.9981515711645101
peeling_chain_01279,0.11877367627777778,0.11855578533333334,0.18387735706346803,0.3119491659176786,0.0010837903283434673,0.8836000689613157,3.817202326386625,0.008333333333333333,0.816122642936532,180,1.0,2.0,0.5,180,360,2.0,1.0,0.49722222222222223,0.29444444444444445,1.6657061505667967,87.60953607305557,1761.9794964447265,1855.9798292151836,8.224228781,0.02598158915269497,4.44704458138931,268.55,135.77821527408864,0.5055975247592204,0.45,14,0.12222222222222222,12,0.13333333333333333,180,1.0,0.07777777777777778,5,0,180,0.0018484288354898336,0.6694367497691616,1,1,0.0,0.9981515711645101
peeling_chain_01281,0.02596543755555555,0.025765965055555555,0.1891761431187175,0.3114058181323721,2.3651890871117386e-05,0.7621455297776963,3.842141304781192,0.002777777777777778,0.8108238568812824,180,1.0,2.0,0.5,180,360,2.0,1.0,0.49722222222222223,0.20555555555555555,1.6392600961303514,95.7047568338889,1924.7884055994916,1875.1871102424848,0.422346424,-0.013053056565817497,4.494728916887398,277.27222222222224,127.56489554748096,0.4600709531055836,0.5055555555555555,14,0.1111111111111111,12,0.12222222222222222,180,1.0,0.09444444444444444,5,0,180,0.0018484288354898336,0.6694367497691618,1,1,0.0,0.9981515711645101
peeling_chain_01282,0.11980240755555557,0.1196006545,0.18642852517192163,0.31180645846475147,-0.0024005911372470346,0.8961143644202414,3.843156070080794,0.005555555555555556,0.8135714748280782,180,1.0,2.0,0.5,180,360,2.0,1.0,0.49722222222222223,0.3111111111111111,1.794099268886764,92.92459514555556,1868.8745392444303,1860.5391192046889,3.992646276,-0.002235048402543709,4.431308664748933,259.0722222222222,134.9131742537137,0.5207550739962787,0.4166666666666667,14,0.1,12,0.11666666666666667,180,1.0,0.07777777777777778,5,0,180,0.0018484288354898336,0.6694367497691612,1,1,0.0,0.9981515711645101
peeling_chain_01284,0.08079276533333334,0.08057489494444445,0.1853929236547369,0.3092597492662909,-0.0005640678414457232,0.8425524496749935,3.849311850043451,0.005555555555555556,0.8146070763452631,180,1.0,2.0,0.5,180,360,2.0,1.0,0.49722222222222223,0.2833333333333333,1.7391790477191282,92.02071251388888,1850.6958941360167,1739.1361434556536,6.953641831,-0.031076593420567327,4.5039843458447555,272.56666666666666,141.58413808200615,0.5194477366344851,0.46111111111111114,14,0.10555555555555556,12,0.10555555555555556,180,1.0,0.09444444444444444,5,0,180,0.0018484288354898336,0.6694367497691618,1,1,0.0,0.9981515711645101
peeling_chain_01287,0.05245671016666666,0.05224047888888889,0.1947350095270635,0.3068663404676058,-0.00019854933769560822,0.8068690345308335,3.9225274427393004,0.002777777777777778,0.8052649904729365,180,1.0,2.0,0.5,180,360,2.0,1.0,0.49722222222222223,0.26944444444444443,1.7168204055442358,85.53615670555556,1720.2802465953018,1663.576810207881,10.423177602,-0.016757042462363963,4.454280633658546,271.50555555555553,128.44143056771756,0.47307109537740505,0.4666666666666667,14,0.11666666666666667,12,0.12222222222222222,180,1.0,0.06666666666666667,5,0,180,0.0018484288354898336,0.6694367497691616,1,1,0.0,0.9981515711645101
peeling_chain_01288,0.28310484216666665,0.28288939794444445,0.15967542515310992,0.2939189171033222,-0.0057142672858524375,0.9254906725099441,3.8183667019340843,0.008333333333333333,0.84032457484689,180,1.0,2.0,0.5,180,360,2.0,1.0,0.49722222222222223,0.3194444444444444,1.7509164906522274,85.46030982027777,1718.754834378,1640.0477877061232,6.006255772,-0.02343306693712157,4.461879131665414,271.85,128.83237886329437,0.4739097990189235,0.4722222222222222,14,0.1111111111111111,12,0.10555555555555556,180,1.0,0.08333333333333333,5,0,180,0.0018484288354898336,0.6694367497691613,1,1,0.0,0.9981515711645101
peeling_chain_01290,0.08948700700000001,0.08928442122222222,0.1745923214025607,0.3045286525287099,-0.0005853110680370795,0.8458194802865365,3.9202284196903903,0.008333333333333333,0.8254076785974394,180,1.0,2.0,0.5,180,360,2.0,1.0,0.49722222222222223,0.3111111111111111,1.73449779678887,87.99575618472223,1769.7470517648883,1643.253618592385,0.034166283,-0.03706223507986065,4.431339932965832,274.3222222222222,127.09208624495702,0.46329489902572535,0.45555555555555555,14,0.10555555555555556,12,0.11666666666666667,180,1.0,0.10555555555555556,5,0,180,0.0018484288354898336,0.6694367497691613,1,1,0.0,0.9981515711645101
peeling_chain_01291,0.055587553722222224,0.055378860611111115,0.17748880585667107,0.30400101599393636,9.152330930995796e-05,0.814734993080887,3.875309227261707,0.005555555555555556,0.822511194143329,180,1.0,2.0,0.5,180,360,2.0,1.0,0.49722222222222223,0.26666666666666666,1.7171392296938779,88.52600823388889,1780.4113387826985,1785.1914043322165,6.579016303,0.0013406051918565987,4.502532381901258,272.0,127.61105361835467,0.4691582853615981,0.45,14,0.10555555555555556,12,0.11666666666666667,180,1.0,0.16111111111111112,5,0,180,0.0018484288354898336,0.6694367497691615,1,1,0.0,0.9981515711645101
peeling_chain_01292,0.055920564444444446,0.0557242715,0.17390913477351835,0.31115120761692133,-0.0001721431847999424,0.7864929937101441,3.8674002189115333,0.008333333333333333,0.8260908652264817,180,1.0,2.0,0.5,180,360,2.0,1.0,0.49722222222222223,0.3194444444444444,1.5651594071239998,95.6244622086111,1923.173541626447,1908.80084711152,32.902936175,-0.0037507282295956845,4.518592738022786,265.89444444444445,121.29747804985016,0.45618658300020953,0.4166666666666667,14,0.09444444444444444,12,0.12222222222222222,180,1.0,0.1111111111111111,5,0,180,0.0018484288354898336,0.6694367497691616,1,1,0.0,0.9981515711645101
peeling_chain_01294,0.03196768294444445,0.03176767716666666,0.2093454105552812,0.3170520885779948,-5.764094003930169e-05,0.8046232800686768,3.9165316725573085,0.008333333333333333,0.7906545894447188,180,1.0,2.0,0.5,180,360,2.0,1.0,0.49722222222222223,0.2,1.771934679233168,80.58482359416666,1620.7003627930171,1536.1152796404394,7.831835013,-0.026794432343655836,4.516919273272361,277.8222222222222,129.4533481058573,0.4659574999810893,0.43333333333333335,14,0.1,12,0.10555555555555556,180,1.0,0.1,5,0,180,0.0018484288354898336,0.6694367497691613,1,1,0.0,0.9981515711645101
peeling_chain_01295,0.06982972816666667,0.06962999716666667,0.193220977601961,0.30878335439086674,0.0004416882335360144,0.8398219213553176,3.9008515756572044,0.011111111111111112,0.8067790223980391,180,1.0,2.0,0.5,180,360,2.0,1.0,0.49722222222222223,0.26666666666666666,1.6991846706593368,80.44368107333334,1617.8617422604411,1599.1151591654614,5.507680315,-0.0058273912649700645,4.475033795150014,271.5388888888889,129.8407431854012,0.4781662903486756,0.39444444444444443,14,0.11666666666666667,12,0.15555555555555556,180,1.0,0.09444444444444444,5,0,180,0.0018484288354898336,0.6694367497691613,1,1,0.0,0.9981515711645101
peeling_chain_01296,0.15778174405555553,0.15757212327777778,0.15502525174550527,0.29339661597523814,-0.001397765227784808,0.8549714449365681,3.8432114598228844,0.005555555555555556,0.8449747482544947,180,1.0,2.0,0.5,180,360,2.0,1.0,0.49722222222222223,0.37222222222222223,1.839119725006571,90.22386533277778,1814.5581854679608,1874.4521798499832,5.56948449,0.016235789127922465,4.493394734835307,277.0888888888889,133.25488194810856,0.4809102323895168,0.4166666666666667,14,0.09444444444444444,12,0.1111111111111111,180,1.0,0.12222222222222222,5,0,180,0.0018484288354898336,0.6694367497691617,1,1,0.0,0.9981515711645101
peeling_chain_01297,0.09423410716666666,0.09402148777777777,0.16886474617063518,0.2969080335921125,-5.298637781001465e-05,0.8376187557203157,3.8752569208309,0.008333333333333333,0.831135253829365,180,1.0,2.0,0.5,180,360,2.0,1.0,0.49722222222222223,0.3194444444444444,1.6974190380892746,90.40146178055556,1818.1299576010726,1761.0251056377683,12.962675263,-0.015954841562977475,4.488074038471702,268.46666666666664,125.03190207428202,0.46572598239737534,0.49444444444444446,14,0.08888888888888889,12,0.10555555555555556,180,1.0,0.07222222222222222,5,0,180,0.0018484288354898336,0.6694367497691613,1,1,0.0,0.9981515711645101
peeling_chain_01298,0.13330580944444442,0.1331052866111111,0.17347400557529305,0.30418869667174026,-0.002965527176569237,0.8994432055532843,3.7943025155944756,0.008333333333333333,0.826525994424707,180,1.0,2.0,0.5,180,360,2.0,1.0,0.49722222222222223,0.33611111111111114,1.7676683938871618,91.98788763388889,1850.0357289527485,1971.618299107644,27.59920462,0.03181412269718259,4.511281613014474,277.03333333333336,132.45844294021146,0.47813178777600085,0.5,14,0.10555555555555556,12,0.12222222222222222,180,1.0,0.08333333333333333,5,0,180,0.0018484288354898336,0.6694367497691613,1,1,0.0,0.9981515711645101
peeling_chain_01299,0.06206518838888887,0.06185230077777779,0.17695428016056938,0.30180073102629373,0.00037664996619237226,0.8167734411461796,3.8508529392756774,0.002777777777777778,0.8230457198394306,180,1.0,2.0,0.5,180,360,2.0,1.0,0.49722222222222223,0.26666666666666666,1.7578652709041624,99.57310465472221,2002.587579649922,1850.7496092355125,15.815506987,-0.03940427815462683,4.484620925454035,276.68333333333334,134.44840654446733,0.48592882312318775,0.4,14,0.12777777777777777,12,0.1111111111111111,180,1.0,0.08888888888888889,5,0,180,0.0018484288354898336,0.6694367497691618,1,1,0.0,0.9981515711645101
peeling_chain_01300,0.07422547827777778,0.07401917916666667,0.17598155102452004,0.30522277310961665,-0.0005427478123295984,0.8366252721837416,3.85084153845509,0.005555555555555556,0.8240184489754799,180,1.0,2.0,0.5,180,360,2.0,1.0,0.49722222222222223,0.2777777777777778,1.7691210079097939,90.00529033416667,1810.1622637047928,1536.1282933709078,25.018861531,-0.08189186373981862,4.470516403384073,288.1333333333333,127.03588548562693,0.44089270760860805,0.5,14,0.1,12,0.13333333333333333,180,1.0,0.09444444444444444,5,0,180,0.0018484288354898336,0.6694367497691612,1,1,0.0,0.9981515711645101
peeling_chain_01301,0.08095932255555556,0.08074184755555555,0.18262552667601994,0.3107564903730145,-0.001037849734827206,0.8330875347800207,3.8326913156486855,0.011111111111111112,0.81737447332398,180,1.0,2.0,0.5,180,360,2.0,1.0,0.49722222222222223,0.2916666666666667,1.7245176985361197,96.47822312861112,1940.34415231,2031.6577038745793,57.32193752,0.02298930233942366,4.511290430958827,289.7888888888889,138.3152414634949,0.4772965657649071,0.49444444444444446,14,0.1111111111111111,12,0.1,180,1.0,0.10555555555555556,5,0,180,0.0018484288354898336,0.6694367497691613,1,1,0.0,0.9981515711645101
peeling_chain_01302,0.11777554716666666,0.11758312766666666,0.1752392795326075,0.30153074636134963,-0.0005589992500797347,0.8444423719232984,3.985980386965802,0.008333333333333333,0.8247607204673926,180,1.0,2.0,0.5,180,360,2.0,1.0,0.49722222222222223,0.3527777777777778,1.6640410595080004,80.00651514333333,1609.069578301894,1446.356293876255,20.605943867,-0.05325388054976573,4.4799057197463945,284.6333333333333,143.09335547078442,0.5027287345267049,0.48333333333333334,14,0.09444444444444444,12,0.12222222222222222,180,1.0,0.12777777777777777,5,0,180,0.0018484288354898336,0.6694367497691616,1,1,0.0,0.9981515711645101
peeling_chain_01303,0.06494072372222223,0.06471567483333335,0.18005619551587032,0.3079874977525892,-0.0005179767235305612,0.817574985432315,3.8592018274218005,0.005555555555555556,0.8199438044841296,180,1.0,2.0,0.5,180,360,2.0,1.0,0.49722222222222223,0.2722222222222222,1.7164281807332114,89.52152109833334,1800.432826562419,1917.4576697518164,2.176180713,0.031476140382674274,4.475777631631476,286.15,136.02265153952695,0.4753543649817472,0.45555555555555555,14,0.08888888888888889,12,0.10555555555555556,180,1.0,0.12222222222222222,5,0,180,0.0018484288354898336,0.669436749769161,1,1,0.0,0.9981515711645101
peeling_chain_01312,0.06857815105555556,0.06837074783333331,0.17855522550354055,0.2979854304901364,-4.574009536302575e-05,0.8551957899022786,3.8479697656597507,0.011111111111111112,0.8214447744964594,180,1.0,2.0,0.5,180,360,2.0,1.0,0.49722222222222223,0.2361111111111111,1.7743758086528065,93.76384745916667,1885.7533567235866,1773.8913998296305,0.101614041,-0.030566343001912494,4.50494855108885,270.00555555555553,130.96003472518004,0.48502718566557085,0.43333333333333335,14,0.1111111111111111,12,0.12222222222222222,180,1.0,0.09444444444444444,5,0,180,0.0018484288354898336,0.6694367497691617,1,1,0.0,0.9981515711645101
peeling_chain_01314,0.09279196377777778,0.09256256922222222,0.18037784890911454,0.3099005772555939,-0.00012131425200366281,0.8570619257563749,3.811233886351544,0.013888888888888888,0.8196221510908853,180,1.0,2.0,0.5,180,360,2.0,1.0,0.49722222222222223,0.2611111111111111,1.8136575585885228,85.80993495805556,1725.786401394877,1655.0760341796029,39.186138699,-0.020914890375673904,4.466524506179036,269.7611111111111,127.92894168898437,0.47423048178464866,0.4777777777777778,14,0.09444444444444444,12,0.10555555555555556,180,1.0,0.05,5,0,180,0.0018484288354898336,0.6694367497691616,1,1,0.0,0.9981515711645101
peeling_chain_01316,0.04297584938888888,0.04274986455555556,0.20580509136182973,0.32197270699619196,0.00042613966159449373,0.8116669702038354,3.9367477879722648,0.008333333333333333,0.7941949086381702,180,1.0,2.0,0.5,180,360,2.0,1.0,0.49722222222222223,0.24166666666666667,1.713964887649268,95.25757821388889,1915.7948691079832,2008.7483714823882,16.250844257,0.02368517727439331,4.464636113580028,281.6722222222222,124.50002044179031,0.4420031888823151,0.3888888888888889,14,0.12222222222222222,12,0.12777777777777777,180,1.0,0.14444444444444443,5,0,180,0.0018484288354898336,0.6694367497691615,1,1,0.0,0.9981515711645101
peeling_chain_01317,0.08059118316666666,0.08036764177777778,0.18806171023667453,0.3131872794266315,-0.00025519098459829024,0.8281356317203967,3.907954007745398,0.005555555555555556,0.8119382897633254,180,1.0,2.0,0.5,180,360,2.0,1.0,0.49722222222222223,0.30833333333333335,1.7313839298572826,98.09306841277778,1972.8214876338884,1863.4174440323206,8.979756247,-0.02851856872065314,4.463269051402241,276.80555555555554,130.24103555817211,0.47051452886043116,0.48333333333333334,14,0.09444444444444444,12,0.10555555555555556,180,1.0,0.12222222222222222,5,0,180,0.0018484288354898336,0.6694367497691616,1,1,0.0,0.9981515711645101
peeling_chain_01320,0.10533073694444442,0.10512016816666668,0.17762552945671903,0.30096478552999417,0.0004891406303795383,0.8636352246821131,3.8496323388606575,0.005555555555555556,0.8223744705432808,180,1.0,2.0,0.5,180,360,2.0,1.0,0.49722222222222223,0.3,1.7191047095575709,89.55569103444445,1801.1200431523407,1821.210030933527,4.258591828,0.005546150508179773,4.502741105761443,261.1611111111111,127.40360202448909,0.4878352733393188,0.4666666666666667,14,0.1111111111111111,12,0.1111111111111111,180,1.0,0.06666666666666667,5,0,180,0.0018484288354898336,0.6694367497691613,1,1,0.0,0.9981515711645101
peeling_chain_01322,0.14805239622222224,0.14782713638888886,0.1818787231633686,0.3153627037011803,0.0012063175450168209,0.8886541279279845,3.852797679562322,0.011111111111111112,0.8181212768366314,180,1.0,2.0,0.5,180,360,2.0,1.0,0.49722222222222223,0.30277777777777776,1.7587009503931779,82.74230001777778,1664.090950083659,1439.378307980568,7.121439302,-0.07240691736165426,4.525210833140351,267.7944444444444,123.76900891066688,0.46217915075659277,0.4666666666666667,14,0.1,12,0.12222222222222222,180,1.0,0.08333333333333333,5,0,180,0.0018484288354898336,0.6694367497691616,1,1,0.0,0.9981515711645101
peeling_chain_01324,0.083454899,0.08324437288888889,0.17619154894432604,0.3073413197721548,-0.0007028426005123616,0.8600539846833501,3.797972747886785,0.005555555555555556,0.823808451055674,180,1.0,2.0,0.5,180,360,2.0,1.0,0.49722222222222223,0.26944444444444443,1.6783327908089367,102.09557123694444,2053.318751135078,2023.9573800723495,46.878543221,-0.00720122211934504,4.50076937824902,273.1333333333333,136.9479532502817,0.5013959723588541,0.4111111111111111,14,0.1111111111111111,12,0.11666666666666667,180,1.0,0.1,5,0,180,0.0018484288354898336,0.6694367497691616,1,1,0.0,0.9981515711645101
peeling_chain_01326,0.06685433344444444,0.066646942,0.1888991926721813,0.31559250092926316,-0.0006886305359836204,0.8445773547037885,3.836904053208638,0.005555555555555556,0.8111008073278186,180,1.0,2.0,0.5,180,360,2.0,1.0,0.49722222222222223,0.2777777777777778,1.7892837642808754,90.46199028444444,1819.3472906410898,1744.0473859539431,11.775507082,-0.021131508441018024,4.464083207897861,278.21666666666664,131.8629843741021,0.473957890280125,0.4666666666666667,14,0.10555555555555556,12,0.1111111111111111,180,1.0,0.12777777777777777,5,0,180,0.0018484288354898336,0.6694367497691611,1,1,0.0,0.9981515711645101
peeling_chain_01328,0.1893283383888889,0.18912507055555558,0.1664917865400082,0.2979938258951092,-0.001608824005041307,0.8968681799269442,3.8300903454314352,0.002777777777777778,0.8335082134599917,180,1.0,2.0,0.5,180,360,2.0,1.0,0.49722222222222223,0.31666666666666665,1.7142871333494725,95.21772564555556,1914.9933649399943,2091.6499250657594,12.359492092,0.04409091285126892,4.4383983072875415,280.8388888888889,131.73272262824085,0.4690686647758373,0.38333333333333336,14,0.1111111111111111,12,0.1388888888888889,180,1.0,0.08333333333333333,5,0,180,0.0018484288354898336,0.6694367497691618,1,1,0.0,0.9981515711645101
peeling_chain_01329,0.03295312633333333,0.03273800272222222,0.21452605254365384,0.32841028403966493,3.1729722409127866e-05,0.771608773961382,3.9435419533012985,0.008333333333333333,0.785473947456346,180,1.0,2.0,0.5,180,360,2.0,1.0,0.49722222222222223,0.24166666666666667,1.6780037359791755,82.63239773694445,1661.8806248794692,1542.5116813644327,15.181252372,-0.03725166337543653,4.519763569257822,270.52777777777777,126.15213970668924,0.4663186188973008,0.45555555555555555,14,0.1111111111111111,12,0.11666666666666667,180,1.0,0.09444444444444444,5,0,180,0.0018484288354898336,0.6694367497691616,1,1,0.0,0.9981515711645101
peeling_chain_01331,0.05483447600000001,0.054614933277777784,0.18824385058107151,0.3108607135031419,-0.00031219276283218623,0.8258374425978391,3.8525088954452906,0.002777777777777778,0.8117561494189283,180,1.0,2.0,0.5,180,360,2.0,1.0,0.49722222222222223,0.25833333333333336,1.7933605916225377,82.74824520388889,1664.2105180696872,1568.2947979892303,18.910444641,-0.029672254397835798,4.480940535927422,293.95,122.26755509100917,0.4159467769723054,0.4722222222222222,14,0.1,12,0.10555555555555556,180,1.0,0.07777777777777778,5,0,180,0.0018484288354898336,0.6694367497691616,1,1,0.0,0.9981515711645101
peeling_chain_01334,0.06401480988888889,0.06380095499999999,0.19597238760145394,0.31420107891042326,-0.0010498347135405415,0.858072996384025,3.83833048912102,0.008333333333333333,0.8040276123985459,180,1.0,2.0,0.5,180,360,2.0,1.0,0.49722222222222223,0.2388888888888889,1.6946238954136832,80.56268002166667,1620.2550171980615,1621.2080568681524,1.106874529,0.0002940152790003476,4.5004738625801295,266.6,137.9822513078318,0.5175628331126474,0.45,14,0.11666666666666667,12,0.14444444444444443,180,1.0,0.12777777777777777,5,0,180,0.0018484288354898336,0.6694367497691609,1,1,0.0,0.9981515711645101
peeling_chain_01335,0.08185041833333334,0.08163253872222223,0.19520857912443898,0.3134195727591771,-0.0005208990899822006,0.8699542485916824,3.880483255777994,0.005555555555555556,0.804791420875561,180,1.0,2.0,0.5,180,360,2.0,1.0,0.49722222222222223,0.2638888888888889,1.7325799086570557,88.366674755,1777.2068665853405,1901.8075777268048,11.508836279,0.03386795921231031,4.494689068678658,272.2055555555556,121.7791616606611,0.44737941300322465,0.45,14,0.10555555555555556,12,0.12222222222222222,180,1.0,0.07222222222222222,5,0,180,0.0018484288354898336,0.6694367497691616,1,1,0.0,0.9981515711645101
peeling_chain_01339,0.09532531105555557,0.09509670316666667,0.180924988064666,0.3054678380524744,-0.0008140316055330927,0.846905834912026,3.8669210346069423,0.013888888888888888,0.819075011935334,180,1.0,2.0,0.5,180,360,2.0,1.0,0.49722222222222223,0.28055555555555556,1.6664731605784007,99.14174436694445,1993.9121772123913,1863.617381155852,58.013591998,-0.03377674599378955,4.46680184416882,275.3666666666667,130.33154542106672,0.4733018233424527,0.5166666666666667,14,0.10555555555555556,12,0.12222222222222222,180,1.0,0.07777777777777778,5,0,180,0.0018484288354898336,0.6694367497691616,1,1,0.0,0.9981515711645101
peeling_chain_01340,0.10871217538888889,0.10848205366666669,0.18951243721968103,0.31146212364587755,0.0007468342692675712,0.8637232837364255,3.9229085072239323,0.011111111111111112,0.810487562780319,180,1.0,2.0,0.5,180,360,2.0,1.0,0.49722222222222223,0.26944444444444443,1.8162492276868996,89.55498202194445,1801.1057836831733,1805.3514612717515,0.756468896,0.001177243288969397,4.418927628382085,276.06666666666666,126.27670246958533,0.45741379788548175,0.45,14,0.13333333333333333,12,0.1111111111111111,180,1.0,0.08333333333333333,5,0,180,0.0018484288354898336,0.6694367497691616,1,1,0.0,0.9981515711645101
peeling_chain_01342,0.1050810113888889,0.10486690816666666,0.16763442323039932,0.30399095147013644,-8.561743047624982e-06,0.8564838747502043,3.837860438055174,0.008333333333333333,0.8323655767696008,180,1.0,2.0,0.5,180,360,2.0,1.0,0.49722222222222223,0.2833333333333333,1.7034642777487605,94.3177952788889,1896.8942067278156,1683.1063625706108,13.009552103,-0.05971726540789372,4.503838223283452,276.3722222222222,133.70500467209052,0.4837859738471927,0.4388888888888889,14,0.10555555555555556,12,0.1111111111111111,180,1.0,0.09444444444444444,5,0,180,0.0018484288354898336,0.6694367497691613,1,1,0.0,0.9981515711645101
peeling_chain_01346,0.06043430677777779,0.060229926388888896,0.1874822704368403,0.3093130228499186,0.0008638791338724447,0.8461591971643085,3.844475442250211,0.005555555555555556,0.8125177295631597,180,1.0,2.0,0.5,180,360,2.0,1.0,0.49722222222222223,0.2361111111111111,1.6813134088716928,86.55554235555554,1740.781857430743,1623.3329857794959,1.654502546,-0.034912265818835844,4.481090632792924,270.2944444444444,124.36581906699124,0.4601123760520096,0.4111111111111111,14,0.12777777777777777,12,0.11666666666666667,180,1.0,0.07777777777777778,5,0,180,0.0018484288354898336,0.6694367497691612,1,1,0.0,0.9981515711645101
peeling_chain_01348,0.19442649511111113,0.19420736783333337,0.16677138265860078,0.30047549574184973,0.001362598315287508,0.8932374669301754,3.829605704708534,0.005555555555555556,0.8332286173413991,180,1.0,2.0,0.5,180,360,2.0,1.0,0.49722222222222223,0.3611111111111111,1.7297850145961846,91.57162478305557,1841.6639621209665,1759.739339427773,4.950708669,-0.022747972341215648,4.468672228769164,275.98333333333335,130.8231556135715,0.47402556536109,0.4722222222222222,14,0.1111111111111111,12,0.12222222222222222,180,1.0,0.07222222222222222,5,0,180,0.0018484288354898336,0.6694367497691616,1,1,0.0,0.9981515711645101
peeling_chain_01349,0.05176372494444444,0.0515394975,0.18022469395183321,0.31060556630092434,-0.00021587659764190248,0.8104785593273016,3.7901207559044514,0.008333333333333333,0.8197753060481668,180,1.0,2.0,0.5,180,360,2.0,1.0,0.49722222222222223,0.25555555555555554,1.6882869465458668,91.99223802472223,1850.1232228446588,1817.5879546199708,8.55117803,-0.008870727996411813,4.504347174637725,278.09444444444443,134.06942657499408,0.48210034128091844,0.5166666666666667,14,0.12222222222222222,12,0.12222222222222222,180,1.0,0.05555555555555555,5,0,180,0.0018484288354898336,0.6694367497691615,1,1,0.0,0.9981515711645101
peeling_chain_01350,0.10862075750000001,0.10840344938888889,0.1844369377841074,0.30483075018999134,0.0012103721620317501,0.8588924192708886,3.8333877056769623,0.005555555555555556,0.8155630622158927,180,1.0,2.0,0.5,180,360,2.0,1.0,0.49722222222222223,0.3,1.6539563766150778,91.81953123194445,1846.6497901399052,1830.5529958887591,4.091240502,-0.004377456231759913,4.472153348492571,276.19444444444446,130.7373629438885,0.4733526165121177,0.4722222222222222,14,0.12222222222222222,12,0.1388888888888889,180,1.0,0.1111111111111111,5,0,180,0.0018484288354898336,0.6694367497691616,1,1,0.0,0.9981515711645101
peeling_chain_01352,0.12583480811111114,0.12561707355555554,0.1803788481071815,0.30858336394807695,0.0015855722299247916,0.8750339130764567,3.8576204741651066,0.002777777777777778,0.8196211518928185,180,1.0,2.0,0.5,180,360,2.0,1.0,0.49722222222222223,0.2916666666666667,1.7016317351523564,81.86055964916666,1646.357624232648,1551.6943790379457,11.219229391,-0.029600283265529083,4.433921019300863,269.5444444444444,128.61902177461724,0.4771718520844038,0.4444444444444444,14,0.09444444444444444,12,0.10555555555555556,180,1.0,0.1,5,0,180,0.0018484288354898336,0.6694367497691612,1,1,0.0,0.9981515711645101
peeling_chain_01353,0.0556177035,0.05541187011111111,0.18726035115551182,0.3132100814035577,0.00017331245635153342,0.8322384656019811,3.7934168384134335,0.002777777777777778,0.8127396488444882,180,1.0,2.0,0.5,180,360,2.0,1.0,0.49722222222222223,0.28888888888888886,1.6161064113814692,85.45174862527779,1718.5826539216764,1811.7826317195502,2.893299126,0.026399528166940293,4.475948047713491,274.97222222222223,134.46116053849215,0.4889990685307321,0.4111111111111111,14,0.12222222222222222,12,0.11666666666666667,180,1.0,0.11666666666666667,5,0,180,0.0018484288354898336,0.6694367497691613,1,1,0.0,0.9981515711645101
peeling_chain_01355,0.08606308983333333,0.08586811766666667,0.1788394884165991,0.30263842281956804,0.0014654205225675687,0.9024623670628504,3.740647001735507,0.008333333333333333,0.8211605115834011,180,1.0,2.0,0.5,180,360,2.0,1.0,0.49722222222222223,0.22777777777777777,1.8053539912867214,81.69136298055555,1642.954786201525,1699.4962114689906,7.068564532,0.01691615682828906,4.499809173359278,274.85555555555555,121.71255276137147,0.4428236952145948,0.45555555555555555,14,0.1111111111111111,12,0.11666666666666667,180,1.0,0.1111111111111111,5,0,180,0.0018484288354898336,0.6694367497691613,1,1,0.0,0.9981515711645101
peeling_chain_01356,0.07252824533333334,0.07230952072222221,0.181268770464762,0.3129312756966799,-0.0004353115459016227,0.8191150898888641,3.8740040135462626,0.013888888888888888,0.818731229535238,180,1.0,2.0,0.5,180,360,2.0,1.0,0.49722222222222223,0.2722222222222222,1.6966221792731992,79.96583802277779,1608.2514909637653,1811.4429825449788,3.193740109,0.059418024959618954,4.461604539100079,267.3222222222222,130.44139314386928,0.48795566660909584,0.4722222222222222,14,0.1111111111111111,12,0.10555555555555556,180,1.0,0.1,5,0,180,0.0018484288354898336,0.6694367497691622,1,1,0.0,0.9981515711645101
peeling_chain_01357,0.09623274155555553,0.0960268311111111,0.17422837620700535,0.29336181275776363,-0.00013550604442523958,0.8286530079307872,3.9789462771373514,0.005555555555555556,0.8257716237929947,180,1.0,2.0,0.5,180,360,2.0,1.0,0.49722222222222223,0.33055555555555555,1.7401858996428885,89.67334391583333,1803.4862463544525,1791.4716412009554,9.788498422,-0.003342071181163985,4.521106291120066,269.4611111111111,134.52682911950492,0.49924394865288513,0.4388888888888889,14,0.1,12,0.14444444444444443,180,1.0,0.08333333333333333,5,0,180,0.0018484288354898336,0.6694367497691616,1,1,0.0,0.9981515711645101
peeling_chain_01358,0.14506779638888886,0.14485289372222224,0.17855271399259173,0.3068088625039376,-0.0021079276734158464,0.8720921645207185,3.96377631294874,0.0,0.8214472860074084,180,1.0,2.0,0.5,180,360,2.0,1.0,0.49722222222222223,0.3055555555555556,1.669195147098397,80.97013899555556,1628.4497228201508,1566.3997527291422,0.019271008,-0.019421875918063502,4.507501091118308,265.22777777777776,131.4479666604555,0.49560407194826234,0.43333333333333335,14,0.11666666666666667,12,0.12222222222222222,180,1.0,0.12777777777777777,5,0,180,0.0018484288354898336,0.6694367497691612,1,1,0.0,0.9981515711645101
peeling_chain_01364,0.08470114261111111,0.08447765533333333,0.1795549680948362,0.3026795753083776,-0.0009593290277066168,0.8518807332928685,3.869272131532553,0.002777777777777778,0.8204450319051639,180,1.0,2.0,0.5,180,360,2.0,1.0,0.49722222222222223,0.25833333333333336,1.6602351079565747,106.89448896916667,2149.833297708302,2219.159497892728,0.139262656,0.015867776265098863,4.446853323737388,282.5388888888889,130.0442281398969,0.4602701902428661,0.4166666666666667,14,0.12222222222222222,12,0.1111111111111111,180,1.0,0.1,5,0,180,0.0018484288354898336,0.6694367497691613,1,1,0.0,0.9981515711645101
peeling_chain_01365,0.0926125368888889,0.09239136566666666,0.1617644519381148,0.2931513640875039,-0.00028079134002078265,0.8130479256314833,3.9197621918984598,0.005555555555555556,0.8382355480618853,180,1.0,2.0,0.5,180,360,2.0,1.0,0.49722222222222223,0.3138888888888889,1.7461804510112844,88.29921523833333,1775.8501388757372,1921.7840356521322,22.890600213,0.03946682929904184,4.439898823533647,279.46666666666664,135.13355280970032,0.4835408616759315,0.45,14,0.12777777777777777,12,0.12777777777777777,180,1.0,0.10555555555555556,5,0,180,0.0018484288354898336,0.6694367497691613,1,1,0.0,0.9981515711645101
peeling_chain_01368,0.04672367872222222,0.04652715700000001,0.17827064136824158,0.30654039017792634,-3.45911565994835e-05,0.8000477917288524,3.8948334824502986,0.016666666666666666,0.8217293586317586,180,1.0,2.0,0.5,180,360,2.0,1.0,0.49722222222222223,0.2777777777777778,1.7026285225028157,95.76500464416667,1926.000093406693,1723.5172701996437,15.291286858,-0.055482082432665066,4.498627540161131,277.5833333333333,130.2147720940615,0.46910155062405823,0.45555555555555555,14,0.11666666666666667,12,0.1111111111111111,180,1.0,0.16666666666666666,5,0,180,0.0018484288354898336,0.6694367497691617,1,1,0.0,0.9981515711645101
peeling_chain_01373,0.09510183422222222,0.09488429633333335,0.17365752847225777,0.30270695493907623,0.0014169458816012837,0.8549982462636762,3.809458168658438,0.005555555555555556,0.8263424715277422,180,1.0,2.0,0.5,180,360,2.0,1.0,0.49722222222222223,0.2916666666666667,1.65821294593433,88.39392726361112,1777.7549617288714,1606.3160643693855,1.864087699,-0.050660549390758626,4.487332834283418,272.8888888888889,133.00241056701051,0.4873866836738984,0.4388888888888889,14,0.1,12,0.11666666666666667,180,1.0,0.1,5,0,180,0.0018484288354898336,0.669436749769162,1,1,0.0,0.9981515711645101
peeling_chain_01374,0.09038429994444444,0.09016360288888887,0.1909929905014599,0.31304453939894294,0.0016506808544708167,0.8764577179203155,3.8123736546506217,0.013888888888888888,0.8090070094985401,180,1.0,2.0,0.5,180,360,2.0,1.0,0.49722222222222223,0.25833333333333336,1.6262886289008984,87.40910702583334,1757.9485211906313,1755.6299413644997,14.391423605,-0.000659891290557788,4.475409319356078,262.1333333333333,123.6913802247329,0.4718643701350441,0.48333333333333334,14,0.11666666666666667,12,0.11666666666666667,180,1.0,0.12222222222222222,5,0,180,0.0018484288354898336,0.6694367497691612,1,1,0.0,0.9981515711645101
peeling_chain_01381,0.07969487283333332,0.0794922367777778,0.186996863485844,0.3072910774205303,-0.0007979428067944484,0.8483893860295225,3.9259626594514327,0.002777777777777778,0.813003136514156,180,1.0,2.0,0.5,180,360,2.0,1.0,0.49722222222222223,0.28055555555555556,1.8414395845922418,94.07952194277777,1892.1021172865976,1793.7095305918604,3.425726972,-0.026694957880273595,4.474347657703772,261.1222222222222,136.06548930757205,0.5210797003396233,0.48333333333333334,14,0.12222222222222222,12,0.12222222222222222,180,1.0,0.08333333333333333,5,0,180,0.0018484288354898336,0.6694367497691613,1,1,0.0,0.9981515711645101
peeling_chain_01385,0.1740185707222222,0.17380225033333332,0.17767051494401373,0.30702458367537944,0.0003252520408860358,0.8640155573961305,3.9542019672728834,0.008333333333333333,0.8223294850559862,180,1.0,2.0,0.5,180,360,2.0,1.0,0.49722222222222223,0.3388888888888889,1.7165993544603682,79.6893541625,1602.690921704821,1466.6894732998605,14.14554832,-0.044309088774496144,4.482970377128022,276.0888888888889,128.9013432840578,0.46688348742615904,0.42777777777777776,14,0.1,12,0.12777777777777777,180,1.0,0.10555555555555556,5,0,180,0.0018484288354898336,0.6694367497691617,1,1,0.0,0.9981515711645101
peeling_chain_01386,0.12686817600000003,0.1266494791111111,0.19184490635774457,0.31670336319838716,0.0002296537936356061,0.8811926816132362,3.8721329295322846,0.013888888888888888,0.8081550936422555,180,1.0,2.0,0.5,180,360,2.0,1.0,0.49722222222222223,0.3,1.829390471729102,83.6588501413889,1682.5243603893966,1912.4711660996295,4.530769208,0.06396302972171022,4.490985703411199,288.34444444444443,127.86708891291745,0.4434525837987966,0.43333333333333335,14,0.1111111111111111,12,0.12777777777777777,180,1.0,0.12222222222222222,5,0,180,0.0018484288354898336,0.6694367497691617,1,1,0.0,0.9981515711645101
peeling_chain_01387,0.09802179300000001,0.09780705416666667,0.17016888931202087,0.2992266900454636,-0.0009506898957478106,0.8456005931989645,3.9084397979917846,0.005555555555555556,0.8298311106879791,180,1.0,2.0,0.5,180,360,2.0,1.0,0.49722222222222223,0.3138888888888889,1.6794299745212657,89.48806616472223,1799.759989908972,1767.7871753245563,1.651930711,-0.008962128068269811,4.532162071832934,266.2611111111111,125.86293706303233,0.47270491938460196,0.42777777777777776,14,0.1111111111111111,12,0.1111111111111111,180,1.0,0.08888888888888889,5,0,180,0.0018484288354898336,0.6694367497691613,1,1,0.0,0.9981515711645101
peeling_chain_01388,0.10432619088888888,0.10410900677777776,0.1888690117089873,0.31897710400642365,-5.355193267282051e-07,0.8473644826453737,3.9076761082288,0.011111111111111112,0.8111309882910127,180,1.0,2.0,0.5,180,360,2.0,1.0,0.49722222222222223,0.3055555555555556,1.8045348466746778,72.13426938388889,1450.7450825859719,1316.141799603539,2.766508436,-0.04864791685156194,4.506298935836416,260.8722222222222,132.5851273101963,0.5082378115261906,0.4444444444444444,14,0.1111111111111111,12,0.11666666666666667,180,1.0,0.1111111111111111,5,0,180,0.0018484288354898336,0.6694367497691612,1,1,0.0,0.9981515711645101
peeling_chain_01389,0.07166262261111113,0.07145407733333332,0.17444639333056414,0.3023544963279146,-0.0002110748441824336,0.8209093507104501,3.877755598243616,0.005555555555555556,0.8255536066694358,180,1.0,2.0,0.5,180,360,2.0,1.0,0.49722222222222223,0.3055555555555556,1.618949893073075,86.99573739388889,1749.6349420048323,1363.729106942463,13.882468632,-0.12395140079839154,4.497227307281334,278.74444444444447,137.6664303973516,0.49388044548019466,0.4166666666666667,14,0.10555555555555556,12,0.12222222222222222,180,1.0,0.08333333333333333,5,0,180,0.0018484288354898336,0.6694367497691617,1,1,0.0,0.9981515711645101
peeling_chain_01391,0.1548249792777778,0.15459174272222226,0.18053303902202744,0.3057152491214088,-0.001337382617086947,0.8903186347450208,3.8783220878061355,0.013888888888888888,0.8194669609779724,180,1.0,2.0,0.5,180,360,2.0,1.0,0.49722222222222223,0.2861111111111111,1.7475473067073382,93.07591534055555,1871.917850427715,1986.3503746945808,7.094913302,0.029659038094283514,4.5068372631740194,279.7055555555556,130.19352579490086,0.4654663563485839,0.4444444444444444,14,0.1,12,0.12222222222222222,180,1.0,0.08333333333333333,5,0,180,0.0018484288354898336,0.6694367497691617,1,1,0.0,0.9981515711645101
peeling_chain_01393,0.09636240900000001,0.09614106277777777,0.18191819054900715,0.2979819738167681,-0.00036251446927374305,0.8632593989686645,3.8758184132571554,0.008333333333333333,0.8180818094509927,180,1.0,2.0,0.5,180,360,2.0,1.0,0.49722222222222223,0.26944444444444443,1.778931487733694,91.30522857916665,1836.3062731042291,1600.1427025812454,9.417247761,-0.06872314188103891,4.495260301845651,271.78333333333336,127.39334568626285,0.4687312651729791,0.4111111111111111,14,0.1111111111111111,12,0.12222222222222222,180,1.0,0.09444444444444444,5,0,180,0.0018484288354898336,0.6694367497691616,1,1,0.0,0.9981515711645101
peeling_chain_01394,0.05635193455555555,0.05612510977777778,0.19593999272342716,0.3206782587264164,-0.00018766363671718264,0.8185495830970562,3.8727721198361724,0.005555555555555556,0.804060007276573,180,1.0,2.0,0.5,180,360,2.0,1.0,0.49722222222222223,0.2611111111111111,1.7433693769758138,88.26623500944446,1775.186849356162,1805.9802522600398,7.645253555,0.008598705960964698,4.443616128173348,288.25,139.66803719722398,0.48453785671196525,0.5277777777777778,14,0.10555555555555556,12,0.11666666666666667,180,1.0,0.07222222222222222,5,0,180,0.0018484288354898336,0.6694367497691616,1,1,0.0,0.9981515711645101
peeling_chain_01395,0.0949868756111111,0.0947747883888889,0.18398029426318172,0.3099260204446528,-0.0002706789756988384,0.8454547656834945,3.876560995087763,0.005555555555555556,0.8160197057368183,180,1.0,2.0,0.5,180,360,2.0,1.0,0.49722222222222223,0.29444444444444445,1.7019198288431039,92.38806786444444,1858.0840464371902,1834.265156832819,14.46546803,-0.006450876743531396,4.511849681399985,275.64444444444445,122.34216246890001,0.44384047977269436,0.46111111111111114,14,0.10555555555555556,12,0.10555555555555556,180,1.0,0.09444444444444444,5,0,180,0.0018484288354898336,0.6694367497691615,1,1,0.0,0.9981515711645101
peeling_chain_01399,0.08563312566666667,0.085414853,0.17229285507176761,0.3076289042773851,-0.0003220886576540423,0.8109340185378652,3.9281276771096385,0.0,0.8277071449282324,180,1.0,2.0,0.5,180,360,2.0,1.0,0.49722222222222223,0.3138888888888889,1.7523170165924753,88.3435318275,1776.7414222293353,1532.6374651393608,6.856380131,-0.0737612601632516,4.475932803476499,284.18333333333334,132.74714381087125,0.46711797716569553,0.4444444444444444,14,0.09444444444444444,12,0.10555555555555556,180,1.0,0.07777777777777778,5,0,180,0.0018484288354898336,0.6694367497691615,1,1,0.0,0.9981515711645101
peeling_chain_01402,0.3106689898333333,0.31046465911111115,0.177018177524482,0.3096662624167693,0.004537685547763819,0.9204564652143216,3.9042046115260756,0.005555555555555556,0.822981822475518,180,1.0,2.0,0.5,180,360,2.0,1.0,0.49722222222222223,0.3611111111111111,1.7278194315001307,83.25810465194445,1674.4646745644748,1810.1844379916506,1.867827265,0.038947899499591265,4.443198232638338,280.72222222222223,125.70929733466384,0.4478067191814663,0.5,14,0.1,12,0.12777777777777777,180,1.0,0.12222222222222222,5,0,180,0.0018484288354898336,0.6694367497691619,1,1,0.0,0.9981515711645101
peeling_chain_01407,0.08515143155555555,0.08494741972222222,0.1833109340337036,0.30838956812057083,0.00022548491061452513,0.8708428012534702,3.814619864187705,0.005555555555555556,0.8166890659662963,180,1.0,2.0,0.5,180,360,2.0,1.0,0.49722222222222223,0.2777777777777778,1.613609998968496,93.67410453916666,1883.9484711792516,1884.146532182188,17.215548706,5.25626351670194e-05,4.487016171538073,271.52222222222224,133.55995684802548,0.4918932813488682,0.4777777777777778,14,0.12222222222222222,12,0.11666666666666667,180,1.0,0.10555555555555556,5,0,180,0.0018484288354898336,0.6694367497691617,1,1,0.0,0.9981515711645101
peeling_chain_01409,0.11510653561111113,0.11489107066666666,0.1711524444933369,0.30731499801126355,-6.524615743284269e-05,0.8476318399484968,3.8980250004070705,0.011111111111111112,0.828847555506663,180,1.0,2.0,0.5,180,360,2.0,1.0,0.49722222222222223,0.3527777777777778,1.8070821686954224,87.54622098249999,1760.7061203214803,1684.385880633104,2.452064378,-0.02215332411071431,4.4936692715706865,271.09444444444443,132.68775870345198,0.4894521500629415,0.45,14,0.12777777777777777,12,0.1111111111111111,180,1.0,0.05555555555555555,5,0,180,0.0018484288354898336,0.6694367497691621,1,1,0.0,0.9981515711645101
peeling_chain_01411,0.10472056155555555,0.1045087158888889,0.18228905535669498,0.3142244337381532,-0.0002566056220665248,0.8359217864269325,3.9102658452509025,0.008333333333333333,0.8177109446433048,180,1.0,2.0,0.5,180,360,2.0,1.0,0.49722222222222223,0.33611111111111114,1.7566942998597388,85.43237898138888,1718.1930968367485,1684.4730004010491,9.692332328,-0.009909904607764048,4.45282576858977,279.39444444444445,132.9633249396962,0.47589824201438263,0.4666666666666667,14,0.10555555555555556,12,0.12222222222222222,180,1.0,0.07222222222222222,5,0,180,0.0018484288354898336,0.6694367497691613,1,1,0.0,0.9981515711645101
peeling_chain_01413,0.06286836533333333,0.06266145094444443,0.1701999009099345,0.296795295407305,-6.299402225377325e-05,0.8087208764532506,3.884128398428142,0.002777777777777778,0.8298000990900655,180,1.0,2.0,0.5,180,360,2.0,1.0,0.49722222222222223,0.30833333333333335,1.6778578744959773,90.19561666833334,1813.9900558999552,2039.6934566318598,9.131189831,0.058568224400872164,4.47448442053032,286.65555555555557,128.5285144208969,0.448372661648929,0.4388888888888889,14,0.1111111111111111,12,0.10555555555555556,180,1.0,0.09444444444444444,5,0,180,0.0018484288354898336,0.669436749769162,1,1,0.0,0.9981515711645101
peeling_chain_01414,0.08364001155555556,0.08343727761111112,0.1712493422448692,0.30042976111215025,3.4890557373169964e-05,0.8374808141302111,3.905494662135146,0.008333333333333333,0.8287506577551309,180,1.0,2.0,0.5,180,360,2.0,1.0,0.49722222222222223,0.2833333333333333,1.80143814735136,85.20481660916667,1713.6164234260334,1647.110893376411,4.592422839,-0.019789028915591676,4.465398464844767,268.18888888888887,128.43561475861492,0.47889983545077447,0.4222222222222222,14,0.1,12,0.11666666666666667,180,1.0,0.1388888888888889,5,0,180,0.0018484288354898336,0.6694367497691613,1,1,0.0,0.9981515711645101
peeling_chain_01416,0.10820699555555555,0.10799012722222222,0.1673677500047376,0.2978234382165503,0.0004666184372151404,0.8689832910857294,3.7700408349952044,0.008333333333333333,0.8326322499952624,180,1.0,2.0,0.5,180,360,2.0,1.0,0.49722222222222223,0.3111111111111111,1.702661841916394,83.41634636277777,1677.6471894208769,1747.4339861938342,9.420074378,0.02037522417565256,4.475614959968429,281.9277777777778,128.33972159968843,0.4552219813573988,0.4722222222222222,14,0.09444444444444444,12,0.10555555555555556,180,1.0,0.08888888888888889,5,0,180,0.0018484288354898336,0.6694367497691611,1,1,0.0,0.9981515711645101
peeling_chain_01418,0.10382222655555555,0.10361313733333333,0.17468280396720104,0.3009071960265125,-0.0021260734845314154,0.8789546590343216,3.8640488495251155,0.008333333333333333,0.825317196032799,180,1.0,2.0,0.5,180,360,2.0,1.0,0.49722222222222223,0.2722222222222222,1.6895713877226715,84.38055328305555,1697.0390604417876,1467.8853499718568,1.849154703,-0.07240416539363137,4.494577548796177,282.2111111111111,130.1907920474949,0.4613241184406686,0.48333333333333334,14,0.10555555555555556,12,0.14444444444444443,180,1.0,0.1,5,0,180,0.0018484288354898336,0.6694367497691613,1,1,0.0,0.9981515711645101
peeling_chain_01420,0.17504205011111115,0.17483773849999998,0.20371193619714442,0.3216889439349411,-0.004012312278002407,0.9262823011228499,3.850889479577207,0.005555555555555556,0.7962880638028554,180,1.0,2.0,0.5,180,360,2.0,1.0,0.49722222222222223,0.24722222222222223,1.6694214973898143,91.5344295286111,1840.9159011358604,1762.6147425803888,12.605851501,-0.021729011432721212,4.487556858210553,257.28333333333336,126.57531487298591,0.491968575006747,0.3888888888888889,14,0.09444444444444444,12,0.1111111111111111,180,1.0,0.11666666666666667,5,0,180,0.0018484288354898336,0.6694367497691618,1,1,0.0,0.9981515711645101
peeling_chain_01422,0.12929301755555553,0.12908697294444446,0.17954613746918327,0.3061113130971218,-0.000480129995977242,0.893215920227328,3.8590517808273943,0.008333333333333333,0.8204538625308166,180,1.0,2.0,0.5,180,360,2.0,1.0,0.49722222222222223,0.275,1.656936220753682,95.86447156527778,1928.0005454483855,1822.780683752873,2.553299303,-0.028052785610724457,4.512921227908882,270.97777777777776,129.60420865103907,0.47828353200727886,0.4166666666666667,14,0.10555555555555556,12,0.12222222222222222,180,1.0,0.10555555555555556,5,0,180,0.0018484288354898336,0.6694367497691618,1,1,0.0,0.9981515711645101
peeling_chain_01426,0.11155372538888887,0.11133354527777778,0.17331803911717655,0.3030013486263515,0.00024067418635348835,0.8589588140288377,3.895376877782124,0.008333333333333333,0.8266819608828233,180,1.0,2.0,0.5,180,360,2.0,1.0,0.49722222222222223,0.3055555555555556,1.7777076480959653,82.04401913722222,1650.0473122610338,1615.3154244327686,0.241955497,-0.010636456231331705,4.419828324255905,270.44444444444446,136.83159417508116,0.5059508412390018,0.43333333333333335,14,0.16666666666666666,12,0.1111111111111111,180,1.0,0.12222222222222222,5,0,180,0.0018484288354898336,0.6694367497691613,1,1,0.0,0.9981515711645101
peeling_chain_01427,0.09322565366666667,0.092995753,0.17018650986604894,0.30881665748780046,-0.0005483696688992457,0.8297748486401638,3.871210567465768,0.011111111111111112,0.8298134901339509,180,1.0,2.0,0.5,180,360,2.0,1.0,0.49722222222222223,0.2861111111111111,1.6548341177959665,98.06864173277778,1972.330224796743,1967.4847716421061,3.711217875,-0.0012298681940691926,4.48210847158583,275.93888888888887,130.17032949302532,0.4717360790179903,0.4166666666666667,14,0.1,12,0.12222222222222222,180,1.0,0.09444444444444444,5,0,180,0.0018484288354898336,0.6694367497691619,1,1,0.0,0.9981515711645101
peeling_chain_01429,0.1622150251111111,0.16199059700000001,0.16811933934320045,0.303034332547073,-0.0005860428318363728,0.8794906740409576,3.8651337144958586,0.008333333333333333,0.8318806606567996,180,1.0,2.0,0.5,180,360,2.0,1.0,0.49722222222222223,0.3138888888888889,1.702698609974231,85.72338364833334,1724.0457046641343,1761.0085211548446,1.906592546,0.010606095083649429,4.480131646158638,273.3833333333333,130.00499668093983,0.475541047421593,0.4166666666666667,14,0.11666666666666667,12,0.11666666666666667,180,1.0,0.09444444444444444,5,0,180,0.0018484288354898336,0.6694367497691608,1,1,0.0,0.9981515711645101
peeling_chain_01430,0.08543503405555555,0.0852264105,0.17372060429145905,0.3042905155348529,-0.00023554734303527888,0.8322244198083397,3.9619109513747954,0.002777777777777778,0.826279395708541,180,1.0,2.0,0.5,180,360,2.0,1.0,0.49722222222222223,0.30277777777777776,1.630441258682799,85.650889075,1722.5877132430392,1667.6841175991376,9.641793303,-0.016194452357604305,4.503935875075797,264.7388888888889,124.96508401238411,0.4720314591364477,0.39444444444444443,14,0.10555555555555556,12,0.12777777777777777,180,1.0,0.1,5,0,180,0.0018484288354898336,0.6694367497691617,1,1,0.0,0.9981515711645101
peeling_chain_01431,0.14664068655555557,0.14641007105555556,0.17840287503576707,0.30761826950517895,-0.001815900708859325,0.8617365806797084,3.902123531964442,0.005555555555555556,0.8215971249642329,180,1.0,2.0,0.5,180,360,2.0,1.0,0.49722222222222223,0.33055555555555555,1.8153567297672137,93.24268711972222,1875.2719197313797,1702.757581149039,4.398317907,-0.0482149011180292,4.4724431852949,258.68333333333334,134.92664984349395,0.5215900386965812,0.4444444444444444,14,0.09444444444444444,12,0.11666666666666667,180,1.0,0.10555555555555556,5,0,180,0.0018484288354898336,0.6694367497691612,1,1,0.0,0.9981515711645101
peeling_chain_01432,0.09110847838888889,0.09090393088888887,0.1837310400213086,0.30083464653965447,-0.00018921583859584165,0.8619476601768468,3.9195864587716884,0.013888888888888888,0.8162689599786914,180,1.0,2.0,0.5,180,360,2.0,1.0,0.49722222222222223,0.275,1.7475637310653875,90.69262390166666,1823.985732101486,1687.9174965070786,2.958706247,-0.03874487044118197,4.502458931844434,268.7944444444444,138.91666635946552,0.5168137557551991,0.4,14,0.1111111111111111,12,0.12222222222222222,180,1.0,0.08888888888888889,5,0,180,0.0018484288354898336,0.6694367497691616,1,1,0.0,0.9981515711645101
peeling_chain_01434,0.0687025576111111,0.06846727672222223,0.1717829660222441,0.3039696439510407,-0.0003840788135333394,0.8173868823836774,3.7337515893939295,0.005555555555555556,0.8282170339777559,180,1.0,2.0,0.5,180,360,2.0,1.0,0.49722222222222223,0.2833333333333333,1.7991256350046556,92.36619901027778,1857.6442259055532,1851.0554990342343,12.434587818,-0.0017765598080135248,4.469616026996414,268.2888888888889,132.57945815629026,0.4941667867997235,0.4777777777777778,14,0.1111111111111111,12,0.12222222222222222,180,1.0,0.12777777777777777,5,0,180,0.0018484288354898336,0.6694367497691612,1,1,0.0,0.9981515711645101
peeling_chain_01442,0.053723289611111114,0.05351147361111111,0.20300555686887845,0.31821088013881915,-0.00015726888435857076,0.8358992999248583,3.9472738467829656,0.0,0.7969944431311214,180,1.0,2.0,0.5,180,360,2.0,1.0,0.49722222222222223,0.25555555555555554,1.6867837195842736,84.87070175805556,1706.896795138346,1606.6850074229446,10.188771516,-0.030242738428229235,4.433470527171082,257.3722222222222,124.4619270746019,0.4835872573969466,0.38333333333333336,14,0.1,12,0.10555555555555556,180,1.0,0.07777777777777778,5,0,180,0.0018484288354898336,0.6694367497691617,1,1,0.0,0.9981515711645101
peeling_chain_01443,0.17679895205555557,0.1765874172222222,0.17243461824499712,0.3036616798473052,0.0009077342317767014,0.8808262768983783,3.8780747511116727,0.011111111111111112,0.8275653817550028,180,1.0,2.0,0.5,180,360,2.0,1.0,0.49722222222222223,0.3416666666666667,1.7434216715163307,90.91408204083332,1828.4396388105029,1924.6440755617057,11.291152154,0.02563343748043608,4.442950841332136,297.45,130.0656591815227,0.4372689836326196,0.5277777777777778,14,0.1,12,0.11666666666666667,180,1.0,0.09444444444444444,5,0,180,0.0018484288354898336,0.6694367497691615,1,1,0.0,0.9981515711645101
peeling_chain_01444,0.1672149592777778,0.16700330238888889,0.15499650484709976,0.29237657153974117,-0.00037260446555963664,0.8621615657775342,3.8527101366548613,0.005555555555555556,0.8450034951529002,180,1.0,2.0,0.5,180,360,2.0,1.0,0.49722222222222223,0.36666666666666664,1.649315504272601,87.85870176638889,1766.990650052067,1611.620879509419,34.280392265,-0.04598627844107713,4.475848812922198,281.1277777777778,131.16035775930206,0.46655068665245875,0.49444444444444446,14,0.11666666666666667,12,0.1388888888888889,180,1.0,0.08333333333333333,5,0,180,0.0018484288354898336,0.6694367497691615,1,1,0.0,0.9981515711645101
peeling_chain_01445,0.04428588433333333,0.0440645275,0.19906161959538765,0.3180699502236884,7.660342503369449e-05,0.8167624321331373,3.8478186298679713,0.005555555555555556,0.8009383804046122,180,1.0,2.0,0.5,180,360,2.0,1.0,0.49722222222222223,0.2388888888888889,1.7122152582017365,80.34811006555556,1615.9396437818716,1744.573435140879,6.749634041,0.0382780213431701,4.486593308607345,272.6666666666667,131.41732749710158,0.4819706387424263,0.4388888888888889,14,0.1111111111111111,12,0.12222222222222222,180,1.0,0.08333333333333333,5,0,180,0.0018484288354898336,0.669436749769161,1,1,0.0,0.9981515711645101
peeling_chain_01447,0.2325949913888889,0.232390653,0.17660202118117793,0.30224208535750774,0.002341431987283557,0.9208520313725226,3.8882452893271133,0.005555555555555556,0.823397978818822,180,1.0,2.0,0.5,180,360,2.0,1.0,0.49722222222222223,0.2916666666666667,1.701954908472144,99.92684135194445,2009.7018372497935,1850.353091043875,27.936656413,-0.04128147116195526,4.494762863925333,281.6722222222222,133.26848737371378,0.47313322670693836,0.45555555555555555,14,0.09444444444444444,12,0.1,180,1.0,0.1111111111111111,5,0,180,0.0018484288354898336,0.6694367497691618,1,1,0.0,0.9981515711645101
peeling_chain_01451,0.09559251377777778,0.09538247205555554,0.17594351094447397,0.30449437507087945,-0.0001603235283290633,0.8353794971440841,3.9103781852019126,0.005555555555555556,0.824056489055526,180,1.0,2.0,0.5,180,360,2.0,1.0,0.49722222222222223,0.31666666666666665,1.713521546714629,85.13019804777778,1712.1157149327653,1728.6655085604746,4.27068335,0.004809894193420168,4.489296619107664,275.4222222222222,128.87553891777517,0.46791990086331153,0.3888888888888889,14,0.09444444444444444,12,0.12222222222222222,180,1.0,0.12222222222222222,5,0,180,0.0018484288354898336,0.6694367497691615,1,1,0.0,0.9981515711645101
peeling_chain_01452,0.053455589666666664,0.05324824799999999,0.18063507705661677,0.3179077918910158,-0.0006352981654372048,0.8376851433603584,3.7461828337041325,0.019444444444444445,0.8193649229433833,180,1.0,2.0,0.5,180,360,2.0,1.0,0.49722222222222223,0.24722222222222223,1.6400748747669565,90.80529275416667,1826.2516978494523,1846.7046727717145,1.548794243,0.0055685319558542,4.450005437603735,283.6111111111111,134.14989485370955,0.47300648528242356,0.4111111111111111,14,0.12777777777777777,12,0.12222222222222222,180,1.0,0.08888888888888889,5,0,180,0.0018484288354898336,0.6694367497691612,1,1,0.0,0.9981515711645101
peeling_chain_01455,0.06430043977777777,0.06407974194444443,0.19413289565325836,0.32011332925520586,-0.00029895419808224525,0.8353216023801829,3.8969242685244825,0.005555555555555556,0.8058671043467416,180,1.0,2.0,0.5,180,360,2.0,1.0,0.49722222222222223,0.26666666666666666,1.6946596023868157,81.62320851833333,1641.5840819355699,1687.5997119564347,5.727778998,0.013821895356239837,4.449503401708706,271.81666666666666,132.66113739261274,0.4880537276078708,0.4777777777777778,14,0.13333333333333333,12,0.12777777777777777,180,1.0,0.1,5,0,180,0.0018484288354898336,0.6694367497691613,1,1,0.0,0.9981515711645101
peeling_chain_01458,0.05035490844444445,0.050145203444444446,0.18018518278986945,0.31062221561109854,0.0001661375423315535,0.7969785272440421,3.843319805007241,0.005555555555555556,0.8198148172101305,180,1.0,2.0,0.5,180,360,2.0,1.0,0.49722222222222223,0.26944444444444443,1.7033667177416083,98.443796135,1979.8752295354523,1904.792140452897,9.880608339,-0.01932806130651553,4.515443041511842,288.55,134.75893125530726,0.4670210752219971,0.4444444444444444,14,0.1,12,0.11666666666666667,180,1.0,0.10555555555555556,5,0,180,0.0018484288354898336,0.6694367497691613,1,1,0.0,0.9981515711645101
peeling_chain_01460,0.1175351801111111,0.11730966722222222,0.17967209109165055,0.3080495316538042,-0.000725407764642941,0.8500912147942605,3.926643652021513,0.005555555555555556,0.8203279089083493,180,1.0,2.0,0.5,180,360,2.0,1.0,0.49722222222222223,0.325,1.7491032877726556,74.78616982138888,1504.0793930588661,1352.5843636215031,0.829414544,-0.05303215300823858,4.473843418174697,265.50555555555553,136.78133661861793,0.5151731621299247,0.4666666666666667,14,0.13333333333333333,12,0.12222222222222222,180,1.0,0.10555555555555556,5,0,180,0.0018484288354898336,0.6694367497691616,1,1,0.0,0.9981515711645101
peeling_chain_01462,0.06879974916666667,0.06859015766666667,0.1786107360486258,0.31288180604588367,0.00027505267234585436,0.8331630155432674,3.857768153212898,0.002777777777777778,0.8213892639513741,180,1.0,2.0,0.5,180,360,2.0,1.0,0.49722222222222223,0.2722222222222222,1.7530545781281461,88.08847671527778,1771.6118222098828,1695.9219255128812,63.632526323,-0.02182816439687414,4.485561904089656,263.0444444444444,128.0490401091472,0.4867962156721825,0.4777777777777778,14,0.10555555555555556,12,0.1111111111111111,180,1.0,0.12222222222222222,5,0,180,0.0018484288354898336,0.6694367497691612,1,1,0.0,0.9981515711645101
peeling_chain_01465,0.08548500622222223,0.08529096161111112,0.18554797760611438,0.3112540943594725,-0.0003481537623486322,0.8624879008073638,3.850617166238436,0.008333333333333333,0.8144520223938855,180,1.0,2.0,0.5,180,360,2.0,1.0,0.49722222222222223,0.2722222222222222,1.6380095899071578,84.82709908388888,1706.0198698477147,1599.638875251298,13.344447433,-0.032181481150810785,4.433924394663949,269.9222222222222,136.41144857487845,0.5053731680623661,0.37777777777777777,14,0.1111111111111111,12,0.12222222222222222,180,1.0,0.07777777777777778,5,0,180,0.0018484288354898336,0.6694367497691619,1,1,0.0,0.9981515711645101
peeling_chain_01469,0.05588502205555556,0.055665989777777786,0.19573804591025473,0.3120678800592757,-0.0007849546719343202,0.8412082782196674,3.812826014408411,0.013888888888888888,0.8042619540897454,180,1.0,2.0,0.5,180,360,2.0,1.0,0.49722222222222223,0.24722222222222223,1.648924956949125,91.14881216472222,1833.160468122838,1904.5262208814697,5.158061935,0.019093562060345688,4.504449598441655,282.6111111111111,130.34746812150172,0.46122556048496777,0.4166666666666667,14,0.11666666666666667,12,0.12222222222222222,180,1.0,0.10555555555555556,5,0,180,0.0018484288354898336,0.6694367497691615,1,1,0.0,0.9981515711645101
peeling_chain_01470,0.10874620988888889,0.10853589444444443,0.16526153654329034,0.300057888359534,2.5098365175879728e-05,0.8345633189143117,3.863582057257002,0.002777777777777778,0.8347384634567097,180,1.0,2.0,0.5,180,360,2.0,1.0,0.49722222222222223,0.36944444444444446,1.7391093787813126,88.17894725083333,1773.4313413603577,2066.1384380582226,8.20944867,0.07623434746957225,4.511675765854299,275.81666666666666,131.96912094380855,0.47846681108396355,0.45,14,0.1111111111111111,12,0.13333333333333333,180,1.0,0.09444444444444444,5,0,180,0.0018484288354898336,0.6694367497691616,1,1,0.0,0.9981515711645101
peeling_chain_01471,0.10199656227777777,0.101779241,0.16309903811791868,0.30144097098052397,-0.00033095468784015945,0.8379603487689836,3.8722988638166025,0.016666666666666666,0.8369009618820813,180,1.0,2.0,0.5,180,360,2.0,1.0,0.49722222222222223,0.3138888888888889,1.6491772973815146,90.49657801416667,1820.04290978514,2035.1614144002444,1.801278028,0.05579950802233021,4.479176595013621,265.06111111111113,133.91342837981003,0.5052171848916561,0.43333333333333335,14,0.1111111111111111,12,0.10555555555555556,180,1.0,0.11666666666666667,5,0,180,0.0018484288354898336,0.6694367497691613,1,1,0.0,0.9981515711645101
peeling_chain_01473,0.11980000727777779,0.11958085905555554,0.16697467327017154,0.29980528660411987,0.00015215492623229116,0.8362729647580991,3.9445187277339167,0.005555555555555556,0.8330253267298283,180,1.0,2.0,0.5,180,360,2.0,1.0,0.49722222222222223,0.3194444444444444,1.6930034743241444,72.41094143222222,1456.309436629123,1292.0115036460488,15.781624465,-0.05978120334323983,4.481802209783785,268.25555555555553,129.0196867842343,0.48095811666243166,0.4166666666666667,14,0.1111111111111111,12,0.12222222222222222,180,1.0,0.12777777777777777,5,0,180,0.0018484288354898336,0.6694367497691613,1,1,0.0,0.9981515711645101
peeling_chain_01474,0.07677908377777777,0.0765598096111111,0.16948084405151853,0.29852130733185356,-0.00034722869350905866,0.8073199363803906,3.8640300245569574,0.0,0.8305191559484815,180,1.0,2.0,0.5,180,360,2.0,1.0,0.49722222222222223,0.3,1.740387243291977,83.36909509305556,1676.696884556866,1512.7089085426512,68.886158617,-0.05141646646814691,4.518720404770784,289.2388888888889,126.92228581155496,0.4388147330365114,0.4777777777777778,14,0.10555555555555556,12,0.11666666666666667,180,1.0,0.10555555555555556,5,0,180,0.0018484288354898336,0.6694367497691616,1,1,0.0,0.9981515711645101
peeling_chain_01476,0.15900906216666666,0.15879641377777778,0.1912513919595442,0.3087934895208273,-0.0014792358533905364,0.8998618388621754,3.882605373011244,0.008333333333333333,0.8087486080404558,180,1.0,2.0,0.5,180,360,2.0,1.0,0.49722222222222223,0.2777777777777778,1.6314991284777995,92.85240741138888,1867.4227188913576,1662.9173595001735,21.04242758,-0.05792794882366104,4.51941963864993,270.3666666666667,129.82062829429788,0.48016506581542795,0.46111111111111114,14,0.10555555555555556,12,0.12222222222222222,180,1.0,0.10555555555555556,5,0,180,0.0018484288354898336,0.6694367497691612,1,1,0.0,0.9981515711645101
peeling_chain_01477,0.09398997011111111,0.09378138272222222,0.16917661456374394,0.3031765189984216,-0.0004492149263145982,0.8085111529853307,3.9495682652134003,0.008333333333333333,0.830823385436256,180,1.0,2.0,0.5,180,360,2.0,1.0,0.49722222222222223,0.33055555555555555,1.7514510422209804,85.48647674666665,1719.2810965838214,1542.5730421130227,24.132292889,-0.05417411292995341,4.499621372602649,252.13888888888889,127.29141175718975,0.5048464055589766,0.5,14,0.09444444444444444,12,0.11666666666666667,180,1.0,0.08888888888888889,5,0,180,0.0018484288354898336,0.6694367497691615,1,1,0.0,0.9981515711645101
peeling_chain_01481,0.07496817994444444,0.0747487666111111,0.1903142890377022,0.3198200268683253,0.0003123797267508255,0.8142797194261913,3.9023659376362145,0.005555555555555556,0.8096857109622978,180,1.0,2.0,0.5,180,360,2.0,1.0,0.49722222222222223,0.325,1.7450759446307025,82.66065713583333,1662.4489703316647,1446.5104632218374,47.1415174,-0.06945684294857853,4.490431214730082,277.6333333333333,127.19307015310255,0.4581332818577352,0.4166666666666667,14,0.10555555555555556,12,0.1388888888888889,180,1.0,0.07777777777777778,5,0,180,0.0018484288354898336,0.6694367497691612,1,1,0.0,0.9981515711645101
peeling_chain_01482,0.06419418005555556,0.06396251800000001,0.1833874503182668,0.31204443879691185,-0.0003192318461475149,0.7963787048410108,3.8849023638448643,0.013888888888888888,0.8166125496817332,180,1.0,2.0,0.5,180,360,2.0,1.0,0.49722222222222223,0.3,1.6952717802899677,84.04301434083334,1690.2505677533738,1683.2893153379707,15.335140429,-0.0020634860285167807,4.4249726877184195,267.9222222222222,130.54220643086515,0.4872391895980535,0.4444444444444444,14,0.1111111111111111,12,0.10555555555555556,180,1.0,0.06666666666666667,5,0,180,0.0018484288354898336,0.6694367497691613,1,1,0.0,0.9981515711645101
peeling_chain_01483,0.12033036494444445,0.12010926272222222,0.1594767373442651,0.2905419477045182,-0.00012351015149644526,0.8380013442984652,3.9474035261004774,0.008333333333333333,0.840523262655735,180,1.0,2.0,0.5,180,360,2.0,1.0,0.49722222222222223,0.3388888888888889,1.6657423793773825,87.89299420444445,1767.680330371955,1804.605965689173,14.233829287,0.01033669539810761,4.500323689729628,281.3222222222222,127.83747780860004,0.45441656474481634,0.4166666666666667,14,0.08888888888888889,12,0.13333333333333333,180,1.0,0.1388888888888889,5,0,180,0.0018484288354898336,0.6694367497691617,1,1,0.0,0.9981515711645101
peeling_chain_01485,0.09170696966666665,0.09148264372222221,0.1924712193962326,0.3133005114841952,0.00028017330323981194,0.8423274483695032,3.937544949151985,0.011111111111111112,0.8075287806037674,180,1.0,2.0,0.5,180,360,2.0,1.0,0.49722222222222223,0.30277777777777776,1.7074174265192774,91.78568739277777,1845.9691319248154,1695.689092091158,8.437567758,-0.04243211239712768,4.488259617257061,281.1777777777778,131.06777450840926,0.46613845355871464,0.4666666666666667,14,0.11666666666666667,12,0.1111111111111111,180,1.0,0.10555555555555556,5,0,180,0.0018484288354898336,0.6694367497691618,1,1,0.0,0.9981515711645101
peeling_chain_01488,0.08070042894444443,0.08049496922222224,0.17134302408452456,0.30079587748333736,-0.001029404166322005,0.8599744265254188,3.780838052472701,0.005555555555555556,0.8286569759154756,180,1.0,2.0,0.5,180,360,2.0,1.0,0.49722222222222223,0.28888888888888886,1.7787052648265627,102.89429523222223,2069.382473947581,1929.9094177143193,2.752792644,-0.03487443777835974,4.490876086013828,279.7611111111111,130.60659354752403,0.46685042473845395,0.48333333333333334,14,0.1,12,0.13333333333333333,180,1.0,0.09444444444444444,5,0,180,0.0018484288354898336,0.6694367497691616,1,1,0.0,0.9981515711645101
peeling_chain_01495,0.09785716172222222,0.09764196544444446,0.1791889411944972,0.30520411089911964,1.963250583865755e-05,0.8409479553062862,3.9173814530171067,0.016666666666666666,0.8208110588055025,180,1.0,2.0,0.5,180,360,2.0,1.0,0.49722222222222223,0.33611111111111114,1.7110669450316396,72.6169054413889,1460.4517295507542,1327.7508775318388,3.528653226,-0.04759369053089207,4.4942012541492975,280.1722222222222,130.12485755493972,0.464445962996751,0.4166666666666667,14,0.11666666666666667,12,0.14444444444444443,180,1.0,0.1388888888888889,5,0,180,0.0018484288354898336,0.6694367497691612,1,1,0.0,0.9981515711645101
peeling_chain_01497,0.23437615850000001,0.23417269138888888,0.17609734977588493,0.30190758292433917,-0.005124956534738731,0.9294793305180179,3.816978082546121,0.008333333333333333,0.823902650224115,180,1.0,2.0,0.5,180,360,2.0,1.0,0.49722222222222223,0.3055555555555556,1.6930034743241444,83.94470405388888,1688.2733776233688,1763.4781520471502,0.649462894,0.021787424088129517,4.487227245698008,268.81111111111113,136.57158022040383,0.5080577943965752,0.45,14,0.13333333333333333,12,0.12222222222222222,180,1.0,0.08888888888888889,5,0,180,0.0018484288354898336,0.6694367497691616,1,1,0.0,0.9981515711645101
peeling_chain_01499,0.10428470805555554,0.10407697688888887,0.18298497686758622,0.31349553093595095,9.610232552445026e-05,0.8686594311827132,3.8789973054974527,0.002777777777777778,0.8170150231324139,180,1.0,2.0,0.5,180,360,2.0,1.0,0.49722222222222223,0.26666666666666666,1.7074163905033979,90.80161986527779,1826.1778296943576,1839.1333167406804,12.834954273,0.0035346213537488023,4.442081870524983,282.7611111111111,127.02678043813913,0.44923709607373796,0.43333333333333335,14,0.09444444444444444,12,0.10555555555555556,180,1.0,0.07777777777777778,5,0,180,0.0018484288354898336,0.6694367497691617,1,1,0.0,0.9981515711645101
peeling_chain_01500,0.07572096494444444,0.07549945133333333,0.18712960938771434,0.3093590792940104,-0.00014526432455734233,0.8214282447819568,3.912150024063345,0.002777777777777778,0.8128703906122856,180,1.0,2.0,0.5,180,360,2.0,1.0,0.49722222222222223,0.26666666666666666,1.742557565118824,83.96072616861112,1688.5956100978103,1814.1748916629524,7.488902456,0.03585141575847354,4.465511429146174,280.09444444444443,125.4067659745821,0.44773028691561934,0.45555555555555555,14,0.11666666666666667,12,0.11666666666666667,180,1.0,0.09444444444444444,5,0,180,0.0018484288354898336,0.6694367497691613,1,1,0.0,0.9981515711645101
ransomware_01001,1.0286096693333335,1.0283779291111113,0.001264056007481602,0.00248391421031801,-0.0021253487255573733,0.6386368966451885,3.82041491332846,0.005555555555555556,0.9987359439925184,180,1.65,1.0,1.65,297,180,1.0,1.65,0.31666666666666665,0.0,1.832443583324142,367.51485609194447,7391.360234253598,7193.016339179073,93.305877284,-0.013599751355559068,4.475191179931182,263.1111111111111,128.5973269611458,0.4887567325381386,0.4222222222222222,14,0.1111111111111111,12,0.15555555555555556,180,0.6060606060606061,0.12777777777777777,5,0,7,0.001327212020033389,0.6091269841269843,1,1,0.0,0.795
ransomware_01002,0.6523449055555555,0.6521205979444444,0.00116291370494855,0.001833048558223063,0.001741021148914061,0.5864594410451156,3.6962034778587345,0.027777777777777776,0.9988370862950515,180,1.6166666666666667,1.0,1.6166666666666667,291,180,1.0,1.6166666666666667,0.35555555555555557,0.0,1.7239304925753098,321.1370132336111,6458.621495204664,7185.6568558326335,29.903891044,0.053284999171297115,4.464329016205113,273.52777777777777,136.43040792772203,0.4987808150094438,0.45,14,0.12222222222222222,12,0.13333333333333333,180,0.6185567010309279,0.08888888888888889,5,0,4,0.0013692576937165317,0.6105651105651105,1,1,0.0,0.8023850085178875
ransomware_01003,0.8586034181111111,0.8583715939444444,0.0012379943347495715,0.002572038252948366,0.0018537159806887049,0.5171474464805567,3.884369390168965,0.005555555555555556,0.9987620056652503,180,1.6388888888888888,1.0,1.6388888888888888,295,180,1.0,1.6388888888888888,0.3888888888888889,0.0,1.7471671973011633,362.0711703675,7281.878286722446,7312.092125614319,11.37650555,0.002070296022138852,4.485814851829051,273.94444444444446,126.28449403094002,0.46098578230722376,0.5111111111111111,14,0.09444444444444444,12,0.11666666666666667,180,0.6101694915254238,0.13333333333333333,5,0,6,0.001390352417749678,0.6020576131687243,1,1,0.0,0.811965811965812
ransomware_01004,0.8917180087777776,0.8914908121666666,0.0011274382090442712,0.0016033626067635466,0.00294591233825118,0.6380919780184235,3.767235134103103,0.0,0.9988725617909557,180,1.6666666666666667,1.0,1.6666666666666667,300,180,1.0,1.6666666666666667,0.31666666666666665,0.0,1.7536305395208762,340.5730107558333,6849.513065485365,6247.9323464361605,42.834056635,-0.04593114917674211,4.509319770358642,279.55555555555554,117.89358056178656,0.4217178954912874,0.4888888888888889,14,0.10555555555555556,12,0.1388888888888889,180,0.6,0.08333333333333333,5,0,5,0.0013222921935174626,0.6434200157604414,1,1,4.480417753924286e-08,0.7960199004975125
ransomware_01005,0.589242113611111,0.5890114844444445,0.0020586537068182126,0.007030993735596367,0.0010625002142452958,0.5395715223435216,3.727702987584171,0.0,0.9979413462931818,180,1.6777777777777778,1.0,1.6777777777777778,302,180,1.0,1.6777777777777778,0.3333333333333333,0.0,1.7230591739185377,380.17692845472226,7646.016438198911,7732.363198726657,2.593081587,0.005614815251433658,4.470270539246865,278.0777777777778,127.68551868628242,0.4591719615521404,0.4444444444444444,14,0.09444444444444444,12,0.12222222222222222,180,0.5960264900662252,0.12222222222222222,5,0,5,0.0013322203857358444,0.6406003159557663,1,1,0.0,0.8006644518272426
ransomware_01007,1.2488991311666666,1.2486569745,0.0019382051940989525,0.005306196769018657,-0.0025633584458265176,0.6910448558670018,3.768082869685566,0.005555555555555556,0.998061794805901,180,1.6666666666666667,1.0,1.6666666666666667,300,180,1.0,1.6666666666666667,0.32222222222222224,0.0,1.7770349684129207,369.6846595880555,7434.99874031958,7537.276755217208,24.728188432,0.006831160362238657,4.519403477306417,285.5888888888889,130.82995867974586,0.4581059129742492,0.45,14,0.1111111111111111,12,0.12222222222222222,180,0.6,0.1111111111111111,5,0,5,0.0013266925003178533,0.6500789889415483,1,1,0.0,0.7973421926910299
ransomware_01008,0.7601369843333333,0.7599024775555556,0.001438039419868489,0.0035120172132949,-7.114942553782493e-05,0.5509582878024705,3.769951281704838,0.05555555555555555,0.9985619605801314,180,1.5722222222222222,1.0,1.5722222222222222,283,180,1.0,1.5722222222222222,0.3388888888888889,0.0,1.7444145173996823,344.04413745305555,6919.323434810459,6410.4095101934045,2.234431719,-0.03817885374873929,4.498400958108,289.77222222222224,137.82357885677214,0.4756272971916445,0.4222222222222222,14,0.1,12,0.13333333333333333,180,0.6360424028268551,0.10555555555555556,5,0,4,0.0013692472393254905,0.587893864013267,1,1,0.0,0.7955326460481099
ransomware_01010,0.6253763520555555,0.6251588586111112,0.00146749736249617,0.0032799754967497534,0.0019148976692593403,0.5790070324885263,3.745228447554661,0.022222222222222223,0.998532502637504,180,1.5944444444444446,1.0,1.5944444444444446,287,180,1.0,1.5944444444444446,0.37222222222222223,0.0,1.7314849438848012,367.4187732258334,7389.427841418553,7047.95108932703,2.654757019,-0.023652267750922586,4.485130598530693,281.68333333333334,129.33912269386198,0.4591649820502762,0.45,14,0.1111111111111111,12,0.11666666666666667,180,0.627177700348432,0.1111111111111111,5,0,6,0.001390625930558037,0.5795833333333333,1,1,0.0,0.8051724137931034
ransomware_01014,0.8102925773888889,0.810067723611111,0.0011230514227487298,0.0016080438798399227,0.0006166224649629105,0.6063955334652749,4.014548725488066,0.05,0.9988769485772511,180,1.6277777777777778,1.0,1.6277777777777778,293,180,1.0,1.6277777777777778,0.34444444444444444,0.0,1.6844505884593908,331.1758790452778,6660.520472419581,6561.436179756717,36.573510304,-0.0074939205496907186,4.5099062220589365,273.6666666666667,133.5897580793047,0.4881477152715153,0.45,14,0.1111111111111111,12,0.13333333333333333,180,0.6143344709897611,0.11666666666666667,5,0,4,0.0013565057787719751,0.6111111111111113,1,1,0.0,0.8003384094754653
ransomware_01015,0.6661544761111111,0.6659127897777778,0.002240001222320253,0.0045160644683875685,0.00362343482887332,0.6122850592759925,3.9312481745820125,0.011111111111111112,0.9977599987776797,180,1.5722222222222222,1.0,1.5722222222222222,283,180,1.0,1.5722222222222222,0.37222222222222223,0.0,1.7412990570856428,372.7897304613889,7497.44709308262,6664.151985129126,1.415710446,-0.05884187960352274,4.493798453045563,273.25555555555553,130.67786834895168,0.4782258427766296,0.43333333333333335,14,0.10555555555555556,12,0.09444444444444444,180,0.6360424028268551,0.07222222222222222,5,0,5,0.0013979468599033817,0.5580808080808081,1,1,0.0,0.8038194444444444
ransomware_01019,0.7254438416111111,0.7252004538333333,0.001287291774782729,0.002181683428425439,0.0002817695591530599,0.5517241756836505,3.9402740189572216,0.03333333333333333,0.9987127082252172,180,1.6444444444444444,1.0,1.6444444444444444,296,180,1.0,1.6444444444444444,0.32222222222222224,0.0,1.6265695265822926,344.1978869133333,6922.4156027268045,7611.065816543187,11.608815922,0.04738370621255955,4.460379245010042,256.99444444444447,134.6429375769648,0.5239138062615635,0.35,14,0.08888888888888889,12,0.1111111111111111,180,0.6081081081081081,0.08888888888888889,5,0,5,0.001333310924746363,0.6104465709728869,1,1,0.0,0.7959866220735786
ransomware_01020,0.6636670203888889,0.6634366432222223,0.0014013535745783315,0.005544480853619318,0.0011038956550510812,0.5338337067639051,3.6275314980392666,0.05,0.9985986464254217,180,1.6388888888888888,1.0,1.6388888888888888,295,180,1.0,1.6388888888888888,0.37777777777777777,0.0,1.7194922522737195,354.07821166805553,7121.126044724475,7197.260146542304,39.849147816,0.005317226452815306,4.48297626163026,270.40555555555557,130.56327035858416,0.4828424108755398,0.5166666666666667,14,0.11666666666666667,12,0.12777777777777777,180,0.6101694915254238,0.08888888888888889,5,0,4,0.0013808862091621073,0.6216216216216217,1,1,0.0,0.8091993185689949
ransomware_01022,0.8635708542777779,0.8633350157777777,0.001258138555855008,0.0023533930548043647,-0.0008052334725968904,0.6200662472831678,3.7508626871579023,0.016666666666666666,0.9987418614441451,180,1.6166666666666667,1.0,1.6166666666666667,291,180,1.0,1.6166666666666667,0.37222222222222223,0.0,1.7412990570856428,329.6107682058333,6629.043382914386,6369.370670332995,22.337214594,-0.01997726118876146,4.504953856307953,284.24444444444447,129.8680732490103,0.45688869487963907,0.4444444444444444,14,0.09444444444444444,12,0.11666666666666667,180,0.6185567010309279,0.1,5,0,5,0.001383373669494114,0.608910891089109,1,1,0.0,0.8065068493150684
ransomware_01023,0.7399624524444444,0.7397307135000001,0.0018743542659218743,0.004083531928642305,0.0019510009110672141,0.5717795369579184,4.001534851449123,0.011111111111111112,0.9981256457340781,180,1.65,1.0,1.65,297,180,1.0,1.65,0.35555555555555557,0.0,1.7621253008708144,379.2174257616666,7626.71917733433,8143.693192374214,105.135041715,0.03278126170200064,4.480579113061113,272.8611111111111,129.15543292292097,0.4733376346559254,0.5166666666666667,14,0.10555555555555556,12,0.13333333333333333,180,0.6060606060606061,0.08888888888888889,5,0,6,0.00135875757713869,0.6226795803066989,1,1,0.0,0.8043844856661045
ransomware_01025,0.7982990960000002,0.798057627,0.0019400783981284432,0.007432399330634671,-8.542254030474182e-05,0.5671797217637938,3.666617962242994,0.011111111111111112,0.9980599216018717,180,1.7,1.0,1.7,306,180,1.0,1.7,0.32222222222222224,0.0,1.8268474179404417,371.66247831166663,7474.776100122911,7220.071146618275,8.530527079,-0.01733294325744836,4.4851785532129425,278.0111111111111,131.7125271945975,0.47376713350840394,0.42777777777777776,14,0.13333333333333333,12,0.14444444444444443,180,0.5882352941176471,0.09444444444444444,5,0,5,0.0013168733200381515,0.656152647975078,1,1,0.0,0.7993421052631579
ransomware_01028,0.8896412447222223,0.8894115007222221,0.001765907409067815,0.0062037312169241155,-0.0004198456826959681,0.6249585402079182,3.628469984509198,0.022222222222222223,0.9982340925909322,180,1.6611111111111112,1.0,1.6611111111111112,299,180,1.0,1.6611111111111112,0.32222222222222224,0.0,1.7336685497861668,311.9054728497222,6272.95923050148,6335.693666249773,44.092137697,0.004975506603441886,4.464987428939041,267.93333333333334,135.0628490161434,0.5040912503712741,0.49444444444444446,14,0.1,12,0.12222222222222222,180,0.6020066889632107,0.1388888888888889,5,0,6,0.0013283416528008874,0.5981789390340461,1,1,0.0,0.7970049916805324
ransomware_01030,0.900970288388889,0.9007301816111111,0.001454380574991945,0.0029563894751770434,-0.0006837521336769653,0.5904788943074741,3.914936935805125,0.027777777777777776,0.998545619425008,180,1.6555555555555554,1.0,1.6555555555555554,298,180,1.0,1.6555555555555554,0.37222222222222223,0.0,1.702661841916394,384.4459546941667,7731.873949156932,7735.841601836371,29.469350049,0.00025651187251012015,4.464207152425705,260.53333333333336,126.57390801403002,0.4858261566556935,0.4111111111111111,14,0.1111111111111111,12,0.1111111111111111,180,0.6040268456375839,0.07777777777777778,5,0,4,0.0013708451633255901,0.6094890510948906,1,1,0.0,0.8087986463620981
ransomware_01032,0.8150972223333333,0.814873795,0.0012369757482896305,0.003288875130320181,0.0010020081163204628,0.5670441374351979,3.593770557228472,0.016666666666666666,0.9987630242517104,180,1.5555555555555556,1.0,1.5555555555555556,280,180,1.0,1.5555555555555556,0.39444444444444443,0.0,1.72582461963301,384.4179880430556,7731.31149137396,7499.030139628232,34.739467288,-0.015251223995718297,4.515819016672561,274.6222222222222,125.49273412854023,0.45696496486359534,0.4388888888888889,14,0.10555555555555556,12,0.12777777777777777,180,0.6428571428571429,0.11666666666666667,5,0,6,0.001423302556993985,0.5621251071122537,1,1,0.0,0.8084358523725835
ransomware_01034,0.7984813555000001,0.7982425680555555,0.0015794838691572256,0.005480382680730488,8.175035617354405e-05,0.5663210491185204,3.4771471150366033,0.03333333333333333,0.9984205161308428,180,1.6277777777777778,1.0,1.6277777777777778,293,180,1.0,1.6277777777777778,0.34444444444444444,0.0,1.7270009296141196,341.9800170097222,6877.810397961792,7525.406200864067,26.706578419,0.04496188739917072,4.476501077497685,281.35,128.9159994577908,0.4582050807101148,0.4388888888888889,14,0.1111111111111111,12,0.11666666666666667,180,0.6143344709897611,0.1,5,0,6,0.0013565057787719751,0.6257096512570967,1,1,1.9192574506220686e-08,0.8003384094754653
ransomware_01035,0.7624933082222223,0.7622477262777778,0.0025598764017214187,0.007022550522728183,0.0047698972857701406,0.6082141357018043,3.86011700192856,0.011111111111111112,0.9974401235982785,180,1.55,1.0,1.55,279,180,1.0,1.55,0.35555555555555557,0.0,1.7103459819497282,376.5840444555555,7573.757318661369,6976.528073585281,114.501324731,-0.041045878412414576,4.4893864941642025,289.4222222222222,125.33414358468632,0.4330494825945089,0.4166666666666667,14,0.09444444444444444,12,0.1111111111111111,180,0.6451612903225806,0.10555555555555556,5,0,6,0.0013906983790334798,0.5535864978902955,1,1,3.20450363672047e-08,0.7982608695652174
ransomware_01036,0.6630194598888889,0.6627818809444445,0.0024112399090198155,0.0054033432376654035,0.002367416846291552,0.6164987988291319,3.811935146976507,0.022222222222222223,0.9975887600909802,180,1.5722222222222222,1.0,1.5722222222222222,283,180,1.0,1.5722222222222222,0.3611111111111111,0.0,1.7656930277537835,362.4379552208333,7289.2549653368715,6789.116434265439,64.421150628,-0.03552531161989094,4.523806618243426,281.73333333333335,129.86140441848724,0.4609373086316395,0.5055555555555555,14,0.1111111111111111,12,0.11666666666666667,180,0.6360424028268551,0.08888888888888889,5,0,4,0.0013882808705090763,0.5728643216080402,1,1,0.0,0.801038062283737
ransomware_01037,0.8091630009999999,0.8089226336111112,0.001217581131310346,0.002675960636075109,0.001635266674887085,0.5593571657875188,3.702886275740905,0.022222222222222223,0.9987824188686896,180,1.6666666666666667,1.0,1.6666666666666667,300,180,1.0,1.6666666666666667,0.3388888888888889,0.0,1.624423474099244,331.9439882161111,6675.968478092872,6905.257652761792,65.279854811,0.016882803692371114,4.435270017650028,274.2611111111111,135.0676786237714,0.4924784198407611,0.4388888888888889,14,0.10555555555555556,12,0.1111111111111111,180,0.6,0.1,5,0,5,0.0013400260188385325,0.6595067621320604,1,1,0.0,0.8013355592654424
ransomware_01040,1.054085551722222,1.0538737041666668,0.0016094605858320114,0.00578904666280655,0.004885751826465837,0.6028238321107319,3.4856169751006374,0.011111111111111112,0.998390539414168,180,1.6277777777777778,1.0,1.6277777777777778,293,180,1.0,1.6277777777777778,0.35555555555555557,0.0,1.7332062056521733,380.9590785425,7661.746831027134,7189.426689405202,162.859809883,-0.0318035568685607,4.535072819665911,262.5388888888889,120.7420892253003,0.45990173012578145,0.42777777777777776,14,0.09444444444444444,12,0.11666666666666667,180,0.6143344709897611,0.07222222222222222,5,0,4,0.0013657415427970848,0.6161369193154036,1,1,1.9192574506220686e-08,0.8030560271646859
ransomware_01042,0.7703773608333333,0.7701414897777777,0.002091259982229241,0.004967691129454055,0.004113513381544699,0.574487253489171,3.7446884940154295,0.0,0.9979087400177709,180,1.711111111111111,1.0,1.711111111111111,308,180,1.0,1.711111111111111,0.29444444444444445,0.0,1.718121691799637,312.58318296472225,6286.589154602603,6317.489661925087,1.200952909,0.00245162758598143,4.506966444648896,276.73333333333335,133.6416286798433,0.48292566374310997,0.4111111111111111,14,0.12222222222222222,12,0.1388888888888889,180,0.5844155844155844,0.1,5,0,5,0.0012923386562855856,0.6536398467432951,1,1,0.0,0.7934959349593496
ransomware_01044,0.6834921529444445,0.6832638717222222,0.0015648611496073596,0.006448851259946741,0.0012501620591890696,0.507340215261832,3.7269898182709382,0.016666666666666666,0.9984351388503926,180,1.7444444444444445,1.0,1.7444444444444445,314,180,1.0,1.7444444444444445,0.2777777777777778,0.0,1.658008714796078,388.0230711530556,7803.815956151681,7450.108236775359,46.515868763,-0.02318798198435588,4.502305538382495,265.1722222222222,129.47516880010724,0.48826821948040694,0.4722222222222222,14,0.10555555555555556,12,0.1111111111111111,180,0.5732484076433121,0.12222222222222222,5,0,4,0.001270733012306046,0.6835585585585584,1,1,0.0,0.7916666666666666
ransomware_01045,0.8705723026666665,0.8703316861666666,0.001711903182573484,0.004513555225652139,-0.0019148116565840517,0.6630758440832327,3.6696527771117804,0.022222222222222223,0.9982880968174265,180,1.6444444444444444,1.0,1.6444444444444444,296,180,1.0,1.6444444444444444,0.3388888888888889,0.0,1.8053539912867214,307.27221073972225,6179.776305380665,6301.612691679577,11.685530457,0.00976144452573419,4.520027163259497,267.28333333333336,126.57884574424011,0.4735755281320949,0.42777777777777776,14,0.08888888888888889,12,0.13333333333333333,180,0.6081081081081081,0.06666666666666667,5,0,4,0.0013468013468013469,0.6180722891566266,1,1,0.0,0.8
ransomware_01048,0.7818667611111111,0.781613624,0.0012773551799279699,0.0037788068937230947,0.0006703547790158134,0.5576302709077352,3.6883544425683366,0.016666666666666666,0.998722644820072,180,1.6888888888888889,1.0,1.6888888888888889,304,180,1.0,1.6888888888888889,0.32222222222222224,0.0,1.7356528005062486,382.044186295,7683.5702271642,7458.78302082746,151.687892427,-0.014844932135403329,4.517793283973756,275.06111111111113,128.7683452847084,0.4681444961977643,0.42777777777777776,14,0.09444444444444444,12,0.12222222222222222,180,0.5921052631578947,0.1111111111111111,5,0,5,0.0013201320132013201,0.6635367762128326,1,1,0.0,0.7986798679867987
ransomware_01052,1.0340485674444444,1.0338211056111108,0.0016936926313737605,0.0038195585483737156,-0.0022428102235562816,0.615047512689991,3.9222484642072377,0.027777777777777776,0.9983063073686262,180,1.6166666666666667,1.0,1.6166666666666667,291,180,1.0,1.6166666666666667,0.35,0.0,1.7505812525280662,339.3184483241667,6824.281642278006,6580.346080719254,152.473120856,-0.018197861708628506,4.519479025232484,271.2,132.0593822752756,0.48694462490883333,0.46111111111111114,14,0.08888888888888889,12,0.12777777777777777,180,0.6185567010309279,0.07777777777777778,5,0,6,0.0013646003546222577,0.5841503267973858,1,1,0.0,0.8010204081632653
ransomware_01053,0.7842162891111113,0.7839795452222221,0.0016630483651794608,0.003984900042377756,0.00033594986372007375,0.5558642857531115,3.793001862264982,0.016666666666666666,0.9983369516348205,180,1.6333333333333333,1.0,1.6333333333333333,294,180,1.0,1.6333333333333333,0.35555555555555557,0.0,1.717557391823088,340.5947263733333,6849.949804159945,6304.8670543018425,71.582461403,-0.041435981642532746,4.4867991548553725,271.73333333333335,127.9767175054263,0.47096436765981214,0.46111111111111114,14,0.10555555555555556,12,0.12777777777777777,180,0.6122448979591837,0.1111111111111111,5,0,4,0.001363989525481281,0.6032520325203253,1,1,0.0,0.8033898305084746
ransomware_01054,0.9308038391666669,0.9305817671111112,0.0015300503169308835,0.0030597711720377514,-0.004023199963291048,0.6078910600007491,3.9522904114701194,0.016666666666666666,0.998469949683069,180,1.6222222222222222,1.0,1.6222222222222222,292,180,1.0,1.6222222222222222,0.37777777777777777,0.0,1.6195957601219189,328.8458925058333,6613.660407940022,7595.314841948154,36.3616644,0.06908692687151084,4.512423192368205,273.1666666666667,132.01013588983852,0.48325858165895735,0.45555555555555555,14,0.09444444444444444,12,0.11666666666666667,180,0.6164383561643836,0.11666666666666667,5,0,5,0.0013863107685800889,0.6097359735973599,1,1,0.0,0.8082191780821918
ransomware_01055,0.9849817900555554,0.9847548560555557,0.0015926852008469321,0.0043162462907431875,-0.000420947427358869,0.598379008889597,3.5072916241064154,0.027777777777777776,0.9984073147991533,180,1.7277777777777779,1.0,1.7277777777777779,311,180,1.0,1.7277777777777779,0.32222222222222224,0.0,1.6936763001900528,344.7416146702778,6933.35090957152,7394.013360004057,0.701331266,0.03215263057216759,4.471478774415129,281.7388888888889,133.9569831682569,0.47546500838613853,0.46111111111111114,14,0.1,12,0.10555555555555556,180,0.5787781350482315,0.11666666666666667,5,0,5,0.0013087888771604345,0.6458814472671287,1,1,0.0,0.800978792822186
ransomware_01057,0.7640845002777777,0.7638505849444446,0.003439965492687569,0.00916720522359666,0.000631245331800364,0.6053269102278872,3.780057647019092,0.005555555555555556,0.9965600345073125,180,1.6166666666666667,1.0,1.6166666666666667,291,180,1.0,1.6166666666666667,0.3111111111111111,0.0,1.654714495254438,372.7895495611111,7497.443454863105,7140.588942535148,48.052170579,-0.02437858467859275,4.53906915914483,288.7111111111111,125.05625500133792,0.43315359260007746,0.5,14,0.08888888888888889,12,0.12777777777777777,180,0.6185567010309279,0.1,5,0,5,0.0013326542738307445,0.6176706827309237,1,1,0.0,0.7915966386554621
ransomware_01058,1.03443299,1.034191601388889,0.0013489287288098249,0.0024980618708559913,0.0016633031067316898,0.6219444961864895,3.8492286785862704,0.011111111111111112,0.99865107127119,180,1.6388888888888888,1.0,1.6388888888888888,295,180,1.0,1.6388888888888888,0.3888888888888889,0.0,1.7010608449687041,359.0070118344444,7220.252751979889,7047.076010851193,40.736518456,-0.01213799331377655,4.4755836359215735,296.18333333333334,127.9145784712394,0.43187635520085327,0.42777777777777776,14,0.13333333333333333,12,0.1,180,0.6101694915254238,0.05555555555555555,5,0,5,0.001390352417749678,0.6238683127572018,1,1,0.0,0.811965811965812
ransomware_01059,0.8316769237222222,0.8314391474444446,0.0011149135224115558,0.002401892728060717,-0.0012318263789005835,0.4834695044103694,3.6971221918014665,0.03333333333333333,0.9988850864775884,180,1.6444444444444444,1.0,1.6444444444444444,296,180,1.0,1.6444444444444444,0.37222222222222223,0.0,1.6632696330039556,354.3567778663889,7126.728493405715,6953.996373219214,6.811043367,-0.012267274719352178,4.500223068539935,262.39444444444445,132.6603382028399,0.5055760173723017,0.4444444444444444,14,0.13333333333333333,12,0.10555555555555556,180,0.6081081081081081,0.1388888888888889,5,0,5,0.0013744037513137683,0.6124694376528117,1,1,0.0,0.8081494057724957
ransomware_01065,0.7462285663333332,0.7459972786111112,0.0015484353317442635,0.0029264900784360926,-0.0003484589066843629,0.5476462212003222,4.0629624210877,0.0,0.9984515646682556,180,1.5833333333333333,1.0,1.5833333333333333,285,180,1.0,1.5833333333333333,0.34444444444444444,0.0,1.7776637934843529,351.6241842322222,7071.771302999318,7020.1546400579,2.074683831,-0.003662853690119534,4.493185494888412,262.18888888888887,123.63501831175697,0.47154941933542943,0.4722222222222222,14,0.1111111111111111,12,0.1111111111111111,180,0.631578947368421,0.05555555555555555,5,0,5,0.001370444377641421,0.5822994210090986,1,1,3.254954945283182e-08,0.7975986277873071
ransomware_01066,0.7102012750555556,0.7099842335,0.0011353203533666337,0.002283674718563159,-0.0007202510656810389,0.5289199095201016,3.7328145403855384,0.005555555555555556,0.9988646796466333,180,1.5611111111111111,1.0,1.5611111111111111,281,180,1.0,1.5611111111111111,0.3611111111111111,0.0,1.6593810338975556,365.20592676027775,7344.923666688229,8163.823840265668,49.643788814,0.052802469909981845,4.489193334027171,269.5777777777778,127.75360168557867,0.4739025699324903,0.4666666666666667,14,0.10555555555555556,12,0.12777777777777777,180,0.6405693950177936,0.10555555555555556,5,0,5,0.0013919082125603865,0.5681818181818182,1,1,3.303615117879774e-08,0.8003472222222222
ransomware_01068,0.7021027771666667,0.7018625037777777,0.0026268661262933983,0.007890626566017743,0.002382365178205089,0.5991252464431418,3.844971996411997,0.016666666666666666,0.9973731338737066,180,1.6611111111111112,1.0,1.6611111111111112,299,180,1.0,1.6611111111111112,0.31666666666666665,0.0,1.7295738270158931,330.5498195166667,6647.929331064447,6853.451769835343,39.031886675,0.015222327051948703,4.490666764533284,276.71666666666664,132.55913721933769,0.47904283762935984,0.4388888888888889,14,0.1,12,0.12222222222222222,180,0.6020066889632107,0.09444444444444444,5,0,5,0.0013239285576088578,0.6473143759873619,1,1,0.0,0.7956810631229236
ransomware_01069,0.6223998548888889,0.6221703165,0.0028618098971949853,0.010786933281790728,-0.00013109110757533716,0.5352058287971537,3.731425347419922,0.027777777777777776,0.997138190102805,180,1.6277777777777778,1.0,1.6277777777777778,293,180,1.0,1.6277777777777778,0.36666666666666664,0.0,1.7593845290180192,316.8501732497223,6372.405718989994,5934.442903951775,29.806906957,-0.03558691818324569,4.50576095490508,271.64444444444445,130.82209431141527,0.4815931155115909,0.43333333333333335,14,0.12222222222222222,12,0.11666666666666667,180,0.6143344709897611,0.1,5,0,5,0.0013750719514393195,0.5954135954135954,1,1,0.0,0.8057921635434412
ransomware_01070,0.8979011518333332,0.8976780588888889,0.0016421424291529572,0.0035255405802530103,0.00463317418704281,0.6165479811647403,3.9785817006908633,0.027777777777777776,0.9983578575708469,180,1.6722222222222223,1.0,1.6722222222222223,301,180,1.0,1.6722222222222223,0.38333333333333336,0.0,1.6570225978811703,306.6848591805555,6167.963648326526,6214.103280905091,46.898093009,0.0037263271828743578,4.499604375686264,274.23333333333335,127.94360227509812,0.4665501480798521,0.4722222222222222,14,0.1111111111111111,12,0.10555555555555556,180,0.5980066445182725,0.14444444444444443,5,0,4,0.0013747884940778343,0.6165048543689322,1,1,0.0,0.8125
ransomware_01071,0.6370281900000001,0.6368029190555556,0.0016710421091888886,0.004245771569911442,0.0017725964347767953,0.5706538807497004,3.580094382605962,0.005555555555555556,0.9983289578908112,180,1.7277777777777779,1.0,1.7277777777777779,311,180,1.0,1.7277777777777779,0.29444444444444445,0.0,1.7678575097646145,362.3018149502778,7286.5169487251005,7558.898261111563,0.336418647,0.01834784063203442,4.46552471287753,294.09444444444443,127.69248575653951,0.4341887042366797,0.4111111111111111,14,0.1111111111111111,12,0.12777777777777777,180,0.5787781350482315,0.07777777777777778,5,0,5,0.0012876797113079784,0.6689497716894978,1,1,0.0,0.7944983818770227
ransomware_01072,1.0899334291666665,1.0897107838888889,0.001498948561522544,0.005335876349684721,-0.0009468741339135982,0.6492937580062113,3.6341975368950714,0.0,0.9985010514384773,180,1.5444444444444445,1.0,1.5444444444444445,278,180,1.0,1.5444444444444445,0.43333333333333335,0.0,1.7172889786225378,365.51692237361107,7351.178327067827,7448.291721599237,128.962258634,0.006561950813918247,4.547733488492336,258.31111111111113,133.1112144283109,0.5153135451887465,0.4388888888888889,14,0.12222222222222222,12,0.1111111111111111,180,0.6474820143884892,0.08888888888888889,5,0,7,0.0014630718119090212,0.5653508771929826,1,1,0.0,0.8178571428571428
ransomware_01074,0.8192601871666666,0.8190294610555557,0.0024643127661424327,0.007323739207483701,0.004684152163883657,0.6450681455133294,3.5857493921666324,0.03333333333333333,0.9975356872338577,180,1.65,1.0,1.65,297,180,1.0,1.65,0.32222222222222224,0.0,1.748775634708075,384.04693493972223,7723.84897085952,7016.319484660137,3.351689853,-0.048000095001250714,4.483612765882045,290.27222222222224,131.2557668030494,0.45218163074028,0.37222222222222223,14,0.1,12,0.1,180,0.6060606060606061,0.10555555555555556,5,0,4,0.0013316508562207917,0.6276849642004775,1,1,0.0,0.7963272120200334
ransomware_01076,0.8264550365555556,0.8262269092222223,0.0013508383643162385,0.0034595825814947765,0.0013682816606273864,0.587225472223883,3.766722151696711,0.005555555555555556,0.9986491616356836,180,1.7222222222222223,1.0,1.7222222222222223,310,180,1.0,1.7222222222222223,0.3277777777777778,0.0,1.7718764956285948,367.2415587513889,7385.863751425861,7705.838243671895,7.848298146,0.021202015011293724,4.480339525410825,267.56111111111113,119.60246834623743,0.4470099105567313,0.43333333333333335,14,0.1,12,0.11666666666666667,180,0.5806451612903226,0.10555555555555556,5,0,5,0.0013146950712350084,0.6635730858468679,1,1,0.0,0.8019639934533551
ransomware_01079,0.7596697269444445,0.7594373479444444,0.001969255293335397,0.004220281456607377,-0.001918363287766085,0.6045443464568043,3.882243263372671,0.0,0.9980307447066644,180,1.6444444444444444,1.0,1.6444444444444444,296,180,1.0,1.6444444444444444,0.3277777777777778,0.0,1.7475637310653875,368.13068432194444,7403.745606479269,8626.834172188588,29.404768808,0.0762972133632311,4.421443557482807,284.52222222222224,125.61577737593474,0.44149724543422214,0.42777777777777776,14,0.1388888888888889,12,0.14444444444444443,180,0.6081081081081081,0.08888888888888889,5,0,4,0.001337785122480411,0.6123101518784972,1,1,0.0,0.7973199329983249
ransomware_01081,1.038687216222222,1.0384602269444445,0.0012484233326131788,0.00234272719014903,-0.0005840546882825595,0.6262393778248996,3.9656838363356774,0.016666666666666666,0.9987515766673868,180,1.6888888888888889,1.0,1.6888888888888889,304,180,1.0,1.6888888888888889,0.3333333333333333,0.0,1.6747923821959791,369.35688888972226,7428.406703928665,7413.43094334167,22.95366466,-0.0010090233394884768,4.411968266547428,276.31111111111113,135.54513519391313,0.490552604449581,0.42777777777777776,14,0.13333333333333333,12,0.11666666666666667,180,0.5921052631578947,0.11666666666666667,5,0,4,0.0013288963570667633,0.6352201257861636,1,1,0.0,0.8013245033112583
ransomware_01083,0.7988838452222221,0.7986335353888888,0.0017646025209206242,0.004442007126708542,-0.0005234692707902503,0.5734003679057875,3.920099092329974,0.0,0.9982353974790794,180,1.6166666666666667,1.0,1.6166666666666667,291,180,1.0,1.6166666666666667,0.3388888888888889,0.0,1.6899117299471706,348.5210718244444,7009.362338369301,6666.453966729652,248.13263864,-0.025074069729336557,4.535202001140787,277.1666666666667,127.05202822896993,0.45839577232340323,0.49444444444444446,14,0.08333333333333333,12,0.11666666666666667,180,0.6185567010309279,0.12222222222222222,5,0,6,0.0013553566803832984,0.5878048780487808,1,1,0.0,0.7983050847457627
ransomware_01085,0.8817342343333334,0.8814932753333333,0.001690209147395475,0.004323400492567968,6.213808171034061e-05,0.6067384927570645,3.7151219791365833,0.0,0.9983097908526045,180,1.6722222222222223,1.0,1.6722222222222223,301,180,1.0,1.6722222222222223,0.3333333333333333,0.0,1.6993373339018978,356.6153681605556,7172.152655747402,6661.312988887676,52.330988497,-0.03692781548619676,4.496772455627737,271.65555555555557,125.90904415144679,0.463487830734599,0.5166666666666667,14,0.09444444444444444,12,0.11666666666666667,180,0.5980066445182725,0.10555555555555556,5,0,7,0.0013338879645036052,0.6393507521773557,1,1,0.0,0.800332778702163
ransomware_01086,0.8337093085555558,0.8334863011111111,0.0016679405657576915,0.003257887979157378,-0.0009824126900624503,0.5849891405637434,3.8295768778250596,0.005555555555555556,0.9983320594342422,180,1.6388888888888888,1.0,1.6388888888888888,295,180,1.0,1.6388888888888888,0.3388888888888889,0.0,1.7064175404808921,367.5149592163889,7391.362308262615,7562.186877429297,62.77532226,0.011423680562079043,4.52686891288319,275.47222222222223,124.99543815387804,0.4537496998628224,0.45555555555555555,14,0.10555555555555556,12,0.14444444444444443,180,0.6101694915254238,0.08888888888888889,5,0,5,0.0013485047211860028,0.6179549114331725,1,1,0.0,0.7996632996632996
ransomware_01088,0.9318111877222222,0.9315942497222223,0.001290041309855258,0.00251218357078271,-0.0033318344639958015,0.5942615293614483,3.888890854220607,0.03333333333333333,0.9987099586901448,180,1.6777777777777778,1.0,1.6777777777777778,302,180,1.0,1.6777777777777778,0.3611111111111111,0.0,1.765826158194334,366.26675193805556,7366.258698198676,6986.882198180245,21.297931906,-0.0264316014701801,4.439904708035884,261.0111111111111,124.69157430503935,0.47772515803727134,0.4166666666666667,14,0.09444444444444444,12,0.11666666666666667,180,0.5960264900662252,0.12777777777777777,5,0,6,0.0013546479601587356,0.6390887290167866,1,1,0.0,0.8073701842546064
ransomware_01090,0.8799788516111112,0.8797441610555555,0.0013689892909833144,0.003077068867011814,-0.0019680234892949368,0.5725820996439883,3.8625535127460027,0.0,0.9986310107090168,180,1.7333333333333334,1.0,1.7333333333333334,312,180,1.0,1.7333333333333334,0.28888888888888886,0.0,1.804857512232246,338.95078005666664,6816.887196673034,7081.695608415124,13.798480607,0.01905290744068857,4.452062236562309,279.6222222222222,133.32130951372002,0.476790823183454,0.5,14,0.11666666666666667,12,0.12777777777777777,180,0.5769230769230769,0.07777777777777778,5,0,4,0.0012819844702694253,0.6693181818181819,1,1,0.0,0.7935483870967742
ransomware_01093,0.7862565177222219,0.7860406442222222,0.0013454417793028045,0.0034667370122059733,0.0014869752226097516,0.5476774929321139,3.8575937122775965,0.027777777777777776,0.9986545582206972,180,1.6666666666666667,1.0,1.6666666666666667,300,180,1.0,1.6666666666666667,0.4,0.0,1.649778451461885,379.77860125527775,7638.005388375998,7315.995020829851,1.208467056,-0.02153339298746539,4.500055817239401,272.22777777777776,133.62295116795252,0.49084980327404454,0.4166666666666667,14,0.11666666666666667,12,0.12222222222222222,180,0.6,0.10555555555555556,5,0,5,0.001390675520634148,0.646650326797386,1,1,0.0,0.8163265306122449
ransomware_01095,0.7859763055555555,0.7857435001666668,0.0014205905705819274,0.0026745535463426353,-0.0016747922781670211,0.5449494429777308,3.8854054717621347,0.027777777777777776,0.9985794094294179,180,1.6444444444444444,1.0,1.6444444444444444,296,180,1.0,1.6444444444444444,0.35555555555555557,0.0,1.6265695265822926,354.72785877888884,7134.191573209089,7059.791443390087,36.113933695,-0.0052416668198063225,4.481452526142149,267.15,130.470334178152,0.4883785670153547,0.37777777777777777,14,0.11666666666666667,12,0.10555555555555556,180,0.6081081081081081,0.1,5,0,5,0.0013604975533909544,0.618527508090615,1,1,0.0,0.8040540540540541
ransomware_01097,0.6513293948888891,0.6510842592222222,0.0015645328385321166,0.0028937349668525544,0.0020364304980194856,0.57274886905875,3.7977210402958246,0.011111111111111112,0.9984354671614679,180,1.511111111111111,1.0,1.511111111111111,272,180,1.0,1.511111111111111,0.3277777777777778,0.0,1.785648278376842,331.7503902994444,6672.0748887080845,5568.920106964593,59.661105568,-0.09011969877722098,4.509783842192817,271.81666666666666,129.12081194839308,0.47502904634886167,0.45555555555555555,14,0.1111111111111111,12,0.1111111111111111,180,0.6617647058823529,0.09444444444444444,5,0,4,0.0013790746775039968,0.5428329092451231,1,1,0.0,0.7888307155322862
ransomware_01102,0.6358769561666667,0.6356555023333333,0.0017847601899737677,0.003976419531654815,0.0011297693580666057,0.5968073175837978,3.8251134902150783,0.0,0.9982152398100262,180,1.5777777777777777,1.0,1.5777777777777777,284,180,1.0,1.5777777777777777,0.35555555555555557,0.0,1.7206946658653226,401.066725695,8066.146438560732,9265.704491777053,49.682816718,0.0692111914669544,4.489982511234927,259.3833333333333,135.7958653240449,0.5235335037873607,0.43333333333333335,14,0.08888888888888889,12,0.10555555555555556,180,0.6338028169014085,0.11666666666666667,5,0,9,0.001381692573402418,0.5925000000000001,1,1,0.0,0.8
ransomware_01103,0.9890707971111109,0.9888589096666667,0.001924003910560281,0.0051689117239672,-0.0049912162321059305,0.7055325282232504,3.7565101694976217,0.016666666666666666,0.9980759960894399,180,1.6555555555555554,1.0,1.6555555555555554,298,180,1.0,1.6555555555555554,0.26666666666666666,0.0,1.7468780311161003,362.53126354833336,7291.131557399325,6747.049774436854,59.29494488,-0.03875728415963593,4.4841881776667165,273.47222222222223,129.24306625039924,0.4726003438308149,0.4777777777777778,14,0.1,12,0.11666666666666667,180,0.6040268456375839,0.17222222222222222,5,0,4,0.0012867102748391611,0.6414728682170544,1,1,0.0,0.7836065573770492
ransomware_01106,0.9056508821666667,0.9054311219444443,0.0015671333406032933,0.0036173725481666924,-0.0007651636420568532,0.5833704009496806,3.9312914813547026,0.022222222222222223,0.9984328666593967,180,1.6055555555555556,1.0,1.6055555555555556,289,180,1.0,1.6055555555555556,0.35555555555555557,0.0,1.7785086974387672,383.12872057972226,7705.382089876849,7823.34585458765,41.411311282,0.007596486018215772,4.499520851283829,261.05,129.67765256750675,0.4967540799368196,0.46111111111111114,14,0.1,12,0.1,180,0.6228373702422145,0.12777777777777777,5,0,6,0.0013727900714202083,0.571604938271605,1,1,0.0,0.8017094017094017
ransomware_01107,0.7766177134444443,0.7763887256666668,0.0012340288650125797,0.0025069310496311716,-2.5628830972149637e-05,0.5086868889270422,3.6323441663578655,0.016666666666666666,0.9987659711349874,180,1.7,1.0,1.7,306,180,1.0,1.7,0.3333333333333333,0.0,1.691062632247042,368.4624618172222,7410.418226496772,8400.160374180494,51.521130972,0.06259999540063163,4.493375909600995,261.95,128.80222919581033,0.4917053987242235,0.48333333333333334,14,0.10555555555555556,12,0.12222222222222222,180,0.5882352941176471,0.1111111111111111,5,0,4,0.0013255871041649618,0.6353677621283257,1,1,0.0,0.801980198019802
ransomware_01108,0.8203442119444443,0.8201256756111112,0.0011172438682896773,0.002303936019184884,-0.0010090997817936765,0.5630388890620537,3.9320653073745193,0.027777777777777776,0.9988827561317101,180,1.6833333333333333,1.0,1.6833333333333333,303,180,1.0,1.6833333333333333,0.32222222222222224,0.0,1.776551152534578,323.44963095388886,6505.132242649034,5943.572022899409,42.449712589,-0.045109933352962116,4.443970582610152,264.1611111111111,129.50400282370381,0.49024628295582845,0.5111111111111111,14,0.10555555555555556,12,0.11666666666666667,180,0.594059405940594,0.1388888888888889,5,0,4,0.0013217667341689015,0.6345098039215686,1,1,0.0,0.7983471074380165
ransomware_01112,0.7444137273888889,0.7441776387777778,0.0012363290876075514,0.0030086518546386136,-0.001426437914935643,0.5137608101215851,3.858517623347585,0.011111111111111112,0.9987636709123925,180,1.711111111111111,1.0,1.711111111111111,308,180,1.0,1.711111111111111,0.32222222222222224,0.0,1.715289120667836,371.3630687241667,7468.754454790006,7383.940281628065,252.321037655,-0.005710355909623632,4.534452198623439,261.72222222222223,131.8187792572308,0.5036591013861503,0.4388888888888889,14,0.1,12,0.1111111111111111,180,0.5844155844155844,0.10555555555555556,5,0,4,0.0013136288998357964,0.657751937984496,1,1,0.0,0.8
ransomware_01113,0.6218916942222222,0.6216608157777778,0.002467884503590202,0.0072135751959972174,0.0003290631903248037,0.5768347084293256,3.837632478751197,0.022222222222222223,0.9975321154964099,180,1.5722222222222222,1.0,1.5722222222222222,283,180,1.0,1.5722222222222222,0.31666666666666665,0.0,1.751835092411759,347.7981779452778,6994.823690520251,7527.493367751859,7.581933398,0.03667938629174827,4.43291370266821,279.0111111111111,125.18228000723113,0.44866413924777193,0.5166666666666667,14,0.11666666666666667,12,0.11666666666666667,180,0.6360424028268551,0.05555555555555555,5,0,8,0.0013506023744931596,0.5816912972085386,1,1,0.0,0.7901023890784983
ransomware_01115,0.8799881874444446,0.8797512692222222,0.0018140767147415793,0.004772793448274565,0.0015840107320596324,0.5735081713456113,3.6692732922646796,0.005555555555555556,0.9981859232852583,180,1.6222222222222222,1.0,1.6222222222222222,292,180,1.0,1.6222222222222222,0.4,0.0,1.8016926818437,349.84875203250004,7036.064286690414,6985.836030853114,3.014811672,-0.0035821290053286666,4.45402264602491,269.8666666666667,133.20498757585543,0.4935955567287133,0.45555555555555555,14,0.09444444444444444,12,0.10555555555555556,180,0.6164383561643836,0.07777777777777778,5,0,5,0.0014055148591507354,0.5954166666666668,1,1,0.0,0.8137931034482758
ransomware_01117,0.7965324775000001,0.7963047163333334,0.0024483268561225186,0.009368003527568232,0.0037110458523616973,0.6008068785920969,3.7796504080841986,0.011111111111111112,0.9975516731438774,180,1.6333333333333333,1.0,1.6333333333333333,294,180,1.0,1.6333333333333333,0.26666666666666666,0.0,1.6547717145693919,374.79382096111107,7537.75282380349,7649.777080567716,47.831254461,0.0073760682263403436,4.520471023460962,263.7111111111111,133.58693480126163,0.5065654391216629,0.42777777777777776,14,0.13333333333333333,12,0.12222222222222222,180,0.6122448979591837,0.08333333333333333,5,0,4,0.001292856558383111,0.5927230046948356,1,1,0.0,0.7821782178217822
ransomware_01118,0.8224417366666668,0.8222158766111111,0.0013355482471550904,0.0024703306272727964,0.0009619076491764161,0.6464854830113753,3.7906874239878494,0.005555555555555556,0.998664451752845,180,1.5944444444444446,1.0,1.5944444444444446,287,180,1.0,1.5944444444444446,0.38333333333333336,0.0,1.6904685707270573,331.67637144916665,6670.586241436973,6176.8418542045965,147.820809072,-0.03843137969379856,4.49902870024539,275.34444444444443,132.09905383775197,0.47975928515385485,0.4388888888888889,14,0.11666666666666667,12,0.11666666666666667,180,0.627177700348432,0.12777777777777777,5,0,4,0.0014002746577272973,0.590033500837521,1,1,0.0,0.8079584775086506
ransomware_01120,0.9180409594444443,0.9178157807777778,0.0013383949524568377,0.0028959370807664442,0.0020154603912260665,0.629733345384554,3.2696709717849997,0.03333333333333333,0.9986616050475432,180,1.6944444444444444,1.0,1.6944444444444444,305,180,1.0,1.6944444444444444,0.34444444444444444,0.0,1.733785120059045,349.62630062,7031.59040353319,8287.277688646196,64.425850927,0.08196997830107709,4.481577406113736,279.6111111111111,135.79261993953668,0.48564815396615546,0.46111111111111114,14,0.11666666666666667,12,0.12222222222222222,180,0.5901639344262295,0.15,5,0,4,0.0013360660705332694,0.6686367218282113,1,1,0.0,0.8043117744610282
ransomware_01121,0.8429479109444445,0.8427170264444445,0.002094355083403746,0.005452272728782232,-0.000446134170910626,0.6052873799215673,3.8241910918695496,0.005555555555555556,0.9979056449165964,180,1.738888888888889,1.0,1.738888888888889,313,180,1.0,1.738888888888889,0.3055555555555556,0.0,1.6998046601405243,319.1339568563889,6418.336562476134,6108.6621599654245,24.342729801,-0.02472055832143906,4.489115957783176,285.10555555555555,125.92480230234695,0.4416778272067353,0.39444444444444443,14,0.08888888888888889,12,0.1,180,0.5750798722044729,0.08888888888888889,5,0,5,0.0012929248425149354,0.6700913242009133,1,1,0.0,0.7977346278317152
ransomware_01128,0.6219513637222223,0.6217262934444444,0.0019589113917823473,0.004633415382282741,0.000248422270234678,0.5392022912379911,3.8658954954858067,0.027777777777777776,0.9980410886082175,180,1.65,1.0,1.65,297,180,1.0,1.65,0.3333333333333333,0.0,1.7217357081945026,355.4605337438889,7148.926935633297,7048.2739871711265,18.230747512,-0.007089633302329023,4.4530588327655,285.75555555555553,128.22665086209554,0.44872846168398006,0.4388888888888889,14,0.09444444444444444,12,0.11666666666666667,180,0.6060606060606061,0.1388888888888889,5,0,5,0.0013405955954267983,0.6071143085531576,1,1,0.0,0.7989949748743719
ransomware_01130,0.7676280448888889,0.7673982029444443,0.000994142878221201,0.0019362160521549415,0.0005073735098511263,0.5119640251567166,3.8176885135304945,0.044444444444444446,0.9990058571217789,180,1.7777777777777777,1.0,1.7777777777777777,320,180,1.0,1.7777777777777777,0.3611111111111111,0.0,1.7592020674868705,365.1350873741667,7343.498963952212,7310.166209595254,106.455044997,-0.002274704243763484,4.523725241645078,277.1111111111111,121.6363243713808,0.4389442338983269,0.40555555555555556,14,0.09444444444444444,12,0.1111111111111111,180,0.5625,0.07777777777777778,5,0,5,0.0013241174757024443,0.6789272030651342,1,1,0.0,0.8130081300813008
ransomware_01133,1.0719740340555555,1.0717521153333334,0.0014454841582380207,0.003660218937676084,1.974626593413422e-05,0.6309676676329863,3.6411694705204263,0.016666666666666666,0.998554515841762,180,1.55,1.0,1.55,279,180,1.0,1.55,0.4,0.0,1.4836983966295074,303.0673075986111,6095.208420978737,5347.336875622747,7.531863507,-0.06535884507952203,4.537536999365708,266.43888888888887,128.86002816658754,0.4836382132652007,0.40555555555555556,14,0.1,12,0.1,180,0.6451612903225806,0.15555555555555556,5,0,6,0.0014302540804307588,0.5512489233419468,1,1,0.0,0.8095238095238095
ransomware_01134,0.7963781624999999,0.7961549725000001,0.0017039689148429466,0.00854893678048442,-0.0001869620617611658,0.5208986995060885,3.386919074677545,0.0,0.9982960310851572,180,1.7166666666666666,1.0,1.7166666666666666,309,180,1.0,1.7166666666666666,0.3333333333333333,0.0,1.745017587064003,321.0976235525,6457.829300502721,7509.19199773431,19.005224274,0.07527465411428103,4.466119607206059,285.2055555555556,125.47499460306565,0.4399458291008788,0.46111111111111114,14,0.10555555555555556,12,0.1388888888888889,180,0.5825242718446602,0.07777777777777778,5,0,4,0.0013206507648431424,0.6429681429681431,1,1,0.0,0.8029556650246306
ransomware_01136,0.9957800016666668,0.9955596727777779,0.0015343125386563634,0.0038438573405330965,0.0034844588960564636,0.6259361597720782,3.8895530600512602,0.005555555555555556,0.9984656874613436,180,1.6388888888888888,1.0,1.6388888888888888,295,180,1.0,1.6388888888888888,0.35555555555555557,0.0,1.6655768427459154,397.61781705166663,7996.782912774543,7810.046009657611,240.810542047,-0.011813685340259837,4.508082405742442,285.7888888888889,125.01740611275204,0.4374466992009519,0.4222222222222222,14,0.1111111111111111,12,0.11666666666666667,180,0.6101694915254238,0.07777777777777778,5,0,6,0.0013622415325934211,0.6046228710462288,1,1,0.0,0.8037225042301185
ransomware_01138,0.6638222527222223,0.6636120414444445,0.001680740677270134,0.0035517923832222324,0.002578417138409621,0.5828573150052798,3.801442754422757,0.011111111111111112,0.9983192593227298,180,1.6,1.0,1.6,288,180,1.0,1.6,0.35555555555555557,0.0,1.7228565843614922,339.6541895716666,6831.033980217391,6580.920618114341,10.101841335,-0.01864853927660634,4.491332576496331,263.1166666666667,126.48723189477361,0.48072679506469984,0.48333333333333334,14,0.10555555555555556,12,0.12222222222222222,180,0.625,0.09444444444444444,5,0,6,0.0013745623722361898,0.5977722772277229,1,1,0.0,0.8013698630136986
ransomware_01139,0.8838719862222223,0.883648576888889,0.0014597335202171857,0.0031191959428439418,-0.0008027127798594616,0.5861283298570787,3.8708155256309262,0.027777777777777776,0.9985402664797827,180,1.538888888888889,1.0,1.538888888888889,277,180,1.0,1.538888888888889,0.3333333333333333,0.0,1.7761312678018737,379.23797549277776,7627.132468012107,7365.398042247837,4.604576656,-0.017457655035963096,4.518270715897039,271.60555555555555,127.3470381492556,0.46886757485049824,0.5055555555555555,14,0.10555555555555556,12,0.11666666666666667,180,0.6498194945848376,0.13333333333333333,5,0,4,0.001375048141729251,0.5633921074727122,1,1,0.0,0.7920277296360485
ransomware_01140,0.7300893334444445,0.7298740638888888,0.0016609612353432664,0.006748012008863771,0.0020147732023827886,0.5629763008130182,3.663979955611233,0.011111111111111112,0.9983390387646567,180,1.6611111111111112,1.0,1.6611111111111112,299,180,1.0,1.6611111111111112,0.3277777777777778,0.0,1.7074191436872275,367.33910310833335,7387.825537377844,7410.2349018739815,45.531472821,0.001514344706735813,4.475597101775484,267.4,129.8314592894536,0.48553275725300526,0.43333333333333335,14,0.09444444444444444,12,0.1111111111111111,180,0.6020066889632107,0.1,5,0,4,0.0013327768503060657,0.6440476190476191,1,1,0.0,0.7983333333333333
ransomware_01143,1.0333221901111111,1.033088212888889,0.0014858891875588291,0.004438175243530569,-0.0021427784458368042,0.620066203085616,3.738298870855532,0.027777777777777776,0.9985141108124411,180,1.7166666666666666,1.0,1.7166666666666666,309,180,1.0,1.7166666666666666,0.29444444444444445,0.0,1.609624232767579,397.9736001572222,8003.938327184827,7746.7405003858075,56.492286457,-0.016329316952918258,4.506228501971772,278.89444444444445,129.82435479313963,0.4654963818004648,0.4722222222222222,14,0.10555555555555556,12,0.11666666666666667,180,0.5825242718446602,0.07777777777777778,5,0,6,0.001290782388343364,0.6452599388379204,1,1,0.0,0.7938311688311688
ransomware_01144,0.7288946578333335,0.7286661712222223,0.0015029018061204313,0.0030051468653509153,0.0013361285726719951,0.5750797043131988,3.879015191544641,0.011111111111111112,0.9984970981938794,180,1.6388888888888888,1.0,1.6388888888888888,295,180,1.0,1.6388888888888888,0.3611111111111111,0.0,1.7428662108013726,332.0885365736111,6678.875595896755,6253.931802237492,10.39738646,-0.03285781505727578,4.520679747321147,288.5722222222222,133.74105851407154,0.4634578390261032,0.5444444444444444,14,0.12777777777777777,12,0.11666666666666667,180,0.6101694915254238,0.08333333333333333,5,0,7,0.001366867140513942,0.6081300813008131,1,1,0.0,0.8050847457627118
ransomware_01145,0.7116523815,0.7114144542222222,0.001300706034323987,0.001837214160311596,0.0016478341549019003,0.5911988190145374,3.8471005808049887,0.005555555555555556,0.998699293965676,180,1.6722222222222223,1.0,1.6722222222222223,301,180,1.0,1.6722222222222223,0.3388888888888889,0.0,1.783682623999646,404.05701481722224,8126.286331520027,7484.571151593241,5.041359162,-0.04110697830794678,4.529389408359822,258.1388888888889,134.66058154568555,0.5216594141444828,0.42777777777777776,14,0.1,12,0.1111111111111111,180,0.5980066445182725,0.08888888888888889,5,0,4,0.0013383416805787423,0.6162698412698414,1,1,0.0,0.8016666666666666
ransomware_01146,0.6556878534444445,0.6554419312777777,0.0014067761824699987,0.0036093083391575366,0.003099759846816261,0.5032093908901598,3.574611051820515,0.027777777777777776,0.9985932238175299,180,1.5944444444444446,1.0,1.5944444444444446,287,180,1.0,1.5944444444444446,0.3055555555555556,0.0,1.724907373244527,346.9777715969445,6978.323898040039,7214.74855372349,18.42775172,0.01665775021489967,4.454369049818164,280.15,134.56382984173712,0.48032778811971133,0.4777777777777778,14,0.11666666666666667,12,0.12222222222222222,180,0.627177700348432,0.09444444444444444,5,0,4,0.0013347738601545709,0.5946601941747575,1,1,0.0,0.7888513513513513
ransomware_01149,0.7145144086111112,0.7142802003888888,0.0020908853050970585,0.006554457021077271,0.00031535517204234724,0.5678472269461836,3.8437303458480847,0.016666666666666666,0.997909114694903,180,1.6444444444444444,1.0,1.6444444444444444,296,180,1.0,1.6444444444444444,0.3277777777777778,0.0,1.7096338439298564,354.61354033305554,7131.892431282748,7756.190485288051,10.736827577,0.041932736236338676,4.47457023940255,283.77777777777777,132.6418943211848,0.46741466283894406,0.46111111111111114,14,0.1111111111111111,12,0.11666666666666667,180,0.6081081081081081,0.13333333333333333,5,0,4,0.001337785122480411,0.6318944844124702,1,1,0.0,0.7973199329983249
ransomware_01151,1.0033465359999998,1.0031283603888888,0.0011968421671769295,0.0027258974171086507,0.0017251007293743635,0.5693722269770481,3.76280888179435,0.016666666666666666,0.9988031578328231,180,1.7333333333333334,1.0,1.7333333333333334,312,180,1.0,1.7333333333333334,0.31666666666666665,0.0,1.7232394954508952,387.90936896777777,7801.529208295972,7893.637304524483,15.997853236,0.005868564449652242,4.45544746453923,277.1388888888889,133.24274331761274,0.4807796691825256,0.5055555555555555,14,0.08888888888888889,12,0.1388888888888889,180,0.5769230769230769,0.13333333333333333,5,0,5,0.0013029315960912053,0.6486590038314176,1,1,0.0,0.8
ransomware_01155,0.9744984278333334,0.9742622159444443,0.0030245308595360032,0.010017208465080031,0.0021626689788470832,0.620321699405065,3.724571534440667,0.022222222222222223,0.9969754691404641,180,1.7055555555555555,1.0,1.7055555555555555,307,180,1.0,1.7055555555555555,0.3333333333333333,0.0,1.7199303658979042,341.3735097522222,6865.612486637927,7118.655113618108,61.449818655,0.018094807265812626,4.505168076912145,271.4,125.62303279540373,0.4628704229749585,0.4777777777777778,14,0.12222222222222222,12,0.1111111111111111,180,0.5863192182410424,0.10555555555555556,5,0,7,0.001323937995117469,0.6526151444184232,1,1,0.0,0.8023064250411862
ransomware_01156,0.8674087472777778,0.867192797611111,0.002805005873907711,0.01662614501880284,-0.0010985759467164622,0.5736905526907153,3.580733029144642,0.022222222222222223,0.9971949941260925,180,1.6555555555555554,1.0,1.6555555555555554,298,180,1.0,1.6555555555555554,0.36666666666666664,0.0,1.6543256272980689,347.24346474416666,6983.667447368965,7127.7157232059535,104.009545715,0.010207948724499084,4.496531810100336,254.82222222222222,137.78759281032637,0.5407204740965106,0.4666666666666667,14,0.1111111111111111,12,0.12222222222222222,180,0.6040268456375839,0.09444444444444444,5,0,5,0.0013662139296657064,0.6250000000000002,1,1,0.0,0.8074324324324325
ransomware_01157,2.1474100288333338,2.1471928627777777,0.0012549014114929273,0.002766073712944316,-0.004356921656162227,0.777117761148797,3.8318811092819423,0.005555555555555556,0.9987450985885071,180,1.6555555555555554,1.0,1.6555555555555554,298,180,1.0,1.6555555555555554,0.3277777777777778,0.0,1.6780020907965412,384.79103952583336,7738.814202758241,8691.223192866448,5.99062521,0.05796754853168096,4.434795668974578,277.1,130.09232218122173,0.4694778858939795,0.45555555555555555,14,0.1111111111111111,12,0.12777777777777777,180,0.6040268456375839,0.12222222222222222,5,0,5,0.001334442577093372,0.6237072394590295,1,1,0.0,0.7979966611018364
ransomware_01161,0.7747631345555557,0.774524361611111,0.0015604601635065335,0.003264745194064926,0.000505466925121146,0.547778445449832,3.838658124059711,0.005555555555555556,0.9984395398364934,180,1.5944444444444446,1.0,1.5944444444444446,287,180,1.0,1.5944444444444446,0.3277777777777778,0.0,1.7419414496976242,335.3785331972222,6745.043125759217,7999.657100685927,5.269871924,0.08508914767059927,4.436085166890705,282.6666666666667,122.84559050346598,0.43459524942263905,0.49444444444444446,14,0.1,12,0.11666666666666667,180,0.627177700348432,0.08333333333333333,5,0,4,0.0013530113919503065,0.5833333333333334,1,1,0.0,0.79421768707483
ransomware_01162,0.9441058968888888,0.9438622669444445,0.0017464472253424118,0.0038513374308078155,-0.0019224356504521738,0.6105326784305245,3.934459842801104,0.005555555555555556,0.9982535527746575,180,1.6722222222222223,1.0,1.6722222222222223,301,180,1.0,1.6722222222222223,0.3333333333333333,0.0,1.7425702362109696,373.7295663508333,7516.348820468949,8374.219794782644,20.802033151,0.05398617224372449,4.4972605338133,280.60555555555555,131.42997358970362,0.46837979857345524,0.45,14,0.10555555555555556,12,0.12222222222222222,180,0.5980066445182725,0.1111111111111111,5,0,4,0.0013338879645036052,0.6239113222486146,1,1,0.0,0.800332778702163
ransomware_01163,0.8737242266666666,0.8734915136666669,0.0015220891223432546,0.0034472743954371246,-0.00032152642427235427,0.5522757614767111,3.8479077235313968,0.011111111111111112,0.9984779108776567,180,1.6333333333333333,1.0,1.6333333333333333,294,180,1.0,1.6333333333333333,0.34444444444444444,0.0,1.713099650522105,364.18298092777775,7324.350454418324,6504.483151258233,55.963275364,-0.05928680079161167,4.45031611597597,277.89444444444445,135.09088590647738,0.4861230175959283,0.45555555555555555,14,0.10555555555555556,12,0.13333333333333333,180,0.6122448979591837,0.1111111111111111,5,0,5,0.0013547811771162026,0.607200647249191,1,1,0.0,0.8006756756756757
ransomware_01164,0.8114245086111108,0.8112011296666667,0.0012726571682838458,0.0026542002003315896,0.0015637069863267386,0.6061987266882155,3.927553644409987,0.027777777777777776,0.998727342831716,180,1.7166666666666666,1.0,1.7166666666666666,309,180,1.0,1.7166666666666666,0.2722222222222222,0.0,1.814786678641664,400.8305264522222,8061.396062730581,7222.0425065114805,71.011610173,-0.05491915660316789,4.4958209945151655,279.0444444444444,132.60365702812095,0.4752062249156202,0.4722222222222222,14,0.1,12,0.13333333333333333,180,0.5825242718446602,0.12777777777777777,5,0,5,0.0012741674917921726,0.6632575757575757,1,1,0.0,0.7887096774193548
ransomware_01166,1.1044389610555556,1.1042169453333335,0.0015278298184779814,0.004426687535149701,-0.00527890282300894,0.6576423412423763,3.774687725329574,0.027777777777777776,0.9984721701815219,180,1.6611111111111112,1.0,1.6611111111111112,299,180,1.0,1.6611111111111112,0.4166666666666667,0.0,1.7687524222469497,350.86426241000004,7056.487959087948,7430.281300179524,31.823949298,0.02580239488887094,4.538083309074793,280.4,127.09199588878292,0.45325248177169375,0.4666666666666667,14,0.1,12,0.12222222222222222,180,0.6020066889632107,0.06666666666666667,5,0,7,0.0014068704621819123,0.6382013201320133,1,1,0.0,0.8202054794520548
ransomware_01167,0.8078893742777778,0.8076582073333334,0.00134592478535725,0.0022531916321617395,-0.003803042520201241,0.6613557331211154,3.781445798709229,0.03333333333333333,0.9986540752146428,180,1.5444444444444445,1.0,1.5444444444444445,278,180,1.0,1.5444444444444445,0.3888888888888889,0.0,1.6193790707835396,393.4188009505555,7912.333426938772,8077.733841405795,8.655900263,0.01034394738253945,4.468843079404242,277.02777777777777,126.73786039540029,0.4574915245396982,0.46111111111111114,14,0.10555555555555556,12,0.11666666666666667,180,0.6474820143884892,0.08888888888888889,5,0,6,0.0014221129244603424,0.573024054982818,1,1,0.0,0.8063380281690141
ransomware_01168,0.7716143994444444,0.7713959134444445,0.003136633897387109,0.017388663994887515,-0.0013716932135765505,0.6092268019981785,3.68657057816728,0.05555555555555555,0.9968633661026127,180,1.5944444444444446,1.0,1.5944444444444446,287,180,1.0,1.5944444444444446,0.37777777777777777,0.0,1.720217017338696,318.16239716083334,6398.796814410195,7386.031678269274,19.821665413,0.07161749341918598,4.4598051922514195,254.62777777777777,122.85332266116733,0.4824820125021299,0.4722222222222222,14,0.12222222222222222,12,0.1111111111111111,180,0.627177700348432,0.07777777777777778,5,0,5,0.0013954377849890337,0.5822890559732665,1,1,0.0,0.8065630397236615
ransomware_01171,0.9209044171666666,0.9206783863333331,0.0018133596763511986,0.006313340338301687,-0.0014944872669526833,0.577647692123789,3.7799456793368496,0.005555555555555556,0.9981866403236487,180,1.65,1.0,1.65,297,180,1.0,1.65,0.36666666666666664,0.0,1.702429139158799,329.98316031138893,6636.532833080615,5725.031834399696,96.501330024,-0.07373670107302951,4.511945440958763,274.4,125.1765501804703,0.4561827630483612,0.5166666666666667,14,0.11666666666666667,12,0.1,180,0.6060606060606061,0.11666666666666667,5,0,6,0.0013679772864148671,0.6111111111111112,1,1,0.0,0.8071065989847716
ransomware_01173,0.838546581222222,0.8383088745555556,0.0015155795717928689,0.0030867619424310238,0.0009934537389014065,0.5981945118781732,3.6410426104696785,0.011111111111111112,0.9984844204282073,180,1.6833333333333333,1.0,1.6833333333333333,303,180,1.0,1.6833333333333333,0.3111111111111111,0.0,1.7223840293223291,379.22569401777776,7626.885466283502,7449.028799944336,9.958077447,-0.011797404999681484,4.492296781740426,251.23888888888888,126.3157506816427,0.5027714906727923,0.43333333333333335,14,0.1,12,0.12222222222222222,180,0.594059405940594,0.07222222222222222,5,0,4,0.0013130637610713296,0.6483216237314599,1,1,0.0,0.7957166392092258
ransomware_01174,1.000874416388889,1.0006483937222221,0.0016471155128236325,0.005109865116865164,-0.003763100514450034,0.6043856495337939,3.635777292619902,0.005555555555555556,0.9983528844871763,180,1.6888888888888889,1.0,1.6888888888888889,304,180,1.0,1.6888888888888889,0.35555555555555557,0.0,1.7220557221957584,364.73358824722226,7335.424121174111,8062.725341109287,118.23659321,0.04723302769054459,4.4831865002173235,265.06111111111113,124.98291118446558,0.4715248897152397,0.4666666666666667,14,0.1,12,0.12777777777777777,180,0.5921052631578947,0.1,5,0,5,0.0013466889259877574,0.6468253968253969,1,1,0.0,0.8066666666666666
ransomware_01176,0.964162791388889,0.9639377985555556,0.0012583140718538997,0.0030637657575411266,-0.00183709190816589,0.6034879842742491,3.648366311883142,0.022222222222222223,0.9987416859281463,180,1.6555555555555554,1.0,1.6555555555555554,298,180,1.0,1.6555555555555554,0.35,0.0,1.666123553569832,326.09303875194445,6558.295751435982,6405.915337344721,29.660773747,-0.011753928800429086,4.509184760211484,260.7055555555556,126.51370395099154,0.48527429222363405,0.43333333333333335,14,0.1111111111111111,12,0.12777777777777777,180,0.6040268456375839,0.10555555555555556,5,0,4,0.0013524601759895877,0.6269076305220885,1,1,0.0,0.8033613445378152
ransomware_01178,0.6845435632222222,0.6843105326111111,0.0016817615979454648,0.005337183466453822,0.0023399162174038285,0.5629414948739844,3.530571884508849,0.005555555555555556,0.9983182384020546,180,1.7444444444444445,1.0,1.7444444444444445,314,180,1.0,1.7444444444444445,0.3,0.0,1.7907754830136273,335.7908015055555,6753.334555421738,6182.286799970878,21.148201601,-0.044145367258512154,4.515778793147704,272.4277777777778,125.56580462499943,0.4609141022595162,0.4444444444444444,14,0.1111111111111111,12,0.11666666666666667,180,0.5732484076433121,0.10555555555555556,5,0,4,0.0012871957892542603,0.665151515151515,1,1,0.0,0.7967741935483871
ransomware_01181,0.8911545949444445,0.8909208126666667,0.002067656899277484,0.009176124750283803,-0.0006016143564513306,0.5755185648850011,3.620224519328535,0.022222222222222223,0.9979323431007224,180,1.6444444444444444,1.0,1.6444444444444444,296,180,1.0,1.6444444444444444,0.3111111111111111,0.0,1.6452988836960962,364.0065752888889,7320.802631510585,7203.3479758795565,28.042006153,-0.008086851947904329,4.476341019790594,267.8,132.27643308089068,0.49393739014522287,0.45,14,0.10555555555555556,12,0.1111111111111111,180,0.6081081081081081,0.09444444444444444,5,0,4,0.0013244296048970506,0.5972222222222223,1,1,0.0,0.7933333333333333
ransomware_01186,0.8795338411666668,0.8793020638888889,0.0027657774661454426,0.012363819914901942,-0.0006871592890109777,0.6247933584644391,3.587872903339756,0.011111111111111112,0.9972342225338544,180,1.6333333333333333,1.0,1.6333333333333333,294,180,1.0,1.6333333333333333,0.35555555555555557,0.0,1.7257285297484752,369.97436607055556,7440.825239412956,8270.909125841354,5.261943336,0.05283209778954038,4.53707206625497,265.02777777777777,133.38303019364002,0.5032794347522316,0.40555555555555556,14,0.1111111111111111,12,0.11666666666666667,180,0.6122448979591837,0.10555555555555556,5,0,5,0.001363989525481281,0.5967479674796748,1,1,0.0,0.8033898305084746
ransomware_01187,0.9843513986111112,0.9841299190555557,0.0028522478778100473,0.009642601180759087,0.0037389650140745097,0.6906805238100484,3.667204613313724,0.03333333333333333,0.99714775212219,180,1.711111111111111,1.0,1.711111111111111,308,180,1.0,1.711111111111111,0.3388888888888889,0.0,1.7967407307166035,363.8605683636111,7317.866179381704,7630.125595785177,6.790011438,0.020889723589641692,4.50029816865136,281.1777777777778,128.26718602898373,0.45617824794944023,0.4166666666666667,14,0.1111111111111111,12,0.1111111111111111,180,0.5844155844155844,0.09444444444444444,5,0,4,0.0013266565536290038,0.6572989851678377,1,1,0.0,0.8039538714991763
ransomware_01191,0.8760313549444447,0.875802494,0.0022991334486929076,0.010143642324786158,-0.0019684961524532646,0.6046421626931305,3.6883475531592484,0.005555555555555556,0.9977008665513072,180,1.7277777777777779,1.0,1.7277777777777779,311,180,1.0,1.7277777777777779,0.29444444444444445,0.0,1.8053547732788535,322.99210982999995,6495.930700493144,6421.112065210196,38.322939756,-0.005792241818816496,4.435668994255283,283.4,133.51260480740424,0.47111010870643705,0.5111111111111111,14,0.09444444444444444,12,0.12222222222222222,180,0.5787781350482315,0.10555555555555556,5,0,4,0.0012876797113079784,0.6659056316590565,1,1,0.0,0.7944983818770227
ransomware_01194,1.0036972948333336,1.0034571089444446,0.0011338726820117801,0.002535258607196509,0.0015123622714795738,0.5726611914196115,3.931394164142215,0.011111111111111112,0.9988661273179882,180,1.711111111111111,1.0,1.711111111111111,308,180,1.0,1.711111111111111,0.3111111111111111,0.0,1.661519753852571,323.3965579513889,6504.06485265729,6866.43017807451,74.28994437,0.02710186306373328,4.503625631256625,279.85,121.88030922399366,0.43552013301409204,0.4222222222222222,14,0.08888888888888889,12,0.11666666666666667,180,0.5844155844155844,0.06111111111111111,5,0,5,0.0013050501160638832,0.654320987654321,1,1,0.0,0.7973856209150327
ransomware_01195,0.9854052363333334,0.9851712313333333,0.0016499995261391894,0.004339601859663561,-0.002935881025607786,0.6305674101037855,3.8027232838307015,0.03888888888888889,0.9983500004738608,180,1.6388888888888888,1.0,1.6388888888888888,295,180,1.0,1.6388888888888888,0.28888888888888886,0.0,1.6362116025174451,381.05859836027776,7663.748346912342,6764.590233275757,36.214178801,-0.062318894766667084,4.518199224155282,276.74444444444447,130.30853469659397,0.47086233278570105,0.45555555555555555,14,0.1,12,0.12222222222222222,180,0.6101694915254238,0.07777777777777778,5,0,4,0.0013085183165016557,0.628841607565012,1,1,0.0,0.7877280265339967
ransomware_01196,1.173249285388889,1.1730152395000002,0.001794619910608696,0.006362532733850013,0.003661553187968763,0.6192439720604078,3.7471321811367706,0.016666666666666666,0.9982053800893914,180,1.5833333333333333,1.0,1.5833333333333333,285,180,1.0,1.5833333333333333,0.45,0.0,1.7432695555479711,352.1578082722222,7082.50340659491,7554.524422315524,5.360317963,0.03224841964078923,4.474369497913846,278.47777777777776,133.8608656291653,0.4806877830517048,0.45555555555555555,14,0.11666666666666667,12,0.12777777777777777,180,0.631578947368421,0.12222222222222222,5,0,6,0.001464419334114357,0.5902777777777778,1,1,0.0,0.824468085106383
ransomware_01201,1.0313354357777778,1.031095643388889,0.0018290554703306002,0.006937782960537676,-0.00033202943997242716,0.6214611539402964,3.720718072354411,0.005555555555555556,0.9981709445296691,180,1.6888888888888889,1.0,1.6888888888888889,304,180,1.0,1.6888888888888889,0.36666666666666664,0.0,1.6777042985256034,349.3251912847222,7025.5345733242175,7791.175019751989,10.783656639,0.05167412114127904,4.456972681939,281.02222222222224,126.08270565555452,0.4486574216748342,0.45,14,0.09444444444444444,12,0.11666666666666667,180,0.5921052631578947,0.1,5,0,7,0.00135571951171689,0.6515151515151516,1,1,0.0,0.8093645484949833
ransomware_01203,1.0237590957222222,1.023527347611111,0.0007651308997278119,0.0013499728149962507,0.0029966060508143243,0.5981850716347964,3.745921617044847,0.027777777777777776,0.9992348691002721,180,1.7722222222222221,1.0,1.7722222222222221,319,180,1.0,1.7722222222222221,0.32222222222222224,0.0,1.6888164448285194,356.83889164500005,7176.648100125497,7141.043416169492,56.673119447,-0.0024867614947202328,4.486579948518237,275.9111111111111,129.3349248303854,0.46875576815136466,0.46111111111111114,14,0.1,12,0.12222222222222222,180,0.5642633228840125,0.08333333333333333,5,0,6,0.0012960365695288557,0.6980347694633408,1,1,0.0,0.8035426731078905
ransomware_01205,0.8329814959444444,0.8327459835000001,0.001064488842248313,0.0020643186989565635,0.0008726889753901867,0.5769851310346589,3.8853582719896433,0.011111111111111112,0.9989355111577516,180,1.7,1.0,1.7,306,180,1.0,1.7,0.28888888888888886,0.0,1.7685579628334374,378.1121183733334,7604.489531535296,7152.461890493598,29.145402354,-0.030631505662268427,4.515605475222377,273.18333333333334,130.17613658544659,0.4765156607361842,0.5111111111111111,14,0.1111111111111111,12,0.10555555555555556,180,0.5882352941176471,0.06666666666666667,5,0,4,0.0012912413452290492,0.6378648233486943,1,1,3.034867385113164e-08,0.7915309446254072
ransomware_01207,0.7323991458333334,0.732167579888889,0.0019470166075994302,0.003669724995801337,0.0005751857056081979,0.6021452307343356,4.027602516197312,0.05555555555555555,0.9980529833924005,180,1.761111111111111,1.0,1.761111111111111,317,180,1.0,1.761111111111111,0.3111111111111111,0.0,1.763521478335532,339.91002846444445,6836.179343421429,6316.074875147809,35.764899477,-0.039544891668783416,4.5331725258747175,266.52777777777777,124.6391632344903,0.46764042485061497,0.45,14,0.1111111111111111,12,0.12222222222222222,180,0.5678233438485805,0.06666666666666667,5,0,5,0.0012908420341800426,0.6628873771730915,1,1,0.0,0.8003220611916264
ransomware_01208,0.9112728133333333,0.9110333171666667,0.0012094575194919602,0.004371526686669477,0.0016454900304021729,0.5409173216806614,3.559587148845382,0.022222222222222223,0.9987905424805081,180,1.6611111111111112,1.0,1.6611111111111112,299,180,1.0,1.6611111111111112,0.40555555555555556,0.0,1.772385743771653,374.8481204488889,7538.844880537364,7636.12376325069,121.445088131,0.00641048327656004,4.498510839161574,267.3,133.19674614778523,0.4983043252816507,0.43333333333333335,14,0.09444444444444444,12,0.1388888888888889,180,0.6020066889632107,0.09444444444444444,5,0,5,0.0013972754587089058,0.6133004926108376,1,1,0.0,0.8174061433447098
ransomware_01209,1.031976676888889,1.0317352782777776,0.0015924750568795528,0.003745237568203548,-0.0027718941911067203,0.5929948453204793,3.7984019895405896,0.005555555555555556,0.9984075249431205,180,1.7222222222222223,1.0,1.7222222222222223,310,180,1.0,1.7222222222222223,0.32222222222222224,0.0,1.7199895700991243,362.7298710677778,7295.1258985754075,6866.8232938041765,75.319554502,-0.03024319597204153,4.476805952901332,260.7055555555556,128.73231059136796,0.49378430128595974,0.49444444444444446,14,0.09444444444444444,12,0.1111111111111111,180,0.5806451612903226,0.09444444444444444,5,0,4,0.0013103986821133254,0.6782407407407407,1,1,0.0,0.8006535947712419
ransomware_01210,0.8527830863333333,0.8525475886111111,0.0010717339422829453,0.002955472427846284,-0.001163513482916139,0.5029475111541227,3.695188069676738,0.0,0.9989282660577171,180,1.738888888888889,1.0,1.738888888888889,313,180,1.0,1.738888888888889,0.36666666666666664,0.0,1.7368979328633503,335.1012376836111,6739.4662327454525,6528.103244573288,7.894799865,-0.01593079942287056,4.495230730478186,284.78333333333336,129.18118906767558,0.4536121814280174,0.4444444444444444,14,0.12222222222222222,12,0.10555555555555556,180,0.5750798722044729,0.06111111111111111,5,0,5,0.001340249346186678,0.6604215456674475,1,1,0.0,0.8121911037891268
ransomware_01218,0.8372441421666668,0.8370238812222223,0.0018297886228986037,0.008725117578968641,0.0012452869159541961,0.5750824591275105,3.6906091054034573,0.027777777777777776,0.9981702113771014,180,1.7333333333333334,1.0,1.7333333333333334,312,180,1.0,1.7333333333333334,0.2777777777777778,0.0,1.7069281940102143,368.1923544422222,7404.985899399419,8171.124592476227,60.701889072,0.04918677827025036,4.4771265161301566,279.30555555555554,125.08513736281826,0.4478433560478824,0.3888888888888889,14,0.11666666666666667,12,0.11666666666666667,180,0.5769230769230769,0.12777777777777777,5,0,4,0.0012737468350497848,0.6595022624434389,1,1,0.0,0.7909967845659164
ransomware_01219,0.8745397046111112,0.8743475709999998,0.001521959503809124,0.004393106847295997,0.0016611573706184345,0.5857815167927591,3.7165940322794224,0.022222222222222223,0.9984780404961908,180,1.6833333333333333,1.0,1.6833333333333333,303,180,1.0,1.6833333333333333,0.34444444444444444,0.0,1.7454674656357838,350.9529315991667,7058.271250041922,7735.920628227457,4.936956008,0.045805095929633596,4.479216567324389,273.89444444444445,135.84815287428253,0.4959872521322256,0.45555555555555555,14,0.10555555555555556,12,0.1111111111111111,180,0.594059405940594,0.08333333333333333,5,0,5,0.0013394342762063228,0.6409342834520981,1,1,0.0,0.8036605657237936
ransomware_01220,0.7799155982222222,0.7796953576111112,0.002041137849549866,0.004433908893260591,-0.0024781696392584132,0.610485405131106,3.9011491229017516,0.027777777777777776,0.9979588621504499,180,1.55,1.0,1.55,279,180,1.0,1.55,0.34444444444444444,0.0,1.7055618338124467,373.39544364333335,7509.6290341676095,7767.01111720816,4.041592165,0.01684808180923023,4.484029424824374,278.5888888888889,128.85519952910673,0.46252813614723426,0.4222222222222222,14,0.1,12,0.13333333333333333,180,0.6451612903225806,0.1111111111111111,5,0,4,0.0013810658578856153,0.5516372795969773,1,1,3.20450363672047e-08,0.7954939341421143
ransomware_01221,0.7031707931111111,0.7029343556111112,0.0018160708632489852,0.00766347189908161,-0.0008203508795847608,0.53322520341705,3.5999033601326,0.005555555555555556,0.9981839291367511,180,1.6722222222222223,1.0,1.6722222222222223,301,180,1.0,1.6722222222222223,0.3277777777777778,0.0,1.6642167268909025,381.7064778438889,7676.778325356486,9255.110038133926,16.024346949,0.0932165201479084,4.460707471124189,272.4888888888889,121.3583496833435,0.44536990179012054,0.4722222222222222,14,0.1,12,0.12777777777777777,180,0.5980066445182725,0.08333333333333333,5,0,4,0.0013294564430268488,0.6350710900473935,1,1,0.0,0.7990033222591362
ransomware_01222,1.0937771210555556,1.0935449392222223,0.006459588085874814,0.030441949056701688,-0.0013129135192855737,0.6992583305337826,3.624358475829049,0.03888888888888889,0.9935404119141252,180,1.7,1.0,1.7,306,180,1.0,1.7,0.2833333333333333,0.0,1.7489401649104492,334.0395951288889,6718.114762371772,6154.5645751685615,63.724731628,-0.043778779260020884,4.549812277466703,273.46666666666664,134.8737626211096,0.4932000095847499,0.4388888888888889,14,0.1,12,0.12777777777777777,180,0.5882352941176471,0.12777777777777777,5,0,4,0.001287042186382776,0.6505747126436783,1,1,0.0,0.7902439024390244
ransomware_01223,0.8428642395555557,0.8426377817777777,0.00221660408383146,0.004968857285288829,-0.001435955885243372,0.6587114000762377,3.9958777602027356,0.005555555555555556,0.9977833959161684,180,1.5722222222222222,1.0,1.5722222222222222,283,180,1.0,1.5722222222222222,0.3611111111111111,0.0,1.7633955396837255,405.27858544555556,8150.854232430005,8484.97664213206,20.572688153,0.020084503877288343,4.518133091793928,295.9166666666667,118.60482599204533,0.40080481889736524,0.43333333333333335,14,0.11666666666666667,12,0.10555555555555556,180,0.6360424028268551,0.11666666666666667,5,0,5,0.0013882808705090763,0.5774706867671693,1,1,0.0,0.801038062283737
ransomware_01225,0.7281821184444444,0.7279470778333333,0.0020682653058624145,0.005720353460829623,-2.2897450075619858e-05,0.6172987900059402,3.4267344033916687,0.027777777777777776,0.9979317346941374,180,1.5666666666666667,1.0,1.5666666666666667,282,180,1.0,1.5666666666666667,0.38333333333333336,0.0,1.6887429897744148,336.9232051825,6776.109154510418,6814.375675436523,58.902531284,0.0028156847533344644,4.504669516249632,282.55555555555554,121.55557030788013,0.4302006027412195,0.46111111111111114,14,0.10555555555555556,12,0.11666666666666667,180,0.6382978723404256,0.12777777777777777,5,0,5,0.001409585179218687,0.5911789652247669,1,1,0.0,0.806282722513089
ransomware_01227,1.2892654237777776,1.2890177347777778,0.0022669014826237383,0.009235977220687154,-0.007685217963291046,0.7104331566401658,3.5496110555235236,0.011111111111111112,0.9977330985173762,180,1.6277777777777778,1.0,1.6277777777777778,293,180,1.0,1.6277777777777778,0.35,0.0,1.6596672384467832,378.5334694672222,7612.963631744905,7508.733462662088,20.179893788,-0.0068927560466323845,4.516020355781624,279.27222222222224,127.84976477325267,0.4577962095761897,0.4666666666666667,14,0.1,12,0.1111111111111111,180,0.6143344709897611,0.09444444444444444,5,0,5,0.0013611119104486203,0.5987804878048781,1,1,0.0,0.8016949152542373
ransomware_01229,0.8397580917222223,0.8395380028888888,0.0017267663466210865,0.004205976750854658,0.0016283916882414064,0.6184166875326478,3.789912635917397,0.011111111111111112,0.9982732336533789,180,1.65,1.0,1.65,297,180,1.0,1.65,0.35,0.0,1.7601304699545604,344.25649795222216,6923.5943722237325,7203.84903250642,39.746836649,0.019837606299583754,4.474489779910723,274.59444444444443,130.1880761225624,0.4741103789843857,0.48333333333333334,14,0.1,12,0.1388888888888889,180,0.6060606060606061,0.09444444444444444,5,0,4,0.0013541826358015228,0.604669887278583,1,1,0.0,0.803030303030303
ransomware_01233,0.9219498217777778,0.9217209054444445,0.0010140055963778383,0.002286828981669801,0.0015901896326635599,0.5885296945738813,3.4457474278580844,0.016666666666666666,0.998985994403622,180,1.7944444444444445,1.0,1.7944444444444445,323,180,1.0,1.7944444444444445,0.2611111111111111,0.0,1.7477076575183887,355.79795442194444,7155.71304983238,6839.710702630255,36.482789521,-0.02257897672776946,4.516469584398616,277.64444444444445,129.73921510261968,0.4672854713957008,0.4722222222222222,14,0.11666666666666667,12,0.12222222222222222,180,0.5572755417956656,0.08333333333333333,5,0,4,0.001245481107314416,0.6933479532163742,1,1,0.0,0.7908805031446541
ransomware_01234,0.8380260594444444,0.8377899627777777,0.0014114423305032777,0.0028749747369200955,-0.0009398735347181496,0.5959002488769943,3.711517922041452,0.022222222222222223,0.9985885576694967,180,1.6833333333333333,1.0,1.6833333333333333,303,180,1.0,1.6833333333333333,0.26666666666666666,0.0,1.668134441451796,386.8888422702778,7781.004649012537,7372.338647442324,103.223455343,-0.026968702125676817,4.484087556477024,267.69444444444446,134.61159094183068,0.5028553775973752,0.46111111111111114,14,0.12222222222222222,12,0.12777777777777777,180,0.594059405940594,0.16111111111111112,5,0,4,0.0012790974815285613,0.6318007662835249,1,1,0.0,0.7853658536585366
ransomware_01235,0.9496281064999998,0.9493954697222222,0.0012838624813947678,0.00249854543964903,-0.0007841800677695813,0.5857147715252877,3.8106229740908253,0.0,0.9987161375186051,180,1.6055555555555556,1.0,1.6055555555555556,289,180,1.0,1.6055555555555556,0.35,0.0,1.7065917927388874,322.83329535222225,6492.736666302212,5086.501090990703,40.066006613,-0.1214445721546588,4.465938890051614,271.95,140.99301757741975,0.5184519859438123,0.5055555555555555,14,0.12222222222222222,12,0.09444444444444444,180,0.6228373702422145,0.12777777777777777,5,0,6,0.0013681047810740643,0.6112479474548442,1,1,0.0,0.8003412969283277
ransomware_01236,0.7820508712777777,0.7818226263333334,0.0014917274474573843,0.0034739175021527187,0.000979169228144901,0.6065905143811345,3.5061656272594224,0.016666666666666666,0.9985082725525426,180,1.5277777777777777,1.0,1.5277777777777777,275,180,1.0,1.5277777777777777,0.3888888888888889,0.0,1.7491032877726556,326.892161,6574.367483799258,6878.734352894848,11.097730725,0.02262428938621516,4.496934667034029,275.9277777777778,131.02181278398547,0.4748409668616462,0.45,14,0.09444444444444444,12,0.13333333333333333,180,0.6545454545454545,0.08888888888888889,5,0,5,0.0014278541392079333,0.5450216450216451,1,1,0.0,0.8053097345132744
ransomware_01239,0.7674456256666666,0.7672271956111112,0.0018248981182971845,0.005700503726583424,0.0026262331056616977,0.5889276199046174,3.603085714030631,0.044444444444444446,0.9981751018817028,180,1.6555555555555554,1.0,1.6555555555555554,298,180,1.0,1.6555555555555554,0.3055555555555556,0.0,1.7491032877726556,335.6001519375,6749.500262434474,6537.6967011971,88.258301542,-0.015940424591966415,4.474371719885117,263.7055555555556,126.95706823831152,0.4814349397032901,0.45,14,0.10555555555555556,12,0.13333333333333333,180,0.6040268456375839,0.09444444444444444,5,0,4,0.0013167826427111398,0.628053585500394,1,1,0.0,0.7927031509121062
ransomware_01243,0.7656160391666668,0.7653685173333332,0.0023357531389111823,0.006553980436300729,-0.0009536744475035236,0.570860870646556,3.816881939066107,0.022222222222222223,0.9976642468610888,180,1.6666666666666667,1.0,1.6666666666666667,300,180,1.0,1.6666666666666667,0.3388888888888889,0.0,1.7957403179179934,349.0942619352778,7020.8901841743955,6140.030197985951,11.245857467,-0.0669299684680451,4.446173566135417,261.6222222222222,129.54700428437738,0.4951681978082887,0.38333333333333336,14,0.12222222222222222,12,0.09444444444444444,180,0.6,0.1388888888888889,5,0,6,0.0013400260188385325,0.6252983293556087,1,1,0.0,0.8013355592654424
ransomware_01245,0.8075690246666667,0.8073293455,0.0017047351766633276,0.005057826936384959,0.0004829186696194328,0.5991031644942069,3.5572312012264655,0.005555555555555556,0.9982952648233366,180,1.7,1.0,1.7,306,180,1.0,1.7,0.3,0.0,1.6752426550940822,389.75100667305554,7838.567731974698,7056.187508750795,49.575966153,-0.05252722925481218,4.424062827495422,270.4555555555556,129.05026183892545,0.4771588499035902,0.4722222222222222,14,0.12222222222222222,12,0.12777777777777777,180,0.5882352941176471,0.12777777777777777,5,0,4,0.0012997015500144412,0.6523919753086419,1,1,0.0,0.7941176470588235
ransomware_01246,0.9105185867777777,0.9102808303888887,0.0017465238943713106,0.004538641979075589,-0.0002178299151517023,0.5852950705867549,3.822360803278975,0.027777777777777776,0.9982534761056289,180,1.5888888888888888,1.0,1.5888888888888888,286,180,1.0,1.5888888888888888,0.4,0.0,1.731355420639627,359.52052030861114,7230.580296713409,6454.25227103411,40.376501722,-0.05672908468817897,4.46294584851377,265.7388888888889,123.00598903931734,0.4628829056734289,0.4888888888888889,14,0.1111111111111111,12,0.1111111111111111,180,0.6293706293706294,0.12222222222222222,5,0,6,0.0014168354099397388,0.5905245346869714,1,1,0.0,0.8118466898954704
ransomware_01248,0.697699637388889,0.6974541804444444,0.0017216186781760308,0.003152270222323428,0.0006458280800436231,0.5253074878314159,3.8364816892788998,0.03333333333333333,0.998278381321824,180,1.6611111111111112,1.0,1.6611111111111112,299,180,1.0,1.6611111111111112,0.32222222222222224,0.0,1.7876423785360134,336.55205270194443,6768.644635346492,5662.791121974608,28.381444168,-0.08895621832905551,4.500804784183877,269.55555555555554,135.73525094407734,0.5035520438980611,0.5166666666666667,14,0.10555555555555556,12,0.10555555555555556,180,0.6020066889632107,0.08888888888888889,5,0,5,0.0013283416528008874,0.6187648456057007,1,1,0.0,0.7970049916805324
ransomware_01249,0.9620194161666666,0.961792033,0.0018713872674436685,0.00565724014644926,0.0027993896892085125,0.6255887483288827,3.6195962458779323,0.016666666666666666,0.9981286127325565,180,1.7944444444444445,1.0,1.7944444444444445,323,180,1.0,1.7944444444444445,0.3111111111111111,0.0,1.7250307427077478,390.2576404061111,7848.757013755458,7467.233678637769,6.101327414,-0.02491013103756809,4.483299839834848,274.39444444444445,134.55270393626856,0.490362347563895,0.4444444444444444,14,0.09444444444444444,12,0.12222222222222222,180,0.5572755417956656,0.1,5,0,4,0.0012815221323713001,0.7009694258016407,1,1,0.0,0.8022328548644339
