scenario_id,is_illicit,pattern_type,n_txns
normal_00003,0,normal,129
normal_00004,0,normal,119
normal_00005,0,normal,8
normal_00006,0,normal,8
normal_00008,0,normal,24
normal_00009,0,normal,21
normal_00010,0,normal,16
normal_00011,0,normal,32
normal_00013,0,normal,99
normal_00014,0,normal,5
normal_00015,0,normal,22
normal_00016,0,normal,15
normal_00017,0,normal,18
normal_00018,0,normal,24
normal_00019,0,normal,30
normal_00020,0,normal,15
normal_00021,0,normal,8
normal_00022,0,normal,21
normal_00023,0,normal,25
normal_00024,0,normal,20
normal_00025,0,normal,38
normal_00028,0,normal,16
normal_00030,0,normal,17
normal_00031,0,normal,5
normal_00032,0,normal,27
normal_00033,0,normal,5
normal_00034,0,normal,50
normal_00035,0,normal,50
normal_00036,0,normal,15
normal_00037,0,normal,21
normal_00038,0,normal,5
normal_00039,0,normal,6
normal_00040,0,normal,40
normal_00041,0,normal,5
normal_00042,0,normal,55
normal_00043,0,normal,5
normal_00045,0,normal,6
normal_00046,0,normal,17
normal_00048,0,normal,5
normal_00049,0,normal,114
normal_00051,0,normal,18
normal_00052,0,normal,14
normal_00053,0,normal,12
normal_00054,0,normal,24
normal_00055,0,normal,48
normal_00056,0,normal,24
normal_00057,0,normal,28
normal_00058,0,normal,5
normal_00060,0,normal,30
normal_00061,0,normal,47
normal_00063,0,normal,26
normal_00064,0,normal,13
normal_00065,0,normal,37
normal_00066,0,normal,17
normal_00068,0,normal,40
normal_00069,0,normal,12
normal_00071,0,normal,47
normal_00072,0,normal,61
normal_00073,0,normal,27
normal_00074,0,normal,26
normal_00076,0,normal,11
normal_00077,0,normal,5
normal_00078,0,normal,5
normal_00079,0,normal,94
normal_00081,0,normal,145
normal_00082,0,normal,15
normal_00084,0,normal,10
normal_00085,0,normal,81
normal_00086,0,normal,68
normal_00087,0,normal,7
normal_00088,0,normal,14
normal_00089,0,normal,20
normal_00091,0,normal,13
normal_00092,0,normal,15
normal_00093,0,normal,19
normal_00095,0,normal,5
normal_00096,0,normal,5
normal_00097,0,normal,5
normal_00098,0,normal,55
normal_00099,0,normal,6
normal_00100,0,normal,13
normal_00101,0,normal,16
normal_00103,0,normal,34
normal_00105,0,normal,16
normal_00106,0,normal,7
normal_00109,0,normal,65
normal_00110,0,normal,25
normal_00111,0,normal,33
normal_00113,0,normal,23
normal_00114,0,normal,40
normal_00115,0,normal,5
normal_00117,0,normal,6
normal_00119,0,normal,34
normal_00120,0,normal,12
normal_00121,0,normal,21
normal_00122,0,normal,24
normal_00123,0,normal,8
normal_00124,0,normal,13
normal_00126,0,normal,37
normal_00128,0,normal,17
normal_00129,0,normal,21
normal_00130,0,normal,28
normal_00131,0,normal,74
normal_00133,0,normal,15
normal_00134,0,normal,40
normal_00135,0,normal,9
normal_00136,0,normal,48
normal_00137,0,normal,8
normal_00138,0,normal,19
normal_00139,0,normal,64
normal_00140,0,normal,24
normal_00141,0,normal,30
normal_00142,0,normal,22
normal_00143,0,normal,28
normal_00144,0,normal,25
normal_00146,0,normal,5
normal_00147,0,normal,17
normal_00148,0,normal,65
normal_00149,0,normal,14
normal_00150,0,normal,39
normal_00151,0,normal,22
normal_00153,0,normal,113
normal_00154,0,normal,15
normal_00155,0,normal,30
normal_00156,0,normal,7
normal_00157,0,normal,21
normal_00159,0,normal,9
normal_00160,0,normal,29
normal_00162,0,normal,43
normal_00163,0,normal,13
normal_00164,0,normal,42
normal_00165,0,normal,12
normal_00167,0,normal,48
normal_00169,0,normal,20
normal_00172,0,normal,75
normal_00173,0,normal,10
normal_00174,0,normal,26
normal_00175,0,normal,10
normal_00177,0,normal,34
normal_00178,0,normal,7
normal_00179,0,normal,10
normal_00180,0,normal,17
normal_00181,0,normal,40
normal_00182,0,normal,16
normal_00183,0,normal,10
normal_00185,0,normal,6
normal_00186,0,normal,35
normal_00187,0,normal,86
normal_00188,0,normal,57
normal_00189,0,normal,29
normal_00190,0,normal,19
normal_00192,0,normal,18
normal_00193,0,normal,25
normal_00195,0,normal,26
normal_00197,0,normal,37
normal_00198,0,normal,26
normal_00199,0,normal,30
normal_00200,0,normal,98
normal_00201,0,normal,28
normal_00202,0,normal,62
normal_00203,0,normal,35
normal_00204,0,normal,28
normal_00205,0,normal,19
normal_00206,0,normal,5
normal_00207,0,normal,14
normal_00208,0,normal,20
normal_00209,0,normal,72
normal_00210,0,normal,37
normal_00211,0,normal,32
normal_00213,0,normal,65
normal_00214,0,normal,5
normal_00215,0,normal,17
normal_00216,0,normal,8
normal_00218,0,normal,34
normal_00219,0,normal,26
normal_00220,0,normal,44
normal_00221,0,normal,10
normal_00223,0,normal,12
normal_00224,0,normal,19
normal_00225,0,normal,25
normal_00226,0,normal,52
normal_00227,0,normal,13
normal_00228,0,normal,90
normal_00230,0,normal,11
normal_00231,0,normal,23
normal_00233,0,normal,20
normal_00234,0,normal,36
normal_00235,0,normal,6
normal_00236,0,normal,8
normal_00237,0,normal,32
normal_00238,0,normal,52
normal_00239,0,normal,28
normal_00240,0,normal,10
normal_00241,0,normal,10
normal_00242,0,normal,19
normal_00243,0,normal,13
normal_00244,0,normal,7
normal_00245,0,normal,21
normal_00246,0,normal,25
normal_00247,0,normal,11
normal_00249,0,normal,15
normal_00251,0,normal,7
normal_00252,0,normal,22
normal_00253,0,normal,14
normal_00254,0,normal,60
normal_00255,0,normal,72
normal_00257,0,normal,14
normal_00258,0,normal,5
normal_00259,0,normal,11
normal_00260,0,normal,7
normal_00262,0,normal,11
normal_00263,0,normal,24
normal_00264,0,normal,5
normal_00266,0,normal,72
normal_00269,0,normal,65
normal_00271,0,normal,80
normal_00272,0,normal,5
normal_00274,0,normal,68
normal_00276,0,normal,54
normal_00277,0,normal,32
normal_00278,0,normal,39
normal_00281,0,normal,12
normal_00282,0,normal,23
normal_00283,0,normal,61
normal_00284,0,normal,46
normal_00286,0,normal,19
normal_00287,0,normal,10
normal_00290,0,normal,51
normal_00291,0,normal,39
normal_00293,0,normal,31
normal_00294,0,normal,11
normal_00295,0,normal,24
normal_00296,0,normal,9
normal_00297,0,normal,5
normal_00301,0,normal,35
normal_00302,0,normal,5
normal_00303,0,normal,15
normal_00304,0,normal,15
normal_00305,0,normal,37
normal_00306,0,normal,56
normal_00307,0,normal,54
normal_00308,0,normal,22
normal_00310,0,normal,41
normal_00311,0,normal,26
normal_00312,0,normal,66
normal_00313,0,normal,42
normal_00314,0,normal,31
normal_00315,0,normal,47
normal_00316,0,normal,72
normal_00317,0,normal,19
normal_00318,0,normal,13
normal_00319,0,normal,20
normal_00320,0,normal,114
normal_00321,0,normal,20
normal_00322,0,normal,13
normal_00324,0,normal,14
normal_00325,0,normal,58
normal_00326,0,normal,23
normal_00329,0,normal,11
normal_00330,0,normal,5
normal_00331,0,normal,12
normal_00332,0,normal,23
normal_00333,0,normal,8
normal_00334,0,normal,5
normal_00335,0,normal,11
normal_00336,0,normal,14
normal_00337,0,normal,42
normal_00338,0,normal,22
normal_00339,0,normal,5
normal_00340,0,normal,20
normal_00341,0,normal,90
normal_00342,0,normal,29
normal_00343,0,normal,37
normal_00344,0,normal,48
normal_00345,0,normal,131
normal_00346,0,normal,36
normal_00348,0,normal,6
normal_00349,0,normal,11
normal_00350,0,normal,60
normal_00351,0,normal,145
normal_00352,0,normal,11
normal_00353,0,normal,30
normal_00354,0,normal,100
normal_00355,0,normal,35
normal_00356,0,normal,21
normal_00357,0,normal,29
normal_00359,0,normal,81
normal_00360,0,normal,7
normal_00361,0,normal,6
normal_00362,0,normal,7
normal_00363,0,normal,38
normal_00364,0,normal,7
normal_00366,0,normal,47
normal_00367,0,normal,51
normal_00369,0,normal,57
normal_00370,0,normal,46
normal_00371,0,normal,34
normal_00372,0,normal,56
normal_00373,0,normal,42
normal_00374,0,normal,12
normal_00375,0,normal,57
normal_00376,0,normal,28
normal_00377,0,normal,14
normal_00378,0,normal,46
normal_00379,0,normal,36
normal_00380,0,normal,21
normal_00381,0,normal,43
normal_00383,0,normal,18
normal_00385,0,normal,65
normal_00386,0,normal,21
normal_00387,0,normal,23
normal_00388,0,normal,57
normal_00389,0,normal,83
normal_00390,0,normal,11
normal_00391,0,normal,51
normal_00392,0,normal,6
normal_00395,0,normal,53
normal_00396,0,normal,5
normal_00398,0,normal,5
normal_00399,0,normal,27
normal_00401,0,normal,16
normal_00402,0,normal,15
normal_00403,0,normal,77
normal_00405,0,normal,27
normal_00407,0,normal,31
normal_00408,0,normal,6
normal_00411,0,normal,34
normal_00412,0,normal,18
normal_00413,0,normal,37
normal_00414,0,normal,10
normal_00416,0,normal,47
normal_00417,0,normal,11
normal_00419,0,normal,26
normal_00421,0,normal,51
normal_00422,0,normal,34
normal_00423,0,normal,26
normal_00424,0,normal,12
normal_00425,0,normal,11
normal_00426,0,normal,7
normal_00427,0,normal,11
normal_00428,0,normal,49
normal_00429,0,normal,5
normal_00430,0,normal,48
normal_00431,0,normal,9
normal_00432,0,normal,5
normal_00434,0,normal,44
normal_00435,0,normal,33
normal_00436,0,normal,7
normal_00437,0,normal,27
normal_00438,0,normal,21
normal_00439,0,normal,33
normal_00440,0,normal,11
normal_00441,0,normal,14
normal_00442,0,normal,5
normal_00443,0,normal,8
normal_00444,0,normal,23
normal_00445,0,normal,10
normal_00446,0,normal,11
normal_00447,0,normal,73
normal_00448,0,normal,28
normal_00449,0,normal,6
normal_00450,0,normal,13
normal_00451,0,normal,123
normal_00452,0,normal,87
normal_00453,0,normal,81
normal_00454,0,normal,22
normal_00456,0,normal,10
normal_00457,0,normal,33
normal_00458,0,normal,24
normal_00459,0,normal,18
normal_00461,0,normal,92
normal_00463,0,normal,5
normal_00464,0,normal,24
normal_00465,0,normal,5
normal_00468,0,normal,36
normal_00469,0,normal,17
normal_00470,0,normal,24
normal_00471,0,normal,29
normal_00472,0,normal,19
normal_00473,0,normal,8
normal_00474,0,normal,22
normal_00475,0,normal,7
normal_00477,0,normal,99
normal_00478,0,normal,23
normal_00479,0,normal,76
normal_00481,0,normal,5
normal_00482,0,normal,11
normal_00483,0,normal,10
normal_00484,0,normal,62
normal_00485,0,normal,5
normal_00487,0,normal,96
normal_00488,0,normal,24
normal_00489,0,normal,5
normal_00490,0,normal,30
normal_00491,0,normal,60
normal_00493,0,normal,6
normal_00494,0,normal,18
normal_00495,0,normal,17
normal_00496,0,normal,83
normal_00497,0,normal,10
normal_00498,0,normal,5
normal_00499,0,normal,38
normal_00500,0,normal,7
normal_00502,0,normal,22
normal_00503,0,normal,125
normal_00504,0,normal,26
normal_00505,0,normal,69
normal_00506,0,normal,21
normal_00508,0,normal,12
normal_00509,0,normal,68
normal_00510,0,normal,34
normal_00511,0,normal,20
normal_00513,0,normal,20
normal_00514,0,normal,9
normal_00515,0,normal,26
normal_00516,0,normal,18
normal_00518,0,normal,76
normal_00519,0,normal,10
normal_00520,0,normal,23
normal_00521,0,normal,7
normal_00522,0,normal,21
normal_00524,0,normal,9
normal_00525,0,normal,46
normal_00526,0,normal,5
normal_00527,0,normal,64
normal_00529,0,normal,15
normal_00530,0,normal,22
normal_00531,0,normal,92
normal_00532,0,normal,24
normal_00533,0,normal,5
normal_00534,0,normal,23
normal_00535,0,normal,118
normal_00536,0,normal,32
normal_00537,0,normal,103
normal_00538,0,normal,18
normal_00539,0,normal,13
normal_00541,0,normal,6
normal_00542,0,normal,23
normal_00544,0,normal,18
normal_00545,0,normal,19
normal_00546,0,normal,6
normal_00547,0,normal,25
normal_00548,0,normal,13
normal_00549,0,normal,6
normal_00551,0,normal,19
normal_00552,0,normal,173
normal_00554,0,normal,53
normal_00555,0,normal,62
normal_00556,0,normal,19
normal_00557,0,normal,33
normal_00558,0,normal,50
normal_00559,0,normal,99
normal_00560,0,normal,7
normal_00561,0,normal,53
normal_00562,0,normal,14
normal_00563,0,normal,68
normal_00564,0,normal,19
normal_00565,0,normal,95
normal_00567,0,normal,29
normal_00568,0,normal,11
normal_00571,0,normal,13
normal_00573,0,normal,19
normal_00574,0,normal,22
normal_00575,0,normal,30
normal_00576,0,normal,43
normal_00577,0,normal,11
normal_00579,0,normal,40
normal_00580,0,normal,13
normal_00581,0,normal,39
normal_00582,0,normal,35
normal_00583,0,normal,50
normal_00584,0,normal,7
normal_00585,0,normal,28
normal_00586,0,normal,58
normal_00587,0,normal,97
normal_00589,0,normal,37
normal_00590,0,normal,35
normal_00591,0,normal,126
normal_00592,0,normal,62
normal_00593,0,normal,9
normal_00595,0,normal,38
normal_00596,0,normal,38
normal_00597,0,normal,108
normal_00598,0,normal,77
normal_00599,0,normal,9
normal_00601,0,normal,23
normal_00602,0,normal,60
normal_00603,0,normal,9
normal_00604,0,normal,54
normal_00605,0,normal,65
normal_00606,0,normal,48
normal_00608,0,normal,38
normal_00609,0,normal,149
normal_00610,0,normal,7
normal_00611,0,normal,12
normal_00613,0,normal,5
normal_00614,0,normal,11
normal_00615,0,normal,107
normal_00619,0,normal,11
normal_00620,0,normal,31
normal_00621,0,normal,22
normal_00622,0,normal,15
normal_00624,0,normal,26
normal_00625,0,normal,7
normal_00626,0,normal,21
normal_00627,0,normal,6
normal_00628,0,normal,13
normal_00629,0,normal,36
normal_00630,0,normal,42
normal_00631,0,normal,8
normal_00632,0,normal,13
normal_00633,0,normal,6
normal_00635,0,normal,50
normal_00636,0,normal,10
normal_00637,0,normal,27
normal_00638,0,normal,76
normal_00639,0,normal,100
normal_00640,0,normal,12
normal_00641,0,normal,159
normal_00642,0,normal,33
normal_00644,0,normal,8
normal_00645,0,normal,27
normal_00646,0,normal,26
normal_00648,0,normal,38
normal_00650,0,normal,32
normal_00651,0,normal,37
normal_00652,0,normal,13
normal_00653,0,normal,45
normal_00654,0,normal,14
normal_00655,0,normal,16
normal_00656,0,normal,82
normal_00657,0,normal,16
normal_00658,0,normal,13
normal_00659,0,normal,17
normal_00660,0,normal,17
normal_00661,0,normal,54
normal_00662,0,normal,23
normal_00664,0,normal,36
normal_00665,0,normal,6
normal_00667,0,normal,29
normal_00668,0,normal,44
normal_00670,0,normal,23
normal_00671,0,normal,18
normal_00672,0,normal,40
normal_00673,0,normal,21
normal_00674,0,normal,8
normal_00675,0,normal,15
normal_00677,0,normal,5
normal_00679,0,normal,9
normal_00680,0,normal,21
normal_00681,0,normal,19
normal_00682,0,normal,5
normal_00683,0,normal,13
normal_00684,0,normal,15
normal_00687,0,normal,30
normal_00688,0,normal,8
normal_00689,0,normal,21
normal_00690,0,normal,25
normal_00691,0,normal,79
normal_00692,0,normal,14
normal_00693,0,normal,20
normal_00694,0,normal,34
normal_00695,0,normal,40
normal_00696,0,normal,6
normal_00697,0,normal,15
normal_00698,0,normal,16
normal_00699,0,normal,33
normal_00700,0,normal,41
normal_00702,0,normal,31
normal_00703,0,normal,19
normal_00704,0,normal,30
normal_00706,0,normal,16
normal_00707,0,normal,5
normal_00708,0,normal,37
normal_00709,0,normal,28
normal_00710,0,normal,75
normal_00711,0,normal,89
normal_00712,0,normal,48
normal_00713,0,normal,5
normal_00714,0,normal,5
normal_00718,0,normal,25
normal_00719,0,normal,38
normal_00720,0,normal,6
normal_00721,0,normal,24
normal_00723,0,normal,203
normal_00724,0,normal,54
normal_00727,0,normal,8
normal_00728,0,normal,5
normal_00729,0,normal,16
normal_00731,0,normal,53
normal_00732,0,normal,19
normal_00733,0,normal,35
normal_00734,0,normal,42
normal_00735,0,normal,14
normal_00736,0,normal,25
normal_00737,0,normal,8
normal_00738,0,normal,43
normal_00739,0,normal,10
normal_00740,0,normal,13
normal_00741,0,normal,10
normal_00742,0,normal,64
normal_00743,0,normal,21
normal_00744,0,normal,10
normal_00746,0,normal,22
normal_00748,0,normal,7
normal_00749,0,normal,16
normal_00750,0,normal,39
normal_00751,0,normal,40
normal_00752,0,normal,13
normal_00753,0,normal,30
normal_00754,0,normal,12
normal_00755,0,normal,5
normal_00758,0,normal,6
normal_00760,0,normal,21
normal_00762,0,normal,23
normal_00763,0,normal,73
normal_00764,0,normal,49
normal_00765,0,normal,24
normal_00766,0,normal,25
normal_00767,0,normal,16
normal_00768,0,normal,74
normal_00769,0,normal,5
normal_00770,0,normal,7
normal_00772,0,normal,97
normal_00773,0,normal,23
normal_00774,0,normal,83
normal_00775,0,normal,22
normal_00776,0,normal,6
normal_00777,0,normal,58
normal_00778,0,normal,60
normal_00780,0,normal,83
normal_00781,0,normal,35
normal_00782,0,normal,7
normal_00783,0,normal,12
normal_00784,0,normal,5
normal_00785,0,normal,5
normal_00786,0,normal,5
normal_00787,0,normal,35
normal_00788,0,normal,9
normal_00789,0,normal,51
normal_00790,0,normal,19
normal_00792,0,normal,27
normal_00794,0,normal,5
normal_00797,0,normal,5
normal_00798,0,normal,13
normal_00799,0,normal,9
normal_00800,0,normal,6
normal_00801,0,normal,48
normal_00802,0,normal,77
normal_00804,0,normal,11
normal_00805,0,normal,20
normal_00806,0,normal,48
normal_00808,0,normal,5
normal_00810,0,normal,21
normal_00811,0,normal,23
normal_00813,0,normal,14
normal_00815,0,normal,15
normal_00819,0,normal,15
normal_00820,0,normal,12
normal_00821,0,normal,9
normal_00822,0,normal,24
normal_00823,0,normal,8
normal_00824,0,normal,32
normal_00825,0,normal,26
normal_00827,0,normal,26
normal_00828,0,normal,32
normal_00829,0,normal,25
normal_00830,0,normal,46
normal_00832,0,normal,7
normal_00834,0,normal,13
normal_00835,0,normal,13
normal_00836,0,normal,27
normal_00838,0,normal,27
normal_00839,0,normal,30
normal_00840,0,normal,5
normal_00842,0,normal,58
normal_00843,0,normal,7
normal_00844,0,normal,13
normal_00845,0,normal,48
normal_00846,0,normal,10
normal_00847,0,normal,5
normal_00848,0,normal,11
normal_00849,0,normal,6
normal_00850,0,normal,46
normal_00851,0,normal,20
normal_00852,0,normal,13
normal_00853,0,normal,24
normal_00854,0,normal,31
normal_00855,0,normal,55
normal_00856,0,normal,20
normal_00858,0,normal,42
normal_00859,0,normal,5
normal_00860,0,normal,8
normal_00862,0,normal,10
normal_00863,0,normal,11
normal_00864,0,normal,8
normal_00865,0,normal,8
normal_00866,0,normal,20
normal_00868,0,normal,20
normal_00869,0,normal,5
normal_00870,0,normal,21
normal_00871,0,normal,8
normal_00872,0,normal,29
normal_00873,0,normal,272
normal_00874,0,normal,44
normal_00875,0,normal,8
normal_00876,0,normal,17
normal_00877,0,normal,31
normal_00878,0,normal,16
normal_00879,0,normal,49
normal_00880,0,normal,58
normal_00881,0,normal,5
normal_00882,0,normal,43
normal_00883,0,normal,8
normal_00885,0,normal,39
normal_00887,0,normal,34
normal_00888,0,normal,31
normal_00889,0,normal,19
normal_00891,0,normal,39
normal_00892,0,normal,38
normal_00894,0,normal,13
normal_00895,0,normal,37
normal_00896,0,normal,25
normal_00897,0,normal,28
normal_00898,0,normal,40
normal_00899,0,normal,27
normal_00901,0,normal,5
normal_00902,0,normal,45
normal_00903,0,normal,51
normal_00904,0,normal,58
normal_00905,0,normal,13
normal_00906,0,normal,68
normal_00907,0,normal,19
normal_00909,0,normal,22
normal_00910,0,normal,18
normal_00911,0,normal,5
normal_00913,0,normal,6
normal_00916,0,normal,34
normal_00917,0,normal,9
normal_00919,0,normal,5
normal_00920,0,normal,7
normal_00921,0,normal,10
normal_00922,0,normal,40
normal_00923,0,normal,58
normal_00925,0,normal,10
normal_00926,0,normal,31
normal_00927,0,normal,90
normal_00928,0,normal,12
normal_00929,0,normal,18
normal_00932,0,normal,21
normal_00933,0,normal,18
normal_00934,0,normal,9
normal_00935,0,normal,14
normal_00936,0,normal,27
normal_00937,0,normal,12
normal_00938,0,normal,5
normal_00940,0,normal,7
normal_00941,0,normal,6
normal_00942,0,normal,5
normal_00943,0,normal,19
normal_00944,0,normal,24
normal_00945,0,normal,50
normal_00946,0,normal,10
normal_00947,0,normal,111
normal_00949,0,normal,26
normal_00951,0,normal,9
normal_00952,0,normal,19
normal_00953,0,normal,28
normal_00954,0,normal,13
normal_00955,0,normal,53
normal_00956,0,normal,15
normal_00958,0,normal,11
normal_00959,0,normal,34
normal_00960,0,normal,27
normal_00962,0,normal,5
normal_00964,0,normal,30
normal_00966,0,normal,13
normal_00968,0,normal,19
normal_00970,0,normal,9
normal_00971,0,normal,110
normal_00972,0,normal,46
normal_00973,0,normal,21
normal_00974,0,normal,31
normal_00976,0,normal,5
normal_00978,0,normal,27
normal_00979,0,normal,17
normal_00980,0,normal,15
normal_00984,0,normal,17
normal_00985,0,normal,11
normal_00986,0,normal,5
normal_00987,0,normal,58
normal_00988,0,normal,5
normal_00989,0,normal,7
normal_00990,0,normal,15
normal_00992,0,normal,54
normal_00993,0,normal,20
normal_00995,0,normal,40
normal_00996,0,normal,12
normal_00997,0,normal,5
normal_00998,0,normal,51
normal_00999,0,normal,13
normal_01000,0,normal,7
normal_01001,0,normal,16
normal_01002,0,normal,69
normal_01004,0,normal,17
normal_01005,0,normal,7
normal_01007,0,normal,63
normal_01008,0,normal,5
normal_01009,0,normal,12
normal_01010,0,normal,25
normal_01012,0,normal,19
normal_01014,0,normal,17
normal_01015,0,normal,12
normal_01017,0,normal,12
normal_01018,0,normal,18
normal_01019,0,normal,104
normal_01020,0,normal,26
normal_01021,0,normal,21
normal_01022,0,normal,5
normal_01023,0,normal,20
normal_01024,0,normal,33
normal_01026,0,normal,17
normal_01027,0,normal,217
normal_01028,0,normal,23
normal_01029,0,normal,9
normal_01032,0,normal,5
normal_01033,0,normal,14
normal_01034,0,normal,23
normal_01035,0,normal,69
normal_01036,0,normal,42
normal_01037,0,normal,16
normal_01039,0,normal,7
normal_01040,0,normal,43
normal_01041,0,normal,14
normal_01042,0,normal,5
normal_01043,0,normal,5
normal_01044,0,normal,11
normal_01045,0,normal,14
normal_01046,0,normal,159
normal_01048,0,normal,55
normal_01052,0,normal,44
normal_01053,0,normal,45
normal_01054,0,normal,11
normal_01056,0,normal,44
normal_01058,0,normal,27
normal_01059,0,normal,75
normal_01061,0,normal,9
normal_01062,0,normal,73
normal_01063,0,normal,6
normal_01064,0,normal,73
normal_01065,0,normal,25
normal_01066,0,normal,49
normal_01067,0,normal,90
normal_01069,0,normal,5
normal_01071,0,normal,22
normal_01072,0,normal,30
normal_01073,0,normal,27
normal_01074,0,normal,5
normal_01075,0,normal,26
normal_01076,0,normal,38
normal_01078,0,normal,5
normal_01079,0,normal,9
normal_01080,0,normal,35
normal_01082,0,normal,11
normal_01083,0,normal,26
normal_01085,0,normal,10
normal_01086,0,normal,39
normal_01088,0,normal,14
normal_01089,0,normal,9
normal_01090,0,normal,10
normal_01092,0,normal,20
normal_01093,0,normal,6
normal_01094,0,normal,5
normal_01095,0,normal,11
normal_01097,0,normal,40
normal_01099,0,normal,162
normal_01100,0,normal,32
normal_01102,0,normal,117
normal_01104,0,normal,80
normal_01105,0,normal,69
normal_01106,0,normal,9
normal_01107,0,normal,31
normal_01108,0,normal,11
normal_01109,0,normal,8
normal_01110,0,normal,101
normal_01111,0,normal,58
normal_01113,0,normal,6
normal_01115,0,normal,13
normal_01116,0,normal,151
normal_01117,0,normal,71
normal_01118,0,normal,10
normal_01119,0,normal,16
normal_01120,0,normal,179
normal_01121,0,normal,5
normal_01122,0,normal,24
normal_01123,0,normal,5
normal_01126,0,normal,18
normal_01127,0,normal,17
normal_01128,0,normal,16
normal_01129,0,normal,7
normal_01130,0,normal,17
normal_01131,0,normal,39
normal_01132,0,normal,57
normal_01133,0,normal,12
normal_01134,0,normal,11
normal_01135,0,normal,18
normal_01136,0,normal,6
normal_01138,0,normal,8
normal_01139,0,normal,28
normal_01142,0,normal,19
normal_01144,0,normal,34
normal_01145,0,normal,43
normal_01146,0,normal,29
normal_01147,0,normal,9
normal_01148,0,normal,54
normal_01149,0,normal,5
normal_01150,0,normal,44
normal_01152,0,normal,11
normal_01153,0,normal,44
normal_01156,0,normal,25
normal_01157,0,normal,157
normal_01158,0,normal,7
normal_01159,0,normal,29
normal_01160,0,normal,27
normal_01161,0,normal,189
normal_01162,0,normal,49
normal_01164,0,normal,24
normal_01165,0,normal,11
normal_01166,0,normal,17
normal_01171,0,normal,15
normal_01173,0,normal,9
normal_01176,0,normal,12
normal_01177,0,normal,16
normal_01179,0,normal,6
normal_01180,0,normal,26
normal_01181,0,normal,46
normal_01182,0,normal,26
normal_01184,0,normal,7
normal_01186,0,normal,81
normal_01187,0,normal,10
normal_01189,0,normal,25
normal_01191,0,normal,38
normal_01192,0,normal,5
normal_01193,0,normal,20
normal_01194,0,normal,30
normal_01195,0,normal,51
normal_01196,0,normal,8
normal_01197,0,normal,20
normal_01198,0,normal,105
normal_01199,0,normal,13
normal_01200,0,normal,8
normal_01201,0,normal,8
normal_01202,0,normal,18
normal_01203,0,normal,151
normal_01204,0,normal,86
normal_01206,0,normal,45
normal_01208,0,normal,68
normal_01209,0,normal,44
normal_01210,0,normal,6
normal_01211,0,normal,18
normal_01212,0,normal,7
normal_01214,0,normal,46
normal_01215,0,normal,9
normal_01216,0,normal,5
normal_01217,0,normal,26
normal_01218,0,normal,42
normal_01219,0,normal,17
normal_01222,0,normal,13
normal_01224,0,normal,40
normal_01225,0,normal,66
normal_01226,0,normal,8
normal_01227,0,normal,33
normal_01228,0,normal,9
normal_01229,0,normal,58
normal_01230,0,normal,13
normal_01231,0,normal,40
normal_01232,0,normal,7
normal_01233,0,normal,6
normal_01234,0,normal,10
normal_01236,0,normal,25
normal_01237,0,normal,10
normal_01238,0,normal,15
normal_01240,0,normal,33
normal_01241,0,normal,5
normal_01242,0,normal,12
normal_01243,0,normal,15
normal_01244,0,normal,10
normal_01245,0,normal,37
normal_01246,0,normal,22
normal_01247,0,normal,12
normal_01248,0,normal,5
normal_01249,0,normal,12
normal_01250,0,normal,18
normal_01251,0,normal,14
normal_01252,0,normal,99
normal_01253,0,normal,30
normal_01255,0,normal,36
normal_01256,0,normal,94
normal_01257,0,normal,5
normal_01260,0,normal,40
normal_01262,0,normal,6
normal_01263,0,normal,80
normal_01265,0,normal,22
normal_01267,0,normal,46
normal_01268,0,normal,48
normal_01269,0,normal,25
normal_01271,0,normal,19
normal_01272,0,normal,52
normal_01273,0,normal,11
normal_01275,0,normal,30
normal_01276,0,normal,5
normal_01277,0,normal,14
normal_01278,0,normal,10
normal_01279,0,normal,38
normal_01280,0,normal,50
normal_01282,0,normal,7
normal_01284,0,normal,22
normal_01285,0,normal,66
normal_01286,0,normal,5
normal_01287,0,normal,28
normal_01288,0,normal,8
normal_01290,0,normal,19
normal_01291,0,normal,23
normal_01292,0,normal,37
normal_01293,0,normal,45
normal_01295,0,normal,54
normal_01296,0,normal,5
normal_01298,0,normal,22
normal_01299,0,normal,16
normal_01301,0,normal,13
normal_01302,0,normal,114
normal_01303,0,normal,10
normal_01305,0,normal,21
normal_01306,0,normal,7
normal_01307,0,normal,9
normal_01308,0,normal,15
normal_01309,0,normal,46
normal_01310,0,normal,9
normal_01312,0,normal,71
normal_01313,0,normal,22
normal_01314,0,normal,20
normal_01315,0,normal,20
normal_01316,0,normal,25
normal_01318,0,normal,24
normal_01321,0,normal,14
normal_01322,0,normal,21
normal_01323,0,normal,14
normal_01324,0,normal,49
normal_01325,0,normal,39
normal_01326,0,normal,18
normal_01330,0,normal,21
normal_01331,0,normal,60
normal_01332,0,normal,224
normal_01335,0,normal,20
normal_01336,0,normal,24
normal_01337,0,normal,61
normal_01338,0,normal,51
normal_01339,0,normal,47
normal_01340,0,normal,33
normal_01341,0,normal,105
normal_01342,0,normal,16
normal_01344,0,normal,13
normal_01345,0,normal,7
normal_01346,0,normal,67
normal_01347,0,normal,32
normal_01349,0,normal,44
normal_01350,0,normal,12
normal_01351,0,normal,28
normal_01352,0,normal,8
normal_01353,0,normal,15
normal_01354,0,normal,17
normal_01356,0,normal,33
normal_01357,0,normal,24
normal_01358,0,normal,69
normal_01359,0,normal,43
normal_01361,0,normal,15
normal_01363,0,normal,30
normal_01364,0,normal,23
normal_01365,0,normal,50
normal_01366,0,normal,45
normal_01367,0,normal,15
normal_01368,0,normal,23
normal_01370,0,normal,18
normal_01372,0,normal,15
normal_01373,0,normal,23
normal_01376,0,normal,36
normal_01377,0,normal,22
normal_01378,0,normal,11
normal_01379,0,normal,14
normal_01380,0,normal,36
normal_01381,0,normal,32
normal_01382,0,normal,39
normal_01383,0,normal,25
normal_01384,0,normal,6
normal_01386,0,normal,10
normal_01388,0,normal,5
normal_01389,0,normal,12
normal_01390,0,normal,45
normal_01392,0,normal,7
normal_01393,0,normal,24
normal_01395,0,normal,15
normal_01398,0,normal,46
normal_01399,0,normal,17
normal_01400,0,normal,61
normal_01401,0,normal,7
normal_01403,0,normal,13
normal_01404,0,normal,78
normal_01406,0,normal,53
normal_01409,0,normal,11
normal_01410,0,normal,14
normal_01411,0,normal,8
normal_01412,0,normal,19
normal_01413,0,normal,45
normal_01414,0,normal,98
normal_01416,0,normal,48
normal_01418,0,normal,21
normal_01419,0,normal,14
normal_01422,0,normal,6
normal_01424,0,normal,60
normal_01425,0,normal,15
normal_01427,0,normal,5
normal_01428,0,normal,50
normal_01429,0,normal,25
normal_01430,0,normal,61
normal_01431,0,normal,37
normal_01434,0,normal,104
normal_01435,0,normal,19
normal_01436,0,normal,23
normal_01437,0,normal,5
normal_01439,0,normal,32
normal_01440,0,normal,11
normal_01441,0,normal,37
normal_01443,0,normal,37
normal_01444,0,normal,8
normal_01445,0,normal,36
normal_01447,0,normal,73
normal_01448,0,normal,92
normal_01449,0,normal,19
normal_01451,0,normal,23
normal_01452,0,normal,76
normal_01453,0,normal,24
normal_01454,0,normal,28
normal_01455,0,normal,23
normal_01458,0,normal,111
normal_01460,0,normal,10
normal_01461,0,normal,72
normal_01462,0,normal,14
normal_01464,0,normal,14
normal_01465,0,normal,59
normal_01466,0,normal,13
normal_01468,0,normal,24
normal_01469,0,normal,24
normal_01471,0,normal,17
normal_01472,0,normal,8
normal_01473,0,normal,6
normal_01474,0,normal,8
normal_01475,0,normal,5
normal_01476,0,normal,5
normal_01477,0,normal,15
normal_01478,0,normal,26
normal_01479,0,normal,6
normal_01480,0,normal,231
normal_01481,0,normal,5
normal_01483,0,normal,95
normal_01485,0,normal,15
normal_01487,0,normal,9
normal_01488,0,normal,24
normal_01489,0,normal,10
normal_01490,0,normal,29
normal_01491,0,normal,6
normal_01492,0,normal,27
normal_01493,0,normal,18
normal_01494,0,normal,8
normal_01495,0,normal,20
normal_01496,0,normal,15
normal_01498,0,normal,12
normal_01499,0,normal,42
normal_01500,0,normal,10
normal_01501,0,normal,27
normal_01502,0,normal,34
normal_01503,0,normal,35
normal_01504,0,normal,5
normal_01505,0,normal,21
normal_01507,0,normal,96
normal_01508,0,normal,20
normal_01510,0,normal,13
normal_01511,0,normal,7
normal_01512,0,normal,5
normal_01513,0,normal,15
normal_01514,0,normal,32
normal_01515,0,normal,41
normal_01516,0,normal,27
normal_01517,0,normal,7
normal_01518,0,normal,96
normal_01519,0,normal,24
normal_01521,0,normal,41
normal_01522,0,normal,10
normal_01523,0,normal,8
normal_01524,0,normal,7
normal_01526,0,normal,15
normal_01527,0,normal,62
normal_01528,0,normal,14
normal_01529,0,normal,6
normal_01530,0,normal,16
normal_01531,0,normal,52
normal_01532,0,normal,58
normal_01533,0,normal,72
normal_01534,0,normal,17
normal_01537,0,normal,7
normal_01538,0,normal,25
normal_01539,0,normal,35
normal_01540,0,normal,79
normal_01542,0,normal,21
normal_01543,0,normal,139
normal_01544,0,normal,18
normal_01545,0,normal,16
normal_01546,0,normal,72
normal_01547,0,normal,36
normal_01548,0,normal,9
normal_01549,0,normal,23
normal_01550,0,normal,44
normal_01551,0,normal,31
normal_01552,0,normal,67
normal_01553,0,normal,5
normal_01554,0,normal,18
normal_01555,0,normal,53
normal_01556,0,normal,32
normal_01557,0,normal,9
normal_01559,0,normal,25
normal_01560,0,normal,10
normal_01561,0,normal,5
normal_01562,0,normal,12
normal_01563,0,normal,13
normal_01564,0,normal,34
normal_01565,0,normal,5
normal_01566,0,normal,9
normal_01567,0,normal,19
normal_01568,0,normal,6
normal_01569,0,normal,64
normal_01570,0,normal,22
normal_01572,0,normal,7
normal_01573,0,normal,62
normal_01574,0,normal,8
normal_01575,0,normal,9
normal_01576,0,normal,69
normal_01577,0,normal,5
normal_01578,0,normal,8
normal_01579,0,normal,5
normal_01580,0,normal,7
normal_01581,0,normal,59
normal_01582,0,normal,13
normal_01583,0,normal,31
normal_01585,0,normal,12
normal_01586,0,normal,5
normal_01588,0,normal,43
normal_01589,0,normal,116
normal_01590,0,normal,16
normal_01591,0,normal,30
normal_01592,0,normal,47
normal_01593,0,normal,12
normal_01594,0,normal,7
normal_01595,0,normal,43
normal_01596,0,normal,5
normal_01597,0,normal,23
normal_01598,0,normal,105
normal_01599,0,normal,33
normal_01601,0,normal,53
normal_01602,0,normal,8
normal_01603,0,normal,17
normal_01604,0,normal,21
normal_01607,0,normal,7
normal_01608,0,normal,28
normal_01609,0,normal,12
normal_01610,0,normal,34
normal_01611,0,normal,21
normal_01614,0,normal,31
normal_01615,0,normal,63
normal_01617,0,normal,5
normal_01619,0,normal,11
normal_01620,0,normal,21
normal_01621,0,normal,21
normal_01623,0,normal,34
normal_01624,0,normal,31
normal_01625,0,normal,5
normal_01627,0,normal,58
normal_01628,0,normal,6
normal_01629,0,normal,25
normal_01630,0,normal,19
normal_01631,0,normal,93
normal_01632,0,normal,9
normal_01633,0,normal,137
normal_01635,0,normal,8
normal_01636,0,normal,5
normal_01637,0,normal,26
normal_01638,0,normal,28
normal_01639,0,normal,48
normal_01640,0,normal,12
normal_01642,0,normal,33
normal_01643,0,normal,28
normal_01644,0,normal,9
normal_01645,0,normal,5
normal_01646,0,normal,8
normal_01647,0,normal,5
normal_01648,0,normal,8
normal_01650,0,normal,16
normal_01651,0,normal,16
normal_01652,0,normal,72
normal_01653,0,normal,28
normal_01654,0,normal,18
normal_01655,0,normal,14
normal_01657,0,normal,30
normal_01658,0,normal,6
normal_01659,0,normal,170
normal_01660,0,normal,14
normal_01662,0,normal,15
normal_01663,0,normal,59
normal_01664,0,normal,11
normal_01666,0,normal,13
normal_01668,0,normal,15
normal_01671,0,normal,41
normal_01672,0,normal,37
normal_01674,0,normal,49
normal_01675,0,normal,53
normal_01676,0,normal,25
normal_01677,0,normal,19
normal_01678,0,normal,9
normal_01679,0,normal,30
normal_01680,0,normal,11
normal_01681,0,normal,11
normal_01682,0,normal,29
normal_01685,0,normal,27
normal_01686,0,normal,9
normal_01687,0,normal,6
normal_01688,0,normal,12
normal_01689,0,normal,19
normal_01690,0,normal,40
normal_01691,0,normal,7
normal_01692,0,normal,15
normal_01693,0,normal,20
normal_01695,0,normal,40
normal_01696,0,normal,5
normal_01697,0,normal,34
normal_01698,0,normal,18
normal_01699,0,normal,5
normal_01700,0,normal,59
normal_01701,0,normal,43
normal_01702,0,normal,18
normal_01703,0,normal,13
normal_01705,0,normal,36
normal_01708,0,normal,26
normal_01710,0,normal,23
normal_01711,0,normal,5
normal_01712,0,normal,86
normal_01713,0,normal,43
normal_01714,0,normal,10
normal_01715,0,normal,18
normal_01716,0,normal,65
normal_01717,0,normal,8
normal_01719,0,normal,19
normal_01720,0,normal,65
normal_01721,0,normal,43
normal_01722,0,normal,86
normal_01723,0,normal,37
normal_01725,0,normal,96
normal_01727,0,normal,16
normal_01728,0,normal,38
normal_01729,0,normal,16
normal_01730,0,normal,24
normal_01731,0,normal,24
normal_01732,0,normal,81
normal_01733,0,normal,219
normal_01734,0,normal,11
normal_01735,0,normal,14
normal_01737,0,normal,8
normal_01738,0,normal,7
normal_01739,0,normal,86
normal_01740,0,normal,45
normal_01741,0,normal,10
normal_01742,0,normal,107
normal_01743,0,normal,6
normal_01744,0,normal,33
normal_01745,0,normal,17
normal_01746,0,normal,10
normal_01747,0,normal,17
normal_01748,0,normal,27
normal_01749,0,normal,5
normal_01750,0,normal,64
normal_01751,0,normal,17
normal_01752,0,normal,16
normal_01754,0,normal,20
normal_01755,0,normal,13
normal_01756,0,normal,15
normal_01757,0,normal,14
normal_01758,0,normal,65
normal_01759,0,normal,5
normal_01761,0,normal,77
normal_01762,0,normal,68
normal_01763,0,normal,8
normal_01764,0,normal,37
normal_01765,0,normal,11
normal_01767,0,normal,10
normal_01768,0,normal,12
normal_01769,0,normal,46
normal_01770,0,normal,37
normal_01771,0,normal,12
normal_01772,0,normal,25
normal_01773,0,normal,54
normal_01774,0,normal,18
normal_01775,0,normal,23
normal_01776,0,normal,16
normal_01777,0,normal,6
normal_01779,0,normal,19
normal_01780,0,normal,57
normal_01782,0,normal,42
normal_01783,0,normal,5
normal_01784,0,normal,5
normal_01785,0,normal,9
normal_01786,0,normal,14
normal_01787,0,normal,12
normal_01788,0,normal,9
normal_01789,0,normal,11
normal_01790,0,normal,23
normal_01791,0,normal,11
normal_01792,0,normal,37
normal_01793,0,normal,21
normal_01794,0,normal,61
normal_01795,0,normal,8
normal_01796,0,normal,20
normal_01797,0,normal,14
normal_01799,0,normal,8
normal_01800,0,normal,11
normal_01803,0,normal,5
normal_01805,0,normal,24
normal_01806,0,normal,6
normal_01808,0,normal,18
normal_01809,0,normal,14
normal_01810,0,normal,15
normal_01811,0,normal,31
normal_01812,0,normal,14
normal_01813,0,normal,17
normal_01814,0,normal,37
normal_01815,0,normal,24
normal_01816,0,normal,11
normal_01817,0,normal,34
normal_01821,0,normal,42
normal_01822,0,normal,15
normal_01823,0,normal,25
normal_01824,0,normal,15
normal_01825,0,normal,67
normal_01826,0,normal,31
normal_01827,0,normal,19
normal_01828,0,normal,6
normal_01829,0,normal,98
normal_01830,0,normal,16
normal_01831,0,normal,26
normal_01832,0,normal,7
normal_01833,0,normal,12
normal_01834,0,normal,13
normal_01835,0,normal,91
normal_01836,0,normal,12
normal_01838,0,normal,30
normal_01840,0,normal,81
normal_01842,0,normal,5
normal_01843,0,normal,28
normal_01844,0,normal,7
normal_01845,0,normal,159
normal_01846,0,normal,50
normal_01847,0,normal,61
normal_01848,0,normal,11
normal_01849,0,normal,63
normal_01850,0,normal,9
normal_01851,0,normal,31
normal_01852,0,normal,8
normal_01853,0,normal,5
normal_01854,0,normal,5
normal_01855,0,normal,16
normal_01856,0,normal,5
normal_01858,0,normal,19
normal_01860,0,normal,16
normal_01861,0,normal,8
normal_01862,0,normal,52
normal_01863,0,normal,20
normal_01864,0,normal,92
normal_01865,0,normal,5
normal_01866,0,normal,14
normal_01867,0,normal,5
normal_01868,0,normal,69
normal_01869,0,normal,10
normal_01870,0,normal,9
normal_01872,0,normal,13
normal_01873,0,normal,8
normal_01874,0,normal,47
normal_01875,0,normal,32
normal_01876,0,normal,9
normal_01877,0,normal,8
normal_01878,0,normal,21
normal_01879,0,normal,24
normal_01880,0,normal,14
normal_01881,0,normal,28
normal_01882,0,normal,8
normal_01883,0,normal,69
normal_01884,0,normal,7
normal_01885,0,normal,12
normal_01886,0,normal,34
normal_01887,0,normal,37
normal_01888,0,normal,8
normal_01890,0,normal,16
normal_01891,0,normal,13
normal_01892,0,normal,29
normal_01893,0,normal,99
normal_01894,0,normal,92
normal_01895,0,normal,8
normal_01896,0,normal,39
normal_01897,0,normal,8
normal_01898,0,normal,15
normal_01900,0,normal,17
normal_01901,0,normal,6
normal_01902,0,normal,12
normal_01903,0,normal,18
normal_01904,0,normal,18
normal_01905,0,normal,19
normal_01906,0,normal,64
normal_01907,0,normal,180
normal_01908,0,normal,18
normal_01910,0,normal,8
normal_01911,0,normal,61
normal_01912,0,normal,20
normal_01913,0,normal,60
normal_01914,0,normal,27
normal_01915,0,normal,11
normal_01917,0,normal,23
normal_01918,0,normal,13
normal_01919,0,normal,6
normal_01920,0,normal,5
normal_01921,0,normal,40
normal_01923,0,normal,50
normal_01924,0,normal,10
normal_01925,0,normal,7
normal_01926,0,normal,22
normal_01927,0,normal,9
normal_01928,0,normal,7
normal_01930,0,normal,15
normal_01931,0,normal,6
normal_01932,0,normal,14
normal_01933,0,normal,11
normal_01937,0,normal,21
normal_01938,0,normal,15
normal_01939,0,normal,25
normal_01941,0,normal,9
normal_01942,0,normal,72
normal_01943,0,normal,25
normal_01944,0,normal,5
normal_01945,0,normal,35
normal_01946,0,normal,6
normal_01947,0,normal,63
normal_01949,0,normal,131
normal_01950,0,normal,11
normal_01951,0,normal,13
normal_01952,0,normal,21
normal_01953,0,normal,19
normal_01954,0,normal,11
normal_01955,0,normal,72
normal_01956,0,normal,27
normal_01957,0,normal,131
normal_01958,0,normal,13
normal_01959,0,normal,16
normal_01961,0,normal,20
normal_01963,0,normal,5
normal_01964,0,normal,22
normal_01965,0,normal,19
normal_01966,0,normal,16
normal_01967,0,normal,43
normal_01968,0,normal,28
normal_01969,0,normal,5
normal_01970,0,normal,11
normal_01971,0,normal,8
normal_01972,0,normal,49
normal_01973,0,normal,12
normal_01974,0,normal,52
normal_01975,0,normal,5
normal_01976,0,normal,56
normal_01978,0,normal,44
normal_01979,0,normal,11
normal_01980,0,normal,14
normal_01981,0,normal,20
normal_01982,0,normal,33
normal_01983,0,normal,34
normal_01984,0,normal,7
normal_01985,0,normal,12
normal_01986,0,normal,15
normal_01987,0,normal,29
normal_01988,0,normal,20
normal_01989,0,normal,155
normal_01991,0,normal,8
normal_01992,0,normal,9
normal_01993,0,normal,18
normal_01994,0,normal,26
normal_01995,0,normal,25
normal_01996,0,normal,13
normal_01997,0,normal,20
normal_01998,0,normal,22
normal_01999,0,normal,23
normal_02000,0,normal,12
normal_02001,0,normal,8
normal_02002,0,normal,38
normal_02005,0,normal,14
normal_02006,0,normal,16
normal_02007,0,normal,46
normal_02008,0,normal,79
normal_02009,0,normal,31
normal_02010,0,normal,11
normal_02011,0,normal,43
normal_02013,0,normal,11
normal_02015,0,normal,5
normal_02017,0,normal,25
normal_02018,0,normal,8
normal_02019,0,normal,13
normal_02020,0,normal,43
normal_02021,0,normal,18
normal_02023,0,normal,9
normal_02024,0,normal,15
normal_02027,0,normal,29
normal_02028,0,normal,14
normal_02029,0,normal,29
normal_02030,0,normal,13
normal_02031,0,normal,67
normal_02032,0,normal,77
normal_02033,0,normal,10
normal_02034,0,normal,5
normal_02036,0,normal,37
normal_02038,0,normal,10
normal_02039,0,normal,19
normal_02040,0,normal,35
normal_02041,0,normal,24
normal_02042,0,normal,81
normal_02044,0,normal,5
normal_02045,0,normal,9
normal_02047,0,normal,23
normal_02048,0,normal,36
normal_02050,0,normal,86
normal_02052,0,normal,96
normal_02053,0,normal,32
normal_02054,0,normal,32
normal_02055,0,normal,41
normal_02056,0,normal,27
normal_02057,0,normal,6
normal_02059,0,normal,25
normal_02060,0,normal,73
normal_02061,0,normal,57
normal_02062,0,normal,112
normal_02063,0,normal,19
normal_02064,0,normal,25
normal_02067,0,normal,24
normal_02069,0,normal,14
normal_02070,0,normal,26
normal_02071,0,normal,45
normal_02073,0,normal,12
normal_02074,0,normal,11
normal_02076,0,normal,24
normal_02078,0,normal,27
normal_02079,0,normal,21
normal_02080,0,normal,61
normal_02081,0,normal,30
normal_02082,0,normal,28
normal_02083,0,normal,16
normal_02084,0,normal,36
normal_02085,0,normal,35
normal_02086,0,normal,14
normal_02087,0,normal,9
normal_02089,0,normal,59
normal_02090,0,normal,9
normal_02091,0,normal,12
normal_02092,0,normal,75
normal_02093,0,normal,151
normal_02094,0,normal,27
normal_02095,0,normal,7
normal_02097,0,normal,61
normal_02099,0,normal,7
normal_02100,0,normal,46
normal_02101,0,normal,8
normal_02102,0,normal,11
normal_02103,0,normal,29
normal_02104,0,normal,26
normal_02105,0,normal,10
normal_02107,0,normal,14
normal_02108,0,normal,7
normal_02109,0,normal,26
normal_02110,0,normal,15
normal_02111,0,normal,9
normal_02112,0,normal,80
normal_02113,0,normal,14
normal_02114,0,normal,28
normal_02115,0,normal,29
normal_02116,0,normal,5
normal_02117,0,normal,5
normal_02118,0,normal,7
normal_02119,0,normal,7
normal_02120,0,normal,64
normal_02121,0,normal,37
normal_02122,0,normal,41
normal_02123,0,normal,11
normal_02124,0,normal,19
normal_02125,0,normal,5
normal_02126,0,normal,20
normal_02127,0,normal,25
normal_02128,0,normal,5
normal_02129,0,normal,10
normal_02130,0,normal,17
normal_02132,0,normal,15
normal_02133,0,normal,17
normal_02134,0,normal,25
normal_02135,0,normal,68
normal_02136,0,normal,20
normal_02137,0,normal,5
normal_02138,0,normal,5
normal_02139,0,normal,30
normal_02140,0,normal,7
normal_02142,0,normal,5
normal_02143,0,normal,24
normal_02145,0,normal,8
normal_02146,0,normal,49
normal_02147,0,normal,6
normal_02148,0,normal,10
normal_02149,0,normal,13
normal_02150,0,normal,7
normal_02151,0,normal,23
normal_02152,0,normal,72
normal_02153,0,normal,25
normal_02154,0,normal,14
normal_02156,0,normal,14
normal_02157,0,normal,6
normal_02158,0,normal,21
normal_02160,0,normal,13
normal_02161,0,normal,74
normal_02162,0,normal,14
normal_02163,0,normal,7
normal_02164,0,normal,25
normal_02165,0,normal,8
normal_02166,0,normal,27
normal_02167,0,normal,28
normal_02168,0,normal,9
normal_02169,0,normal,27
normal_02170,0,normal,9
normal_02172,0,normal,10
normal_02173,0,normal,5
normal_02174,0,normal,31
normal_02175,0,normal,14
normal_02176,0,normal,70
normal_02178,0,normal,12
normal_02179,0,normal,74
normal_02180,0,normal,5
normal_02181,0,normal,5
normal_02182,0,normal,27
normal_02185,0,normal,25
normal_02186,0,normal,77
normal_02187,0,normal,5
normal_02188,0,normal,60
normal_02189,0,normal,82
normal_02191,0,normal,20
normal_02192,0,normal,12
normal_02193,0,normal,10
normal_02194,0,normal,10
normal_02195,0,normal,35
normal_02197,0,normal,40
normal_02198,0,normal,9
normal_02199,0,normal,28
normal_02200,0,normal,25
normal_02202,0,normal,59
normal_02203,0,normal,7
normal_02206,0,normal,8
normal_02207,0,normal,13
normal_02209,0,normal,11
normal_02210,0,normal,21
normal_02211,0,normal,28
normal_02212,0,normal,16
normal_02213,0,normal,14
normal_02214,0,normal,12
normal_02216,0,normal,16
normal_02217,0,normal,65
normal_02219,0,normal,15
normal_02220,0,normal,85
normal_02221,0,normal,11
normal_02222,0,normal,51
normal_02223,0,normal,14
normal_02224,0,normal,8
normal_02225,0,normal,29
normal_02226,0,normal,25
normal_02228,0,normal,60
normal_02231,0,normal,5
normal_02232,0,normal,89
normal_02233,0,normal,20
normal_02236,0,normal,20
normal_02237,0,normal,13
normal_02239,0,normal,5
normal_02240,0,normal,20
normal_02242,0,normal,7
normal_02243,0,normal,17
normal_02244,0,normal,24
normal_02245,0,normal,71
normal_02246,0,normal,5
normal_02247,0,normal,23
normal_02248,0,normal,10
normal_02249,0,normal,38
normal_02250,0,normal,26
normal_02251,0,normal,36
normal_02252,0,normal,29
normal_02253,0,normal,31
normal_02254,0,normal,110
normal_02255,0,normal,36
normal_02256,0,normal,8
normal_02257,0,normal,73
normal_02258,0,normal,29
normal_02260,0,normal,7
normal_02262,0,normal,8
normal_02263,0,normal,27
normal_02264,0,normal,19
normal_02265,0,normal,65
normal_02266,0,normal,103
normal_02268,0,normal,32
normal_02269,0,normal,13
normal_02271,0,normal,6
normal_02272,0,normal,5
normal_02274,0,normal,14
normal_02275,0,normal,14
normal_02276,0,normal,29
normal_02277,0,normal,20
normal_02278,0,normal,12
normal_02280,0,normal,27
normal_02281,0,normal,53
normal_02282,0,normal,12
normal_02283,0,normal,30
normal_02284,0,normal,29
normal_02285,0,normal,73
normal_02286,0,normal,10
normal_02287,0,normal,136
normal_02288,0,normal,64
normal_02289,0,normal,47
normal_02290,0,normal,61
normal_02291,0,normal,13
normal_02292,0,normal,5
normal_02293,0,normal,73
normal_02295,0,normal,18
normal_02296,0,normal,29
normal_02297,0,normal,16
normal_02298,0,normal,23
normal_02299,0,normal,23
normal_02300,0,normal,7
normal_02301,0,normal,58
normal_02303,0,normal,12
normal_02304,0,normal,13
normal_02305,0,normal,22
normal_02306,0,normal,11
normal_02307,0,normal,5
normal_02308,0,normal,68
normal_02311,0,normal,18
normal_02312,0,normal,26
normal_02313,0,normal,66
normal_02314,0,normal,21
normal_02318,0,normal,31
normal_02319,0,normal,6
normal_02320,0,normal,12
normal_02322,0,normal,6
normal_02323,0,normal,58
normal_02327,0,normal,20
normal_02328,0,normal,34
normal_02329,0,normal,7
normal_02330,0,normal,33
normal_02331,0,normal,32
normal_02332,0,normal,5
normal_02334,0,normal,52
normal_02335,0,normal,54
normal_02337,0,normal,12
normal_02338,0,normal,25
normal_02340,0,normal,5
normal_02341,0,normal,182
normal_02342,0,normal,29
normal_02343,0,normal,6
normal_02344,0,normal,46
normal_02345,0,normal,27
normal_02346,0,normal,46
normal_02347,0,normal,73
normal_02348,0,normal,23
normal_02349,0,normal,15
normal_02350,0,normal,34
normal_02351,0,normal,15
normal_02352,0,normal,5
normal_02353,0,normal,11
normal_02355,0,normal,66
normal_02356,0,normal,5
normal_02358,0,normal,27
normal_02359,0,normal,32
normal_02360,0,normal,109
normal_02361,0,normal,5
normal_02362,0,normal,70
normal_02364,0,normal,103
normal_02365,0,normal,5
normal_02366,0,normal,10
normal_02367,0,normal,6
normal_02368,0,normal,14
normal_02369,0,normal,20
normal_02371,0,normal,31
normal_02373,0,normal,10
normal_02374,0,normal,37
normal_02375,0,normal,39
normal_02376,0,normal,43
normal_02377,0,normal,19
normal_02378,0,normal,31
normal_02379,0,normal,27
normal_02380,0,normal,17
normal_02381,0,normal,8
normal_02383,0,normal,19
normal_02384,0,normal,10
normal_02385,0,normal,33
normal_02386,0,normal,14
normal_02387,0,normal,23
normal_02389,0,normal,46
normal_02390,0,normal,9
normal_02391,0,normal,6
normal_02392,0,normal,8
normal_02394,0,normal,11
normal_02395,0,normal,14
normal_02396,0,normal,8
normal_02397,0,normal,9
normal_02398,0,normal,6
normal_02399,0,normal,35
normal_02400,0,normal,32
normal_02402,0,normal,64
normal_02403,0,normal,87
normal_02406,0,normal,9
normal_02407,0,normal,39
normal_02408,0,normal,43
normal_02412,0,normal,18
normal_02413,0,normal,9
normal_02415,0,normal,6
normal_02416,0,normal,26
normal_02417,0,normal,17
normal_02418,0,normal,23
normal_02420,0,normal,5
normal_02422,0,normal,57
normal_02423,0,normal,31
normal_02424,0,normal,17
normal_02425,0,normal,31
normal_02427,0,normal,96
normal_02428,0,normal,35
normal_02429,0,normal,7
normal_02430,0,normal,89
normal_02431,0,normal,5
normal_02433,0,normal,18
normal_02434,0,normal,8
normal_02435,0,normal,34
normal_02436,0,normal,5
normal_02437,0,normal,71
normal_02438,0,normal,27
normal_02440,0,normal,42
normal_02441,0,normal,13
normal_02442,0,normal,13
normal_02445,0,normal,16
normal_02446,0,normal,24
normal_02447,0,normal,54
normal_02449,0,normal,5
normal_02450,0,normal,48
normal_02451,0,normal,34
normal_02452,0,normal,68
normal_02453,0,normal,12
normal_02454,0,normal,22
normal_02455,0,normal,5
normal_02456,0,normal,46
normal_02458,0,normal,42
normal_02459,0,normal,7
normal_02460,0,normal,10
normal_02461,0,normal,35
normal_02463,0,normal,18
normal_02464,0,normal,20
normal_02465,0,normal,21
normal_02466,0,normal,39
normal_02467,0,normal,10
normal_02468,0,normal,16
normal_02471,0,normal,9
normal_02472,0,normal,18
normal_02473,0,normal,46
normal_02476,0,normal,20
normal_02477,0,normal,57
normal_02479,0,normal,6
normal_02480,0,normal,17
normal_02481,0,normal,27
normal_02482,0,normal,41
normal_02483,0,normal,72
normal_02484,0,normal,15
normal_02485,0,normal,158
normal_02486,0,normal,19
normal_02487,0,normal,17
normal_02488,0,normal,25
normal_02489,0,normal,15
normal_02490,0,normal,106
normal_02491,0,normal,111
normal_02492,0,normal,12
normal_02494,0,normal,10
normal_02495,0,normal,71
normal_02497,0,normal,8
normal_02498,0,normal,6
normal_02499,0,normal,28
normal_02500,0,normal,28
normal_02501,0,normal,44
normal_02502,0,normal,10
normal_02503,0,normal,33
normal_02504,0,normal,20
normal_02506,0,normal,26
normal_02507,0,normal,5
normal_02508,0,normal,22
normal_02509,0,normal,18
normal_02511,0,normal,41
normal_02513,0,normal,6
normal_02515,0,normal,81
normal_02516,0,normal,14
normal_02517,0,normal,9
normal_02518,0,normal,43
normal_02519,0,normal,18
normal_02520,0,normal,65
normal_02521,0,normal,6
normal_02523,0,normal,21
normal_02524,0,normal,6
normal_02525,0,normal,20
normal_02526,0,normal,61
normal_02527,0,normal,7
normal_02529,0,normal,19
normal_02530,0,normal,63
normal_02531,0,normal,17
normal_02532,0,normal,56
normal_02533,0,normal,5
normal_02534,0,normal,8
normal_02535,0,normal,72
normal_02536,0,normal,30
normal_02537,0,normal,9
normal_02538,0,normal,15
normal_02539,0,normal,8
normal_02541,0,normal,20
normal_02542,0,normal,27
normal_02543,0,normal,25
normal_02544,0,normal,13
normal_02545,0,normal,57
normal_02546,0,normal,64
normal_02547,0,normal,38
normal_02549,0,normal,34
normal_02550,0,normal,67
normal_02551,0,normal,10
normal_02552,0,normal,69
normal_02553,0,normal,10
normal_02554,0,normal,34
normal_02555,0,normal,5
normal_02556,0,normal,34
normal_02557,0,normal,46
normal_02558,0,normal,32
normal_02561,0,normal,45
normal_02563,0,normal,9
normal_02564,0,normal,78
normal_02565,0,normal,7
normal_02566,0,normal,54
normal_02567,0,normal,9
normal_02568,0,normal,16
normal_02569,0,normal,45
normal_02570,0,normal,14
normal_02571,0,normal,16
normal_02572,0,normal,5
normal_02573,0,normal,6
normal_02574,0,normal,33
normal_02577,0,normal,8
normal_02578,0,normal,35
normal_02579,0,normal,16
normal_02580,0,normal,16
normal_02583,0,normal,11
normal_02585,0,normal,24
normal_02586,0,normal,19
normal_02588,0,normal,16
normal_02589,0,normal,47
normal_02590,0,normal,33
normal_02592,0,normal,38
normal_02594,0,normal,7
normal_02596,0,normal,8
normal_02597,0,normal,61
normal_02599,0,normal,21
normal_02600,0,normal,33
normal_02601,0,normal,16
normal_02604,0,normal,28
normal_02605,0,normal,168
normal_02606,0,normal,55
normal_02610,0,normal,62
normal_02612,0,normal,5
normal_02613,0,normal,260
normal_02614,0,normal,8
normal_02615,0,normal,187
normal_02616,0,normal,25
normal_02618,0,normal,21
normal_02621,0,normal,7
normal_02622,0,normal,31
normal_02623,0,normal,9
normal_02624,0,normal,54
normal_02625,0,normal,10
normal_02626,0,normal,5
normal_02627,0,normal,23
normal_02628,0,normal,10
normal_02629,0,normal,13
normal_02630,0,normal,10
normal_02631,0,normal,8
normal_02632,0,normal,47
normal_02634,0,normal,49
normal_02635,0,normal,19
normal_02636,0,normal,25
normal_02637,0,normal,28
normal_02638,0,normal,10
normal_02641,0,normal,34
normal_02642,0,normal,18
normal_02643,0,normal,31
normal_02644,0,normal,42
normal_02645,0,normal,43
normal_02646,0,normal,168
normal_02647,0,normal,36
normal_02648,0,normal,15
normal_02650,0,normal,20
normal_02652,0,normal,24
normal_02653,0,normal,27
normal_02654,0,normal,20
normal_02656,0,normal,60
normal_02657,0,normal,19
normal_02658,0,normal,41
normal_02659,0,normal,5
normal_02660,0,normal,12
normal_02661,0,normal,16
normal_02662,0,normal,30
normal_02663,0,normal,15
normal_02665,0,normal,17
normal_02667,0,normal,12
normal_02668,0,normal,31
normal_02669,0,normal,22
normal_02670,0,normal,46
normal_02671,0,normal,23
normal_02673,0,normal,14
normal_02674,0,normal,13
normal_02675,0,normal,26
normal_02676,0,normal,37
normal_02677,0,normal,15
normal_02678,0,normal,29
normal_02682,0,normal,32
normal_02683,0,normal,5
normal_02684,0,normal,41
normal_02685,0,normal,17
normal_02686,0,normal,11
normal_02687,0,normal,11
normal_02688,0,normal,26
normal_02689,0,normal,16
normal_02690,0,normal,25
normal_02691,0,normal,6
normal_02692,0,normal,19
normal_02693,0,normal,85
normal_02694,0,normal,22
normal_02695,0,normal,10
normal_02696,0,normal,44
normal_02697,0,normal,33
normal_02698,0,normal,14
normal_02699,0,normal,72
normal_02700,0,normal,7
normal_02701,0,normal,41
normal_02702,0,normal,115
normal_02705,0,normal,58
normal_02706,0,normal,30
normal_02707,0,normal,53
normal_02708,0,normal,6
normal_02709,0,normal,19
normal_02710,0,normal,75
normal_02713,0,normal,13
normal_02714,0,normal,32
normal_02715,0,normal,10
normal_02716,0,normal,26
normal_02717,0,normal,6
normal_02718,0,normal,5
normal_02719,0,normal,7
normal_02721,0,normal,29
normal_02722,0,normal,11
normal_02723,0,normal,23
normal_02724,0,normal,7
normal_02725,0,normal,56
normal_02726,0,normal,13
normal_02728,0,normal,13
normal_02729,0,normal,87
normal_02730,0,normal,76
normal_02731,0,normal,7
normal_02733,0,normal,10
normal_02735,0,normal,84
normal_02736,0,normal,49
normal_02738,0,normal,170
normal_02739,0,normal,56
normal_02740,0,normal,5
normal_02741,0,normal,11
normal_02742,0,normal,16
normal_02743,0,normal,29
normal_02744,0,normal,26
normal_02745,0,normal,17
normal_02746,0,normal,8
normal_02747,0,normal,27
normal_02748,0,normal,34
normal_02749,0,normal,6
normal_02750,0,normal,34
normal_02751,0,normal,13
normal_02755,0,normal,5
normal_02756,0,normal,5
normal_02760,0,normal,36
normal_02761,0,normal,43
normal_02762,0,normal,5
normal_02763,0,normal,14
normal_02764,0,normal,8
normal_02765,0,normal,30
normal_02766,0,normal,66
normal_02767,0,normal,12
normal_02768,0,normal,17
normal_02770,0,normal,76
normal_02771,0,normal,30
normal_02772,0,normal,5
normal_02774,0,normal,66
normal_02775,0,normal,102
normal_02776,0,normal,13
normal_02777,0,normal,31
normal_02779,0,normal,50
normal_02780,0,normal,37
normal_02782,0,normal,43
normal_02783,0,normal,36
normal_02784,0,normal,10
normal_02785,0,normal,5
normal_02786,0,normal,26
normal_02787,0,normal,26
normal_02788,0,normal,14
normal_02789,0,normal,9
normal_02791,0,normal,13
normal_02792,0,normal,13
normal_02794,0,normal,10
normal_02795,0,normal,68
normal_02796,0,normal,30
normal_02797,0,normal,32
normal_02798,0,normal,5
normal_02799,0,normal,10
normal_02800,0,normal,91
normal_02801,0,normal,8
normal_02802,0,normal,30
normal_02803,0,normal,58
normal_02804,0,normal,23
normal_02805,0,normal,6
normal_02807,0,normal,5
normal_02808,0,normal,107
normal_02810,0,normal,22
normal_02812,0,normal,35
normal_02815,0,normal,14
normal_02817,0,normal,22
normal_02818,0,normal,43
normal_02819,0,normal,45
normal_02820,0,normal,25
normal_02821,0,normal,6
normal_02822,0,normal,10
normal_02823,0,normal,42
normal_02824,0,normal,13
normal_02825,0,normal,29
normal_02826,0,normal,6
normal_02827,0,normal,33
normal_02828,0,normal,21
normal_02829,0,normal,18
normal_02830,0,normal,5
normal_02831,0,normal,57
normal_02833,0,normal,11
normal_02834,0,normal,26
normal_02835,0,normal,112
normal_02836,0,normal,22
normal_02838,0,normal,22
normal_02839,0,normal,8
normal_02840,0,normal,20
normal_02841,0,normal,11
normal_02842,0,normal,54
normal_02843,0,normal,46
normal_02844,0,normal,13
normal_02845,0,normal,29
normal_02846,0,normal,50
normal_02847,0,normal,77
normal_02849,0,normal,41
normal_02850,0,normal,14
normal_02851,0,normal,37
normal_02852,0,normal,6
normal_02853,0,normal,6
normal_02854,0,normal,52
normal_02856,0,normal,5
normal_02857,0,normal,26
normal_02858,0,normal,15
normal_02859,0,normal,33
normal_02860,0,normal,13
normal_02861,0,normal,7
normal_02863,0,normal,7
normal_02864,0,normal,28
normal_02865,0,normal,43
normal_02866,0,normal,19
normal_02867,0,normal,38
normal_02868,0,normal,13
normal_02869,0,normal,52
normal_02870,0,normal,89
normal_02871,0,normal,5
normal_02872,0,normal,8
normal_02873,0,normal,56
normal_02875,0,normal,29
normal_02876,0,normal,85
normal_02877,0,normal,22
normal_02878,0,normal,12
normal_02879,0,normal,9
normal_02881,0,normal,49
normal_02882,0,normal,9
normal_02883,0,normal,11
normal_02884,0,normal,21
normal_02886,0,normal,11
normal_02888,0,normal,69
normal_02889,0,normal,27
normal_02891,0,normal,12
normal_02892,0,normal,17
normal_02893,0,normal,26
normal_02894,0,normal,5
normal_02895,0,normal,42
normal_02896,0,normal,51
normal_02898,0,normal,12
normal_02899,0,normal,19
normal_02900,0,normal,97
normal_02901,0,normal,31
normal_02902,0,normal,10
normal_02903,0,normal,17
normal_02904,0,normal,24
normal_02905,0,normal,9
normal_02907,0,normal,35
normal_02908,0,normal,12
normal_02909,0,normal,33
normal_02910,0,normal,17
normal_02911,0,normal,17
normal_02912,0,normal,19
normal_02913,0,normal,13
normal_02914,0,normal,57
normal_02915,0,normal,123
normal_02916,0,normal,11
normal_02917,0,normal,25
normal_02918,0,normal,46
normal_02919,0,normal,42
normal_02920,0,normal,14
normal_02921,0,normal,26
normal_02922,0,normal,64
normal_02923,0,normal,12
normal_02925,0,normal,49
normal_02926,0,normal,5
normal_02927,0,normal,13
normal_02928,0,normal,15
normal_02930,0,normal,8
normal_02931,0,normal,28
normal_02932,0,normal,89
normal_02933,0,normal,5
normal_02934,0,normal,5
normal_02935,0,normal,181
normal_02936,0,normal,59
normal_02937,0,normal,58
normal_02940,0,normal,41
normal_02943,0,normal,149
normal_02945,0,normal,11
normal_02946,0,normal,24
normal_02948,0,normal,45
normal_02950,0,normal,29
normal_02951,0,normal,6
normal_02953,0,normal,23
normal_02955,0,normal,49
normal_02956,0,normal,5
normal_02957,0,normal,25
normal_02958,0,normal,99
normal_02959,0,normal,142
normal_02961,0,normal,23
normal_02962,0,normal,7
normal_02963,0,normal,12
normal_02965,0,normal,12
normal_02966,0,normal,5
normal_02967,0,normal,66
normal_02968,0,normal,14
normal_02969,0,normal,15
normal_02971,0,normal,5
normal_02974,0,normal,8
normal_02975,0,normal,21
normal_02976,0,normal,35
normal_02977,0,normal,9
normal_02978,0,normal,11
normal_02979,0,normal,17
normal_02980,0,normal,28
normal_02982,0,normal,15
normal_02983,0,normal,61
normal_02984,0,normal,10
normal_02985,0,normal,32
normal_02987,0,normal,7
normal_02988,0,normal,22
normal_02990,0,normal,7
normal_02992,0,normal,76
normal_02993,0,normal,73
normal_02995,0,normal,48
normal_02997,0,normal,5
normal_02998,0,normal,69
normal_02999,0,normal,14
normal_03001,0,normal,20
normal_03003,0,normal,26
normal_03004,0,normal,7
normal_03005,0,normal,36
normal_03006,0,normal,26
normal_03007,0,normal,14
normal_03009,0,normal,27
normal_03010,0,normal,42
normal_03011,0,normal,37
normal_03012,0,normal,12
normal_03013,0,normal,10
normal_03014,0,normal,28
normal_03015,0,normal,10
normal_03016,0,normal,49
normal_03017,0,normal,9
normal_03020,0,normal,45
normal_03021,0,normal,66
normal_03022,0,normal,19
normal_03025,0,normal,21
normal_03026,0,normal,38
normal_03027,0,normal,17
normal_03028,0,normal,15
normal_03029,0,normal,61
normal_03030,0,normal,12
normal_03031,0,normal,57
normal_03032,0,normal,47
normal_03033,0,normal,6
normal_03034,0,normal,10
normal_03035,0,normal,10
normal_03036,0,normal,11
normal_03037,0,normal,15
normal_03038,0,normal,81
normal_03039,0,normal,117
normal_03041,0,normal,5
normal_03042,0,normal,50
normal_03043,0,normal,53
normal_03044,0,normal,10
normal_03046,0,normal,8
normal_03047,0,normal,14
normal_03048,0,normal,80
normal_03049,0,normal,27
normal_03050,0,normal,16
normal_03052,0,normal,124
normal_03053,0,normal,15
normal_03054,0,normal,13
normal_03055,0,normal,67
normal_03057,0,normal,21
normal_03058,0,normal,26
normal_03059,0,normal,28
normal_03060,0,normal,29
normal_03061,0,normal,14
normal_03062,0,normal,16
normal_03063,0,normal,92
normal_03064,0,normal,13
normal_03065,0,normal,71
normal_03066,0,normal,32
normal_03067,0,normal,5
normal_03068,0,normal,55
normal_03069,0,normal,48
normal_03070,0,normal,34
normal_03071,0,normal,19
normal_03072,0,normal,18
normal_03073,0,normal,5
normal_03074,0,normal,18
normal_03075,0,normal,9
normal_03077,0,normal,65
normal_03078,0,normal,85
normal_03079,0,normal,24
normal_03080,0,normal,5
normal_03081,0,normal,25
normal_03082,0,normal,5
normal_03083,0,normal,29
normal_03084,0,normal,6
normal_03085,0,normal,9
normal_03086,0,normal,11
normal_03088,0,normal,28
normal_03089,0,normal,85
normal_03090,0,normal,16
normal_03091,0,normal,48
normal_03093,0,normal,25
normal_03094,0,normal,6
normal_03095,0,normal,47
normal_03096,0,normal,67
normal_03098,0,normal,53
normal_03099,0,normal,79
normal_03100,0,normal,57
normal_03101,0,normal,31
normal_03102,0,normal,94
normal_03103,0,normal,7
normal_03105,0,normal,12
normal_03106,0,normal,9
normal_03108,0,normal,29
normal_03109,0,normal,9
normal_03111,0,normal,12
normal_03112,0,normal,75
normal_03113,0,normal,6
normal_03114,0,normal,10
normal_03115,0,normal,20
normal_03116,0,normal,8
normal_03117,0,normal,5
normal_03118,0,normal,18
normal_03119,0,normal,7
normal_03121,0,normal,26
normal_03122,0,normal,21
normal_03124,0,normal,29
normal_03126,0,normal,21
normal_03127,0,normal,24
normal_03129,0,normal,15
normal_03131,0,normal,7
normal_03132,0,normal,5
normal_03133,0,normal,24
normal_03134,0,normal,23
normal_03135,0,normal,117
normal_03136,0,normal,37
normal_03139,0,normal,56
normal_03141,0,normal,29
normal_03142,0,normal,16
normal_03143,0,normal,45
normal_03144,0,normal,28
normal_03145,0,normal,51
normal_03146,0,normal,5
normal_03148,0,normal,24
normal_03149,0,normal,23
normal_03151,0,normal,20
normal_03152,0,normal,52
normal_03153,0,normal,60
normal_03154,0,normal,60
normal_03156,0,normal,7
normal_03157,0,normal,9
normal_03159,0,normal,23
normal_03160,0,normal,22
normal_03161,0,normal,47
normal_03162,0,normal,33
normal_03166,0,normal,16
normal_03167,0,normal,68
normal_03168,0,normal,6
normal_03169,0,normal,43
normal_03170,0,normal,51
normal_03171,0,normal,11
normal_03172,0,normal,26
normal_03173,0,normal,16
normal_03174,0,normal,36
normal_03175,0,normal,5
normal_03176,0,normal,20
normal_03177,0,normal,8
normal_03178,0,normal,15
normal_03179,0,normal,52
normal_03180,0,normal,11
normal_03181,0,normal,30
normal_03183,0,normal,11
normal_03185,0,normal,15
normal_03186,0,normal,8
normal_03188,0,normal,12
normal_03189,0,normal,14
normal_03190,0,normal,12
normal_03192,0,normal,25
normal_03193,0,normal,91
normal_03194,0,normal,23
normal_03197,0,normal,5
normal_03198,0,normal,53
normal_03199,0,normal,10
normal_03200,0,normal,68
ransomware_03201,1,ransomware,8
ransomware_03203,1,ransomware,10
ransomware_03204,1,ransomware,10
ransomware_03205,1,ransomware,88
ransomware_03206,1,ransomware,5
ransomware_03207,1,ransomware,21
ransomware_03208,1,ransomware,19
ransomware_03210,1,ransomware,5
ransomware_03212,1,ransomware,5
ransomware_03214,1,ransomware,33
ransomware_03215,1,ransomware,5
ransomware_03216,1,ransomware,6
ransomware_03218,1,ransomware,6
ransomware_03219,1,ransomware,30
ransomware_03220,1,ransomware,5
ransomware_03221,1,ransomware,12
ransomware_03222,1,ransomware,11
ransomware_03223,1,ransomware,5
ransomware_03227,1,ransomware,5
ransomware_03228,1,ransomware,81
ransomware_03229,1,ransomware,22
ransomware_03230,1,ransomware,50
ransomware_03231,1,ransomware,11
ransomware_03232,1,ransomware,5
ransomware_03234,1,ransomware,19
ransomware_03236,1,ransomware,10
ransomware_03238,1,ransomware,24
ransomware_03239,1,ransomware,23
ransomware_03240,1,ransomware,5
ransomware_03241,1,ransomware,23
ransomware_03243,1,ransomware,8
ransomware_03244,1,ransomware,10
ransomware_03245,1,ransomware,35
ransomware_03247,1,ransomware,5
ransomware_03248,1,ransomware,5
ransomware_03249,1,ransomware,13
ransomware_03250,1,ransomware,8
ransomware_03252,1,ransomware,28
ransomware_03253,1,ransomware,5
ransomware_03254,1,ransomware,24
ransomware_03255,1,ransomware,12
ransomware_03257,1,ransomware,8
ransomware_03259,1,ransomware,10
ransomware_03260,1,ransomware,10
ransomware_03261,1,ransomware,9
ransomware_03262,1,ransomware,7
ransomware_03263,1,ransomware,7
ransomware_03264,1,ransomware,24
ransomware_03265,1,ransomware,10
ransomware_03266,1,ransomware,10
ransomware_03267,1,ransomware,7
ransomware_03268,1,ransomware,5
ransomware_03269,1,ransomware,5
ransomware_03271,1,ransomware,5
ransomware_03272,1,ransomware,5
ransomware_03273,1,ransomware,5
ransomware_03274,1,ransomware,5
ransomware_03275,1,ransomware,45
ransomware_03276,1,ransomware,5
ransomware_03277,1,ransomware,8
ransomware_03278,1,ransomware,5
ransomware_03279,1,ransomware,16
ransomware_03280,1,ransomware,6
ransomware_03281,1,ransomware,17
ransomware_03282,1,ransomware,5
ransomware_03284,1,ransomware,5
ransomware_03286,1,ransomware,17
ransomware_03287,1,ransomware,5
ransomware_03288,1,ransomware,12
ransomware_03289,1,ransomware,20
ransomware_03290,1,ransomware,10
ransomware_03291,1,ransomware,5
ransomware_03293,1,ransomware,19
ransomware_03297,1,ransomware,11
ransomware_03299,1,ransomware,22
ransomware_03300,1,ransomware,5
ransomware_03301,1,ransomware,5
ransomware_03306,1,ransomware,70
ransomware_03307,1,ransomware,5
ransomware_03308,1,ransomware,10
ransomware_03309,1,ransomware,5
ransomware_03311,1,ransomware,5
ransomware_03312,1,ransomware,9
ransomware_03313,1,ransomware,10
ransomware_03314,1,ransomware,21
ransomware_03315,1,ransomware,15
ransomware_03316,1,ransomware,6
ransomware_03317,1,ransomware,18
ransomware_03318,1,ransomware,22
ransomware_03319,1,ransomware,15
ransomware_03320,1,ransomware,7
ransomware_03321,1,ransomware,8
ransomware_03322,1,ransomware,5
ransomware_03323,1,ransomware,21
ransomware_03324,1,ransomware,12
ransomware_03325,1,ransomware,20
ransomware_03326,1,ransomware,5
ransomware_03327,1,ransomware,5
ransomware_03329,1,ransomware,5
ransomware_03331,1,ransomware,5
ransomware_03332,1,ransomware,5
ransomware_03335,1,ransomware,19
ransomware_03337,1,ransomware,16
ransomware_03338,1,ransomware,11
ransomware_03339,1,ransomware,5
ransomware_03340,1,ransomware,10
ransomware_03341,1,ransomware,5
ransomware_03343,1,ransomware,6
ransomware_03344,1,ransomware,5
ransomware_03345,1,ransomware,5
ransomware_03347,1,ransomware,17
ransomware_03348,1,ransomware,5
ransomware_03349,1,ransomware,54
ransomware_03351,1,ransomware,22
ransomware_03352,1,ransomware,10
ransomware_03355,1,ransomware,12
ransomware_03356,1,ransomware,5
ransomware_03357,1,ransomware,10
ransomware_03360,1,ransomware,5
ransomware_03361,1,ransomware,5
ransomware_03362,1,ransomware,5
ransomware_03363,1,ransomware,33
ransomware_03364,1,ransomware,17
ransomware_03365,1,ransomware,5
ransomware_03368,1,ransomware,8
ransomware_03369,1,ransomware,30
ransomware_03370,1,ransomware,14
ransomware_03371,1,ransomware,15
ransomware_03372,1,ransomware,12
ransomware_03373,1,ransomware,5
ransomware_03374,1,ransomware,35
ransomware_03375,1,ransomware,6
ransomware_03377,1,ransomware,5
ransomware_03380,1,ransomware,21
ransomware_03381,1,ransomware,21
ransomware_03382,1,ransomware,9
ransomware_03383,1,ransomware,17
ransomware_03385,1,ransomware,13
ransomware_03387,1,ransomware,10
ransomware_03388,1,ransomware,8
ransomware_03389,1,ransomware,81
ransomware_03390,1,ransomware,5
ransomware_03391,1,ransomware,5
ransomware_03392,1,ransomware,14
ransomware_03393,1,ransomware,5
ransomware_03394,1,ransomware,5
ransomware_03395,1,ransomware,5
ransomware_03397,1,ransomware,6
ransomware_03398,1,ransomware,29
ransomware_03399,1,ransomware,9
ransomware_03400,1,ransomware,5
ransomware_03402,1,ransomware,5
ransomware_03405,1,ransomware,9
ransomware_03406,1,ransomware,9
ransomware_03407,1,ransomware,30
ransomware_03409,1,ransomware,7
ransomware_03410,1,ransomware,8
ransomware_03411,1,ransomware,5
ransomware_03412,1,ransomware,11
ransomware_03413,1,ransomware,19
ransomware_03414,1,ransomware,9
ransomware_03416,1,ransomware,6
ransomware_03417,1,ransomware,41
ransomware_03418,1,ransomware,31
ransomware_03419,1,ransomware,8
ransomware_03421,1,ransomware,14
ransomware_03422,1,ransomware,11
ransomware_03423,1,ransomware,5
ransomware_03425,1,ransomware,5
ransomware_03426,1,ransomware,11
ransomware_03427,1,ransomware,9
ransomware_03428,1,ransomware,5
ransomware_03429,1,ransomware,10
ransomware_03430,1,ransomware,27
ransomware_03431,1,ransomware,5
ransomware_03432,1,ransomware,5
ransomware_03433,1,ransomware,9
ransomware_03434,1,ransomware,12
ransomware_03436,1,ransomware,36
ransomware_03437,1,ransomware,10
ransomware_03438,1,ransomware,6
ransomware_03439,1,ransomware,20
ransomware_03440,1,ransomware,5
ransomware_03441,1,ransomware,48
ransomware_03442,1,ransomware,5
ransomware_03443,1,ransomware,5
ransomware_03444,1,ransomware,27
ransomware_03445,1,ransomware,10
ransomware_03446,1,ransomware,5
ransomware_03447,1,ransomware,34
ransomware_03449,1,ransomware,14
ransomware_03450,1,ransomware,6
ransomware_03451,1,ransomware,8
ransomware_03453,1,ransomware,13
ransomware_03455,1,ransomware,5
ransomware_03456,1,ransomware,5
ransomware_03457,1,ransomware,41
ransomware_03458,1,ransomware,5
ransomware_03459,1,ransomware,5
ransomware_03460,1,ransomware,22
ransomware_03462,1,ransomware,5
ransomware_03463,1,ransomware,34
ransomware_03464,1,ransomware,8
ransomware_03467,1,ransomware,5
ransomware_03468,1,ransomware,5
ransomware_03469,1,ransomware,8
ransomware_03470,1,ransomware,27
ransomware_03471,1,ransomware,10
ransomware_03472,1,ransomware,13
ransomware_03473,1,ransomware,16
ransomware_03474,1,ransomware,14
ransomware_03475,1,ransomware,5
ransomware_03476,1,ransomware,5
ransomware_03477,1,ransomware,13
ransomware_03480,1,ransomware,5
ransomware_03481,1,ransomware,29
ransomware_03482,1,ransomware,8
ransomware_03483,1,ransomware,12
ransomware_03485,1,ransomware,5
ransomware_03486,1,ransomware,5
ransomware_03487,1,ransomware,7
ransomware_03488,1,ransomware,5
ransomware_03489,1,ransomware,9
ransomware_03490,1,ransomware,7
ransomware_03492,1,ransomware,5
ransomware_03493,1,ransomware,38
ransomware_03494,1,ransomware,10
ransomware_03495,1,ransomware,9
ransomware_03496,1,ransomware,5
ransomware_03497,1,ransomware,5
ransomware_03498,1,ransomware,5
ransomware_03500,1,ransomware,8
ransomware_03501,1,ransomware,39
ransomware_03502,1,ransomware,17
ransomware_03503,1,ransomware,5
ransomware_03504,1,ransomware,54
ransomware_03505,1,ransomware,5
ransomware_03506,1,ransomware,6
ransomware_03507,1,ransomware,6
ransomware_03508,1,ransomware,13
ransomware_03509,1,ransomware,5
ransomware_03510,1,ransomware,35
ransomware_03511,1,ransomware,10
ransomware_03513,1,ransomware,9
ransomware_03514,1,ransomware,53
ransomware_03515,1,ransomware,7
ransomware_03516,1,ransomware,5
ransomware_03517,1,ransomware,15
ransomware_03518,1,ransomware,5
ransomware_03519,1,ransomware,16
ransomware_03520,1,ransomware,13
ransomware_03521,1,ransomware,20
ransomware_03522,1,ransomware,10
ransomware_03523,1,ransomware,6
ransomware_03524,1,ransomware,5
ransomware_03525,1,ransomware,8
ransomware_03526,1,ransomware,16
ransomware_03527,1,ransomware,16
ransomware_03529,1,ransomware,5
ransomware_03532,1,ransomware,5
ransomware_03533,1,ransomware,9
ransomware_03535,1,ransomware,5
ransomware_03537,1,ransomware,28
ransomware_03538,1,ransomware,8
ransomware_03539,1,ransomware,5
ransomware_03540,1,ransomware,5
ransomware_03541,1,ransomware,7
ransomware_03542,1,ransomware,5
ransomware_03543,1,ransomware,6
ransomware_03544,1,ransomware,9
ransomware_03545,1,ransomware,10
ransomware_03547,1,ransomware,17
ransomware_03549,1,ransomware,6
ransomware_03550,1,ransomware,5
ransomware_03551,1,ransomware,34
ransomware_03552,1,ransomware,81
ransomware_03553,1,ransomware,8
ransomware_03554,1,ransomware,22
ransomware_03555,1,ransomware,81
ransomware_03557,1,ransomware,11
ransomware_03558,1,ransomware,15
ransomware_03559,1,ransomware,5
ransomware_03560,1,ransomware,5
ransomware_03561,1,ransomware,14
ransomware_03562,1,ransomware,14
ransomware_03563,1,ransomware,8
ransomware_03564,1,ransomware,5
ransomware_03566,1,ransomware,5
ransomware_03567,1,ransomware,16
ransomware_03568,1,ransomware,5
ransomware_03569,1,ransomware,6
ransomware_03570,1,ransomware,10
ransomware_03571,1,ransomware,11
ransomware_03572,1,ransomware,10
ransomware_03573,1,ransomware,5
ransomware_03574,1,ransomware,18
ransomware_03575,1,ransomware,5
ransomware_03576,1,ransomware,9
ransomware_03577,1,ransomware,9
ransomware_03578,1,ransomware,10
ransomware_03579,1,ransomware,5
ransomware_03580,1,ransomware,16
ransomware_03581,1,ransomware,5
ransomware_03582,1,ransomware,14
ransomware_03583,1,ransomware,7
ransomware_03584,1,ransomware,5
ransomware_03589,1,ransomware,9
ransomware_03590,1,ransomware,19
ransomware_03591,1,ransomware,5
ransomware_03593,1,ransomware,10
ransomware_03594,1,ransomware,7
ransomware_03595,1,ransomware,5
ransomware_03596,1,ransomware,5
ransomware_03597,1,ransomware,5
ransomware_03598,1,ransomware,9
ransomware_03600,1,ransomware,21
ransomware_03601,1,ransomware,12
ransomware_03602,1,ransomware,17
ransomware_03603,1,ransomware,21
ransomware_03604,1,ransomware,24
ransomware_03605,1,ransomware,19
ransomware_03606,1,ransomware,5
ransomware_03607,1,ransomware,5
ransomware_03609,1,ransomware,5
ransomware_03611,1,ransomware,6
ransomware_03613,1,ransomware,48
ransomware_03614,1,ransomware,7
ransomware_03615,1,ransomware,9
ransomware_03616,1,ransomware,9
ransomware_03618,1,ransomware,22
ransomware_03619,1,ransomware,5
ransomware_03621,1,ransomware,6
ransomware_03622,1,ransomware,24
ransomware_03623,1,ransomware,5
ransomware_03624,1,ransomware,19
ransomware_03625,1,ransomware,5
ransomware_03626,1,ransomware,5
ransomware_03627,1,ransomware,5
ransomware_03628,1,ransomware,5
ransomware_03629,1,ransomware,5
ransomware_03630,1,ransomware,6
ransomware_03631,1,ransomware,42
ransomware_03632,1,ransomware,16
ransomware_03633,1,ransomware,5
ransomware_03634,1,ransomware,5
ransomware_03636,1,ransomware,5
ransomware_03638,1,ransomware,5
ransomware_03639,1,ransomware,17
ransomware_03640,1,ransomware,16
ransomware_03641,1,ransomware,51
ransomware_03642,1,ransomware,18
ransomware_03643,1,ransomware,5
ransomware_03644,1,ransomware,5
ransomware_03645,1,ransomware,13
ransomware_03646,1,ransomware,5
ransomware_03648,1,ransomware,5
ransomware_03649,1,ransomware,5
ransomware_03650,1,ransomware,11
ransomware_03651,1,ransomware,11
ransomware_03652,1,ransomware,5
ransomware_03653,1,ransomware,5
ransomware_03655,1,ransomware,5
ransomware_03656,1,ransomware,5
ransomware_03657,1,ransomware,20
ransomware_03658,1,ransomware,7
ransomware_03659,1,ransomware,25
ransomware_03660,1,ransomware,6
ransomware_03662,1,ransomware,6
ransomware_03664,1,ransomware,5
ransomware_03665,1,ransomware,7
ransomware_03666,1,ransomware,9
ransomware_03667,1,ransomware,5
ransomware_03668,1,ransomware,20
ransomware_03669,1,ransomware,20
ransomware_03670,1,ransomware,9
ransomware_03671,1,ransomware,8
ransomware_03672,1,ransomware,5
ransomware_03673,1,ransomware,9
ransomware_03676,1,ransomware,14
ransomware_03678,1,ransomware,6
ransomware_03680,1,ransomware,10
ransomware_03681,1,ransomware,19
ransomware_03683,1,ransomware,5
ransomware_03684,1,ransomware,6
ransomware_03686,1,ransomware,10
ransomware_03690,1,ransomware,9
ransomware_03691,1,ransomware,8
ransomware_03693,1,ransomware,7
ransomware_03694,1,ransomware,12
ransomware_03695,1,ransomware,18
ransomware_03696,1,ransomware,14
ransomware_03698,1,ransomware,17
ransomware_03699,1,ransomware,21
ransomware_03700,1,ransomware,7
ransomware_03702,1,ransomware,9
ransomware_03703,1,ransomware,5
ransomware_03704,1,ransomware,12
ransomware_03705,1,ransomware,5
ransomware_03706,1,ransomware,5
ransomware_03707,1,ransomware,23
ransomware_03708,1,ransomware,5
ransomware_03710,1,ransomware,30
ransomware_03711,1,ransomware,13
ransomware_03712,1,ransomware,21
ransomware_03713,1,ransomware,22
ransomware_03714,1,ransomware,5
ransomware_03715,1,ransomware,10
ransomware_03716,1,ransomware,7
ransomware_03717,1,ransomware,8
ransomware_03718,1,ransomware,5
ransomware_03719,1,ransomware,5
ransomware_03720,1,ransomware,7
ransomware_03721,1,ransomware,45
ransomware_03722,1,ransomware,5
ransomware_03725,1,ransomware,5
ransomware_03726,1,ransomware,11
ransomware_03727,1,ransomware,19
ransomware_03728,1,ransomware,10
ransomware_03730,1,ransomware,13
ransomware_03731,1,ransomware,12
ransomware_03733,1,ransomware,5
ransomware_03735,1,ransomware,31
ransomware_03736,1,ransomware,26
ransomware_03738,1,ransomware,12
ransomware_03740,1,ransomware,17
ransomware_03741,1,ransomware,5
ransomware_03742,1,ransomware,5
ransomware_03743,1,ransomware,8
ransomware_03744,1,ransomware,5
ransomware_03745,1,ransomware,25
ransomware_03747,1,ransomware,6
ransomware_03748,1,ransomware,7
ransomware_03749,1,ransomware,29
ransomware_03750,1,ransomware,7
ransomware_03751,1,ransomware,7
ransomware_03752,1,ransomware,5
ransomware_03753,1,ransomware,5
ransomware_03754,1,ransomware,7
ransomware_03755,1,ransomware,19
ransomware_03756,1,ransomware,17
ransomware_03758,1,ransomware,6
ransomware_03759,1,ransomware,5
ransomware_03760,1,ransomware,5
peeling_chain_03762,1,peeling_chain,54
peeling_chain_03763,1,peeling_chain,30
peeling_chain_03764,1,peeling_chain,13
peeling_chain_03765,1,peeling_chain,56
peeling_chain_03766,1,peeling_chain,10
peeling_chain_03767,1,peeling_chain,95
peeling_chain_03769,1,peeling_chain,47
peeling_chain_03770,1,peeling_chain,31
peeling_chain_03771,1,peeling_chain,38
peeling_chain_03772,1,peeling_chain,80
peeling_chain_03773,1,peeling_chain,13
peeling_chain_03774,1,peeling_chain,29
peeling_chain_03775,1,peeling_chain,20
peeling_chain_03777,1,peeling_chain,36
peeling_chain_03778,1,peeling_chain,11
peeling_chain_03779,1,peeling_chain,5
peeling_chain_03780,1,peeling_chain,16
peeling_chain_03781,1,peeling_chain,56
peeling_chain_03782,1,peeling_chain,81
peeling_chain_03783,1,peeling_chain,13
peeling_chain_03784,1,peeling_chain,12
peeling_chain_03785,1,peeling_chain,51
peeling_chain_03787,1,peeling_chain,26
peeling_chain_03792,1,peeling_chain,36
peeling_chain_03793,1,peeling_chain,30
peeling_chain_03794,1,peeling_chain,39
peeling_chain_03795,1,peeling_chain,41
peeling_chain_03796,1,peeling_chain,26
peeling_chain_03797,1,peeling_chain,97
peeling_chain_03798,1,peeling_chain,28
peeling_chain_03799,1,peeling_chain,37
peeling_chain_03800,1,peeling_chain,50
peeling_chain_03801,1,peeling_chain,22
peeling_chain_03802,1,peeling_chain,34
peeling_chain_03803,1,peeling_chain,11
peeling_chain_03804,1,peeling_chain,12
peeling_chain_03805,1,peeling_chain,31
peeling_chain_03806,1,peeling_chain,26
peeling_chain_03808,1,peeling_chain,15
peeling_chain_03809,1,peeling_chain,12
peeling_chain_03810,1,peeling_chain,33
peeling_chain_03811,1,peeling_chain,27
peeling_chain_03812,1,peeling_chain,59
peeling_chain_03814,1,peeling_chain,19
peeling_chain_03817,1,peeling_chain,35
peeling_chain_03818,1,peeling_chain,34
peeling_chain_03819,1,peeling_chain,7
peeling_chain_03822,1,peeling_chain,87
peeling_chain_03823,1,peeling_chain,53
peeling_chain_03824,1,peeling_chain,37
peeling_chain_03825,1,peeling_chain,43
peeling_chain_03826,1,peeling_chain,9
peeling_chain_03827,1,peeling_chain,5
peeling_chain_03830,1,peeling_chain,18
peeling_chain_03831,1,peeling_chain,5
peeling_chain_03832,1,peeling_chain,35
peeling_chain_03833,1,peeling_chain,29
peeling_chain_03835,1,peeling_chain,61
peeling_chain_03837,1,peeling_chain,39
peeling_chain_03838,1,peeling_chain,29
peeling_chain_03839,1,peeling_chain,47
peeling_chain_03840,1,peeling_chain,50
peeling_chain_03841,1,peeling_chain,17
peeling_chain_03842,1,peeling_chain,20
peeling_chain_03844,1,peeling_chain,81
peeling_chain_03845,1,peeling_chain,5
peeling_chain_03847,1,peeling_chain,36
peeling_chain_03848,1,peeling_chain,37
peeling_chain_03849,1,peeling_chain,8
peeling_chain_03850,1,peeling_chain,18
peeling_chain_03851,1,peeling_chain,84
peeling_chain_03852,1,peeling_chain,11
peeling_chain_03853,1,peeling_chain,17
peeling_chain_03854,1,peeling_chain,18
peeling_chain_03855,1,peeling_chain,38
peeling_chain_03856,1,peeling_chain,16
peeling_chain_03857,1,peeling_chain,66
peeling_chain_03859,1,peeling_chain,13
peeling_chain_03860,1,peeling_chain,40
peeling_chain_03861,1,peeling_chain,12
peeling_chain_03862,1,peeling_chain,21
peeling_chain_03863,1,peeling_chain,7
peeling_chain_03864,1,peeling_chain,13
peeling_chain_03866,1,peeling_chain,114
peeling_chain_03867,1,peeling_chain,44
peeling_chain_03869,1,peeling_chain,24
peeling_chain_03871,1,peeling_chain,18
peeling_chain_03872,1,peeling_chain,21
peeling_chain_03873,1,peeling_chain,37
peeling_chain_03874,1,peeling_chain,9
peeling_chain_03875,1,peeling_chain,16
peeling_chain_03876,1,peeling_chain,7
peeling_chain_03877,1,peeling_chain,29
peeling_chain_03878,1,peeling_chain,24
peeling_chain_03880,1,peeling_chain,31
peeling_chain_03882,1,peeling_chain,15
peeling_chain_03883,1,peeling_chain,49
peeling_chain_03885,1,peeling_chain,42
peeling_chain_03888,1,peeling_chain,109
peeling_chain_03889,1,peeling_chain,5
peeling_chain_03890,1,peeling_chain,71
peeling_chain_03892,1,peeling_chain,18
peeling_chain_03894,1,peeling_chain,10
peeling_chain_03895,1,peeling_chain,54
peeling_chain_03896,1,peeling_chain,22
peeling_chain_03897,1,peeling_chain,5
peeling_chain_03898,1,peeling_chain,28
peeling_chain_03899,1,peeling_chain,26
peeling_chain_03900,1,peeling_chain,14
peeling_chain_03902,1,peeling_chain,13
peeling_chain_03903,1,peeling_chain,11
peeling_chain_03905,1,peeling_chain,64
peeling_chain_03906,1,peeling_chain,64
peeling_chain_03907,1,peeling_chain,71
peeling_chain_03908,1,peeling_chain,39
peeling_chain_03909,1,peeling_chain,29
peeling_chain_03910,1,peeling_chain,42
peeling_chain_03911,1,peeling_chain,13
peeling_chain_03912,1,peeling_chain,28
peeling_chain_03913,1,peeling_chain,14
peeling_chain_03914,1,peeling_chain,5
peeling_chain_03915,1,peeling_chain,34
peeling_chain_03916,1,peeling_chain,13
peeling_chain_03917,1,peeling_chain,119
peeling_chain_03918,1,peeling_chain,113
peeling_chain_03919,1,peeling_chain,81
peeling_chain_03920,1,peeling_chain,58
peeling_chain_03921,1,peeling_chain,19
peeling_chain_03923,1,peeling_chain,19
peeling_chain_03924,1,peeling_chain,66
peeling_chain_03925,1,peeling_chain,18
peeling_chain_03926,1,peeling_chain,15
peeling_chain_03927,1,peeling_chain,20
peeling_chain_03928,1,peeling_chain,15
peeling_chain_03931,1,peeling_chain,7
peeling_chain_03932,1,peeling_chain,7
peeling_chain_03933,1,peeling_chain,7
peeling_chain_03934,1,peeling_chain,21
peeling_chain_03935,1,peeling_chain,27
peeling_chain_03936,1,peeling_chain,116
peeling_chain_03937,1,peeling_chain,23
peeling_chain_03938,1,peeling_chain,28
peeling_chain_03939,1,peeling_chain,68
peeling_chain_03941,1,peeling_chain,6
peeling_chain_03942,1,peeling_chain,43
peeling_chain_03943,1,peeling_chain,19
peeling_chain_03944,1,peeling_chain,30
peeling_chain_03945,1,peeling_chain,26
peeling_chain_03947,1,peeling_chain,50
peeling_chain_03948,1,peeling_chain,18
peeling_chain_03949,1,peeling_chain,15
peeling_chain_03951,1,peeling_chain,7
peeling_chain_03952,1,peeling_chain,66
peeling_chain_03953,1,peeling_chain,18
peeling_chain_03954,1,peeling_chain,16
peeling_chain_03956,1,peeling_chain,68
peeling_chain_03958,1,peeling_chain,82
peeling_chain_03959,1,peeling_chain,80
peeling_chain_03960,1,peeling_chain,43
peeling_chain_03961,1,peeling_chain,16
peeling_chain_03962,1,peeling_chain,14
peeling_chain_03963,1,peeling_chain,30
peeling_chain_03964,1,peeling_chain,38
peeling_chain_03965,1,peeling_chain,29
peeling_chain_03967,1,peeling_chain,10
peeling_chain_03968,1,peeling_chain,116
peeling_chain_03970,1,peeling_chain,53
peeling_chain_03973,1,peeling_chain,12
peeling_chain_03974,1,peeling_chain,15
peeling_chain_03976,1,peeling_chain,34
peeling_chain_03977,1,peeling_chain,14
peeling_chain_03978,1,peeling_chain,10
peeling_chain_03979,1,peeling_chain,29
peeling_chain_03980,1,peeling_chain,44
peeling_chain_03981,1,peeling_chain,5
peeling_chain_03982,1,peeling_chain,28
peeling_chain_03983,1,peeling_chain,22
peeling_chain_03984,1,peeling_chain,35
peeling_chain_03985,1,peeling_chain,24
peeling_chain_03986,1,peeling_chain,26
peeling_chain_03987,1,peeling_chain,192
peeling_chain_03988,1,peeling_chain,39
peeling_chain_03989,1,peeling_chain,10
peeling_chain_03990,1,peeling_chain,5
peeling_chain_03991,1,peeling_chain,22
peeling_chain_03992,1,peeling_chain,45
peeling_chain_03993,1,peeling_chain,40
peeling_chain_03994,1,peeling_chain,22
peeling_chain_03995,1,peeling_chain,13
peeling_chain_03996,1,peeling_chain,18
peeling_chain_03997,1,peeling_chain,17
peeling_chain_03998,1,peeling_chain,6
peeling_chain_03999,1,peeling_chain,25
peeling_chain_04000,1,peeling_chain,140
peeling_chain_04002,1,peeling_chain,11
peeling_chain_04003,1,peeling_chain,24
peeling_chain_04004,1,peeling_chain,24
peeling_chain_04005,1,peeling_chain,87
peeling_chain_04007,1,peeling_chain,52
peeling_chain_04008,1,peeling_chain,36
peeling_chain_04010,1,peeling_chain,27
peeling_chain_04013,1,peeling_chain,49
peeling_chain_04015,1,peeling_chain,28
peeling_chain_04017,1,peeling_chain,12
peeling_chain_04018,1,peeling_chain,26
peeling_chain_04020,1,peeling_chain,5
peeling_chain_04021,1,peeling_chain,19
peeling_chain_04022,1,peeling_chain,17
peeling_chain_04023,1,peeling_chain,7
peeling_chain_04024,1,peeling_chain,11
peeling_chain_04025,1,peeling_chain,40
peeling_chain_04027,1,peeling_chain,22
peeling_chain_04028,1,peeling_chain,202
peeling_chain_04029,1,peeling_chain,5
peeling_chain_04030,1,peeling_chain,5
peeling_chain_04031,1,peeling_chain,66
peeling_chain_04032,1,peeling_chain,9
peeling_chain_04033,1,peeling_chain,11
peeling_chain_04034,1,peeling_chain,5
peeling_chain_04035,1,peeling_chain,33
peeling_chain_04036,1,peeling_chain,7
peeling_chain_04037,1,peeling_chain,10
peeling_chain_04038,1,peeling_chain,13
peeling_chain_04039,1,peeling_chain,78
peeling_chain_04040,1,peeling_chain,9
peeling_chain_04041,1,peeling_chain,33
peeling_chain_04042,1,peeling_chain,8
peeling_chain_04043,1,peeling_chain,27
peeling_chain_04045,1,peeling_chain,16
peeling_chain_04046,1,peeling_chain,47
peeling_chain_04047,1,peeling_chain,103
peeling_chain_04048,1,peeling_chain,13
peeling_chain_04049,1,peeling_chain,73
peeling_chain_04050,1,peeling_chain,13
peeling_chain_04052,1,peeling_chain,101
peeling_chain_04053,1,peeling_chain,36
peeling_chain_04054,1,peeling_chain,32
peeling_chain_04058,1,peeling_chain,18
peeling_chain_04060,1,peeling_chain,20
peeling_chain_04062,1,peeling_chain,61
peeling_chain_04063,1,peeling_chain,35
peeling_chain_04064,1,peeling_chain,27
peeling_chain_04065,1,peeling_chain,18
peeling_chain_04066,1,peeling_chain,22
peeling_chain_04067,1,peeling_chain,86
peeling_chain_04068,1,peeling_chain,14
peeling_chain_04069,1,peeling_chain,42
peeling_chain_04070,1,peeling_chain,40
peeling_chain_04071,1,peeling_chain,57
peeling_chain_04072,1,peeling_chain,14
peeling_chain_04075,1,peeling_chain,67
peeling_chain_04076,1,peeling_chain,18
peeling_chain_04077,1,peeling_chain,25
peeling_chain_04079,1,peeling_chain,23
peeling_chain_04080,1,peeling_chain,9
peeling_chain_04081,1,peeling_chain,15
peeling_chain_04082,1,peeling_chain,10
peeling_chain_04083,1,peeling_chain,15
peeling_chain_04084,1,peeling_chain,19
peeling_chain_04085,1,peeling_chain,14
peeling_chain_04086,1,peeling_chain,22
peeling_chain_04087,1,peeling_chain,47
peeling_chain_04089,1,peeling_chain,30
peeling_chain_04090,1,peeling_chain,15
peeling_chain_04091,1,peeling_chain,45
peeling_chain_04093,1,peeling_chain,81
peeling_chain_04094,1,peeling_chain,76
peeling_chain_04096,1,peeling_chain,96
peeling_chain_04098,1,peeling_chain,80
peeling_chain_04099,1,peeling_chain,16
peeling_chain_04100,1,peeling_chain,35
peeling_chain_04101,1,peeling_chain,42
peeling_chain_04102,1,peeling_chain,54
peeling_chain_04103,1,peeling_chain,111
peeling_chain_04104,1,peeling_chain,92
peeling_chain_04105,1,peeling_chain,20
peeling_chain_04106,1,peeling_chain,17
peeling_chain_04107,1,peeling_chain,72
peeling_chain_04108,1,peeling_chain,6
peeling_chain_04109,1,peeling_chain,17
peeling_chain_04111,1,peeling_chain,40
peeling_chain_04113,1,peeling_chain,25
peeling_chain_04114,1,peeling_chain,118
peeling_chain_04116,1,peeling_chain,20
peeling_chain_04117,1,peeling_chain,5
peeling_chain_04118,1,peeling_chain,24
peeling_chain_04119,1,peeling_chain,69
peeling_chain_04121,1,peeling_chain,48
peeling_chain_04122,1,peeling_chain,17
peeling_chain_04123,1,peeling_chain,59
peeling_chain_04124,1,peeling_chain,78
peeling_chain_04125,1,peeling_chain,11
peeling_chain_04126,1,peeling_chain,30
peeling_chain_04129,1,peeling_chain,15
peeling_chain_04130,1,peeling_chain,11
peeling_chain_04131,1,peeling_chain,92
peeling_chain_04132,1,peeling_chain,48
peeling_chain_04133,1,peeling_chain,21
peeling_chain_04134,1,peeling_chain,28
peeling_chain_04135,1,peeling_chain,8
peeling_chain_04140,1,peeling_chain,22
peeling_chain_04141,1,peeling_chain,35
peeling_chain_04142,1,peeling_chain,57
peeling_chain_04143,1,peeling_chain,30
peeling_chain_04144,1,peeling_chain,16
peeling_chain_04145,1,peeling_chain,17
peeling_chain_04146,1,peeling_chain,22
peeling_chain_04147,1,peeling_chain,48
peeling_chain_04148,1,peeling_chain,7
peeling_chain_04150,1,peeling_chain,46
peeling_chain_04151,1,peeling_chain,13
peeling_chain_04152,1,peeling_chain,12
peeling_chain_04153,1,peeling_chain,41
peeling_chain_04154,1,peeling_chain,29
peeling_chain_04156,1,peeling_chain,51
peeling_chain_04157,1,peeling_chain,15
peeling_chain_04158,1,peeling_chain,34
peeling_chain_04159,1,peeling_chain,11
peeling_chain_04160,1,peeling_chain,25
peeling_chain_04161,1,peeling_chain,91
peeling_chain_04163,1,peeling_chain,90
peeling_chain_04164,1,peeling_chain,19
peeling_chain_04167,1,peeling_chain,13
peeling_chain_04168,1,peeling_chain,88
peeling_chain_04169,1,peeling_chain,6
peeling_chain_04171,1,peeling_chain,29
peeling_chain_04172,1,peeling_chain,54
peeling_chain_04173,1,peeling_chain,27
peeling_chain_04174,1,peeling_chain,20
peeling_chain_04177,1,peeling_chain,43
peeling_chain_04178,1,peeling_chain,17
peeling_chain_04179,1,peeling_chain,19
peeling_chain_04180,1,peeling_chain,94
peeling_chain_04181,1,peeling_chain,17
peeling_chain_04182,1,peeling_chain,25
peeling_chain_04184,1,peeling_chain,8
peeling_chain_04185,1,peeling_chain,10
peeling_chain_04186,1,peeling_chain,37
peeling_chain_04187,1,peeling_chain,19
peeling_chain_04188,1,peeling_chain,9
peeling_chain_04189,1,peeling_chain,18
peeling_chain_04190,1,peeling_chain,28
peeling_chain_04192,1,peeling_chain,66
peeling_chain_04193,1,peeling_chain,15
peeling_chain_04195,1,peeling_chain,5
peeling_chain_04196,1,peeling_chain,14
peeling_chain_04197,1,peeling_chain,57
peeling_chain_04198,1,peeling_chain,31
peeling_chain_04199,1,peeling_chain,92
peeling_chain_04200,1,peeling_chain,45
peeling_chain_04201,1,peeling_chain,33
peeling_chain_04202,1,peeling_chain,57
peeling_chain_04203,1,peeling_chain,32
peeling_chain_04205,1,peeling_chain,61
peeling_chain_04206,1,peeling_chain,96
peeling_chain_04207,1,peeling_chain,106
peeling_chain_04208,1,peeling_chain,18
peeling_chain_04209,1,peeling_chain,14
peeling_chain_04210,1,peeling_chain,30
peeling_chain_04211,1,peeling_chain,55
peeling_chain_04212,1,peeling_chain,54
peeling_chain_04213,1,peeling_chain,11
peeling_chain_04216,1,peeling_chain,92
peeling_chain_04217,1,peeling_chain,5
peeling_chain_04218,1,peeling_chain,121
peeling_chain_04220,1,peeling_chain,12
peeling_chain_04221,1,peeling_chain,7
peeling_chain_04222,1,peeling_chain,14
peeling_chain_04223,1,peeling_chain,49
peeling_chain_04224,1,peeling_chain,43
peeling_chain_04225,1,peeling_chain,42
peeling_chain_04226,1,peeling_chain,69
peeling_chain_04227,1,peeling_chain,24
peeling_chain_04229,1,peeling_chain,58
peeling_chain_04230,1,peeling_chain,18
peeling_chain_04232,1,peeling_chain,10
peeling_chain_04233,1,peeling_chain,35
peeling_chain_04234,1,peeling_chain,9
peeling_chain_04235,1,peeling_chain,24
peeling_chain_04236,1,peeling_chain,6
peeling_chain_04238,1,peeling_chain,15
peeling_chain_04239,1,peeling_chain,19
peeling_chain_04240,1,peeling_chain,12
peeling_chain_04241,1,peeling_chain,47
peeling_chain_04243,1,peeling_chain,11
peeling_chain_04244,1,peeling_chain,16
peeling_chain_04245,1,peeling_chain,66
peeling_chain_04246,1,peeling_chain,22
peeling_chain_04249,1,peeling_chain,154
peeling_chain_04250,1,peeling_chain,33
peeling_chain_04251,1,peeling_chain,39
peeling_chain_04253,1,peeling_chain,27
peeling_chain_04254,1,peeling_chain,10
peeling_chain_04255,1,peeling_chain,21
peeling_chain_04256,1,peeling_chain,51
peeling_chain_04257,1,peeling_chain,29
peeling_chain_04258,1,peeling_chain,6
peeling_chain_04260,1,peeling_chain,18
peeling_chain_04261,1,peeling_chain,45
peeling_chain_04263,1,peeling_chain,56
peeling_chain_04264,1,peeling_chain,5
peeling_chain_04267,1,peeling_chain,54
peeling_chain_04268,1,peeling_chain,14
peeling_chain_04269,1,peeling_chain,54
peeling_chain_04270,1,peeling_chain,33
peeling_chain_04271,1,peeling_chain,35
peeling_chain_04272,1,peeling_chain,26
peeling_chain_04274,1,peeling_chain,31
peeling_chain_04275,1,peeling_chain,31
peeling_chain_04277,1,peeling_chain,17
peeling_chain_04278,1,peeling_chain,40
peeling_chain_04279,1,peeling_chain,134
peeling_chain_04280,1,peeling_chain,24
peeling_chain_04281,1,peeling_chain,6
peeling_chain_04283,1,peeling_chain,25
peeling_chain_04284,1,peeling_chain,10
peeling_chain_04285,1,peeling_chain,73
peeling_chain_04286,1,peeling_chain,31
peeling_chain_04290,1,peeling_chain,17
peeling_chain_04291,1,peeling_chain,27
peeling_chain_04292,1,peeling_chain,14
peeling_chain_04293,1,peeling_chain,49
peeling_chain_04294,1,peeling_chain,64
peeling_chain_04295,1,peeling_chain,16
peeling_chain_04296,1,peeling_chain,22
peeling_chain_04297,1,peeling_chain,7
peeling_chain_04298,1,peeling_chain,17
peeling_chain_04299,1,peeling_chain,7
peeling_chain_04300,1,peeling_chain,45
peeling_chain_04301,1,peeling_chain,25
peeling_chain_04302,1,peeling_chain,35
peeling_chain_04303,1,peeling_chain,15
peeling_chain_04304,1,peeling_chain,29
peeling_chain_04305,1,peeling_chain,51
peeling_chain_04307,1,peeling_chain,60
peeling_chain_04308,1,peeling_chain,56
peeling_chain_04309,1,peeling_chain,18
peeling_chain_04310,1,peeling_chain,5
peeling_chain_04311,1,peeling_chain,8
peeling_chain_04312,1,peeling_chain,9
peeling_chain_04313,1,peeling_chain,10
peeling_chain_04314,1,peeling_chain,5
peeling_chain_04315,1,peeling_chain,9
peeling_chain_04318,1,peeling_chain,43
peeling_chain_04319,1,peeling_chain,29
layering_04321,1,layering,66
layering_04322,1,layering,6
layering_04323,1,layering,31
layering_04324,1,layering,51
layering_04325,1,layering,45
layering_04326,1,layering,33
layering_04329,1,layering,28
layering_04330,1,layering,51
layering_04331,1,layering,22
layering_04332,1,layering,5
layering_04333,1,layering,37
layering_04334,1,layering,47
layering_04336,1,layering,51
layering_04337,1,layering,52
layering_04338,1,layering,148
layering_04339,1,layering,112
layering_04340,1,layering,16
layering_04341,1,layering,18
layering_04342,1,layering,45
layering_04343,1,layering,16
layering_04344,1,layering,64
layering_04345,1,layering,85
layering_04347,1,layering,9
layering_04349,1,layering,34
layering_04350,1,layering,71
layering_04351,1,layering,5
layering_04352,1,layering,15
layering_04353,1,layering,20
layering_04354,1,layering,37
layering_04355,1,layering,34
layering_04356,1,layering,7
layering_04357,1,layering,13
layering_04358,1,layering,11
layering_04359,1,layering,8
layering_04360,1,layering,43
layering_04361,1,layering,10
layering_04362,1,layering,24
layering_04363,1,layering,16
layering_04368,1,layering,81
layering_04369,1,layering,15
layering_04370,1,layering,24
layering_04371,1,layering,26
layering_04372,1,layering,8
layering_04373,1,layering,9
layering_04374,1,layering,107
layering_04375,1,layering,8
layering_04377,1,layering,59
layering_04378,1,layering,57
layering_04379,1,layering,22
layering_04380,1,layering,14
layering_04383,1,layering,28
layering_04384,1,layering,38
layering_04385,1,layering,18
layering_04386,1,layering,38
layering_04387,1,layering,25
layering_04388,1,layering,29
layering_04389,1,layering,212
layering_04390,1,layering,87
layering_04391,1,layering,12
layering_04392,1,layering,21
layering_04393,1,layering,26
layering_04394,1,layering,20
layering_04395,1,layering,27
layering_04396,1,layering,29
layering_04397,1,layering,44
layering_04398,1,layering,12
layering_04399,1,layering,55
layering_04400,1,layering,17
layering_04401,1,layering,41
layering_04402,1,layering,17
layering_04403,1,layering,11
layering_04404,1,layering,24
layering_04407,1,layering,10
layering_04408,1,layering,5
layering_04409,1,layering,32
layering_04410,1,layering,9
layering_04411,1,layering,40
layering_04412,1,layering,16
layering_04413,1,layering,19
layering_04415,1,layering,50
layering_04416,1,layering,12
layering_04417,1,layering,56
layering_04418,1,layering,37
layering_04419,1,layering,41
layering_04420,1,layering,19
layering_04421,1,layering,6
layering_04423,1,layering,10
layering_04424,1,layering,10
layering_04425,1,layering,23
layering_04426,1,layering,11
layering_04427,1,layering,9
layering_04428,1,layering,18
layering_04429,1,layering,35
layering_04430,1,layering,24
layering_04431,1,layering,23
layering_04432,1,layering,10
layering_04433,1,layering,72
layering_04435,1,layering,18
layering_04436,1,layering,72
layering_04437,1,layering,40
layering_04438,1,layering,10
layering_04440,1,layering,24
layering_04441,1,layering,26
layering_04442,1,layering,13
layering_04443,1,layering,49
layering_04444,1,layering,5
layering_04445,1,layering,69
layering_04447,1,layering,30
layering_04448,1,layering,19
layering_04449,1,layering,75
layering_04451,1,layering,9
layering_04453,1,layering,5
layering_04454,1,layering,18
layering_04455,1,layering,108
layering_04457,1,layering,65
layering_04458,1,layering,27
layering_04459,1,layering,5
layering_04461,1,layering,14
layering_04462,1,layering,17
layering_04463,1,layering,29
layering_04464,1,layering,18
layering_04465,1,layering,10
layering_04467,1,layering,16
layering_04469,1,layering,51
layering_04470,1,layering,27
layering_04471,1,layering,16
layering_04472,1,layering,47
layering_04473,1,layering,15
layering_04474,1,layering,37
layering_04475,1,layering,8
layering_04476,1,layering,106
layering_04478,1,layering,98
layering_04481,1,layering,76
layering_04482,1,layering,28
layering_04483,1,layering,13
layering_04484,1,layering,34
layering_04485,1,layering,9
layering_04486,1,layering,6
layering_04487,1,layering,15
layering_04488,1,layering,13
layering_04489,1,layering,27
layering_04490,1,layering,35
layering_04491,1,layering,70
layering_04492,1,layering,43
layering_04493,1,layering,54
layering_04494,1,layering,17
layering_04495,1,layering,131
layering_04496,1,layering,91
layering_04497,1,layering,47
layering_04498,1,layering,23
layering_04500,1,layering,30
layering_04501,1,layering,15
layering_04503,1,layering,28
layering_04504,1,layering,16
layering_04505,1,layering,76
layering_04507,1,layering,5
layering_04508,1,layering,14
layering_04509,1,layering,24
layering_04510,1,layering,15
layering_04511,1,layering,13
layering_04512,1,layering,26
layering_04513,1,layering,20
layering_04514,1,layering,8
layering_04515,1,layering,17
layering_04516,1,layering,27
layering_04517,1,layering,19
layering_04518,1,layering,17
layering_04519,1,layering,30
layering_04520,1,layering,17
layering_04522,1,layering,8
layering_04523,1,layering,299
layering_04524,1,layering,19
layering_04525,1,layering,19
layering_04526,1,layering,27
layering_04528,1,layering,5
layering_04529,1,layering,145
layering_04532,1,layering,27
layering_04533,1,layering,81
layering_04534,1,layering,22
layering_04535,1,layering,11
layering_04536,1,layering,19
layering_04538,1,layering,86
layering_04539,1,layering,15
layering_04540,1,layering,10
layering_04541,1,layering,24
layering_04542,1,layering,14
layering_04543,1,layering,26
layering_04544,1,layering,109
layering_04545,1,layering,37
layering_04546,1,layering,29
layering_04547,1,layering,28
layering_04548,1,layering,28
layering_04550,1,layering,11
layering_04552,1,layering,62
layering_04554,1,layering,7
layering_04556,1,layering,39
layering_04557,1,layering,29
layering_04558,1,layering,6
layering_04559,1,layering,87
layering_04560,1,layering,13
layering_04561,1,layering,20
layering_04562,1,layering,25
layering_04563,1,layering,31
layering_04564,1,layering,224
layering_04565,1,layering,63
layering_04566,1,layering,6
layering_04567,1,layering,15
layering_04568,1,layering,9
layering_04570,1,layering,8
layering_04571,1,layering,21
layering_04572,1,layering,18
layering_04573,1,layering,44
layering_04574,1,layering,21
layering_04575,1,layering,20
layering_04576,1,layering,11
layering_04578,1,layering,14
layering_04580,1,layering,6
layering_04581,1,layering,56
layering_04582,1,layering,40
layering_04583,1,layering,52
layering_04584,1,layering,25
layering_04585,1,layering,54
layering_04587,1,layering,31
layering_04589,1,layering,26
layering_04590,1,layering,48
layering_04591,1,layering,10
layering_04592,1,layering,174
layering_04593,1,layering,21
layering_04597,1,layering,118
layering_04599,1,layering,28
layering_04600,1,layering,39
layering_04601,1,layering,24
layering_04602,1,layering,16
layering_04604,1,layering,39
layering_04605,1,layering,32
layering_04606,1,layering,127
layering_04609,1,layering,25
layering_04610,1,layering,21
layering_04611,1,layering,30
layering_04612,1,layering,12
layering_04613,1,layering,300
layering_04614,1,layering,43
layering_04615,1,layering,9
layering_04616,1,layering,18
layering_04617,1,layering,81
layering_04618,1,layering,16
layering_04619,1,layering,28
layering_04620,1,layering,17
layering_04621,1,layering,9
layering_04622,1,layering,24
layering_04623,1,layering,10
layering_04624,1,layering,14
layering_04625,1,layering,13
layering_04626,1,layering,12
layering_04627,1,layering,20
layering_04628,1,layering,26
layering_04629,1,layering,95
layering_04631,1,layering,14
layering_04632,1,layering,17
layering_04633,1,layering,15
layering_04634,1,layering,43
layering_04635,1,layering,155
layering_04637,1,layering,135
layering_04639,1,layering,64
layering_04640,1,layering,9
layering_04643,1,layering,17
layering_04644,1,layering,60
layering_04645,1,layering,11
layering_04646,1,layering,25
layering_04648,1,layering,20
layering_04649,1,layering,40
layering_04650,1,layering,53
layering_04652,1,layering,32
layering_04653,1,layering,22
layering_04654,1,layering,41
layering_04655,1,layering,13
layering_04656,1,layering,37
layering_04657,1,layering,10
layering_04658,1,layering,39
layering_04659,1,layering,41
layering_04660,1,layering,17
layering_04661,1,layering,57
layering_04662,1,layering,26
layering_04663,1,layering,15
layering_04665,1,layering,79
layering_04666,1,layering,99
layering_04667,1,layering,38
layering_04668,1,layering,14
layering_04669,1,layering,17
layering_04670,1,layering,55
layering_04671,1,layering,44
layering_04672,1,layering,12
layering_04674,1,layering,30
layering_04675,1,layering,49
layering_04676,1,layering,44
layering_04677,1,layering,75
layering_04678,1,layering,55
layering_04680,1,layering,54
layering_04682,1,layering,66
layering_04683,1,layering,50
layering_04684,1,layering,173
layering_04685,1,layering,62
layering_04686,1,layering,37
layering_04687,1,layering,39
layering_04688,1,layering,20
layering_04689,1,layering,6
layering_04690,1,layering,32
layering_04691,1,layering,127
layering_04692,1,layering,19
layering_04693,1,layering,139
layering_04694,1,layering,10
layering_04695,1,layering,39
layering_04697,1,layering,8
layering_04699,1,layering,16
layering_04700,1,layering,49
layering_04704,1,layering,60
layering_04705,1,layering,32
layering_04706,1,layering,22
layering_04708,1,layering,43
layering_04710,1,layering,31
layering_04711,1,layering,100
layering_04712,1,layering,12
layering_04713,1,layering,9
layering_04717,1,layering,15
layering_04719,1,layering,48
layering_04720,1,layering,10
layering_04722,1,layering,10
layering_04724,1,layering,274
layering_04725,1,layering,18
layering_04727,1,layering,18
layering_04730,1,layering,83
layering_04731,1,layering,27
layering_04732,1,layering,18
layering_04734,1,layering,13
layering_04735,1,layering,15
layering_04736,1,layering,22
layering_04738,1,layering,25
layering_04739,1,layering,8
layering_04740,1,layering,7
layering_04741,1,layering,126
layering_04742,1,layering,18
layering_04743,1,layering,14
layering_04744,1,layering,21
layering_04746,1,layering,146
layering_04747,1,layering,79
layering_04748,1,layering,29
layering_04749,1,layering,64
layering_04750,1,layering,48
layering_04751,1,layering,37
layering_04756,1,layering,28
layering_04757,1,layering,11
layering_04758,1,layering,10
layering_04759,1,layering,49
layering_04760,1,layering,82
layering_04761,1,layering,32
layering_04762,1,layering,11
layering_04763,1,layering,15
layering_04764,1,layering,47
layering_04766,1,layering,59
layering_04768,1,layering,9
layering_04769,1,layering,7
layering_04772,1,layering,47
layering_04773,1,layering,26
layering_04774,1,layering,25
layering_04775,1,layering,45
layering_04776,1,layering,100
layering_04777,1,layering,19
layering_04778,1,layering,30
layering_04779,1,layering,34
layering_04780,1,layering,11
layering_04781,1,layering,22
layering_04782,1,layering,11
layering_04783,1,layering,5
layering_04784,1,layering,33
layering_04785,1,layering,14
layering_04786,1,layering,8
layering_04787,1,layering,22
layering_04788,1,layering,46
layering_04790,1,layering,14
layering_04791,1,layering,82
layering_04793,1,layering,14
layering_04794,1,layering,43
layering_04795,1,layering,12
layering_04796,1,layering,58
layering_04797,1,layering,27
layering_04799,1,layering,20
layering_04800,1,layering,16
layering_04801,1,layering,6
layering_04802,1,layering,26
layering_04804,1,layering,41
layering_04806,1,layering,39
layering_04807,1,layering,17
layering_04808,1,layering,17
layering_04809,1,layering,16
layering_04811,1,layering,14
layering_04812,1,layering,20
layering_04813,1,layering,50
layering_04815,1,layering,33
layering_04817,1,layering,17
layering_04818,1,layering,16
layering_04819,1,layering,80
layering_04820,1,layering,56
layering_04822,1,layering,43
layering_04823,1,layering,21
layering_04824,1,layering,21
layering_04825,1,layering,37
layering_04826,1,layering,30
layering_04827,1,layering,5
layering_04828,1,layering,18
layering_04829,1,layering,121
layering_04831,1,layering,25
layering_04832,1,layering,115
layering_04834,1,layering,15
layering_04835,1,layering,13
layering_04837,1,layering,50
layering_04839,1,layering,26
layering_04840,1,layering,5
layering_04842,1,layering,102
layering_04844,1,layering,37
layering_04845,1,layering,13
layering_04846,1,layering,15
layering_04847,1,layering,106
layering_04848,1,layering,20
layering_04850,1,layering,32
layering_04852,1,layering,43
layering_04854,1,layering,34
layering_04856,1,layering,8
layering_04857,1,layering,46
layering_04858,1,layering,10
layering_04859,1,layering,15
layering_04861,1,layering,9
layering_04864,1,layering,45
layering_04865,1,layering,31
layering_04866,1,layering,14
layering_04867,1,layering,32
layering_04868,1,layering,10
layering_04869,1,layering,13
layering_04871,1,layering,30
layering_04872,1,layering,26
layering_04874,1,layering,43
layering_04875,1,layering,29
layering_04876,1,layering,38
layering_04877,1,layering,18
layering_04878,1,layering,37
layering_04880,1,layering,8
mixing_04882,1,mixing,27
mixing_04883,1,mixing,123
mixing_04885,1,mixing,57
mixing_04886,1,mixing,19
mixing_04887,1,mixing,24
mixing_04889,1,mixing,118
mixing_04891,1,mixing,18
mixing_04892,1,mixing,13
mixing_04894,1,mixing,8
mixing_04895,1,mixing,58
mixing_04896,1,mixing,112
mixing_04897,1,mixing,11
mixing_04899,1,mixing,113
mixing_04901,1,mixing,24
mixing_04902,1,mixing,114
mixing_04903,1,mixing,22
mixing_04904,1,mixing,11
mixing_04905,1,mixing,18
mixing_04906,1,mixing,26
mixing_04907,1,mixing,20
mixing_04908,1,mixing,22
mixing_04909,1,mixing,82
mixing_04912,1,mixing,39
mixing_04913,1,mixing,35
mixing_04914,1,mixing,59
mixing_04915,1,mixing,17
mixing_04917,1,mixing,29
mixing_04919,1,mixing,18
mixing_04920,1,mixing,49
mixing_04921,1,mixing,12
mixing_04922,1,mixing,12
mixing_04923,1,mixing,70
mixing_04924,1,mixing,90
mixing_04925,1,mixing,22
mixing_04926,1,mixing,66
mixing_04928,1,mixing,300
mixing_04929,1,mixing,25
mixing_04930,1,mixing,8
mixing_04931,1,mixing,27
mixing_04932,1,mixing,30
mixing_04935,1,mixing,14
mixing_04936,1,mixing,66
mixing_04938,1,mixing,8
mixing_04939,1,mixing,70
mixing_04940,1,mixing,10
mixing_04941,1,mixing,23
mixing_04942,1,mixing,13
mixing_04943,1,mixing,36
mixing_04944,1,mixing,18
mixing_04945,1,mixing,22
mixing_04946,1,mixing,52
mixing_04947,1,mixing,12
mixing_04949,1,mixing,32
mixing_04950,1,mixing,14
mixing_04951,1,mixing,146
mixing_04953,1,mixing,48
mixing_04954,1,mixing,34
mixing_04955,1,mixing,24
mixing_04956,1,mixing,10
mixing_04957,1,mixing,24
mixing_04958,1,mixing,12
mixing_04959,1,mixing,5
mixing_04960,1,mixing,28
mixing_04961,1,mixing,32
mixing_04963,1,mixing,71
mixing_04965,1,mixing,24
mixing_04966,1,mixing,24
mixing_04967,1,mixing,36
mixing_04968,1,mixing,12
mixing_04970,1,mixing,29
mixing_04971,1,mixing,20
mixing_04973,1,mixing,13
mixing_04974,1,mixing,24
mixing_04975,1,mixing,43
mixing_04976,1,mixing,32
mixing_04977,1,mixing,45
mixing_04978,1,mixing,186
mixing_04979,1,mixing,23
mixing_04980,1,mixing,62
mixing_04981,1,mixing,15
mixing_04982,1,mixing,12
mixing_04985,1,mixing,8
mixing_04986,1,mixing,95
mixing_04987,1,mixing,9
mixing_04988,1,mixing,38
mixing_04989,1,mixing,69
mixing_04991,1,mixing,28
mixing_04992,1,mixing,74
mixing_04993,1,mixing,36
mixing_04994,1,mixing,26
mixing_04995,1,mixing,13
mixing_04998,1,mixing,17
mixing_04999,1,mixing,18
mixing_05001,1,mixing,12
mixing_05002,1,mixing,19
mixing_05003,1,mixing,11
mixing_05004,1,mixing,17
mixing_05005,1,mixing,79
mixing_05007,1,mixing,13
mixing_05008,1,mixing,30
mixing_05009,1,mixing,84
mixing_05010,1,mixing,24
mixing_05011,1,mixing,91
mixing_05012,1,mixing,76
mixing_05013,1,mixing,18
mixing_05014,1,mixing,37
mixing_05015,1,mixing,28
mixing_05016,1,mixing,22
mixing_05017,1,mixing,55
mixing_05018,1,mixing,8
mixing_05019,1,mixing,26
mixing_05020,1,mixing,8
mixing_05021,1,mixing,100
mixing_05022,1,mixing,28
mixing_05023,1,mixing,25
mixing_05024,1,mixing,90
mixing_05026,1,mixing,86
mixing_05027,1,mixing,24
mixing_05028,1,mixing,58
mixing_05029,1,mixing,26
mixing_05030,1,mixing,22
mixing_05031,1,mixing,29
mixing_05032,1,mixing,35
mixing_05033,1,mixing,5
mixing_05034,1,mixing,35
mixing_05035,1,mixing,37
mixing_05036,1,mixing,101
mixing_05037,1,mixing,22
mixing_05038,1,mixing,17
mixing_05040,1,mixing,30
mixing_05042,1,mixing,69
mixing_05043,1,mixing,70
mixing_05044,1,mixing,40
mixing_05046,1,mixing,29
mixing_05047,1,mixing,16
mixing_05048,1,mixing,49
mixing_05049,1,mixing,59
mixing_05050,1,mixing,39
mixing_05051,1,mixing,26
mixing_05052,1,mixing,24
mixing_05053,1,mixing,28
mixing_05054,1,mixing,17
mixing_05055,1,mixing,53
mixing_05056,1,mixing,17
mixing_05057,1,mixing,49
mixing_05060,1,mixing,19
mixing_05061,1,mixing,50
mixing_05062,1,mixing,46
mixing_05063,1,mixing,56
mixing_05064,1,mixing,21
mixing_05065,1,mixing,47
mixing_05066,1,mixing,18
mixing_05067,1,mixing,71
mixing_05068,1,mixing,46
mixing_05069,1,mixing,28
mixing_05070,1,mixing,35
mixing_05071,1,mixing,39
mixing_05072,1,mixing,13
mixing_05073,1,mixing,44
mixing_05076,1,mixing,32
mixing_05077,1,mixing,164
mixing_05078,1,mixing,46
mixing_05079,1,mixing,11
mixing_05081,1,mixing,51
mixing_05085,1,mixing,46
mixing_05086,1,mixing,21
mixing_05087,1,mixing,28
mixing_05089,1,mixing,22
mixing_05090,1,mixing,71
mixing_05091,1,mixing,23
mixing_05093,1,mixing,45
mixing_05094,1,mixing,38
mixing_05095,1,mixing,24
mixing_05097,1,mixing,46
mixing_05098,1,mixing,42
mixing_05099,1,mixing,30
mixing_05100,1,mixing,21
mixing_05102,1,mixing,40
mixing_05103,1,mixing,80
mixing_05104,1,mixing,37
mixing_05105,1,mixing,14
mixing_05106,1,mixing,23
mixing_05107,1,mixing,30
mixing_05108,1,mixing,48
mixing_05111,1,mixing,9
mixing_05113,1,mixing,33
mixing_05114,1,mixing,25
mixing_05115,1,mixing,80
mixing_05116,1,mixing,30
mixing_05117,1,mixing,12
mixing_05118,1,mixing,26
mixing_05119,1,mixing,18
mixing_05122,1,mixing,5
mixing_05123,1,mixing,61
mixing_05124,1,mixing,22
mixing_05125,1,mixing,27
mixing_05127,1,mixing,156
mixing_05128,1,mixing,300
mixing_05129,1,mixing,6
mixing_05130,1,mixing,18
mixing_05131,1,mixing,47
mixing_05132,1,mixing,24
mixing_05134,1,mixing,5
mixing_05135,1,mixing,18
mixing_05136,1,mixing,50
mixing_05137,1,mixing,7
mixing_05138,1,mixing,24
mixing_05139,1,mixing,43
mixing_05140,1,mixing,10
mixing_05141,1,mixing,14
mixing_05142,1,mixing,23
mixing_05143,1,mixing,20
mixing_05144,1,mixing,31
mixing_05146,1,mixing,15
mixing_05147,1,mixing,35
mixing_05148,1,mixing,20
mixing_05149,1,mixing,58
mixing_05150,1,mixing,127
mixing_05151,1,mixing,25
mixing_05152,1,mixing,13
mixing_05154,1,mixing,46
mixing_05155,1,mixing,9
mixing_05156,1,mixing,126
mixing_05157,1,mixing,79
mixing_05158,1,mixing,5
mixing_05160,1,mixing,27
mixing_05161,1,mixing,42
mixing_05162,1,mixing,25
mixing_05163,1,mixing,16
mixing_05164,1,mixing,25
mixing_05165,1,mixing,6
mixing_05166,1,mixing,43
mixing_05167,1,mixing,5
mixing_05168,1,mixing,23
mixing_05171,1,mixing,15
mixing_05172,1,mixing,104
mixing_05173,1,mixing,27
mixing_05175,1,mixing,33
mixing_05176,1,mixing,21
mixing_05178,1,mixing,29
mixing_05179,1,mixing,11
mixing_05180,1,mixing,32
mixing_05181,1,mixing,23
mixing_05182,1,mixing,155
mixing_05183,1,mixing,15
mixing_05184,1,mixing,22
mixing_05186,1,mixing,13
mixing_05187,1,mixing,34
mixing_05188,1,mixing,112
mixing_05190,1,mixing,37
mixing_05191,1,mixing,41
mixing_05192,1,mixing,9
mixing_05193,1,mixing,18
mixing_05194,1,mixing,6
mixing_05195,1,mixing,7
mixing_05196,1,mixing,17
mixing_05197,1,mixing,49
mixing_05198,1,mixing,47
mixing_05199,1,mixing,16
mixing_05200,1,mixing,87
mixing_05201,1,mixing,118
mixing_05202,1,mixing,36
mixing_05203,1,mixing,120
mixing_05204,1,mixing,36
mixing_05205,1,mixing,19
mixing_05206,1,mixing,10
mixing_05208,1,mixing,55
mixing_05209,1,mixing,8
mixing_05210,1,mixing,8
mixing_05211,1,mixing,37
mixing_05212,1,mixing,30
mixing_05213,1,mixing,40
mixing_05214,1,mixing,7
mixing_05216,1,mixing,21
mixing_05217,1,mixing,30
mixing_05218,1,mixing,41
mixing_05219,1,mixing,56
mixing_05220,1,mixing,5
mixing_05221,1,mixing,28
mixing_05223,1,mixing,300
mixing_05224,1,mixing,14
mixing_05225,1,mixing,76
mixing_05226,1,mixing,31
mixing_05227,1,mixing,11
mixing_05228,1,mixing,14
mixing_05229,1,mixing,22
mixing_05230,1,mixing,11
mixing_05231,1,mixing,22
mixing_05232,1,mixing,33
mixing_05233,1,mixing,8
mixing_05234,1,mixing,95
mixing_05235,1,mixing,30
mixing_05236,1,mixing,45
mixing_05238,1,mixing,19
mixing_05239,1,mixing,93
mixing_05240,1,mixing,24
mixing_05241,1,mixing,49
mixing_05242,1,mixing,111
mixing_05243,1,mixing,121
mixing_05244,1,mixing,43
mixing_05245,1,mixing,22
mixing_05246,1,mixing,7
mixing_05247,1,mixing,6
mixing_05248,1,mixing,22
mixing_05249,1,mixing,23
mixing_05251,1,mixing,37
mixing_05252,1,mixing,50
mixing_05253,1,mixing,22
mixing_05254,1,mixing,22
mixing_05255,1,mixing,75
mixing_05256,1,mixing,19
mixing_05257,1,mixing,65
mixing_05259,1,mixing,23
mixing_05260,1,mixing,45
mixing_05262,1,mixing,102
mixing_05263,1,mixing,46
mixing_05264,1,mixing,57
mixing_05265,1,mixing,73
mixing_05267,1,mixing,12
mixing_05268,1,mixing,12
mixing_05269,1,mixing,28
mixing_05270,1,mixing,43
mixing_05271,1,mixing,25
mixing_05272,1,mixing,8
mixing_05273,1,mixing,57
mixing_05274,1,mixing,79
mixing_05275,1,mixing,51
mixing_05276,1,mixing,17
mixing_05278,1,mixing,48
mixing_05279,1,mixing,32
mixing_05280,1,mixing,96
mixing_05282,1,mixing,8
mixing_05283,1,mixing,16
mixing_05284,1,mixing,14
mixing_05285,1,mixing,300
mixing_05287,1,mixing,22
mixing_05288,1,mixing,20
mixing_05289,1,mixing,35
mixing_05290,1,mixing,5
mixing_05291,1,mixing,300
mixing_05292,1,mixing,22
mixing_05295,1,mixing,49
mixing_05296,1,mixing,69
mixing_05297,1,mixing,19
mixing_05299,1,mixing,16
mixing_05300,1,mixing,34
mixing_05301,1,mixing,35
mixing_05302,1,mixing,147
mixing_05303,1,mixing,13
mixing_05305,1,mixing,14
mixing_05307,1,mixing,46
mixing_05308,1,mixing,46
mixing_05311,1,mixing,29
mixing_05312,1,mixing,91
mixing_05313,1,mixing,28
mixing_05314,1,mixing,18
mixing_05315,1,mixing,17
mixing_05316,1,mixing,21
mixing_05317,1,mixing,177
mixing_05318,1,mixing,7
mixing_05319,1,mixing,28
mixing_05321,1,mixing,19
mixing_05323,1,mixing,32
mixing_05325,1,mixing,13
mixing_05327,1,mixing,136
mixing_05328,1,mixing,18
mixing_05329,1,mixing,18
mixing_05330,1,mixing,36
mixing_05331,1,mixing,9
mixing_05332,1,mixing,21
mixing_05333,1,mixing,16
mixing_05334,1,mixing,11
mixing_05336,1,mixing,120
mixing_05338,1,mixing,49
mixing_05339,1,mixing,23
mixing_05340,1,mixing,20
mixing_05342,1,mixing,30
mixing_05343,1,mixing,7
mixing_05344,1,mixing,15
mixing_05345,1,mixing,160
mixing_05346,1,mixing,55
mixing_05347,1,mixing,14
mixing_05349,1,mixing,13
mixing_05350,1,mixing,9
mixing_05352,1,mixing,39
mixing_05353,1,mixing,13
mixing_05354,1,mixing,12
mixing_05356,1,mixing,37
mixing_05357,1,mixing,30
mixing_05358,1,mixing,27
mixing_05359,1,mixing,18
mixing_05361,1,mixing,65
mixing_05362,1,mixing,18
mixing_05364,1,mixing,24
mixing_05366,1,mixing,24
mixing_05367,1,mixing,12
mixing_05368,1,mixing,22
mixing_05369,1,mixing,20
mixing_05370,1,mixing,19
mixing_05371,1,mixing,22
mixing_05372,1,mixing,54
mixing_05373,1,mixing,11
mixing_05374,1,mixing,37
mixing_05375,1,mixing,28
mixing_05376,1,mixing,20
mixing_05377,1,mixing,14
mixing_05378,1,mixing,18
mixing_05379,1,mixing,63
mixing_05380,1,mixing,7
mixing_05381,1,mixing,14
mixing_05383,1,mixing,18
mixing_05384,1,mixing,37
mixing_05385,1,mixing,154
mixing_05386,1,mixing,223
mixing_05387,1,mixing,8
mixing_05389,1,mixing,5
mixing_05390,1,mixing,50
mixing_05391,1,mixing,19
mixing_05392,1,mixing,26
mixing_05394,1,mixing,25
mixing_05395,1,mixing,35
mixing_05396,1,mixing,80
mixing_05397,1,mixing,9
mixing_05398,1,mixing,43
mixing_05399,1,mixing,24
mixing_05400,1,mixing,25
mixing_05401,1,mixing,23
mixing_05403,1,mixing,27
mixing_05404,1,mixing,10
mixing_05406,1,mixing,25
mixing_05407,1,mixing,13
mixing_05409,1,mixing,68
mixing_05410,1,mixing,11
mixing_05411,1,mixing,97
mixing_05412,1,mixing,11
mixing_05413,1,mixing,7
mixing_05414,1,mixing,60
mixing_05415,1,mixing,12
mixing_05416,1,mixing,31
mixing_05417,1,mixing,28
mixing_05418,1,mixing,24
mixing_05419,1,mixing,190
mixing_05420,1,mixing,41
mixing_05421,1,mixing,22
mixing_05422,1,mixing,5
mixing_05423,1,mixing,96
mixing_05424,1,mixing,39
mixing_05425,1,mixing,18
mixing_05426,1,mixing,19
mixing_05427,1,mixing,71
mixing_05429,1,mixing,36
mixing_05430,1,mixing,11
mixing_05431,1,mixing,13
mixing_05432,1,mixing,7
mixing_05435,1,mixing,15
mixing_05436,1,mixing,40
mixing_05437,1,mixing,86
mixing_05439,1,mixing,23
mixing_05440,1,mixing,53
